rollout/ep_rew_mean,time/fps,rollout/ep_len_mean,time/total_timesteps,time/time_elapsed,time/iterations,train/value_loss,train/learning_rate,train/loss,train/entropy_loss,train/n_updates,train/approx_kl,train/explained_variance,train/clip_range,train/policy_gradient_loss,train/clip_fraction,eval/mean_ep_length,eval/mean_reward
-45.27272715384615,990,153.80769230769232,4096,4,1,,,,,,,,,,,,
-43.755059924528304,878,152.39622641509433,8192,9,2,67.34527869224549,0.0003,35.49618148803711,-1.0743531376123427,10,0.008417321,-0.0016353130340576172,0.2,-0.009731105093669612,0.0630859375,,
,,,10000,,,101.407270860672,0.0003,44.34305953979492,-1.0614775985479354,20,0.007997859,0.08455044031143188,0.2,-0.010887236940470757,0.0917724609375,114.04,-17.941092876195906
-33.13119825,608,138.45454545454547,12288,20,3,,,,,,,,,,,,
-19.57699994,643,120.81,16384,25,4,144.4279845237732,0.0003,62.377254486083984,-1.0122888281941413,30,0.008485885,0.08888959884643555,0.2,-0.010453625177615323,0.075537109375,,
,,,20000,,,160.83751220703124,0.0003,100.20903778076172,-0.9671679779887199,40,0.0074739805,0.07928770780563354,0.2,-0.00924735297303414,0.0764404296875,94.48,-0.3794562411308289
-4.67981816,589,102.24,20480,34,5,,,,,,,,,,,,
4.05245457,615,89.63,24576,39,6,157.35344896316528,0.0003,79.28900909423828,-0.9565343424677849,50,0.0061635645,0.06748569011688232,0.2,-0.007625922124134377,0.048193359375,,
7.275090940000002,631,83.57,28672,45,7,170.2141960144043,0.0003,85.9655532836914,-0.9229176644235849,60,0.0068711983,0.056729674339294434,0.2,-0.004477989949737094,0.025390625,,
,,,30000,,,164.9750283241272,0.0003,72.10195922851562,-0.8890279721468687,70,0.005911989,0.12857794761657715,0.2,-0.005488965264521539,0.0549560546875,78.4,11.880725753307342
7.563727299999999,593,83.54,32768,55,8,,,,,,,,,,,,
3.2655454799999997,605,84.85,36864,60,9,175.2633292198181,0.0003,83.9300537109375,-0.9036834809929133,80,0.008537712,0.13868433237075806,0.2,-0.010673491364286747,0.0877685546875,,
,,,40000,,,157.6411664009094,0.0003,67.28558349609375,-0.8324995774775743,90,0.0056672604,0.1329236626625061,0.2,-0.004274403952877037,0.0317626953125,75.78,10.725089446306228
0.28790913000000073,582,87.16,40960,70,10,,,,,,,,,,,,
9.62645457,591,79.9,45056,76,11,184.09576997756957,0.0003,77.95487976074219,-0.884759110212326,100,0.002947356,0.18907088041305542,0.2,-0.0021910778363235296,0.02060546875,,
14.584272750000002,602,74.36,49152,81,12,172.55246496200562,0.0003,80.84635162353516,-0.8870139360427857,110,0.0054188487,0.17134332656860352,0.2,-0.004221239470643923,0.0329833984375,,
,,,50000,,,177.03883848190307,0.0003,77.5914077758789,-0.8845309995114803,120,0.0061918953,0.16745132207870483,0.2,-0.005012374713260215,0.0463623046875,74.46,13.029634898900985
13.56000003,585,73.46,53248,90,13,,,,,,,,,,,,
15.085000030000002,596,71.61,57344,96,14,154.0578709602356,0.0003,68.03248596191406,-0.8651797268539667,130,0.0058281454,0.25015711784362793,0.2,-0.006700491650553886,0.0444580078125,,
,,,60000,,,158.86926860809325,0.0003,86.9827880859375,-0.8670867785811425,140,0.005296951,0.2149999737739563,0.2,-0.004536691888642963,0.0355224609375,75.28,12.116725790500642
16.86909094,589,69.59,61440,104,15,,,,,,,,,,,,
14.591545479999997,600,71.71,65536,109,16,136.24358568191528,0.0003,61.98366928100586,-0.8526051469147206,150,0.0044965316,0.27150195837020874,0.2,-0.0035861924799974075,0.0197509765625,,
14.55163638,611,69.14,69632,113,17,151.79473333358766,0.0003,65.79374694824219,-0.8288835924118757,160,0.0054559223,0.24987173080444336,0.2,-0.006380111088219564,0.0561767578125,,
,,,70000,,,153.305664396286,0.0003,73.38004302978516,-0.7640702065080405,170,0.004465631,0.05840146541595459,0.2,-0.003671682368440088,0.02529296875,74.68,12.926725797653198
17.125818200000005,603,66.53,73728,122,18,,,,,,,,,,,,
12.181545480000002,610,71.03,77824,127,19,124.9944342136383,0.0003,62.66161346435547,-0.8436646934598684,180,0.0057577128,0.22994357347488403,0.2,-0.004878186248242855,0.0531005859375,,
,,,80000,,,129.82142486572266,0.0003,63.996341705322266,-0.7773866806179285,190,0.005814203,0.245830237865448,0.2,-0.002415439649485052,0.028857421875,62.88,18.101089519262313
11.780090929999998,606,71.64,81920,135,20,,,,,,,,,,,,
14.779454549999999,615,68.32,86016,139,21,135.44880537986757,0.0003,64.42343139648438,-0.8307750873267651,200,0.006319806,0.34003037214279175,0.2,-0.0032806751827592962,0.0340087890625,,
,,,90000,,,133.764466047287,0.0003,65.28862762451172,-0.7419855482876301,210,0.0042799152,0.2315557599067688,0.2,-0.004267081327270716,0.0389404296875,61.14,23.86490776181221
15.131818200000003,611,70.26,90112,147,22,,,,,,,,,,,,
15.696000029999999,618,69.34,94208,152,23,117.22081232070923,0.0003,50.64567565917969,-0.8149750337004662,220,0.0041382643,0.27561479806900024,0.2,-0.002807755142566748,0.0207275390625,,
8.43245458,625,74.95,98304,157,24,120.90579380989075,0.0003,53.905120849609375,-0.7883263036608696,230,0.00390338,0.24368643760681152,0.2,-0.0022421994450269266,0.019140625,,
,,,100000,,,110.11425547599792,0.0003,65.20864868164062,-0.748334463685751,240,0.0062258607,0.3473076820373535,0.2,-0.005669799989846069,0.0567626953125,70.7,11.553453158140183
8.841636390000001,614,75.24,102400,166,25,,,,,,,,,,,,
19.147818199999996,617,62.59,106496,172,26,148.8789765357971,0.0003,61.2733039855957,-0.7825374435633421,250,0.0040675076,0.38107383251190186,0.2,-0.0019478055561194195,0.02998046875,,
,,,110000,,,162.0018280506134,0.0003,79.75149536132812,-0.7213392686098814,260,0.0033636922,0.15747296810150146,0.2,-0.0023140079516451805,0.0224853515625,81.56,0.6654529786109924
26.04227274,606,57.1,110592,182,27,,,,,,,,,,,,
20.542545479999994,609,63.69,114688,188,28,125.4422086238861,0.0003,55.161563873291016,-0.7760607533156871,270,0.002925179,0.36556071043014526,0.2,-0.0033802167177782393,0.0304443359375,,
12.90590914,611,70.4,118784,194,29,138.19578714370726,0.0003,60.04730224609375,-0.772907231003046,280,0.0033673705,0.43158143758773804,0.2,-0.0017074605581001378,0.011376953125,,
,,,120000,,,125.55381665229797,0.0003,58.326595306396484,-0.6869084123522043,290,0.0058585745,0.39184701442718506,0.2,-0.005836634602746926,0.059326171875,70.5,14.297634946107864
22.20318183,603,61.67,122880,203,30,,,,,,,,,,,,
26.812363639999994,606,57.36,126976,209,31,128.66177411079406,0.0003,61.23104476928711,-0.7556473307311535,300,0.0046407646,0.3052547574043274,0.2,-0.0035228606408054474,0.027734375,,
,,,130000,,,106.679740858078,0.0003,47.7569465637207,-0.7165093641728163,310,0.005298524,0.12550991773605347,0.2,-0.005863408400909975,0.05673828125,67.28,16.641089525222778
18.91018184,600,65.98,131072,218,32,,,,,,,,,,,,
14.67290912,604,70.14,135168,223,33,93.85598945617676,0.0003,47.48975372314453,-0.7947307135909796,320,0.00475702,0.3220061659812927,0.2,-0.003299017269455362,0.0564697265625,,
20.482727290000003,607,64.51,139264,229,34,108.19175434112549,0.0003,48.13945007324219,-0.7863222319632769,330,0.0036793274,0.33938515186309814,0.2,-0.00228582819836447,0.040771484375,,
,,,140000,,,119.21417517662049,0.0003,55.70135498046875,-0.7711770176887512,340,0.003359659,0.33652377128601074,0.2,-0.0037676351988920943,0.0341064453125,55.36,27.092726019620894
22.3158182,604,62.21,143360,237,35,,,,,,,,,,,,
25.588909099999995,608,58.76,147456,242,36,124.94725151062012,0.0003,58.379642486572266,-0.7525561578571797,350,0.0042174,0.3546990156173706,0.2,-0.00332638393920206,0.0309814453125,,
,,,150000,,,111.83182101249695,0.0003,52.108299255371094,-0.7549867454916239,360,0.0046879044,0.21504628658294678,0.2,-0.004786635706113884,0.05,66.7,16.052180459499358
21.5159091,604,60.34,151552,250,37,,,,,,,,,,,,
20.0648182,607,61.35,155648,256,38,110.76497097015381,0.0003,49.101905822753906,-0.6998611032962799,370,0.004721214,0.19360148906707764,0.2,-0.003412190664676018,0.0388427734375,,
15.18045459,611,68.82,159744,261,39,99.09429364204406,0.0003,47.986507415771484,-0.7710273634642363,380,0.005212185,0.3734952211380005,0.2,-0.0034183322146418504,0.04658203125,,
,,,160000,,,119.25357785224915,0.0003,59.82048797607422,-0.7426568951457739,390,0.00510516,0.42464298009872437,0.2,-0.00356309860071633,0.04501953125,60.56,23.275816867351534
18.32218184,607,66.39,163840,269,40,,,,,,,,,,,,
15.741272749999998,610,68.68,167936,275,41,136.68137464523315,0.0003,81.42500305175781,-0.7036513470113277,400,0.0059220893,0.3848280906677246,0.2,-0.006314041239966173,0.0559326171875,,
,,,170000,,,157.85603222846984,0.0003,76.88652801513672,-0.7521244164556264,410,0.004711153,0.36862683296203613,0.2,-0.0029469538887497036,0.0361572265625,69.28,14.80054405927658
24.856090930000004,607,57.0,172032,283,42,,,,,,,,,,,,
13.792545480000001,611,67.51,176128,287,43,168.08581666946412,0.0003,81.04838562011719,-0.6964294299483299,420,0.005395662,0.3827590346336365,0.2,-0.006107535898627248,0.04833984375,,
,,,180000,,,159.39758038520813,0.0003,73.50765991210938,-0.7251108884811401,430,0.0037397612,0.35925447940826416,0.2,-0.0027819644048577173,0.02509765625,48.18,33.12290791630745
18.49900003,610,65.33,180224,295,44,,,,,,,,,,,,
20.87072729,614,59.62,184320,300,45,145.7286651134491,0.0003,71.65033721923828,-0.7274651169776917,440,0.0047449917,0.37757742404937744,0.2,-0.0022925091601791792,0.02080078125,,
20.7428182,613,60.44,188416,307,46,142.96693930625915,0.0003,65.93260192871094,-0.6948681939393282,450,0.0034452686,0.5642867088317871,0.2,-0.004363660739181796,0.0408935546875,,
,,,190000,,,159.0476939201355,0.0003,71.10287475585938,-0.7113144543021918,460,0.0054019294,0.38754427433013916,0.2,-0.005782158676447579,0.039697265625,54.66,27.872726027965545
20.567636390000004,608,62.35,192512,316,47,,,,,,,,,,,,
14.685090939999998,611,65.89,196608,321,48,159.15833859443666,0.0003,75.55824279785156,-0.7195282805711031,470,0.004394305,0.5168725252151489,0.2,-0.004415141315257642,0.0376220703125,,
,,,200000,,,169.16752004623413,0.0003,77.41055297851562,-0.6715844940394163,480,0.00497189,0.4612833261489868,0.2,-0.003547360696393298,0.0339111328125,70.28,13.1512713265419
23.12109094,605,59.06,200704,331,49,,,,,,,,,,,,
20.6687273,607,59.36,204800,337,50,163.48385653495788,0.0003,74.29927062988281,-0.665513490140438,490,0.003938102,0.34883368015289307,0.2,-0.004162288126826752,0.0384033203125,,
23.508272749999996,609,56.05,208896,342,51,142.85749459266663,0.0003,56.42829513549805,-0.6922093030065298,500,0.005365165,0.427876353263855,0.2,-0.00379386392669403,0.051708984375,,
,,,210000,,,134.59541244506835,0.0003,83.5764389038086,-0.6092436335980892,510,0.0048135296,0.18121373653411865,0.2,-0.004700549748667982,0.0454345703125,46.4,34.78999883890152
27.12063639,607,54.09,212992,350,52,,,,,,,,,,,,
21.807545490000006,609,59.84,217088,355,53,92.73269405364991,0.0003,46.95696258544922,-0.6686142403632402,520,0.0037543178,0.35559403896331787,0.2,-0.0036882724292809145,0.032275390625,,
,,,220000,,,119.01687669754028,0.0003,73.14412689208984,-0.6604336731135845,530,0.004231371,0.5409327745437622,0.2,-0.003070096203737194,0.03447265625,71.1,12.362180407047271
24.16018185,607,57.38,221184,364,54,,,,,,,,,,,,
33.102909100000005,610,47.63,225280,369,55,121.26701607704163,0.0003,57.16908645629883,-0.614657237008214,540,0.0044544702,0.42866766452789307,0.2,-0.0035907549943658525,0.0450439453125,,
27.553545480000004,613,53.67,229376,374,56,109.83111758232117,0.0003,51.192691802978516,-0.6082285273820162,550,0.003099642,0.38566577434539795,0.2,-0.003595258851419203,0.0324462890625,,
,,,230000,,,123.23068046569824,0.0003,58.78513717651367,-0.616284316033125,560,0.005109852,0.4417308568954468,0.2,-0.0043361569929402325,0.0451171875,48.24,32.90490791559219
17.66254549,612,63.95,233472,381,57,,,,,,,,,,,,
32.9139091,615,48.11,237568,386,58,125.11949758529663,0.0003,56.67985916137695,-0.6005305461585522,570,0.0040904228,0.5036836862564087,0.2,-0.002354697941336781,0.05361328125,,
,,,240000,,,103.13406219482422,0.0003,51.382652282714844,-0.579828516766429,580,0.004752461,0.33503103256225586,0.2,-0.004681310536398087,0.05419921875,60.02,22.241635071039198
30.527454560000002,613,49.43,241664,394,59,,,,,,,,,,,,
20.26345458,614,58.18,245760,400,60,105.33607277870178,0.0003,46.8435173034668,-0.5705708522349596,590,0.004913452,0.3564046025276184,0.2,-0.004458412418898661,0.046728515625,,
25.006000040000004,615,55.54,249856,405,61,102.79602942466735,0.0003,46.59248352050781,-0.5540786815807224,600,0.0033857364,0.42278963327407837,0.2,-0.0023649792667129075,0.02861328125,,
,,,250000,,,102.54343209266662,0.0003,47.07312774658203,-0.5946702443063259,610,0.0040236018,0.5439424514770508,0.2,-0.0033476043594419026,0.0377197265625,50.54,29.035635184049607
32.2078182,612,47.52,253952,414,62,,,,,,,,,,,,
28.873272750000005,614,51.88,258048,419,63,114.93120546340943,0.0003,53.21126937866211,-0.5815008316189051,620,0.0031261141,0.5681091547012329,0.2,-0.0029100039377226495,0.0294677734375,,
,,,260000,,,125.65699152946472,0.0003,55.81496810913086,-0.5662348624318838,630,0.0026646066,0.5693322420120239,0.2,-0.0031802397716091946,0.0250244140625,42.3,36.78690798640251
29.216818200000002,613,51.89,262144,427,64,,,,,,,,,,,,
26.68318183,615,54.87,266240,432,65,137.80749731063844,0.0003,70.062744140625,-0.5844346534460783,640,0.0035049499,0.5160909295082092,0.2,-0.002446802327176556,0.026611328125,,
,,,270000,,,134.23551630973816,0.0003,63.204803466796875,-0.5802500765770674,650,0.0032035129,0.46800899505615234,0.2,-0.0033930165838683022,0.0262939453125,46.92,33.167817029953
26.79009093,614,53.78,270336,439,66,,,,,,,,,,,,
28.179636379999998,617,52.61,274432,444,67,114.92403402328492,0.0003,58.671417236328125,-0.5582377912476659,660,0.003027079,0.45922422409057617,0.2,-0.0027514108587638475,0.0294189453125,,
34.1308182,619,45.26,278528,449,68,108.71350440979003,0.0003,46.66699981689453,-0.5650598682463169,670,0.0049624527,0.31922197341918945,0.2,-0.0038172116699570326,0.0544921875,,
,,,280000,,,116.01768012046814,0.0003,51.115074157714844,-0.5516594618558883,680,0.0044451123,0.4219907522201538,0.2,-0.0023564114439068363,0.0506591796875,59.02,21.96854418158531
27.06609092,618,53.65,282624,456,69,,,,,,,,,,,,
23.18981821,620,58.04,286720,461,70,100.8658260345459,0.0003,54.73808670043945,-0.5788757633417845,690,0.0038923356,0.4793608784675598,0.2,-0.0027724894549464806,0.048583984375,,
,,,290000,,,111.89745669364929,0.0003,62.34419631958008,-0.5782042279839515,700,0.0038676956,0.4628376364707947,0.2,-0.0030757832748349754,0.039990234375,50.98,31.395998784303664
30.209272740000007,619,50.26,290816,469,71,,,,,,,,,,,,
30.4137273,621,49.59,294912,474,72,85.71015238761902,0.0003,45.93730163574219,-0.5868904702365398,710,0.0049197776,0.34575873613357544,0.2,-0.003851136172306724,0.05400390625,,
27.245272750000005,623,53.79,299008,479,73,72.73100438117982,0.0003,35.594329833984375,-0.5912577524781227,720,0.0065317815,0.41732197999954224,0.2,-0.003713529053493403,0.0652587890625,,
,,,300000,,,106.83715353012084,0.0003,47.199092864990234,-0.6015521559864283,730,0.0042925784,0.5033689737319946,0.2,-0.0018719699117355048,0.046044921875,55.58,25.843635115623474
28.10263639,622,51.75,303104,487,74,,,,,,,,,,,,
34.21536364000001,624,46.0,307200,492,75,85.18632884025574,0.0003,42.175987243652344,-0.6011661689728498,740,0.0046410523,0.5325862169265747,0.2,-0.0026990881044184787,0.0388671875,,
,,,310000,,,97.22083168029785,0.0003,47.22309494018555,-0.5953765526413918,750,0.005218869,0.4168429374694824,0.2,-0.004125160486728419,0.0498291015625,64.12,17.375453219413757
24.73736365,623,56.43,311296,499,76,,,,,,,,,,,,
23.118727300000003,625,57.51,315392,504,77,96.86120014190674,0.0003,46.59199523925781,-0.6242178715765476,760,0.005152271,0.43858784437179565,0.2,-0.0030096556394710204,0.0490234375,,
27.748545479999997,627,52.72,319488,509,78,113.80887713432313,0.0003,49.86941909790039,-0.6402176842093468,770,0.0037945386,0.5045049786567688,0.2,-0.0011837063721031882,0.031640625,,
,,,320000,,,128.11438069343566,0.0003,60.867088317871094,-0.6121930364519358,780,0.0038798598,0.5505585670471191,0.2,-0.0032580162820522673,0.0333984375,57.7,24.857635090351106
33.74127273999999,626,45.92,323584,516,79,,,,,,,,,,,,
33.474636370000006,628,46.86,327680,521,80,83.3926560640335,0.0003,38.34051513671875,-0.5463101081550121,790,0.007238033,0.19367247819900513,0.2,-0.005027070178766735,0.0687255859375,,
,,,330000,,,74.81460497379302,0.0003,33.87685012817383,-0.5740395687520504,800,0.005525881,0.3281247615814209,0.2,-0.003013153123902157,0.049560546875,49.14,26.676907880306246
29.051181840000005,627,50.66,331776,528,81,,,,,,,,,,,,
30.207363649999998,629,49.77,335872,533,82,69.26294102668763,0.0003,27.848861694335938,-0.5973299439996481,810,0.0048623914,0.4423093795776367,0.2,-0.004491988380323164,0.0525634765625,,
28.88172729,631,52.18,339968,538,83,86.40308380126953,0.0003,43.611759185791016,-0.573041895031929,820,0.004035797,0.347420871257782,0.2,-0.0022689822988468224,0.0521484375,,
,,,340000,,,72.47110247612,0.0003,35.040836334228516,-0.605494874343276,830,0.0051507326,0.3657129406929016,0.2,-0.004101846434059553,0.059765625,58.78,22.030544184446335
25.280090939999994,630,55.22,344064,545,84,,,,,,,,,,,,
25.92536366,632,54.51,348160,550,85,85.89838786125183,0.0003,42.596397399902344,-0.6300904057919979,840,0.004599031,0.5544635653495789,0.2,-0.002404588345962111,0.041162109375,,
,,,350000,,,110.27822756767273,0.0003,53.244754791259766,-0.5936151299625635,850,0.004665911,0.5481363534927368,0.2,-0.0042710216017439965,0.0450927734375,56.48,25.05363510489464
25.545090949999995,630,54.47,352256,558,86,,,,,,,,,,,,
30.33854547,632,49.37,356352,563,87,115.89609341621399,0.0003,49.632816314697266,-0.6220045108348131,860,0.0033692862,0.6235830783843994,0.2,-0.003559350834984798,0.03349609375,,
,,,360000,,,107.15456013679504,0.0003,58.13620376586914,-0.5907259985804558,870,0.0044776574,0.48440027236938477,0.2,-0.0025804330070968717,0.0346923828125,60.24,20.50254416704178
30.58427275,631,49.51,360448,570,88,,,,,,,,,,,,
26.812909100000002,632,52.65,364544,575,89,108.09499778747559,0.0003,40.83074188232422,-0.598080001398921,880,0.00360002,0.550035834312439,0.2,-0.0032930976085481234,0.0495361328125,,
24.08836363,634,52.28,368640,580,90,123.33066849708557,0.0003,57.84065628051758,-0.5845775961875915,890,0.004007181,0.39732789993286133,0.2,-0.0030752974533243107,0.0407470703125,,
,,,370000,,,92.876993227005,0.0003,44.65266799926758,-0.5555573228746653,900,0.005289396,0.4419047236442566,0.2,-0.002264160545746563,0.0447265625,51.42,29.337816976308822
28.111272740000008,634,49.89,372736,587,91,,,,,,,,,,,,
26.42927275,635,55.01,376832,592,92,100.40630960464478,0.0003,51.01236343383789,-0.6268091324716807,910,0.004646091,0.47624337673187256,0.2,-0.0024399614805588497,0.049072265625,,
,,,380000,,,100.58321642875671,0.0003,33.60051345825195,-0.6537493173032999,920,0.0061577926,0.5122305154800415,0.2,-0.003797211070195772,0.06806640625,58.16,22.656544191837312
24.93954548000001,634,55.85,380928,600,93,,,,,,,,,,,,
29.092636380000002,636,51.7,385024,604,94,114.19566864967346,0.0003,44.26279067993164,-0.6310111027210951,930,0.0047881138,0.5280722379684448,0.2,-0.0030347633030032737,0.0567138671875,,
27.28218185,637,52.89,389120,610,95,124.2506706237793,0.0003,60.189064025878906,-0.641830375418067,940,0.005730604,0.33360642194747925,0.2,-0.004086099307460245,0.05888671875,,
,,,390000,,,96.88231320381165,0.0003,43.787776947021484,-0.6101065874099731,950,0.0027722858,0.5508537292480469,0.2,-0.001610371250717435,0.033837890625,51.04,29.701816980838775
29.0148182,636,48.35,393216,617,96,,,,,,,,,,,,
22.848000029999998,638,58.4,397312,622,97,107.85278606414795,0.0003,44.30195999145508,-0.5680729269981384,960,0.004675711,0.4632173180580139,0.2,-0.0023881105371401645,0.0418212890625,,
,,,400000,,,130.83871006965637,0.0003,67.16840362548828,-0.6583514224737883,970,0.008333338,0.49027419090270996,0.2,-0.0020880815995042213,0.063037109375,50.4,30.28381698846817
34.0799091,637,45.79,401408,629,98,,,,,,,,,,,,
30.545818200000003,638,49.86,405504,634,99,103.19371471405029,0.0003,49.72051239013672,-0.592173184081912,980,0.004839319,0.4112473726272583,0.2,-0.005467224800668191,0.05888671875,,
27.64654548,640,53.06,409600,639,100,113.40854496955872,0.0003,56.26103210449219,-0.6076638717204332,990,0.0037613288,0.45714807510375977,0.2,-0.0028449209596146828,0.03251953125,,
,,,410000,,,82.11209671497345,0.0003,41.123470306396484,-0.6421444453299046,1000,0.0056509767,0.4340721368789673,0.2,-0.004279016800865065,0.051171875,56.64,23.512544209957124
25.472545480000004,638,55.75,413696,647,101,,,,,,,,,,,,
29.874818180000002,639,48.9,417792,653,102,101.59784698486328,0.0003,40.5467643737793,-0.6101403281092643,1010,0.007234807,0.4720350503921509,0.2,-0.006485498393158195,0.0807861328125,,
,,,420000,,,79.49295022487641,0.0003,38.307064056396484,-0.5443159705027938,1020,0.0060426053,0.31728529930114746,0.2,-0.0029742235885350963,0.0538818359375,49.5,32.17690790057182
28.182818199999996,637,53.32,421888,661,103,,,,,,,,,,,,
30.071363650000002,638,51.33,425984,667,104,85.08830881118774,0.0003,35.33594512939453,-0.6246525716036558,1030,0.0051159756,0.36786407232284546,0.2,-0.0026436541869770736,0.0502685546875,,
,,,430000,,,85.09168782234192,0.0003,43.603660583496094,-0.6142080228775739,1040,0.004371614,0.4243471622467041,0.2,-0.004903492458106484,0.0648681640625,57.46,23.906544191837312
25.100000030000004,635,55.81,430080,676,105,,,,,,,,,,,,
24.89300003,636,55.42,434176,682,106,79.8328503370285,0.0003,37.200531005859375,-0.6449284661561251,1050,0.006398551,0.5120409727096558,0.2,-0.0023767369908455293,0.051611328125,,
21.620545489999998,637,59.79,438272,687,107,97.4477059841156,0.0003,43.685359954833984,-0.6098889280110598,1060,0.004596372,0.464325487613678,0.2,-0.0020860510674538093,0.058447265625,,
,,,440000,,,130.57634243965148,0.0003,70.88958740234375,-0.6285852670669556,1070,0.003704535,0.5700264573097229,0.2,-0.004248498872766504,0.0420654296875,43.72,35.437817068099974
21.435636399999993,635,60.79,442368,695,108,,,,,,,,,,,,
23.651545490000004,636,57.61,446464,701,109,117.47776470184326,0.0003,57.27678298950195,-0.639212305471301,1080,0.0063679274,0.5779494643211365,0.2,-0.0035328995742020196,0.04521484375,,
,,,450000,,,138.17218737602235,0.0003,59.57445526123047,-0.6478878438472748,1090,0.004837258,0.6141728162765503,0.2,-0.0024228312060586175,0.0376220703125,49.1,31.373817003965378
21.698545480000003,635,56.59,450560,709,110,,,,,,,,,,,,
22.244272750000004,635,53.55,454656,714,111,139.03801140785217,0.0003,77.67888641357422,-0.5765370775014163,1100,0.00315243,0.5232207775115967,0.2,-0.0020957596483640374,0.0310546875,,
29.066181850000003,636,51.01,458752,720,112,118.73162794113159,0.0003,48.72939682006836,-0.5720313688740134,1110,0.003104472,0.5973188281059265,0.2,-0.0010594836086966098,0.023681640625,,
,,,460000,,,153.75031595230104,0.0003,84.5376968383789,-0.585990822687745,1120,0.0044069495,0.5615829825401306,0.2,-0.004254525042779278,0.045458984375,46.02,29.055998818874357
29.7259091,635,48.59,462848,728,113,,,,,,,,,,,,
28.755181840000006,636,51.38,466944,733,114,150.20140252113342,0.0003,68.75096130371094,-0.5569723021239043,1130,0.0040833517,0.4820776581764221,0.2,-0.002721138374181464,0.0353271484375,,
,,,470000,,,119.03695859909058,0.0003,63.28174591064453,-0.6086607415229082,1140,0.0035640944,0.5597236156463623,0.2,-0.0020900185423670336,0.042431640625,55.4,25.88072602748871
31.82645456,634,47.22,471040,742,115,,,,,,,,,,,,
30.29500001,635,50.12,475136,748,116,114.26714930534362,0.0003,47.94845199584961,-0.5394146334379911,1150,0.004594924,0.425273060798645,0.2,-0.002455814287532121,0.0319091796875,,
30.67127274,635,50.12,479232,754,117,90.52589435577393,0.0003,48.4422607421875,-0.5888206716626883,1160,0.004720132,0.5306888818740845,0.2,-0.002262461443024222,0.0418212890625,,
,,,480000,,,112.05975642204285,0.0003,44.605709075927734,-0.5874089311808348,1170,0.007941198,0.40449684858322144,0.2,-0.0072245373303303495,0.0915283203125,57.28,23.733635103702547
31.240181830000004,633,49.43,483328,762,118,,,,,,,,,,,,
24.520272739999996,634,51.23,487424,768,119,93.9414276123047,0.0003,39.64210510253906,-0.5701148137450218,1180,0.006687733,0.2958018183708191,0.2,-0.0034688139057834633,0.08330078125,,
,,,490000,,,91.85552747249604,0.0003,48.84230041503906,-0.5244049847126007,1190,0.004858101,0.7085257172584534,0.2,-0.0037875162335694766,0.0552978515625,58.42,13.011816843748093
38.83545455,632,39.41,491520,777,120,,,,,,,,,,,,
32.10281819,632,48.02,495616,783,121,77.2653656244278,0.0003,38.901702880859375,-0.5258994208648801,1200,0.0049867076,0.3201017379760742,0.2,-0.0024716230196645483,0.0570556640625,,
28.82818184,633,50.72,499712,788,122,71.85629215240479,0.0003,31.9803409576416,-0.5455287715420127,1210,0.0053294455,0.4269200563430786,0.2,-0.0039021223114104942,0.0532958984375,,
,,,500000,,,89.94797410964966,0.0003,38.847225189208984,-0.569404062256217,1220,0.0037295893,0.5309481024742126,0.2,-0.002385653181408998,0.0435546875,43.28,36.355998876094816
25.291545490000004,632,54.71,503808,796,123,,,,,,,,,,,,
27.290090939999995,632,52.72,507904,802,124,93.13274879455567,0.0003,36.1685676574707,-0.6056008782237768,1230,0.0064488593,0.5788897275924683,0.2,-0.0028661215517786333,0.0563720703125,,
,,,510000,,,117.60687279701233,0.0003,65.51781463623047,-0.5899285450577736,1240,0.0047186986,0.5594749450683594,0.2,-0.00338722887536278,0.051318359375,50.32,24.78981695652008
36.86927274,631,41.76,512000,810,125,,,,,,,,,,,,
36.65036364,632,42.65,516096,816,126,103.29091329574585,0.0003,42.878814697265625,-0.5504764571785927,1250,0.004148145,0.4552251100540161,0.2,-0.0010873030754737557,0.036279296875,,
,,,520000,,,67.71424050331116,0.0003,29.488073348999023,-0.5354819398373365,1260,0.0071944594,0.11228412389755249,0.2,-0.004669566961820237,0.083056640625,48.42,29.212907938957215
29.057181849999996,631,50.54,520192,824,127,,,,,,,,,,,,
30.025363659999996,632,48.77,524288,829,128,63.57124471664429,0.0003,26.9034423828125,-0.5775011632591486,1270,0.006732987,0.463278591632843,0.2,-0.004584495928429533,0.0642822265625,,
27.33036365,632,50.82,528384,835,129,81.00775904655457,0.0003,33.71977233886719,-0.5302440349012614,1280,0.0037963293,0.5938356518745422,0.2,-0.0015326900975196622,0.0366455078125,,
,,,530000,,,108.13903231620789,0.0003,43.8209114074707,-0.5317249087616801,1290,0.005016288,0.7152915000915527,0.2,-0.0036391790898051115,0.059619140625,46.72,32.84236248850822
24.57136365000001,631,50.82,532480,843,130,,,,,,,,,,,,
30.031272740000006,631,50.42,536576,849,131,108.05663962364197,0.0003,50.71794128417969,-0.5318938445299863,1300,0.004031266,0.7929499745368958,0.2,-0.0020943785770214164,0.037548828125,,
,,,540000,,,137.5046404838562,0.0003,62.892147064208984,-0.6154479503631591,1310,0.0037742667,0.5109899640083313,0.2,-0.0015298802842153235,0.0345947265625,56.5,18.269635088443756
20.851000049999996,630,59.49,540672,857,132,,,,,,,,,,,,
29.956272749999997,631,49.72,544768,863,133,137.91829648017884,0.0003,64.06074523925781,-0.6345747247338295,1320,0.0066953506,0.6488785743713379,0.2,-0.0037798559540533462,0.05537109375,,
33.726363649999996,631,45.98,548864,868,134,117.66485595703125,0.0003,63.62074279785156,-0.587228599190712,1330,0.003658671,0.5855496525764465,0.2,-0.0020453091434319503,0.02978515625,,
,,,550000,,,96.67881984710694,0.0003,39.18315505981445,-0.6204155363142491,1340,0.0035197334,0.3672599792480469,0.2,-0.0009707958161015995,0.0437744140625,59.68,21.223635075092314
26.695636390000004,630,53.94,552960,877,135,,,,,,,,,,,,
35.07054546,630,44.38,557056,883,136,96.95904994010925,0.0003,48.44493103027344,-0.6265041574835777,1350,0.005333734,0.5689821243286133,0.2,-0.0038452605658676475,0.0504638671875,,
,,,560000,,,81.36174161434174,0.0003,42.71511459350586,-0.5645561885088682,1360,0.007152233,0.18214929103851318,0.2,-0.0071945814765058454,0.08203125,47.3,33.01690792679787
29.05945456,629,51.19,561152,891,137,,,,,,,,,,,,
24.575363639999992,630,51.44,565248,897,138,70.4882598400116,0.0003,36.05213928222656,-0.6172530684620142,1370,0.0067782206,0.3738207221031189,0.2,-0.003934148389089387,0.0827392578125,,
27.635636390000005,630,52.44,569344,902,139,62.93998129367829,0.0003,24.158926010131836,-0.5013177802786231,1380,0.0065055955,0.5129305720329285,0.2,-0.003136620634177234,0.0499755859375,,
,,,570000,,,71.10386347770691,0.0003,31.781761169433594,-0.6088974993675947,1390,0.005610038,0.5271264314651489,0.2,-0.003022788601811044,0.0540771484375,49.54,30.315635179281234
30.4428182,629,48.54,573440,911,140,,,,,,,,,,,,
28.77427275,629,50.08,577536,917,141,78.64137074947357,0.0003,51.516639709472656,-0.5466196175664664,1400,0.0060915723,0.5247577428817749,0.2,-0.0052498617296805605,0.04990234375,,
,,,580000,,,92.43743426799774,0.0003,47.04166030883789,-0.5903093174099923,1410,0.004570685,0.5992310643196106,0.2,-0.0037156528516788965,0.0427001953125,59.34,20.690180547237397
32.174818200000004,628,47.63,581632,925,142,,,,,,,,,,,,
31.05627274,628,48.97,585728,931,143,111.8135715007782,0.0003,55.1285285949707,-0.5941496279090643,1420,0.0058600316,0.5242353677749634,0.2,-0.005155488540185616,0.06796875,,
31.089272740000002,629,48.86,589824,937,144,97.9671799659729,0.0003,43.44525909423828,-0.5823692243546248,1430,0.004589873,0.5636024475097656,0.2,-0.004150281558395363,0.03544921875,,
,,,590000,,,114.18399982452392,0.0003,40.41559600830078,-0.5695770870894193,1440,0.00465056,0.4676070809364319,0.2,-0.0025267056829761715,0.0513671875,47.7,32.26072611093521
25.92063639,628,54.59,593920,945,145,,,,,,,,,,,,
28.83272729,628,51.86,598016,951,146,116.93843932151795,0.0003,62.606971740722656,-0.5973743110895157,1450,0.0052769594,0.5176893472671509,0.2,-0.002628439315594733,0.0528564453125,,
,,,600000,,,104.46162977218628,0.0003,62.23064041137695,-0.6140453170984983,1460,0.006141243,0.4818730354309082,0.2,-0.005688716466829646,0.0608642578125,49.44,30.308726098537445
24.39154549,627,55.76,602112,959,147,,,,,,,,,,,,
29.6057273,627,50.55,606208,965,148,115.81333446502686,0.0003,52.579254150390625,-0.6208962883800269,1470,0.0039353473,0.5849775075912476,0.2,-0.00232923018920701,0.0464111328125,,
,,,610000,,,107.94189548492432,0.0003,47.651615142822266,-0.6150791104882956,1480,0.0037216144,0.5972548723220825,0.2,-0.0034699777752393857,0.036376953125,49.56,29.796544277667998
30.583636389999995,626,49.28,610304,973,149,,,,,,,,,,,,
28.694727300000007,627,51.72,614400,979,150,121.23023457527161,0.0003,58.54319381713867,-0.6165485508739948,1490,0.0046901884,0.5786025524139404,0.2,-0.002107605221681297,0.0340087890625,,
25.735181850000004,627,54.68,618496,985,151,114.63419256210327,0.0003,53.80603790283203,-0.6510681562125683,1500,0.0050875526,0.5434442162513733,0.2,-0.003479206167685334,0.06416015625,,
,,,620000,,,102.08896627426148,0.0003,39.51015090942383,-0.65701566003263,1510,0.006483023,0.5398823022842407,0.2,-0.00568591648916481,0.0579833984375,48.76,27.304726061820983
31.83972729,627,47.87,622592,992,152,,,,,,,,,,,,
32.5648182,628,47.48,626688,997,153,118.1375880241394,0.0003,57.68607711791992,-0.6455556739121675,1520,0.004182748,0.46996259689331055,0.2,-0.001999450841685757,0.053271484375,,
,,,630000,,,96.52336206436158,0.0003,43.549705505371094,-0.6349610209465026,1530,0.005789462,0.502400279045105,0.2,-0.005272097281704191,0.0594482421875,50.32,27.363635187149047
24.507727299999996,627,53.78,630784,1004,154,,,,,,,,,,,,
32.193636389999995,628,47.08,634880,1009,155,116.54986300468445,0.0003,55.45183563232422,-0.6160729188472033,1540,0.0043011457,0.5816745758056641,0.2,-0.001181766382069327,0.035546875,,
31.341000020000003,629,48.69,638976,1014,156,126.23864421844482,0.0003,55.16496276855469,-0.6353666316717863,1550,0.0045331917,0.6157325506210327,0.2,-0.0028319224147708155,0.0329345703125,,
,,,640000,,,112.84551105499267,0.0003,48.6053581237793,-0.6221375055611134,1560,0.004017173,0.48620498180389404,0.2,-0.003016609943006188,0.042333984375,45.36,34.99890794992447
38.64145455,628,40.79,643072,1022,157,,,,,,,,,,,,
37.222,629,42.91,647168,1028,158,75.70424711704254,0.0003,35.79533767700195,-0.6024589631706476,1570,0.005809178,0.33130842447280884,0.2,-0.004504996999457944,0.0562255859375,,
,,,650000,,,48.81130714416504,0.0003,25.449085235595703,-0.5852149024605751,1580,0.009670774,0.2540881633758545,0.2,-0.009935580409364774,0.105859375,50.74,24.08454423546791
28.840909110000002,628,51.14,651264,1036,159,,,,,,,,,,,,
23.493000020000004,629,54.33,655360,1041,160,57.14999294281006,0.0003,23.057767868041992,-0.5578138560056687,1590,0.0066463477,0.32955408096313477,0.2,-0.0036049108573934065,0.0867919921875,,
30.8967273,629,48.18,659456,1047,161,68.82451052665711,0.0003,24.26222801208496,-0.5431447373703122,1600,0.0042680753,0.5517560243606567,0.2,-0.003965340019203722,0.051806640625,,
,,,660000,,,92.06010253429413,0.0003,35.44698715209961,-0.5763106737285852,1610,0.003997449,0.6670314073562622,0.2,-0.0035960344845079816,0.041845703125,42.2,36.19072616815567
27.601181829999994,628,49.58,663552,1055,162,,,,,,,,,,,,
31.402545460000002,629,45.01,667648,1060,163,76.30802364349366,0.0003,34.70172119140625,-0.5076029863208532,1620,0.0073617245,0.42193347215652466,0.2,-0.004047105563222431,0.0712646484375,,
,,,670000,,,65.33189146518707,0.0003,28.34950065612793,-0.4887170560657978,1630,0.005519592,0.6534984707832336,0.2,-0.004563308561046142,0.063427734375,39.58,38.78290801882744
26.365272759999996,628,52.75,671744,1068,164,,,,,,,,,,,,
25.28909093,629,54.15,675840,1073,165,59.631507229804996,0.0003,19.315397262573242,-0.5543810043483972,1640,0.004330801,0.5530374050140381,0.2,-0.0013548812159569934,0.051806640625,,
31.343727289999997,630,46.75,679936,1079,166,83.77648830413818,0.0003,36.30509567260742,-0.5447887148708105,1650,0.007007838,0.5680783987045288,0.2,-0.004328060205443763,0.0467041015625,,
,,,680000,,,78.4792530298233,0.0003,31.322481155395508,-0.5495803160592914,1660,0.004928112,0.467237651348114,0.2,-0.0035316533772856928,0.05048828125,60.6,18.065271458625794
32.08163639,628,46.17,684032,1087,167,,,,,,,,,,,,
28.068090929999993,629,50.03,688128,1093,168,94.94865288734437,0.0003,45.94118118286133,-0.5917887344956398,1670,0.005433538,0.5690891742706299,0.2,-0.002803234863677062,0.053662109375,,
,,,690000,,,101.21478381156922,0.0003,46.74967575073242,-0.5715658891946077,1680,0.0050574164,0.5781716108322144,0.2,-0.004877210146514699,0.056689453125,54.42,25.258544236421585
29.972181850000002,628,48.59,692224,1101,169,,,,,,,,,,,,
33.47518184,628,44.83,696320,1107,170,119.87833037376404,0.0003,66.84847259521484,-0.5893887404352427,1690,0.0056526316,0.6863081455230713,0.2,-0.004064678470604122,0.0538330078125,,
,,,700000,,,124.34007921218873,0.0003,57.72242736816406,-0.5667930081486702,1700,0.0054720715,0.6364043951034546,0.2,-0.003688213373970939,0.048291015625,54.74,24.626362413167953
34.050090929999996,627,44.47,700416,1115,171,,,,,,,,,,,,
23.557909140000003,628,55.09,704512,1121,172,123.10148782730103,0.0003,42.01026153564453,-0.5473784055560827,1710,0.0048152395,0.5343602895736694,0.2,-0.0034065388099406846,0.0498046875,,
28.73309094,629,50.11,708608,1126,173,102.83041937351227,0.0003,57.47700119018555,-0.6083279751241207,1720,0.0073915627,0.6785889863967896,0.2,-0.003995236044283956,0.0649658203125,,
,,,710000,,,162.56276016235353,0.0003,80.3996810913086,-0.5880218151956796,1730,0.0032350568,0.6251661777496338,0.2,-0.0024234718337538654,0.0391357421875,47.92,31.407817018032073
31.27090911,628,47.19,712704,1134,174,,,,,,,,,,,,
32.80745456,628,45.59,716800,1139,175,135.8712664604187,0.0003,55.563167572021484,-0.5549263855442405,1740,0.0034381913,0.6105301380157471,0.2,-0.004510908835800365,0.0494384765625,,
,,,720000,,,128.18174633979797,0.0003,54.97246170043945,-0.5552506456151605,1750,0.002440931,0.4906235337257385,0.2,-0.0020435943821212276,0.020361328125,42.34,35.49563526511192
33.77027274,628,45.04,720896,1146,176,,,,,,,,,,,,
31.90627275,629,47.22,724992,1152,177,94.67679331302642,0.0003,41.63737106323242,-0.5710687153041363,1760,0.004433797,0.45623475313186646,0.2,-0.001762997116020415,0.0414794921875,,
33.960818200000006,629,44.36,729088,1157,178,115.52882261276245,0.0003,57.48503875732422,-0.5879701554775238,1770,0.0045686024,0.6487679481506348,0.2,-0.002804218264645897,0.04423828125,,
,,,730000,,,120.40870909690857,0.0003,52.04658508300781,-0.5684897162020206,1780,0.004541352,0.5846291780471802,0.2,-0.004707723786123097,0.0390380859375,46.08,33.06981703996658
29.812181839999997,629,49.24,733184,1165,179,,,,,,,,,,,,
26.92527276,629,51.86,737280,1170,180,125.52815918922424,0.0003,54.729068756103516,-0.5995660170912742,1790,0.0053226175,0.5905371308326721,0.2,-0.005255792754178401,0.05458984375,,
,,,740000,,,127.85582542419434,0.0003,58.98119354248047,-0.5762705728411674,1800,0.004275689,0.6452735662460327,0.2,-0.003312631492735818,0.041064453125,45.48,33.69981704711914
28.02436366,629,50.26,741376,1177,181,,,,,,,,,,,,
32.288727290000004,629,46.69,745472,1183,182,137.3810694217682,0.0003,58.36681365966797,-0.5751001890748739,1810,0.00528242,0.4247654676437378,0.2,-0.003775899102038238,0.0574951171875,,
34.7328182,630,44.07,749568,1188,183,120.7070578098297,0.0003,48.28904342651367,-0.5974855463951826,1820,0.0052697673,0.48927557468414307,0.2,-0.003890448604943231,0.0545654296875,,
,,,750000,,,130.06616320610047,0.0003,57.58745574951172,-0.5584106912836433,1830,0.0038998316,0.6096264123916626,0.2,-0.0031582996132783593,0.0394287109375,49.78,29.19363519310951
28.98427275,629,47.38,753664,1196,184,,,,,,,,,,,,
33.6198182,630,45.38,757760,1202,185,112.90773053169251,0.0003,67.27144622802734,-0.5265089062973857,1840,0.0036815112,0.6374659538269043,0.2,-0.0008020468267204706,0.0369873046875,,
,,,760000,,,109.03451685905456,0.0003,36.50019073486328,-0.5265948478132486,1850,0.005380501,0.6031370162963867,0.2,-0.004655755416024476,0.0591552734375,50.36,25.12090786576271
26.22163639,629,54.27,761856,1210,186,,,,,,,,,,,,
29.186181849999997,630,49.71,765952,1215,187,111.41706824302673,0.0003,48.4902458190918,-0.528570001013577,1860,0.0056373877,0.537040650844574,0.2,-0.0046577094253734685,0.0568359375,,
,,,770000,,,116.6207362651825,0.0003,49.800018310546875,-0.586971876770258,1870,0.00465353,0.6703541278839111,0.2,-0.0033688521623844283,0.0435546875,49.54,29.889453372955323
27.01509094,629,52.22,770048,1222,188,,,,,,,,,,,,
34.0378182,630,45.07,774144,1227,189,130.93158602714539,0.0003,59.47085952758789,-0.580335333198309,1880,0.0039238767,0.6073882579803467,0.2,-0.0023199700692202894,0.0405029296875,,
29.834181849999997,631,49.0,778240,1231,190,108.60994200706482,0.0003,34.393218994140625,-0.5529873136430978,1890,0.004162332,0.608061671257019,0.2,-0.003876845024933573,0.0415771484375,,
,,,780000,,,122.25343837738038,0.0003,71.08706665039062,-0.5992569118738175,1900,0.003990912,0.632223904132843,0.2,-0.004046588134951889,0.0477783203125,41.4,36.856907997131344
34.8348182,631,43.58,782336,1238,191,,,,,,,,,,,,
26.82100003,632,52.24,786432,1244,192,125.55402240753173,0.0003,59.9968147277832,-0.5821691911667586,1910,0.0034244568,0.6427763104438782,0.2,-0.0028879858669824897,0.0458984375,,
,,,790000,,,129.52809224128723,0.0003,50.06458282470703,-0.6151294369250536,1920,0.007724472,0.5636873245239258,0.2,-0.003821862036420498,0.06162109375,51.64,28.13999880194664
32.70218184,631,46.19,790528,1251,193,,,,,,,,,,,,
29.34709093,632,50.08,794624,1256,194,104.5118902683258,0.0003,44.196556091308594,-0.6196547992527485,1930,0.0048757456,0.6062111854553223,0.2,-0.0033093693542468826,0.0536376953125,,
29.787545479999995,633,49.79,798720,1261,195,114.04438853263855,0.0003,50.61624526977539,-0.6461267150938511,1940,0.004363509,0.6045467853546143,0.2,-0.0038470230865641497,0.0506103515625,,
,,,800000,,,119.83094763755798,0.0003,46.24243927001953,-0.6168294172734022,1950,0.005611379,0.5284737348556519,0.2,-0.00443692230473971,0.0552001953125,59.06,17.934725959300994
30.080545480000005,632,49.48,802816,1268,196,,,,,,,,,,,,
27.625181849999993,633,52.43,806912,1273,197,101.42782340049743,0.0003,48.7928581237793,-0.6220549441874027,1960,0.0049150465,0.5859929323196411,0.2,-0.0027803619173937476,0.0398681640625,,
,,,810000,,,109.52711129188538,0.0003,49.677154541015625,-0.6252779882401228,1970,0.005747807,0.6187338829040527,0.2,-0.0038666012336761924,0.058203125,47.8,31.20072611808777
21.043727309999994,633,59.46,811008,1280,198,,,,,,,,,,,,
18.669090960000002,634,61.26,815104,1285,199,125.95571932792663,0.0003,55.41681671142578,-0.6302632819861174,1980,0.0052375672,0.6185330152511597,0.2,-0.0042147669853875415,0.050439453125,,
34.08227274,635,44.65,819200,1289,200,135.1113185405731,0.0003,47.85597610473633,-0.6592828817665577,1990,0.0035266965,0.6700184941291809,0.2,-0.0025992863782448696,0.0319091796875,,
,,,820000,,,142.23686866760255,0.0003,53.61622619628906,-0.6123165987432003,2000,0.004503065,0.4979603886604309,0.2,-0.005204451995086856,0.0546142578125,56.78,23.415089664459227
34.57436365,634,45.02,823296,1297,201,,,,,,,,,,,,
26.66809091999999,635,50.84,827392,1302,202,112.29333934783935,0.0003,62.86216354370117,-0.6052116565406322,2010,0.006072567,0.49789100885391235,0.2,-0.004836695943959057,0.059326171875,,
,,,830000,,,96.1091715335846,0.0003,38.33849334716797,-0.554512882232666,2020,0.0045892433,0.3749985694885254,0.2,-0.0040425400220556185,0.04794921875,44.04,35.1194534277916
24.7237273,635,53.41,831488,1308,203,,,,,,,,,,,,
28.99154548,636,50.31,835584,1313,204,93.17145791053773,0.0003,42.89167785644531,-0.5670518089085818,2030,0.003872039,0.604848325252533,0.2,-0.00368710894981632,0.0386962890625,,
23.73636366,636,55.89,839680,1318,205,108.82933292388915,0.0003,56.53168869018555,-0.5847911782562732,2040,0.0055693286,0.5861473083496094,0.2,-0.004378821211867034,0.0581787109375,,
,,,840000,,,104.15337681770325,0.0003,47.192928314208984,-0.6013014256954193,2050,0.006706046,0.556195855140686,0.2,-0.004906660549750086,0.066259765625,47.3,31.690726124048233
31.778272750000006,636,47.73,843776,1325,206,,,,,,,,,,,,
28.313000029999998,637,51.3,847872,1330,207,137.68393120765685,0.0003,68.4117660522461,-0.604972729831934,2060,0.005446913,0.6251295804977417,0.2,-0.005017835320904851,0.0598388671875,,
,,,850000,,,126.16202578544616,0.0003,60.33099365234375,-0.6364797446876764,2070,0.004227694,0.6074627041816711,0.2,-0.0032913816299696918,0.0417236328125,60.42,19.86072599261999
37.09736365,636,41.61,851968,1337,208,,,,,,,,,,,,
29.742363659999995,637,49.27,856064,1342,209,105.98469190597534,0.0003,52.20707702636719,-0.574130617827177,2080,0.005763212,0.6192765235900879,0.2,-0.0033047617616830394,0.0510498046875,,
,,,860000,,,100.05436563491821,0.0003,39.321380615234375,-0.6187894959002733,2090,0.006744366,0.48216891288757324,0.2,-0.0023060112154780653,0.0572509765625,51.42,28.434726074934005
34.56436365,637,44.12,860160,1349,210,,,,,,,,,,,,
33.31972729,638,44.93,864256,1354,211,109.0648865222931,0.0003,55.6447868347168,-0.5993596948683262,2100,0.0043200683,0.5233258008956909,0.2,-0.002878406175295822,0.04453125,,
31.877727299999997,638,46.86,868352,1359,212,73.1066388130188,0.0003,37.28556442260742,-0.570939277485013,2110,0.00710929,0.42830318212509155,0.2,-0.0041690775004099125,0.053662109375,,
,,,870000,,,66.68673458099366,0.0003,32.289772033691406,-0.6030786100775003,2120,0.005205078,0.5875422358512878,0.2,-0.0042504367796937,0.05166015625,45.44,32.30872614622116
34.19927274,638,44.91,872448,1366,213,,,,,,,,,,,,
36.50036365,639,42.6,876544,1371,214,68.1255019903183,0.0003,30.477827072143555,-0.5558898597955704,2130,0.007531026,0.5131479501724243,0.2,-0.006716974226583261,0.06640625,,
,,,880000,,,63.98711352348327,0.0003,25.9552001953125,-0.5588492371141911,2140,0.0039553586,0.594511866569519,0.2,-0.0029875152133172376,0.042919921875,42.88,31.717998856306075
34.02309092,639,44.32,880640,1378,215,,,,,,,,,,,,
31.49618185,639,46.46,884736,1382,216,75.18449816703796,0.0003,31.2855224609375,-0.5519275180995464,2150,0.006793079,0.6249029040336609,0.2,-0.005703792604617774,0.06845703125,,
27.310636400000003,640,51.64,888832,1387,217,87.00960240364074,0.0003,45.175968170166016,-0.5790500327944755,2160,0.0050359117,0.7063407301902771,0.2,-0.003992211759032216,0.0488525390625,,
,,,890000,,,119.61438364982605,0.0003,64.8564453125,-0.581439609080553,2170,0.0044376138,0.7062579393386841,0.2,-0.004435722794005415,0.0527099609375,41.84,35.851817090511325
28.26554548,640,50.18,892928,1394,218,,,,,,,,,,,,
31.126000019999996,640,46.65,897024,1399,219,121.96234602928162,0.0003,48.832027435302734,-0.5492834713310003,2180,0.0038561244,0.663964569568634,0.2,-0.00409801441419404,0.0405029296875,,
,,,900000,,,123.45634007453918,0.0003,50.38832092285156,-0.5614631943404674,2190,0.0057159485,0.6530181765556335,0.2,-0.004087665789120365,0.0616455078125,44.1,35.14381705522537
30.507727300000006,640,48.41,901120,1406,220,,,,,,,,,,,,
34.5868182,641,43.24,905216,1410,221,153.12456822395325,0.0003,82.85684204101562,-0.5603072140365839,2200,0.0051158248,0.6192121505737305,0.2,-0.0031054719627718443,0.044140625,,
30.38745455,642,46.24,909312,1415,222,134.52592639923097,0.0003,59.31228256225586,-0.5309424243867398,2210,0.004387182,0.6743232607841492,0.2,-0.001858175016241148,0.0438232421875,,
,,,910000,,,129.0460997104645,0.0003,54.727447509765625,-0.5055133301764727,2220,0.005431234,0.5282935500144958,0.2,-0.003171020892477827,0.0429931640625,49.72,29.67854427576065
29.202727300000003,641,50.01,913408,1422,223,,,,,,,,,,,,
29.588999999999995,642,44.66,917504,1427,224,124.30875964164734,0.0003,50.199241638183594,-0.5181578585878015,2230,0.0036075749,0.6708513498306274,0.2,-0.003869617963209748,0.0301513671875,,
,,,920000,,,105.0291515827179,0.0003,47.883296966552734,-0.4693918194621801,2240,0.0026078578,0.5687174797058105,0.2,-0.0026553806143056135,0.032470703125,40.78,36.649817103147505
26.35927275,642,50.18,921600,1434,225,,,,,,,,,,,,
29.884090939999997,643,48.04,925696,1439,226,115.47669138908387,0.0003,63.70760726928711,-0.5204995278269052,2250,0.004787459,0.6604084372520447,0.2,-0.0028735218453221022,0.04052734375,,
33.27318184,643,44.92,929792,1444,227,115.04590592384338,0.0003,50.095855712890625,-0.5337983025237918,2260,0.004925165,0.7151792049407959,0.2,-0.0035566153324907645,0.0416015625,,
,,,930000,,,142.67713656425477,0.0003,42.40409469604492,-0.519172253087163,2270,0.0031612245,0.639586865901947,0.2,-0.0014404526446014643,0.031787109375,49.4,27.71199883699417
33.78827275,643,44.23,933888,1451,228,,,,,,,,,,,,
36.123272740000004,643,42.28,937984,1456,229,138.7887279033661,0.0003,55.69950485229492,-0.5196724249050021,2280,0.0041083256,0.6876068115234375,0.2,-0.002651569050794933,0.0292236328125,,
,,,940000,,,99.93269798755645,0.0003,35.929134368896484,-0.5223624963313341,2290,0.005063851,0.5619652271270752,0.2,-0.002321055954962503,0.041259765625,44.04,33.60254434347153
32.047363649999994,643,46.32,942080,1463,230,,,,,,,,,,,,
22.809909119999997,644,54.87,946176,1468,231,88.20778102874756,0.0003,33.0203971862793,-0.5340027729049325,2300,0.0080215465,0.5112677812576294,0.2,-0.004324737336719409,0.06904296875,,
,,,950000,,,92.56925778388977,0.0003,39.76239776611328,-0.5413314746692777,2310,0.003153505,0.5442931056022644,0.2,-0.0028032667643856255,0.031005859375,40.16,38.2689080119133
25.956636390000003,643,50.84,950272,1475,232,,,,,,,,,,,,
33.732727280000006,644,45.31,954368,1480,233,84.62428827285767,0.0003,41.49967575073242,-0.5318902246654034,2320,0.0038414174,0.7279632091522217,0.2,-0.003179862184333615,0.0378662109375,,
22.019363679999998,645,57.23,958464,1485,234,102.3552351951599,0.0003,45.575653076171875,-0.557449410483241,2330,0.006588199,0.48398447036743164,0.2,-0.0065312608960084615,0.0762451171875,,
,,,960000,,,84.44935822486877,0.0003,35.63862991333008,-0.5706167880445718,2340,0.0060908454,0.6226469278335571,0.2,-0.003095488664985169,0.05263671875,48.44,30.245635200738906
22.786000029999997,644,54.56,962560,1492,235,,,,,,,,,,,,
27.118636390000002,645,52.28,966656,1497,236,102.14038734436035,0.0003,41.69826126098633,-0.5222748942673207,2350,0.0038748502,0.5612490177154541,0.2,-0.003494193300139159,0.042578125,,
,,,970000,,,100.22465589046479,0.0003,38.083316802978516,-0.5516370549798012,2360,0.0044356445,0.6108784675598145,0.2,-0.004530560896091629,0.0564208984375,42.86,36.108907979726794
28.909454569999998,645,49.79,970752,1504,237,,,,,,,,,,,,
27.89100003,645,50.64,974848,1509,238,107.23728713989257,0.0003,54.670257568359375,-0.5677900772541762,2370,0.00688494,0.6106551885604858,0.2,-0.005601390826632269,0.063232421875,,
27.25372729,646,49.16,978944,1514,239,118.2304274559021,0.0003,50.08759689331055,-0.5660077475011349,2380,0.0050511314,0.64393550157547,0.2,-0.004491121732280589,0.047265625,,
,,,980000,,,109.51584310531616,0.0003,49.58633804321289,-0.5388090441003441,2390,0.0048679253,0.660630464553833,0.2,-0.004236146182665834,0.0504150390625,43.04,35.21181707620621
39.72045455,646,38.16,983040,1520,240,,,,,,,,,,,,
30.34318185,646,47.72,987136,1526,241,96.29794671535493,0.0003,40.82524490356445,-0.528700414672494,2400,0.00645057,0.320218563079834,0.2,-0.005165594289428555,0.05625,,
,,,990000,,,90.3151909828186,0.0003,36.18301773071289,-0.5962270386517048,2410,0.0059825974,0.6033644676208496,0.2,-0.002872556267539039,0.0486572265625,43.4,34.893817071914675
39.310909099999996,646,38.32,991232,1533,242,,,,,,,,,,,,
38.55545455,647,39.66,995328,1537,243,72.43645243644714,0.0003,29.175479888916016,-0.5303028002381325,2420,0.0048188856,0.6345404386520386,0.2,-0.005022632894906565,0.0432861328125,,
35.886909100000004,647,42.31,999424,1542,244,75.88162136077881,0.0003,29.186864852905273,-0.5201880993321538,2430,0.005440752,0.4245442748069763,0.2,-0.004606422473443672,0.0496337890625,,
,,,1000000,,,55.512491178512576,0.0003,21.42717170715332,-0.5304726773872972,2440,0.0048501035,0.4779238700866699,0.2,-0.0040291932731634,0.052197265625,50.06,29.006544271707536
30.136636390000003,647,47.92,1003520,1550,245,,,,,,,,,,,,
28.361545489999997,647,49.71,1007616,1555,246,66.06763858795166,0.0003,30.06123924255371,-0.5554343160241842,2450,0.006773049,0.5857312679290771,0.2,-0.004540508738136851,0.0682373046875,,
,,,1010000,,,70.68308973312378,0.0003,32.414573669433594,-0.5500785898417234,2460,0.005964984,0.6994681358337402,0.2,-0.0031510911358054727,0.0500244140625,36.78,40.10290805220604
33.637363650000005,647,45.71,1011712,1561,247,,,,,,,,,,,,
35.92627274,648,41.67,1015808,1566,248,89.83916802406311,0.0003,36.782318115234375,-0.561706192791462,2470,0.004902687,0.6729975938796997,0.2,-0.003558996185893193,0.0482666015625,,
31.34109093,649,47.4,1019904,1571,249,67.18034555912018,0.0003,23.277284622192383,-0.5726050615310669,2480,0.005390457,0.5866556763648987,0.2,-0.0025829596052062698,0.0521240234375,,
,,,1020000,,,81.82950799465179,0.0003,35.7121696472168,-0.5870814133435488,2490,0.0077303573,0.567247748374939,0.2,-0.0029147307039238514,0.0777587890625,47.44,23.015089678764344
23.633818220000002,648,55.46,1024000,1578,250,,,,,,,,,,,,
33.27927275,649,45.66,1028096,1583,251,93.42626540660858,0.0003,39.360721588134766,-0.6382496166974306,2500,0.007089441,0.6845955848693848,0.2,-0.004618513834429905,0.0607666015625,,
,,,1030000,,,90.4042343378067,0.0003,40.64752197265625,-0.5982814986258745,2510,0.0059874267,0.6370419859886169,0.2,-0.005971372328349389,0.0771240234375,49.0,31.24381700515747
33.514181840000006,649,44.65,1032192,1590,252,,,,,,,,,,,,
34.156818200000004,649,45.14,1036288,1595,253,90.71500713825226,0.0003,50.22142028808594,-0.5873190056532621,2520,0.004952126,0.7321646809577942,0.2,-0.0018487846711650491,0.04267578125,,
,,,1040000,,,105.25873160362244,0.0003,38.38312911987305,-0.5890839826315641,2530,0.005659867,0.6620309352874756,0.2,-0.004620767666347092,0.0467529296875,42.44,35.511817083358764
37.08036365,649,41.25,1040384,1602,254,,,,,,,,,,,,
33.413727300000005,649,44.99,1044480,1607,255,87.98133001327514,0.0003,33.05003356933594,-0.5901516981422901,2540,0.0059091724,0.6844584345817566,0.2,-0.004472742203506641,0.06123046875,,
30.96318184,650,48.67,1048576,1612,256,108.70072836875916,0.0003,56.18452072143555,-0.5894094135612249,2550,0.0041234125,0.729579746723175,0.2,-0.00407421340350993,0.0463134765625,,
,,,1050000,,,97.22072899341583,0.0003,47.989723205566406,-0.5898317232728004,2560,0.0043700887,0.6998691558837891,0.2,-0.0034453493666660507,0.03623046875,48.84,29.915635204315187
28.795090939999994,649,50.37,1052672,1620,257,,,,,,,,,,,,
29.467909119999998,649,48.99,1056768,1626,258,131.87583560943602,0.0003,66.61627960205078,-0.6088479474186897,2570,0.005259287,0.6281814575195312,0.2,-0.0024654837427078745,0.0430908203125,,
,,,1060000,,,128.5856803894043,0.0003,61.39079284667969,-0.6181804247200489,2580,0.005098798,0.6823180913925171,0.2,-0.0036269920179620384,0.0645263671875,43.28,36.029817065000536
26.90454549,648,52.7,1060864,1634,259,,,,,,,,,,,,
32.79318184,649,46.27,1064960,1640,260,115.96256375312805,0.0003,48.59891128540039,-0.5958047915250063,2590,0.005191602,0.5292353630065918,0.2,-0.00456989930535201,0.0537841796875,,
31.650272750000003,649,48.59,1069056,1645,261,97.74121313095092,0.0003,41.00381088256836,-0.5907425783574581,2600,0.0037071663,0.5821553468704224,0.2,-0.00438098355953116,0.031298828125,,
,,,1070000,,,88.66884334087372,0.0003,42.03091812133789,-0.587512394413352,2610,0.005423559,0.611621618270874,0.2,-0.006065919101820328,0.0587158203125,45.78,32.58672614216805
19.89727276,648,57.39,1073152,1653,262,,,,,,,,,,,,
29.5328182,649,47.34,1077248,1659,263,95.41405260562897,0.0003,23.390798568725586,-0.55234797000885,2620,0.006053974,0.563059389591217,0.2,-0.0050871457016910425,0.0674560546875,,
,,,1080000,,,126.45784993171692,0.0003,59.823673248291016,-0.6113843616098166,2630,0.0062358063,0.651786208152771,0.2,-0.00665031319585978,0.07626953125,55.64,23.529453320503237
32.79727275,648,46.55,1081344,1666,264,,,,,,,,,,,,
32.64863638,649,46.53,1085440,1671,265,114.66636099815369,0.0003,51.33903121948242,-0.5814502973109483,2640,0.0053148307,0.6730060577392578,0.2,-0.004987116241682088,0.0466796875,,
24.939818219999996,649,54.44,1089536,1676,266,110.51606302261352,0.0003,52.21903991699219,-0.5740618757903576,2650,0.0057926,0.5476154685020447,0.2,-0.005069599174021278,0.0549560546875,,
,,,1090000,,,93.99332957267761,0.0003,34.28493881225586,-0.6073283825069666,2660,0.005077997,0.6570132374763489,0.2,-0.004281399403407704,0.0490234375,61.06,18.827271444797518
31.81990909999999,648,45.51,1093632,1686,267,,,,,,,,,,,,
27.162000029999994,648,52.92,1097728,1692,268,100.20241508483886,0.0003,43.54021453857422,-0.5659685660153627,2670,0.004665454,0.519529402256012,0.2,-0.003602057789976243,0.0393798828125,,
,,,1100000,,,94.62052044868469,0.0003,34.31459045410156,-0.622469925135374,2680,0.005637422,0.5562670230865479,0.2,-0.004341686981206294,0.049755859375,38.06,40.871998938322065
23.387727299999998,647,53.99,1101824,1702,269,,,,,,,,,,,,
24.971454570000002,646,52.62,1105920,1709,270,94.50607497692108,0.0003,37.71756362915039,-0.5599296867847443,2690,0.005286152,0.5742796659469604,0.2,-0.0033671212833723983,0.053271484375,,
,,,1110000,,,98.87854685783387,0.0003,52.471439361572266,-0.5920136190950871,2700,0.0076285815,0.5979688167572021,0.2,-0.00551882472645957,0.0760986328125,43.44,35.861817071437834
36.71436365,646,42.27,1110016,1718,271,,,,,,,,,,,,
37.118909099999996,646,42.06,1114112,1724,272,82.52439594268799,0.0003,27.860183715820312,-0.6024060025811195,2710,0.0048256014,0.6590412855148315,0.2,-0.0030316805437905713,0.0470458984375,,
28.003272739999996,646,49.55,1118208,1730,273,111.14505624771118,0.0003,42.8433723449707,-0.6095994293689728,2720,0.0050369347,0.44827282428741455,0.2,-0.0042046687958645634,0.049609375,,
,,,1120000,,,73.58689436912536,0.0003,24.65399932861328,-0.5938500307500363,2730,0.005954774,0.4882456660270691,0.2,-0.0036170808103634044,0.0511474609375,54.94,25.379453312158585
21.330545490000006,645,56.45,1122304,1739,274,,,,,,,,,,,,
28.299181840000003,645,48.92,1126400,1745,275,92.76416153907776,0.0003,54.2512092590332,-0.6652403634041548,2740,0.005142487,0.6582579612731934,0.2,-0.0034165419616329017,0.0631103515625,,
,,,1130000,,,92.51706871986389,0.0003,34.08531951904297,-0.6316632434725762,2750,0.0047864527,0.660746693611145,0.2,-0.0030881357175530865,0.0467041015625,48.14,32.71872610569
17.54190913,644,61.33,1130496,1753,276,,,,,,,,,,,,
31.4408182,644,49.31,1134592,1759,277,127.83849911689758,0.0003,44.07307815551758,-0.6688686527311802,2760,0.006284081,0.6332981586456299,0.2,-0.004547068687679711,0.0551513671875,,
31.531272750000003,645,48.77,1138688,1764,278,115.94560446739197,0.0003,60.61909866333008,-0.6423078622668982,2770,0.0054379674,0.49695730209350586,0.2,-0.005267885395733174,0.05517578125,,
,,,1140000,,,109.42787494659424,0.0003,38.50422668457031,-0.6655805300921201,2780,0.006987839,0.5960450172424316,0.2,-0.004476411604264286,0.0587646484375,44.8,35.52381704688072
34.919909100000005,644,45.74,1142784,1772,279,,,,,,,,,,,,
34.3378182,645,44.87,1146880,1777,280,88.02373824119567,0.0003,36.07719039916992,-0.6435702029615641,2790,0.0065297037,0.5084998607635498,0.2,-0.006740656778856646,0.0834228515625,,
,,,1150000,,,80.34850397109986,0.0003,34.7725830078125,-0.6349940620362758,2800,0.0075878445,0.589439868927002,0.2,-0.006990045699058101,0.07275390625,45.32,33.635453412532804
29.503090940000003,644,49.86,1150976,1785,281,,,,,,,,,,,,
29.341636390000005,644,50.17,1155072,1792,282,87.47407999038697,0.0003,32.802825927734375,-0.6652006797492505,2810,0.0056874636,0.6505387425422668,0.2,-0.006139610581158195,0.0698974609375,,
29.76036365,644,48.02,1159168,1798,283,92.09156084060669,0.0003,44.29096984863281,-0.6622625250369311,2820,0.0069023385,0.6278467178344727,0.2,-0.005701166723156348,0.0697265625,,
,,,1160000,,,97.07645707130432,0.0003,33.84518051147461,-0.6162101216614246,2830,0.004056394,0.5404036641120911,0.2,-0.004558647064550314,0.0477294921875,45.26,35.85199885249138
28.25309093,643,52.36,1163264,1807,284,,,,,,,,,,,,
29.16418184,643,52.1,1167360,1813,285,100.55285701751708,0.0003,46.7081298828125,-0.6387263011187315,2840,0.0069563035,0.5289366245269775,0.2,-0.0038763694814406336,0.054736328125,,
,,,1170000,,,98.02428107261657,0.0003,48.65348815917969,-0.6583052214235068,2850,0.006419925,0.5408140420913696,0.2,-0.00617032509908313,0.075830078125,40.32,39.233998911380766
32.45127273,643,45.34,1171456,1821,286,,,,,,,,,,,,
36.100181830000004,643,43.58,1175552,1827,287,70.18865101337433,0.0003,39.898536682128906,-0.6086417201906442,2860,0.004830879,0.3571811318397522,0.2,-0.0042074713688634805,0.061572265625,,
33.44763637999999,643,46.05,1179648,1833,288,52.229404878616336,0.0003,23.3955078125,-0.6520896054804325,2870,0.0050078905,0.4676908254623413,0.2,-0.0033878417380037718,0.0609375,,
,,,1180000,,,69.80297117233276,0.0003,30.25672149658203,-0.6213137067854404,2880,0.0057072947,0.6099236011505127,0.2,-0.0051359369899728335,0.0534423828125,49.14,29.799453381299973
30.55518184,642,48.69,1183744,1841,289,,,,,,,,,,,,
27.82872728,643,49.97,1187840,1846,290,71.3759616613388,0.0003,28.958589553833008,-0.6205380070954561,2890,0.0055906107,0.5730963945388794,0.2,-0.004993285513774026,0.05859375,,
,,,1190000,,,85.8460347890854,0.0003,33.521148681640625,-0.6119077581912279,2900,0.005002791,0.5343475341796875,0.2,-0.00450294168695109,0.05654296875,46.56,33.615817034244536
23.632909110000003,643,54.76,1191936,1853,291,,,,,,,,,,,,
25.915000030000005,643,54.86,1196032,1859,292,82.38889610767365,0.0003,35.6296501159668,-0.6544175446033478,2910,0.0060180444,0.5514815449714661,0.2,-0.005987614158220822,0.0502197265625,,
,,,1200000,,,92.27911379337311,0.0003,39.7754020690918,-0.6219418473541737,2920,0.004428995,0.6327815055847168,0.2,-0.0041123109505861065,0.0553466796875,41.58,37.83290799498558
29.810818200000003,642,47.63,1200128,1867,293,,,,,,,,,,,,
30.25718185,642,49.54,1204224,1873,294,88.04989669322967,0.0003,44.16979217529297,-0.6291340507566929,2930,0.0047485842,0.6798406839370728,0.2,-0.00460891486145556,0.0420166015625,,
29.83827275,642,51.28,1208320,1879,295,61.5679530620575,0.0003,24.731355667114258,-0.6275828678160906,2940,0.009025428,0.7523382902145386,0.2,-0.007257199758896604,0.070556640625,,
,,,1210000,,,116.68087749481201,0.0003,55.77470016479492,-0.6741472154855728,2950,0.0045110555,0.6187299489974976,0.2,-0.0030003200532519258,0.0364990234375,60.58,20.887453261613846
26.976636400000004,642,53.67,1212416,1888,296,,,,,,,,,,,,
19.792090930000004,642,56.97,1216512,1893,297,95.88198480606079,0.0003,38.19107437133789,-0.687838351354003,2960,0.007017619,0.7679354548454285,0.2,-0.002712798208813183,0.0575439453125,,
,,,1220000,,,116.03156437873841,0.0003,52.80564498901367,-0.5771250031888485,2970,0.00482589,0.733930230140686,0.2,-0.004481483680137899,0.0514892578125,49.28,30.656726100444793
24.961181850000003,641,54.68,1220608,1902,298,,,,,,,,,,,,
37.98845455000001,641,41.6,1224704,1907,299,130.4577389717102,0.0003,68.06038665771484,-0.6615483988076448,2980,0.0051542865,0.7143058776855469,0.2,-0.005160538190102671,0.0649169921875,,
30.063272740000002,642,47.65,1228800,1912,300,101.69908165931702,0.0003,52.47212600708008,-0.6136378847062588,2990,0.0054423604,0.42903345823287964,0.2,-0.005616744609142188,0.0415771484375,,
,,,1230000,,,78.00870625972748,0.0003,26.53020477294922,-0.5623757310211659,3000,0.0047438126,0.7062631845474243,0.2,-0.004284392224508338,0.046435546875,38.04,39.781817127466205
21.80727274,642,54.59,1232896,1919,301,,,,,,,,,,,,
30.60818185,642,49.02,1236992,1924,302,112.9932309627533,0.0003,54.80479049682617,-0.6179409723728895,3010,0.0051610908,0.6944640874862671,0.2,-0.006812240873114206,0.0578857421875,,
,,,1240000,,,101.4927233695984,0.0003,34.21095657348633,-0.6340860646218062,3020,0.006416195,0.6886032819747925,0.2,-0.0018974307724420215,0.03935546875,65.3,15.928362303972245
29.008636390000003,642,50.88,1241088,1932,303,,,,,,,,,,,,
25.09836365,642,50.53,1245184,1937,304,132.12046265602112,0.0003,84.40919494628906,-0.6320947624742985,3030,0.0045149988,0.6630896329879761,0.2,-0.006428326739114709,0.0580810546875,,
29.8858182,643,47.48,1249280,1942,305,139.59112396240235,0.0003,59.623268127441406,-0.5477243782952428,3040,0.0034190689,0.7813543081283569,0.2,-0.0033122374647064135,0.0291259765625,,
,,,1250000,,,111.42306804656982,0.0003,64.52607727050781,-0.568490045890212,3050,0.0038221788,0.7513828277587891,0.2,-0.003986397643166129,0.0378662109375,49.74,30.202544275522232
27.532272749999997,643,49.87,1253376,1949,306,,,,,,,,,,,,
26.47218183,643,51.86,1257472,1954,307,144.5356554031372,0.0003,70.74539184570312,-0.5969062052667141,3060,0.0055924496,0.7914366722106934,0.2,-0.004539933233172633,0.0500244140625,,
,,,1260000,,,107.85665607452393,0.0003,30.633331298828125,-0.625257135182619,3070,0.004552312,0.497200071811676,0.2,-0.00391831809974974,0.0450927734375,53.0,27.387635154724123
31.2767273,643,48.33,1261568,1961,308,,,,,,,,,,,,
27.631090949999997,643,51.95,1265664,1966,309,110.4331449508667,0.0003,56.15670394897461,-0.6161121618002653,3080,0.0051409565,0.6244012117385864,0.2,-0.0046152678813086824,0.0592529296875,,
21.7495455,644,57.51,1269760,1971,310,100.43387188911439,0.0003,38.82033920288086,-0.6373590640723705,3090,0.00457095,0.694485068321228,0.2,-0.0037330676714191213,0.03720703125,,
,,,1270000,,,115.7449116230011,0.0003,55.72705841064453,-0.6537726201117039,3100,0.004583661,0.7166985273361206,0.2,-0.004333571788447443,0.0522705078125,55.84,23.8694533097744
22.768363680000004,643,56.55,1273856,1979,311,,,,,,,,,,,,
27.737090939999998,644,52.93,1277952,1984,312,135.3950689315796,0.0003,55.80611801147461,-0.6194148045033216,3110,0.004379075,0.7257481813430786,0.2,-0.005409496763604693,0.0518310546875,,
,,,1280000,,,145.03167967796327,0.0003,43.45071792602539,-0.6478587932884693,3120,0.0052838884,0.6579917669296265,0.2,-0.005154163388942834,0.0511962890625,54.06,26.546544240713118
33.96627274,643,45.77,1282048,1991,313,,,,,,,,,,,,
35.65972728,644,43.82,1286144,1996,314,145.78764553070067,0.0003,60.269805908203125,-0.6345026910305023,3130,0.0048362287,0.5731116533279419,0.2,-0.004729238738946151,0.0323486328125,,
,,,1290000,,,78.96537566184998,0.0003,41.62913513183594,-0.6090531893074512,3140,0.0070367604,0.5899777412414551,0.2,-0.006686319623986492,0.0611083984375,38.14,40.01872621655464
31.40427274,644,48.76,1290240,2003,315,,,,,,,,,,,,
36.201818200000005,644,42.24,1294336,2008,316,70.83242914676666,0.0003,25.3052921295166,-0.6508899003267288,3150,0.0059639476,0.40791308879852295,0.2,-0.004862699512159452,0.080419921875,,
31.02409092,645,48.84,1298432,2013,317,70.26184160709381,0.0003,31.69184112548828,-0.6385344624519348,3160,0.0048295753,0.5877809524536133,0.2,-0.004600416909670457,0.05185546875,,
,,,1300000,,,75.36171491146088,0.0003,27.7412052154541,-0.6102566368877888,3170,0.006439869,0.6004818677902222,0.2,-0.005693151369632688,0.06318359375,43.54,34.951817070245745
34.69781820000001,644,43.92,1302528,2020,318,,,,,,,,,,,,
33.46127275,645,46.07,1306624,2025,319,84.97234644889832,0.0003,35.28750991821289,-0.5973360627889633,3180,0.0048709377,0.6687967777252197,0.2,-0.005757975578308106,0.0630126953125,,
,,,1310000,,,107.52529649734497,0.0003,54.6271858215332,-0.5999079804867506,3190,0.0037951127,0.6512771248817444,0.2,-0.004771383454499301,0.0517578125,39.84,39.337998917102816
28.574454569999993,645,50.69,1310720,2031,320,,,,,,,,,,,,
32.63618184,645,45.71,1314816,2036,321,86.92847044467926,0.0003,41.74836349487305,-0.6102979321032762,3200,0.0043854984,0.5885441899299622,0.2,-0.002342161386332009,0.0362060546875,,
31.388727279999994,646,44.71,1318912,2041,322,85.99752426147461,0.0003,38.147396087646484,-0.5927255224436522,3210,0.0041617677,0.6758682727813721,0.2,-0.005374029009544756,0.0405029296875,,
,,,1320000,,,86.37868700027465,0.0003,35.86117935180664,-0.5103220077231526,3220,0.0046824613,0.5948269367218018,0.2,-0.004694860635208897,0.054833984375,49.5,29.607635196447372
33.91354547,645,44.17,1323008,2048,323,,,,,,,,,,,,
30.918636390000003,646,47.58,1327104,2053,324,66.92198963165283,0.0003,30.89940643310547,-0.5468864874914289,3230,0.0049010306,0.5271828174591064,0.2,-0.004830424550164025,0.061083984375,,
,,,1330000,,,71.61856646537781,0.0003,28.603506088256836,-0.608026459440589,3240,0.007500469,0.6247302293777466,0.2,-0.006488311683642678,0.0772705078125,55.86,22.650180591344835
37.5869091,645,40.8,1331200,2060,325,,,,,,,,,,,,
32.07627275,646,46.87,1335296,2065,326,76.01869504451751,0.0003,32.263607025146484,-0.5600431300699711,3250,0.006378289,0.5692980885505676,0.2,-0.006739486676815431,0.072900390625,,
35.25127274,646,42.92,1339392,2070,327,83.9670732975006,0.0003,39.124961853027344,-0.5531177286058664,3260,0.0046618935,0.6415532827377319,0.2,-0.004473644532845355,0.0440185546875,,
,,,1340000,,,83.2491251707077,0.0003,38.335060119628906,-0.5577004142105579,3270,0.004782402,0.6124307513237,0.2,-0.005692077853018418,0.0569091796875,48.46,29.43727156996727
26.75990911,646,51.7,1343488,2077,328,,,,,,,,,,,,
33.69872729,647,44.09,1347584,2082,329,86.57404878139496,0.0003,37.26070785522461,-0.5959317464381456,3280,0.0050591836,0.652657151222229,0.2,-0.0034696032977080903,0.0552734375,,
,,,1350000,,,86.7304078578949,0.0003,37.3741569519043,-0.5525086335837841,3290,0.005217609,0.5676775574684143,0.2,-0.004353132566029672,0.0568603515625,51.2,27.154544274806977
33.58809092,646,44.71,1351680,2089,330,,,,,,,,,,,,
36.91636365,647,40.78,1355776,2094,331,82.0266604423523,0.0003,36.46585464477539,-0.5680402513593436,3300,0.005002806,0.6294906735420227,0.2,-0.004146026083617471,0.0548583984375,,
30.229272750000003,647,48.91,1359872,2099,332,76.22758188247681,0.0003,38.824520111083984,-0.5494153890758753,3310,0.0059791654,0.5834165811538696,0.2,-0.004918223190179561,0.0546142578125,,
,,,1360000,,,71.1145414352417,0.0003,32.21687316894531,-0.5853262279182673,3320,0.0064421445,0.5706400871276855,0.2,-0.0050953373829543125,0.069921875,44.3,33.65072615981102
24.603181850000002,647,54.29,1363968,2106,333,,,,,,,,,,,,
25.143181850000005,648,53.64,1368064,2111,334,81.28435974121093,0.0003,37.47443389892578,-0.5967907689511776,3330,0.0058264607,0.6035807728767395,0.2,-0.003678688785294071,0.0567626953125,,
,,,1370000,,,93.49406559467316,0.0003,37.77290344238281,-0.616728999838233,3340,0.0065778415,0.6124081611633301,0.2,-0.005166676812223159,0.053662109375,45.18,33.38363523960113
32.815272750000005,647,45.79,1372160,2117,335,,,,,,,,,,,,
26.101636399999997,648,53.42,1376256,2122,336,116.19102520942688,0.0003,50.84622573852539,-0.5886987801641226,3350,0.004590462,0.6464446187019348,0.2,-0.005691846529953182,0.050146484375,,
,,,1380000,,,104.84864075183869,0.0003,45.15290069580078,-0.6471071589738131,3360,0.0052982196,0.6443683505058289,0.2,-0.005687227770977188,0.0525390625,49.68,28.633635194301604
37.74536365,648,40.05,1380352,2129,337,,,,,,,,,,,,
36.53036364999999,648,42.2,1384448,2134,338,111.0486713886261,0.0003,47.9468994140625,-0.577528178319335,3370,0.0058124596,0.6183594465255737,0.2,-0.007429450590279885,0.0595703125,,
32.9607273,648,45.4,1388544,2139,339,103.78099207878113,0.0003,45.68244552612305,-0.5759563315659761,3380,0.007004248,0.6080682277679443,0.2,-0.004738021566299722,0.05595703125,,
,,,1390000,,,92.48005516529084,0.0003,31.61944580078125,-0.6044154908508063,3390,0.0052364515,0.7045507431030273,0.2,-0.0042359073740954045,0.053271484375,47.88,31.329635201692582
22.95172731000001,648,55.74,1392640,2147,340,,,,,,,,,,,,
38.1729091,648,40.13,1396736,2152,341,110.52507271766663,0.0003,57.67000198364258,-0.6238669689744711,3400,0.005410301,0.673895001411438,0.2,-0.0050794418159057384,0.05517578125,,
,,,1400000,,,90.22327275276184,0.0003,36.1190071105957,-0.5690599836409092,3410,0.0043475977,0.4546663761138916,0.2,-0.00437463796697557,0.042431640625,37.52,40.080908043384554
38.93745455,648,39.22,1400832,2158,342,,,,,,,,,,,,
36.76527274,649,40.99,1404928,2163,343,49.00692812204361,0.0003,20.05768585205078,-0.556935602426529,3420,0.0055132257,0.40382736921310425,0.2,-0.006890229137206915,0.05830078125,,
37.21936365,649,41.02,1409024,2168,344,57.547370839118955,0.0003,25.336143493652344,-0.5947932191193104,3430,0.009382968,0.46974360942840576,0.2,-0.006236312942928634,0.0877685546875,,
,,,1410000,,,53.39521050453186,0.0003,18.476221084594727,-0.5878387063741684,3440,0.006448278,0.5925657749176025,0.2,-0.006090986472554505,0.06318359375,45.46,33.48581704735756
31.53663639,649,46.87,1413120,2175,345,,,,,,,,,,,,
34.453909100000004,650,41.38,1417216,2180,346,58.12102718353272,0.0003,28.788135528564453,-0.634326022490859,3450,0.006632129,0.6256856918334961,0.2,-0.007588163934997283,0.0732421875,,
,,,1420000,,,56.11875857114792,0.0003,19.861190795898438,-0.546065279468894,3460,0.0058122035,0.5692568421363831,0.2,-0.006308089889353141,0.06044921875,53.82,16.602544161081315
29.452636390000006,649,49.8,1421312,2187,347,,,,,,,,,,,,
27.87345457,649,50.31,1425408,2193,348,52.83231406211853,0.0003,21.037738800048828,-0.6314723525196314,3470,0.0071323398,0.6404085159301758,0.2,-0.004522028179781046,0.0622314453125,,
40.53145455000001,650,37.19,1429504,2198,349,69.48460550308228,0.0003,20.682567596435547,-0.6537695616483689,3480,0.0067637004,0.6750668287277222,0.2,-0.005848377839720342,0.0673095703125,,
,,,1430000,,,61.70391142368317,0.0003,27.326814651489258,-0.5601904861629009,3490,0.006559072,0.5599358677864075,0.2,-0.008484805542684626,0.06884765625,39.9,38.29690801501274
36.9658182,649,40.81,1433600,2205,350,,,,,,,,,,,,
33.22827275,650,45.13,1437696,2211,351,69.03033692836762,0.0003,29.352170944213867,-0.5982553202658891,3500,0.0050261323,0.7014615535736084,0.2,-0.003007295588031411,0.0425537109375,,
,,,1440000,,,81.42757575511932,0.0003,29.702463150024414,-0.597936837375164,3510,0.0060760854,0.6933626532554626,0.2,-0.00533101119362982,0.06064453125,44.32,33.6747261595726
35.6918182,649,42.84,1441792,2218,352,,,,,,,,,,,,
31.286272739999994,650,45.69,1445888,2223,353,73.72877357006072,0.0003,36.251956939697266,-0.5914655696600676,3520,0.007753648,0.6424209475517273,0.2,-0.006274691187718418,0.061474609375,,
24.720000019999993,650,52.43,1449984,2228,354,68.60052728652954,0.0003,24.218767166137695,-0.5800994999706746,3530,0.0033599609,0.5594925880432129,0.2,-0.0034324429405387493,0.0495361328125,,
,,,1450000,,,63.841145277023315,0.0003,24.82425880432129,-0.6212428927421569,3540,0.0059749056,0.6064542531967163,0.2,-0.004709550202824176,0.0463623046875,47.36,32.1758170247078
35.030363650000005,650,43.8,1454080,2236,355,,,,,,,,,,,,
31.95972729,650,47.47,1458176,2241,356,78.63540072441101,0.0003,34.845130920410156,-0.6053319375962019,3550,0.0069456976,0.5898009538650513,0.2,-0.007975264193373733,0.0667236328125,,
,,,1460000,,,75.91959290504455,0.0003,30.23625373840332,-0.6520835805684329,3560,0.0062183896,0.6680177450180054,0.2,-0.005080505186924711,0.0484130859375,54.28,24.978180599212646
33.304272739999995,649,45.96,1462272,2249,357,,,,,,,,,,,,
29.69463639,650,49.46,1466368,2254,358,59.19263272285461,0.0003,27.475563049316406,-0.6227007064968347,3570,0.0055039627,0.4585505723953247,0.2,-0.0069302874806453476,0.06103515625,,
,,,1470000,,,61.85218505859375,0.0003,27.185646057128906,-0.6482046969234944,3580,0.005641794,0.6018859148025513,0.2,-0.005063444981715293,0.060009765625,47.66,31.277089750766756
35.11581820000001,649,43.76,1470464,2262,359,,,,,,,,,,,,
33.35727275,650,45.35,1474560,2268,360,59.40595459938049,0.0003,22.00337791442871,-0.630479684844613,3590,0.007822949,0.6124078035354614,0.2,-0.008881062870204914,0.0867919921875,,
36.924363650000004,650,41.57,1478656,2273,361,83.02295305728913,0.0003,33.732513427734375,-0.6438161943107843,3600,0.0052043125,0.6408785581588745,0.2,-0.006672616221476346,0.05537109375,,
,,,1480000,,,63.67738482952118,0.0003,26.443553924560547,-0.6191868592053652,3610,0.005040276,0.6618319153785706,0.2,-0.004694855424168054,0.0564697265625,45.58,33.09363523483276
35.24036365,650,43.6,1482752,2280,362,,,,,,,,,,,,
33.015636369999996,650,46.39,1486848,2286,363,75.70912179946899,0.0003,32.00110626220703,-0.6339278995990754,3620,0.0056163166,0.5379804372787476,0.2,-0.004475060050026514,0.052880859375,,
,,,1490000,,,67.14700398445129,0.0003,32.65007400512695,-0.6278436303138732,3630,0.004872887,0.5910088419914246,0.2,-0.007583591023285407,0.0599853515625,45.9,33.27072614073754
30.366181829999995,650,48.53,1490944,2293,364,,,,,,,,,,,,
23.179818210000004,650,53.82,1495040,2298,365,66.73604769706726,0.0003,23.50519561767578,-0.6047154787927866,3640,0.005515705,0.5074911117553711,0.2,-0.00472266688302625,0.055322265625,,
27.50009094,650,52.07,1499136,2304,366,68.80555562973022,0.0003,26.570533752441406,-0.6208869010210037,3650,0.005227663,0.591233491897583,0.2,-0.003858379804296419,0.0526611328125,,
,,,1500000,,,81.48254063129426,0.0003,39.756595611572266,-0.6534661434590816,3660,0.0065037897,0.5936493873596191,0.2,-0.006715985568007454,0.0712646484375,44.32,30.57672611117363
29.006545479999996,650,49.66,1503232,2311,367,,,,,,,,,,,,
27.662090929999994,650,49.15,1507328,2316,368,80.67764718532563,0.0003,35.93974304199219,-0.6586067292839288,3670,0.0047574313,0.6927659511566162,0.2,-0.005362289448385127,0.0442138671875,,
,,,1510000,,,93.57833297252655,0.0003,42.08085632324219,-0.6041677813977003,3680,0.0049988152,0.6161563396453857,0.2,-0.00397380166396033,0.0451171875,48.72,29.851635205745698
27.37454548,650,52.35,1511424,2324,369,,,,,,,,,,,,
34.94572729,650,44.1,1515520,2329,370,100.82032597064972,0.0003,43.02995300292969,-0.6887971933931112,3690,0.009730874,0.5619673132896423,0.2,-0.006584713648771867,0.08759765625,,
36.439818190000004,650,43.03,1519616,2334,371,75.357634806633,0.0003,33.46792984008789,-0.6393309082835913,3700,0.006079554,0.6460278034210205,0.2,-0.006538298046507407,0.061279296875,,
,,,1520000,,,74.48225424289703,0.0003,39.47657012939453,-0.634413580968976,3710,0.0062399325,0.5461786389350891,0.2,-0.007617095671594143,0.0645263671875,41.7,37.06690799355507
30.183181840000007,650,49.67,1523712,2342,372,,,,,,,,,,,,
27.048181840000005,650,53.67,1527808,2347,373,83.4419016122818,0.0003,40.01958465576172,-0.6683126378804445,3720,0.0069090934,0.5098015666007996,0.2,-0.008164749182469677,0.06357421875,,
,,,1530000,,,95.04608244895935,0.0003,51.309600830078125,-0.6689113538712264,3730,0.0069216713,0.6431069374084473,0.2,-0.006334795561269857,0.0569580078125,46.32,29.6390897166729
29.643818200000005,650,51.1,1531904,2354,374,,,,,,,,,,,,
27.42072729,650,52.26,1536000,2359,375,90.2853979587555,0.0003,39.80533981323242,-0.6698972973972559,3740,0.007897677,0.5300577878952026,0.2,-0.005947621016821359,0.060693359375,,
,,,1540000,,,72.01766602993011,0.0003,28.93791961669922,-0.6145474329590798,3750,0.0062984494,0.5926967859268188,0.2,-0.0068737805559067056,0.0739990234375,38.66,40.24199893116951
29.1858182,650,49.83,1540096,2366,376,,,,,,,,,,,,
33.57118182,651,42.48,1544192,2371,377,84.23666574954987,0.0003,31.872438430786133,-0.6035917047411203,3760,0.0054948013,0.5298013091087341,0.2,-0.007241537535446696,0.0499755859375,,
37.702363649999995,651,40.11,1548288,2376,378,71.43290710449219,0.0003,40.75349426269531,-0.5869575846940279,3770,0.0037609055,0.6678731441497803,0.2,-0.00353927880350966,0.0394775390625,,
,,,1550000,,,80.15772030353546,0.0003,39.69097137451172,-0.6170450240373612,3780,0.0070357854,0.6908791065216064,0.2,-0.006845887188683264,0.0638671875,50.18,29.810544270277024
31.22318185,651,47.62,1552384,2384,379,,,,,,,,,,,,
35.44627275,651,42.57,1556480,2389,380,71.56897895336151,0.0003,28.805763244628906,-0.6092030938714743,3790,0.00480038,0.7156754732131958,0.2,-0.0024579865130363032,0.0584716796875,,
,,,1560000,,,81.98951029777527,0.0003,40.391719818115234,-0.6051412355154753,3800,0.003924786,0.729338526725769,0.2,-0.004519221610098612,0.055322265625,43.04,36.89490797758103
27.129454580000004,651,52.04,1560576,2396,381,,,,,,,,,,,,
34.357454559999994,651,43.69,1564672,2402,382,102.20730159282684,0.0003,38.75800323486328,-0.6272396326065064,3810,0.003917968,0.6808688640594482,0.2,-0.004108786907454487,0.0381103515625,,
36.703909100000004,651,42.56,1568768,2407,383,91.70920493602753,0.0003,43.45515823364258,-0.5775276970118284,3820,0.004900487,0.6083860397338867,0.2,-0.004642881866311654,0.043017578125,,
,,,1570000,,,104.1292245388031,0.0003,39.512535095214844,-0.6088495992124081,3830,0.0047167223,0.5646291971206665,0.2,-0.003105531785695348,0.0449462890625,53.48,26.200544239282607
33.59327275,651,44.68,1572864,2415,384,,,,,,,,,,,,
36.782909100000005,651,42.43,1576960,2420,385,76.28169512748718,0.0003,29.79374122619629,-0.6168851107358932,3840,0.0050046826,0.708264946937561,0.2,-0.0057689392706379294,0.049853515625,,
,,,1580000,,,74.86751623153687,0.0003,33.06041717529297,-0.5796886503696441,3850,0.005031855,0.4551205039024353,0.2,-0.004781645105686039,0.043359375,44.0,34.1807261633873
31.437727299999995,651,47.46,1581056,2428,386,,,,,,,,,,,,
31.7517273,651,47.58,1585152,2433,387,75.66604700088502,0.0003,34.6002082824707,-0.6072073709219694,3860,0.003958833,0.608202338218689,0.2,-0.004376695898827165,0.03603515625,,
35.16527274,651,43.74,1589248,2439,388,58.47920925617218,0.0003,20.91826629638672,-0.6048519790172577,3870,0.00512812,0.6311312913894653,0.2,-0.003835632155823987,0.0495849609375,,
,,,1590000,,,66.43174114227295,0.0003,36.37126541137695,-0.605483852699399,3880,0.006342648,0.5815630555152893,0.2,-0.005539557629526825,0.06181640625,47.48,31.856726121902465
31.9327273,651,47.16,1593344,2446,389,,,,,,,,,,,,
33.780818200000006,651,45.06,1597440,2452,390,77.40831952095031,0.0003,31.225685119628906,-0.6205946214497089,3890,0.007322878,0.6271516680717468,0.2,-0.0047825648893194735,0.0552978515625,,
,,,1600000,,,70.2790819644928,0.0003,22.828048706054688,-0.5814712211489678,3900,0.006957721,0.5691901445388794,0.2,-0.009308878012234345,0.0623046875,47.14,31.982544306516647
35.38027274,651,43.24,1601536,2459,391,,,,,,,,,,,,
37.69136365000001,651,39.83,1605632,2464,392,72.53488986492157,0.0003,44.5154914855957,-0.6109833881258965,3910,0.0057656253,0.6570432186126709,0.2,-0.003908417723141611,0.0585693359375,,
24.9985455,651,54.02,1609728,2470,393,59.57284269332886,0.0003,30.675586700439453,-0.5706345688551664,3920,0.0070715398,0.5002022385597229,0.2,-0.007197142575751059,0.0676513671875,,
,,,1610000,,,68.54113473892212,0.0003,22.686473846435547,-0.6757724076509476,3930,0.0061430926,0.7027286291122437,0.2,-0.006130610502441414,0.07890625,39.12,39.27090802431107
26.22509095,651,53.67,1613824,2476,394,,,,,,,,,,,,
23.064454580000003,651,57.34,1617920,2482,395,97.97099468708038,0.0003,37.985050201416016,-0.6493966069072485,3940,0.006300697,0.735008716583252,0.2,-0.006919890014978591,0.0574951171875,,
,,,1620000,,,104.81422500610351,0.0003,40.25300598144531,-0.6538476921617985,3950,0.005126428,0.6844808459281921,0.2,-0.00456010303896619,0.051806640625,48.14,31.345635204315187
38.1779091,651,40.78,1622016,2489,396,,,,,,,,,,,,
30.31109094,651,48.85,1626112,2494,397,93.98994119167328,0.0003,42.02494812011719,-0.5994912002235651,3960,0.005219804,0.48873549699783325,0.2,-0.006405566722969524,0.048046875,,
,,,1630000,,,73.91162946224213,0.0003,27.679838180541992,-0.6312583480030298,3970,0.0059748394,0.591118574142456,0.2,-0.004645183862157865,0.0496826171875,44.94,34.80490795493126
36.0318182,651,42.64,1630208,2502,398,,,,,,,,,,,,
29.467636389999992,651,50.15,1634304,2507,399,71.65695450305938,0.0003,40.79790496826172,-0.5905542299151421,3980,0.0048949393,0.6441665291786194,0.2,-0.00632210215262603,0.0442626953125,,
27.248727289999998,652,50.31,1638400,2512,400,94.81677668094635,0.0003,43.54416275024414,-0.6312866229563951,3990,0.0059502497,0.5653276443481445,0.2,-0.005963748195790685,0.060693359375,,
,,,1640000,,,82.13485064506531,0.0003,29.406599044799805,-0.605677668005228,4000,0.0046717245,0.5950263738632202,0.2,-0.004741145371372113,0.0458740234375,50.2,24.755816966295242
34.84472728,651,44.32,1642496,2520,401,,,,,,,,,,,,
29.393636389999998,651,50.48,1646592,2525,402,58.92822871208191,0.0003,20.40768051147461,-0.5997663963586092,4010,0.0061002984,0.3508051037788391,0.2,-0.007556405301147606,0.06005859375,,
,,,1650000,,,69.39905869960785,0.0003,41.29701614379883,-0.6452868673950434,4020,0.008371519,0.5641075968742371,0.2,-0.008265226753428579,0.0732177734375,46.78,32.50672612190247
33.31745455,651,43.84,1650688,2533,403,,,,,,,,,,,,
34.758454549999996,651,41.77,1654784,2539,404,59.0564845085144,0.0003,24.34336280822754,-0.5871040049940348,4030,0.0046856436,0.5577502250671387,0.2,-0.005577188534516608,0.0429443359375,,
37.561363650000004,651,40.63,1658880,2544,405,48.80683083534241,0.0003,20.430606842041016,-0.5607534125447273,4040,0.006762665,0.7143290042877197,0.2,-0.007285256221075542,0.0723876953125,,
,,,1660000,,,44.39033405780792,0.0003,17.947860717773438,-0.591769688948989,4050,0.004954164,0.562932014465332,0.2,-0.004262492750422097,0.05126953125,50.38,28.403635185956954
32.88709093,651,45.58,1662976,2552,406,,,,,,,,,,,,
32.88318184,651,45.17,1667072,2558,407,52.27987843751907,0.0003,16.624502182006836,-0.6380964174866677,4060,0.008590102,0.576951265335083,0.2,-0.007997414268902502,0.086572265625,,
,,,1670000,,,50.59479892253876,0.0003,20.787525177001953,-0.6201402537524701,4070,0.0077289077,0.6929343938827515,0.2,-0.0071614574306295255,0.069873046875,43.38,35.37672616243363
33.37518184,651,45.48,1671168,2565,408,,,,,,,,,,,,
34.30345456,651,43.97,1675264,2571,409,72.61874403953553,0.0003,30.25747299194336,-0.6224103167653083,4080,0.006576853,0.6875118017196655,0.2,-0.0055852021134342065,0.051123046875,,
26.02272731,651,52.68,1679360,2577,410,73.04489698410035,0.0003,41.96453094482422,-0.5710563261061907,4090,0.0065197046,0.6384108066558838,0.2,-0.005483304009248968,0.06005859375,,
,,,1680000,,,84.04646501541137,0.0003,31.247676849365234,-0.6593791902065277,4100,0.006180883,0.6255438923835754,0.2,-0.005339889548486099,0.0522705078125,45.9,33.40381704211235
27.750636399999998,651,51.74,1683456,2584,411,,,,,,,,,,,,
31.644636390000002,651,47.16,1687552,2590,412,91.1972626209259,0.0003,39.33684539794922,-0.6297150455415249,4110,0.005468515,0.6809734106063843,0.2,-0.008811132574919611,0.0622314453125,,
,,,1690000,,,78.0412193775177,0.0003,32.357688903808594,-0.6505661245435477,4120,0.0067920205,0.6768786311149597,0.2,-0.005914440605556593,0.05771484375,44.96,34.15963523387909
31.35836365,650,45.56,1691648,2598,413,,,,,,,,,,,,
33.06727275,651,46.2,1695744,2604,414,95.23277134895325,0.0003,29.246597290039062,-0.570545794069767,4130,0.0043122163,0.7267016768455505,0.2,-0.005142609735776205,0.03740234375,,
34.80354546,651,43.63,1699840,2609,415,104.19128773212432,0.0003,51.218807220458984,-0.6313443835824728,4140,0.0056209946,0.676111102104187,0.2,-0.006347182250465266,0.053515625,,
,,,1700000,,,76.60881545543671,0.0003,33.20466995239258,-0.5952930692583323,4150,0.0056221327,0.5968626737594604,0.2,-0.007371962402248755,0.0703857421875,41.9,32.351998867988584
32.42063638,651,46.69,1703936,2616,416,,,,,,,,,,,,
28.303909120000007,651,50.77,1708032,2622,417,99.25080387592315,0.0003,46.42156219482422,-0.6146296907216311,4160,0.0061610043,0.623024582862854,0.2,-0.006137270662293304,0.054443359375,,
,,,1710000,,,109.36584529876708,0.0003,39.16333770751953,-0.617123530805111,4170,0.004879417,0.6841369867324829,0.2,-0.0050164802523795515,0.0406494140625,58.9,21.228362371921538
34.71036365,650,44.75,1712128,2630,418,,,,,,,,,,,,
31.42727275,651,48.55,1716224,2636,419,103.50033326148987,0.0003,35.61630630493164,-0.6326857499778271,4180,0.0044768965,0.6865604519844055,0.2,-0.004818319482728839,0.048681640625,,
,,,1720000,,,102.49976539611816,0.0003,37.93239974975586,-0.6087460298091173,4190,0.0041907188,0.5529379844665527,0.2,-0.005101450991787715,0.0342529296875,40.08,39.032908012866976
34.67027275,650,43.99,1720320,2643,420,,,,,,,,,,,,
30.21745457,651,49.28,1724416,2648,421,68.49430823326111,0.0003,27.291425704956055,-0.6168181713670492,4200,0.0051893787,0.4596453905105591,0.2,-0.006363067845086334,0.054541015625,,
29.653181849999992,651,50.12,1728512,2654,422,84.86174635887146,0.0003,36.67262649536133,-0.6447691984474659,4210,0.005861217,0.620112419128418,0.2,-0.006029546252102591,0.0520751953125,,
,,,1730000,,,85.58577568531037,0.0003,32.31862258911133,-0.6240626089274883,4220,0.005910921,0.6250705718994141,0.2,-0.006194306597171817,0.0563720703125,45.24,32.95563523888588
33.20927275,651,45.86,1732608,2661,423,,,,,,,,,,,,
31.37172729,651,48.43,1736704,2666,424,82.92768514156342,0.0003,39.26521301269531,-0.615573487430811,4230,0.005571626,0.6724200248718262,0.2,-0.006080802273936569,0.0470947265625,,
,,,1740000,,,78.66921067237854,0.0003,37.6268196105957,-0.6229159869253635,4240,0.005869575,0.6360101103782654,0.2,-0.007902566557459068,0.0661376953125,48.88,26.634907883405685
33.08427275,651,46.41,1740800,2673,425,,,,,,,,,,,,
30.883181840000002,651,48.62,1744896,2679,426,81.66910588741302,0.0003,37.53147888183594,-0.607710400223732,4250,0.0055360924,0.6477682590484619,0.2,-0.006830965608241968,0.0519287109375,,
19.181636389999998,651,56.26,1748992,2684,427,84.74590370655059,0.0003,46.7425422668457,-0.6248790804296732,4260,0.004617264,0.6419738531112671,0.2,-0.0040045640940661546,0.042138671875,,
,,,1750000,,,104.23856797218323,0.0003,49.65771484375,-0.6034361150115728,4270,0.004850559,0.6129680871963501,0.2,-0.004517334411502816,0.042138671875,44.74,29.91690793275833
33.5779091,651,43.1,1753088,2691,428,,,,,,,,,,,,
35.478818200000006,651,43.3,1757184,2697,429,78.15111601352692,0.0003,34.1296501159668,-0.6082512553781271,4280,0.0049236105,0.7267057299613953,0.2,-0.004791377765650395,0.0404541015625,,
,,,1760000,,,87.71180236339569,0.0003,32.057796478271484,-0.6301121983677149,4290,0.0052180644,0.5742766857147217,0.2,-0.008787898285663686,0.058349609375,49.74,29.5456351852417
34.4449091,651,43.41,1761280,2704,430,,,,,,,,,,,,
30.160636390000004,651,49.54,1765376,2709,431,68.98676627874374,0.0003,31.99257469177246,-0.629850310459733,4300,0.006667775,0.5378652811050415,0.2,-0.006311230984283611,0.0630126953125,,
29.83572729,651,46.72,1769472,2714,432,70.28357157707214,0.0003,26.471282958984375,-0.6786463525146246,4310,0.008070031,0.6193454265594482,0.2,-0.0064333465736126525,0.0776123046875,,
,,,1770000,,,85.84751851558686,0.0003,35.02813720703125,-0.6031379841268063,4320,0.0046554487,0.7313789129257202,0.2,-0.0060872446672874505,0.061474609375,52.08,27.033635165691376
31.852636389999997,651,46.75,1773568,2722,433,,,,,,,,,,,,
36.783909099999995,651,42.01,1777664,2727,434,77.4277767419815,0.0003,44.50787353515625,-0.6555943630635739,4330,0.006081352,0.7299497723579407,0.2,-0.005623980503878556,0.0554443359375,,
,,,1780000,,,83.90047225952148,0.0003,28.196027755737305,-0.5957270342856645,4340,0.005318981,0.4518979787826538,0.2,-0.006486353537184186,0.0519287109375,50.2,29.28072608947754
33.84327275,651,44.48,1781760,2735,435,,,,,,,,,,,,
33.31872729,651,45.29,1785856,2740,436,76.71853833198547,0.0003,28.081384658813477,-0.627202746272087,4350,0.0047913576,0.6162400841712952,0.2,-0.0051564893663453406,0.052294921875,,
26.884454570000006,651,52.14,1789952,2746,437,87.5778085231781,0.0003,33.09931182861328,-0.6476189572364092,4360,0.004978804,0.5880872011184692,0.2,-0.0070170737642911265,0.0539794921875,,
,,,1790000,,,78.62768819332123,0.0003,27.234647750854492,-0.6883914828300476,4370,0.0077694925,0.7173555493354797,0.2,-0.006024868975509889,0.0537109375,47.36,30.220907943248747
26.129000030000007,651,53.23,1794048,2753,438,,,,,,,,,,,,
34.99881819,651,43.7,1798144,2758,439,100.2741115808487,0.0003,50.89107894897461,-0.6732525683939456,4380,0.005690812,0.7048008441925049,0.2,-0.005153663523378782,0.064453125,,
,,,1800000,,,120.757564163208,0.0003,53.922847747802734,-0.6481594525277614,4390,0.0057353624,0.5464457273483276,0.2,-0.006433277582982555,0.0446044921875,47.04,32.78181702852249
34.93136365,651,44.13,1802240,2766,440,,,,,,,,,,,,
31.193090929999997,651,47.86,1806336,2771,441,106.39598927497863,0.0003,57.4503173828125,-0.6559236731380225,4400,0.005583236,0.5562065243721008,0.2,-0.008992871601367369,0.0569091796875,,
,,,1810000,,,90.14036753177643,0.0003,49.07184982299805,-0.6681488592177629,4410,0.005899201,0.5460997819900513,0.2,-0.004674919441458769,0.039599609375,44.12,36.30090796470642
22.92390912999999,651,57.62,1810432,2778,442,,,,,,,,,,,,
21.878636400000005,651,56.75,1814528,2783,443,107.33657522201538,0.0003,55.18992233276367,-0.6931495752185584,4420,0.0042999173,0.6489020586013794,0.2,-0.005267346402979456,0.0455322265625,,
33.9328182,652,46.27,1818624,2788,444,90.47195460796357,0.0003,36.38803482055664,-0.6729643784463406,4430,0.0061485907,0.6189078092575073,0.2,-0.005377050320385024,0.057470703125,,
,,,1820000,,,79.74477624893188,0.0003,25.591379165649414,-0.6569492563605308,4440,0.005631943,0.5132306814193726,0.2,-0.007232286484213546,0.051611328125,39.64,39.25490801811218
29.943636389999998,651,48.5,1822720,2796,445,,,,,,,,,,,,
26.242000030000007,652,52.54,1826816,2801,446,63.94859776496887,0.0003,21.109519958496094,-0.615704657137394,4450,0.005980445,0.6072502136230469,0.2,-0.005464411259163171,0.058984375,,
,,,1830000,,,96.73208057880402,0.0003,49.86857223510742,-0.6463956940919161,4460,0.005214629,0.6737160682678223,0.2,-0.006893965561903315,0.0480224609375,42.44,36.324907984733585
32.296727280000006,651,44.55,1830912,2808,447,,,,,,,,,,,,
32.93118184,652,45.76,1835008,2813,448,78.35396027565002,0.0003,34.13322830200195,-0.5661922406405211,4470,0.0055169845,0.6139205098152161,0.2,-0.008610911419964395,0.059716796875,,
27.734454570000008,652,51.84,1839104,2818,449,82.44019603729248,0.0003,31.393558502197266,-0.6111549001187087,4480,0.0061169593,0.6245753169059753,0.2,-0.0066095793677959595,0.0635009765625,,
,,,1840000,,,94.39344520568848,0.0003,43.74928665161133,-0.5894379325211048,4490,0.0051172064,0.6588044166564941,0.2,-0.006248691435030196,0.0561767578125,46.58,32.416726132631304
37.69436364999999,652,40.22,1843200,2826,450,,,,,,,,,,,,
35.48072729,652,42.75,1847296,2831,451,92.34767231941223,0.0003,44.3702278137207,-0.6129691198468208,4500,0.006728421,0.6666443347930908,0.2,-0.005532919684628723,0.05625,,
,,,1850000,,,90.51437525749206,0.0003,46.49400329589844,-0.6240108489990235,4510,0.008230391,0.6936525106430054,0.2,-0.008417659490078222,0.071240234375,49.04,30.09563519358635
39.42290909999999,652,38.78,1851392,2839,452,,,,,,,,,,,,
30.828090939999996,652,48.21,1855488,2844,453,76.77171950340271,0.0003,27.659305572509766,-0.6037691239267587,4520,0.006174873,0.5819913148880005,0.2,-0.007226343467482366,0.063037109375,,
30.925636379999997,652,48.54,1859584,2850,454,76.61626420021057,0.0003,34.42351531982422,-0.6039275292307138,4530,0.006667325,0.6260677576065063,0.2,-0.008507522802392486,0.06328125,,
,,,1860000,,,71.70776324272155,0.0003,31.86143684387207,-0.6158587638288736,4540,0.00583072,0.6657839417457581,0.2,-0.006257999633089639,0.070361328125,47.22,30.968544313907625
32.396181840000004,651,47.06,1863680,2859,455,,,,,,,,,,,,
31.972363650000002,652,45.33,1867776,2864,456,75.51057627201081,0.0003,31.240331649780273,-0.6197149109095335,4550,0.0061876103,0.6092329025268555,0.2,-0.007574660182581283,0.0585693359375,,
,,,1870000,,,52.95407032966614,0.0003,17.05304718017578,-0.5454412706196308,4560,0.0061175358,0.39094215631484985,0.2,-0.005458963058481458,0.057861328125,46.28,33.039817037582395
23.47009095,651,54.14,1871872,2872,457,,,,,,,,,,,,
32.47918185,651,45.95,1875968,2878,458,74.6716833114624,0.0003,35.46290588378906,-0.6265047565102577,4570,0.008003207,0.6184005737304688,0.2,-0.00853311906394083,0.0761474609375,,
,,,1880000,,,74.71098520755768,0.0003,39.264984130859375,-0.6112465627491475,4580,0.0067091635,0.7229195237159729,0.2,-0.0061626842230907645,0.061962890625,39.6,38.63690801858902
27.137363649999998,651,47.7,1880064,2885,459,,,,,,,,,,,,
22.555636400000004,651,54.61,1884160,2891,460,67.7234088420868,0.0003,19.307863235473633,-0.5382915491238236,4590,0.0057728747,0.5744999051094055,0.2,-0.004652217522379942,0.0588134765625,,
26.770181850000007,651,50.0,1888256,2897,461,92.87464933395385,0.0003,38.61759948730469,-0.6197830524295569,4600,0.0054305694,0.6606175899505615,0.2,-0.005949822670663707,0.0553955078125,,
,,,1890000,,,58.35755439996719,0.0003,19.49308967590332,-0.5589944731444121,4610,0.005033055,0.7883315682411194,0.2,-0.00560342147218762,0.0489990234375,43.84,35.069453430175784
32.75563639,651,46.09,1892352,2904,462,,,,,,,,,,,,
33.1938182,651,45.32,1896448,2910,463,84.32446475028992,0.0003,25.24197006225586,-0.597706587612629,4620,0.0052496674,0.6137909889221191,0.2,-0.00594406126474496,0.0519775390625,,
,,,1900000,,,77.33591084480285,0.0003,26.859865188598633,-0.5888646364212036,4630,0.0061433795,0.6539987325668335,0.2,-0.006305494999105576,0.05390625,44.48,35.31981705904007
33.569090929999994,651,45.39,1900544,2918,464,,,,,,,,,,,,
34.89627274,651,44.72,1904640,2923,465,77.56813938617707,0.0003,32.84965133666992,-0.6032853443175554,4640,0.005588227,0.6304781436920166,0.2,-0.008501489953050622,0.0703125,,
37.69136364999999,651,41.28,1908736,2929,466,63.87821185588837,0.0003,26.31484603881836,-0.6334930635988713,4650,0.005973922,0.5566619634628296,0.2,-0.0050241373894095885,0.0488525390625,,
,,,1910000,,,44.06592450141907,0.0003,12.510736465454102,-0.602037675306201,4660,0.0070047257,0.6320363879203796,0.2,-0.008632568810571683,0.07578125,48.32,32.357817013263706
31.547090930000003,650,47.53,1912832,2938,467,,,,,,,,,,,,
31.551727290000002,650,48.43,1916928,2944,468,58.85277605056763,0.0003,19.314599990844727,-0.6214260410517454,4670,0.0062504923,0.5855668187141418,0.2,-0.006298704812070355,0.06865234375,,
,,,1920000,,,66.16005034446717,0.0003,32.886741638183594,-0.6335429575294256,4680,0.006628418,0.6180508136749268,0.2,-0.009368830782477744,0.0589111328125,54.02,25.428544241189957
36.18581818999999,650,42.41,1921024,2953,469,,,,,,,,,,,,
36.55127273000001,650,41.87,1925120,2958,470,66.34154994487763,0.0003,22.16985321044922,-0.6032783318310976,4690,0.009172061,0.5959324836730957,0.2,-0.01130839733632456,0.0930908203125,,
35.814818190000004,650,42.98,1929216,2964,471,56.41033713817596,0.0003,20.776615142822266,-0.5866751953959465,4700,0.007865028,0.5543777942657471,0.2,-0.008650625262816902,0.076318359375,,
,,,1930000,,,48.4847984790802,0.0003,24.59912109375,-0.5775278687477112,4710,0.008962275,0.5709072947502136,0.2,-0.006941435670887586,0.0882568359375,43.06,36.168907977342606
36.69572728000001,650,41.75,1933312,2971,472,,,,,,,,,,,,
37.74281819,650,40.47,1937408,2976,473,49.3461949467659,0.0003,21.012378692626953,-0.6026036970317363,4720,0.0060743513,0.5025349259376526,0.2,-0.00920419287867844,0.0671630859375,,
,,,1940000,,,48.440215182304385,0.0003,21.2575740814209,-0.5910237580537796,4730,0.0068476154,0.5167263150215149,0.2,-0.007344775332603604,0.0659423828125,47.78,31.116726118326188
31.892727299999997,650,46.76,1941504,2984,474,,,,,,,,,,,,
28.05827275,650,47.9,1945600,2989,475,53.21150193214417,0.0003,16.129976272583008,-0.6035195484757423,4740,0.00993474,0.5912984609603882,0.2,-0.009177673005615361,0.085107421875,,
36.023181830000006,650,41.62,1949696,2995,476,62.30162589550018,0.0003,27.696468353271484,-0.5625040283426642,4750,0.0064669065,0.6999914646148682,0.2,-0.006444242779980414,0.0592041015625,,
,,,1950000,,,60.86456003189087,0.0003,24.371925354003906,-0.5890902955085039,4760,0.0056681116,0.6158033609390259,0.2,-0.007489492082095239,0.0591552734375,33.86,43.19199898838997
32.32109093,650,46.0,1953792,3002,477,,,,,,,,,,,,
34.80545455,651,41.23,1957888,3007,478,65.41147656440735,0.0003,23.263938903808594,-0.5936064187437295,4770,0.0050530047,0.6900755763053894,0.2,-0.006277332817262504,0.046435546875,,
,,,1960000,,,64.47484781742097,0.0003,19.522842407226562,-0.532285843975842,4780,0.0040680924,0.7230464220046997,0.2,-0.0049380159471184015,0.041845703125,60.98,18.244362355470656
31.87327273,650,44.15,1961984,3015,479,,,,,,,,,,,,
34.49127275,650,43.07,1966080,3020,480,62.37196130752564,0.0003,25.25145721435547,-0.5534953877329827,4790,0.0052742665,0.7043812274932861,0.2,-0.006059899049432715,0.0523193359375,,
,,,1970000,,,56.6928156375885,0.0003,22.611711502075195,-0.5643714863806963,4800,0.0092842225,0.6631565093994141,0.2,-0.009377696420415305,0.0731689453125,39.5,38.23690801978111
35.1448182,650,42.88,1970176,3027,481,,,,,,,,,,,,
34.44609092,650,43.1,1974272,3032,482,75.23003892898559,0.0003,42.77359390258789,-0.586063039675355,4810,0.006009369,0.6581224203109741,0.2,-0.006979446003970225,0.066748046875,,
30.75063637,651,45.26,1978368,3038,483,72.23111526966095,0.0003,19.88152313232422,-0.6177619535475969,4820,0.0058964184,0.5206071138381958,0.2,-0.008068167529563653,0.065576171875,,
,,,1980000,,,55.97718604803085,0.0003,24.296043395996094,-0.5429497504606843,4830,0.0063364664,0.5951725244522095,0.2,-0.0058183787870802915,0.0549072265625,51.64,27.482544261217118
26.168636389999996,650,49.8,1982464,3046,484,,,,,,,,,,,,
31.135090929999997,651,47.07,1986560,3051,485,56.037142384052274,0.0003,23.163883209228516,-0.5437959643080831,4840,0.005438272,0.720862627029419,0.2,-0.007053341678692959,0.0579833984375,,
,,,1990000,,,72.59403121471405,0.0003,31.566335678100586,-0.5848631914705038,4850,0.005974917,0.5395932197570801,0.2,-0.008023244807554874,0.063671875,41.22,37.440907999277115
33.12927274,650,45.56,1990656,3060,486,,,,,,,,,,,,
28.91154549000001,647,49.16,1994752,3079,487,59.10415458679199,0.0003,24.379966735839844,-0.577797095105052,4860,0.005766861,0.5860603451728821,0.2,-0.008245459802856204,0.0582763671875,,
39.341909099999995,645,38.1,1998848,3096,488,69.0975811958313,0.0003,28.569272994995117,-0.5889905884861946,4870,0.008718099,0.6588483452796936,0.2,-0.009096615137241314,0.0786376953125,,
,,,2000000,,,56.27554459571839,0.0003,27.945140838623047,-0.5186420287936926,4880,0.007007631,0.5108574628829956,0.2,-0.009296284448646474,0.0616455078125,43.76,34.01272616624832
34.52245455,642,41.19,2002944,3118,489,,,,,,,,,,,,
33.704272749999994,640,44.31,2007040,3133,490,60.14038743972778,0.0003,30.540966033935547,-0.5394040467217565,4890,0.0050131734,0.6624689102172852,0.2,-0.006738079828210175,0.0467529296875,,
,,,2010000,,,58.24259963035583,0.0003,16.590734481811523,-0.5712318547070027,4900,0.007754166,0.6632246375083923,0.2,-0.008004351565614343,0.065771484375,45.12,32.77472615003586
31.460181849999994,637,46.68,2011136,3152,491,,,,,,,,,,,,
29.692727299999998,636,49.41,2015232,3167,492,82.58128490447999,0.0003,30.197742462158203,-0.636888687312603,4910,0.0071213786,0.7218213081359863,0.2,-0.00679460712854052,0.0660888671875,,
33.36818184,634,44.87,2019328,3181,493,110.01558604240418,0.0003,40.86275863647461,-0.637149826809764,4920,0.004587469,0.6761274337768555,0.2,-0.005089067650260404,0.05146484375,,
,,,2020000,,,90.39194481372833,0.0003,40.776363372802734,-0.607722932472825,4930,0.006362154,0.7534738779067993,0.2,-0.008126958104548975,0.0646728515625,38.26,40.391998935937885
34.69127275,632,43.77,2023424,3199,494,,,,,,,,,,,,
30.481090939999998,630,47.9,2027520,3214,495,104.44440703392029,0.0003,41.0025749206543,-0.6142461977899074,4940,0.0054137288,0.6780140399932861,0.2,-0.007261542910418939,0.0493408203125,,
,,,2030000,,,91.11929500102997,0.0003,36.48323059082031,-0.6225131262093783,4950,0.006108544,0.7097563743591309,0.2,-0.008399629607447423,0.05673828125,37.32,35.59908982396126
26.690272750000005,628,50.21,2031616,3231,496,,,,,,,,,,,,
29.94600002,627,48.64,2035712,3245,497,132.84304451942444,0.0003,47.89004898071289,-0.6030636720359326,4960,0.0045676227,0.723595380783081,0.2,-0.0052267566352384165,0.0368408203125,,
42.66199999999999,625,34.86,2039808,3258,498,110.029780960083,0.0003,45.05356979370117,-0.6258201390504837,4970,0.006605314,0.5858966708183289,0.2,-0.006514520439668559,0.05478515625,,
,,,2040000,,,39.33368457555771,0.0003,18.184934616088867,-0.5509608183056116,4980,0.009953789,-0.09974396228790283,0.2,-0.01034494064952014,0.089013671875,46.18,31.434362506866456
33.237727289999995,623,45.31,2043904,3277,499,,,,,,,,,,,,
35.12600001,622,43.05,2048000,3291,500,47.66568737030029,0.0003,15.1237211227417,-0.6254679508507252,4990,0.010556539,0.5445915460586548,0.2,-0.007076805057295132,0.08203125,,
,,,2050000,,,48.35271272659302,0.0003,18.202350616455078,-0.5517899611964822,5000,0.006044006,0.4560554623603821,0.2,-0.00762717911566142,0.07177734375,42.98,34.366726175546646
39.90436364,620,37.62,2052096,3309,501,,,,,,,,,,,,
37.60736365,618,39.96,2056192,3326,502,35.69182752370834,0.0003,20.147348403930664,-0.547463109344244,5010,0.009856846,0.5315390825271606,0.2,-0.009497540786105674,0.083935546875,,
,,,2060000,,,47.03602969646454,0.0003,21.395435333251953,-0.558357761055231,5020,0.00963187,0.6190026998519897,0.2,-0.011553258774802089,0.0828857421875,47.12,30.904726126194
26.865545490000002,615,51.73,2060288,3346,503,,,,,,,,,,,,
29.090636359999994,614,44.34,2064384,3359,504,66.66319375038147,0.0003,29.793121337890625,-0.6012033667415381,5030,0.0067311977,0.6965574622154236,0.2,-0.00756686016684398,0.0790771484375,,
35.16472729,613,43.02,2068480,3373,505,49.4900870680809,0.0003,16.714014053344727,-0.4877885112538934,5040,0.0054017277,0.5507445335388184,0.2,-0.006326383668056224,0.0498291015625,,
,,,2070000,,,57.36631487607956,0.0003,22.998348236083984,-0.5727634444832802,5050,0.0065912213,0.6059495806694031,0.2,-0.009475570862559835,0.065673828125,43.24,35.05181707382202
33.544727300000005,610,43.87,2072576,3392,506,,,,,,,,,,,,
27.806727289999998,609,48.45,2076672,3405,507,77.19313733577728,0.0003,33.10306930541992,-0.5667777318507433,5060,0.0064879,0.690792977809906,0.2,-0.007115857250755653,0.0605712890625,,
,,,2080000,,,91.56882050037385,0.0003,43.49764633178711,-0.5490704158321023,5070,0.005149249,0.730289876461029,0.2,-0.00561149870409281,0.047802734375,44.24,33.16563525080681
34.22427275,609,44.01,2080768,3413,508,,,,,,,,,,,,
28.099181850000004,609,51.3,2084864,3418,509,89.81129281520843,0.0003,43.308353424072266,-0.5793512091040611,5080,0.007282803,0.6898312568664551,0.2,-0.005855702757253311,0.066650390625,,
29.68672728,609,46.9,2088960,3424,510,99.5316267490387,0.0003,34.06612014770508,-0.6100623834878206,5090,0.0065297973,0.6645305156707764,0.2,-0.007538051303708926,0.0705322265625,,
,,,2090000,,,81.23903977870941,0.0003,38.89046096801758,-0.5644917387515307,5100,0.004547891,0.7728252410888672,0.2,-0.005193602950021159,0.04287109375,45.46,33.39272613763809
22.041727289999997,609,51.39,2093056,3433,511,,,,,,,,,,,,
33.42072729,609,44.8,2097152,3438,512,92.32527630329132,0.0003,32.50191116333008,-0.5420907109975814,5110,0.004390508,0.7902311682701111,0.2,-0.0064946504069666846,0.050537109375,,
,,,2100000,,,85.82573812007904,0.0003,26.987106323242188,-0.593650571256876,5120,0.005619173,0.5430202484130859,0.2,-0.00759264069783967,0.0550537109375,52.98,24.737453343868257
34.9638182,609,43.35,2101248,3446,513,,,,,,,,,,,,
34.13027275,609,43.54,2105344,3452,514,86.17015874385834,0.0003,37.3030891418457,-0.6080935377627611,5130,0.005866045,0.6398684978485107,0.2,-0.0076982546554063445,0.058251953125,,
36.65954546,610,41.5,2109440,3457,515,96.37270686626434,0.0003,35.045345306396484,-0.5996485274285078,5140,0.0055196495,0.550745964050293,0.2,-0.0064448497134435455,0.042578125,,
,,,2110000,,,63.969868683815,0.0003,22.99162483215332,-0.5638850655406713,5150,0.007810178,0.5099199414253235,0.2,-0.009677093583741225,0.0796875,51.98,28.187453339099886
36.02927275,609,41.16,2113536,3465,516,,,,,,,,,,,,
33.2317273,610,44.38,2117632,3471,517,58.070415306091306,0.0003,25.780431747436523,-0.5771378047764302,5160,0.01029364,0.6163314580917358,0.2,-0.010973276315053227,0.0882568359375,,
,,,2120000,,,82.24433557987213,0.0003,42.84597396850586,-0.6486098732799291,5170,0.006903725,0.7155296802520752,0.2,-0.008048470919311513,0.0647705078125,42.2,36.126907987594606
33.94827274000001,609,44.38,2121728,3478,518,,,,,,,,,,,,
33.91063638,610,44.04,2125824,3484,519,85.27581100463867,0.0003,29.690874099731445,-0.6389235809445382,5180,0.0054867016,0.7352629899978638,0.2,-0.005681716778781265,0.05341796875,,
32.90690911,610,44.97,2129920,3489,520,104.09469892978669,0.0003,42.96835708618164,-0.6773759048432112,5190,0.0068366965,0.6722970008850098,0.2,-0.007692193647380918,0.063037109375,,
,,,2130000,,,81.26422548294067,0.0003,27.85546875,-0.6181340612471103,5200,0.005899432,0.6192059516906738,0.2,-0.0069399257306940855,0.050927734375,47.66,31.3727261197567
36.781272740000006,610,41.72,2134016,3497,521,,,,,,,,,,,,
24.28572728,610,50.34,2138112,3502,522,93.74605045318603,0.0003,44.759803771972656,-0.6400831088423728,5210,0.006290674,0.609681248664856,0.2,-0.00937405771255726,0.0655029296875,,
,,,2140000,,,79.99613854885101,0.0003,31.12603187561035,-0.5944969110190869,5220,0.0043857796,0.7663170099258423,0.2,-0.005777879984816536,0.03984375,46.5,32.02072613358498
36.248818199999995,610,41.85,2142208,3510,523,,,,,,,,,,,,
28.63827274,610,48.2,2146304,3515,524,72.83218698501587,0.0003,29.809307098388672,-0.6119219642132521,5230,0.008209996,0.6642937660217285,0.2,-0.010607489323592744,0.0844970703125,,
,,,2150000,,,90.8651784658432,0.0003,23.94165802001953,-0.6056617137044669,5240,0.007078014,0.8048823475837708,0.2,-0.011209194899129216,0.0824951171875,46.46,31.919635224342347
28.244272750000004,610,48.53,2150400,3523,525,,,,,,,,,,,,
36.475818200000006,610,41.41,2154496,3528,526,99.54824318885804,0.0003,42.777931213378906,-0.6684418596327305,5250,0.005663291,0.6819315552711487,0.2,-0.005507850422873162,0.04814453125,,
40.025090909999996,610,37.63,2158592,3533,527,94.28264396190643,0.0003,37.96479034423828,-0.6331779848784208,5260,0.004810854,0.6879714727401733,0.2,-0.00828735842515016,0.0481201171875,,
,,,2160000,,,68.7362918138504,0.0003,31.181747436523438,-0.554607393965125,5270,0.0040966305,0.5070730447769165,0.2,-0.006193304205953609,0.0463134765625,41.86,36.88890799164772
28.343545469999995,610,47.89,2162688,3540,528,,,,,,,,,,,,
30.844727300000002,611,47.62,2166784,3546,529,75.53236138820648,0.0003,36.83710479736328,-0.6246073536574841,5280,0.0058734454,0.7872072458267212,0.2,-0.0069155854740529325,0.0607666015625,,
,,,2170000,,,80.94789230823517,0.0003,32.29756164550781,-0.652872322127223,5290,0.006602696,0.6524838209152222,0.2,-0.007827260991325602,0.0602783203125,49.32,29.428544288873674
28.417636399999996,610,50.25,2170880,3553,530,,,,,,,,,,,,
34.63127274,611,43.42,2174976,3559,531,86.69012901782989,0.0003,27.958276748657227,-0.6711520824581385,5300,0.006196035,0.6778610944747925,0.2,-0.007666155585320666,0.0627685546875,,
32.99536365,611,42.42,2179072,3564,532,111.05201830863953,0.0003,43.608394622802734,-0.6435722712427377,5310,0.005060179,0.5762463808059692,0.2,-0.009033872601867188,0.055712890625,,
,,,2180000,,,73.2091780424118,0.0003,39.20892333984375,-0.5809090949594975,5320,0.0053286003,0.6334250569343567,0.2,-0.006694602720381226,0.046923828125,38.22,39.580908035039904
37.4299091,611,40.94,2183168,3571,533,,,,,,,,,,,,
31.6298182,611,44.2,2187264,3577,534,58.03502624034881,0.0003,22.0986328125,-0.5843678664416074,5330,0.0069399234,0.5970205068588257,0.2,-0.011015203362330795,0.073388671875,,
,,,2190000,,,63.46129856109619,0.0003,25.672819137573242,-0.5917249642312526,5340,0.005511446,0.8269153833389282,0.2,-0.004380245249194559,0.0523681640625,53.76,25.526544235944748
33.71018183,611,45.18,2191360,3585,535,,,,,,,,,,,,
37.1349091,611,40.64,2195456,3590,536,60.67842950820923,0.0003,25.238645553588867,-0.6136028721928597,5350,0.006191217,0.5714811086654663,0.2,-0.007057811892445897,0.0560546875,,
34.06018183,611,44.23,2199552,3595,537,66.71100261211396,0.0003,27.669240951538086,-0.5797881051898003,5360,0.0062525417,0.6491642594337463,0.2,-0.011173665369278751,0.0745361328125,,
,,,2200000,,,70.5317899942398,0.0003,33.365203857421875,-0.5925728708505631,5370,0.0062693777,0.6783854961395264,0.2,-0.007568187355354894,0.055029296875,42.46,36.908907984495166
27.787545490000003,611,50.99,2203648,3603,538,,,,,,,,,,,,
30.120181849999998,611,48.48,2207744,3608,539,85.2061500787735,0.0003,36.23200607299805,-0.628371499106288,5380,0.006117256,0.6352173686027527,0.2,-0.006629289366537705,0.05322265625,,
,,,2210000,,,105.06119530200958,0.0003,51.62421417236328,-0.6156210340559483,5390,0.006948021,0.6904348134994507,0.2,-0.008934234947082587,0.064892578125,44.0,33.87763525366783
34.39945455,611,42.15,2211840,3616,540,,,,,,,,,,,,
26.046545490000003,611,52.91,2215936,3622,541,74.83091795444489,0.0003,33.39925003051758,-0.5784347981214524,5400,0.005305793,0.7844369411468506,0.2,-0.006883160189318005,0.048046875,,
,,,2220000,,,124.49130125045777,0.0003,50.41093063354492,-0.6707830302417278,5410,0.006773391,0.6073527336120605,0.2,-0.0060626411621342415,0.0676513671875,42.8,31.468907947540284
24.60400003,611,54.78,2220032,3629,542,,,,,,,,,,,,
32.38563638,611,45.54,2224128,3635,543,105.25783853530884,0.0003,51.075958251953125,-0.6886427029967308,5420,0.0069617494,0.6673604249954224,0.2,-0.009968136122915893,0.07373046875,,
34.845818200000004,612,43.81,2228224,3640,544,93.16055426597595,0.0003,41.829444885253906,-0.6250499073415995,5430,0.0057650814,0.7382850646972656,0.2,-0.007035919844929595,0.0507080078125,,
,,,2230000,,,139.8766701221466,0.0003,56.138893127441406,-0.6418217774480581,5440,0.00501299,0.6648801565170288,0.2,-0.005973054343485273,0.04970703125,55.94,19.877635086774827
23.6366364,611,53.24,2232320,3648,545,,,,,,,,,,,,
26.88109094,611,52.7,2236416,3654,546,117.58941059112549,0.0003,53.99221420288086,-0.6602042887359858,5450,0.0063727447,0.7847945690155029,0.2,-0.006917687178065535,0.06728515625,,
,,,2240000,,,111.90623712539673,0.0003,40.09040832519531,-0.7008664280176162,5460,0.0057298783,0.6967829465866089,0.2,-0.007140550251642707,0.064111328125,50.44,28.87254426717758
38.649909099999995,611,39.29,2240512,3662,547,,,,,,,,,,,,
29.926181850000003,611,48.81,2244608,3667,548,81.61740803718567,0.0003,29.973350524902344,-0.6130491491407156,5470,0.005041048,0.6948819160461426,0.2,-0.008647466948605142,0.0476318359375,,
35.5718182,612,43.24,2248704,3673,549,119.98620886802674,0.0003,42.34666061401367,-0.6617364395409823,5480,0.006537102,0.7062641382217407,0.2,-0.008232277593924664,0.0592529296875,,
,,,2250000,,,104.58390309810639,0.0003,51.624691009521484,-0.6482848789542913,5490,0.007427726,0.736388087272644,0.2,-0.008570329936628696,0.06689453125,51.06,27.806544276475908
30.511818200000004,611,46.36,2252800,3681,550,,,,,,,,,,,,
35.9338182,612,42.35,2256896,3686,551,110.16540098190308,0.0003,47.557823181152344,-0.6134440779685975,5500,0.005035221,0.6683931350708008,0.2,-0.006468205643614056,0.04892578125,,
,,,2260000,,,100.18704001903534,0.0003,51.674468994140625,-0.6420947633683681,5510,0.005496387,0.6426503658294678,0.2,-0.008648013191486826,0.0630615234375,48.96,30.622726104259492
22.103000039999998,611,54.87,2260992,3694,552,,,,,,,,,,,,
24.495636400000002,612,52.56,2265088,3699,553,89.09826366901397,0.0003,46.353851318359375,-0.6303022403270007,5520,0.0058778017,0.8513295650482178,0.2,-0.008491939713712782,0.05849609375,,
27.578272749999996,612,49.95,2269184,3705,554,103.9929212808609,0.0003,41.132076263427734,-0.6248879477381706,5530,0.004811354,0.7808110117912292,0.2,-0.006540710246190429,0.053955078125,,
,,,2270000,,,124.20910582542419,0.0003,60.86946487426758,-0.6738403741270304,5540,0.0058857803,0.7775628566741943,0.2,-0.0076268538730801085,0.0651123046875,43.9,35.593817065954205
27.4336364,612,52.83,2273280,3713,555,,,,,,,,,,,,
38.152363650000005,612,40.21,2277376,3718,556,149.6681278705597,0.0003,74.19375610351562,-0.6904711946845055,5550,0.004966672,0.7718161344528198,0.2,-0.007191264136054087,0.0587890625,,
,,,2280000,,,109.85944564342499,0.0003,36.06755447387695,-0.6377629902213812,5560,0.007305038,0.7689274549484253,0.2,-0.008858696349489038,0.0748291015625,46.5,33.95381703495979
31.182909099999996,612,46.3,2281472,3726,557,,,,,,,,,,,,
34.53127274,612,45.12,2285568,3731,558,115.63987078666688,0.0003,52.24353790283203,-0.6085864819586277,5570,0.0053386716,0.8128805160522461,0.2,-0.007574535340245348,0.0549072265625,,
34.846272739999996,612,44.92,2289664,3737,559,95.25114200115203,0.0003,39.4272575378418,-0.6386569172143937,5580,0.006877725,0.6394760012626648,0.2,-0.006340258501586505,0.0658203125,,
,,,2290000,,,80.23553810119628,0.0003,30.287548065185547,-0.624526172503829,5590,0.0057558613,0.6396374702453613,0.2,-0.009756310132797808,0.054931640625,46.76,33.34654430270195
34.57836365000001,612,45.64,2293760,3744,560,,,,,,,,,,,,
33.532272750000004,612,45.8,2297856,3750,561,100.60099785327911,0.0003,34.38456344604492,-0.6620452687144279,5600,0.005808024,0.46510112285614014,0.2,-0.008407884571352043,0.0611328125,,
,,,2300000,,,68.35989968776703,0.0003,26.169885635375977,-0.6408112417906523,5610,0.007275276,0.7417357563972473,0.2,-0.01180147571139969,0.0739501953125,50.54,28.475635184049608
31.57618185,612,47.36,2301952,3758,562,,,,,,,,,,,,
31.01918184,612,48.6,2306048,3763,563,87.17377440929413,0.0003,30.349525451660156,-0.6862703446298838,5620,0.009504989,0.7853096127510071,0.2,-0.009440689961775207,0.077099609375,,
,,,2310000,,,62.87909367084503,0.0003,24.164087295532227,-0.581389033049345,5630,0.0072223805,0.5021247267723083,0.2,-0.007090842626348603,0.0626953125,44.28,29.464907938241957
33.53572729,612,45.4,2310144,3771,564,,,,,,,,,,,,
27.010545479999998,612,52.78,2314240,3776,565,66.48224036693573,0.0003,30.687828063964844,-0.5697452563792467,5640,0.0060702655,0.6347832679748535,0.2,-0.010371343436418101,0.067919921875,,
31.25718185,612,47.04,2318336,3782,566,90.18483483791351,0.0003,37.2799072265625,-0.6572039570659399,5650,0.0072235954,0.653815507888794,0.2,-0.008199381553276907,0.0689697265625,,
,,,2320000,,,82.50299122333527,0.0003,42.33662796020508,-0.6270740829408169,5660,0.006392759,0.7629084587097168,0.2,-0.008922432623512578,0.067724609375,41.76,35.35708982110023
28.270909099999997,612,46.26,2322432,3789,567,,,,,,,,,,,,
37.850363650000006,613,39.75,2326528,3795,568,87.92646367549897,0.0003,47.643184661865234,-0.5389723310247063,5670,0.004197768,0.777105450630188,0.2,-0.006709397628583247,0.0448486328125,,
,,,2330000,,,71.01425776481628,0.0003,34.7884407043457,-0.5826287072151899,5680,0.0055676554,0.7412607669830322,0.2,-0.008442994368670043,0.0563232421875,43.32,35.42781707286835
34.413272750000004,612,43.63,2330624,3802,569,,,,,,,,,,,,
35.43481819,613,43.53,2334720,3808,570,88.00144424438477,0.0003,49.65713119506836,-0.6321163199841976,5690,0.0072289193,0.6639870405197144,0.2,-0.008775200115633198,0.06708984375,,
33.79672729,613,45.78,2338816,3813,571,74.59497292041779,0.0003,30.324575424194336,-0.607683252170682,5700,0.006429294,0.5472152233123779,0.2,-0.009399119226145558,0.06005859375,,
,,,2340000,,,78.87169172763825,0.0003,26.87029266357422,-0.6362737860530615,5710,0.008481313,0.633015513420105,0.2,-0.008752363633539062,0.0764404296875,45.7,32.93072614312172
35.1788182,613,43.65,2342912,3821,572,,,,,,,,,,,,
34.44672729,613,44.68,2347008,3826,573,65.5293802022934,0.0003,28.36372184753418,-0.602481484785676,5720,0.0073727863,0.5257955193519592,0.2,-0.011891560592630412,0.0808837890625,,
,,,2350000,,,57.505433320999146,0.0003,23.770841598510742,-0.615336735919118,5730,0.0071765753,0.6262952089309692,0.2,-0.00938946731184842,0.0743408203125,49.2,31.483817002773286
32.3997273,613,46.47,2351104,3834,574,,,,,,,,,,,,
27.141090939999998,613,52.4,2355200,3839,575,87.19130749702454,0.0003,49.16883850097656,-0.6611789342015981,5740,0.007613118,0.7387244701385498,0.2,-0.006896152632543817,0.06328125,,
32.86127274,613,46.82,2359296,3844,576,103.63542466163635,0.0003,48.37350845336914,-0.6482649713754653,5750,0.006616518,0.6339266300201416,0.2,-0.007610112562542781,0.05751953125,,
,,,2360000,,,90.67227239608765,0.0003,39.93833541870117,-0.6239581897854805,5760,0.0060465625,0.6573461294174194,0.2,-0.007734944453113712,0.060009765625,71.76,7.874907711744308
32.1757273,613,46.85,2363392,3853,577,,,,,,,,,,,,
27.574000029999997,613,51.78,2367488,3859,578,72.80318865776061,0.0003,25.386035919189453,-0.6445042546838522,5770,0.005361705,0.7081727981567383,0.2,-0.007196671978454106,0.0733642578125,,
,,,2370000,,,99.37245438098907,0.0003,35.1735954284668,-0.6804427951574326,5780,0.0067888815,0.7322062253952026,0.2,-0.0077659947404754345,0.06572265625,53.88,26.154907865524294
29.515090940000004,613,50.07,2371584,3867,579,,,,,,,,,,,,
22.819181840000002,613,51.94,2375680,3873,580,84.47258741855622,0.0003,41.67461395263672,-0.6096051845699548,5790,0.005638733,0.6541640758514404,0.2,-0.008434371677867602,0.062890625,,
34.490909099999996,613,41.94,2379776,3878,581,112.10281863212586,0.0003,62.04716873168945,-0.616096431389451,5800,0.0053841625,0.817700982093811,0.2,-0.0069278418057365345,0.0476806640625,,
,,,2380000,,,79.17105710506439,0.0003,31.482126235961914,-0.5735770300030708,5810,0.0052226894,0.8683964014053345,0.2,-0.005965293056215159,0.0513916015625,42.96,32.0739988553524
31.262000019999995,613,47.82,2383872,3886,582,,,,,,,,,,,,
38.05636365,613,40.23,2387968,3891,583,101.17663733959198,0.0003,36.88060760498047,-0.6602693568915129,5820,0.0053058965,0.6292880773544312,0.2,-0.005922415049280971,0.0431396484375,,
,,,2390000,,,88.71433486938477,0.0003,53.40261459350586,-0.6045392535626888,5830,0.006180055,0.7570712566375732,0.2,-0.009216343794832937,0.06181640625,40.34,37.69872619867325
34.877181830000005,613,43.64,2392064,3899,584,,,,,,,,,,,,
39.9699091,613,38.19,2396160,3905,585,84.55224883556366,0.0003,38.265872955322266,-0.5999521251767874,5840,0.00570817,0.6638801097869873,0.2,-0.006979282619431615,0.0451171875,,
,,,2400000,,,52.87954065799713,0.0003,28.75516128540039,-0.594392205402255,5850,0.0076291026,0.34803950786590576,0.2,-0.007027190366352442,0.05888671875,45.12,33.54472615003586
36.12436364999999,613,42.82,2400256,3912,586,,,,,,,,,,,,
35.205818199999996,613,44.01,2404352,3918,587,48.819440114498136,0.0003,16.90083122253418,-0.629917922616005,5860,0.007140681,0.6590275764465332,0.2,-0.00918556697142776,0.0697021484375,,
29.49400002,613,49.93,2408448,3923,588,62.69034622907638,0.0003,24.426225662231445,-0.6340668044984341,5870,0.00707604,0.6213480234146118,0.2,-0.009856647113338113,0.07041015625,,
,,,2410000,,,49.65881912708282,0.0003,28.284379959106445,-0.624874885007739,5880,0.011070762,0.5481300354003906,0.2,-0.008956065610982477,0.09365234375,53.86,25.55036242365837
27.635272759999992,613,51.0,2412544,3931,589,,,,,,,,,,,,
37.1458182,613,40.71,2416640,3937,590,62.715230560302736,0.0003,29.993175506591797,-0.6455505471676588,5890,0.01303985,0.6560183167457581,0.2,-0.01007790081348503,0.0981689453125,,
,,,2420000,,,74.034304189682,0.0003,29.6408748626709,-0.6289412893354893,5900,0.0065195933,0.667458176612854,0.2,-0.011429013145971112,0.0785888671875,53.18,27.726726053953172
28.515636399999998,613,50.64,2420736,3945,591,,,,,,,,,,,,
29.492090939999997,613,49.78,2424832,3950,592,70.50444955825806,0.0003,34.69377517700195,-0.6769837073981761,5910,0.006447346,0.6431838274002075,0.2,-0.007846499588049482,0.0670166015625,,
30.391090930000004,613,49.25,2428928,3956,593,105.4366861820221,0.0003,43.650634765625,-0.6886898260563612,5920,0.008414116,0.6661145091056824,0.2,-0.00713759473292157,0.0652587890625,,
,,,2430000,,,84.9864054441452,0.0003,38.17977523803711,-0.68032361343503,5930,0.004616434,0.6713318824768066,0.2,-0.007026563001272734,0.0525634765625,42.96,35.91272616744041
32.584272750000004,613,47.76,2433024,3964,594,,,,,,,,,,,,
29.987090939999998,613,49.63,2437120,3969,595,100.20040328502655,0.0003,39.99665069580078,-0.6552792500704527,5940,0.007107865,0.6445096731185913,0.2,-0.009605479206948075,0.076904296875,,
,,,2440000,,,103.67505049705505,0.0003,50.321964263916016,-0.6630541738122702,5950,0.004532927,0.678787350654602,0.2,-0.005034074599097949,0.0382080078125,54.88,24.740544230937957
33.5488182,613,46.05,2441216,3977,596,,,,,,,,,,,,
29.3027273,613,51.01,2445312,3983,597,122.1888431072235,0.0003,48.657649993896484,-0.6825602144002915,5960,0.0072027617,0.6583554744720459,0.2,-0.008266277679649648,0.0860107421875,,
32.76772729,614,47.06,2449408,3988,598,131.33319849967955,0.0003,58.138973236083984,-0.6841345112770796,5970,0.005718123,0.5208764672279358,0.2,-0.008785153701319359,0.066162109375,,
,,,2450000,,,81.35531935691833,0.0003,31.807558059692383,-0.6639322347939014,5980,0.0070154597,0.602043867111206,0.2,-0.008773085685970728,0.0642822265625,42.4,37.41690798521042
24.651272769999995,613,54.63,2453504,3996,599,,,,,,,,,,,,
36.93436365,614,42.07,2457600,4001,600,89.23944201469422,0.0003,34.74467849731445,-0.7208360295742751,5990,0.00747771,0.72297203540802,0.2,-0.009554621469578705,0.070703125,,
,,,2460000,,,111.73378658294678,0.0003,43.71392822265625,-0.6610318437218666,6000,0.006991364,0.5949362516403198,0.2,-0.00792501153628109,0.065234375,49.5,30.607635188102723
29.403636389999996,613,50.73,2461696,4009,601,,,,,,,,,,,,
25.220454580000002,614,54.82,2465792,4015,602,119.44667868614196,0.0003,45.11569595336914,-0.7103078555315733,6010,0.006842538,0.7078335881233215,0.2,-0.007221904120524414,0.0594970703125,,
22.54109094,614,58.16,2469888,4020,603,96.07903115749359,0.0003,30.515071868896484,-0.6854207914322614,6020,0.0049400227,0.6416559219360352,0.2,-0.008008857251843438,0.0592041015625,,
,,,2470000,,,99.99083652496338,0.0003,34.010459899902344,-0.7039762411266566,6030,0.0066675986,0.6384265422821045,0.2,-0.00998498964763712,0.0698486328125,54.28,25.807453328371047
33.392727289999996,614,46.51,2473984,4028,604,,,,,,,,,,,,
30.845818200000004,614,46.78,2478080,4034,605,78.87075979709626,0.0003,39.83086013793945,-0.6528297167271375,6040,0.0061936225,0.6297894716262817,0.2,-0.009967721055727453,0.0648681640625,,
,,,2480000,,,103.00891995429993,0.0003,30.053176879882812,-0.6445194240659475,6050,0.0049791224,0.807134211063385,0.2,-0.009291310931439511,0.058544921875,46.22,32.98472613692284
28.88018185,614,51.33,2482176,4042,606,,,,,,,,,,,,
29.0197273,614,51.42,2486272,4047,607,96.47599544525147,0.0003,38.8594970703125,-0.7101381525397301,6060,0.006338301,0.7330769300460815,0.2,-0.008485858721542172,0.0647216796875,,
,,,2490000,,,115.95241961479186,0.0003,58.97355651855469,-0.6452064801007509,6070,0.006440203,0.7072478532791138,0.2,-0.011377023661043494,0.062744140625,45.38,33.80363523721695
36.803272740000004,614,41.93,2490368,4055,608,,,,,,,,,,,,
34.4488182,614,44.75,2494464,4061,609,79.55338609218597,0.0003,36.31892395019531,-0.6348696660250426,6080,0.006270414,0.7479203343391418,0.2,-0.010659647807915461,0.05966796875,,
35.27836365,614,44.14,2498560,4066,610,90.63047139644623,0.0003,40.53736114501953,-0.6084350872784853,6090,0.0053048967,0.637602686882019,0.2,-0.008066624977072934,0.05703125,,
,,,2500000,,,86.93434851169586,0.0003,23.190702438354492,-0.6107382822781802,6100,0.006820364,0.6500601768493652,0.2,-0.011052090869634412,0.0640869140625,38.8,39.20690802812576
25.883636380000002,614,52.15,2502656,4074,611,,,,,,,,,,,,
29.338818199999995,614,47.62,2506752,4079,612,86.90937979221344,0.0003,40.7104377746582,-0.6128657750785351,6110,0.0071083456,0.7897706031799316,0.2,-0.007525441645702813,0.0677734375,,
,,,2510000,,,87.92664618492127,0.0003,35.89316940307617,-0.5977982200682164,6120,0.006726013,0.6463099718093872,0.2,-0.008694493804068771,0.054833984375,39.86,38.26890801548958
34.646272749999994,614,43.72,2510848,4086,613,,,,,,,,,,,,
32.24618185,614,45.91,2514944,4092,614,84.2718014717102,0.0003,40.86341857910156,-0.6366012759506703,6130,0.008293868,0.6016363501548767,0.2,-0.00936704721825663,0.0718994140625,,
30.95963639,614,47.76,2519040,4097,615,95.37131986618041,0.0003,39.50006103515625,-0.6040655039250851,6140,0.0060645556,0.7440521717071533,0.2,-0.008048816329392139,0.0518798828125,,
,,,2520000,,,99.84508039951325,0.0003,48.26935577392578,-0.6347357399761677,6150,0.0057905326,0.6991527080535889,0.2,-0.007983823800168465,0.0632080078125,46.54,32.252544313669205
29.587454570000006,614,49.53,2523136,4105,616,,,,,,,,,,,,
33.11000002,614,45.56,2527232,4110,617,116.68381395339966,0.0003,64.176513671875,-0.6217837877571583,6160,0.006666793,0.6738035678863525,0.2,-0.009583656430186238,0.0691162109375,,
,,,2530000,,,102.12024216651916,0.0003,45.583457946777344,-0.6245779067277908,6170,0.0058485493,0.691102921962738,0.2,-0.008623145837918855,0.060791015625,43.36,35.79581707239151
32.074272750000006,614,47.86,2531328,4118,618,,,,,,,,,,,,
36.76200000000001,614,39.83,2535424,4123,619,90.78167726993561,0.0003,37.227848052978516,-0.6306850556284189,6180,0.0051051127,0.5745452642440796,0.2,-0.005651660636067391,0.0493896484375,,
33.45127275,615,46.17,2539520,4128,620,49.93365526199341,0.0003,17.545793533325195,-0.5772157803177833,6190,0.0067118527,0.6221737265586853,0.2,-0.01001703941146843,0.065185546875,,
,,,2540000,,,43.6153981089592,0.0003,20.986827850341797,-0.6554205860942602,6200,0.008647409,0.5771044492721558,0.2,-0.010614637544495053,0.0882080078125,47.84,32.23872611761093
28.43127275000001,614,48.89,2543616,4136,621,,,,,,,,,,,,
32.11372730000001,615,46.74,2547712,4141,622,48.04112212657928,0.0003,20.99268341064453,-0.6324376244097948,6210,0.00892887,0.8669923543930054,0.2,-0.009898321100627073,0.06806640625,,
,,,2550000,,,87.57213401794434,0.0003,36.281959533691406,-0.6773724112659693,6220,0.0050394777,0.7516212463378906,0.2,-0.008003849655506202,0.0570556640625,46.64,33.031817033290864
35.72481819,614,43.28,2551808,4149,623,,,,,,,,,,,,
32.85563637999999,615,46.19,2555904,4155,624,64.65381531715393,0.0003,24.393583297729492,-0.6545199096202851,6230,0.0074142665,0.49986422061920166,0.2,-0.010585918033029884,0.0661376953125,,
,,,2560000,,,59.62277269363403,0.0003,21.876157760620117,-0.6764397636055947,6240,0.008300852,0.6235090494155884,0.2,-0.01085548046976328,0.0773193359375,39.72,39.21399891853333
29.071636379999994,615,51.12,2560000,4162,625,,,,,,,,,,,,
32.7749091,615,44.56,2564096,4168,626,76.00280272960663,0.0003,31.381885528564453,-0.639682125672698,6250,0.008862913,0.5087147355079651,0.2,-0.009495742304716259,0.0751220703125,,
33.63336365000001,615,46.44,2568192,4173,627,64.75182032585144,0.0003,23.79266929626465,-0.5889301843941211,6260,0.005410453,0.7788232564926147,0.2,-0.00786594873352442,0.0527587890625,,
,,,2570000,,,66.70839478969575,0.0003,28.786943435668945,-0.6123565338551998,6270,0.0086617395,0.4877638816833496,0.2,-0.01058527438872261,0.07216796875,44.88,34.4698170542717
37.26881819,615,41.4,2572288,4181,628,,,,,,,,,,,,
27.59463639,615,52.41,2576384,4186,629,47.90616234540939,0.0003,17.668987274169922,-0.6038059163838625,6280,0.007921618,0.4846895933151245,0.2,-0.00937287427659612,0.073974609375,,
,,,2580000,,,58.52847771644592,0.0003,23.146724700927734,-0.6333471782505512,6290,0.00766645,0.4682720899581909,0.2,-0.007741489636828192,0.0876220703125,46.56,32.12272613286972
28.79663639,615,49.83,2580480,4194,630,,,,,,,,,,,,
32.49218185000001,615,45.24,2584576,4199,631,56.4634774684906,0.0003,22.355514526367188,-0.6467621799558401,6300,0.010339525,0.6292726397514343,0.2,-0.010001291023218072,0.0845703125,,
28.731090940000005,615,49.85,2588672,4205,632,70.59401829242707,0.0003,22.78179931640625,-0.6368975058197975,6310,0.009754315,0.7535887956619263,0.2,-0.012564105686033144,0.0840576171875,,
,,,2590000,,,84.88384187221527,0.0003,34.95435333251953,-0.6533226191997528,6320,0.0068229698,0.6689473390579224,0.2,-0.009974880024674348,0.0739501953125,35.62,41.29781715631485
32.6327273,615,45.71,2592768,4212,633,,,,,,,,,,,,
27.196636399999992,615,52.07,2596864,4218,634,85.81993217468262,0.0003,32.8985481262207,-0.6680771142244339,6330,0.0074462355,0.7659437656402588,0.2,-0.008697160963492934,0.063818359375,,
,,,2600000,,,123.17609705924988,0.0003,49.046810150146484,-0.6885740350931883,6340,0.00675252,0.7033922672271729,0.2,-0.009271624623215758,0.07138671875,44.44,34.671817059516904
23.646454589999994,615,56.15,2600960,4226,635,,,,,,,,,,,,
27.229090950000003,615,52.49,2605056,4231,636,118.6488226890564,0.0003,51.662288665771484,-0.6799937594681978,6350,0.0065864166,0.7293848991394043,0.2,-0.010768481221748515,0.072216796875,,
34.262909099999995,615,42.65,2609152,4237,637,126.1781895160675,0.0003,65.66258239746094,-0.6794207137078047,6360,0.00648754,0.7164034843444824,0.2,-0.009984355568303727,0.05498046875,,
,,,2610000,,,110.61912472248078,0.0003,37.00551986694336,-0.6118095312267542,6370,0.0058065737,0.7876558899879456,0.2,-0.00998286163485318,0.0714111328125,42.3,36.25381708502769
29.131090940000004,615,50.4,2613248,4245,638,,,,,,,,,,,,
28.66418184,615,50.61,2617344,4250,639,110.36412441730499,0.0003,47.461116790771484,-0.6682111173868179,6380,0.007899803,0.6278060674667358,0.2,-0.008228055940708145,0.0681884765625,,
,,,2620000,,,108.34103951454162,0.0003,45.72517395019531,-0.6877296209335327,6390,0.006460136,0.6833131313323975,0.2,-0.008850877308577764,0.074462890625,38.84,39.314908027648926
28.143727300000005,615,48.31,2621440,4257,640,,,,,,,,,,,,
32.626090930000004,615,46.4,2625536,4263,641,110.68605976104736,0.0003,32.98342514038086,-0.6603734139353037,6400,0.0055457363,0.8378803133964539,0.2,-0.007516071670397651,0.0576416015625,,
30.472818189999995,616,46.89,2629632,4268,642,113.9088701248169,0.0003,42.52190399169922,-0.6690400321036577,6410,0.0056968583,0.6813136339187622,0.2,-0.008816091829794459,0.0450927734375,,
,,,2630000,,,98.8293276309967,0.0003,31.757720947265625,-0.6165201686322689,6420,0.0073003843,0.8252485394477844,0.2,-0.00969360378512647,0.0668701171875,50.86,29.875816982984542
25.184909130000005,615,54.9,2633728,4276,643,,,,,,,,,,,,
36.68036365,616,43.2,2637824,4281,644,100.71590015888214,0.0003,45.786312103271484,-0.6983669769018889,6430,0.0065583033,0.6555271148681641,0.2,-0.009336927354161162,0.055029296875,,
,,,2640000,,,93.58235223293305,0.0003,45.63684844970703,-0.6330947741866112,6440,0.00588498,0.6563748717308044,0.2,-0.008056710523669608,0.066552734375,44.52,30.572907927036287
31.710181850000005,615,46.98,2641920,4289,645,,,,,,,,,,,,
35.626272740000005,616,42.92,2646016,4295,646,112.28270766735076,0.0003,49.055423736572266,-0.6626948580145836,6450,0.006724962,0.6859169006347656,0.2,-0.0068179135603713805,0.0557373046875,,
,,,2650000,,,98.83707933425903,0.0003,42.769752502441406,-0.6446292318403721,6460,0.0058158454,0.7197997570037842,0.2,-0.006847418074903544,0.045556640625,41.0,38.52690800189972
30.367363649999998,615,47.28,2650112,4302,647,,,,,,,,,,,,
30.163727299999994,616,50.14,2654208,4307,648,98.51077105998993,0.0003,43.82939910888672,-0.6450369998812675,6470,0.0067670764,0.8592565655708313,0.2,-0.007444251426204573,0.0638916015625,,
31.739090929999993,616,47.34,2658304,4313,649,111.2316475868225,0.0003,69.7150650024414,-0.6731477305293083,6480,0.006735915,0.698959469795227,0.2,-0.009129145799670368,0.0728271484375,,
,,,2660000,,,102.90293412208557,0.0003,42.3492431640625,-0.6651458468288183,6490,0.00643047,0.5125750303268433,0.2,-0.010420033906120807,0.0672607421875,59.26,20.83418055653572
20.39990912,616,58.02,2662400,4321,650,,,,,,,,,,,,
33.09627275,616,46.97,2666496,4326,651,86.74309105873108,0.0003,34.055789947509766,-0.6724960912019015,6500,0.0071540307,0.7985247373580933,0.2,-0.009123662718047853,0.068310546875,,
,,,2670000,,,108.55274147987366,0.0003,51.79765701293945,-0.6576800081878901,6510,0.0054254076,0.6758516430854797,0.2,-0.009581220854306594,0.0563232421875,46.04,33.555635229349136
33.163454550000004,616,44.92,2670592,4334,652,,,,,,,,,,,,
30.20809092,616,50.51,2674688,4340,653,118.14989128112794,0.0003,62.85793685913086,-0.6198830049484968,6520,0.0062194983,0.8230897784233093,0.2,-0.008951439533848315,0.0533935546875,,
27.4059091,616,49.06,2678784,4345,654,97.5611545085907,0.0003,41.34107208251953,-0.6813688188791275,6530,0.008014163,0.5479641556739807,0.2,-0.007507966208504513,0.064794921875,,
,,,2680000,,,100.47721300125122,0.0003,39.47227096557617,-0.5965022705495358,6540,0.005167875,0.9113083481788635,0.2,-0.006856160404277034,0.056640625,39.96,39.701998915672306
29.892272740000003,616,47.67,2682880,4352,655,,,,,,,,,,,,
22.0724546,616,58.18,2686976,4358,656,87.69356708526611,0.0003,40.192169189453125,-0.6305470131337643,6550,0.007268257,0.87943035364151,0.2,-0.008216293880832382,0.0623046875,,
,,,2690000,,,114.77381181716919,0.0003,43.09686279296875,-0.689072185754776,6560,0.0075312685,0.5847765803337097,0.2,-0.00843634788034251,0.068359375,45.52,34.5478170466423
29.220636399999993,616,50.54,2691072,4366,657,,,,,,,,,,,,
26.78627274,616,51.84,2695168,4371,658,88.85965371131897,0.0003,39.744598388671875,-0.6892620921134949,6570,0.006832744,0.688690185546875,0.2,-0.008957109021139331,0.064697265625,,
34.192636379999996,616,45.55,2699264,4376,659,86.22406558990478,0.0003,40.321773529052734,-0.6446748327463865,6580,0.00752047,0.8711100220680237,0.2,-0.010869042211561463,0.0732666015625,,
,,,2700000,,,89.72980530261994,0.0003,38.12700271606445,-0.6611598461866379,6590,0.0070167985,0.5030990839004517,0.2,-0.010225795734731946,0.07236328125,43.4,36.13381707191467
28.507454569999997,616,51.68,2703360,4384,660,,,,,,,,,,,,
35.09927274,616,44.36,2707456,4390,661,75.54029395580292,0.0003,29.818384170532227,-0.6695616640150547,6600,0.0066341683,0.5713869333267212,0.2,-0.011282349619432353,0.0778564453125,,
,,,2710000,,,62.475971484184264,0.0003,25.725322723388672,-0.6456056471914053,6610,0.0077737016,0.561603307723999,0.2,-0.01160755105811404,0.0771240234375,48.86,29.813453384637832
36.68281819999999,616,41.97,2711552,4397,662,,,,,,,,,,,,
33.90681818000001,616,42.61,2715648,4403,663,62.260204434394836,0.0003,23.135618209838867,-0.6528314355760813,6620,0.008792129,0.5864652395248413,0.2,-0.011554687975149136,0.085107421875,,
23.09218183,616,52.03,2719744,4409,664,40.93511267900467,0.0003,13.488759994506836,-0.5930233504623175,6630,0.0075837644,0.35182851552963257,0.2,-0.00756868815242342,0.068359375,,
,,,2720000,,,57.48814058303833,0.0003,19.53984832763672,-0.604655833914876,6640,0.0065391604,0.7928768396377563,0.2,-0.008525109537004028,0.0665283203125,41.34,37.6149079978466
34.03436365,616,45.62,2723840,4416,665,,,,,,,,,,,,
32.88572729,616,45.75,2727936,4422,666,61.35498321056366,0.0003,29.54414176940918,-0.6279031999409199,6650,0.008878453,0.46421903371810913,0.2,-0.013803052221192047,0.0974609375,,
,,,2730000,,,53.407258582115176,0.0003,22.97382926940918,-0.6133488219231367,6660,0.008971045,0.555353045463562,0.2,-0.014547822890745011,0.094970703125,55.78,23.364362409114836
29.759090940000007,616,48.74,2732032,4430,667,,,,,,,,,,,,
31.52927275,616,47.71,2736128,4435,668,54.698538708686826,0.0003,22.097745895385742,-0.6344042707234621,6670,0.011811329,0.6630468368530273,0.2,-0.01314565411012154,0.095556640625,,
,,,2740000,,,69.87607202529907,0.0003,33.29469299316406,-0.6350970171391964,6680,0.007416222,0.6532615423202515,0.2,-0.01094853698159568,0.0746337890625,31.6,44.53999901533127
31.713090939999997,616,46.46,2740224,4442,669,,,,,,,,,,,,
36.066272749999996,616,41.22,2744320,4448,670,79.46459324359894,0.0003,32.08987045288086,-0.625661040470004,6690,0.0080241,0.7216192483901978,0.2,-0.011951733614841942,0.08447265625,,
29.208727299999996,617,48.76,2748416,4454,671,64.53765697479248,0.0003,25.67316246032715,-0.5998791188001633,6700,0.0059331767,0.7932490110397339,0.2,-0.010736140704102582,0.0615478515625,,
,,,2750000,,,126.8097252368927,0.0003,49.59968185424805,-0.6170795995742082,6710,0.0064406334,0.6758309602737427,0.2,-0.008760527415870457,0.0655029296875,36.92,41.033998951911926
22.571727300000003,616,53.52,2752512,4461,672,,,,,,,,,,,,
38.217818189999996,617,39.52,2756608,4466,673,95.30718493461609,0.0003,39.53086471557617,-0.5671503446996212,6720,0.005894307,0.7757362127304077,0.2,-0.008843346024514176,0.06923828125,,
,,,2760000,,,111.29022915363312,0.0003,45.868309020996094,-0.592053035646677,6730,0.0057327864,0.5952774286270142,0.2,-0.009023490316758398,0.0490234375,41.0,37.043817100524905
36.2128182,617,41.72,2760704,4474,674,,,,,,,,,,,,
27.400090939999995,617,51.53,2764800,4479,675,87.75785148143768,0.0003,35.38351821899414,-0.6193728145211935,6740,0.0065223826,0.6202317476272583,0.2,-0.00961178528086748,0.06220703125,,
39.45590909999999,617,38.97,2768896,4485,676,94.4759423494339,0.0003,41.71604919433594,-0.6798791252076626,6750,0.006892331,0.6542137861251831,0.2,-0.008858035143930465,0.064501953125,,
,,,2770000,,,67.13957359790803,0.0003,49.37386703491211,-0.6165089063346386,6760,0.008271583,0.6874675750732422,0.2,-0.011926811408193317,0.08017578125,57.58,22.48054419875145
27.186454549999997,617,47.19,2772992,4493,677,,,,,,,,,,,,
29.972272740000005,617,47.77,2777088,4498,678,63.368775081634524,0.0003,25.69896125793457,-0.5501281943172216,6770,0.0072042574,0.8264555335044861,0.2,-0.006666094288812019,0.0628662109375,,
,,,2780000,,,85.35010378360748,0.0003,31.625036239624023,-0.6114002995193004,6780,0.0059848274,0.5589810609817505,0.2,-0.00777300882327836,0.0691162109375,41.64,36.651817092895506
32.02572729999999,617,47.05,2781184,4506,679,,,,,,,,,,,,
36.70936364999999,617,42.22,2785280,4511,680,73.46038620471954,0.0003,36.20033645629883,-0.6308635674417019,6790,0.008856194,0.5756921768188477,0.2,-0.010297967969381715,0.0707763671875,,
30.32118185,617,48.71,2789376,4517,681,74.88779034614564,0.0003,34.32249069213867,-0.622910164296627,6800,0.009505869,0.6242449283599854,0.2,-0.011761833890341222,0.0935791015625,,
,,,2790000,,,81.4906135559082,0.0003,39.0649299621582,-0.6387700457125902,6810,0.007953832,0.5560248494148254,0.2,-0.008862949244212359,0.072216796875,41.6,36.40763527393341
40.15745455,617,38.12,2793472,4524,682,,,,,,,,,,,,
39.94990909999999,617,37.79,2797568,4529,683,53.22757160663605,0.0003,27.282672882080078,-0.589940357580781,6820,0.007512384,0.5941321849822998,0.2,-0.011830469859705772,0.0826416015625,,
,,,2800000,,,46.50964210033417,0.0003,18.100683212280273,-0.5984125796705484,6830,0.008873022,0.5905481576919556,0.2,-0.008766541110526304,0.0886474609375,44.28,34.37672615170479
35.18845456,617,42.47,2801664,4537,684,,,,,,,,,,,,
35.20027275,617,42.34,2805760,4543,685,48.88623263835907,0.0003,16.567113876342773,-0.5803217548877001,6840,0.009035094,0.5820693373680115,0.2,-0.010369283289765007,0.08076171875,,
30.666636390000008,617,47.52,2809856,4548,686,53.64400173425675,0.0003,15.113543510437012,-0.6041650753468275,6850,0.007346486,0.725053071975708,0.2,-0.01107648436591262,0.0793701171875,,
,,,2810000,,,65.9524497628212,0.0003,31.298585891723633,-0.6173862978816033,6860,0.0068981424,0.7270657420158386,0.2,-0.011370115714089479,0.073046875,46.1,30.889817057251932
30.537636399999997,617,47.25,2813952,4556,687,,,,,,,,,,,,
34.903272740000006,617,43.23,2818048,4562,688,90.952264046669,0.0003,41.289981842041016,-0.5774825263768435,6870,0.007516701,0.7389135360717773,0.2,-0.0095873702535755,0.0662841796875,,
,,,2820000,,,74.27728264331817,0.0003,23.162370681762695,-0.5856005929410457,6880,0.0068723653,0.5373145937919617,0.2,-0.009797720811911858,0.0710205078125,43.74,34.451817067861555
23.440545490000005,617,52.85,2822144,4569,689,,,,,,,,,,,,
25.77227277,617,51.86,2826240,4575,690,70.6468111038208,0.0003,27.466856002807617,-0.5649703096598386,6890,0.0053304005,0.7821649312973022,0.2,-0.006749851093627512,0.0514892578125,,
,,,2830000,,,84.17832777500152,0.0003,30.357542037963867,-0.6307548239827157,6900,0.006814299,0.6759945154190063,0.2,-0.008335007635469082,0.065283203125,48.12,30.614726114273072
37.59927275,617,38.51,2830336,4583,691,,,,,,,,,,,,
30.695636389999994,617,47.19,2834432,4588,692,78.09921989440917,0.0003,30.85442543029785,-0.5746886521577835,6910,0.0074513596,0.7279617786407471,0.2,-0.008422607673855964,0.055029296875,,
32.746727299999996,617,45.03,2838528,4594,693,106.03442206382752,0.0003,50.30299758911133,-0.6334988117218018,6920,0.0073709763,0.7418770790100098,0.2,-0.012304193661839236,0.0708251953125,,
,,,2840000,,,98.67483916282654,0.0003,39.891178131103516,-0.6466459359973669,6930,0.009094259,0.7812686562538147,0.2,-0.010450712614692747,0.07685546875,45.3,33.14381704926491
27.9247273,617,51.22,2842624,4602,694,,,,,,,,,,,,
34.774818180000004,617,42.95,2846720,4608,695,125.34468255043029,0.0003,47.70205307006836,-0.6396254759281874,6940,0.006799156,0.7082655429840088,0.2,-0.007848751591518521,0.063134765625,,
,,,2850000,,,85.1403192281723,0.0003,33.171878814697266,-0.5853325545787811,6950,0.007914599,0.5693301558494568,0.2,-0.012157784306327812,0.0878662109375,36.7,41.05690805315972
34.1758182,617,44.71,2850816,4615,696,,,,,,,,,,,,
27.836363660000007,617,50.99,2854912,4621,697,107.88579969406128,0.0003,43.977622985839844,-0.6484105952084065,6960,0.008309374,0.6066632270812988,0.2,-0.01228949982614722,0.078466796875,,
33.40736365,617,42.48,2859008,4626,698,64.15705509185791,0.0003,27.459888458251953,-0.6389512084424496,6970,0.007401237,0.6912049055099487,0.2,-0.009374239025055431,0.06572265625,,
,,,2860000,,,74.52709753513336,0.0003,26.410058975219727,-0.5605271685868501,6980,0.0074225147,0.7395232915878296,0.2,-0.009821402523084544,0.060107421875,37.3,40.49690804600716
40.37845455000001,617,37.15,2863104,4634,699,,,,,,,,,,,,
38.25536365,617,39.4,2867200,4639,700,76.03701643943786,0.0003,28.710283279418945,-0.5705415409058332,6990,0.00789931,0.5792977809906006,0.2,-0.01071046475408366,0.061474609375,,
,,,2870000,,,63.21617534160614,0.0003,22.464406967163086,-0.6215997021645308,7000,0.0068604653,0.6610731482505798,0.2,-0.009119945581187495,0.0732177734375,40.34,37.94490800976753
36.82427274,617,41.21,2871296,4647,701,,,,,,,,,,,,
34.64954547,617,43.8,2875392,4652,702,70.29069981575012,0.0003,24.353071212768555,-0.6084454443305731,7010,0.007136938,0.6226321458816528,0.2,-0.008677554287714884,0.0627685546875,,
33.333181839999995,618,45.57,2879488,4658,703,75.34514558315277,0.0003,30.896820068359375,-0.6572530440986156,7020,0.00706521,0.6238629817962646,0.2,-0.011109259814838878,0.0844970703125,,
,,,2880000,,,75.20892622470856,0.0003,29.878902435302734,-0.6266906909644604,7030,0.007805266,0.6635440587997437,0.2,-0.01124488694476895,0.0669677734375,44.62,34.22781705737114
41.632,617,36.91,2883584,4666,704,,,,,,,,,,,,
31.927181840000003,618,47.29,2887680,4671,705,63.46229729652405,0.0003,23.542570114135742,-0.5771534867584706,7040,0.008524019,0.37642258405685425,0.2,-0.012308550227317028,0.0831298828125,,
,,,2890000,,,61.486358070373534,0.0003,22.546728134155273,-0.634458078071475,7050,0.00967516,0.5959154963493347,0.2,-0.011969017609953881,0.0904052734375,58.06,20.727998751401902
37.27327273,617,41.08,2891776,4679,706,,,,,,,,,,,,
30.88463639,618,47.91,2895872,4685,707,58.99465990066528,0.0003,20.24216079711914,-0.6122952990233899,7060,0.008543967,0.6394237279891968,0.2,-0.011502739778370597,0.0904296875,,
30.129181849999995,618,49.25,2899968,4691,708,68.57115352153778,0.0003,33.704811096191406,-0.6396274011582136,7070,0.007597087,0.6836080551147461,0.2,-0.01339732292399276,0.088818359375,,
,,,2900000,,,75.17576725482941,0.0003,27.881179809570312,-0.6755757573992014,7080,0.008292065,0.6095067858695984,0.2,-0.010287881043041125,0.0847412109375,44.96,33.88272615194321
32.44609093,618,46.1,2904064,4698,709,,,,,,,,,,,,
35.78927274,618,42.96,2908160,4704,710,72.12122972011566,0.0003,22.31290626525879,-0.6534553822129965,7090,0.006195779,0.6689091920852661,0.2,-0.010399784034234472,0.0609619140625,,
,,,2910000,,,66.41731173992157,0.0003,25.02574920654297,-0.6042891453951598,7100,0.009242232,0.632803201675415,0.2,-0.012920971188577823,0.089501953125,38.64,38.6018171286583
37.91681819,618,40.49,2912256,4711,711,,,,,,,,,,,,
36.2818182,618,42.49,2916352,4717,712,63.89587407112121,0.0003,26.66334342956543,-0.6283379059284926,7110,0.0077302237,0.5768693685531616,0.2,-0.010194922017399221,0.0661865234375,,
,,,2920000,,,60.41162481307983,0.0003,23.695987701416016,-0.6229842748492956,7120,0.005870683,0.5802512168884277,0.2,-0.008997409194125793,0.06298828125,46.02,32.88472613930702
40.77245455,618,37.47,2920448,4725,713,,,,,,,,,,,,
33.385636379999994,618,45.29,2924544,4730,714,43.52056738138199,0.0003,18.712841033935547,-0.6118982791900635,7130,0.008660655,0.6254000663757324,0.2,-0.010624046181328594,0.0810302734375,,
28.949727299999996,618,49.58,2928640,4736,715,54.718085932731626,0.0003,24.322179794311523,-0.6538972970098257,7140,0.008879473,0.539452314376831,0.2,-0.009921080153435468,0.0962158203125,,
,,,2930000,,,69.94084877967835,0.0003,32.83094787597656,-0.6959528453648091,7150,0.006922599,0.7067116498947144,0.2,-0.010027402476407588,0.0810791015625,49.9,30.270726093053817
36.357818200000004,618,41.82,2932736,4744,716,,,,,,,,,,,,
37.314818200000005,618,40.58,2936832,4750,717,70.59285762310029,0.0003,26.65520668029785,-0.6411043010652065,7160,0.007363649,0.7050779461860657,0.2,-0.013456077048613225,0.0769775390625,,
,,,2940000,,,82.13788406848907,0.0003,44.90737533569336,-0.6562834069132805,7170,0.0068056625,0.6922662258148193,0.2,-0.010149722031201236,0.0657470703125,39.52,39.1909080195427
35.521363650000005,618,43.18,2940928,4757,718,,,,,,,,,,,,
35.32718183,618,44.14,2945024,4763,719,101.6359338760376,0.0003,46.384254455566406,-0.6834425777196884,7180,0.0064170035,0.6746647357940674,0.2,-0.010044019104680047,0.0681396484375,,
29.91536367,618,49.31,2949120,4769,720,77.90882573127746,0.0003,43.12314987182617,-0.6783819772303105,7190,0.0072698244,0.6536933183670044,0.2,-0.009395866765407846,0.0697998046875,,
,,,2950000,,,89.54191865921021,0.0003,33.943416595458984,-0.7346364933997392,7200,0.010029442,0.6396013498306274,0.2,-0.009335146129888016,0.088916015625,45.44,33.99181704759598
40.08845455,618,38.2,2953216,4777,721,,,,,,,,,,,,
36.15636365000001,618,43.23,2957312,4782,722,57.31796287298202,0.0003,28.314041137695312,-0.6336050637066364,7210,0.007976403,0.4294590950012207,0.2,-0.01301348621782381,0.0819580078125,,
,,,2960000,,,60.6571398973465,0.0003,27.910497665405273,-0.6531913820654154,7220,0.0075391037,0.6488562822341919,0.2,-0.012280987939448096,0.0787109375,54.52,25.50163513660431
34.694727279999995,618,43.64,2961408,4791,723,,,,,,,,,,,,
37.21927274,618,41.41,2965504,4796,724,53.92445130348206,0.0003,24.253684997558594,-0.6039633713662624,7230,0.008661392,0.3381913900375366,0.2,-0.013661201915238053,0.078955078125,,
29.58518184,618,45.85,2969600,4802,725,50.604278206825256,0.0003,19.336816787719727,-0.608422764390707,7240,0.0075270776,0.5361689329147339,0.2,-0.011620546095946338,0.07109375,,
,,,2970000,,,43.06162115335464,0.0003,20.995166778564453,-0.6053771317005158,7250,0.011591874,0.677548348903656,0.2,-0.012347418535500764,0.10478515625,44.58,33.719817057847976
28.447181849999996,618,49.01,2973696,4810,726,,,,,,,,,,,,
35.325272749999996,618,41.59,2977792,4815,727,65.23941769599915,0.0003,25.16148567199707,-0.6109270125627517,7260,0.005548813,0.723021388053894,0.2,-0.008943149450351484,0.0606689453125,,
,,,2980000,,,82.7719990491867,0.0003,53.759159088134766,-0.6404251452535391,7270,0.005013366,0.7711080312728882,0.2,-0.007590068428544328,0.043896484375,45.82,32.27472614169121
36.5348182,618,40.93,2981888,4823,728,,,,,,,,,,,,
29.809454579999993,618,47.64,2985984,4829,729,99.94158418178559,0.0003,30.054304122924805,-0.6225372940301895,7280,0.0058390973,0.7448521256446838,0.2,-0.010241435214993544,0.0477294921875,,
,,,2990000,,,91.21116619110107,0.0003,41.344844818115234,-0.6060987316071987,7290,0.0077127065,0.6910185217857361,0.2,-0.009897861756326166,0.0693115234375,48.1,29.757635213136673
34.34527275000001,618,43.14,2990080,4837,730,,,,,,,,,,,,
34.52845455,618,41.17,2994176,4842,731,107.65220365524291,0.0003,44.55135726928711,-0.6244022578001023,7300,0.0065071583,0.745844304561615,0.2,-0.009003168610797729,0.0674072265625,,
33.579818200000005,618,45.23,2998272,4848,732,88.21565251350403,0.0003,33.434513092041016,-0.5686775673180818,7310,0.0048355907,0.5378178358078003,0.2,-0.006825838441727683,0.04736328125,,
,,,3000000,,,90.0808421611786,0.0003,43.072898864746094,-0.6529281172901392,7320,0.005902037,0.7223801612854004,0.2,-0.008358124137157575,0.0553466796875,47.54,31.551817022562027
29.4917273,618,49.73,3002368,4856,733,,,,,,,,,,,,
