time/total_timesteps,time/time_elapsed,time/fps,time/iterations,train/explained_variance,train/clip_fraction,train/entropy_loss,train/clip_range,train/approx_kl,train/n_updates,train/value_loss,train/policy_gradient_loss,train/loss,train/learning_rate
5120,2,1914,1,,,,,,,,,,
10240,7,1280,2,-0.0038028955459594727,0.00609375,-1.0561022585630417,0.2,0.0049683484,10,3.09413392663002,-0.0031666037160903216,1.9445804357528687,0.0001
15360,12,1183,3,0.05301600694656372,0.0349609375,-1.0708994168043136,0.2,0.007678367,20,1.7234173303842544,-0.006566222130786627,0.6538878679275513,0.0001
20480,18,1129,4,0.08431029319763184,0.0746875,-1.0318338400125504,0.2,0.0090993205,30,1.8129501444101335,-0.009258265479002149,1.0335946083068848,0.0001
25600,23,1086,5,0.14588665962219238,0.08078125,-0.9859059810638428,0.2,0.008147217,40,2.125520102381706,-0.011619370172265917,1.0370980501174927,0.0001
30720,28,1072,6,0.14466625452041626,0.0705859375,-0.9587074008584022,0.2,0.008893673,50,1.5987926018238068,-0.009211326534859836,0.6761990189552307,0.0001
35840,33,1061,7,0.09030771255493164,0.08916015625,-0.8859288510680199,0.2,0.008676987,60,1.1865813702344894,-0.009582550846971571,0.4716774821281433,0.0001
40960,38,1052,8,0.07819300889968872,0.0958984375,-0.8638080167770386,0.2,0.009554174,70,0.816859034895897,-0.01110499051399529,0.34296858310699463,0.0001
46080,43,1056,9,0.2532060742378235,0.07607421875,-0.818161153793335,0.2,0.0077909157,80,0.7730962294340133,-0.007315756466705352,0.34841305017471313,0.0001
51200,48,1059,10,0.21973806619644165,0.0440234375,-0.8186479303240776,0.2,0.0055026757,90,0.5715565432608127,-0.00404997532023117,0.18726982176303864,0.0001
56320,2,2529,1,0.39700496196746826,0.10947265625,-0.8091060346364976,0.2,0.008056555,100,0.48451644033193586,-0.011395438802428543,0.2293456792831421,0.0001
61440,6,1480,2,0.516492486000061,0.07494140625,-0.7526409500837326,0.2,0.0065910122,110,0.4115775389969349,-0.007339308497030288,0.15156763792037964,0.0001
66560,11,1311,3,0.47458702325820923,0.0501953125,-0.7262479749321937,0.2,0.0064979,120,0.46838257759809493,-0.004699423287529498,0.19483619928359985,0.0001
71680,16,1226,4,0.4698876142501831,0.10126953125,-0.7246181046962739,0.2,0.006619533,130,0.4675219483673573,-0.009248259535524994,0.1867588758468628,0.0001
76800,21,1188,5,0.5978615283966064,0.08279296875,-0.6959406554698944,0.2,0.0070307106,140,0.3819833144545555,-0.006106555361766368,0.1320732682943344,0.0001
81920,26,1159,6,0.5526043176651001,0.0967578125,-0.7129995128512383,0.2,0.013637403,150,0.41197771713137626,-0.005694335591979325,0.1884809136390686,0.0001
87040,31,1141,7,0.6222670674324036,0.06755859375,-0.6983708244562149,0.2,0.005257091,160,0.4320248158276081,-0.0037188332597725094,0.20665059983730316,0.0001
92160,36,1133,8,0.6003379225730896,0.0868359375,-0.6702752551436424,0.2,0.008681248,170,0.3561610649526119,-0.0038476968626491724,0.18506957590579987,0.0001
97280,40,1126,9,0.5111116766929626,0.1032421875,-0.6556879383325577,0.2,0.012615305,180,0.3776474964618683,-0.005275978143326938,0.15980473160743713,0.0001
102400,45,1115,10,0.6288930177688599,0.1023046875,-0.6473337346315384,0.2,0.008669099,190,0.2971804668754339,-0.005796524093020707,0.13453269004821777,0.0001
107520,2,2242,1,0.7264127731323242,0.10873046875,-0.7186789703369141,0.2,0.007271491,200,0.32882169291377067,-0.006058472082950175,0.1309516578912735,0.0001
112640,7,1357,2,0.6007066369056702,0.08185546875,-0.633667628467083,0.2,0.0072545833,210,0.4294407920539379,-0.003603264205157757,0.19725169241428375,0.0001
117760,12,1214,3,0.583862841129303,0.10349609375,-0.6001569595932961,0.2,0.008821599,220,0.3768241861462593,-0.003476382200606167,0.17367124557495117,0.0001
122880,17,1158,4,0.5446196794509888,0.10220703125,-0.560268220603466,0.2,0.007601667,230,0.25933731004595756,-0.00865702624199912,0.14546436071395874,0.0001
128000,22,1125,5,0.6532004475593567,0.09921875,-0.609831167459488,0.2,0.008044595,240,0.29387320302426817,-0.0037416085577569903,0.10671857744455338,0.0001
133120,27,1103,6,0.6693539619445801,0.082265625,-0.5321292085945606,0.2,0.006458641,250,0.27179553352296354,-0.005071357855340466,0.10915153473615646,0.0001
138240,32,1086,7,0.6049460172653198,0.094375,-0.44244043454527854,0.2,0.007637964,260,0.17036558084189893,-0.004982325593009591,0.0735962837934494,0.0001
143360,38,1070,8,0.7356498837471008,0.091484375,-0.4740986877679825,0.2,0.0088119935,270,0.2060270832479,-0.005110657580662519,0.08176031708717346,0.0001
148480,43,1066,9,0.7000644207000732,0.0849609375,-0.4184789736568928,0.2,0.0062111127,280,0.1649439085647464,-0.0032469548401422798,0.06634701788425446,0.0001
153600,48,1056,10,0.7597291469573975,0.08806640625,-0.4718233548104763,0.2,0.0054536485,290,0.2708267255872488,-0.0033338275365531445,0.11883163452148438,0.0001
158720,3,1626,1,0.6970222592353821,0.0820703125,-0.40425298392772674,0.2,0.0071364925,300,0.21010298803448677,-0.002671681633219123,0.08875800669193268,0.0001
163840,8,1259,2,0.7518895864486694,0.09560546875,-0.5391116958856582,0.2,0.007124882,310,0.25222899578511715,-0.002177879622904584,0.11408749967813492,0.0001
168960,12,1183,3,0.7118034362792969,0.08900390625,-0.5765659767389297,0.2,0.008684445,320,0.32690686121582985,-0.0040557861444540325,0.1581297367811203,0.0001
174080,18,1128,4,0.6017155051231384,0.09587890625,-0.49954930365085604,0.2,0.007561841,330,0.3062201517820358,-0.0028697650902904572,0.12450338155031204,0.0001
179200,23,1095,5,0.7126970291137695,0.1096484375,-0.5852589416503906,0.2,0.009278078,340,0.2827570091187954,-0.005400149011984467,0.14856281876564026,0.0001
184320,28,1073,6,0.7712923884391785,0.10037109375,-0.5574716065824031,0.2,0.0073338784,350,0.27744141951203344,-0.005205453971866518,0.1278887540102005,0.0001
189440,33,1056,7,0.7296892404556274,0.103359375,-0.5405210211873055,0.2,0.007110961,360,0.3757355964183807,-0.0069322411390021444,0.18363219499588013,0.0001
194560,39,1046,8,0.6701562404632568,0.09103515625,-0.43547455698251725,0.2,0.0098511,370,0.3215066386014223,-0.004921168747823685,0.16331589221954346,0.0001
199680,44,1036,9,0.6254451274871826,0.091875,-0.4821164499223232,0.2,0.006826858,380,0.3185203503072262,-0.00508851224090904,0.17701102793216705,0.0001
204800,49,1026,10,0.7490496635437012,0.0851171875,-0.49160291194915773,0.2,0.007902254,390,0.2949380649626255,-0.00454059466952458,0.11152098327875137,0.0001
209920,2,1903,1,0.7989795207977295,0.08634765625,-0.4735965195298195,0.2,0.007834846,400,0.2656634532660246,-0.005302281971089542,0.13385163247585297,0.0001
215040,8,1253,2,0.7697999477386475,0.08447265625,-0.47996424317359926,0.2,0.007877636,410,0.3567117949575186,-0.0042393661523237825,0.20514322817325592,0.0001
220160,13,1165,3,0.7043150663375854,0.0851171875,-0.3929984812438488,0.2,0.007200606,420,0.2527880869805813,-0.006255760926287621,0.10089574009180069,0.0001
225280,18,1125,4,0.7924736738204956,0.0746484375,-0.4703169178962707,0.2,0.007706154,430,0.30348310761153696,-0.002196700596250594,0.16984456777572632,0.0001
230400,23,1097,5,0.7542533278465271,0.07802734375,-0.4802758952975273,0.2,0.006163124,440,0.378742121309042,-0.004483287261100486,0.17689891159534454,0.0001
235520,28,1082,6,0.7409789562225342,0.06880859375,-0.4091549411416054,0.2,0.005200746,450,0.2870125038176775,-0.004664876440074295,0.11710228025913239,0.0001
240640,33,1062,7,0.7433154582977295,0.06970703125,-0.43443578615784645,0.2,0.0068836175,460,0.27696512423455716,-0.004617812612559646,0.14297625422477722,0.0001
245760,38,1059,8,0.8077230453491211,0.0756640625,-0.4477668921649456,0.2,0.0055757314,470,0.31700618013739584,-0.005469537292374298,0.14621609449386597,0.0001
250880,43,1053,9,0.7280044555664062,0.0818359375,-0.4100956529378891,0.2,0.006349406,480,0.3695272020995617,-0.0031567247724160552,0.15217740833759308,0.0001
256000,48,1047,10,0.6572365760803223,0.06869140625,-0.3833507116138935,0.2,0.0068776435,490,0.35331781275570395,-0.005366925137350336,0.14932091534137726,0.0001
261120,2,2162,1,0.8084394335746765,0.073984375,-0.42888479366898535,0.2,0.008421393,500,0.250105314925313,-0.005588500679004937,0.13281771540641785,0.0001
266240,7,1327,2,0.678451418876648,0.07134765625,-0.3875721211731434,0.2,0.004899524,510,0.332538750320673,-0.00574589490192011,0.13179075717926025,0.0001
271360,12,1214,3,0.6932703852653503,0.06833984375,-0.34468681961297987,0.2,0.005867365,520,0.20178837023675442,-0.004147060938412324,0.07247546315193176,0.0001
276480,17,1157,4,0.6733906269073486,0.074296875,-0.44618434593081474,0.2,0.006740322,530,0.27022946819663046,-0.004985660489182919,0.10678111016750336,0.0001
281600,23,1101,5,0.6967740058898926,0.0669921875,-0.3433050283789635,0.2,0.005978831,540,0.17454968616366387,-0.004443370189983397,0.06537418067455292,0.0001
286720,28,1071,6,0.7665277719497681,0.07150390625,-0.34671675786376,0.2,0.006003785,550,0.1837977357953787,-0.0047115885966923085,0.07541809976100922,0.0001
291840,34,1047,7,0.7879688143730164,0.07962890625,-0.37922968208789826,0.2,0.008228047,560,0.20906169526278973,-0.005667708506807685,0.09159527719020844,0.0001
296960,39,1027,8,0.7535233497619629,0.07908203125,-0.34322389617562293,0.2,0.0074300976,570,0.21484587401151656,-0.0037581652216613294,0.10231763124465942,0.0001
302080,46,999,9,0.8149635195732117,0.076015625,-0.37471136793494225,0.2,0.0058091795,580,0.20967490546405315,-0.00454931688727811,0.06974343955516815,0.0001
307200,52,983,10,0.7448444366455078,0.06603515625,-0.34814263343811036,0.2,0.006335384,590,0.24527545467019082,-0.00515023747459054,0.10882672667503357,0.0001
312320,3,1659,1,0.8306955099105835,0.068125,-0.33501895487308503,0.2,0.005977656,600,0.23301550634205342,-0.004824287497904152,0.10098759084939957,0.0001
317440,8,1195,2,0.8420383334159851,0.07853515625,-0.3624591429531574,0.2,0.009179262,610,0.2796244882792234,-0.006213048091158271,0.11624006181955338,0.0001
322560,13,1132,3,0.7916420698165894,0.0632421875,-0.3168009585142136,0.2,0.0060269963,620,0.3062591367214918,-0.005193375528324396,0.1399296075105667,0.0001
327680,18,1078,4,0.8191381692886353,0.06671875,-0.32975052259862425,0.2,0.0057667037,630,0.31310002878308296,-0.004215635152067989,0.13934367895126343,0.0001
332800,24,1048,5,0.7555618286132812,0.07712890625,-0.32821987256407736,0.2,0.008671927,640,0.36336551770567893,-0.005962272251490503,0.13873419165611267,0.0001
337920,29,1031,6,0.7827752828598022,0.074375,-0.3458150969445705,0.2,0.0066212537,650,0.39081035047769547,-0.006302212737500668,0.19935090839862823,0.0001
343040,35,1023,7,0.6058821678161621,0.0541015625,-0.2659315712749958,0.2,0.004549485,660,0.29223776392638684,-0.003035086034797132,0.11912299692630768,0.0001
348160,39,1024,8,0.7575939893722534,0.0665234375,-0.31229248017072675,0.2,0.0054838043,670,0.2444236419349909,-0.005068792991805821,0.11123216897249222,0.0001
353280,45,1019,9,0.7194877862930298,0.0509765625,-0.29233660399913786,0.2,0.0058508073,680,0.24557608753442764,-0.0048471855721436445,0.09787791222333908,0.0001
358400,50,1013,10,0.7934575080871582,0.07537109375,-0.346343446969986,0.2,0.0041674254,690,0.2657034434378147,-0.0021238548785913734,0.14057348668575287,0.0001
363520,2,1987,1,0.7678120136260986,0.0572265625,-0.2954846797883511,0.2,0.0053063957,700,0.23474123567342758,-0.0057794657396152615,0.09887980669736862,0.0001
368640,8,1261,2,0.7420763373374939,0.05201171875,-0.2509924802929163,0.2,0.0066792294,710,0.1927981039136648,-0.003120748419314623,0.11395038664340973,0.0001
373760,13,1167,3,0.7778745293617249,0.0741015625,-0.36537027582526205,0.2,0.006264268,720,0.32052879974246024,-0.00628099464578554,0.14408379793167114,0.0001
378880,18,1115,4,0.8074735403060913,0.07009765625,-0.3550370009243488,0.2,0.0071203923,730,0.3041435883194208,-0.007330586505122483,0.1051035225391388,0.0001
384000,23,1089,5,0.7839319705963135,0.07306640625,-0.36792718127369883,0.2,0.006603344,740,0.2932065900415182,-0.0031074250873643905,0.09879297763109207,0.0001
389120,28,1085,6,0.7551159858703613,0.0647265625,-0.30266839519143107,0.2,0.010089794,750,0.27313449487090113,-0.0038845608127303422,0.12039730697870255,0.0001
394240,33,1076,7,0.4799076318740845,0.06310546875,-0.2172046995162964,0.2,0.0061643496,760,0.17325114250183105,-0.005789790286216885,0.06314600259065628,0.0001
399360,38,1070,8,0.7939320802688599,0.06126953125,-0.28344288721680644,0.2,0.005015817,770,0.1341554019972682,-0.0035030936636030676,0.050766296684741974,0.0001
404480,43,1064,9,0.6759680509567261,0.07443359375,-0.2458610685914755,0.2,0.0094075445,780,0.15432240772992373,-0.012121051554568113,0.05384966358542442,0.0001
409600,48,1060,10,0.7031325101852417,0.0665234375,-0.26222690418362615,0.2,0.007636758,790,0.20108425296843052,-0.004527715342119336,0.09890911728143692,0.0001
414720,2,2272,1,0.6218618154525757,0.0534765625,-0.2190364545583725,0.2,0.0074067214,800,0.15393697947263718,-0.0027609793725423513,0.06200732663273811,0.0001
419840,8,1277,2,0.7786501049995422,0.0652734375,-0.2613477235287428,0.2,0.008460794,810,0.14711336210370063,-0.004962005144916475,0.08191228657960892,0.0001
424960,13,1159,3,0.8195089101791382,0.063984375,-0.3034926072508097,0.2,0.0056329304,820,0.16386704199016094,-0.006831763262161985,0.07302356511354446,0.0001
430080,18,1106,4,0.7716023921966553,0.0564453125,-0.23501183971762657,0.2,0.0051619867,830,0.11790627248585224,-0.0024528534105047583,0.04036625474691391,0.0001
435200,24,1062,5,0.7969762086868286,0.0675390625,-0.2176922409981489,0.2,0.0075523765,840,0.11496002085506916,-0.008248460430186242,0.01894141174852848,0.0001
440320,29,1046,6,0.7113810777664185,0.050546875,-0.18745813332498074,0.2,0.005890896,850,0.08968927204608917,-0.0051347077696118505,0.03368106484413147,0.0001
445440,34,1032,7,0.8240435719490051,0.07109375,-0.2824944495409727,0.2,0.006688612,860,0.10667650885879994,-0.007379323951900005,0.05027196928858757,0.0001
450560,40,1016,8,0.7200947999954224,0.05427734375,-0.23436394095420837,0.2,0.0056300806,870,0.12744131330400704,-0.004839544480200857,0.037461429834365845,0.0001
455680,45,1012,9,0.6890387535095215,0.06259765625,-0.24921491444110871,0.2,0.008750217,880,0.12422317154705524,-0.005216525250580162,0.05803234875202179,0.0001
460800,50,1005,10,0.6881868243217468,0.0719921875,-0.2712830452620983,0.2,0.008411513,890,0.133999814838171,-0.005348417835775763,0.04038963094353676,0.0001
465920,2,1724,1,0.7637842297554016,0.04904296875,-0.2617695078998804,0.2,0.005728804,900,0.11339736754074693,-0.007216441873461008,0.040290385484695435,0.0001
471040,8,1246,2,0.8302466869354248,0.07626953125,-0.46469574734568597,0.2,0.0078707915,910,0.16910176310688257,-0.007322330162860453,0.04706341028213501,0.0001
476160,13,1158,3,0.7480267286300659,0.07751953125,-0.4364245657622814,0.2,0.007505504,920,0.25719636142253877,-0.006074137527029962,0.08511794358491898,0.0001
481280,18,1115,4,0.717078447341919,0.0741796875,-0.36852940648794175,0.2,0.0071026026,930,0.22458244569599628,-0.009479626128450037,0.08634097874164581,0.0001
486400,23,1086,5,0.7347604036331177,0.070625,-0.3743662118911743,0.2,0.0066684685,940,0.22825539834797381,-0.0046726385853253305,0.08301758021116257,0.0001
491520,28,1064,6,0.6051031947135925,0.0567578125,-0.30496572479605677,0.2,0.00734591,950,0.2295373999327421,-0.006135368479881435,0.08120811730623245,0.0001
496640,34,1053,7,0.8075710535049438,0.077421875,-0.40942572116851805,0.2,0.008489155,960,0.17546527408063411,-0.003777876722160727,0.07394157350063324,0.0001
501760,39,1041,8,0.7673265933990479,0.07068359375,-0.38822674602270124,0.2,0.008123309,970,0.23705539129674436,-0.005959719081874937,0.09370419383049011,0.0001
506880,44,1030,9,0.7216274738311768,0.0773828125,-0.37667385280132293,0.2,0.0059667425,980,0.3044569207727909,-0.008237567581236362,0.1350637823343277,0.0001
512000,49,1025,10,0.757247805595398,0.05884765625,-0.3083083624392748,0.2,0.004893427,990,0.2370458187162876,-0.00551427154103294,0.09828099608421326,0.0001
517120,2,1966,1,0.7305086851119995,0.06607421875,-0.28853190042078497,0.2,0.0071667954,1000,0.269125666692853,-0.0050801201001740995,0.09944752603769302,0.0001
522240,8,1274,2,0.6726275682449341,0.052890625,-0.23160684369504453,0.2,0.0052327663,1010,0.20949303433299066,-0.005635982442181557,0.06258580088615417,0.0001
527360,13,1145,3,0.7119325399398804,0.06640625,-0.28531650319695473,0.2,0.010770554,1020,0.2108263971656561,-0.002384024008642882,0.10972660779953003,0.0001
532480,18,1093,4,0.8378114700317383,0.0671484375,-0.2818406445533037,0.2,0.0070868535,1030,0.16896884854882954,-0.00215272770030424,0.06900225579738617,0.0001
537600,23,1074,5,0.84282386302948,0.0696484375,-0.34794442445039747,0.2,0.0070185484,1040,0.24600978262722492,-0.005232508562039584,0.0891362726688385,0.0001
542720,29,1049,6,0.8245081901550293,0.05302734375,-0.26924304507672786,0.2,0.005503013,1050,0.2363611315190792,-0.00456940095173195,0.08137290924787521,0.0001
547840,34,1040,7,0.700753927230835,0.05564453125,-0.20883442275226116,0.2,0.005792828,1060,0.253482741266489,-0.006778538890648634,0.10072199255228043,0.0001
552960,39,1037,8,0.7842779159545898,0.0577734375,-0.26610762313008307,0.2,0.007196039,1070,0.2754898448288441,-0.003807952357456088,0.11367226392030716,0.0001
558080,44,1036,9,0.8412446975708008,0.0562109375,-0.2905066921561956,0.2,0.006162583,1080,0.21756611160933972,-0.004526950266445055,0.09814266115427017,0.0001
563200,49,1033,10,0.6340926885604858,0.05732421875,-0.20028024390339852,0.2,0.006561014,1090,0.20911879882216453,-0.005062203381676227,0.06377056241035461,0.0001
568320,3,1395,1,0.787872314453125,0.06505859375,-0.24588986538350582,0.2,0.0090763215,1100,0.1911560669541359,-0.00679482112172991,0.07678636163473129,0.0001
573440,10,1014,2,0.7854185700416565,0.0832421875,-0.2777052256464958,0.2,0.013304405,1110,0.17781076826155184,-0.00790633755037561,0.047182220965623856,0.0001
578560,16,933,3,0.7689197659492493,0.07595703125,-0.27497602067887783,0.2,0.0077325637,1120,0.25203952863812445,-0.004587998799979687,0.14295455813407898,0.0001
583680,22,894,4,0.822368860244751,0.08158203125,-0.31272111788392065,0.2,0.0073717656,1130,0.25425449550151824,-0.006198524755891412,0.12456130236387253,0.0001
588800,29,870,5,0.6028715372085571,0.06365234375,-0.23431206077337266,0.2,0.0055024265,1140,0.2776478222757578,-0.003618103319313377,0.12423583120107651,0.0001
593920,35,858,6,0.7000868320465088,0.06404296875,-0.3139039608836174,0.2,0.0067370003,1150,0.23160728558897972,-0.0043807655991986395,0.14001022279262543,0.0001
599040,42,848,7,0.7509564161300659,0.06810546875,-0.3229653239250183,0.2,0.008803809,1160,0.22969527199864387,-0.00699623852269724,0.10854988545179367,0.0001
604160,48,846,8,0.7601877450942993,0.04552734375,-0.2568945752829313,0.2,0.0053073624,1170,0.23483955644071103,-0.0045367084722965955,0.06975576281547546,0.0001
609280,54,848,9,0.7009779214859009,0.054453125,-0.27302415907382965,0.2,0.0052931653,1180,0.3070885479450226,-0.005204698974266648,0.10654454678297043,0.0001
614400,60,848,10,0.5271987915039062,0.0529296875,-0.18136749893426896,0.2,0.0069436147,1190,0.21012890800833703,-0.0031689952523447575,0.07280989736318588,0.0001
619520,2,1811,1,0.6590862274169922,0.0580078125,-0.197231267914176,0.2,0.00748408,1200,0.17475646428763866,-0.005269687292166054,0.0648718997836113,0.0001
624640,8,1200,2,0.6806522607803345,0.052133413461538464,-0.1695684634230949,0.2,0.031462677,1210,0.12910870172001504,-0.0021361110982700037,0.07244156301021576,0.0001
629760,14,1060,3,0.6982638835906982,0.074609375,-0.22684751510620116,0.2,0.013067965,1220,0.14111384466290475,-0.003251431419048458,0.05990695208311081,0.0001
634880,20,994,4,0.7584583759307861,0.0598046875,-0.20566547058522702,0.2,0.0069831265,1230,0.1562098203226924,-0.004625630504451692,0.06635966151952744,0.0001
640000,26,964,5,0.7735269665718079,0.060234375,-0.22076971851289273,0.2,0.01010902,1240,0.16909212991595268,-0.004039692066144198,0.08360224217176437,0.0001
645120,32,947,6,0.8158987760543823,0.08068359375,-0.2657630095630884,0.2,0.0084663015,1250,0.1846627462655306,-0.006415146740619093,0.08021792024374008,0.0001
650240,39,913,7,0.852337121963501,0.06376953125,-0.2526971987634897,0.2,0.0070012035,1260,0.1877021674066782,-0.006060068795923143,0.09713345766067505,0.0001
655360,45,903,8,0.7880672216415405,0.05376953125,-0.22244611270725728,0.2,0.006826577,1270,0.214197630956769,-0.0031166779738850893,0.09186674654483795,0.0001
660480,51,893,9,0.6094716787338257,0.05826171875,-0.20349925577640535,0.2,0.007640887,1280,0.20711655393242837,-0.00561460793716833,0.07943084836006165,0.0001
665600,57,890,10,0.8400408029556274,0.060234375,-0.2715709806978703,0.2,0.0059183543,1290,0.18621529314666987,-0.0017996763135306537,0.0876123383641243,0.0001
670720,3,1667,1,0.7930487990379333,0.0703125,-0.21774846233427525,0.2,0.011253837,1300,0.19383053719997406,-0.0057385482522659004,0.06581977009773254,0.0001
675840,9,1038,2,0.7030394077301025,0.0672265625,-0.20068229839205742,0.2,0.008267776,1310,0.14738405611366034,-0.007151185635011643,0.07388516515493393,0.0001
680960,16,934,3,0.7039254903793335,0.067265625,-0.28090793654322627,0.2,0.008843983,1320,0.20222999058663846,-0.005988059225492179,0.08303096890449524,0.0001
686080,22,921,4,0.497890830039978,0.064609375,-0.19204759351909162,0.2,0.0077919206,1330,0.17949848748743535,-0.005130264139734208,0.06689250469207764,0.0001
691200,28,913,5,0.7480392456054688,0.0705078125,-0.24065367504954338,0.2,0.008153283,1340,0.16868695616722107,-0.004271536523010582,0.047670476138591766,0.0001
696320,33,906,6,0.6091700196266174,0.0605078125,-0.19893782913684846,0.2,0.00756168,1350,0.1593178617581725,-0.0041122572019230575,0.04887370392680168,0.0001
701440,39,898,7,0.6975123882293701,0.07115234375,-0.2518153403699398,0.2,0.006720436,1360,0.16886848665773868,-0.005580050768330693,0.06257383525371552,0.0001
706560,45,891,8,0.6543108224868774,0.06162109375,-0.23670924700796603,0.2,0.007919268,1370,0.16951916754245758,-0.005416175969876349,0.07544981688261032,0.0001
711680,52,883,9,0.6453810930252075,0.0634765625,-0.2454002461582422,0.2,0.006373639,1380,0.18748865753412247,-0.003495634258724749,0.07313921302556992,0.0001
716800,58,877,10,0.7078258991241455,0.0780078125,-0.2650238621234894,0.2,0.013812719,1390,0.18659119170159102,-0.004355743688065559,0.08471471816301346,0.0001
721920,3,1392,1,0.6456137895584106,0.061953125,-0.21022047095000743,0.2,0.00921839,1400,0.18191423907876014,-0.005512681051623076,0.06358647346496582,0.0001
727040,8,1140,2,0.46739792823791504,0.09555075354609929,-0.32754666965903967,0.2,0.062659055,1408,0.14009218139851348,-0.0037963293849470766,0.05838631093502045,0.0001
732160,15,1006,3,0.5543720722198486,0.09345703125,-0.35996826335787774,0.2,0.010095434,1418,0.11418316394090652,-0.006294437436154112,0.03955383226275444,0.0001
737280,21,952,4,0.6055797338485718,0.087578125,-0.33078876227140425,0.2,0.012553675,1428,0.11959538880735636,-0.006315552101004869,0.03675581514835358,0.0001
742400,27,924,5,0.5685153007507324,0.0812109375,-0.353476542532444,0.2,0.008084752,1438,0.1353598330542445,-0.005564458298031241,0.053185395896434784,0.0001
747520,33,907,6,0.5184678435325623,0.06654296875,-0.36494444638490675,0.2,0.007173451,1448,0.14451619535684584,-0.0048537411214783785,0.04240589216351509,0.0001
752640,40,892,7,0.6428003311157227,0.09634765625,-0.4272362923622131,0.2,0.011750443,1458,0.14678968250751495,-0.007288730579894036,0.0512041300535202,0.0001
757760,46,881,8,0.5883427262306213,0.06958984375,-0.3319423109292984,0.2,0.00876335,1468,0.16872870068997145,-0.0062505933083593845,0.06314325332641602,0.0001
762880,52,872,9,0.5743795037269592,0.074765625,-0.34942252188920975,0.2,0.010344355,1478,0.20911753572523595,-0.006412103611510247,0.09209432452917099,0.0001
768000,59,862,10,0.6735066175460815,0.09095703125,-0.40095986917614934,0.2,0.009443846,1488,0.19521808717399836,-0.007699604416266084,0.08053968846797943,0.0001
773120,3,1632,1,0.7110959887504578,0.08513671875,-0.3853458933532238,0.2,0.010097748,1498,0.2055758721753955,-0.0062234867410734295,0.06944860517978668,0.0001
778240,9,1053,2,0.7224547266960144,0.07064453125,-0.338550970107317,0.2,0.009565024,1508,0.17941310487687587,-0.003937950343824923,0.047649964690208435,0.0001
783360,16,951,3,0.7705861926078796,0.08162109375,-0.4494714751839638,0.2,0.008112379,1518,0.16835482232272625,-0.005076463208533824,0.055162232369184494,0.0001
788480,22,909,4,0.688510537147522,0.07771484375,-0.33597257658839225,0.2,0.010224026,1528,0.24954150594770907,-0.007003229451365769,0.11098083853721619,0.0001
793600,28,889,5,0.6795961856842041,0.06828125,-0.36204092383384706,0.2,0.0075426297,1538,0.26930317662656306,-0.006007680678740144,0.10176289081573486,0.0001
798720,35,875,6,0.7135292291641235,0.06951171875,-0.3489899243414402,0.2,0.008109497,1548,0.21997201822698118,-0.005947686708532273,0.06611010432243347,0.0001
803840,41,866,7,0.7698947191238403,0.0940234375,-0.41941002756357193,0.2,0.010849781,1558,0.21035696547478439,-0.009213379328139126,0.06631697714328766,0.0001
808960,47,861,8,0.746170699596405,0.08443359375,-0.4371952083706856,0.2,0.008861067,1568,0.2748174946010113,-0.004743180784862489,0.1702321320772171,0.0001
814080,53,856,9,0.7921834588050842,0.08626953125,-0.450100751966238,0.2,0.010063334,1578,0.2229362069442868,-0.005619693745393306,0.09343264997005463,0.0001
819200,60,852,10,0.8182984590530396,0.116796875,-0.5036961433291435,0.2,0.0120276585,1588,0.19474263790994883,-0.0055473559722304345,0.06031103432178497,0.0001
824320,3,1616,1,0.8652657866477966,0.09677734375,-0.43918073683977127,0.2,0.01616876,1598,0.17977665368467569,-0.006360245998948812,0.07127921283245087,0.0001
829440,9,1090,2,0.784387469291687,0.10181640625,-0.4437809316813946,0.2,0.011981227,1608,0.31037584982812405,-0.008108854519668966,0.12118729948997498,0.0001
834560,15,980,3,0.7144278287887573,0.1055078125,-0.4469959895312786,0.2,0.012230643,1618,0.35280534483492376,-0.00889565458172001,0.17325422167778015,0.0001
839680,21,936,4,0.7379035353660583,0.09091796875,-0.4007371309399605,0.2,0.011204579,1628,0.2558822057023644,-0.00711639249464497,0.10449174046516418,0.0001
844800,28,912,5,0.7667028903961182,0.07642578125,-0.3638504219055176,0.2,0.011418199,1638,0.2962428088486195,-0.004715632423758507,0.11414371430873871,0.0001
849920,34,890,6,0.8441063165664673,0.09849609375,-0.504775222837925,0.2,0.009561781,1648,0.21598627150058747,-0.005440651951357722,0.05789327993988991,0.0001
855040,39,915,7,0.8798083662986755,0.11051053779069768,-0.5297162231317786,0.2,0.017994693,1653,0.17363428298470585,-0.0038537795514648043,0.1018947958946228,0.0001
860160,45,901,8,0.8514420390129089,0.096796875,-0.5009716729819774,0.2,0.009586485,1663,0.20560947850346564,-0.007671170933172107,0.05430266261100769,0.0001
865280,51,892,9,0.6974901556968689,0.071796875,-0.37341646894812586,0.2,0.010033646,1673,0.3687306672334671,-0.00440874649444595,0.1654258519411087,0.0001
870400,57,886,10,0.7628626823425293,0.09919921875,-0.4452167063951492,0.2,0.008977333,1683,0.3260340677201748,-0.008567908975528553,0.10678713768720627,0.0001
875520,2,1739,1,0.5328627824783325,0.07806640625,-0.3055510617792606,0.2,0.008355801,1693,0.2924725691229105,-0.005097816013731062,0.08425863832235336,0.0001
880640,8,1146,2,0.7206851243972778,0.0877734375,-0.37454836279153825,0.2,0.009967771,1703,0.24288893334567546,-0.0036883782921358944,0.07685909420251846,0.0001
885760,15,1015,3,0.6969860792160034,0.08349609375,-0.3130582682788372,0.2,0.012444099,1713,0.25521492630243303,-0.0033665650384500623,0.1152912899851799,0.0001
890880,21,960,4,0.7844797968864441,0.1008203125,-0.3689213164150715,0.2,0.01104862,1723,0.2456036677211523,-0.007456427006982267,0.09568572044372559,0.0001
896000,27,926,5,0.8028132915496826,0.11140625,-0.42396993562579155,0.2,0.014216985,1733,0.22208654131740332,-0.004102670100983232,0.11984562873840332,0.0001
901120,33,912,6,0.7426325082778931,0.0919140625,-0.3667076717317104,0.2,0.011763607,1743,0.26128859736025334,-0.00632915111258626,0.08312595635652542,0.0001
906240,39,901,7,0.7672760486602783,0.08572265625,-0.3640731556713581,0.2,0.013910559,1753,0.24079358149319888,-0.005522598158568144,0.09517538547515869,0.0001
911360,45,894,8,0.7490084767341614,0.07298828125,-0.29945123940706253,0.2,0.010038131,1763,0.18968831695616245,-0.00669558038469404,0.07483243942260742,0.0001
916480,52,883,9,0.5417414903640747,0.0946875,-0.350936584174633,0.2,0.012233891,1773,0.25801612846553323,-0.005880436939187348,0.1122240349650383,0.0001
921600,59,865,10,0.7248744964599609,0.09865234375,-0.46356657177209853,0.2,0.011513191,1783,0.20538190960884095,-0.005388960000127554,0.10681460052728653,0.0001
926720,3,1484,1,0.650519609451294,0.0891015625,-0.35936249181628227,0.2,0.010736473,1793,0.21876005228608847,-0.008282568498980254,0.07491874694824219,0.0001
931840,10,1020,2,0.5918750166893005,0.07740234375,-0.32607985109090803,0.2,0.008066428,1803,0.2586633611470461,-0.006669831287581474,0.0808873400092125,0.0001
936960,16,913,3,0.6038179397583008,0.0775,-0.3590218038856983,0.2,0.01196321,1813,0.24053639359772205,-0.007167209298349917,0.1397344470024109,0.0001
942080,24,847,4,0.5749157667160034,0.078984375,-0.309561612829566,0.2,0.009007104,1823,0.20100613206624984,-0.006519193514250219,0.07577716559171677,0.0001
947200,30,848,5,0.6927001476287842,0.09763671875,-0.3859171175956726,0.2,0.010195901,1833,0.18794848922640084,-0.007275959344115108,0.048868950456380844,0.0001
952320,36,844,6,0.6484302282333374,0.07509765625,-0.2980581951141357,0.2,0.010204499,1843,0.2326210269331932,-0.00651518055703491,0.10916904360055923,0.0001
957440,42,841,7,0.7629844546318054,0.06982421875,-0.32195639684796334,0.2,0.010222928,1853,0.18964812330901623,-0.00673137586330995,0.09458203613758087,0.0001
962560,48,839,8,0.6092811822891235,0.10150390625,-0.3819808901846409,0.2,0.010839632,1863,0.2854287569969893,-0.006852381669450552,0.10589377582073212,0.0001
967680,55,836,9,0.6521774530410767,0.0804296875,-0.32617415383458137,0.2,0.008037632,1873,0.2785713529586792,-0.007114632439333945,0.12826433777809143,0.0001
972800,61,836,10,0.5444689393043518,0.0901953125,-0.34843875005841257,0.2,0.00984438,1883,0.2378877417743206,-0.006835776474326849,0.07687273621559143,0.0001
977920,2,2104,1,0.30501604080200195,0.09498046875,-0.3109118650853634,0.2,0.0127340425,1893,0.2195962169766426,-0.007435965733602643,0.12883850932121277,0.0001
983040,8,1274,2,0.5947043895721436,0.0914453125,-0.3652950581908226,0.2,0.011442177,1903,0.20139892797917128,-0.007435841446276754,0.08509035408496857,0.0001
988160,13,1165,3,0.5027061700820923,0.07873046875,-0.2402032522112131,0.2,0.010684155,1913,0.21930274344980716,-0.007345361046027392,0.08746181428432465,0.0001
993280,18,1136,4,0.5230977535247803,0.084228515625,-0.32420254312455654,0.2,0.014434924,1921,0.23017474627122284,-0.005013698776019737,0.11142773926258087,0.0001
998400,23,1094,5,0.6250718832015991,0.0854296875,-0.29623306192457677,0.2,0.009967489,1931,0.1907483886554837,-0.005814794704783708,0.06446307897567749,0.0001
1003520,28,1070,6,0.5641646981239319,0.0912890625,-0.31425388641655444,0.2,0.009944426,1941,0.2198871310055256,-0.007504619061946869,0.07406581938266754,0.0001
1008640,33,1059,7,0.5687105059623718,0.10265625,-0.3521376970410347,0.2,0.011933607,1951,0.25737784601747987,-0.006819024493452162,0.08513697236776352,0.0001
1013760,38,1054,8,0.6486701965332031,0.09642578125,-0.3561596980690956,0.2,0.011666886,1961,0.21338708981871604,-0.007115851778071374,0.0808674618601799,0.0001
1018880,44,1044,9,0.5369107723236084,0.08818359375,-0.36192777633666995,0.2,0.010432073,1971,0.2703904902935028,-0.007500745565630495,0.17040005326271057,0.0001
1024000,48,1046,10,0.5018585920333862,0.0675998263888889,-0.23414909640947978,0.2,0.012582423,1980,0.21622972041368485,-0.0058910863887932565,0.08339498192071915,0.0001
1029120,2,2182,1,0.5430731773376465,0.103125,-0.3299033062160015,0.2,0.014159182,1990,0.18245390247553586,-0.00570594836724922,0.049456872045993805,0.0001
1034240,7,1347,2,0.5551375150680542,0.085703125,-0.29666520819067954,0.2,0.010318773,2000,0.229802662730217,-0.004126404204871505,0.10355976223945618,0.0001
1039360,12,1230,3,0.5284897089004517,0.08919921875,-0.3317669427394867,0.2,0.013372643,2010,0.17468204896897077,-0.008440465305466206,0.05165601521730423,0.0001
1044480,17,1166,4,0.40855151414871216,0.08974609375,-0.3299719689786434,0.2,0.0145863965,2020,0.2331516120582819,-0.005445466672535986,0.09406689554452896,0.0001
1049600,22,1114,5,0.6294362545013428,0.106328125,-0.3886598013341427,0.2,0.016065085,2030,0.20946701891720296,-0.007962216848973185,0.10446693748235703,0.0001
1054720,28,1087,6,0.5774815082550049,0.09740234375,-0.2849282480031252,0.2,0.01614556,2040,0.18290563624352216,-0.007873184657655656,0.06877335906028748,0.0001
1059840,33,1066,7,0.4530627131462097,0.0879296875,-0.27660464532673357,0.2,0.010387271,2050,0.19393866516649724,-0.0057838644133880734,0.07219047844409943,0.0001
1064960,38,1056,8,0.4591774344444275,0.1109375,-0.40478620454669,0.2,0.0141985,2060,0.20209697186946868,-0.008062847084365785,0.10360782593488693,0.0001
1070080,43,1048,9,0.4812473654747009,0.09357421875,-0.31697731897234915,0.2,0.013503877,2070,0.20814534910023214,-0.00664364677737467,0.09613403677940369,0.0001
1075200,49,1041,10,0.4870225787162781,0.09369140625,-0.41759971469640733,0.2,0.0115859555,2080,0.18688936442136764,-0.007144264040980488,0.08350738137960434,0.0001
1080320,2,1910,1,0.5515835285186768,0.09556640625,-0.37527045875787735,0.2,0.009770958,2090,0.18748814925551416,-0.005525623182766139,0.07987794280052185,0.0001
1085440,5,1793,2,0.5962889194488525,0.09016927083333333,-0.38357871025800705,0.2,0.012858294,2091,0.2636345972617467,0.0025231295730918646,0.16877205669879913,0.0001
1090560,10,1398,3,0.4708453416824341,0.0859375,-0.339024300724268,0.2,0.008603493,2101,0.21879582218825816,-0.005733913327567279,0.08185876905918121,0.0001
1095680,16,1258,4,0.529203474521637,0.11611328125,-0.4374897007644176,0.2,0.011575233,2111,0.16452440612018107,-0.008856951755005867,0.05649198219180107,0.0001
1100800,21,1189,5,0.4600300192832947,0.07404296875,-0.33769158244132996,0.2,0.008419258,2121,0.17626652117818595,-0.006386784971691668,0.04900689423084259,0.0001
1105920,27,1132,6,0.5478538870811462,0.09009765625,-0.38930301696062086,0.2,0.012068821,2131,0.22918939303606747,-0.005811780816875398,0.11545293778181076,0.0001
1111040,32,1094,7,0.6509548425674438,0.10671875,-0.39108952701091765,0.2,0.010712801,2141,0.18079795591533185,-0.006822652337141335,0.056527573615312576,0.0001
1116160,37,1080,8,0.48189276456832886,0.102421875,-0.38168777748942373,0.2,0.013476869,2151,0.2588038294762373,-0.009005529978312552,0.07249362021684647,0.0001
1121280,43,1068,9,0.5486750602722168,0.08375,-0.37597953900694847,0.2,0.010945817,2161,0.25241660252213477,-0.0064354570372961465,0.10486142337322235,0.0001
1126400,48,1056,10,0.6725082993507385,0.07626953125,-0.36021633818745613,0.2,0.009828439,2171,0.2296191081404686,-0.006445614385884255,0.07120829075574875,0.0001
1131520,4,1199,1,0.7061675786972046,0.08923828125,-0.34182487219572066,0.2,0.0102679925,2181,0.1856789657101035,-0.006584163442021236,0.04956761375069618,0.0001
1136640,10,957,2,0.6973780393600464,0.09748046875,-0.3843399578332901,0.2,0.0153458845,2191,0.2006422446668148,-0.005369608764303848,0.06056618690490723,0.0001
1141760,16,922,3,0.6560510993003845,0.0841015625,-0.3486186216771603,0.2,0.010080775,2201,0.1925158891826868,-0.007253867753315717,0.05365189537405968,0.0001
1146880,22,911,4,0.7432451248168945,0.109375,-0.4590674135088921,0.2,0.012201766,2211,0.17928152222186328,-0.0073872265429235995,0.07640187442302704,0.0001
1152000,28,909,5,0.7559971213340759,0.0683203125,-0.44782267734408376,0.2,0.008594701,2221,0.18287164334207773,-0.008407198088243605,0.08224659413099289,0.0001
1157120,33,912,6,0.65744948387146,0.088828125,-0.35221841648221014,0.2,0.01334651,2231,0.2066703201085329,-0.009773453248199076,0.06828851997852325,0.0001
1162240,39,906,7,0.794211208820343,0.08365234375,-0.473771770298481,0.2,0.008542372,2241,0.15962292563170194,-0.010468158142175525,0.05228874459862709,0.0001
1167360,45,897,8,0.7021085023880005,0.092734375,-0.41590244963765144,0.2,0.009417246,2251,0.19595795761793852,-0.00873828204581514,0.07599246501922607,0.0001
1172480,51,891,9,0.7226307988166809,0.100859375,-0.45446756973862645,0.2,0.012867011,2261,0.18051235433667898,-0.007765718961600214,0.04629693180322647,0.0001
1177600,57,886,10,0.7991160154342651,0.099140625,-0.4835052432119846,0.2,0.008795361,2271,0.1584069751948118,-0.009442786923609675,0.04201837256550789,0.0001
1182720,2,1800,1,0.8040102124214172,0.09935546875,-0.5103983876109123,0.2,0.010412313,2281,0.12874772284179925,-0.012314598292578012,0.048060666769742966,0.0001
1187840,8,1171,2,0.7606595754623413,0.082734375,-0.5028346146643162,0.2,0.01012111,2291,0.1890108598768711,-0.008527277745306492,0.08230242133140564,0.0001
1192960,14,1075,3,0.6964888572692871,0.08359375,-0.47420154631137845,0.2,0.010744923,2301,0.21404701113700866,-0.006634716341504827,0.040351949632167816,0.0001
1198080,19,1030,4,0.7209861278533936,0.1015234375,-0.5001273404061795,0.2,0.01278121,2311,0.20153156910091638,-0.009469102243892849,0.07000882923603058,0.0001
1203200,25,1006,5,0.6639065742492676,0.08845703125,-0.4041327202320099,0.2,0.013474201,2321,0.22310709603130818,-0.00846030194312334,0.0721730887889862,0.0001
1208320,31,985,6,0.7680822014808655,0.10306640625,-0.5192499606311322,0.2,0.012340615,2331,0.16312159653753042,-0.007589035632554442,0.056609753519296646,0.0001
1213440,36,976,7,0.7925933003425598,0.07240234375,-0.4167240671813488,0.2,0.0073331865,2341,0.17161102576181292,-0.00615864027524367,0.02361660823225975,0.0001
1218560,42,968,8,0.6533453464508057,0.0955859375,-0.4350834226608276,0.2,0.012651188,2351,0.2733499027788639,-0.008281202476937324,0.10239643603563309,0.0001
1223680,47,961,9,0.736065685749054,0.09275390625,-0.44324461594223974,0.2,0.009111464,2361,0.21353893637657165,-0.008125942626502364,0.08436356484889984,0.0001
1228800,51,989,10,0.6964451670646667,0.08539663461538462,-0.39309520125389097,0.2,0.025224682,2365,0.35980508006536044,-0.003226960479066922,0.09286554157733917,0.0001
1233920,3,1526,1,0.7711740136146545,0.10509765625,-0.439135776758194,0.2,0.011342108,2375,0.21505001407116653,-0.00872672262135893,0.04007899761199951,0.0001
1239040,9,1100,2,0.7695107460021973,0.11623046875,-0.5254276506602764,0.2,0.012125882,2385,0.2520218450948596,-0.009971682836767286,0.11020411550998688,0.0001
1244160,15,983,3,0.8251631259918213,0.12109375,-0.4559302730585939,0.2,0.022111835,2395,0.1943578950019293,-0.007238335829849045,0.021321507170796394,0.0001
1249280,21,939,4,0.7891908884048462,0.0894140625,-0.4035059659183025,0.2,0.013808091,2405,0.2774325528740883,-0.008552041999064387,0.13022413849830627,0.0001
1254400,27,914,5,0.5883910655975342,0.09587890625,-0.4019673876464367,0.2,0.009468047,2415,0.37788520351052285,-0.005758091639727354,0.21845094859600067,0.0001
1259520,33,914,6,0.7159911394119263,0.09271484375,-0.4551917724311352,0.2,0.009702602,2425,0.2722607708349824,-0.005120967761613428,0.07996934652328491,0.0001
1264640,39,917,7,0.6633996367454529,0.09255859375,-0.4607793986797333,0.2,0.01102989,2435,0.30032622076570986,-0.009425949717406184,0.11410772800445557,0.0001
1269760,44,920,8,0.6335315704345703,0.0912109375,-0.42822651356458663,0.2,0.009410305,2445,0.29772579960525036,-0.007609136467799545,0.10350652784109116,0.0001
1274880,50,918,9,0.5772827863693237,0.09876953125,-0.3705145953595638,0.2,0.01222148,2455,0.29056618101894854,-0.00913951609749347,0.09468406438827515,0.0001
1280000,55,915,10,0.6361055374145508,0.0998046875,-0.40004101902246475,0.2,0.009690995,2465,0.2936284959316254,-0.005357883688993752,0.14061827957630157,0.0001
1285120,2,2037,1,0.47057145833969116,0.11404296875,-0.4263947440683842,0.2,0.010459373,2475,0.3071112883090973,-0.010405480132903903,0.08962909877300262,0.0001
1290240,7,1338,2,0.45353370904922485,0.100859375,-0.38626946195960044,0.2,0.013020985,2485,0.27074758827686307,-0.007423971993848682,0.10239072144031525,0.0001
1295360,13,1151,3,0.38308435678482056,0.09578125,-0.3752639031410217,0.2,0.0107557615,2495,0.2359992516040802,-0.009557055903133004,0.09645393490791321,0.0001
1300480,18,1108,4,0.28720974922180176,0.088203125,-0.3818787817656994,0.2,0.017214319,2505,0.218774183280766,-0.006129228638019413,0.07058931887149811,0.0001
1305600,23,1085,5,0.4169709086418152,0.1070703125,-0.37364519223570825,0.2,0.0115523515,2515,0.16503809500485658,-0.0077853969880379735,0.03691912069916725,0.0001
1310720,28,1062,6,0.3593099117279053,0.10212890625,-0.3914592322707176,0.2,0.012496394,2525,0.1816448834910989,-0.007170541645027697,0.06482580304145813,0.0001
1315840,34,1053,7,0.29356175661087036,0.0800390625,-0.29333198219537737,0.2,0.010605797,2535,0.21437368083745242,-0.009012764766812325,0.08915051817893982,0.0001
1320960,39,1044,8,0.5024075508117676,0.07923828125,-0.3259996119141579,0.2,0.014083654,2545,0.1773426929861307,-0.007472491574008018,0.0611610971391201,0.0001
1326080,44,1034,9,0.5611599683761597,0.10220703125,-0.3684427377581596,0.2,0.014836756,2555,0.1765363532677293,-0.006612283126451075,0.026802128180861473,0.0001
1331200,49,1030,10,0.49903565645217896,0.08181640625,-0.41519929215312,0.2,0.0088688675,2565,0.1923812387138605,-0.006646860791370272,0.06910417228937149,0.0001
1336320,2,2175,1,0.60524582862854,0.10486328125,-0.45033722832798956,0.2,0.011185104,2575,0.16370600398629903,-0.010290089594200254,0.0612991526722908,0.0001
1341440,7,1316,2,0.46920639276504517,0.08224609375,-0.31009265661239627,0.2,0.009629287,2585,0.1912062392383814,-0.0067903467477299275,0.04910985007882118,0.0001
1346560,13,1162,3,0.49413734674453735,0.0837890625,-0.3530903197824955,0.2,0.009871602,2595,0.1779656657204032,-0.007803495205007493,0.06542451679706573,0.0001
1351680,18,1104,4,0.5636175870895386,0.08439453125,-0.3931494125723839,0.2,0.009750259,2605,0.17786127507686614,-0.007694828903768211,0.04087969660758972,0.0001
1356800,23,1069,5,0.4853971600532532,0.07150390625,-0.3491951510310173,0.2,0.009810006,2615,0.24422100391238927,-0.006113042098004371,0.09457194805145264,0.0001
1361920,29,1051,6,0.6277969479560852,0.07625,-0.31030472815036775,0.2,0.012360061,2625,0.18038613706827164,-0.006232687139417976,0.05397644266486168,0.0001
1367040,34,1032,7,0.6193243265151978,0.0957421875,-0.35069836884737016,0.2,0.012790592,2635,0.21234672401100396,-0.006145425734575838,0.053365372121334076,0.0001
1372160,39,1024,8,0.46592557430267334,0.07525390625,-0.2664614225924015,0.2,0.009368034,2645,0.2924502807110548,-0.006319573526270688,0.08547597378492355,0.0001
1377280,45,1006,9,0.5881235599517822,0.09654296875,-0.347746235281229,0.2,0.012871156,2655,0.18054805494844914,-0.009541938030160964,0.021634571254253387,0.0001
1382400,51,996,10,0.5575955510139465,0.093359375,-0.34951422676444055,0.2,0.012999873,2665,0.17719710156321525,-0.006580415654461831,0.03262566775083542,0.0001
1387520,2,2187,1,0.5557148456573486,0.09550020292207792,-0.3261901492422277,0.2,0.012998723,2673,0.2324510994669679,-0.006612169184395438,0.07066738605499268,0.0001
1392640,7,1349,2,0.6126532554626465,0.09333984375,-0.32525802969932555,0.2,0.013280797,2683,0.19433541398495435,-0.007452644346049055,0.07482975721359253,0.0001
1397760,13,1164,3,0.5569520592689514,0.0790625,-0.34675893977284433,0.2,0.0081822155,2693,0.190847260504961,-0.007122591666411608,0.06822371482849121,0.0001
1402880,18,1115,4,0.41071540117263794,0.09890625,-0.3636814494431019,0.2,0.0116089415,2703,0.20502208795398474,-0.00659069845918566,0.0795450359582901,0.0001
1408000,23,1093,5,0.4064908027648926,0.09326171875,-0.3790884654223919,0.2,0.009866344,2713,0.18854514501988887,-0.0078063331940211355,0.08634913712739944,0.0001
1413120,28,1068,6,0.49097591638565063,0.09177734375,-0.375711607336998,0.2,0.012996388,2723,0.22868775244802236,-0.009327260258141906,0.06002601981163025,0.0001
1418240,33,1059,7,0.5394822359085083,0.10248046875,-0.4182640205323696,0.2,0.012130938,2733,0.2158461792767048,-0.010335646562743932,0.06181630119681358,0.0001
1423360,38,1053,8,0.595069408416748,0.1071484375,-0.3755063582956791,0.2,0.012348989,2743,0.224798390828073,-0.007781970023643225,0.08215373754501343,0.0001
1428480,43,1048,9,0.5681760311126709,0.08294921875,-0.36362784177064894,0.2,0.012680152,2753,0.1858381477743387,-0.01004940421320498,0.06911991536617279,0.0001
1433600,48,1044,10,0.6978408694267273,0.107734375,-0.3619673217833042,0.2,0.012806009,2763,0.15734661225229502,-0.009668570626527071,0.05738469585776329,0.0001
1438720,2,2221,1,0.4141281843185425,0.0919921875,-0.3254053808003664,0.2,0.011727208,2773,0.23527214698493482,-0.007489538909867406,0.08605911582708359,0.0001
1443840,7,1398,2,0.49965590238571167,0.0946484375,-0.371301386654377,0.2,0.013432017,2783,0.18296250395476818,-0.00647289686370641,0.04992647469043732,0.0001
1448960,12,1273,3,0.5023468732833862,0.096484375,-0.39023629903793333,0.2,0.0103717875,2793,0.16795343365520238,-0.008693001281935722,0.042317163199186325,0.0001
1454080,16,1214,4,0.48509979248046875,0.08748046875,-0.26610633186995986,0.2,0.01376165,2803,0.20291281938552858,-0.007963586414698512,0.05870433151721954,0.0001
1459200,21,1180,5,0.4993744492530823,0.09720703125,-0.3654078833758831,0.2,0.011505516,2813,0.16709641575813294,-0.009881666775327176,0.0347648486495018,0.0001
1464320,26,1158,6,0.4889957308769226,0.11595703125,-0.37940077766776087,0.2,0.013667126,2823,0.17312381375581026,-0.008603446164634078,0.04179256409406662,0.0001
1469440,31,1141,7,0.32007622718811035,0.103046875,-0.46446737602353094,0.2,0.010811428,2833,0.1523127169907093,-0.007141162186162547,0.03453492745757103,0.0001
1474560,35,1168,8,0.5101597309112549,0.0972430889423077,-0.3727458337178597,0.2,0.027422005,2839,0.18860502892102188,-0.0066149765536045796,0.05605573207139969,0.0001
1479680,37,1228,9,0.4156455397605896,0.035757211538461536,-0.35342268760387713,0.2,0.0076828967,2840,0.3178365391034346,0.0028604757613860643,0.14833234250545502,0.0001
1484800,42,1209,10,0.42985332012176514,0.0875390625,-0.2891345754265785,0.2,0.012299247,2850,0.13794956017285587,-0.005476923291571439,0.016949452459812164,0.0001
1489920,2,2212,1,0.40002113580703735,0.0704985119047619,-0.39779684728100184,0.2,0.031431198,2855,0.18348325868802412,-0.0024992324400781875,0.04471055045723915,0.0001
1495040,7,1378,2,0.39660942554473877,0.08869140625,-0.3155965107679367,0.2,0.011059238,2865,0.1466026011109352,-0.0087947783106938,0.044740691781044006,0.0001
1500160,12,1239,3,0.44877707958221436,0.09271484375,-0.3534968952834606,0.2,0.014154183,2875,0.1423886127397418,-0.007712997717317194,0.01754125952720642,0.0001
1505280,17,1162,4,0.6546049118041992,0.08701171875,-0.35222306475043297,0.2,0.010968229,2885,0.13693061858415603,-0.008515817902516574,0.04028191417455673,0.0001
1510400,22,1127,5,0.6377863883972168,0.10150390625,-0.3678821536898613,0.2,0.014566226,2895,0.1302972069568932,-0.009693933562375604,0.031368449330329895,0.0001
1515520,27,1105,6,0.5614575147628784,0.09025390625,-0.40053357541561124,0.2,0.012517752,2905,0.17070861134678125,-0.008731578069273382,0.040277592837810516,0.0001
1520640,32,1098,7,0.5385940074920654,0.0872265625,-0.3775716271996498,0.2,0.011871864,2915,0.17634300377219916,-0.006686648291070014,0.04179871082305908,0.0001
1525760,37,1091,8,0.6056020259857178,0.09,-0.34730780497193336,0.2,0.0107717505,2925,0.18328434288501738,-0.009174497717758641,0.054096706211566925,0.0001
1530880,40,1144,9,0.620186448097229,0.06393229166666667,-0.3202713757753372,0.2,0.013494128,2927,0.2749607111016909,0.0032264143073310455,0.07757807523012161,0.0001
1536000,44,1151,10,0.5718171000480652,0.11863527097902098,-0.4302695791621308,0.2,0.024487069,2935,0.21424131439282343,-0.0047999985314176215,0.056793034076690674,0.0001
1541120,2,2270,1,0.639374315738678,0.09875,-0.3200142233073711,0.2,0.013533911,2945,0.16453928995877504,-0.013444434113334864,0.034651145339012146,0.0001
1546240,7,1356,2,0.6199938058853149,0.0924609375,-0.30265819527208804,0.2,0.011723909,2955,0.18276911951601504,-0.011673980324994773,0.03173413872718811,0.0001
1551360,12,1240,3,0.5566450357437134,0.09115234375,-0.3703098088502884,0.2,0.010836838,2965,0.1780081692710519,-0.009021935935597867,0.02333747036755085,0.0001
1556480,17,1185,4,0.6142864227294922,0.082109375,-0.41189433813095094,0.2,0.009901871,2975,0.17274921178817748,-0.008822230055229738,0.05573823302984238,0.0001
1561600,22,1142,5,0.5393533706665039,0.07669921875,-0.35033397883176803,0.2,0.007813109,2985,0.18507258769124746,-0.007190883436705917,0.03410490229725838,0.0001
1566720,27,1114,6,0.44123780727386475,0.108515625,-0.3697597920894623,0.2,0.01345299,2995,0.17310766194015742,-0.008032501295674592,0.05368394777178764,0.0001
1571840,33,1081,7,0.45135068893432617,0.07642578125,-0.39744923397898674,0.2,0.009582415,3005,0.14062072739005088,-0.007829442117363215,0.03194544464349747,0.0001
1576960,38,1069,8,0.2922571897506714,0.08806640625,-0.32541923090815544,0.2,0.010746801,3015,0.14255470737814904,-0.009170304930303247,0.05655743554234505,0.0001
1582080,43,1061,9,0.3651891350746155,0.10490234375,-0.38540019780397416,0.2,0.01592696,3025,0.12021300593391061,-0.01025355601683259,0.022105969488620758,0.0001
1587200,48,1058,10,0.41681039333343506,0.09748046875,-0.4410776653885841,0.2,0.009965546,3035,0.1080466545931995,-0.008521515583852305,0.0255439430475235,0.0001
1592320,2,2223,1,0.39948755502700806,0.07169117647058823,-0.34850500436390147,0.2,0.042150382,3039,0.17235321179032326,-0.0011900455882663235,0.05605137348175049,0.0001
1597440,7,1323,2,0.3784065842628479,0.0957421875,-0.35515364006161687,0.2,0.013336403,3049,0.12695532409474253,-0.0072417356306687,0.01749732717871666,0.0001
1602560,12,1187,3,0.46508991718292236,0.08205078125,-0.3221386715769768,0.2,0.011847102,3059,0.1419499820843339,-0.008158245919039473,0.04146088659763336,0.0001
1607680,18,1136,4,0.5059272646903992,0.08578125,-0.31902535527944564,0.2,0.01276653,3069,0.11949137642979622,-0.008591873694676906,0.035785309970378876,0.0001
1612800,23,1096,5,0.4552171230316162,0.08982421875,-0.32416155576705935,0.2,0.016248012,3079,0.15373013891279697,-0.010790970558300614,0.040330126881599426,0.0001
1617920,28,1079,6,0.5258443355560303,0.07294921875,-0.3099515873193741,0.2,0.010047153,3089,0.16889868892729282,-0.007312837159261108,0.047692831605672836,0.0001
1623040,33,1062,7,0.5877569317817688,0.08171875,-0.26082166194915773,0.2,0.013422946,3099,0.12604921303689479,-0.005271430010907352,0.052187226712703705,0.0001
1628160,38,1051,8,0.6167911291122437,0.09412109375,-0.3397206407785416,0.2,0.010547286,3109,0.13203101325780153,-0.007598335647489875,0.019161654636263847,0.0001
1633280,44,1042,9,0.48025280237197876,0.0928515625,-0.3423589612543583,0.2,0.010951018,3119,0.16267025887966155,-0.009738030931912363,0.032023824751377106,0.0001
1638400,49,1034,10,0.4810795783996582,0.0825,-0.3646055157482624,0.2,0.009977653,3129,0.17615417182445525,-0.009105354053899646,0.06041242554783821,0.0001
1643520,2,2084,1,0.5010061264038086,0.0897265625,-0.342501799762249,0.2,0.011167753,3139,0.17422147143632175,-0.0069885118980892,0.045047909021377563,0.0001
1648640,8,1263,2,0.4686635732650757,0.09193359375,-0.297161036580801,0.2,0.0107294815,3149,0.15495564606040715,-0.008068186368327589,0.015365613624453545,0.0001
1653760,13,1167,3,0.43346261978149414,0.11453125,-0.4563550545275211,0.2,0.013552939,3159,0.1437855444289744,-0.009632510219234973,0.038503024727106094,0.0001
1658880,16,1246,4,0.4206240177154541,0.07111515410958905,-0.2853376597982563,0.2,0.015854925,3163,0.2548643352642451,0.0011780141591260286,0.1457383632659912,0.0001
1664000,21,1174,5,0.5083125233650208,0.08584770114942529,-0.39158569516121655,0.2,0.014778448,3172,0.14634318748253516,-0.008656148472265607,0.035770028829574585,0.0001
1669120,27,1129,6,0.5280450582504272,0.07509765625,-0.34432137534022333,0.2,0.010354341,3182,0.1810296455398202,-0.009106880186591297,0.055869366973638535,0.0001
1674240,32,1088,7,0.3793831467628479,0.08244140625,-0.3996486486494541,0.2,0.00898048,3192,0.17096851844340563,-0.006959597798995674,0.03387782722711563,0.0001
1679360,38,1056,8,0.5949254035949707,0.10974609375,-0.41988843113183977,0.2,0.014830676,3202,0.13202999752014877,-0.011847734384937213,0.03731580078601837,0.0001
1684480,44,1042,9,0.5514234900474548,0.1265625,-0.5192503145337105,0.2,0.014259376,3212,0.15073012854903936,-0.00964683071943,0.027652762830257416,0.0001
1689600,49,1025,10,0.6552680730819702,0.10875,-0.401236938983202,0.2,0.013191012,3222,0.13821943055838345,-0.00885723261977546,0.041045669466257095,0.0001
1694720,2,2005,1,0.7175519466400146,0.0996875,-0.4217750345170498,0.2,0.012230473,3232,0.1335412604175508,-0.0068167802889365706,0.04672690108418465,0.0001
1699840,7,1288,2,0.6562392711639404,0.08447265625,-0.3318548735976219,0.2,0.008817891,3242,0.1390411116927862,-0.008398456014692784,0.006534785032272339,0.0001
1704960,13,1162,3,0.6314690113067627,0.10158203125,-0.40728381410241127,0.2,0.013843885,3252,0.15101927250623703,-0.009428149389568716,0.023805536329746246,0.0001
1710080,18,1090,4,0.5154107809066772,0.10220703125,-0.3782250401377678,0.2,0.011923339,3262,0.1704489716514945,-0.007507197137456388,0.0330507829785347,0.0001
1715200,23,1073,5,0.5322592258453369,0.082734375,-0.29247892536222936,0.2,0.01130896,3272,0.15004777271300554,-0.008513757868204266,0.02402334474027157,0.0001
1720320,28,1066,6,0.4623931050300598,0.09955078125,-0.32818358451128005,0.2,0.012934956,3282,0.1347584319114685,-0.008598826352972537,0.004351265728473663,0.0001
1725440,34,1051,7,0.4609753489494324,0.10099609375,-0.36214540526270866,0.2,0.012653505,3292,0.12675720443949104,-0.00879209621809423,0.01830724999308586,0.0001
1730560,39,1044,8,0.4050370454788208,0.06994140625,-0.24998137958347796,0.2,0.0102495905,3302,0.1499572119861841,-0.008411137065850198,0.024288613349199295,0.0001
1735680,44,1036,9,0.5166624188423157,0.08498046875,-0.3032887513190508,0.2,0.009657197,3312,0.16650098405778407,-0.004317643025424331,0.04896731674671173,0.0001
1740800,49,1027,10,0.6317602396011353,0.09181640625,-0.3124738463759422,0.2,0.010302794,3322,0.14108757108449935,-0.009376980050001293,0.052706435322761536,0.0001
1745920,2,2016,1,0.4681759476661682,0.085078125,-0.24264840804040433,0.2,0.009731362,3332,0.12296832812950015,-0.008358620023354888,0.02589959092438221,0.0001
1751040,7,1295,2,0.5728585720062256,0.11171875,-0.37058450683951377,0.2,0.012976992,3342,0.10655587848275899,-0.008332352588186041,0.01718367263674736,0.0001
1756160,11,1377,3,0.3939366936683655,0.08653846153846154,-0.28193298876285555,0.2,0.032811217,3346,0.14956621791307742,0.002565730893268035,0.04775886610150337,0.0001
1761280,16,1258,4,0.5154234170913696,0.10615234375,-0.38631745398044587,0.2,0.013295467,3356,0.12084193589165806,-0.009869995369808749,0.021074410527944565,0.0001
1766400,21,1198,5,0.5816679000854492,0.0890625,-0.3188378356397152,0.2,0.013303593,3366,0.1399901670590043,-0.007752085200045258,0.02812659926712513,0.0001
1771520,26,1168,6,0.5499265193939209,0.0680078125,-0.2723635295778513,0.2,0.0076156585,3376,0.11266807958483696,-0.007695778624620289,0.02362314984202385,0.0001
1776640,31,1135,7,0.3185023069381714,0.0875390625,-0.2734146335721016,0.2,0.013309032,3386,0.11081292292103172,-0.009613778772763908,0.026381965726614,0.0001
1781760,36,1115,8,0.5728320479393005,0.10197265625,-0.33973156616091726,0.2,0.009592211,3396,0.08865335568785668,-0.009564835124183445,0.012399787083268166,0.0001
1786880,42,1089,9,0.5386711359024048,0.104609375,-0.33374141991138456,0.2,0.014077905,3406,0.11224372178316117,-0.009816956853028387,0.023587830364704132,0.0001
1792000,47,1071,10,0.4274810552597046,0.10466796875,-0.37838236168026923,0.2,0.014020814,3416,0.1006372769922018,-0.011064261845313013,0.021391097456216812,0.0001
1797120,2,2224,1,0.30153512954711914,0.08654296875,-0.3019454249739647,0.2,0.0126255825,3426,0.11246461719274521,-0.007336878564674407,0.012034198269248009,0.0001
1802240,7,1341,2,0.37726229429244995,0.0978515625,-0.3442854356765747,0.2,0.015075028,3436,0.11644878866150975,-0.009133431368973106,0.012149590998888016,0.0001
1807360,12,1194,3,0.6017532348632812,0.0930859375,-0.31329545855522156,0.2,0.010540677,3446,0.11755509864538909,-0.008616679087281228,0.04276503995060921,0.0001
1812480,17,1142,4,0.5544694662094116,0.0910546875,-0.3080882900953293,0.2,0.011811991,3456,0.11239223958924413,-0.010229519607964904,0.02917158603668213,0.0001
1817600,22,1116,5,0.5683964490890503,0.10123046875,-0.35429557278752327,0.2,0.012706587,3466,0.1240587710030377,-0.010650030476972461,0.025968283414840698,0.0001
1822720,28,1094,6,0.5407733917236328,0.09900390625,-0.4109312212467194,0.2,0.0096881,3476,0.13273079304024576,-0.007547219875268638,0.04138095676898956,0.0001
1827840,32,1090,7,0.5602999925613403,0.09896484375,-0.4054390051960945,0.2,0.01033582,3486,0.14273485586047172,-0.009057507093530148,0.039658114314079285,0.0001
1832960,37,1085,8,0.547299861907959,0.1001171875,-0.36837090268731115,0.2,0.0129637765,3496,0.11292478863149881,-0.011155542575288564,0.008394509553909302,0.0001
1838080,42,1080,9,0.7251490354537964,0.11591796875,-0.4377674585580826,0.2,0.012900278,3506,0.1166670815832913,-0.01180293582379818,0.020537927746772766,0.0001
1843200,47,1077,10,0.656974196434021,0.0905859375,-0.4266969038546085,0.2,0.009628677,3516,0.1471398795209825,-0.00964747449848801,0.023349057883024216,0.0001
1848320,2,2154,1,0.5648045539855957,0.1001171875,-0.4202354528009892,0.2,0.011755304,3526,0.12969836650416255,-0.009994140509516001,0.03443213924765587,0.0001
1853440,8,1274,2,0.624121367931366,0.113671875,-0.4882312580943108,0.2,0.012241932,3536,0.13945155499503017,-0.011142476638779044,0.011879166588187218,0.0001
1858560,13,1153,3,0.4701550006866455,0.08197265625,-0.3806780609488487,0.2,0.008012323,3546,0.10939799448475242,-0.010635820326860994,0.021708251908421516,0.0001
1863680,18,1108,4,0.6391640901565552,0.10234375,-0.40937319591641425,0.2,0.013075131,3556,0.12026662740856409,-0.01273755109636113,0.020775698125362396,0.0001
1868800,23,1086,5,0.49949777126312256,0.101796875,-0.4217743347585201,0.2,0.013254238,3566,0.18366110533475877,-0.009681560494937003,0.034920793026685715,0.0001
1873920,28,1070,6,0.5504878759384155,0.0916796875,-0.3980465896427631,0.2,0.010813195,3576,0.15451987143605947,-0.009705424238927663,0.03646581619977951,0.0001
1879040,33,1062,7,0.5657130479812622,0.08958984375,-0.47265917256474493,0.2,0.008471873,3586,0.13517895601689817,-0.008358345727901905,0.041291743516922,0.0001
1884160,39,1048,8,0.6214748620986938,0.1053125,-0.45348172694444655,0.2,0.010516951,3596,0.09621561948210001,-0.009753128176089376,-0.0013417769223451614,0.0001
1889280,44,1039,9,0.5439488887786865,0.09931640625,-0.5312607273459434,0.2,0.012638295,3606,0.19433003157377243,-0.009110174062661826,0.06661063432693481,0.0001
1894400,49,1034,10,0.6682366132736206,0.1084765625,-0.4855123031139374,0.2,0.014507489,3616,0.11302523339167238,-0.009289762100670486,0.02943718060851097,0.0001
1899520,2,2133,1,0.49620264768600464,0.097578125,-0.4836093205213547,0.2,0.010907009,3626,0.18607530452311039,-0.007484473685035482,0.02600887417793274,0.0001
1904640,7,1308,2,0.694722056388855,0.11037109375,-0.5073851339519024,0.2,0.011627255,3636,0.11824460642412304,-0.009353705632966012,0.008924392983317375,0.0001
1909760,13,1163,3,0.6898828148841858,0.09583984375,-0.46467379689216615,0.2,0.011513565,3646,0.1405684425495565,-0.009492632083129138,0.024491650983691216,0.0001
1914880,18,1099,4,0.6226401925086975,0.0827734375,-0.4392513835430145,0.2,0.008741291,3656,0.21308544777333738,-0.007235284838825465,0.04024706780910492,0.0001
1920000,23,1074,5,0.57872074842453,0.1020703125,-0.5303358809649944,0.2,0.0100957025,3666,0.12465318024158478,-0.010496632186695934,0.012925660237669945,0.0001
1925120,29,1051,6,0.6095664501190186,0.095546875,-0.4189612036943436,0.2,0.009889439,3676,0.2186623090878129,-0.010850667697377503,0.048527792096138,0.0001
1930240,34,1037,7,0.4800562858581543,0.088046875,-0.4491980481147766,0.2,0.009668112,3686,0.21772741328924894,-0.00973688555881381,0.047351885586977005,0.0001
1935360,39,1030,8,0.5044984817504883,0.101640625,-0.45300790533423424,0.2,0.010258494,3696,0.1471357138082385,-0.011554501438513397,0.03046605736017227,0.0001
1940480,44,1026,9,0.5829824209213257,0.08486328125,-0.42342373475432393,0.2,0.009794104,3706,0.12543766433373094,-0.010272586068604142,0.019561832770705223,0.0001
1945600,50,1022,10,0.6787588596343994,0.10017578125,-0.4293178068101406,0.2,0.010058056,3716,0.15889872502535582,-0.009677767681423574,0.016079725697636604,0.0001
1950720,2,2128,1,0.7364793419837952,0.1176171875,-0.5120424178242683,0.2,0.014680785,3726,0.13967511873692273,-0.01138053702423349,0.016605213284492493,0.0001
1955840,7,1371,2,0.6432887315750122,0.07662109375,-0.4102144095301628,0.2,0.009304742,3736,0.178585691973567,-0.009935010245535524,0.029858075082302094,0.0001
1960960,12,1240,3,0.6158461570739746,0.10564453125,-0.426134729385376,0.2,0.010064514,3746,0.16536046452820302,-0.010877383577171712,0.049525998532772064,0.0001
1966080,17,1182,4,0.5370625257492065,0.09123046875,-0.44960534378886224,0.2,0.012410708,3756,0.13440264262259005,-0.011913465398829431,0.00403611920773983,0.0001
1971200,22,1153,5,0.47888344526290894,0.09529296875,-0.38045229196548463,0.2,0.010341902,3766,0.1670040775090456,-0.009403442901093512,0.019819917157292366,0.0001
1976320,27,1134,6,0.48420482873916626,0.0859765625,-0.40013827845454214,0.2,0.008785121,3776,0.18577014707028866,-0.007853640012908726,0.013342540711164474,0.0001
1981440,32,1100,7,0.46153712272644043,0.09783203125,-0.4397297565639019,0.2,0.00954924,3786,0.16593520548194646,-0.010531967740971595,0.03479381650686264,0.0001
1986560,37,1084,8,0.5604019165039062,0.09640625,-0.3546591484546661,0.2,0.011538758,3796,0.1649835342168808,-0.010579185613896697,0.016797201707959175,0.0001
1991680,42,1074,9,0.6065397262573242,0.0932421875,-0.4175421668589115,0.2,0.011269827,3806,0.15748213291168212,-0.010966653807554395,0.016644934192299843,0.0001
1996800,48,1061,10,0.5363128185272217,0.10033203125,-0.4587062518298626,0.2,0.0099686785,3816,0.15808299094438552,-0.010016460246406496,0.019708797335624695,0.0001
2001920,2,2196,1,0.47970038652420044,0.086875,-0.45864091798663137,0.2,0.0088058645,3826,0.1654821242392063,-0.00844919000985101,0.061204299330711365,0.0001
2007040,7,1367,2,0.3391658067703247,0.10400390625,-0.47756460890173913,0.2,0.010862259,3836,0.16281476810574533,-0.00982547272928059,0.030088897794485092,0.0001
2012160,12,1217,3,0.3445740342140198,0.0944921875,-0.4306381131708622,0.2,0.009314137,3846,0.15018643721938132,-0.008005206587258727,0.011550502851605415,0.0001
2017280,17,1156,4,0.28295010328292847,0.1141796875,-0.455515705794096,0.2,0.012378374,3856,0.14228346887975932,-0.012343291777651757,0.014851368963718414,0.0001
2022400,22,1131,5,0.3824741840362549,0.12640625,-0.5413887929916382,0.2,0.011937524,3866,0.1119050757214427,-0.007376353519503027,0.02153194509446621,0.0001
2027520,27,1114,6,0.16363763809204102,0.1096484375,-0.44885979548096655,0.2,0.014908567,3876,0.12554758839309216,-0.013346922434866428,0.0007000546902418137,0.0001
2032640,32,1101,7,0.3920136094093323,0.11046875,-0.3818184745311737,0.2,0.012613435,3886,0.12574808871373533,-0.00936123875202611,0.003968808799982071,0.0001
2037760,37,1095,8,0.4356459975242615,0.09947265625,-0.42956919223070145,0.2,0.00877502,3896,0.12278405535966158,-0.008906955299898982,0.013606397435069084,0.0001
2042880,42,1072,9,0.5757662057876587,0.09193359375,-0.37688039913773536,0.2,0.012499439,3906,0.11803718097507954,-0.011822879766114056,0.008945915848016739,0.0001
2048000,48,1060,10,0.6038928031921387,0.0825,-0.3866019977629185,0.2,0.012656756,3916,0.13677434680983425,-0.010449148581828922,0.021332230418920517,0.0001
2053120,2,1901,1,0.443706750869751,0.0901171875,-0.3979927431046963,0.2,0.008907857,3926,0.1339295281469822,-0.011866585968527943,0.02885129302740097,0.0001
2058240,7,1290,2,0.6775133609771729,0.1079296875,-0.445687255859375,0.2,0.013280271,3936,0.11153554145246744,-0.011602386930026114,0.02997121587395668,0.0001
2063360,13,1156,3,0.5641894340515137,0.086953125,-0.37129385441541674,0.2,0.00976491,3946,0.12353670351207256,-0.01070464116288349,0.012993086129426956,0.0001
2068480,18,1091,4,0.509139358997345,0.104140625,-0.45437623783946035,0.2,0.011338854,3956,0.13075453463941814,-0.009635514246765524,0.027708690613508224,0.0001
2073600,23,1068,5,0.4991905093193054,0.099375,-0.44403485670685766,0.2,0.011329038,3966,0.12197783943265676,-0.011694675548933447,0.00026616640388965607,0.0001
2078720,28,1072,6,0.5048542022705078,0.0856845773381295,-0.395863281093913,0.2,0.011496917,3973,0.18821269930373852,-0.007048595167374868,0.03231760114431381,0.0001
2083840,34,1047,7,0.41940468549728394,0.09849609375,-0.38876247242093087,0.2,0.01200465,3983,0.14515943137928844,-0.011517214449122548,0.022276176139712334,0.0001
2088960,39,1043,8,0.6564365029335022,0.08994140625,-0.4577602165937424,0.2,0.0096458895,3993,0.10419681699946523,-0.010549525287933648,0.00582943856716156,0.0001
2094080,44,1043,9,0.49892765283584595,0.08375,-0.39653545126318934,0.2,0.008917626,4003,0.143203088324517,-0.008456014215480536,0.02295028604567051,0.0001
2099200,49,1044,10,0.4684451222419739,0.08337890625,-0.3614788503944874,0.2,0.008939673,4013,0.1774833829700947,-0.010154455367010087,0.03367004543542862,0.0001
2104320,2,2148,1,0.36626648902893066,0.0949609375,-0.36929518580436704,0.2,0.01148917,4023,0.12336593989282846,-0.009323341883718967,0.03321286290884018,0.0001
2109440,6,1657,2,0.4696415066719055,0.06522902397260275,-0.3510916971997039,0.2,0.010579158,4027,0.24926011958350874,-0.004145981731173927,0.08323661983013153,0.0001
2114560,11,1349,3,0.33970654010772705,0.08322265625,-0.3029635056853294,0.2,0.00934671,4037,0.14024110339581966,-0.010121427825652063,0.013433430343866348,0.0001
2119680,16,1250,4,0.5176452398300171,0.07482421875,-0.3510073494911194,0.2,0.008269026,4047,0.1270750917866826,-0.009738066478166729,0.007876114919781685,0.0001
2124800,21,1173,5,0.36294931173324585,0.08203125,-0.37347190141677855,0.2,0.009980349,4057,0.1336092291586101,-0.008807967971079052,0.03601270169019699,0.0001
2129920,27,1132,6,0.46381473541259766,0.08064453125,-0.36366896256804465,0.2,0.008051274,4067,0.1287052220106125,-0.009662241712212562,0.00814739428460598,0.0001
2135040,32,1108,7,0.6423532962799072,0.0934765625,-0.36377824753522875,0.2,0.012416427,4077,0.09179500995203853,-0.009928415964823216,0.017045453190803528,0.0001
2140160,37,1091,8,0.46836942434310913,0.07298828125,-0.31736383892595765,0.2,0.008420652,4087,0.11506934059783816,-0.010120504673104734,0.014810329303145409,0.0001
2145280,42,1077,9,0.4940980076789856,0.10244140625,-0.364768907725811,0.2,0.012038985,4097,0.12097849519923329,-0.010983260250650346,0.015037421137094498,0.0001
2150400,47,1068,10,0.32797592878341675,0.085078125,-0.37937630504369735,0.2,0.010438271,4107,0.10395726528018713,-0.00859784077387303,0.01346709206700325,0.0001
2155520,2,2084,1,0.6345359086990356,0.061197916666666664,-0.34585430737464656,0.2,0.01309585,4112,0.10968312424837902,-0.005080033924871235,0.017743881791830063,0.0001
2160640,8,1267,2,0.4138738512992859,0.08875,-0.3457340149581432,0.2,0.010991295,4122,0.11178590493276715,-0.010025261053815484,0.015440667048096657,0.0001
2165760,13,1164,3,0.3695051074028015,0.0740234375,-0.2569933108985424,0.2,0.0110915685,4132,0.10658116487786173,-0.007476928750984371,0.0036465823650360107,0.0001
2170880,18,1101,4,0.5352444648742676,0.09068359375,-0.3332102553546429,0.2,0.0106949825,4142,0.09443938067182898,-0.010967258755117655,0.012475376017391682,0.0001
2176000,23,1067,5,0.5081676244735718,0.075703125,-0.3828896537423134,0.2,0.008168763,4152,0.1155607035383582,-0.009999141313601285,0.01278951857239008,0.0001
2181120,29,1057,6,0.35052788257598877,0.08904296875,-0.38033792465925215,0.2,0.010137735,4162,0.12468459960073233,-0.011717291015665978,0.01679237186908722,0.0001
2186240,34,1045,7,0.48119205236434937,0.08673828125,-0.34830914676189423,0.2,0.010411727,4172,0.0937844691798091,-0.012022000250872224,0.002081179991364479,0.0001
2191360,39,1038,8,0.6810052394866943,0.083828125,-0.4400850047171116,0.2,0.008831884,4182,0.12378228390589356,-0.010497865732759237,0.02387244626879692,0.0001
2196480,44,1037,9,0.5338307619094849,0.07703125,-0.3087432887405157,0.2,0.008113812,4192,0.11515512067824601,-0.009113247576169669,0.01303696446120739,0.0001
2201600,49,1025,10,0.5721445083618164,0.08833984375,-0.4437524229288101,0.2,0.010576687,4202,0.11162921098992229,-0.012457038224674762,0.008091265335679054,0.0001
2206720,2,2202,1,0.4865983724594116,0.09958984375,-0.4903820145130158,0.2,0.010234288,4212,0.09315520430915057,-0.014434655748773366,-0.0015845298767089844,0.0001
2211840,7,1349,2,0.4793246388435364,0.08853515625,-0.3433505630493164,0.2,0.010236407,4222,0.11480167917907239,-0.01151304153725505,0.013912450522184372,0.0001
2216960,12,1195,3,0.5562835931777954,0.0690625,-0.33741520300507544,0.2,0.007159504,4232,0.12689916703850032,-0.007838286387268453,0.014830464497208595,0.0001
2222080,18,1135,4,0.33976292610168457,0.0833984375,-0.39704423666000366,0.2,0.0096100345,4242,0.12311944831162691,-0.012314761111047118,0.011174408718943596,0.0001
2227200,23,1111,5,0.41939985752105713,0.0973046875,-0.490284683406353,0.2,0.009403149,4252,0.10002320693805813,-0.010379252138081939,0.008125938475131989,0.0001
2232320,28,1090,6,0.3010305166244507,0.07103515625,-0.36297922194004056,0.2,0.00824987,4262,0.12578050011768938,-0.00817394488491118,0.04127376526594162,0.0001
2237440,33,1079,7,0.5066468715667725,0.08255859375,-0.3778429901599884,0.2,0.010050096,4272,0.14583988357335329,-0.010504617698024958,0.023723823949694633,0.0001
2242560,38,1072,8,0.4916221499443054,0.0973828125,-0.3907223425805569,0.2,0.010749551,4282,0.12039175469428301,-0.010364718514028936,-0.001110713928937912,0.0001
2247680,43,1061,9,0.36209017038345337,0.108671875,-0.42188829839229586,0.2,0.010533201,4292,0.13513056440278887,-0.011517016058787704,0.005544658750295639,0.0001
2252800,48,1054,10,0.46727728843688965,0.0823046875,-0.3877373930811882,0.2,0.008461098,4302,0.13610182661563158,-0.008881240529008209,0.0040023718029260635,0.0001
2257920,2,2111,1,0.23089414834976196,0.0974609375,-0.41346347868442535,0.2,0.009865625,4312,0.15266128573566676,-0.00927359089953825,0.02155322954058647,0.0001
2263040,7,1309,2,0.43163400888442993,0.10138671875,-0.38825440749526025,0.2,0.013832517,4322,0.10560453677549958,-0.013777881271671504,0.023432400077581406,0.0001
2268160,13,1180,3,0.4559181332588196,0.1040625,-0.4510813254117966,0.2,0.012171062,4332,0.1303670740686357,-0.009375425740145146,0.012921585701406002,0.0001
2273280,18,1123,4,0.4848032593727112,0.0955078125,-0.4167149467766285,0.2,0.011391478,4342,0.1264127022214234,-0.010411850034724921,0.0070980265736579895,0.0001
2278400,23,1091,5,0.5239818096160889,0.07541015625,-0.37828957259655,0.2,0.008676419,4352,0.1358088617771864,-0.009619623450562357,0.014195095747709274,0.0001
2283520,28,1075,6,0.567711353302002,0.08744140625,-0.37271723434329035,0.2,0.009544464,4362,0.1438430923037231,-0.01108169665094465,0.004244647920131683,0.0001
2288640,33,1062,7,0.5678173303604126,0.096328125,-0.36650544956326486,0.2,0.012296116,4372,0.12229027468711137,-0.009283970382530243,0.03216918557882309,0.0001
2293760,39,1049,8,0.4495927691459656,0.08376953125,-0.34124132931232454,0.2,0.010961011,4382,0.18514273442327978,-0.010682823834940791,0.03323465958237648,0.0001
2298880,44,1046,9,0.6011062264442444,0.1026953125,-0.3715544806420803,0.2,0.012701681,4392,0.14842053221538662,-0.010284739618655295,0.028962086886167526,0.0001
2304000,49,1044,10,0.5325914621353149,0.0901953125,-0.3812509569525719,0.2,0.011422908,4402,0.16399454306811095,-0.009923548074439167,0.041914161294698715,0.0001
2309120,2,2231,1,0.6073629856109619,0.07439453125,-0.3325923238694668,0.2,0.008803684,4412,0.09829955460503698,-0.008890517083927988,0.005193282850086689,0.0001
2314240,7,1384,2,0.5961917042732239,0.09263671875,-0.41449263513088225,0.2,0.012082295,4422,0.11411676704883575,-0.011574586001224817,0.01719922572374344,0.0001
2319360,12,1258,3,0.45896828174591064,0.0803515625,-0.3154736505448818,0.2,0.008587824,4432,0.1281818529777229,-0.011786473272368312,0.016705136746168137,0.0001
2324480,16,1206,4,0.46655917167663574,0.08521484375,-0.41237099140882494,0.2,0.009194226,4442,0.12084015099331737,-0.011813488088082523,0.0062090735882520676,0.0001
2329600,21,1174,5,0.547145664691925,0.07662109375,-0.31429711610078814,0.2,0.007868508,4452,0.12007884498685599,-0.011191085923928767,0.0064363256096839905,0.0001
2334720,26,1152,6,0.640525221824646,0.09115234375,-0.32807587206363675,0.2,0.009838896,4462,0.09621180651709438,-0.010578375968616455,-0.0035062655806541443,0.0001
2339840,31,1134,7,0.5218270421028137,0.09552734375,-0.398998835682869,0.2,0.009910637,4472,0.1003347828425467,-0.011804653133731335,-0.0012232698500156403,0.0001
2344960,36,1124,8,0.38904762268066406,0.082421875,-0.33422461673617365,0.2,0.010939254,4482,0.1253239190019667,-0.009286185004748404,0.01950373500585556,0.0001
2350080,41,1117,9,0.6056020855903625,0.08890625,-0.45454747349023816,0.2,0.009179875,4492,0.09056574898771942,-0.013147833538241685,0.002704273909330368,0.0001
2355200,46,1112,10,0.4847884774208069,0.08634765625,-0.45845320910215376,0.2,0.0102040265,4502,0.1062216705083847,-0.012309034876525403,0.014117151498794556,0.0001
2360320,2,2269,1,0.5156746506690979,0.0897265625,-0.46722077697515485,0.2,0.009463346,4512,0.11018123503774405,-0.013063509503845126,0.0017133504152297974,0.0001
2365440,7,1378,2,0.5173311233520508,0.08740234375,-0.3809918178617954,0.2,0.009084331,4522,0.1277664924785495,-0.011786443317541853,0.011132987216114998,0.0001
2370560,12,1224,3,0.5509780645370483,0.07892578125,-0.3015320447087288,0.2,0.008433034,4532,0.10719812424853443,-0.010918012887705117,0.007952872663736343,0.0001
2375680,17,1165,4,0.5351787805557251,0.07068359375,-0.3110315304994583,0.2,0.0076598413,4542,0.13409090997651218,-0.012558117427397519,0.02246900647878647,0.0001
2380800,22,1138,5,0.4282323122024536,0.079921875,-0.4010864895582199,0.2,0.009348838,4552,0.1514747005328536,-0.010372071503661573,0.01810424216091633,0.0001
2385920,27,1115,6,0.6402040719985962,0.07919921875,-0.391666369587183,0.2,0.010066563,4562,0.11398085435852408,-0.012598307479638606,0.012274937704205513,0.0001
2391040,32,1099,7,0.568724513053894,0.0824609375,-0.37038482904434206,0.2,0.0094777495,4572,0.12733098102733492,-0.012720814647618681,0.0028609465807676315,0.0001
2396160,37,1089,8,0.5375475287437439,0.07677734375,-0.3746909414231777,0.2,0.009108758,4582,0.10897411465644836,-0.011735771149396897,0.012585343793034554,0.0001
2401280,42,1075,9,0.49229562282562256,0.08611328125,-0.411042402535677,0.2,0.007997288,4592,0.10539261352270841,-0.007754421851132065,0.010618570260703564,0.0001
2406400,47,1067,10,0.48798668384552,0.09470703125,-0.3995738710463047,0.2,0.010998676,4602,0.10267421031370759,-0.01422625478822738,0.014719768427312374,0.0001
2411520,2,2134,1,0.36935776472091675,0.08916015625,-0.3768491017818451,0.2,0.009333943,4612,0.11510993547737598,-0.011286481167189777,-0.001300206407904625,0.0001
2416640,7,1313,2,0.590196430683136,0.08869140625,-0.34583705604076387,0.2,0.008911174,4622,0.1052823700942099,-0.012633157775271684,-0.007537204772233963,0.0001
2421760,12,1182,3,0.4202929139137268,0.09544921875,-0.47242255657911303,0.2,0.009779328,4632,0.11281781297177076,-0.0118594512459822,0.00827779620885849,0.0001
2426880,18,1132,4,0.47270792722702026,0.08814453125,-0.4093188093602657,0.2,0.010388309,4642,0.10802745634689927,-0.011767765320837498,0.0021294672042131424,0.0001
2432000,23,1104,5,0.4769969582557678,0.0782421875,-0.3663042248785496,0.2,0.007965394,4652,0.11992719426751136,-0.010386767296586186,0.010848907753825188,0.0001
2437120,28,1067,6,0.602888822555542,0.08126953125,-0.35965887472033503,0.2,0.008534668,4662,0.09959525350481271,-0.010260797862429172,0.03806385397911072,0.0001
2442240,34,1045,7,0.5209360122680664,0.1012109375,-0.37805372938513754,0.2,0.010853299,4672,0.11990785861387848,-0.012635422337334603,0.0028620604425668716,0.0001
2447360,39,1035,8,0.4941176176071167,0.0902734375,-0.35608810260891915,0.2,0.008746889,4682,0.10114487890154124,-0.013242579298093915,-0.008720705285668373,0.0001
2452480,45,1020,9,0.5288816690444946,0.08724609375,-0.32203608222305774,0.2,0.009598885,4692,0.11743379805237054,-0.010684714885428548,0.010824969038367271,0.0001
2457600,50,1014,10,0.46111273765563965,0.09552734375,-0.3963424414396286,0.2,0.00987667,4702,0.11546163456514477,-0.014019324830733239,0.004750695079565048,0.0001
2462720,2,2181,1,0.5432378053665161,0.0774609375,-0.3465213577449322,0.2,0.008231071,4712,0.11797901012003421,-0.010715301556047052,0.0050313714891672134,0.0001
2467840,7,1373,2,0.5644314289093018,0.07650390625,-0.3852121412754059,0.2,0.008518533,4722,0.11333159720525146,-0.009312062633689493,0.0018885843455791473,0.0001
2472960,12,1235,3,0.41174083948135376,0.07908203125,-0.34054486706852916,0.2,0.009117487,4732,0.12683443350717424,-0.010601226335857063,-0.002365991473197937,0.0001
2478080,17,1173,4,0.3658903241157532,0.0801171875,-0.3461988247931004,0.2,0.008407875,4742,0.12381243718788028,-0.010212403871119023,0.026004280894994736,0.0001
2483200,22,1140,5,0.534214198589325,0.07189453125,-0.3084482803940773,0.2,0.009701548,4752,0.10032528221607208,-0.009310494912788271,0.0063388291746377945,0.0001
2488320,27,1117,6,0.46919602155685425,0.07578125,-0.3477596677839756,0.2,0.0094466405,4762,0.10567943321540951,-0.010362005035858601,0.00010790117084980011,0.0001
2493440,32,1101,7,0.43819206953048706,0.08943359375,-0.34872785925865174,0.2,0.008864171,4772,0.0916802486218512,-0.012153000782709568,-0.0009352713823318481,0.0001
2498560,37,1091,8,0.5086517333984375,0.0863671875,-0.3174897167086601,0.2,0.007840263,4782,0.14175263091921805,-0.012338101339992136,0.02928907424211502,0.0001
2503680,42,1080,9,0.5338034629821777,0.0821875,-0.40197682976722715,0.2,0.011120851,4792,0.10539300803095103,-0.012153181286994368,0.008500493131577969,0.0001
2508800,47,1066,10,0.5517935752868652,0.079609375,-0.35762611523270604,0.2,0.009225266,4802,0.1101538753695786,-0.009749529378022998,0.007532946765422821,0.0001
2513920,2,2160,1,0.5344602465629578,0.073984375,-0.3238285847008228,0.2,0.008256784,4812,0.1032142862305045,-0.011068144210148602,0.00766630657017231,0.0001
2519040,8,1237,2,0.5655457973480225,0.10125,-0.3151027049124241,0.2,0.013107032,4822,0.11080855924636125,-0.013012723661959172,0.016874250024557114,0.0001
2524160,13,1144,3,0.6001821756362915,0.097578125,-0.3887864831089973,0.2,0.011010158,4832,0.09418249312788247,-0.013089552402962,0.0061943139880895615,0.0001
2529280,18,1109,4,0.5882256031036377,0.1096484375,-0.3835289295017719,0.2,0.013806927,4842,0.10661663694307208,-0.01474795282818377,-0.007696943357586861,0.0001
2534400,23,1077,5,0.46834295988082886,0.10318359375,-0.38231624513864515,0.2,0.013033877,4852,0.09428867569193244,-0.0127463796059601,-0.0003428123891353607,0.0001
2539520,28,1062,6,0.41692131757736206,0.09244140625,-0.386269608438015,0.2,0.009557895,4862,0.09330933609977364,-0.010809211328160017,0.0004977714270353317,0.0001
2544640,34,1046,7,0.4638071060180664,0.11244140625,-0.44367243722081184,0.2,0.011274656,4872,0.10466266222298146,-0.012713684639893473,0.01355857215821743,0.0001
2549760,39,1028,8,0.605835497379303,0.10701171875,-0.48222078710794447,0.2,0.012103894,4882,0.1027119144052267,-0.01103121419204399,0.013279472477734089,0.0001
2554880,45,1019,9,0.6231955289840698,0.08875,-0.4783692134916782,0.2,0.010208326,4892,0.10514283866621554,-0.010284011666662991,-0.007929462939500809,0.0001
2560000,50,1010,10,0.6031794548034668,0.1066796875,-0.510281320810318,0.2,0.0111376345,4902,0.14136839922517538,-0.010179940543603152,0.013500988483428955,0.0001
2565120,2,2012,1,0.666577935218811,0.0885546875,-0.4494832314550877,0.2,0.010800472,4912,0.10679156286641955,-0.007808735549915582,0.010412782430648804,0.0001
2570240,7,1341,2,0.4648495316505432,0.09740234375,-0.39929817005991936,0.2,0.011931113,4922,0.1290791427157819,-0.01031013905070722,-0.0021150335669517517,0.0001
2575360,12,1208,3,0.600777268409729,0.10837890625,-0.4541765081882477,0.2,0.012774147,4932,0.13220512432977558,-0.012958521519321949,0.001514282077550888,0.0001
2580480,17,1158,4,0.5581855177879333,0.105390625,-0.4155536071956158,0.2,0.012426625,4942,0.185518250875175,-0.010137710829731077,0.03988903760910034,0.0001
2585600,22,1122,5,0.5902560949325562,0.0990625,-0.4144417332112789,0.2,0.011195797,4952,0.1416691157594323,-0.014447579514235259,-0.0005506798624992371,0.0001
2590720,27,1097,6,0.4850154519081116,0.0998046875,-0.4402829596400261,0.2,0.011065385,4962,0.14471830055117607,-0.014019608579110355,0.00726410374045372,0.0001
2595840,33,1080,7,0.5249406695365906,0.1090625,-0.44215218171477316,0.2,0.012568964,4972,0.1374425533041358,-0.011474603400565685,0.013945700600743294,0.0001
2600960,38,1064,8,0.4740179181098938,0.0999609375,-0.36658855870366097,0.2,0.010037197,4982,0.1793182434514165,-0.01156835669418797,0.01386926881968975,0.0001
2606080,43,1051,9,0.4902659058570862,0.10353515625,-0.432991683781147,0.2,0.010768618,4992,0.14315783115103842,-0.011700752638280392,0.009405042976140976,0.0001
2611200,48,1045,10,0.47925513982772827,0.08560546875,-0.38965496480464934,0.2,0.008992183,5002,0.1466993519105017,-0.011664255789946764,0.008523071184754372,0.0001
2616320,2,2137,1,0.3390183448791504,0.09986328125,-0.38738965570926664,0.2,0.01168123,5012,0.11377287544310093,-0.009599574460880831,-0.0017890557646751404,0.0001
2621440,7,1307,2,0.5675560235977173,0.09482421875,-0.3733599032461643,0.2,0.010399421,5022,0.11928160388022661,-0.011341406039427966,-0.00370129756629467,0.0001
2626560,12,1191,3,0.6931436061859131,0.097890625,-0.4232954217493534,0.2,0.010081375,5032,0.12207686265930534,-0.009308311387430877,0.012189162895083427,0.0001
2631680,17,1146,4,0.49343329668045044,0.084765625,-0.3080368383973837,0.2,0.010311663,5042,0.15084208043292166,-0.01107085403171368,0.0071377232670784,0.0001
2636800,22,1123,5,0.5232202410697937,0.08185546875,-0.29577043183147905,0.2,0.0092365835,5052,0.13676494723185897,-0.008206556623335928,0.0015726909041404724,0.0001
2641920,27,1106,6,0.5057992935180664,0.0965234375,-0.3625758798420429,0.2,0.008945676,5062,0.10916314961388707,-0.013024325093720108,0.0046986062079668045,0.0001
2647040,32,1095,7,0.5380010604858398,0.10515625,-0.3859267967939377,0.2,0.013123782,5072,0.13386645652353762,-0.011692561169620603,-0.0019496865570545197,0.0001
2652160,37,1080,8,0.5480004549026489,0.10533203125,-0.3575509309768677,0.2,0.012499716,5082,0.11939108723774552,-0.013294091507559643,0.012554789893329144,0.0001
2657280,42,1073,9,0.44093769788742065,0.07931640625,-0.23899768739938737,0.2,0.0134057775,5092,0.09310842141509056,-0.006814887544605881,0.005081234499812126,0.0001
2662400,48,1065,10,0.497619092464447,0.08359375,-0.3041181420534849,0.2,0.015226481,5102,0.09019809356890619,-0.012386483678128571,0.0015431847423315048,0.0001
2667520,2,2086,1,0.45334702730178833,0.100703125,-0.32226610243320464,0.2,0.012094177,5112,0.1022889580577612,-0.011025692673865706,0.00668671540915966,0.0001
2672640,7,1317,2,0.43115419149398804,0.10005859375,-0.3718161296844482,0.2,0.011600865,5122,0.0705912866909057,-0.012324915241915733,-0.006079254671931267,0.0001
2677760,12,1205,3,0.56901615858078,0.09369140625,-0.41441828936338426,0.2,0.010899805,5132,0.08553657665848732,-0.01159843198955059,-0.000545646995306015,0.0001
2682880,17,1157,4,0.5717626214027405,0.1044921875,-0.3617872153222561,0.2,0.013656849,5142,0.07852144222706556,-0.011965016650501639,0.005486311390995979,0.0001
2688000,22,1131,5,0.4752068519592285,0.08091796875,-0.3468970745801926,0.2,0.00955733,5152,0.09215805392712355,-0.009290180611424148,0.016073094680905342,0.0001
2693120,27,1107,6,0.639279305934906,0.0802734375,-0.3060840867459774,0.2,0.010730281,5162,0.07810294691473246,-0.0108715416979976,0.004973004572093487,0.0001
2698240,32,1090,7,0.5793008804321289,0.0971484375,-0.4488348791003227,0.2,0.010757946,5172,0.09097026596777141,-0.01074288458097726,0.010344531387090683,0.0001
2703360,37,1078,8,0.6495188474655151,0.0983203125,-0.4047639387845993,0.2,0.00938452,5182,0.07979981934651732,-0.01083782733650878,-0.0029596295207738876,0.0001
2708480,43,1070,9,0.3587397336959839,0.10576171875,-0.41215383365750313,0.2,0.010522468,5192,0.12090734170749784,-0.012428984565194695,0.015190482139587402,0.0001
2713600,48,1063,10,0.5522230863571167,0.0952734375,-0.3972351869940758,0.2,0.009656987,5202,0.09819851249456406,-0.012699524583294987,0.01800047606229782,0.0001
2718720,2,2182,1,0.31580859422683716,0.1012109375,-0.40759133592247965,0.2,0.013184947,5212,0.08907232479192316,-0.012468125936575234,-0.0033342689275741577,0.0001
2723840,7,1303,2,0.3236945867538452,0.119765625,-0.43282044053077695,0.2,0.01740424,5222,0.12132883932441473,-0.015526547813788056,0.004508756101131439,0.0001
2728960,13,1174,3,0.17782992124557495,0.0960546875,-0.5562140503525734,0.2,0.0106710885,5232,0.0899355702009052,-0.010372832815628499,0.001852191984653473,0.0001
2734080,18,1122,4,0.3612735867500305,0.08208984375,-0.46321466416120527,0.2,0.009040354,5242,0.1047890399210155,-0.010484870348591357,0.018456432968378067,0.0001
2739200,23,1093,5,0.5002805590629578,0.12166015625,-0.49234579399228096,0.2,0.013853045,5252,0.09857085689902306,-0.014190883017145097,0.0013276506215333939,0.0001
2744320,28,1074,6,0.49100589752197266,0.0809375,-0.3944451993703842,0.2,0.010592877,5262,0.10150850737467408,-0.010773375444114209,0.004625970497727394,0.0001
2749440,33,1069,7,0.33027184009552,0.085703125,-0.37574175909161567,0.2,0.0094767865,5272,0.10835135133005679,-0.010908845124067739,-0.000368751585483551,0.0001
2754560,38,1051,8,0.4001971483230591,0.10353515625,-0.39097261518239973,0.2,0.011393866,5282,0.09586479901336134,-0.01167210518848151,0.0013001449406147003,0.0001
2759680,44,1045,9,0.4979475140571594,0.0918359375,-0.4389565885066986,0.2,0.010735929,5292,0.11510041894391179,-0.012486804293002933,-0.005757726728916168,0.0001
2764800,49,1040,10,0.5840500593185425,0.090625,-0.4328720325231552,0.2,0.011685978,5302,0.13026211800053716,-0.010332944283727557,0.006725453771650791,0.0001
2769920,2,2014,1,0.6540019512176514,0.0837875484496124,-0.38530251014140227,0.2,0.014350083,5309,0.14916310935866,-0.008808113630976557,0.00642605684697628,0.0001
2775040,7,1293,2,0.7024069428443909,0.09373046875,-0.4243565960228443,0.2,0.011893436,5319,0.11900161007419228,-0.0117500163288787,-0.005831962451338768,0.0001
2780160,12,1197,3,0.7258371114730835,0.09953125,-0.4538708260655403,0.2,0.010742938,5329,0.11671236600726843,-0.011288485971745104,0.01365200337022543,0.0001
2785280,17,1146,4,0.5770604014396667,0.1081640625,-0.391114364117384,0.2,0.010816833,5339,0.134498133584857,-0.01164124583825469,0.014420999214053154,0.0001
2790400,22,1122,5,0.5106403231620789,0.08669921875,-0.36836451962590216,0.2,0.010571587,5349,0.1213503093086183,-0.01002741419011727,0.004098145291209221,0.0001
2795520,27,1107,6,0.579994797706604,0.09216796875,-0.4327214162051678,0.2,0.010497324,5359,0.12608857905492188,-0.011285512614995242,-0.0017502233386039734,0.0001
2800640,33,1085,7,0.6344656348228455,0.0801953125,-0.35397159233689307,0.2,0.007298113,5369,0.10978622933849692,-0.010369882145896554,0.014982759952545166,0.0001
2805760,38,1069,8,0.5239506959915161,0.08953125,-0.3411736150085926,0.2,0.011946191,5379,0.12222241003066302,-0.013268901787232607,0.010321582667529583,0.0001
2810880,43,1058,9,0.5312060117721558,0.1049609375,-0.446004673242569,0.2,0.011392507,5389,0.14624487444758416,-0.011964459002483637,0.01879635825753212,0.0001
2816000,48,1045,10,0.6106656789779663,0.0755859375,-0.38879370942711833,0.2,0.0072841705,5399,0.12288735752925277,-0.009297012665774674,0.01269507221877575,0.0001
2821120,2,2135,1,0.4667379856109619,0.10435546875,-0.4082138539850712,0.2,0.013875468,5409,0.09967535391449928,-0.013229020570870489,-0.0039202068001031876,0.0001
2826240,7,1315,2,0.5563148260116577,0.097578125,-0.4023060491681099,0.2,0.00839358,5419,0.08607265708036721,-0.012388466531410814,-0.002850472927093506,0.0001
2831360,12,1193,3,0.4509783387184143,0.0858984375,-0.37148897126317026,0.2,0.010230259,5429,0.10942023664712906,-0.012346519902348519,-5.6646764278411865e-05,0.0001
2836480,17,1144,4,0.5779547691345215,0.091875,-0.4142096231877804,0.2,0.01109354,5439,0.11173792161047459,-0.011426626823376864,0.0019039511680603027,0.0001
2841600,23,1085,5,0.4800393581390381,0.098671875,-0.433402301967144,0.2,0.009068172,5449,0.13902674160897732,-0.012438345738919452,-0.006688812747597694,0.0001
2846720,28,1060,6,0.5688220262527466,0.10763671875,-0.4101827621459961,0.2,0.011196856,5459,0.11872101690620183,-0.014521839048247784,-0.001412929967045784,0.0001
2851840,34,1046,7,0.6047837734222412,0.12791015625,-0.5270754779875279,0.2,0.013918998,5469,0.10393270138651133,-0.014390270228032022,-0.00817732885479927,0.0001
2856960,39,1030,8,0.3733941316604614,0.0992578125,-0.37939129650592807,0.2,0.010963519,5479,0.15425541903823614,-0.01370396269718185,0.016987526789307594,0.0001
2862080,44,1025,9,0.4011625051498413,0.10140625,-0.4417940013110638,0.2,0.011222125,5489,0.1267998569458723,-0.012401424562558532,0.01538111548870802,0.0001
2867200,49,1024,10,0.3670530915260315,0.09962890625,-0.4409597738087177,0.2,0.011516351,5499,0.13569206615909934,-0.007946988528128713,0.022230664268136024,0.0001
2872320,2,2217,1,0.27634215354919434,0.10560546875,-0.44525601997971537,0.2,0.011133099,5509,0.12286867644637824,-0.012382741586770862,-0.0013131070882081985,0.0001
2877440,7,1327,2,0.4090368151664734,0.11197265625,-0.4981552416086197,0.2,0.009728407,5519,0.09138778930529952,-0.012159371259622275,0.01197542529553175,0.0001
2882560,12,1197,3,0.43355393409729004,0.108984375,-0.4676163223385811,0.2,0.011229544,5529,0.11151712507009506,-0.013915209129918367,-0.0034836959093809128,0.0001
2887680,18,1137,4,0.4605851173400879,0.10494140625,-0.4948699831962585,0.2,0.0095444685,5539,0.10170866338536143,-0.012034659921191633,-0.005136013031005859,0.0001
2892800,23,1108,5,0.5644658803939819,0.10537109375,-0.4895422549545765,0.2,0.010815097,5549,0.08418044573627412,-0.011716081867925823,0.017443863674998283,0.0001
2897920,28,1081,6,0.5366857647895813,0.11302734375,-0.4692532244324684,0.2,0.011091143,5559,0.1180314070917666,-0.012871958080213517,-0.006453327834606171,0.0001
2903040,33,1060,7,0.3293048143386841,0.10349609375,-0.4064729286730289,0.2,0.011654037,5569,0.14465305147692561,-0.015772016695700587,0.016495753079652786,0.0001
2908160,38,1054,8,0.350994348526001,0.12296875,-0.5144554948806763,0.2,0.0132968975,5579,0.10860485652461647,-0.012601675069890916,0.007094716653227806,0.0001
2913280,44,1047,9,0.22595083713531494,0.10896484375,-0.4322566767036915,0.2,0.010847933,5589,0.11681550819426775,-0.0116017646540422,0.0068938247859478,0.0001
2918400,49,1040,10,0.41697829961776733,0.0990234375,-0.468174960911274,0.2,0.010722006,5599,0.11383848184719682,-0.011019114514347166,0.001894395798444748,0.0001
2923520,2,2246,1,0.42081892490386963,0.10576171875,-0.42678165167570115,0.2,0.009657773,5609,0.09802742701023817,-0.013375358486082406,-0.009701778180897236,0.0001
2928640,7,1413,2,0.5553145408630371,0.1133203125,-0.43802124306559564,0.2,0.011846522,5619,0.08997363205999136,-0.01628073918749578,-0.012257859110832214,0.0001
2933760,12,1278,3,0.3578760623931885,0.1069140625,-0.4362089973688126,0.2,0.012279179,5629,0.13622486745938658,-0.012054220477584749,0.040630217641592026,0.0001
2938880,16,1214,4,0.5363879203796387,0.1028515625,-0.41226586312055585,0.2,0.01270595,5639,0.09184937669895589,-0.012296690193470567,-0.012078125029802322,0.0001
2944000,21,1178,5,0.5177540183067322,0.11775390625,-0.41768512323498724,0.2,0.013736288,5649,0.11144846113398671,-0.012852864025626331,-0.006941355764865875,0.0001
2949120,25,1214,6,0.39537638425827026,0.0819140625,-0.3651054066419601,0.2,0.023285344,5654,0.16988465033471584,-0.005177090154029429,0.037467364221811295,0.0001
2954240,30,1190,7,0.37728530168533325,0.0941796875,-0.36977791219949724,0.2,0.011089485,5664,0.08512931839562952,-0.011227449947036804,0.00739053450524807,0.0001
2959360,34,1170,8,0.5007275938987732,0.11224609375,-0.41420833200216295,0.2,0.01205957,5674,0.08585124192759394,-0.015587710360996425,-0.008229818195104599,0.0001
2964480,39,1157,9,0.5281890630722046,0.1175390625,-0.408029668033123,0.2,0.013016845,5684,0.07862076167017222,-0.015231854391749948,-0.004129128530621529,0.0001
2969600,44,1139,10,0.3073497414588928,0.10490234375,-0.4114018201828003,0.2,0.011466593,5694,0.13698083505034447,-0.011291509307920933,0.030819464474916458,0.0001
2974720,2,1990,1,0.4193023443222046,0.12673828125,-0.46467933848500254,0.2,0.012094704,5704,0.0825370732229203,-0.014564235990401358,-0.011760987341403961,0.0001
2979840,8,1273,2,0.27543097734451294,0.12126953125,-0.48326158821582793,0.2,0.0125550255,5714,0.100067541282624,-0.011162983025424183,0.003475879319012165,0.0001
2984960,13,1162,3,0.4361148476600647,0.11197265625,-0.4367175604403019,0.2,0.012239059,5724,0.08501328446902334,-0.012687810340430587,-0.008075857535004616,0.0001
2990080,18,1117,4,0.5687898397445679,0.108671875,-0.5173117974400521,0.2,0.011009194,5734,0.0742871743440628,-0.013756622516084463,-0.004501990973949432,0.0001
2995200,23,1095,5,0.6035673022270203,0.08705078125,-0.356019337028265,0.2,0.011137558,5744,0.09113225163891911,-0.01002497392706573,-0.0003331415355205536,0.0001
3000320,28,1086,6,0.4991857409477234,0.0990234375,-0.4178181307017803,0.2,0.009049731,5754,0.1191858010739088,-0.012024406164418905,0.008779502473771572,0.0001
3005440,33,1081,7,0.48107701539993286,0.095390625,-0.3914151094853878,0.2,0.010066306,5764,0.09790473682805896,-0.012613426453899592,0.007175256498157978,0.0001
3010560,38,1061,8,0.5621055960655212,0.099140625,-0.45818677082657816,0.2,0.012030884,5774,0.1041021573357284,-0.014096322203986347,0.004867156967520714,0.0001
3015680,44,1044,9,0.47140735387802124,0.0916015625,-0.4305099594593048,0.2,0.008833601,5784,0.08887084035202861,-0.013437149764504283,-0.01839311234652996,0.0001
3020800,49,1040,10,0.6451815366744995,0.09697265625,-0.5336216858029366,0.2,0.011541891,5794,0.09071146083064377,-0.012703847230877727,0.0064656976610422134,0.0001
3025920,2,1977,1,0.6756250262260437,0.11841796875,-0.5135004948079586,0.2,0.011151123,5804,0.09800470040179789,-0.014108591175172477,-0.007542861625552177,0.0001
3031040,7,1304,2,0.6416294574737549,0.1103125,-0.544445316195488,0.2,0.010707513,5814,0.13779439190402626,-0.013357936029788107,0.003364160656929016,0.0001
3036160,12,1193,3,0.4353301525115967,0.08830078125,-0.36975650399923327,0.2,0.009790536,5824,0.13017416942864657,-0.012303958351258188,0.004870211705565453,0.0001
3041280,17,1140,4,0.4190048575401306,0.10140625,-0.354970026165247,0.2,0.01331386,5834,0.12081483893096447,-0.010157075426541269,0.00732387974858284,0.0001
3046400,22,1113,5,0.3964405059814453,0.09791015625,-0.3506778161227703,0.2,0.009408208,5844,0.12438447833061218,-0.014217644550371914,0.0026309844106435776,0.0001
3051520,28,1094,6,0.5359203815460205,0.0913671875,-0.38268646761775016,0.2,0.012725547,5854,0.08863901826553047,-0.01166329597355798,-0.010519621893763542,0.0001
3056640,33,1082,7,0.40545499324798584,0.09701171875,-0.4082795183360577,0.2,0.010881016,5864,0.0869718306697905,-0.012672548845876009,-0.010693540796637535,0.0001
3061760,38,1076,8,0.2866612672805786,0.08869140625,-0.3990965022146702,0.2,0.009685231,5874,0.0984840449038893,-0.0134706756984815,-0.009097317233681679,0.0001
3066880,43,1055,9,0.5123804807662964,0.10505859375,-0.4479451844096184,0.2,0.012319034,5884,0.09236365321092307,-0.013721338484901934,0.002136537805199623,0.0001
3072000,49,1043,10,0.517328679561615,0.09181640625,-0.4626217012107372,0.2,0.0112483855,5894,0.10457249347120523,-0.01356972703943029,-0.009064333513379097,0.0001
3077120,2,1867,1,0.552003026008606,0.115625,-0.46856952235102656,0.2,0.01209802,5904,0.11061371208168566,-0.015783123634755612,0.013540737330913544,0.0001
3082240,8,1236,2,0.5958728790283203,0.11359375,-0.4742640990018845,0.2,0.011496468,5914,0.10592853909358382,-0.013893671543337404,-0.01775958761572838,0.0001
3087360,13,1154,3,0.5010464191436768,0.10037109375,-0.4952116267383099,0.2,0.009006483,5924,0.10081248017027974,-0.014519497356377541,-0.006844706833362579,0.0001
3092480,18,1113,4,0.4628775119781494,0.1023828125,-0.4661107651889324,0.2,0.013843313,5934,0.11618613017722965,-0.012691746205091477,0.010559320449829102,0.0001
3097600,23,1096,5,0.4736923575401306,0.12017578125,-0.46097022518515585,0.2,0.011220828,5944,0.08154384272173047,-0.014713191101327539,0.010144885629415512,0.0001
3102720,28,1076,6,0.5252518057823181,0.09822265625,-0.4182488177716732,0.2,0.009129917,5954,0.11793189693242312,-0.014245865303091704,0.001895405352115631,0.0001
3107840,33,1069,7,0.5025731921195984,0.0916015625,-0.3756695172190666,0.2,0.01138179,5964,0.11806933527812362,-0.013134273488540203,0.004452003166079521,0.0001
3112960,38,1065,8,0.48637551069259644,0.106484375,-0.3995056767761707,0.2,0.012415156,5974,0.1074844622053206,-0.011532575292512774,0.009302409365773201,0.0001
3118080,43,1060,9,0.44350314140319824,0.08744140625,-0.40805578634142875,0.2,0.0092671085,5984,0.09506418162956834,-0.00980619439855218,-0.0042677391320466995,0.0001
3123200,48,1057,10,0.3640478849411011,0.09546875,-0.41253535479307174,0.2,0.011637199,5994,0.13061660101637243,-0.01368973070755601,-0.0006932523101568222,0.0001
3128320,2,2248,1,0.45532429218292236,0.0918359375,-0.45018644362688065,0.2,0.009128889,6004,0.12722021093592048,-0.012493583215400577,0.02364814653992653,0.0001
3133440,7,1358,2,0.5673352479934692,0.10232421875,-0.4312856237590313,0.2,0.012549256,6014,0.10191087130457163,-0.012651514722965657,0.006445242092013359,0.0001
3138560,12,1235,3,0.39471638202667236,0.094921875,-0.45083353355526923,0.2,0.010322852,6024,0.11733746029436588,-0.012773753697983921,0.01039540208876133,0.0001
3143680,17,1168,4,0.5530608892440796,0.097734375,-0.43068176120519636,0.2,0.011026855,6034,0.09267089695669711,-0.014361915802583098,0.007960579358041286,0.0001
3148800,22,1131,5,0.5073436498641968,0.11048828125,-0.4340795993804932,0.2,0.010683825,6044,0.1224421026557684,-0.012400605771690608,0.017477024346590042,0.0001
3153920,27,1114,6,0.5672603845596313,0.1075,-0.3893052165210247,0.2,0.012305038,6054,0.1367936346679926,-0.014390213636215777,0.014677340164780617,0.0001
3159040,32,1088,7,0.5868430137634277,0.138359375,-0.47179091572761533,0.2,0.012535637,6064,0.12728617945685983,-0.014483913304284215,0.0167527012526989,0.0001
3164160,38,1065,8,0.5750236511230469,0.1394921875,-0.5432283774018287,0.2,0.015488379,6074,0.12854367097839714,-0.016492857781704517,-0.009427078068256378,0.0001
3169280,41,1112,9,0.4646642208099365,0.07945884146341463,-0.43960677777848595,0.2,0.04853333,6077,0.3421983678893345,-0.0012006666284145378,0.10300789773464203,0.0001
3174400,46,1099,10,0.3312622904777527,0.13880859375,-0.4407919383049011,0.2,0.012385257,6087,0.11551407337188721,-0.012303766561672091,-0.0019324813038110733,0.0001
3179520,2,2194,1,0.33671635389328003,0.11583984375,-0.44054470002651214,0.2,0.011713893,6097,0.11122111206874251,-0.012473764987662435,0.01509886421263218,0.0001
3184640,4,2085,2,0.2999202609062195,0.07477678571428571,-0.3524772652557918,0.2,0.016334118,6098,0.4103331182684217,0.004702212887683085,0.14744633436203003,0.0001
3189760,9,1580,3,0.4257239103317261,0.10779296875,-0.35518968015909197,0.2,0.011898899,6108,0.1126177060045302,-0.013862405333202332,-0.0067658741027116776,0.0001
3194880,14,1406,4,0.5469553470611572,0.1021484375,-0.4091873255372047,0.2,0.009865289,6118,0.10502509253099561,-0.012606526371091603,0.009042968973517418,0.0001
3200000,19,1319,5,0.6181445717811584,0.09283203125,-0.38364215940237045,0.2,0.009819516,6128,0.09165678319521248,-0.01579152049962431,0.0015275981277227402,0.0001
3205120,23,1334,6,0.5919214487075806,0.08467261904761905,-0.44180392906779337,0.2,0.028654326,6134,0.18165775973881995,-0.007690831699541637,0.022219883278012276,0.0001
3210240,27,1287,7,0.514778733253479,0.11607421875,-0.49058655560016634,0.2,0.012084415,6144,0.11020706942304968,-0.014349193859379739,0.011422676965594292,0.0001
3215360,32,1253,8,0.565349280834198,0.12734375,-0.43370477348566056,0.2,0.014681305,6154,0.10636268371716141,-0.012361727140378207,0.007467571645975113,0.0001
3220480,37,1224,9,0.6980304718017578,0.11203125,-0.3822451083362102,0.2,0.011198078,6164,0.10477127453312278,-0.013628111265134066,-0.001891719177365303,0.0001
3225600,42,1203,10,0.7336533069610596,0.1190625,-0.4184511521458626,0.2,0.0126413,6174,0.11215088070370256,-0.013407642641104757,-0.00895257294178009,0.0001
3230720,2,1865,1,0.5392541885375977,0.1130078125,-0.3788258473575115,0.2,0.013127866,6184,0.13031570451334118,-0.013330395796801895,0.0016049668192863464,0.0001
3235840,8,1191,2,0.5430013537406921,0.11208984375,-0.45626917377114296,0.2,0.010868916,6194,0.11203166283667088,-0.013981517758220435,0.006701637990772724,0.0001
3240960,14,1096,3,0.4926877021789551,0.13451171875,-0.44683321192860603,0.2,0.0143441465,6204,0.1254705117829144,-0.01607234985101968,0.007778985425829887,0.0001
3246080,19,1032,4,0.5133705139160156,0.1191796875,-0.42833751678466797,0.2,0.012685466,6214,0.11219858719035983,-0.016113300714641808,-0.00032498128712177277,0.0001
3251200,25,1003,5,0.4127822518348694,0.11859375,-0.4346937876939774,0.2,0.012720197,6224,0.11215651768259705,-0.013961189300753176,-0.0040933601558208466,0.0001
3256320,30,992,6,0.5467365980148315,0.10951171875,-0.4461723044514656,0.2,0.010942667,6234,0.09784442405216395,-0.01285282009630464,-0.018026303499937057,0.0001
3261440,36,974,7,0.6296570301055908,0.1062109375,-0.40614872440695765,0.2,0.014024447,6244,0.09570929971523583,-0.013181092515587807,-0.0026795044541358948,0.0001
3266560,41,975,8,0.6251460313796997,0.10328125,-0.47047327607870104,0.2,0.010776998,6254,0.09244324236176908,-0.011846447307616472,-0.015162641182541847,0.0001
3271680,47,974,9,0.5699093341827393,0.1325,-0.532547259181738,0.2,0.012704173,6264,0.09899768771603704,-0.015378007921390236,-0.00966508500277996,0.0001
3276800,52,971,10,0.5945647954940796,0.11169921875,-0.39200652450323104,0.2,0.013214104,6274,0.11622372716665268,-0.013743725367821752,-0.006129499524831772,0.0001
3281920,2,2010,1,0.5061346292495728,0.1272265625,-0.4337846943736076,0.2,0.01278344,6284,0.11983825605362654,-0.015070132529363036,-0.005219422280788422,0.0001
3287040,7,1301,2,0.3559836149215698,0.1112109375,-0.4179794792830944,0.2,0.010802267,6294,0.15543330330401658,-0.013781772488728165,0.008188635110855103,0.0001
3292160,13,1178,3,0.5307376384735107,0.10216796875,-0.40320432260632516,0.2,0.010340376,6304,0.09674505393020809,-0.012983771834988146,-0.013722110539674759,0.0001
3297280,18,1117,4,0.5399339199066162,0.1162890625,-0.39386760130524634,0.2,0.012156291,6314,0.10415522569790482,-0.016617994587868452,-0.007069431245326996,0.0001
3302400,23,1095,5,0.4138738512992859,0.1080859375,-0.4055692632496357,0.2,0.015169198,6324,0.10608886506408453,-0.012912342858035117,0.004143433645367622,0.0001
3307520,28,1074,6,0.49807417392730713,0.10431640625,-0.41349460020661355,0.2,0.012022511,6334,0.08890040083788335,-0.013550846129655838,-0.00010915473103523254,0.0001
3312640,34,1052,7,0.46166718006134033,0.113984375,-0.3956366604566574,0.2,0.011665364,6344,0.10102204179391265,-0.010258503472432495,-0.0072987861931324005,0.0001
3317760,39,1041,8,0.5321388244628906,0.10892578125,-0.4071153321862221,0.2,0.012291441,6354,0.11749755175784231,-0.014556414040271193,-0.007695268839597702,0.0001
3322880,44,1035,9,0.5292251110076904,0.11572265625,-0.4145107372105122,0.2,0.01108679,6364,0.09507668820209801,-0.01610566408140585,-0.025176730006933212,0.0001
3328000,49,1027,10,0.5241631865501404,0.09625,-0.37308166787028313,0.2,0.011391127,6374,0.11137228736653924,-0.012348531330935657,-0.0042882636189460754,0.0001
3333120,2,2141,1,0.2955014705657959,0.13060546875,-0.4829025460779667,0.2,0.011156842,6384,0.12059825740754604,-0.01377102555008605,0.0016453806310892105,0.0001
3338240,7,1309,2,0.48396873474121094,0.1312890625,-0.4851418870687485,0.2,0.015652953,6394,0.10079446917399765,-0.01503779884427786,-0.0044303592294454575,0.0001
3343360,12,1183,3,0.4886270761489868,0.12728515625,-0.4453690652549267,0.2,0.014583243,6404,0.08414258850738406,-0.016355092623271048,-0.02192428708076477,0.0001
3348480,18,1118,4,0.398622989654541,0.14455078125,-0.4761775963008404,0.2,0.016423559,6414,0.08502890205942094,-0.01713585521792993,-0.013872656971216202,0.0001
3353600,24,1063,5,0.32457655668258667,0.1266796875,-0.4334604826569557,0.2,0.012738621,6424,0.09779151150025428,-0.015226887250319123,-0.007106933742761612,0.0001
3358720,29,1046,6,0.40648460388183594,0.11435546875,-0.3846258881688118,0.2,0.01265535,6434,0.0941019109543413,-0.015234486006665975,-0.006082538515329361,0.0001
3363840,34,1039,7,0.32862389087677,0.12255859375,-0.41695875898003576,0.2,0.01403254,6444,0.10103832861408592,-0.01493056635838002,-0.016022607684135437,0.0001
3368960,39,1033,8,0.44722306728363037,0.1528125,-0.5244663879275322,0.2,0.016284931,6454,0.10840324716642499,-0.016518716127611698,-0.012739747762680054,0.0001
3374080,44,1030,9,0.41337889432907104,0.118203125,-0.47388117223978043,0.2,0.012725343,6464,0.0959499598108232,-0.014991668586153537,-0.011522091925144196,0.0001
3379200,50,1018,10,0.5126184225082397,0.10216796875,-0.507546734213829,0.2,0.011388178,6474,0.09024183169938624,-0.013483270613942295,0.002615777775645256,0.0001
3384320,2,2259,1,0.38171476125717163,0.10576171875,-0.39795188382267954,0.2,0.010529688,6484,0.14735849015414715,-0.014494497831910848,0.022090408951044083,0.0001
3389440,7,1282,2,0.38059526681900024,0.10787109375,-0.35075605049729347,0.2,0.01165965,6494,0.11491776809096337,-0.012682552833575755,-0.011912070214748383,0.0001
3394560,15,1010,3,0.5279408693313599,0.13474609375,-0.5254087357223034,0.2,0.013156836,6504,0.12538052450865508,-0.013607916601467878,-0.0030837878584861755,0.0001
3399680,21,948,4,0.5654773116111755,0.1240234375,-0.48998808056116105,0.2,0.012256887,6514,0.13377383023500442,-0.014919118727557362,0.0016918983310461044,0.0001
3404800,27,928,5,0.5035985708236694,0.1153515625,-0.4748786309361458,0.2,0.0143241985,6524,0.1395839375257492,-0.013122042967006564,0.019652653485536575,0.0001
3409920,33,922,6,0.5191224813461304,0.1429296875,-0.4947064301371574,0.2,0.014349434,6534,0.11405012773349882,-0.016104020306374877,-0.01782172918319702,0.0001
3415040,38,921,7,0.6307497620582581,0.10666015625,-0.4518433178961277,0.2,0.012066215,6544,0.12856519067659974,-0.012955924421548843,-0.003655608743429184,0.0001
3420160,44,921,8,0.6092801690101624,0.110390625,-0.4099537269771099,0.2,0.010657182,6554,0.17040016923099757,-0.012988882949575781,0.009882068261504173,0.0001
3425280,50,918,9,0.6456396579742432,0.09388671875,-0.3619236679375172,0.2,0.009967232,6564,0.17613262463361024,-0.01384077792055905,0.008113039657473564,0.0001
3430400,57,894,10,0.6173509955406189,0.1184765625,-0.4759004141390324,0.2,0.012622898,6574,0.14424786327406763,-0.014874841560376807,-0.0003086905926465988,0.0001
3435520,2,1750,1,0.5558174848556519,0.12529296875,-0.38710452437400816,0.2,0.0143267885,6584,0.1257469573803246,-0.01605175543576479,0.00976315513253212,0.0001
3440640,8,1141,2,0.36932647228240967,0.0950390625,-0.38293568551540375,0.2,0.009042513,6594,0.16076411496847867,-0.010615150611847639,0.012343420647084713,0.0001
3445760,14,1046,3,0.5803132057189941,0.1024609375,-0.39384144127368925,0.2,0.011469603,6604,0.10488714568316937,-0.015485206665471197,0.001737050712108612,0.0001
3450880,20,1001,4,0.44933193922042847,0.1109765625,-0.3686766789853573,0.2,0.011842953,6614,0.1042230738606304,-0.014083133707754315,-0.007143916562199593,0.0001
3456000,26,971,5,0.5273122787475586,0.11767578125,-0.44945527613162994,0.2,0.012243993,6624,0.09194377695210278,-0.012396664544939994,0.009075110778212547,0.0001
3461120,32,953,6,0.4187958240509033,0.12234375,-0.42826923459768296,0.2,0.013511239,6634,0.09091711021959782,-0.018143745404668152,-0.021575260907411575,0.0001
3466240,38,933,7,0.18719029426574707,0.10322265625,-0.46004477500915525,0.2,0.009844871,6644,0.11799663420766592,-0.013260494766291231,0.008891288191080093,0.0001
3471360,44,918,8,0.2733417749404907,0.104765625,-0.4329841198027134,0.2,0.010067383,6654,0.10714614967815578,-0.012988286945037543,0.0007085241377353668,0.0001
3476480,50,910,9,0.09018963575363159,0.12080078125,-0.44372272402048113,0.2,0.0097588245,6664,0.0999977938644588,-0.016244276037905365,-0.01272660680115223,0.0001
3481600,56,905,10,0.4000839591026306,0.114765625,-0.44967803165316583,0.2,0.011004266,6674,0.08447834162041545,-0.014354531327262521,-0.000965452753007412,0.0001
3486720,2,1921,1,0.4495445489883423,0.1257421875,-0.4551489423215389,0.2,0.01141545,6684,0.0955919522792101,-0.017367541023995726,-0.015841173008084297,0.0001
3491840,8,1234,2,0.4602819085121155,0.12255859375,-0.4616651141643524,0.2,0.0112256985,6694,0.1147798684053123,-0.01740242386236787,-0.009056031703948975,0.0001
3496960,12,1248,3,0.38917434215545654,0.11045386904761904,-0.4541724023364839,0.2,0.017603513,6700,0.18063633637059304,-0.009635154636842863,0.0014829300343990326,0.0001
3502080,17,1159,4,0.4945834279060364,0.1037890625,-0.44951238349080086,0.2,0.009366708,6710,0.1028154904115945,-0.01583183108828962,-0.008394654840230942,0.0001
3507200,23,1104,5,0.477306067943573,0.10955078125,-0.44641480192542077,0.2,0.011258391,6720,0.1011125504411757,-0.01790260208072141,0.0012160427868366241,0.0001
3512320,28,1072,6,0.5721504092216492,0.12509765625,-0.47754584342241285,0.2,0.012023542,6730,0.11096446805633604,-0.01828095454722643,-0.01603686809539795,0.0001
3517440,34,1048,7,0.5395159721374512,0.1354296875,-0.4740089963376522,0.2,0.012865183,6740,0.10302972132340074,-0.01748487813398242,-0.02472657337784767,0.0001
3522560,39,1027,8,0.5926107168197632,0.1244921875,-0.4759682378172874,0.2,0.011652581,6750,0.09295547366142273,-0.015988378273323178,-0.015981033444404602,0.0001
3527680,45,1012,9,0.35892313718795776,0.1230078125,-0.44168503403663634,0.2,0.012280496,6760,0.0976989630330354,-0.01583543562097475,-0.015163514763116837,0.0001
3532800,50,1004,10,0.37811702489852905,0.10873046875,-0.4531857365369797,0.2,0.011546655,6770,0.12478847236372531,-0.014368005469441414,-0.0030430853366851807,0.0001
3537920,2,1995,1,0.3035581111907959,0.12296875,-0.5129510459303855,0.2,0.012161921,6780,0.11162828912958503,-0.016089626494795083,-0.005108051933348179,0.0001
3543040,8,1255,2,0.4370056986808777,0.13076171875,-0.4671463343501091,0.2,0.0130863665,6790,0.1033026575949043,-0.014619126801844686,0.00208992138504982,0.0001
3548160,14,1071,3,0.3065009117126465,0.11841796875,-0.5350834698975087,0.2,0.011379647,6800,0.11121996223926545,-0.014381161564961076,-0.010705295950174332,0.0001
3553280,19,1038,4,0.4785817265510559,0.1175,-0.4433394832909107,0.2,0.012751673,6810,0.10359802687540651,-0.0162384598236531,-0.0047385357320308685,0.0001
3558400,26,959,5,0.4845675826072693,0.12173828125,-0.4808103258907795,0.2,0.014682032,6820,0.11355461201630533,-0.014485381073318421,-0.001391073688864708,0.0001
3563520,34,903,6,0.5187747478485107,0.126484375,-0.4912725847959518,0.2,0.014713096,6830,0.10600651018321514,-0.01768825602135621,-0.0009877514094114304,0.0001
3568640,41,865,7,0.5253377556800842,0.11703125,-0.38975464686751365,0.2,0.012540746,6840,0.10999119914136828,-0.015486230973619968,-0.011485997587442398,0.0001
3573760,48,836,8,0.6391955614089966,0.130390625,-0.4816326478123665,0.2,0.013196981,6850,0.08942755207419395,-0.01750288932584226,0.0043037887662649155,0.0001
3578880,56,812,9,0.48929423093795776,0.0978125,-0.4299489156901836,0.2,0.010591638,6860,0.10924001625739038,-0.013225784057285637,-0.005818990990519524,0.0001
3584000,64,799,10,0.5633858442306519,0.12318359375,-0.49627944886684416,0.2,0.01134984,6870,0.08396924170665443,-0.017188169655855744,-0.025808457285165787,0.0001
3589120,2,1931,1,0.5144296884536743,0.13109375,-0.47943726122379304,0.2,0.013422188,6880,0.12700926775112747,-0.01802997607504949,-0.010201601311564445,0.0001
3594240,8,1237,2,0.3784310817718506,0.1151953125,-0.3771952649950981,0.2,0.013458061,6890,0.11304445723071695,-0.014912831941619515,0.0009222105145454407,0.0001
3599360,13,1118,3,0.39042097330093384,0.1,-0.39754896953701974,0.2,0.009686882,6900,0.11827567331492901,-0.01473987105768174,-0.006922021508216858,0.0001
3604480,19,1073,4,0.19814538955688477,0.13875,-0.509998914450407,0.2,0.016965073,6910,0.09915164180099964,-0.016575708657037468,-0.01845947653055191,0.0001
3609600,24,1044,5,0.5137897729873657,0.11798828125,-0.47660799369215967,0.2,0.011790339,6920,0.08276752449572086,-0.0169446786865592,0.008029612712562084,0.0001
3614720,29,1025,6,0.589281439781189,0.1070703125,-0.45448954686522486,0.2,0.010018461,6930,0.09000039720907807,-0.016110866999952123,-0.0015787556767463684,0.0001
3619840,35,1013,7,0.5432744026184082,0.13109375,-0.5234773038327694,0.2,0.0127925025,6940,0.11255786583758891,-0.014657093505375087,-0.014887209981679916,0.0001
3624960,40,1002,8,0.43582582473754883,0.12197265625,-0.41826166421175004,0.2,0.013656504,6950,0.11163283956237137,-0.017456513370852918,-0.01069088838994503,0.0001
3630080,46,993,9,0.3835868239402771,0.1216015625,-0.4720806981623173,0.2,0.011660719,6960,0.12165683530271053,-0.01711078563821502,-0.010109076276421547,0.0001
3635200,52,984,10,0.4911879301071167,0.09791015625,-0.41542688056826593,0.2,0.010712598,6970,0.12184201538562775,-0.013859732009004802,-0.010344581678509712,0.0001
3640320,2,1817,1,0.5215387940406799,0.0965234375,-0.4256606490910053,0.2,0.0095776,6980,0.10277656044811011,-0.015539814564399422,-0.01477934792637825,0.0001
3645440,8,1157,2,0.4469372630119324,0.13833984375,-0.5353306484222412,0.2,0.013478378,6990,0.1282838773354888,-0.016720346256624906,0.004724960774183273,0.0001
3650560,14,1030,3,0.4281104803085327,0.11607421875,-0.4632570318877697,0.2,0.012825687,7000,0.12619763754308225,-0.016329243758227675,0.00394437275826931,0.0001
3655680,20,977,4,0.28582537174224854,0.08833984375,-0.3523773019015789,0.2,0.010768546,7010,0.14441164631396533,-0.012261934892740101,-0.0015715807676315308,0.0001
3660800,27,945,5,0.6088815927505493,0.11724609375,-0.44813522025942804,0.2,0.012784192,7020,0.11887291353195906,-0.01712540669599548,0.006499091163277626,0.0001
3665920,33,921,6,0.4201919436454773,0.11892578125,-0.4630234993994236,0.2,0.011590085,7030,0.11826735842972994,-0.014351943645160646,-0.0007808282971382141,0.0001
3671040,39,905,7,0.5300033092498779,0.1211328125,-0.48930399149656295,0.2,0.012272518,7040,0.10086250737309456,-0.013925737752579152,-0.01196700893342495,0.0001
3676160,45,892,8,0.39301860332489014,0.12400390625,-0.4516517636179924,0.2,0.014662152,7050,0.10992557084187865,-0.01860305076930672,-0.015027518384158611,0.0001
3681280,52,885,9,0.5626121759414673,0.12404296875,-0.5177805829048157,0.2,0.012271336,7060,0.10012081674300134,-0.014604553101817146,-0.004776597023010254,0.0001
3686400,58,882,10,0.5423411130905151,0.15189453125,-0.6334816813468933,0.2,0.01671826,7070,0.13318306603468955,-0.018869641765486448,0.01666688360273838,0.0001
3691520,2,1999,1,0.5709172487258911,0.12173828125,-0.47788834780454637,0.2,0.011486918,7080,0.10043390079401433,-0.014103068721015006,-0.0061086080968379974,0.0001
3696640,8,1223,2,0.500710129737854,0.10212890625,-0.4342878098785877,0.2,0.0114267,7090,0.19259566050022842,-0.012025194379966707,0.020307062193751335,0.0001
3701760,13,1140,3,0.4058690667152405,0.0923828125,-0.38345727875828745,0.2,0.010614772,7100,0.1477365948073566,-0.014305606221314519,0.012602448463439941,0.0001
3706880,18,1115,4,0.4789711833000183,0.0909375,-0.39624646738171576,0.2,0.007967809,7110,0.1612012105807662,-0.011484815389849246,0.00037480704486370087,0.0001
3712000,23,1100,5,0.5103638172149658,0.12083984375,-0.39036698088049887,0.2,0.011212428,7120,0.13948691563680768,-0.013542928909882903,-0.007095031440258026,0.0001
3717120,28,1085,6,0.41896724700927734,0.1208984375,-0.4547623185813427,0.2,0.013137564,7130,0.1128195359185338,-0.017418674451764673,-0.022702783346176147,0.0001
3722240,33,1078,7,0.47934985160827637,0.1051171875,-0.3869226263463497,0.2,0.010979159,7140,0.12990055460482836,-0.014067422873340547,0.002285510301589966,0.0001
3727360,38,1074,8,0.5217745304107666,0.09572265625,-0.3509841050207615,0.2,0.01018375,7150,0.14197124384343623,-0.013618432802613824,-0.0014467649161815643,0.0001
3732480,43,1064,9,0.34806108474731445,0.1255078125,-0.4381545442342758,0.2,0.012808368,7160,0.11345450684428215,-0.012894529628101736,0.00796988233923912,0.0001
3737600,47,1078,10,0.46704959869384766,0.083251953125,-0.38193050159939695,0.2,0.013631653,7166,0.13845466699318162,-0.00829463220517417,0.014458941295742989,0.0001
3742720,2,2057,1,0.41303324699401855,0.13142578125,-0.4522341865301132,0.2,0.013206108,7176,0.09052782027982176,-0.01682700257282704,-0.008774220943450928,0.0001
3747840,7,1297,2,0.37080246210098267,0.118515625,-0.41460687965154647,0.2,0.011100617,7186,0.09939339749515057,-0.011983093803282828,-0.013913244009017944,0.0001
3752960,13,1177,3,0.4928203225135803,0.12638671875,-0.4859728406369686,0.2,0.013349095,7196,0.0984360939450562,-0.01523380960104987,-0.008525365963578224,0.0001
3758080,18,1126,4,0.4568459391593933,0.1201171875,-0.4501518528163433,0.2,0.012844327,7206,0.10924665777944029,-0.014870302334893495,-0.020919732749462128,0.0001
3763200,23,1099,5,0.4791107773780823,0.1176171875,-0.4325471538305283,0.2,0.010976619,7216,0.08653260986320674,-0.014249142359476536,0.005678099580109119,0.0001
3768320,28,1081,6,0.41137880086898804,0.1276171875,-0.47564709156751633,0.2,0.014195593,7226,0.11226606955751776,-0.012708981486503035,0.016100309789180756,0.0001
3773440,33,1060,7,0.5377860069274902,0.14201171875,-0.47078293219208717,0.2,0.013287705,7236,0.10152686930261552,-0.01779117470374331,0.0004485230892896652,0.0001
3778560,39,1043,8,0.6412538290023804,0.10853515625,-0.370912267267704,0.2,0.011238512,7246,0.08597084239125252,-0.013835356787312776,-0.00039017945528030396,0.0001
3783680,44,1032,9,0.48465967178344727,0.1307421875,-0.462080022841692,0.2,0.011477816,7256,0.12064647076651454,-0.017555415311362593,-0.0008604694157838821,0.0001
3788800,50,1020,10,0.42422884702682495,0.1356640625,-0.45714635372161866,0.2,0.013040093,7266,0.10855546601116657,-0.017513957126066088,0.0036333687603473663,0.0001
3793920,2,2079,1,0.3112983703613281,0.10313711240310078,-0.38715085109999015,0.2,0.016836531,7273,0.1405951196775418,-0.010100128786104131,0.000996071845293045,0.0001
3799040,7,1323,2,0.48853379487991333,0.1225390625,-0.44843737974762915,0.2,0.011961209,7283,0.09347174780443311,-0.014134986198041589,-0.0073995646089315414,0.0001
3804160,12,1196,3,0.47141796350479126,0.1183984375,-0.4346446426212788,0.2,0.012644017,7293,0.09676806829869747,-0.014342980254441499,0.005881493911147118,0.0001
3809280,17,1142,4,0.4697021245956421,0.125703125,-0.42304198414087296,0.2,0.012379391,7303,0.1244630061276257,-0.016187054086476565,0.002705000340938568,0.0001
3814400,22,1118,5,0.4417917728424072,0.13728515625,-0.4194860430061817,0.2,0.014709714,7313,0.11107667116448283,-0.015475770521443338,0.013689510524272919,0.0001
3819520,27,1102,6,0.47954267263412476,0.1241015625,-0.4062389875948429,0.2,0.011293874,7323,0.08700954196043313,-0.014560855431482196,-0.018939826637506485,0.0001
3824640,32,1089,7,0.3656560778617859,0.11775390625,-0.4528093658387661,0.2,0.011083962,7333,0.0934471209347248,-0.014916541911661625,-0.012800078839063644,0.0001
3829760,37,1078,8,0.3898853659629822,0.1248046875,-0.4214024205505848,0.2,0.013368718,7343,0.1153711841441691,-0.01618764750426635,0.0028887279331684113,0.0001
3834880,43,1067,9,0.4366009831428528,0.11130859375,-0.4033063793182373,0.2,0.01074869,7353,0.11799373153597116,-0.014263109876774252,-0.005426473915576935,0.0001
3840000,48,1059,10,0.36921292543411255,0.12830078125,-0.3836374448239803,0.2,0.014989696,7363,0.07247421619482339,-0.014086662866175175,-0.021534185856580734,0.0001
3845120,2,2158,1,0.4547523260116577,0.1289453125,-0.4357840012013912,0.2,0.012204008,7373,0.07680202881805599,-0.016567693292163312,0.00024718232452869415,0.0001
3850240,7,1332,2,0.44565534591674805,0.13779296875,-0.5374515150487423,0.2,0.014433335,7383,0.0896249376051128,-0.015554579512681813,0.00639183446764946,0.0001
3855360,12,1208,3,0.4379320740699768,0.1242578125,-0.41702930092811585,0.2,0.012568107,7393,0.1228418998233974,-0.015567958899773658,-0.0007376596331596375,0.0001
3860480,17,1158,4,0.5027886033058167,0.12927734375,-0.4350113408267498,0.2,0.014288907,7403,0.1277162631228566,-0.015311377281323075,-0.002134166657924652,0.0001
3865600,22,1125,5,0.46173185110092163,0.1249609375,-0.4381085702776909,0.2,0.012154501,7413,0.13155335783958436,-0.014867753605358303,0.00012268312275409698,0.0001
3870720,28,1087,6,0.4070546627044678,0.11845703125,-0.43601316049695016,0.2,0.012680547,7423,0.12107422456145286,-0.013079167457763106,-0.002856384962797165,0.0001
3875840,33,1060,7,0.2730657458305359,0.1031640625,-0.3923083336651325,0.2,0.010904374,7433,0.12932852843776346,-0.01330980309518054,0.0009445827454328537,0.0001
3880960,39,1045,8,0.45545005798339844,0.13857421875,-0.4739875365793705,0.2,0.015130152,7443,0.10405581115745008,-0.015914289478678255,-0.005124688148498535,0.0001
3886080,44,1030,9,0.4685429334640503,0.10068359375,-0.35797831624746324,0.2,0.012163659,7453,0.10777447631582618,-0.01463085228810087,0.001087680459022522,0.0001
3891200,49,1028,10,0.3631713390350342,0.1018359375,-0.3782561159133911,0.2,0.00945163,7463,0.1470257837511599,-0.013860441683791578,-0.009860271587967873,0.0001
3896320,2,1872,1,0.5031062364578247,0.12927734375,-0.4698161026835442,0.2,0.012872447,7473,0.11516928042285145,-0.0151958709792234,0.006177395582199097,0.0001
3901440,8,1238,2,0.33320730924606323,0.164296875,-0.5358304400742054,0.2,0.01642276,7483,0.09535705956630408,-0.021506601397413762,-0.011172151193022728,0.0001
3906560,13,1147,3,0.36196666955947876,0.1225,-0.40629885986447334,0.2,0.012006384,7493,0.1347130048647523,-0.015592500937636943,0.023151813074946404,0.0001
3911680,18,1102,4,0.4166206121444702,0.11828125,-0.4532181426882744,0.2,0.012912659,7503,0.12011416234076024,-0.012913177493028343,0.0028079114854335785,0.0001
3916800,23,1080,5,0.5709156394004822,0.12123046875,-0.43605525538325307,0.2,0.011781593,7513,0.10539891542866826,-0.016302816255483778,-0.012212865054607391,0.0001
3921920,28,1063,6,0.46756964921951294,0.13173828125,-0.44131109237670896,0.2,0.013923304,7523,0.11562612716108561,-0.016592795965261756,-0.003841288387775421,0.0001
3927040,33,1057,7,0.580156683921814,0.11857421875,-0.43228231742978096,0.2,0.011044031,7533,0.10335087506100535,-0.014641606290824711,0.019556943327188492,0.0001
3932160,38,1055,8,0.6741518974304199,0.1090625,-0.40648739770054815,0.2,0.010329271,7543,0.09354811077937483,-0.014434219030663371,-0.0004932861775159836,0.0001
3937280,43,1054,9,0.5458646416664124,0.14291015625,-0.4893934927880764,0.2,0.015136616,7553,0.11789031954482197,-0.018180051073431968,-0.016486067324876785,0.0001
3942400,48,1052,10,0.5413057804107666,0.1373828125,-0.5009865826368332,0.2,0.0130316615,7563,0.10818263161927462,-0.016106933748815208,-0.006879616528749466,0.0001
3947520,2,1949,1,0.706900954246521,0.12939453125,-0.48313637509942053,0.2,0.01344396,7573,0.09219983437098563,-0.015117833476979285,-0.007219349965453148,0.0001
