time/total_timesteps,time/fps,rollout/ep_len_mean,time/time_elapsed,time/iterations,rollout/ep_rew_mean,train/entropy_loss,train/explained_variance,train/n_updates,train/value_loss,train/clip_fraction,train/clip_range,train/approx_kl,train/policy_gradient_loss,train/learning_rate,train/loss,curriculum/stage_timesteps,curriculum/obs_quantity,curriculum/max_steps,curriculum/grid_size,curriculum/stage,train/stage_learning_rate,curriculum/preferred_eval_mode,train/ent_coef,eval/stage_timesteps,eval/full_coverage_rate,eval/mean_reward,eval/deterministic,eval/mean_ep_length,eval/stage,eval/std_ep_length,eval/std_reward,eval/stochastic_quality_passed,eval/promotion_max_mean_length,eval/deterministic_quality_passed,eval/promotion_full_coverage_rate,eval/promotion_passed,eval/stochastic_full_coverage_rate,eval/deterministic_full_coverage_rate,eval/coverage_promotion_passed,eval/deterministic_promotion_floor,eval/diagnostic_full_coverage_rate,eval/mode_gap,eval/promotion_min_mean_reward,eval/quality_promotion_passed
2560,1515,191.8,1,1,-5.7140278816223145,,,,,,,,,,,,,,,,,,,,,,,,,,,,,,,,,,,,,,,
5120,291,177.95652173913044,17,2,-6.373748779296875,-1.386154192686081,-0.025455713272094727,5,0.661505570113659,0.0,0.06999999999999999,0.0003439929,-0.0008411529147997498,3.5e-05,0.11167576909065247,,,,,,,,,,,,,,,,,,,,,,,,,,,,,
7680,253,180.13513513513513,30,3,-6.218618869781494,-1.385680513381958,-0.017526984214782715,10,0.6546084911003709,0.0,0.06999999999999999,0.0002160327,-0.0004453173885121942,3.5e-05,-0.001945769414305687,,,,,,,,,,,,,,,,,,,,,,,,,,,,,
10240,230,181.43396226415095,44,4,-6.614506721496582,-1.3853323900699615,0.06995975971221924,15,0.24739395149052143,0.02375,0.06999999999999999,0.00062109256,-0.001904753502458334,3.5e-05,0.03975702077150345,,,,,,,,,,,,,,,,,,,,,,,,,,,,,
12800,215,182.828125,59,5,-7.029508590698242,-1.3851683354377746,0.04709821939468384,20,0.8529087337851524,0.025859375,0.06999999999999999,0.0013423552,-0.002178591433912516,3.5e-05,0.033620476722717285,,,,,,,,,,,,,,,,,,,,,,,,,,,,,
15360,218,182.30379746835442,70,6,-7.110472679138184,-1.3839009964466096,0.07194745540618896,25,0.7144680447131395,0.053828125,0.06999999999999999,0.0012829046,-0.002257703300565481,3.5e-05,0.03245745599269867,,,,,,,,,,,,,,,,,,,,,,,,,,,,,
17920,214,179.6315789473684,83,7,-7.012083053588867,-1.3821226716041566,0.09433573484420776,30,0.8345404571853579,0.079375,0.06999999999999999,0.0010610987,-0.0030145250540226697,3.5e-05,0.06698505580425262,,,,,,,,,,,,,,,,,,,,,,,,,,,,,
20480,212,177.54,96,8,-7.01763916015625,-1.3791786098480225,0.12351202964782715,35,0.5688009478896856,0.0653125,0.06999999999999999,0.0010561651,-0.001955594951286912,3.5e-05,0.33340543508529663,,,,,,,,,,,,,,,,,,,,,,,,,,,,,
23040,2463,180.29,1,1,-7.0366058349609375,-1.374394677877426,0.18381822109222412,40,0.3311814887821674,0.158359375,0.06999999999999999,0.0012856906,-0.0034634792897850273,3.5e-05,0.058108266443014145,0,3,200,5,1,7e-05,0,0.015,,,,,,,,,,,,,,,,,,,,,
25600,344,181.68,14,2,-7.256528377532959,-1.3634179937839508,0.1787465214729309,45,0.6096353333257138,0.157890625,0.1,0.002331658,-0.004147712141275406,7e-05,-0.007348399609327316,,,,,,,,,,,,,,,,,,,,,,,,,,,,,
28160,264,177.73,29,3,-7.105808258056641,-1.353354116678238,0.2793208360671997,50,0.40900203861296175,0.146484375,0.1,0.0024165804,-0.003983894777484238,7e-05,0.8609110713005066,,,,,,,,,,,,,,,,,,,,,,,,,,,,,
30720,245,178.67,41,4,-6.512896537780762,-1.3428945016860963,0.316983163356781,55,0.32635299729183315,0.150703125,0.1,0.002772092,-0.004153724806383252,7e-05,-0.013308830559253693,,,,,,,,,,,,,,,,,,,,,,,,,,,,,
33280,233,179.25,54,5,-6.129493236541748,-1.3332168173789978,0.6019009351730347,60,0.12730094730854036,0.1209375,0.1,0.002590482,-0.005795596726238727,7e-05,0.027083486318588257,,,,,,,,,,,,,,,,,,,,,,,,,,,,,
35840,228,178.84,67,6,-5.951450824737549,-1.3241939294338225,0.2554370164871216,65,0.5155781443417072,0.174609375,0.1,0.0030537574,-0.003595465142279863,7e-05,-0.016615133732557297,,,,,,,,,,,,,,,,,,,,,,,,,,,,,
38400,226,178.98,79,7,-5.853419780731201,-1.3183493578433991,0.28548532724380493,70,0.4907761210948229,0.08734375,0.1,0.0021904537,-0.0036823622928932307,7e-05,0.04935614764690399,,,,,,,,,,,,,,,,,,,,,,,,,,,,,
40960,221,176.06,92,8,-5.434699535369873,-1.3024176919460297,0.30686426162719727,75,0.3601127575337887,0.1428125,0.1,0.002896205,-0.004548475807532668,7e-05,0.011148212477564812,,,,,,,,,,,,,,,,,,,,,,,,,,,,,
43520,218,175.04,105,9,-5.090278148651123,-1.2867967367172242,0.49090778827667236,80,0.1982258072309196,0.156328125,0.1,0.0035623133,-0.0028679347736760975,7e-05,0.20915928483009338,,,,,,,,,,,,,,,,,,,,,,,,,,,,,
46080,215,176.63,118,10,-4.657248497009277,-1.27782261967659,0.30825716257095337,85,0.45636967796832323,0.17984375,0.1,0.0029374303,-0.0033680527284741402,7e-05,0.050532493740320206,,,,,,,,,,,,,,,,,,,,,,,,,,,,,
48640,2502,172.26,1,1,-4.539144515991211,-1.2688906276226044,0.34808266162872314,90,0.267226044209674,0.1675,0.1,0.0027847048,-0.003081268649548292,7e-05,0.02306445501744747,25600,3,200,5,1,7e-05,0,0.011415999999999999,,,,,,,,,,,,,,,,,,,,,
51200,317,169.79,16,2,-4.268212795257568,-1.2598771584033965,0.34404879808425903,95,0.3342071858793497,0.13078125,0.1,0.0024805607,-0.0026047957222908734,7e-05,0.024635348469018936,,,,,,,,,,,,,,,,,,,,,,,,,,,,,
53760,264,166.88,29,3,-3.6120500564575195,-1.2551609456539154,0.31581586599349976,100,0.543858389146626,0.173203125,0.1,0.0048979605,-0.002161623127758503,7e-05,0.5501635670661926,,,,,,,,,,,,,,,,,,,,,,,,,,,,,
56320,233,160.86,43,4,-3.5687062740325928,-1.253167881965637,0.35052865743637085,105,0.5472337749227881,0.125078125,0.1,0.0032345657,-0.0037069510389119388,7e-05,1.667946219444275,,,,,,,,,,,,,,,,,,,,,,,,,,,,,
58880,225,161.05,56,5,-3.505206346511841,-1.2505419540405274,0.303067684173584,110,0.7375509696174413,0.134140625,0.1,0.0019142575,-0.002024601772427559,7e-05,0.18752314150333405,,,,,,,,,,,,,,,,,,,,,,,,,,,,,
61440,214,154.39,71,6,-3.4436733722686768,-1.242674161195755,0.5280532836914062,115,0.5378748051822185,0.159609375,0.1,0.002391893,-0.0023912745993584393,7e-05,0.18810899555683136,,,,,,,,,,,,,,,,,,,,,,,,,,,,,
64000,212,150.66,84,7,-3.297806978225708,-1.2240200006961823,0.43034303188323975,120,0.7056463894434273,0.17265625,0.1,0.0027625924,-0.00013169161044061185,7e-05,0.5630264282226562,,,,,,,,,,,,,,,,,,,,,,,,,,,,,
66560,206,153.52,99,8,-3.231447219848633,-1.2187020003795623,0.50678950548172,125,0.7616698056459427,0.1553125,0.1,0.0031764272,-0.0033060085587203504,7e-05,3.228891134262085,,,,,,,,,,,,,,,,,,,,,,,,,,,,,
69120,206,151.91,111,9,-3.3646461963653564,-1.216787145137787,0.547406792640686,130,0.5303171444684267,0.183203125,0.1,0.0046223234,-0.00165355883538723,7e-05,0.04528244212269783,,,,,,,,,,,,,,,,,,,,,,,,,,,,,
71680,204,152.86,124,10,-3.149264335632324,-1.2016468691825866,0.46683454513549805,135,0.6567384891211987,0.0946875,0.1,0.0017603405,-0.0012691430561244488,7e-05,0.33921095728874207,,,,,,,,,,,,,,,,,,,,,,,,,,,,,
74240,2327,144.88,1,1,-2.215543031692505,-1.1978303599357605,0.5736762285232544,140,0.32511013850569725,0.193671875,0.1,0.0023209362,0.0003175675217062235,7e-05,0.039852991700172424,51200,3,200,5,1,7e-05,0,0.007832,,,,,,,,,,,,,,,,,,,,,
76800,351,141.1,14,2,-1.805732250213623,-1.1832583093643187,0.4151833653450012,145,1.168019643444568,0.16734375,0.1,0.0025392969,-0.0037362846173346043,7e-05,2.7177281379699707,,,,,,,,,,,,,,,,,,,,,,,,,,,,,
79360,259,134.25,29,3,-1.566748857498169,-1.1813627147674561,0.5245875120162964,150,0.8217340648919343,0.178125,0.1,0.0047611897,-0.0023074649646878244,7e-05,0.125191330909729,,,,,,,,,,,,,,,,,,,,,,,,,,,,,
81920,229,132.9,44,4,-1.5303378105163574,-1.175525473356247,0.4300852417945862,155,1.510713698863983,0.149296875,0.1,0.004218497,-0.00010765150189399719,7e-05,0.22239075601100922,,,,,,,,,,,,,,,,,,,,,,,,,,,,,
84480,222,134.61,57,5,-1.9557898044586182,-1.162041915655136,0.6211467385292053,160,0.6989908292517066,0.1478125,0.1,0.0022515138,-0.003109122226014733,7e-05,0.036395929753780365,,,,,,,,,,,,,,,,,,,,,,,,,,,,,
87040,212,134.4,72,6,-2.3707027435302734,-1.1604861533641815,0.6565608978271484,165,0.5096832983195781,0.2046875,0.1,0.0037890174,-0.0004279211815446615,7e-05,0.05280478671193123,,,,,,,,,,,,,,,,,,,,,,,,,,,,,
89600,208,136.15,85,7,-2.6254351139068604,-1.1290665102005004,0.502898097038269,170,0.7280647382792086,0.1909375,0.1,0.0047157295,0.00023837511427700518,7e-05,0.5939071774482727,,,,,,,,,,,,,,,,,,,,,,,,,,,,,
92160,205,135.58,99,8,-2.3999392986297607,-1.1318604743480682,0.4142494201660156,175,1.3242760851234197,0.10046875,0.1,0.0017634177,-0.0014085905719548465,7e-05,0.08014136552810669,,,,,,,,,,,,,,,,,,,,,,,,,,,,,
94720,223,134.14,103,9,-2.0221147537231445,-1.1258820860009444,0.4835764765739441,176,1.168099446516288,0.26151315789473684,0.1,0.0062581142,0.00859554871720703,7e-05,1.843724012374878,,,,,,,,,,,,,,,,,,,,,,,,,,,,,
97280,220,133.14,116,10,-1.7528729438781738,-1.1258223449642009,0.48694825172424316,181,0.969408581033349,0.171875,0.1,0.008209926,-0.0012634839142926714,7e-05,0.026099607348442078,,,,,,,,,,,,,,,,,,,,,,,,,,,,,
99840,2222,131.39,1,1,-1.7134864330291748,-1.1253864574432373,0.551132321357727,186,0.863224884532392,0.15859375,0.1,0.0028217633,-0.00323399443179369,7e-05,0.011358803138136864,76800,3,200,5,1,7e-05,0,0.004248,,,,,,,,,,,,,,,,,,,,,
102400,1039,126.3,4,2,-1.256003975868225,-1.125675020010575,0.4765107035636902,188,1.3360153796232266,0.19361413043478262,0.1,0.012677594,0.0067098533086802645,7e-05,0.1314927637577057,,,,,,,,,,,,,,,,,,,,,,,,,,,,,
104960,453,126.71,16,3,-1.0998607873916626,-1.1029154342763565,0.4544673562049866,193,1.6527958757737105,0.11121323529411764,0.1,0.007381223,-0.0007384432808441274,7e-05,0.5663063526153564,,,,,,,,,,,,,,,,,,,,,,,,,,,,,
107520,329,123.92,31,4,-0.8822340369224548,-1.1138953924179078,0.5814342498779297,198,1.1775322609767318,0.19015625,0.1,0.0029331446,0.0008764053788036108,7e-05,0.19779926538467407,,,,,,,,,,,,,,,,,,,,,,,,,,,,,
110080,277,122.15,46,5,-0.8168128132820129,-1.1029104459285737,0.49330198764801025,203,1.7182537700235843,0.16875,0.1,0.0045387964,-0.0025021891295909883,7e-05,0.5472636222839355,,,,,,,,,,,,,,,,,,,,,,,,,,,,,
112640,297,124.02,51,6,-0.8051792979240417,-1.1123804870773764,0.5670756101608276,205,0.9962785775389742,0.1284466911764706,0.1,0.005517871,0.0009036390932605547,7e-05,0.3540154695510864,,,,,,,,,,,,,,,,,,,,,,,,,,,,,
115200,313,125.64,57,7,-0.581762433052063,-1.118062979135758,0.5605655908584595,207,1.0899521332138624,0.1877003205128205,0.1,0.005485327,0.0034381130423683385,7e-05,0.08738826215267181,,,,,,,,,,,,,,,,,,,,,,,,,,,,,
117760,291,125.08,70,8,-0.7110878229141235,-1.0987292742729187,0.5010925531387329,212,1.3091668881475926,0.141484375,0.1,0.0034798593,-0.0023223740607500078,7e-05,0.06823236495256424,,,,,,,,,,,,,,,,,,,,,,,,,,,,,
120320,273,129.57,84,9,-0.9470803141593933,-1.0849380362033845,0.5405756235122681,217,1.4324409405328333,0.18015625,0.1,0.0033811438,0.0006280230265110731,7e-05,0.501539945602417,,,,,,,,,,,,,,,,,,,,,,,,,,,,,
122880,276,122.83,92,10,-0.4768178462982178,-1.0823084492432444,0.6169543266296387,220,1.0568468570709229,0.2284813596491228,0.1,0.0074744932,0.0005629940219877059,7e-05,0.05418729782104492,,,,,,,,,,,,,,,,,,,,,,,,,,,,,
,,,,,,-1.0524047976732254,0.49693232774734497,225,1.564141416326165,0.135703125,0.1,0.0035110055,-0.003811841309070587,7e-05,0.1266491860151291,,,,,,,,,102400,0.81,0.26236497789621355,0,106.88,1,55.53436413609145,5.112741115001015,,,,,,,,,,,,,
,,,,,,,,,,,,,,,,,,,,,,,,102400,0.35,-3.2458444353938103,1,142.44,1,78.55091597174409,11.420855244542377,,,,,,,,,,,,,
,,,,,,,,,,,,,,,,,,,,,,,,102400,,,,,1,,,0,45.0,0,0.81,0,0.81,0.35,0,0.693,0.81,0.4600000000000001,6.75,0
125440,2230,115.8,1,1,-0.09752944111824036,,,,,,,,,,,102400,3,200,5,1,7e-05,1,0.0010000000000000009,,,,,,,,,,,,,,,,,,,,,
128000,1661,111.86,3,2,-0.23338785767555237,-1.045645194394248,0.6735515594482422,226,2.0771094134875705,0.171875,0.1,0.0037434497,0.004826350403683526,7e-05,0.1913200318813324,,,,,,,,,,,,,,,,,,,,,,,,,,,,,
130560,920,107.1,8,3,0.2803898751735687,-1.0502944527001217,0.6111895442008972,228,1.8393763708400315,0.14520474137931033,0.1,0.007303978,0.0019810040128128282,7e-05,0.0522104874253273,,,,,,,,,,,,,,,,,,,,,,,,,,,,,
133120,559,98.85,18,4,0.8936724662780762,-1.0507093768724254,0.7839977741241455,232,1.066156184274546,0.21379841549295775,0.1,0.0064710025,0.003398477598290208,7e-05,0.4078592360019684,,,,,,,,,,,,,,,,,,,,,,,,,,,,,
135680,397,100.07,32,5,1.18822181224823,-1.0603834688663483,0.730201244354248,237,1.3880690079927445,0.098671875,0.1,0.0018852418,-0.003165360251441598,7e-05,0.0437895767390728,,,,,,,,,,,,,,,,,,,,,,,,,,,,,
138240,333,100.51,46,6,1.01071035861969,-1.0543436014652252,0.8316777348518372,242,1.1081749680638313,0.139609375,0.1,0.0014515576,1.9111018627882003e-05,7e-05,0.16144466400146484,,,,,,,,,,,,,,,,,,,,,,,,,,,,,
140800,296,95.97,60,7,1.1551066637039185,-1.0744536542892456,0.8137466311454773,247,1.079848936572671,0.108828125,0.1,0.0028083846,-0.0038953049341216685,7e-05,1.7508503198623657,,,,,,,,,,,,,,,,,,,,,,,,,,,,,
143360,268,105.19,76,8,0.14660663902759552,-1.0478066033124924,0.743945837020874,252,1.517832058519125,0.06484375,0.1,0.0017019177,-0.0015656711161136628,7e-05,0.3041420876979828,,,,,,,,,,,,,,,,,,,,,,,,,,,,,
145920,250,99.34,91,9,0.5741029977798462,-1.0611623018980025,0.8396848440170288,257,0.814599786028266,0.145078125,0.1,0.00472459,0.00018164408393204213,7e-05,0.890344500541687,,,,,,,,,,,,,,,,,,,,,,,,,,,,,
148480,236,94.49,108,10,0.8014833927154541,-1.0467891949415207,0.752368688583374,262,1.8075439255684613,0.168125,0.1,0.0024518075,0.001960813943296671,7e-05,0.6900397539138794,,,,,,,,,,,,,,,,,,,,,,,,,,,,,
,,,,,,-1.0376621067523957,0.7737981677055359,267,1.4513922012597322,0.08421875,0.1,0.0021708657,-0.0024097603093832733,7e-05,0.8369354009628296,,,,,,,,,128000,0.87,2.215301698669791,0,88.61,1,51.284675098902596,4.336658987484727,,,,,,,,,,,,,
,,,,,,,,,,,,,,,,,,,,,,,,128000,0.51,-1.3393232753872872,1,116.98,1,81.69663150950595,11.496204324545694,,,,,,,,,,,,,
,,,,,,,,,,,,,,,,,,,,,,,,128000,,,,,1,,,0,45.0,0,0.87,0,0.87,0.51,0,0.693,0.87,0.36,6.75,0
151040,2199,93.99,1,1,1.1027507781982422,,,,,,,,,,,128000,3,200,5,1,7e-05,1,0.0010000000000000009,,,,,,,,,,,,,,,,,,,,,
153600,322,87.08,15,2,1.7884272336959839,-1.0617570978403092,0.8372406363487244,272,1.0216636444628238,0.0790625,0.1,0.0019838212,-0.001460658172145486,7e-05,0.5125060081481934,,,,,,,,,,,,,,,,,,,,,,,,,,,,,
156160,252,91.65,30,3,1.4036136865615845,-1.022771759033203,0.8011707663536072,277,1.4408080715686082,0.0921875,0.1,0.0020054188,-0.001478032530285418,7e-05,0.5428171157836914,,,,,,,,,,,,,,,,,,,,,,,,,,,,,
158720,229,89.18,44,4,1.4021997451782227,-1.0583273446559907,0.8708066940307617,282,1.094555986598134,0.15421875,0.1,0.003367748,0.002765490673482418,7e-05,0.38721874356269836,,,,,,,,,,,,,,,,,,,,,,,,,,,,,
161280,216,85.14,59,5,1.6301319599151611,-1.0337759155035018,0.8123584985733032,287,1.348698570728302,0.11765625,0.1,0.003830439,-0.0010403522988781332,7e-05,0.7299826741218567,,,,,,,,,,,,,,,,,,,,,,,,,,,,,
163840,209,84.42,73,6,1.6243716478347778,-1.0302188205718994,0.7746968269348145,292,1.3569318896532059,0.12921875,0.1,0.0031279568,-0.0015267621353268624,7e-05,0.6124836802482605,,,,,,,,,,,,,,,,,,,,,,,,,,,,,
166400,214,85.51,83,7,1.803105354309082,-1.0465427809867307,0.8963122367858887,296,1.0470016789825067,0.11865942028985507,0.1,0.0052224225,0.0011393640028393786,7e-05,0.3424379229545593,,,,,,,,,,,,,,,,,,,,,,,,,,,,,
168960,235,90.93,87,8,0.99739670753479,-1.0499880373477937,0.8877326846122742,297,1.1750870920717715,0.218359375,0.1,0.0052717724,0.0062537421472370625,7e-05,0.10453757643699646,,,,,,,,,,,,,,,,,,,,,,,,,,,,,
171520,229,92.03,100,9,1.1103434562683105,-1.0283405542373658,0.8153079152107239,302,1.3084984143078326,0.07671875,0.1,0.0019839883,-0.0016414766246452927,7e-05,0.5728482007980347,,,,,,,,,,,,,,,,,,,,,,,,,,,,,
174080,223,88.45,114,10,0.9998390674591064,-1.0351639652252198,0.8788329362869263,307,1.2567468133568764,0.12765625,0.1,0.0023362916,-0.0005583726987242699,7e-05,0.7860191464424133,,,,,,,,,,,,,,,,,,,,,,,,,,,,,
,,,,,,-1.0152900862693786,0.8802993297576904,312,1.433459705710411,0.15703125,0.1,0.0033502735,0.0004298892896622419,7e-05,0.6939781904220581,,,,,,,,,153600,0.92,2.46038320094347,0,81.36,1,45.83699815651107,4.934392014670717,,,,,,,,,,,,,
,,,,,,,,,,,,,,,,,,,,,,,,153600,0.41,-4.042037656605244,1,133.36,1,80.1682630471685,12.195829219824923,,,,,,,,,,,,,
,,,,,,,,,,,,,,,,,,,,,,,,153600,,,,,1,,,0,45.0,0,0.92,0,0.92,0.41,0,0.693,0.92,0.51,6.75,0
176640,2183,89.1,1,1,1.2203304767608643,,,,,,,,,,,153600,3,200,5,1,7e-05,1,0.0010000000000000009,,,,,,,,,,,,,,,,,,,,,
179200,1022,89.21,5,2,1.0458228588104248,-1.0128712058067322,0.8886173963546753,314,1.4464734222577966,0.08763586956521739,0.1,0.010493186,0.00286104833788198,7e-05,0.22874364256858826,,,,,,,,,,,,,,,,,,,,,,,,,,,,,
181760,408,81.84,18,3,2.1577205657958984,-1.0204107058048248,0.8187371492385864,319,1.5801325261592865,0.16875,0.1,0.003098054,-0.0017247581295669078,7e-05,0.7268881797790527,,,,,,,,,,,,,,,,,,,,,,,,,,,,,
184320,308,78.29,33,4,2.3921985626220703,-1.0093076366186142,0.759726881980896,324,2.1276865772902966,0.14140625,0.1,0.002521165,-0.0002954853791743517,7e-05,1.3859895467758179,,,,,,,,,,,,,,,,,,,,,,,,,,,,,
186880,266,78.87,48,5,2.7339749336242676,-1.0273660653829575,0.8167239427566528,329,1.452372092679143,0.17265625,0.1,0.002302833,0.001106891306117177,7e-05,0.8686549067497253,,,,,,,,,,,,,,,,,,,,,,,,,,,,,
189440,285,77.63,53,6,2.772153377532959,-1.0138104074710124,0.8711832761764526,331,1.320981744978879,0.15076013513513514,0.1,0.004495415,0.0020580879236395296,7e-05,0.15698570013046265,,,,,,,,,,,,,,,,,,,,,,,,,,,,,
192000,265,79.32,67,7,2.7055726051330566,-0.9870824414491653,0.7939434051513672,336,1.588029035925865,0.14890625,0.1,0.00249878,-0.002139808451756835,7e-05,0.503591775894165,,,,,,,,,,,,,,,,,,,,,,,,,,,,,
194560,248,79.04,82,8,2.6542258262634277,-1.0111857879161834,0.8599542379379272,341,1.324473437219858,0.20046875,0.1,0.0040181405,0.0010200509056448937,7e-05,0.35767170786857605,,,,,,,,,,,,,,,,,,,,,,,,,,,,,
197120,236,77.29,97,9,2.778801679611206,-0.9963520586490631,0.8362882733345032,346,1.5077323184907436,0.132578125,0.1,0.0026731833,-0.002966233133338392,7e-05,0.8987258076667786,,,,,,,,,,,,,,,,,,,,,,,,,,,,,
199680,231,71.27,110,10,2.9905266761779785,-0.981112932562828,0.6897944808006287,351,1.374585308432579,0.173828125,0.1,0.005366071,-0.003760607810690999,7e-05,0.5479276776313782,,,,,,,,,,,,,,,,,,,,,,,,,,,,,
,,,,,,-0.9467338693141937,0.653523325920105,356,1.3671819484233856,0.111640625,0.1,0.002967372,-0.0026334835216403007,7e-05,0.3916758596897125,,,,,,,,,179200,0.97,4.002068719267845,0,65.33,1,35.59973454957214,4.03213148673516,,,,,,,,,,,,,
,,,,,,,,,,,,,,,,,,,,,,,,179200,0.43,-2.809093402326107,1,129.37,1,81.51817650070444,12.025698090227142,,,,,,,,,,,,,
,,,,,,,,,,,,,,,,,,,,,,,,179200,,,,,1,,,0,45.0,0,0.97,0,0.97,0.43,0,0.693,0.97,0.54,6.75,0
202240,2269,72.67,1,1,2.860992431640625,,,,,,,,,,,179200,3,200,5,1,7e-05,1,0.0010000000000000009,,,,,,,,,,,,,,,,,,,,,
204800,336,76.67,15,2,2.728644371032715,-0.9661820548772811,0.8347975015640259,361,1.289009137749672,0.135390625,0.1,0.0026097787,-0.0021928995847702026,7e-05,1.4253218173980713,,,,,,,,,,,,,,,,,,,,,,,,,,,,,
207360,452,76.47,16,3,2.8748953342437744,-0.9939064264297486,0.8170619010925293,362,1.0844618052244186,0.21875,0.1,0.0057489593,0.007724532485008239,7e-05,0.3014061748981476,,,,,,,,,,,,,,,,,,,,,,,,,,,,,
209920,344,69.59,29,4,3.5383541584014893,-0.910058491230011,0.7338634729385376,367,1.4374595250189304,0.16765625,0.1,0.0028391206,-1.7837095074355603e-05,7e-05,1.1134780645370483,,,,,,,,,,,,,,,,,,,,,,,,,,,,,
212480,299,65.66,42,5,4.00135612487793,-0.9367587965726852,0.8272655010223389,372,0.9318591348826886,0.179921875,0.1,0.0038146668,0.0004901227541267872,7e-05,0.4071950912475586,,,,,,,,,,,,,,,,,,,,,,,,,,,,,
215040,273,69.24,56,6,3.630251169204712,-0.9179290974140167,0.7931957840919495,377,1.4360993328690528,0.125703125,0.1,0.002520626,-0.0021477390732616186,7e-05,0.9683517217636108,,,,,,,,,,,,,,,,,,,,,,,,,,,,,
217600,253,61.2,70,7,4.3128461837768555,-0.9194655168056488,0.7713514566421509,382,1.089533631503582,0.183125,0.1,0.005061711,-0.0011185568198561668,7e-05,0.572248637676239,,,,,,,,,,,,,,,,,,,,,,,,,,,,,
220160,242,56.93,84,8,4.857671737670898,-0.8732721871137619,0.729485034942627,387,1.2409542995691298,0.120234375,0.1,0.0031722724,-0.0014506354089826345,7e-05,0.4817540943622589,,,,,,,,,,,,,,,,,,,,,,,,,,,,,
222720,235,58.07,97,9,4.642768383026123,-0.8825904303789138,0.7802692651748657,392,1.2245392540097237,0.1534375,0.1,0.0037964745,-0.000506631089374423,7e-05,0.8805494904518127,,,,,,,,,,,,,,,,,,,,,,,,,,,,,
225280,247,56.68,103,10,4.937168121337891,-0.8416451464096705,0.7704310417175293,394,0.9017393502096335,0.1467013888888889,0.1,0.006106363,0.004283667128119204,7e-05,0.8103511929512024,,,,,,,,,,,,,,,,,,,,,,,,,,,,,
,,,,,,-0.8551164484024047,0.8744534254074097,397,0.9281019374728203,0.144375,0.1,0.004303604,0.002298517432063818,7e-05,0.731370210647583,,,,,,,,,204800,0.97,4.8570751425623895,0,59.64,1,36.43199692577941,4.068280732183007,,,,,,,,,,,,,
,,,,,,,,,,,,,,,,,,,,,,,,204800,0.75,2.5619405829906463,1,77.0,1,71.5189485381322,10.499786854017389,,,,,,,,,,,,,
,,,,,,,,,,,,,,,,,,,,,,,,204800,,,,,1,,,0,45.0,0,0.97,0,0.97,0.75,0,0.693,0.97,0.21999999999999997,6.75,0
227840,2495,58.75,1,1,4.60580587387085,,,,,,,,,,,204800,3,200,5,1,7e-05,1,0.0010000000000000009,,,,,,,,,,,,,,,,,,,,,
230400,325,64.35,15,2,4.054464340209961,-0.8728488802909851,0.8694839477539062,402,1.1132596281170846,0.173671875,0.1,0.0032241303,-0.001979518374428153,7e-05,0.13309027254581451,,,,,,,,,,,,,,,,,,,,,,,,,,,,,
232960,360,59.31,21,3,4.725654602050781,-0.8656736697469439,0.8908735513687134,404,1.1004601665905545,0.19486607142857143,0.1,0.005360379,-0.0005463570356369019,7e-05,0.26332277059555054,,,,,,,,,,,,,,,,,,,,,,,,,,,,,
235520,404,53.54,25,4,5.249828338623047,-0.8336093532187598,0.8291105628013611,406,1.3983705948506082,0.16294642857142858,0.1,0.004630776,0.0050194964943719765,7e-05,2.3793833255767822,,,,,,,,,,,,,,,,,,,,,,,,,,,,,
238080,462,52.18,27,5,5.445076942443848,-0.8294970176436685,0.6233289837837219,407,0.9806504439223896,0.09161931818181818,0.1,0.0032978365,0.001038128256120465,7e-05,2.2176780700683594,,,,,,,,,,,,,,,,,,,,,,,,,,,,,
240640,471,55.44,32,6,5.312344551086426,-0.826988111524021,0.8804478049278259,409,0.9680494096349267,0.17876838235294118,0.1,0.007648053,0.00412267550606938,7e-05,0.8192837238311768,,,,,,,,,,,,,,,,,,,,,,,,,,,,,
243200,520,58.67,34,7,5.041425704956055,-0.8470644695418221,0.9186019897460938,410,1.1337365912539619,0.15848214285714285,0.1,0.004521685,0.00859886221587658,7e-05,1.122121810913086,,,,,,,,,,,,,,,,,,,,,,,,,,,,,
245760,550,57.26,37,8,5.238572597503662,-0.8227123830999646,0.9111072421073914,411,0.7850035854748317,0.1875,0.1,0.005822698,0.006968370771833828,7e-05,0.20135611295700073,,,,,,,,,,,,,,,,,,,,,,,,,,,,,
248320,461,53.98,49,9,5.508217811584473,-0.791514892578125,0.8887902498245239,416,0.9886492344737053,0.1753125,0.1,0.004219762,-0.0015445515606552363,7e-05,0.42179226875305176,,,,,,,,,,,,,,,,,,,,,,,,,,,,,
250880,471,59.82,54,10,4.815230846405029,-0.797385861133707,0.8924350738525391,418,0.8507593875301296,0.1974676724137931,0.1,0.0066961097,0.004017060462000041,7e-05,0.3598073720932007,,,,,,,,,,,,,,,,,,,,,,,,,,,,,
,,,,,,-0.8368641251609439,0.9065396189689636,421,1.1169341667777015,0.19754464285714285,0.1,0.010524144,0.006162585202781927,7e-05,1.4252897500991821,,,,,,,,,230400,0.97,5.594175283908844,0,55.06,1,33.28387597621407,3.2516306325116835,,,,,,,,,,,,,
,,,,,,,,,,,,,,,,,,,,,,,,230400,0.71,2.9540936481952667,1,85.39,1,74.14470918413531,8.715864101288517,,,,,,,,,,,,,
,,,,,,,,,,,,,,,,,,,,,,,,230400,,,,,1,,,0,45.0,0,0.97,0,0.97,0.71,0,0.693,0.97,0.26,6.75,0
253440,2133,65.71,1,1,4.138621807098389,,,,,,,,,,,230400,3,200,5,1,7e-05,1,0.0010000000000000009,,,,,,,,,,,,,,,,,,,,,
256000,1586,61.67,3,2,4.7973246574401855,-0.8926781741055575,0.9255886077880859,422,1.0306191647594625,0.2421875,0.1,0.0049726334,0.008995341391048649,7e-05,0.16300536692142487,,,,,,,,,,,,,,,,,,,,,,,,,,,,,
258560,678,57.04,11,3,5.162176132202148,-0.7968300809462865,0.8701436519622803,425,1.0576339018841585,0.14895833333333333,0.1,0.003960806,0.002311084947238366,7e-05,0.8670623302459717,,,,,,,,,,,,,,,,,,,,,,,,,,,,,
261120,574,52.06,17,4,5.620344638824463,-0.7694317467358648,0.8518173098564148,428,0.8509371849347134,0.16438137755102042,0.1,0.0069622644,0.0015386808663606644,7e-05,0.18035832047462463,,,,,,,,,,,,,,,,,,,,,,,,,,,,,
263680,486,52.42,26,5,5.475749492645264,-0.7748809581802737,0.8725110292434692,432,1.1943008505528974,0.15347782258064516,0.1,0.017411696,0.0008583569508646765,7e-05,1.2349332571029663,,,,,,,,,,,,,,,,,,,,,,,,,,,,,
266240,534,53.06,28,6,5.355835437774658,-0.7472987174987793,0.830849289894104,433,1.4581265474359195,0.23502604166666666,0.1,0.00607284,0.011092219268903136,7e-05,1.391893744468689,,,,,,,,,,,,,,,,,,,,,,,,,,,,,
268800,494,56.15,36,7,5.219733715057373,-0.7344667148590088,0.8068620562553406,436,1.1495714938640595,0.20859375,0.1,0.00642809,0.004734473712742329,7e-05,2.7682182788848877,,,,,,,,,,,,,,,,,,,,,,,,,,,,,
271360,533,57.16,38,8,5.2322821617126465,-0.770891135931015,0.9307284951210022,437,0.866450747847557,0.1125,0.1,0.0028484114,0.0011427449993789197,7e-05,0.39373472332954407,,,,,,,,,,,,,,,,,,,,,,,,,,,,,
273920,573,57.92,40,9,5.075873851776123,-0.7893131176630656,0.873769998550415,438,1.2268579353888829,0.1875,0.1,0.0055855387,0.005239073497553666,7e-05,0.5015875101089478,,,,,,,,,,,,,,,,,,,,,,,,,,,,,
276480,544,63.05,47,10,4.607119560241699,-0.7614945717025221,0.9132347106933594,441,1.0389746725559235,0.2040844298245614,0.1,0.005118997,0.0034082604964312756,7e-05,0.8949228525161743,,,,,,,,,,,,,,,,,,,,,,,,,,,,,
,,,,,,-0.7871179699897766,0.8973787426948547,442,1.547941868007183,0.1703125,0.1,0.005137286,0.007012819498777389,7e-05,0.06425349414348602,,,,,,,,,256000,0.96,5.118166117668152,0,58.44,1,42.09425614023842,4.759761295766171,,,,,,,,,,,,,
,,,,,,,,,,,,,,,,,,,,,,,,256000,0.8,3.846671147942543,1,65.76,1,67.36454854001472,9.949172538220429,,,,,,,,,,,,,
,,,,,,,,,,,,,,,,,,,,,,,,256000,,,,,1,,,0,45.0,0,0.96,0,0.96,0.8,0,0.693,0.96,0.15999999999999992,6.75,0
279040,2537,66.71,1,1,4.2930073738098145,,,,,,,,,,,256000,3,200,5,1,7e-05,1,0.0010000000000000009,,,,,,,,,,,,,,,,,,,,,
281600,727,61.57,7,2,4.8687238693237305,-0.786291942951527,0.8494458794593811,445,1.6159517397271825,0.15641622340425532,0.1,0.008211917,0.0031701063420227233,7e-05,0.39590010046958923,,,,,,,,,,,,,,,,,,,,,,,,,,,,,
284160,743,56.94,10,3,5.414305210113525,-0.7175682109335194,0.8151422739028931,447,1.360457873214846,0.16032608695652173,0.1,0.007277943,0.006013417049594547,7e-05,0.9880774617195129,,,,,,,,,,,,,,,,,,,,,,,,,,,,,
286720,594,58.85,17,4,5.301349639892578,-0.7236035615205765,0.9073752164840698,450,0.9567082755799804,0.22042410714285715,0.1,0.005985284,0.003082193517392235,7e-05,0.6348831653594971,,,,,,,,,,,,,,,,,,,,,,,,,,,,,
289280,579,53.96,22,5,5.5057854652404785,-0.702605152130127,0.9181109666824341,452,0.6611620877470289,0.1734375,0.1,0.005431424,0.006653939453618867,7e-05,0.09998327493667603,,,,,,,,,,,,,,,,,,,,,,,,,,,,,
291840,482,51.34,31,6,5.761373519897461,-0.6952852968658719,0.8014650344848633,457,1.1686320954135485,0.17792038690476192,0.1,0.0122438185,0.0028229342063977605,7e-05,0.7286601662635803,,,,,,,,,,,,,,,,,,,,,,,,,,,,,
294400,536,52.8,33,7,5.707543849945068,-0.7192761798699697,0.8395826816558838,458,1.3599163095156352,0.2552083333333333,0.1,0.0072514047,0.00827781002347668,7e-05,0.9143770933151245,,,,,,,,,,,,,,,,,,,,,,,,,,,,,
296960,549,56.76,37,8,5.440673828125,-0.6990289564790397,0.8630061149597168,460,1.739502518341459,0.1058728448275862,0.1,0.005742488,0.0031009766690689943,7e-05,2.920614242553711,,,,,,,,,,,,,,,,,,,,,,,,,,,,,
299520,557,55.77,41,9,5.596943378448486,-0.7339558498612766,0.9089920520782471,462,1.035882159553725,0.19288793103448276,0.1,0.0083182575,0.003814591705028353,7e-05,0.14067228138446808,,,,,,,,,,,,,,,,,,,,,,,,,,,,,
302080,576,47.99,44,10,6.4232306480407715,-0.6644705832004547,0.8409846425056458,464,0.9190609035166827,0.18963068181818182,0.1,0.01219359,0.007673106918280775,7e-05,0.43375223875045776,,,,,,,,,,,,,,,,,,,,,,,,,,,,,
,,,,,,-0.665097720347918,0.8799258470535278,466,0.8225509157547584,0.17998798076923078,0.1,0.009731525,0.005861424733526432,7e-05,0.4034057855606079,,,,,,,,,281600,0.99,6.6070380683988335,0,45.42,1,21.175542496002315,2.297087288615248,,,,,,,,,,,,,
,,,,,,,,,,,,,,,,,,,,,,,,281600,0.86,5.4030584174394605,1,56.48,1,58.47879615723976,7.6839899833504814,,,,,,,,,,,,,
,,,,,,,,,,,,,,,,,,,,,,,,281600,,,,,1,,,0,45.0,0,0.99,1,0.99,0.86,1,0.693,0.99,0.13,6.75,0
,,,,,,,,,,,,,,,,,,,,,,,,281600,1.0,6.502832599878311,0,45.36,1,19.21849109581707,2.8712767429200667,,,,,,,,,,,,,
,,,,,,,,,,,,,,,,,,,,,,,,281600,0.84,5.4948689836263656,1,59.68,1,61.64704048046427,7.238175672004783,,,,,,,,,,,,,
,,,,,,,,,,,,,,,,,,,,,,,,281600,,,,,1,,,0,45.0,0,1.0,1,1.0,0.84,1,0.693,1.0,0.16000000000000003,6.75,0
,,,,,,,,,,,,,,,,,,,,,,,,281600,0.99,6.589743459373713,0,45.78,1,24.727142980943025,2.866287143150015,,,,,,,,,,,,,
,,,,,,,,,,,,,,,,,,,,,,,,281600,0.91,6.701716863811016,1,47.98,1,48.20684183806278,5.558324054465678,,,,,,,,,,,,,
,,,,,,,,,,,,,,,,,,,,,,,,281600,,,,,1,,,0,45.0,0,0.99,1,0.99,0.91,1,0.693,0.99,0.07999999999999996,6.75,0
304640,2069,57.34,1,1,6.211126327514648,,,,,,,,,,,,,,,,,,,,,,,,,,,,,,,,,,,,,,,
307200,376,77.8,13,2,5.918509483337402,-0.7326125991344452,0.8035128116607666,471,3.1551790507137776,0.1896875,0.06999999999999999,0.0014617798,0.002567162625491619,3.5e-05,0.29734697937965393,,,,,,,,,,,,,,,,,,,,,,,,,,,,,
309760,309,96.44,24,3,5.782344341278076,-0.7479901188611984,0.8219751119613647,476,2.1164693024754526,0.182734375,0.06999999999999999,0.0033847962,0.001990869604051113,3.5e-05,0.20151764154434204,,,,,,,,,,,,,,,,,,,,,,,,,,,,,
312320,300,117.67,34,4,5.322474956512451,-0.8237383085489273,0.8949026465415955,481,1.1082119761407376,0.220078125,0.06999999999999999,0.003050146,0.0019569361489266157,3.5e-05,0.024284854531288147,,,,,,,,,,,,,,,,,,,,,,,,,,,,,
314880,291,138.17,43,5,4.938887596130371,-0.7729363131523133,0.8410689830780029,486,1.5240876860171557,0.21921875,0.06999999999999999,0.0038667347,0.0016244574077427388,3.5e-05,1.7855877876281738,,,,,,,,,,,,,,,,,,,,,,,,,,,,,
317440,275,155.95,55,6,4.624544143676758,-0.7735081970691681,0.7788115739822388,491,1.6100352715328337,0.183984375,0.06999999999999999,0.002130316,0.001268095993436873,3.5e-05,0.8863983750343323,,,,,,,,,,,,,,,,,,,,,,,,,,,,,
320000,289,173.84,61,7,4.414635181427002,-0.787544434561449,0.8170700669288635,495,1.5236576915828182,0.19910386029411764,0.06999999999999999,0.00462287,0.00010845314382630236,3.5e-05,0.18492858111858368,,,,,,,,,,,,,,,,,,,,,,,,,,,,,
322560,282,194.87,72,8,4.043055534362793,-0.7549290347099304,0.6852060556411743,500,1.8121593089401722,0.184609375,0.06999999999999999,0.0016702857,0.002634064583107829,3.5e-05,2.039531946182251,,,,,,,,,,,,,,,,,,,,,,,,,,,,,
325120,2912,204.19,0,1,3.887563705444336,-0.7714881068468094,0.6591372489929199,505,1.588734349310398,0.179453125,0.06999999999999999,0.0015262406,-0.00016009673476219177,3.5e-05,1.2657536268234253,0,8,320,8,2,3e-05,0,0.009,,,,,,,,,,,,,,,,,,,,,
327680,357,204.71,14,2,3.677513837814331,-0.7833006179332733,0.6839056015014648,510,1.2615512039512395,0.094375,0.1,0.00218752,-0.0019466936774551868,3e-05,0.11246375739574432,,,,,,,,,,,,,,,,,,,,,,,,,,,,,
330240,296,200.2,25,3,3.547658920288086,-0.7685071235895157,0.6065161824226379,515,1.617278861105442,0.125390625,0.1,0.003393534,0.0006855340767651796,3e-05,1.7217001914978027,,,,,,,,,,,,,,,,,,,,,,,,,,,,,
332800,277,195.93,36,4,3.7804718017578125,-0.7675086468458175,0.7296580076217651,520,1.0057500911317765,0.1396875,0.1,0.0026132115,-0.0019131457339972258,3e-05,2.1798441410064697,,,,,,,,,,,,,,,,,,,,,,,,,,,,,
335360,260,195.09,49,5,3.7130990028381348,-0.7172896707057953,0.43531256914138794,525,1.5933074821531772,0.084375,0.1,0.001442528,-0.00036401841789484023,3e-05,0.6929851174354553,,,,,,,,,,,,,,,,,,,,,,,,,,,,,
337920,257,191.26,59,6,3.890406847000122,-0.7421643710136414,0.5903068780899048,530,1.0878985159099102,0.11453125,0.1,0.0017872669,-0.0007261871686205268,3e-05,0.35195469856262207,,,,,,,,,,,,,,,,,,,,,,,,,,,,,
340480,258,192.85,69,7,3.8272452354431152,-0.7772301083803177,0.7489905953407288,535,0.8462996388971805,0.140078125,0.1,0.0030150067,-0.002147975442931056,3e-05,0.15840542316436768,,,,,,,,,,,,,,,,,,,,,,,,,,,,,
343040,276,187.02,73,8,3.8627195358276367,-0.7514294714343791,0.7657523155212402,538,0.9022369114111881,0.11782525510204081,0.1,0.0050781476,0.0009149442787985412,3e-05,0.31906765699386597,,,,,,,,,,,,,,,,,,,,,,,,,,,,,
345600,284,189.27,81,9,3.8912808895111084,-0.7392993752772992,0.6885944604873657,542,0.939671764580103,0.13365384615384615,0.1,0.005950584,0.002305554899458702,3e-05,0.4043585956096649,,,,,,,,,,,,,,,,,,,,,,,,,,,,,
348160,293,189.5,87,10,4.081889629364014,-0.752971153992873,0.7769635319709778,545,0.9858380359812424,0.1065204326923077,0.1,0.0049477746,0.0014501491454071724,3e-05,0.08473196625709534,,,,,,,,,,,,,,,,,,,,,,,,,,,,,
350720,2868,191.21,0,1,3.9756860733032227,-0.79519571185112,0.7457912564277649,550,0.9849775751680135,0.127265625,0.1,0.003285598,0.0008563384925946593,3e-05,0.047649409621953964,25600,8,320,8,2,3e-05,0,0.008829333333333333,,,,,,,,,,,,,,,,,,,,,
353280,2145,200.72,2,2,3.6690871715545654,-0.7845289409160614,0.8175125122070312,551,0.6807127967476845,0.14973958333333334,0.1,0.004330047,0.0011088335886597633,3e-05,0.149928018450737,,,,,,,,,,,,,,,,,,,,,,,,,,,,,
355840,727,206.91,10,3,3.364549160003662,-0.7851816546916962,0.8114638924598694,556,0.5983510490134358,0.129609375,0.1,0.0028702137,-0.001969078900292516,3e-05,0.02625427022576332,,,,,,,,,,,,,,,,,,,,,,,,,,,,,
358400,537,204.14,19,4,3.392679214477539,-0.7639636495534111,0.7421342134475708,561,0.967669320413295,0.1285845588235294,0.1,0.0067343824,-0.0009935709812185344,3e-05,0.08788209408521652,,,,,,,,,,,,,,,,,,,,,,,,,,,,,
360960,417,207.82,30,5,3.277876377105713,-0.7602301615476609,0.6822293996810913,566,0.9745598208904266,0.116015625,0.1,0.0023467545,-0.0003893384430557489,3e-05,0.21956562995910645,,,,,,,,,,,,,,,,,,,,,,,,,,,,,
363520,466,212.47,32,6,3.146064043045044,-0.8046499618462154,0.818272054195404,567,0.30376615481717245,0.12332589285714286,0.1,0.0031851658,0.004124113491603306,3e-05,0.14535120129585266,,,,,,,,,,,,,,,,,,,,,,,,,,,,,
366080,502,216.72,35,7,2.9870309829711914,-0.7702734754199073,0.6851685047149658,569,0.9062635941164834,0.0744047619047619,0.1,0.017715273,0.0019107470732359659,3e-05,0.17197732627391815,,,,,,,,,,,,,,,,,,,,,,,,,,,,,
368640,487,211.36,41,8,3.1220405101776123,-0.7875201337373079,0.7508971095085144,573,0.5970330882483899,0.17618936567164178,0.1,0.006955801,0.0011522102294795548,3e-05,0.03811386972665787,,,,,,,,,,,,,,,,,,,,,,,,,,,,,
371200,448,207.05,51,9,3.1995041370391846,-0.7484851738339976,0.6167157888412476,577,1.2155495169817616,0.09796463815789473,0.1,0.0039712954,0.00037833121850302343,3e-05,0.1616818904876709,,,,,,,,,,,,,,,,,,,,,,,,,,,,,
373760,416,204.93,61,10,3.068558931350708,-0.7738270026445389,0.6179280877113342,582,1.1421550987660885,0.116796875,0.1,0.0021949168,-0.0011721975170075893,3e-05,0.098564013838768,,,,,,,,,,,,,,,,,,,,,,,,,,,,,
376320,2782,200.7,0,1,3.3153128623962402,-0.7365946733951568,0.6870835423469543,587,0.8103928341716528,0.1221875,0.1,0.0035793718,-0.0019393183896318077,3e-05,1.3465193510055542,51200,8,320,8,2,3e-05,0,0.008658666666666667,,,,,,,,,,,,,,,,,,,,,
378880,463,195.28,11,2,3.512718439102173,-0.7420870876312256,0.6558775305747986,592,0.9285431653261185,0.10796875,0.1,0.0021215132,-0.002207547044381499,3e-05,0.5460718870162964,,,,,,,,,,,,,,,,,,,,,,,,,,,,,
381440,354,190.85,21,3,3.674720525741577,-0.7382704001665116,0.6074133515357971,597,1.2598131825774908,0.111171875,0.1,0.0024659522,-0.0017684259405359626,3e-05,0.6194581389427185,,,,,,,,,,,,,,,,,,,,,,,,,,,,,
384000,283,186.03,36,4,3.8013505935668945,-0.7346043050289154,0.5724961757659912,602,1.4464347200095653,0.12984375,0.1,0.0028604225,0.0003304185625165701,3e-05,0.369846910238266,,,,,,,,,,,,,,,,,,,,,,,,,,,,,
386560,281,187.73,45,5,3.819639205932617,-0.7480860465764999,0.7201311588287354,607,0.931165030412376,0.1171875,0.1,0.0027151236,-0.0010011807456612586,3e-05,0.12054504454135895,,,,,,,,,,,,,,,,,,,,,,,,,,,,,
389120,268,193.62,57,6,3.5971415042877197,-0.7473737955093384,0.8103923797607422,612,0.49048985555768015,0.11015625,0.1,0.0024674165,-0.0012282866844907402,3e-05,0.06054002419114113,,,,,,,,,,,,,,,,,,,,,,,,,,,,,
391680,274,195.34,65,7,3.714557409286499,-0.7517135242621104,0.7473843097686768,616,0.7060297122225165,0.13541666666666666,0.1,0.005508527,-0.0008156435796990991,3e-05,0.059850309044122696,,,,,,,,,,,,,,,,,,,,,,,,,,,,,
394240,272,193.92,75,8,3.8772799968719482,-0.7580549150705338,0.7256777286529541,621,0.7166319604590535,0.139453125,0.1,0.002291871,0.0008588963281363249,3e-05,0.4692302644252777,,,,,,,,,,,,,,,,,,,,,,,,,,,,,
396800,270,197.88,85,9,3.777425527572632,-0.7437478697299957,0.5083227753639221,626,1.0337675266712905,0.105546875,0.1,0.0030363258,-0.0010386214591562748,3e-05,0.15427318215370178,,,,,,,,,,,,,,,,,,,,,,,,,,,,,
399360,282,201.14,90,10,3.585355758666992,-0.7837097320867621,0.6944546699523926,629,0.8432499147627665,0.12381114130434782,0.1,0.005544565,0.0013323692888345408,3e-05,0.13939319550991058,,,,,,,,,,,,,,,,,,,,,,,,,,,,,
401920,2775,200.67,0,1,3.6356537342071533,-0.7525086808204651,0.7064337730407715,634,0.8369252192229033,0.0996875,0.1,0.0022150767,-0.0011788356583565473,3e-05,1.1239150762557983,76800,8,320,8,2,3e-05,0,0.008487999999999999,,,,,,,,,,,,,,,,,,,,,
404480,386,199.49,13,2,3.7384090423583984,-0.7317068642377853,0.49716222286224365,639,1.0334649449586868,0.089140625,0.1,0.0014346709,-0.001694646291434765,3e-05,0.17555570602416992,,,,,,,,,,,,,,,,,,,,,,,,,,,,,
407040,315,199.9,24,3,3.6322741508483887,-0.7551078951358795,0.6294792890548706,644,0.6902104751765727,0.085390625,0.1,0.0020993834,-0.002491603270173073,3e-05,0.1288997232913971,,,,,,,,,,,,,,,,,,,,,,,,,,,,,
409600,301,197.59,33,4,3.6926679611206055,-0.7447670954465866,0.7098972797393799,649,0.5229309065267443,0.114296875,0.1,0.0024691732,-0.0013456891383975744,3e-05,0.07364361733198166,,,,,,,,,,,,,,,,,,,,,,,,,,,,,
412160,285,195.24,44,5,3.7442593574523926,-0.7389725881814957,0.6264256238937378,654,1.0490299187600614,0.1065625,0.1,0.0016715443,-0.0008820298779755831,3e-05,0.06619711965322495,,,,,,,,,,,,,,,,,,,,,,,,,,,,,
414720,285,195.44,53,6,3.8434460163116455,-0.7628423416614533,0.7768516540527344,659,0.5532669973745942,0.126171875,0.1,0.0026801934,-0.0006873870640993118,3e-05,0.10905523598194122,,,,,,,,,,,,,,,,,,,,,,,,,,,,,
417280,276,188.31,64,7,4.114722728729248,-0.71171999335289,0.575993537902832,664,0.9499001201614737,0.089140625,0.1,0.0022896146,0.0005653866287320852,3e-05,0.16760261356830597,,,,,,,,,,,,,,,,,,,,,,,,,,,,,
419840,271,185.82,75,8,4.196794509887695,-0.7165859848260879,0.7492941617965698,669,0.6144925809651614,0.1109375,0.1,0.0026824728,-0.0018624813761562108,3e-05,0.27210137248039246,,,,,,,,,,,,,,,,,,,,,,,,,,,,,
422400,266,190.98,86,9,3.912290334701538,-0.7153108859062195,0.7789590358734131,674,0.40625939771533015,0.089296875,0.1,0.0020224168,-0.0014468540530651807,3e-05,0.18470993638038635,,,,,,,,,,,,,,,,,,,,,,,,,,,,,
424960,262,189.57,97,10,3.83491849899292,-0.7188524506812872,0.7884199619293213,679,0.7412377515331258,0.13235828488372092,0.1,0.010686179,0.0022042108764655367,3e-05,0.05275201424956322,,,,,,,,,,,,,,,,,,,,,,,,,,,,,
,,,,,,-0.7323277831077576,0.8404881358146667,684,0.623340061120689,0.142734375,0.1,0.0030408772,-0.001290127532556653,3e-05,0.17665065824985504,,,,,,,,,102400,0.85,4.523276748294011,0,173.91,2,76.55443749385138,3.415783356174897,,,,,,,,,,,,,
,,,,,,,,,,,,,,,,,,,,,,,,102400,0.48,1.2930155301094055,1,218.81,2,106.61873146872458,7.443739477936732,,,,,,,,,,,,,
,,,,,,,,,,,,,,,,,,,,,,,,102400,,,,,2,,,0,115.2,0,0.85,0,0.85,0.48,0,0.6719999999999999,0.85,0.37,6.75,0
427520,2354,185.75,1,1,4.116272449493408,,,,,,,,,,,102400,8,320,8,2,3e-05,1,0.009,,,,,,,,,,,,,,,,,,,,,
430080,421,183.86,12,2,4.101568698883057,-0.7183939778804779,0.8189573287963867,689,0.7417899319529533,0.125390625,0.1,0.0026542316,-0.0025516743119806053,3e-05,0.40335482358932495,,,,,,,,,,,,,,,,,,,,,,,,,,,,,
432640,358,183.31,21,3,4.1550374031066895,-0.7371215454067093,0.8393580317497253,694,0.6972416268145464,0.08452560240963855,0.1,0.009677895,-0.0009114353928759873,3e-05,0.03891400992870331,,,,,,,,,,,,,,,,,,,,,,,,,,,,,
435200,433,186.84,23,4,4.068681716918945,-0.7590743115073756,0.8286302089691162,695,0.9174865835199231,0.10361842105263158,0.1,0.0021320763,0.0021141803284224713,3e-05,0.08952164649963379,,,,,,,,,,,,,,,,,,,,,,,,,,,,,
437760,360,190.11,35,5,3.958885431289673,-0.6954540246725083,0.7434810400009155,700,1.0048799113929272,0.10703125,0.1,0.0023367784,-0.0009126559179276228,3e-05,0.38133129477500916,,,,,,,,,,,,,,,,,,,,,,,,,,,,,
440320,399,181.07,38,6,4.399602890014648,-0.7743863420827048,0.814802885055542,702,0.7660366583482495,0.10239955357142858,0.1,0.009647279,0.00244495172851852,3e-05,0.04868417978286743,,,,,,,,,,,,,,,,,,,,,,,,,,,,,
442880,344,180.98,51,7,4.50426721572876,-0.6995444744825363,0.45079028606414795,707,1.632338732779026,0.0778125,0.1,0.0025415285,-0.0012431094888597726,3e-05,0.09222139418125153,,,,,,,,,,,,,,,,,,,,,,,,,,,,,
445440,374,178.52,54,8,4.371374130249023,-0.7330719232559204,0.6161192655563354,708,0.9750663880258799,0.14208984375,0.1,0.0035769362,0.0021374529460445046,3e-05,0.07733174413442612,,,,,,,,,,,,,,,,,,,,,,,,,,,,,
448000,342,175.7,67,9,4.52819299697876,-0.6895736122131347,0.5893282890319824,713,1.1025212249159813,0.09765625,0.1,0.002168064,-0.0023252635030075906,3e-05,0.2034052014350891,,,,,,,,,,,,,,,,,,,,,,,,,,,,,
450560,326,176.05,78,10,4.3075151443481445,-0.7300552165508271,0.7666020393371582,718,0.7046768813580274,0.147578125,0.1,0.0029964312,0.0005020711757242679,3e-05,0.5728136301040649,,,,,,,,,,,,,,,,,,,,,,,,,,,,,
,,,,,,-0.7123579859733582,0.7406328916549683,723,0.7083799611777067,0.119296875,0.1,0.0029497412,-0.0008433190314099193,3e-05,0.1740824282169342,,,,,,,,,128000,0.84,4.460210047066211,0,178.85,2,75.49309571079993,2.985699249788748,,,,,,,,,,,,,
,,,,,,,,,,,,,,,,,,,,,,,,128000,0.47,0.7641626086458564,1,221.7,2,105.56149866310159,7.607259807965419,,,,,,,,,,,,,
,,,,,,,,,,,,,,,,,,,,,,,,128000,,,,,2,,,0,115.2,0,0.84,0,0.84,0.47,0,0.6719999999999999,0.84,0.37,6.75,0
453120,2389,173.25,1,1,4.356536388397217,,,,,,,,,,,128000,8,320,8,2,3e-05,1,0.009,,,,,,,,,,,,,,,,,,,,,
455680,790,167.46,6,2,4.562918186187744,-0.7002891331184201,0.66453617811203,726,0.989707053798001,0.09641768292682927,0.1,0.02099833,0.001859317692678149,3e-05,0.8652160167694092,,,,,,,,,,,,,,,,,,,,,,,,,,,,,
458240,402,171.51,19,3,4.338972091674805,-0.7172260785102844,0.7944436073303223,731,0.929009281694889,0.10734375,0.1,0.003816321,-0.0014034382160753012,3e-05,0.40082964301109314,,,,,,,,,,,,,,,,,,,,,,,,,,,,,
460800,408,166.72,25,4,4.712692737579346,-0.7043838455126836,0.8642939925193787,734,0.6492320446727368,0.13777043269230768,0.1,0.0045977975,0.0018027504691137718,3e-05,0.04792354255914688,,,,,,,,,,,,,,,,,,,,,,,,,,,,,
463360,340,168.73,37,5,4.723324775695801,-0.6928433632850647,0.8304135799407959,739,0.6528580966591835,0.091640625,0.1,0.00276749,-0.000829806225374341,3e-05,0.10523796081542969,,,,,,,,,,,,,,,,,,,,,,,,,,,,,
465920,323,169.17,47,6,4.756099700927734,-0.730273208618164,0.8951425552368164,744,0.4665638868510723,0.131484375,0.1,0.0042762505,-0.0011988632008433343,3e-05,0.23628459870815277,,,,,,,,,,,,,,,,,,,,,,,,,,,,,
468480,313,174.0,57,7,4.584003925323486,-0.7147621321678161,0.8991325497627258,749,0.6693757597729564,0.137578125,0.1,0.0033951167,0.0008802222833037376,3e-05,0.08042299747467041,,,,,,,,,,,,,,,,,,,,,,,,,,,,,
471040,342,174.44,59,8,4.513703346252441,-0.774084468682607,0.8785689473152161,750,1.0813372520109017,0.0685763888888889,0.1,0.0018912726,0.0032477487499515214,3e-05,0.1809292584657669,,,,,,,,,,,,,,,,,,,,,,,,,,,,,
473600,340,175.69,67,9,4.448449611663818,-0.7192101157628573,0.8553804755210876,754,1.0188731511051838,0.07740384615384616,0.1,0.0051982324,2.728230678118192e-06,3e-05,0.15567949414253235,,,,,,,,,,,,,,,,,,,,,,,,,,,,,
476160,337,182.5,75,10,4.422662258148193,-0.73802938580513,0.8871321678161621,759,0.6821383129060269,0.11296875,0.1,0.0027762137,-0.0009279227256774902,3e-05,0.5165479183197021,,,,,,,,,,,,,,,,,,,,,,,,,,,,,
,,,,,,-0.7185384978850683,0.8928415179252625,762,0.8804636481994143,0.13834635416666666,0.1,0.008028055,0.003388569224625826,3e-05,0.08720239996910095,,,,,,,,,153600,0.86,4.683419708311558,0,174.12,2,73.78336939988577,2.970925731252649,,,,,,,,,,,,,
,,,,,,,,,,,,,,,,,,,,,,,,153600,0.55,2.595254972539842,1,202.6,2,107.27711778380326,6.665887052085271,,,,,,,,,,,,,
,,,,,,,,,,,,,,,,,,,,,,,,153600,,,,,2,,,0,115.2,0,0.86,0,0.86,0.55,0,0.6719999999999999,0.86,0.30999999999999994,6.75,0
478720,2578,183.48,0,1,4.262660980224609,,,,,,,,,,,153600,8,320,8,2,3e-05,1,0.009,,,,,,,,,,,,,,,,,,,,,
481280,426,181.49,11,2,4.32772970199585,-0.7166406381130218,0.8257041573524475,767,1.027847835943103,0.1340625,0.1,0.0034398087,0.0002139523020014167,3e-05,0.5472280979156494,,,,,,,,,,,,,,,,,,,,,,,,,,,,,
483840,321,176.72,23,3,4.416015148162842,-0.681868224143982,0.7742147445678711,772,1.2152027763426303,0.096171875,0.1,0.002289445,-0.0016756610199809075,3e-05,0.2838034927845001,,,,,,,,,,,,,,,,,,,,,,,,,,,,,
486400,303,173.51,33,4,4.626339912414551,-0.7341053330898285,0.7533159255981445,777,0.9571221959404648,0.086640625,0.1,0.0016420463,-0.0009978802595287562,3e-05,0.6009880304336548,,,,,,,,,,,,,,,,,,,,,,,,,,,,,
488960,297,171.54,42,5,4.792007923126221,-0.7285337483882904,0.7616320848464966,782,0.9011371814459562,0.113671875,0.1,0.0029776213,-0.0014012975012883545,3e-05,0.6867254376411438,,,,,,,,,,,,,,,,,,,,,,,,,,,,,
491520,277,158.48,55,6,5.111107349395752,-0.6716884136199951,0.4322987198829651,787,1.3611422774195672,0.107265625,0.1,0.0021377774,-0.0020321757066994904,3e-05,1.665594220161438,,,,,,,,,,,,,,,,,,,,,,,,,,,,,
494080,267,155.57,66,7,5.1687517166137695,-0.6837253546714783,0.28406572341918945,792,0.8895884747803211,0.121640625,0.1,0.0033687993,-0.002578906686976552,3e-05,0.31891608238220215,,,,,,,,,,,,,,,,,,,,,,,,,,,,,
496640,285,163.54,71,8,4.690293788909912,-0.6924836243071207,0.6816184520721436,795,0.7730457241215357,0.1286204268292683,0.1,0.020020777,0.0029203425638559388,3e-05,0.4366728961467743,,,,,,,,,,,,,,,,,,,,,,,,,,,,,
499200,278,164.48,82,9,4.675013542175293,-0.7312860041856766,0.6363096237182617,800,0.8024898151308298,0.13796875,0.1,0.002849881,-0.0013456383626908063,3e-05,1.5200741291046143,,,,,,,,,,,,,,,,,,,,,,,,,,,,,
501760,272,161.68,94,10,4.872542858123779,-0.687393119931221,0.7446693181991577,805,0.48518679484724997,0.12609375,0.1,0.0037645556,-0.0002856943756341934,3e-05,0.1542392373085022,,,,,,,,,,,,,,,,,,,,,,,,,,,,,
,,,,,,-0.7076594680547714,0.7548698782920837,806,0.5931752906180918,0.1220703125,0.1,0.0027143268,0.003234525735024363,3e-05,0.18273299932479858,,,,,,,,,179200,0.86,4.312910945862532,0,177.33,2,74.33586684770684,3.363004532619932,,,,,,,,,,,,,
,,,,,,,,,,,,,,,,,,,,,,,,179200,0.45,1.3160182431340217,1,222.87,2,108.45014107874641,7.289706841604772,,,,,,,,,,,,,
,,,,,,,,,,,,,,,,,,,,,,,,179200,,,,,2,,,0,115.2,0,0.86,0,0.86,0.45,0,0.6719999999999999,0.86,0.41,6.75,0
504320,2493,166.33,1,1,4.73164176940918,,,,,,,,,,,179200,8,320,8,2,3e-05,1,0.009,,,,,,,,,,,,,,,,,,,,,
506880,374,170.23,13,2,4.571766376495361,-0.7148279249668121,0.7541823983192444,811,0.7150320146232844,0.140859375,0.1,0.0031250515,-0.001961626950651407,3e-05,0.2383773773908615,,,,,,,,,,,,,,,,,,,,,,,,,,,,,
509440,306,173.96,25,3,4.422118663787842,-0.6838789147138595,0.7193642854690552,816,0.6493512116372585,0.12234375,0.1,0.0031109238,0.0006106796907261014,3e-05,0.10628087818622589,,,,,,,,,,,,,,,,,,,,,,,,,,,,,
512000,324,180.03,31,4,4.14666748046875,-0.698685832953049,0.750691831111908,819,0.7221470610317537,0.13890360169491525,0.1,0.0055001504,0.0025487833230172174,3e-05,0.1335238814353943,,,,,,,,,,,,,,,,,,,,,,,,,,,,,
514560,296,175.75,43,5,4.456629753112793,-0.6894564825296402,0.7540326118469238,824,0.6844373954832554,0.099453125,0.1,0.0026431729,-0.0012597375363111495,3e-05,0.27988651394844055,,,,,,,,,,,,,,,,,,,,,,,,,,,,,
517120,322,182.68,47,6,4.274213790893555,-0.7143540864899045,0.828720211982727,827,0.6446900768649011,0.17020089285714285,0.1,0.020992644,0.004236414252469937,3e-05,0.045370496809482574,,,,,,,,,,,,,,,,,,,,,,,,,,,,,
519680,334,181.44,53,7,4.178431987762451,-0.7025802670899084,0.834374725818634,830,0.862813728403742,0.12778072033898305,0.1,0.0036926104,0.0006758450388403263,3e-05,0.3238109350204468,,,,,,,,,,,,,,,,,,,,,,,,,,,,,
522240,313,180.18,65,8,4.374824047088623,-0.6800268000364303,0.7795524597167969,835,0.6558078923821449,0.085546875,0.1,0.001993532,-0.000897575318813324,3e-05,0.5732737183570862,,,,,,,,,,,,,,,,,,,,,,,,,,,,,
524800,309,179.11,74,9,4.275702476501465,-0.6912018305063248,0.8239032030105591,840,0.6735737251117826,0.072734375,0.1,0.002005913,-0.0007671521417796611,3e-05,0.6375733017921448,,,,,,,,,,,,,,,,,,,,,,,,,,,,,
527360,300,178.73,85,10,4.267536163330078,-0.6469596749544144,0.6753456592559814,845,1.019846646413207,0.09140625,0.1,0.0019503366,-0.0007829645369201899,3e-05,0.1755143404006958,,,,,,,,,,,,,,,,,,,,,,,,,,,,,
,,,,,,-0.6834791332483292,0.7871415019035339,850,0.8501643422245979,0.14453125,0.1,0.0047337404,-7.767360657453536e-05,3e-05,0.2822404205799103,,,,,,,,,204800,0.82,4.1862193202972415,0,182.25,2,77.73228093913107,3.4461375702616297,,,,,,,,,,,,,
,,,,,,,,,,,,,,,,,,,,,,,,204800,0.57,2.4695564353466035,1,206.92,2,100.54000994628954,6.046534238044871,,,,,,,,,,,,,
,,,,,,,,,,,,,,,,,,,,,,,,204800,,,,,2,,,0,115.2,0,0.82,0,0.82,0.57,0,0.6719999999999999,0.82,0.25,6.75,0
529920,2417,178.27,1,1,4.290581226348877,,,,,,,,,,,204800,8,320,8,2,3e-05,1,0.009,,,,,,,,,,,,,,,,,,,,,
532480,717,173.06,7,2,4.554298400878906,-0.6666686336199442,0.7999112010002136,853,0.9844101110384578,0.13020833333333334,0.1,0.011640051,0.0014212065420690038,3e-05,0.48593831062316895,,,,,,,,,,,,,,,,,,,,,,,,,,,,,
535040,455,171.15,16,3,4.662409782409668,-0.6596523904800415,0.86314457654953,858,0.603649670779705,0.1075,0.1,0.001868822,-0.0014452833868563175,3e-05,0.16699843108654022,,,,,,,,,,,,,,,,,,,,,,,,,,,,,
537600,347,173.37,29,4,4.538649082183838,-0.6600073826313019,0.793931782245636,863,0.8493763463944197,0.108046875,0.1,0.003111987,-0.0024905049335211516,3e-05,0.3662257790565491,,,,,,,,,,,,,,,,,,,,,,,,,,,,,
540160,381,163.3,33,5,4.956986904144287,-0.6753229995568594,0.8460354804992676,865,0.8591655676563581,0.11901041666666666,0.1,0.007231909,0.0024741020674506824,3e-05,0.07167230546474457,,,,,,,,,,,,,,,,,,,,,,,,,,,,,
542720,358,168.76,42,6,4.647457122802734,-0.6737180829048157,0.8590292930603027,870,0.8924840567260981,0.133515625,0.1,0.0026382473,0.00022247400134801866,3e-05,0.07208108901977539,,,,,,,,,,,,,,,,,,,,,,,,,,,,,
545280,334,168.54,53,7,4.751945495605469,-0.6504223829507828,0.7687969207763672,875,0.7120513509213925,0.116640625,0.1,0.0024861146,-0.0021468889061361553,3e-05,0.7836197018623352,,,,,,,,,,,,,,,,,,,,,,,,,,,,,
547840,310,173.12,65,8,4.570181369781494,-0.6288742542266845,0.9112770557403564,880,0.7254617000371217,0.111796875,0.1,0.0025744138,-0.0008796987030655146,3e-05,0.31234171986579895,,,,,,,,,,,,,,,,,,,,,,,,,,,,,
550400,300,176.43,76,9,4.364339351654053,-0.7025747013092041,0.8546183705329895,885,0.7549865332990885,0.13671875,0.1,0.0044849375,-0.0007436265610158443,3e-05,0.07689519971609116,,,,,,,,,,,,,,,,,,,,,,,,,,,,,
552960,301,174.45,84,10,4.531444072723389,-0.6650580824776129,0.8772403597831726,890,0.7509532476013357,0.12668678977272727,0.1,0.007103745,-0.0005325679138133472,3e-05,0.07041053473949432,,,,,,,,,,,,,,,,,,,,,,,,,,,,,
,,,,,,-0.6516526484489441,0.7107018232345581,895,1.3061630101501942,0.078125,0.1,0.0015901536,0.00020090285688638686,3e-05,0.6899018883705139,,,,,,,,,230400,0.87,4.850214680060744,0,169.11,2,73.02833628119978,2.97516043422119,,,,,,,,,,,,,
,,,,,,,,,,,,,,,,,,,,,,,,230400,0.54,2.813326491564512,1,203.98,2,107.86760217970917,6.429519649479846,,,,,,,,,,,,,
,,,,,,,,,,,,,,,,,,,,,,,,230400,,,,,2,,,0,115.2,0,0.87,0,0.87,0.54,0,0.6719999999999999,0.87,0.32999999999999996,6.75,0
555520,2015,178.68,1,1,4.375141143798828,,,,,,,,,,,230400,8,320,8,2,3e-05,1,0.009,,,,,,,,,,,,,,,,,,,,,
558080,594,179.05,8,2,4.356484413146973,-0.6667166242474004,0.8131692409515381,897,1.1459411963036186,0.12273848684210527,0.1,0.0028242788,0.00272907252962652,3e-05,0.15984642505645752,,,,,,,,,,,,,,,,,,,,,,,,,,,,,
560640,296,181.22,25,3,4.332447052001953,-0.6621468341350556,0.7661639451980591,902,1.1213601320981978,0.0978125,0.1,0.0024365443,-0.0009282609634101391,3e-05,0.9350159764289856,,,,,,,,,,,,,,,,,,,,,,,,,,,,,
563200,261,176.04,39,4,4.418635845184326,-0.6704494547843933,0.7632794976234436,907,0.8511004096269608,0.12484375,0.1,0.002500343,-0.0004496635450050235,3e-05,0.21680456399917603,,,,,,,,,,,,,,,,,,,,,,,,,,,,,
565760,250,172.68,51,5,4.519937515258789,-0.6413293540477752,0.5148000717163086,912,0.7380576980859042,0.10953125,0.1,0.0027837541,-0.0013102590944617987,3e-05,0.2754097878932953,,,,,,,,,,,,,,,,,,,,,,,,,,,,,
568320,244,172.8,62,6,4.538636207580566,-0.6621466755867005,0.618232011795044,917,0.5756506057083607,0.116171875,0.1,0.00230061,-0.0026940890774130822,3e-05,0.10782483965158463,,,,,,,,,,,,,,,,,,,,,,,,,,,,,
570880,248,175.71,72,7,4.49088716506958,-0.6536302971839905,0.8359926342964172,922,0.40547672763466835,0.111875,0.1,0.0029532374,-0.002150540268048644,3e-05,0.03521139174699783,,,,,,,,,,,,,,,,,,,,,,,,,,,,,
573440,247,169.58,82,8,4.729493141174316,-0.647785912156105,0.7075226306915283,927,1.0051969064772128,0.124375,0.1,0.0027172877,-0.001116779400035739,3e-05,0.2946172058582306,,,,,,,,,,,,,,,,,,,,,,,,,,,,,
576000,263,171.8,87,9,4.670525550842285,-0.6558216974139214,0.7786125540733337,929,0.6853428156115114,0.105859375,0.1,0.0031644101,0.002604614500887692,3e-05,0.36823219060897827,,,,,,,,,,,,,,,,,,,,,,,,,,,,,
578560,260,178.73,98,10,4.412468433380127,-0.6291329461336136,0.767829179763794,934,0.6351312178373337,0.10640625,0.1,0.0029959257,4.167688079178333e-05,3e-05,0.07975377142429352,,,,,,,,,,,,,,,,,,,,,,,,,,,,,
,,,,,,-0.6477888178825378,0.8408529758453369,939,0.47670960349962116,0.106015625,0.1,0.002330399,0.0003263396583497524,3e-05,0.12971533834934235,,,,,,,,,256000,0.96,5.482915632650256,0,149.14,2,56.60177029033633,2.7756058589747905,,,,,,,,,,,,,
,,,,,,,,,,,,,,,,,,,,,,,,256000,0.5,2.0363214190863075,1,215.7,2,105.70255436837844,6.638755117528439,,,,,,,,,,,,,
,,,,,,,,,,,,,,,,,,,,,,,,256000,,,,,2,,,0,115.2,0,0.96,0,0.96,0.5,0,0.6719999999999999,0.96,0.45999999999999996,6.75,0
581120,2564,181.62,0,1,4.4239678382873535,,,,,,,,,,,256000,8,320,8,2,3e-05,1,0.009,,,,,,,,,,,,,,,,,,,,,
583680,953,182.2,5,2,4.430774688720703,-0.6336201048559613,0.7958877086639404,941,0.6937308969597021,0.0935329861111111,0.1,0.0032681855,-6.638513877987862e-05,3e-05,0.8993439078330994,,,,,,,,,,,,,,,,,,,,,,,,,,,,,
586240,428,176.13,17,3,4.601409912109375,-0.6750792741775513,0.6939057111740112,946,0.6481433242559433,0.11125,0.1,0.0038451254,0.0007546612527221441,3e-05,0.4662436544895172,,,,,,,,,,,,,,,,,,,,,,,,,,,,,
588800,452,170.79,22,4,4.747013092041016,-0.593405464003163,0.6347213983535767,948,0.7919771428550443,0.08669354838709678,0.1,0.003067998,0.0007374750510338814,3e-05,0.6107872724533081,,,,,,,,,,,,,,,,,,,,,,,,,,,,,
591360,377,167.65,33,5,4.942656993865967,-0.6134215205907821,0.7069872617721558,953,0.7104331234842539,0.0921875,0.1,0.0018532999,-0.0013971292693167924,3e-05,0.4453810453414917,,,,,,,,,,,,,,,,,,,,,,,,,,,,,
593920,348,165.9,44,6,4.978484153747559,-0.6133522993326187,0.8361533880233765,958,0.48715081322938203,0.125078125,0.1,0.0044744504,-0.0018540692795068025,3e-05,0.09217176586389542,,,,,,,,,,,,,,,,,,,,,,,,,,,,,
596480,323,162.39,55,7,4.950727939605713,-0.6286021536588668,0.8567726612091064,963,0.5733566969260573,0.14203125,0.1,0.0025554388,0.00032556592486798763,3e-05,0.6189836263656616,,,,,,,,,,,,,,,,,,,,,,,,,,,,,
599040,305,157.42,66,8,5.221895694732666,-0.6023967805504798,0.8364037871360779,968,0.6035082391649484,0.1290625,0.1,0.002939785,-0.0008779528643935918,3e-05,0.3945794701576233,,,,,,,,,,,,,,,,,,,,,,,,,,,,,
601600,292,159.0,78,9,5.144598960876465,-0.5958303847908973,0.825201153755188,973,0.5935582967102527,0.093828125,0.1,0.0027918655,-0.000999617432244122,3e-05,0.16056279838085175,,,,,,,,,,,,,,,,,,,,,,,,,,,,,
604160,308,163.98,82,10,4.907963752746582,-0.6223732102662325,0.8446788787841797,975,0.5676697590388358,0.1611328125,0.1,0.0059039383,0.0035201401042286307,3e-05,0.081309013068676,,,,,,,,,,,,,,,,,,,,,,,,,,,,,
,,,,,,-0.6204157672919236,0.8557815551757812,979,0.7812437482855537,0.10836038961038962,0.1,0.0035354325,-0.00010139709217594815,3e-05,0.377706378698349,,,,,,,,,281600,0.91,5.123113378733397,0,159.92,2,68.50352983606028,3.1056458664542985,,,,,,,,,,,,,
,,,,,,,,,,,,,,,,,,,,,,,,281600,0.6,3.6267330445721746,1,193.32,2,105.31428013332284,6.021189602578532,,,,,,,,,,,,,
,,,,,,,,,,,,,,,,,,,,,,,,281600,,,,,2,,,0,115.2,0,0.91,0,0.91,0.6,0,0.6719999999999999,0.91,0.31000000000000005,6.75,0
606720,2636,169.6,0,1,4.709557056427002,,,,,,,,,,,281600,8,320,8,2,3e-05,1,0.009,,,,,,,,,,,,,,,,,,,,,
609280,1180,170.98,4,2,4.713640213012695,-0.6507001062234242,0.877824068069458,981,0.5402715012431145,0.12526041666666668,0.1,0.006800556,0.00274562764291962,3e-05,0.24735534191131592,,,,,,,,,,,,,,,,,,,,,,,,,,,,,
611840,499,169.72,15,3,4.7250447273254395,-0.6158894321322441,0.6694506406784058,986,0.909076987951994,0.087890625,0.1,0.0019899425,-0.0010324703250080348,3e-05,0.36353498697280884,,,,,,,,,,,,,,,,,,,,,,,,,,,,,
614400,390,176.81,26,4,4.501398086547852,-0.6494946390390396,0.7739706635475159,991,0.9141209547407925,0.145859375,0.1,0.0029040605,-0.00037288147024810314,3e-05,0.07347534596920013,,,,,,,,,,,,,,,,,,,,,,,,,,,,,
616960,349,185.43,36,5,4.237561225891113,-0.6285701010325183,0.8330885767936707,995,0.5780333993471649,0.13366866438356165,0.1,0.0044151843,0.00048366283411032534,3e-05,0.0734948217868805,,,,,,,,,,,,,,,,,,,,,,,,,,,,,
619520,312,183.21,49,6,4.321534633636475,-0.6221439152956009,0.7759836912155151,1000,0.8079238301469013,0.112734375,0.1,0.00199916,-0.0008282003924250603,3e-05,0.06479604542255402,,,,,,,,,,,,,,,,,,,,,,,,,,,,,
622080,287,177.72,62,7,4.625683784484863,-0.6118552044034005,0.6415786743164062,1005,1.0217866072058677,0.090390625,0.1,0.0018456479,-3.762479871511459e-05,3e-05,0.07985018193721771,,,,,,,,,,,,,,,,,,,,,,,,,,,,,
624640,280,172.03,73,8,4.712131977081299,-0.6123169067502022,0.5297445058822632,1010,1.3301158724725246,0.11,0.1,0.002387036,-0.0012518469337373971,3e-05,0.07391702383756638,,,,,,,,,,,,,,,,,,,,,,,,,,,,,
627200,301,163.46,76,9,5.138698101043701,-0.6257596948872441,0.643173336982727,1012,0.874458011077798,0.09918478260869565,0.1,0.0103204,0.003285923527310724,3e-05,0.2877911925315857,,,,,,,,,,,,,,,,,,,,,,,,,,,,,
629760,304,154.08,83,10,5.493273735046387,-0.5899737512364107,0.6397145986557007,1015,0.7855850282837363,0.09911151960784313,0.1,0.003610678,0.0012525877933584008,3e-05,0.4851965606212616,,,,,,,,,,,,,,,,,,,,,,,,,,,,,
,,,,,,-0.6020032976354871,0.6901469826698303,1018,0.6092775087980997,0.09207589285714286,0.1,0.010185832,0.0013045256824365684,3e-05,0.20990495383739471,,,,,,,,,307200,0.89,5.115656326115132,0,161.1,2,71.28036195194298,3.36432309295734,,,,,,,,,,,,,
,,,,,,,,,,,,,,,,,,,,,,,,307200,0.5,2.0257483150810005,1,218.85,2,103.93751728803224,6.434053225606878,,,,,,,,,,,,,
,,,,,,,,,,,,,,,,,,,,,,,,307200,,,,,2,,,0,115.2,0,0.89,0,0.89,0.5,0,0.6719999999999999,0.89,0.39,6.75,0
632320,2459,151.04,1,1,5.541867256164551,,,,,,,,,,,307200,8,320,8,2,3e-05,1,0.009,,,,,,,,,,,,,,,,,,,,,
634880,942,154.52,5,2,5.3776092529296875,-0.6579180720605349,0.8592735528945923,1020,0.4302162873117547,0.12150493421052631,0.1,0.004815388,0.0032072664287529492,3e-05,0.03947669267654419,,,,,,,,,,,,,,,,,,,,,,,,,,,,,
637440,435,156.52,17,3,5.278514862060547,-0.6421266525983811,0.8454553484916687,1025,0.47020670838654044,0.10953125,0.1,0.0029885443,-0.00040894582867622375,3e-05,0.11690738797187805,,,,,,,,,,,,,,,,,,,,,,,,,,,,,
640000,342,154.97,29,4,5.435122489929199,-0.605222609937191,0.8325748443603516,1030,0.7548258612304926,0.127734375,0.1,0.0050662197,-0.0010542373545467853,3e-05,0.0750153660774231,,,,,,,,,,,,,,,,,,,,,,,,,,,,,
642560,403,156.38,31,5,5.358393669128418,-0.5588535070419312,0.8294481039047241,1031,0.4227309947212537,0.1328125,0.1,0.0039525665,0.004300759484370549,3e-05,0.13731706142425537,,,,,,,,,,,,,,,,,,,,,,,,,,,,,
645120,339,157.42,45,6,5.289249420166016,-0.5906414118409157,0.8518280386924744,1036,0.6994642926007509,0.08578125,0.1,0.0015317826,-0.0005121535621583461,3e-05,0.415330708026886,,,,,,,,,,,,,,,,,,,,,,,,,,,,,
647680,308,152.81,58,7,5.4377121925354,-0.5982803881168366,0.7925642728805542,1041,0.9688866437971592,0.132109375,0.1,0.002295358,0.000896860770881176,3e-05,0.2553287446498871,,,,,,,,,,,,,,,,,,,,,,,,,,,,,
650240,294,152.33,69,8,5.4645676612854,-0.5926687395572663,0.8830375671386719,1046,0.6570661325752735,0.105546875,0.1,0.0039755795,-0.00016603014431893826,3e-05,0.049639590084552765,,,,,,,,,,,,,,,,,,,,,,,,,,,,,
652800,286,160.18,80,9,5.261093616485596,-0.6030525344610215,0.8654830455780029,1051,0.6033197817951441,0.117734375,0.1,0.003249639,-0.0006257261009886861,3e-05,0.33021190762519836,,,,,,,,,,,,,,,,,,,,,,,,,,,,,
655360,306,165.16,83,10,5.000231742858887,-0.6110262019293649,0.9120713472366333,1053,0.559374580071086,0.15215773809523808,0.1,0.016872201,0.005414019737924848,3e-05,0.1099189966917038,,,,,,,,,,,,,,,,,,,,,,,,,,,,,
,,,,,,-0.602973660454154,0.8990577459335327,1057,0.528534886543639,0.1358642578125,0.1,0.010420832,0.002843610302079469,3e-05,0.0694742500782013,,,,,,,,,332800,0.9,5.136853424627334,0,157.78,2,68.68516288107644,3.3435924163374464,,,,,,,,,,,,,
,,,,,,,,,,,,,,,,,,,,,,,,332800,0.56,2.8863955372571946,1,201.0,2,106.61275721038267,6.729193880124839,,,,,,,,,,,,,
,,,,,,,,,,,,,,,,,,,,,,,,332800,,,,,2,,,0,115.2,0,0.9,0,0.9,0.56,0,0.6719999999999999,0.9,0.33999999999999997,6.75,0
657920,2681,168.9,0,1,4.796002388000488,,,,,,,,,,,332800,8,320,8,2,3e-05,1,0.009,,,,,,,,,,,,,,,,,,,,,
660480,1191,168.1,4,2,4.858488082885742,-0.5803421234542673,0.8402539491653442,1059,0.8590106889605522,0.14488636363636365,0.1,0.008632105,0.002795018721371889,3e-05,0.26465466618537903,,,,,,,,,,,,,,,,,,,,,,,,,,,,,
663040,459,170.63,16,3,4.847712516784668,-0.5664385038614274,0.6237807273864746,1064,0.7985830458253622,0.107578125,0.1,0.0019885786,-4.815978463739157e-05,3e-05,0.25415903329849243,,,,,,,,,,,,,,,,,,,,,,,,,,,,,
665600,383,169.7,26,4,4.943435192108154,-0.5969781619310379,0.7785367369651794,1069,0.9779918624460697,0.125078125,0.1,0.0026356848,-0.0006963920127600431,3e-05,0.21881599724292755,,,,,,,,,,,,,,,,,,,,,,,,,,,,,
668160,334,165.16,38,5,5.083995819091797,-0.5563569569587707,0.7489649057388306,1074,0.9175509282946587,0.12140625,0.1,0.0023035181,-1.896984875202179e-05,3e-05,0.9081307053565979,,,,,,,,,,,,,,,,,,,,,,,,,,,,,
670720,371,159.45,41,6,5.266518592834473,-0.5785799386600653,0.8110946416854858,1076,0.7011385839432478,0.11328125,0.1,0.005273611,0.002653899951837957,3e-05,0.31623831391334534,,,,,,,,,,,,,,,,,,,,,,,,,,,,,
673280,346,157.29,51,7,5.303079605102539,-0.5625539144873619,0.7808656096458435,1081,0.7423810362070798,0.1028125,0.1,0.0024113369,-0.0006515047512948513,3e-05,0.31335532665252686,,,,,,,,,,,,,,,,,,,,,,,,,,,,,
675840,343,157.32,59,8,5.34768533706665,-0.5694707886261099,0.8437705636024475,1085,0.6834609755314887,0.13993566176470587,0.1,0.007148895,-0.0002342064947109012,3e-05,0.1884538233280182,,,,,,,,,,,,,,,,,,,,,,,,,,,,,
678400,318,164.47,72,9,5.1255011558532715,-0.5705774638056755,0.7963587045669556,1090,0.6867143868654967,0.113671875,0.1,0.0020464158,-0.00013289164751768113,3e-05,0.21023178100585938,,,,,,,,,,,,,,,,,,,,,,,,,,,,,
680960,344,160.67,74,10,5.202929496765137,-0.592540442943573,0.8647724986076355,1091,0.47513786809785025,0.16629464285714285,0.1,0.0063478905,0.005723704184804644,3e-05,0.3543631136417389,,,,,,,,,,,,,,,,,,,,,,,,,,,,,
,,,,,,-0.5633075481653214,0.7769482135772705,1096,0.7708111661672592,0.0953125,0.1,0.0024117136,-0.0006452645175158978,3e-05,1.0705398321151733,,,,,,,,,358400,0.85,5.372734892945736,0,159.37,2,76.65580930366596,3.210162648344448,,,,,,,,,,,,,
,,,,,,,,,,,,,,,,,,,,,,,,358400,0.58,3.696693794680759,1,193.56,2,108.55250526818807,5.969083655285937,,,,,,,,,,,,,
,,,,,,,,,,,,,,,,,,,,,,,,358400,,,,,2,,,0,115.2,0,0.85,0,0.85,0.58,0,0.6719999999999999,0.85,0.27,6.75,0
683520,2464,163.59,1,1,5.027484893798828,,,,,,,,,,,358400,8,320,8,2,3e-05,1,0.009,,,,,,,,,,,,,,,,,,,,,
686080,453,163.58,11,2,4.877285957336426,-0.5975575963907604,0.769925594329834,1100,0.555202995297275,0.1258900316455696,0.1,0.0032164846,-0.00024895440739921377,3e-05,0.22852161526679993,,,,,,,,,,,,,,,,,,,,,,,,,,,,,
688640,333,163.12,23,3,5.025915145874023,-0.5794823750853538,0.8169889450073242,1105,0.6886316596344113,0.120390625,0.1,0.003982499,0.0011216106358915567,3e-05,0.07695727795362473,,,,,,,,,,,,,,,,,,,,,,,,,,,,,
691200,323,170.47,31,4,4.677464485168457,-0.6156208726667589,0.8202763795852661,1110,0.4924560828154446,0.15129368279569894,0.1,0.0058152806,0.002462486946775067,3e-05,0.10343620181083679,,,,,,,,,,,,,,,,,,,,,,,,,,,,,
693760,364,173.41,35,5,4.598677158355713,-0.6339027668748584,0.9112129807472229,1112,0.4869658768709217,0.11272321428571429,0.1,0.0047021727,0.0011451875657907554,3e-05,0.056055616587400436,,,,,,,,,,,,,,,,,,,,,,,,,,,,,
696320,396,170.02,38,6,4.641613960266113,-0.6035884320735931,0.8701179027557373,1114,0.7106408686377108,0.131591796875,0.1,0.004381002,0.0016804480692371726,3e-05,0.31992724537849426,,,,,,,,,,,,,,,,,,,,,,,,,,,,,
698880,367,167.3,48,7,4.8155694007873535,-0.5877161508874048,0.7724173069000244,1118,0.9741589355317852,0.12321993670886076,0.1,0.0045651244,0.002104185403713697,3e-05,0.6017467975616455,,,,,,,,,,,,,,,,,,,,,,,,,,,,,
701440,364,166.42,56,8,4.769087314605713,-0.5898876425935261,0.8348397016525269,1122,0.6538945394776651,0.14190764925373134,0.1,0.0043796073,0.003685796139900809,3e-05,0.17493726313114166,,,,,,,,,,,,,,,,,,,,,,,,,,,,,
704000,342,167.67,67,9,4.723776340484619,-0.6334596192836761,0.7623230218887329,1127,0.8444043586403132,0.116484375,0.1,0.0029976596,-0.0006579477246850729,3e-05,0.1864398717880249,,,,,,,,,,,,,,,,,,,,,,,,,,,,,
706560,321,154.58,79,10,5.227199554443359,-0.601835033595562,0.8962332010269165,1132,0.562270137667656,0.095703125,0.1,0.0023891737,0.0004802767932415009,3e-05,0.37773019075393677,,,,,,,,,,,,,,,,,,,,,,,,,,,,,
,,,,,,-0.5609578162431716,0.7795836329460144,1137,0.6373571859300137,0.087109375,0.1,0.0029586726,-0.0001539792912080884,3e-05,0.19277097284793854,,,,,,,,,384000,0.87,4.646131841186434,0,171.8,2,78.37920642619444,3.4998303909392043,,,,,,,,,,,,,
,,,,,,,,,,,,,,,,,,,,,,,,384000,0.55,3.4859699592739344,1,200.09,2,109.35328938811122,5.737867998482533,,,,,,,,,,,,,
,,,,,,,,,,,,,,,,,,,,,,,,384000,,,,,2,,,0,115.2,0,0.87,0,0.87,0.55,0,0.6719999999999999,0.87,0.31999999999999995,6.75,0
709120,2659,154.27,0,1,5.231039047241211,,,,,,,,,,,384000,8,320,8,2,3e-05,1,0.009,,,,,,,,,,,,,,,,,,,,,
711680,416,148.27,12,2,5.53603458404541,-0.588075710881141,0.9180833101272583,1142,0.5843288829570176,0.12718413978494625,0.1,0.0041586333,0.0017432737895237502,3e-05,0.12558220326900482,,,,,,,,,,,,,,,,,,,,,,,,,,,,,
714240,316,151.14,24,3,5.376789093017578,-0.5616033002734184,0.7465688586235046,1147,0.810138917863369,0.101640625,0.1,0.0016302357,-0.001700196983292699,3e-05,0.30808863043785095,,,,,,,,,,,,,,,,,,,,,,,,,,,,,
716800,283,150.91,36,4,5.602565765380859,-0.5923351213335991,0.8716705441474915,1152,0.7614408586919308,0.111015625,0.1,0.0017454888,-0.0002437024936079979,3e-05,0.39805516600608826,,,,,,,,,,,,,,,,,,,,,,,,,,,,,
719360,277,149.33,46,5,5.754980087280273,-0.5771120119094849,0.89959317445755,1157,0.71900653809309,0.0953125,0.1,0.0022059323,-0.00047163892537355423,3e-05,0.36163702607154846,,,,,,,,,,,,,,,,,,,,,,,,,,,,,
721920,276,156.54,55,6,5.551628589630127,-0.5789338698983193,0.8868533372879028,1162,0.6778919513523579,0.0909375,0.1,0.001172101,-0.0009960568929091097,3e-05,0.14847932755947113,,,,,,,,,,,,,,,,,,,,,,,,,,,,,
724480,284,156.5,62,7,5.510335922241211,-0.5745412611192272,0.9475593566894531,1166,0.44963732794407874,0.11554939516129033,0.1,0.016168313,0.0014603949872957123,3e-05,0.12817080318927765,,,,,,,,,,,,,,,,,,,,,,,,,,,,,
727040,276,161.36,74,8,5.236731052398682,-0.5683656930923462,0.8754501342773438,1171,0.8143370340764523,0.116484375,0.1,0.0032591328,0.0009174457658082247,3e-05,0.26690423488616943,,,,,,,,,,,,,,,,,,,,,,,,,,,,,
729600,270,164.58,85,9,5.128665924072266,-0.572375285923481,0.8655537366867065,1176,0.8056939313933253,0.11734375,0.1,0.0022236381,-0.0008867616578936576,3e-05,0.29344624280929565,,,,,,,,,,,,,,,,,,,,,,,,,,,,,
732160,262,155.95,97,10,5.401727199554443,-0.5537162274122238,0.8435192108154297,1181,0.6974078331887722,0.10953125,0.1,0.0029439759,0.00021142184734344483,3e-05,1.36083984375,,,,,,,,,,,,,,,,,,,,,,,,,,,,,
,,,,,,-0.5545170673727989,0.6663199663162231,1186,1.1063772223889827,0.0853125,0.1,0.0024457932,-0.0005624703317880631,3e-05,0.47939440608024597,,,,,,,,,409600,0.91,5.219622494354844,0,159.15,2,68.32179374108968,2.899621822571021,,,,,,,,,,,,,
,,,,,,,,,,,,,,,,,,,,,,,,409600,0.52,2.271453869193792,1,212.94,2,105.5143421530931,6.536738274427199,,,,,,,,,,,,,
,,,,,,,,,,,,,,,,,,,,,,,,409600,,,,,2,,,0,115.2,0,0.91,0,0.91,0.52,0,0.6719999999999999,0.91,0.39,6.75,0
734720,2003,154.89,1,1,5.424614906311035,,,,,,,,,,,409600,8,320,8,2,3e-05,1,0.009,,,,,,,,,,,,,,,,,,,,,
737280,404,146.32,12,2,5.705448150634766,-0.5594110170006752,0.8779007792472839,1191,0.8355128694325685,0.1065625,0.1,0.002467617,-0.0016102138720452785,3e-05,0.30491915345191956,,,,,,,,,,,,,,,,,,,,,,,,,,,,,
739840,306,141.9,25,3,6.023806095123291,-0.5432935869693756,0.8329453468322754,1196,0.5763530262559652,0.123203125,0.1,0.0040892395,-0.0007058772910386324,3e-05,0.5330979228019714,,,,,,,,,,,,,,,,,,,,,,,,,,,,,
742400,263,140.06,38,4,6.184337615966797,-0.5303463128209114,0.8437172174453735,1201,0.6003303831070661,0.108515625,0.1,0.0021995823,0.0001927305804565549,3e-05,0.0892571359872818,,,,,,,,,,,,,,,,,,,,,,,,,,,,,
744960,261,145.17,48,5,5.974804878234863,-0.5463648882508277,0.8939340114593506,1206,0.5658818997070193,0.1053125,0.1,0.0028078246,0.0007041747774928809,3e-05,0.06387331336736679,,,,,,,,,,,,,,,,,,,,,,,,,,,,,
747520,251,144.42,61,6,6.032820224761963,-0.5313022676110267,0.9119558930397034,1211,0.523976305834949,0.093671875,0.1,0.0024909643,-7.0667453110218045e-06,3e-05,0.2689628601074219,,,,,,,,,,,,,,,,,,,,,,,,,,,,,
750080,244,143.58,73,7,6.061771869659424,-0.5116172263026237,0.882660448551178,1216,0.5712347087264061,0.103359375,0.1,0.0036502064,1.9527673721313477e-05,3e-05,0.2298966944217682,,,,,,,,,,,,,,,,,,,,,,,,,,,,,
752640,240,149.95,85,8,5.813640117645264,-0.5563736656308174,0.8704932928085327,1221,0.7035332381725311,0.078359375,0.1,0.0021118699,-0.0016771480347961187,3e-05,0.11618134379386902,,,,,,,,,,,,,,,,,,,,,,,,,,,,,
755200,249,156.79,92,9,5.571845054626465,-0.5696586040350107,0.9204257726669312,1225,0.7809999546752526,0.15120192307692307,0.1,0.009654656,0.0034689109557523175,3e-05,0.12075015902519226,,,,,,,,,,,,,,,,,,,,,,,,,,,,,
757760,251,151.75,101,10,5.6982293128967285,-0.5623650968074798,0.9272412657737732,1229,0.468931192557017,0.14604166666666665,0.1,0.0034823855,0.0014893502121170361,3e-05,0.056988559663295746,,,,,,,,,,,,,,,,,,,,,,,,,,,,,
,,,,,,-0.5414632666110992,0.8164602518081665,1234,0.8404557050764561,0.088984375,0.1,0.0020181458,-0.0002666965406388044,3e-05,0.49390286207199097,,,,,,,,,435200,0.89,4.997817832827568,0,163.32,2,74.64206320835459,3.3321344559560497,,,,,,,,,,,,,
,,,,,,,,,,,,,,,,,,,,,,,,435200,0.69,4.647475975304842,1,169.7,2,102.54418559820932,5.428213571575068,,,,,,,,,,,,,
,,,,,,,,,,,,,,,,,,,,,,,,435200,,,,,2,,,0,115.2,0,0.89,0,0.89,0.69,0,0.6719999999999999,0.89,0.20000000000000007,6.75,0
760320,2265,153.57,1,1,5.622919082641602,,,,,,,,,,,435200,8,320,8,2,3e-05,1,0.009,,,,,,,,,,,,,,,,,,,,,
762880,426,157.91,11,2,5.3485307693481445,-0.5785321295261383,0.9271761178970337,1239,0.6094734406471253,0.126171875,0.1,0.0030148462,0.0009257104620337487,3e-05,0.5258932113647461,,,,,,,,,,,,,,,,,,,,,,,,,,,,,
765440,322,159.93,23,3,5.176321029663086,-0.5547854575514793,0.918055534362793,1244,0.6281019756570458,0.149609375,0.1,0.0035462645,0.0016397907491773366,3e-05,0.19177678227424622,,,,,,,,,,,,,,,,,,,,,,,,,,,,,
768000,289,152.62,35,4,5.422924041748047,-0.563237473666668,0.8951581716537476,1249,0.6789571432024241,0.15953125,0.1,0.0048568235,0.003198943082243204,3e-05,0.5628531575202942,,,,,,,,,,,,,,,,,,,,,,,,,,,,,
770560,263,150.03,48,5,5.452432632446289,-0.5543869367241859,0.7421854734420776,1254,0.5053818621486426,0.08921875,0.1,0.0022415086,-0.000503568286076188,3e-05,0.26261720061302185,,,,,,,,,,,,,,,,,,,,,,,,,,,,,
773120,256,150.47,59,6,5.5643720626831055,-0.5662616920471192,0.932589054107666,1259,0.45921704314649103,0.11609375,0.1,0.0033098436,0.0005010977014899254,3e-05,0.03332633897662163,,,,,,,,,,,,,,,,,,,,,,,,,,,,,
775680,257,146.14,69,7,5.745941638946533,-0.5738943195343018,0.9033125638961792,1264,0.6886174643784762,0.1034375,0.1,0.0016764238,0.0009744445234537124,3e-05,0.47658389806747437,,,,,,,,,,,,,,,,,,,,,,,,,,,,,
778240,256,146.82,79,8,5.7090840339660645,-0.5920250543951988,0.9127219915390015,1269,0.8614497974887491,0.126015625,0.1,0.0029304153,0.0007084793224930763,3e-05,0.3404783010482788,,,,,,,,,,,,,,,,,,,,,,,,,,,,,
780800,253,147.54,90,9,5.716579437255859,-0.5899023909073371,0.7611150741577148,1273,0.9902288342838164,0.07396509740259741,0.1,0.0031890152,-0.0010279928055870067,3e-05,0.14835044741630554,,,,,,,,,,,,,,,,,,,,,,,,,,,,,
783360,253,154.98,101,10,5.441839218139648,-0.5746680635213852,0.8884144425392151,1278,0.9597914437949657,0.129609375,0.1,0.0029978235,0.0014628540351986886,3e-05,1.0895285606384277,,,,,,,,,,,,,,,,,,,,,,,,,,,,,
,,,,,,-0.5854766400236833,0.9349883198738098,1279,0.634377943057763,0.1278782894736842,0.1,0.0034483247,0.004029979684243077,3e-05,0.29370468854904175,,,,,,,,,460800,0.87,5.492026791376993,0,156.21,2,76.29669652088484,3.2246509637727083,,,,,,,,,,,,,
,,,,,,,,,,,,,,,,,,,,,,,,460800,0.67,4.481130966115743,1,170.69,2,105.27304450807908,6.245661851454338,,,,,,,,,,,,,
,,,,,,,,,,,,,,,,,,,,,,,,460800,,,,,2,,,0,115.2,0,0.87,0,0.87,0.67,0,0.6719999999999999,0.87,0.19999999999999996,6.75,0
785920,2787,156.92,0,1,5.374265193939209,,,,,,,,,,,460800,8,320,8,2,3e-05,1,0.009,,,,,,,,,,,,,,,,,,,,,
788480,340,154.16,15,2,5.485132217407227,-0.5630169230699539,0.83133465051651,1284,0.7088519372045994,0.09453125,0.1,0.0023614387,-0.0014636103622615337,3e-05,0.2519233822822571,,,,,,,,,,,,,,,,,,,,,,,,,,,,,
791040,382,153.22,20,3,5.423416614532471,-0.5373559536205398,0.9178428053855896,1286,0.6235985037767224,0.06966145833333333,0.1,0.002981306,2.4153372376329368e-05,3e-05,0.19369181990623474,,,,,,,,,,,,,,,,,,,,,,,,,,,,,
793600,341,156.31,30,4,5.3957390785217285,-0.5648878508806229,0.8968392014503479,1291,0.5890891997888684,0.09296875,0.1,0.0029390582,0.00014708620496094226,3e-05,0.22285552322864532,,,,,,,,,,,,,,,,,,,,,,,,,,,,,
796160,314,154.21,40,5,5.535977840423584,-0.5333666536211967,0.9289915561676025,1296,0.6816066590696573,0.114140625,0.1,0.0034915742,-0.0012471572309732436,3e-05,0.08000421524047852,,,,,,,,,,,,,,,,,,,,,,,,,,,,,
798720,288,153.22,53,6,5.552526950836182,-0.5507135635614395,0.8920671343803406,1301,0.7024958717823029,0.100859375,0.1,0.0033089954,-0.000677707577124238,3e-05,0.10081988573074341,,,,,,,,,,,,,,,,,,,,,,,,,,,,,
801280,294,153.28,60,7,5.614590644836426,-0.5482427060604096,0.9308736324310303,1305,0.7239445402072027,0.08870192307692308,0.1,0.0071693338,0.00042228632821486546,3e-05,0.46721068024635315,,,,,,,,,,,,,,,,,,,,,,,,,,,,,
803840,284,164.17,72,8,5.196983814239502,-0.5561578685045242,0.9212967157363892,1310,0.8000999314524233,0.118359375,0.1,0.0023004755,-0.0005453997943550348,3e-05,0.16366569697856903,,,,,,,,,,,,,,,,,,,,,,,,,,,,,
806400,288,163.74,79,9,5.190701961517334,-0.5748650497052727,0.9383562803268433,1315,0.6865148445727621,0.11118521341463415,0.1,0.012036367,0.0008883731689576696,3e-05,0.08052539825439453,,,,,,,,,,,,,,,,,,,,,,,,,,,,,
808960,276,154.69,92,10,5.5587921142578125,-0.5499558314681053,0.870465874671936,1320,1.3842253487557172,0.087890625,0.1,0.0024305785,-0.0008651246409863234,3e-05,0.9870737791061401,,,,,,,,,,,,,,,,,,,,,,,,,,,,,
,,,,,,-0.5546573204653603,0.9266597628593445,1322,0.7185366283570017,0.08839285714285715,0.1,0.003019326,0.0015745847885097776,3e-05,0.05466808006167412,,,,,,,,,486400,0.86,5.204672665297985,0,161.06,2,77.91313368104251,3.3783403624235624,,,,,,,,,,,,,
,,,,,,,,,,,,,,,,,,,,,,,,486400,0.53,3.030792674720287,1,204.48,2,109.685411974428,6.13442131016364,,,,,,,,,,,,,
,,,,,,,,,,,,,,,,,,,,,,,,486400,,,,,2,,,0,115.2,0,0.86,0,0.86,0.53,0,0.6719999999999999,0.86,0.32999999999999996,6.75,0
811520,2496,159.51,1,1,5.383726119995117,,,,,,,,,,,486400,8,320,8,2,3e-05,1,0.009,,,,,,,,,,,,,,,,,,,,,
814080,491,163.48,10,2,5.240346908569336,-0.5387332570552826,0.9358664751052856,1327,0.4535235193744302,0.126953125,0.1,0.0043952675,0.0019452917389571668,3e-05,0.5291346907615662,,,,,,,,,,,,,,,,,,,,,,,,,,,,,
816640,363,164.87,21,3,5.197016716003418,-0.5578497296571732,0.9152233004570007,1332,0.8999427534639836,0.12453125,0.1,0.0030779694,0.0015502265584655106,3e-05,0.871744692325592,,,,,,,,,,,,,,,,,,,,,,,,,,,,,
819200,299,151.17,34,4,5.757038593292236,-0.5311972722411156,0.837200939655304,1337,1.3274601800367236,0.10453125,0.1,0.002831497,-0.0009914397401735186,3e-05,0.03331580385565758,,,,,,,,,,,,,,,,,,,,,,,,,,,,,
821760,288,154.25,44,5,5.621095657348633,-0.5464511054754257,0.9147160053253174,1342,0.7635847480781376,0.1240625,0.1,0.002766688,-0.0005831456184387207,3e-05,0.32959693670272827,,,,,,,,,,,,,,,,,,,,,,,,,,,,,
824320,275,165.74,55,6,5.181293487548828,-0.5458644005656242,0.8691094517707825,1347,0.55709926687181,0.106796875,0.1,0.0020584567,-0.0004050823487341404,3e-05,0.1432439237833023,,,,,,,,,,,,,,,,,,,,,,,,,,,,,
826880,296,159.07,60,7,5.486809253692627,-0.5567488976215061,0.9350401759147644,1349,0.5834455078369692,0.125,0.1,0.004618135,0.0032921755735419297,3e-05,0.11217814683914185,,,,,,,,,,,,,,,,,,,,,,,,,,,,,
829440,282,157.15,72,8,5.505054473876953,-0.5372544747591018,0.8031818866729736,1354,0.8416881434619427,0.125078125,0.1,0.0024881433,-2.0172446966171265e-05,3e-05,0.11988566815853119,,,,,,,,,,,,,,,,,,,,,,,,,,,,,
832000,274,151.96,83,9,5.712646961212158,-0.5504782152175903,0.9236794114112854,1359,0.5448577002529055,0.1128125,0.1,0.0029657972,0.00045969863422214987,3e-05,0.34606972336769104,,,,,,,,,,,,,,,,,,,,,,,,,,,,,
834560,270,155.94,94,10,5.525719165802002,-0.5433924740552902,0.8615080118179321,1364,0.6765749968588353,0.08296875,0.1,0.001728797,-0.001124454354867339,3e-05,0.4828338623046875,,,,,,,,,,,,,,,,,,,,,,,,,,,,,
,,,,,,-0.5436006626486778,0.805159330368042,1369,1.2690679493546486,0.0890625,0.1,0.0020896816,-0.0014155199844390154,3e-05,0.8586229681968689,,,,,,,,,512000,0.91,5.4541729126870635,0,154.38,2,68.45024178189585,3.0248248124279007,,,,,,,,,,,,,
,,,,,,,,,,,,,,,,,,,,,,,,512000,0.53,3.127321788966656,1,203.79,2,110.11996140573244,6.03105348344793,,,,,,,,,,,,,
,,,,,,,,,,,,,,,,,,,,,,,,512000,,,,,2,,,0,115.2,0,0.91,0,0.91,0.53,0,0.6719999999999999,0.91,0.38,6.75,0
837120,2319,154.11,1,1,5.566912651062012,,,,,,,,,,,512000,8,320,8,2,3e-05,1,0.009,,,,,,,,,,,,,,,,,,,,,
839680,398,152.66,12,2,5.57205867767334,-0.5446690532565117,0.8878084421157837,1374,0.6613348808139563,0.1209375,0.1,0.0027791513,-0.00033371929079294203,3e-05,0.07873988151550293,,,,,,,,,,,,,,,,,,,,,,,,,,,,,
842240,316,156.92,24,3,5.42724609375,-0.5614699658751487,0.9345954060554504,1379,0.512814496550709,0.1384375,0.1,0.003324117,0.001410019528120756,3e-05,0.22983388602733612,,,,,,,,,,,,,,,,,,,,,,,,,,,,,
844800,293,151.99,34,4,5.608199596405029,-0.5285464382171631,0.9004653096199036,1384,0.8363563697598875,0.09734375,0.1,0.0030574189,0.00020639857277274132,3e-05,0.49741125106811523,,,,,,,,,,,,,,,,,,,,,,,,,,,,,
847360,276,157.35,46,5,5.27853536605835,-0.5498721700906753,0.8741683959960938,1389,1.048509903922677,0.095859375,0.1,0.0017425244,-3.6095548421144486e-06,3e-05,0.17026714980602264,,,,,,,,,,,,,,,,,,,,,,,,,,,,,
849920,268,161.51,57,6,5.060543537139893,-0.5490986266732216,0.8994476795196533,1394,0.7185404630377888,0.11703125,0.1,0.0030344469,-0.0005799333099275828,3e-05,0.7260943055152893,,,,,,,,,,,,,,,,,,,,,,,,,,,,,
852480,268,165.54,66,7,4.90880012512207,-0.5437500569224357,0.9248813390731812,1399,0.5695611931756139,0.099140625,0.1,0.001982159,-0.0006305547012016177,3e-05,0.09418246150016785,,,,,,,,,,,,,,,,,,,,,,,,,,,,,
855040,259,160.96,78,8,5.151936054229736,-0.5466813188791275,0.8876482844352722,1404,0.7710555112361908,0.085859375,0.1,0.0018523715,-0.0015558698866516352,3e-05,0.3061998784542084,,,,,,,,,,,,,,,,,,,,,,,,,,,,,
857600,254,161.78,90,9,5.187870502471924,-0.5507251888513565,0.9190047383308411,1409,0.5736899775266647,0.1046875,0.1,0.0024130107,-0.001265338147059083,3e-05,0.11405517905950546,,,,,,,,,,,,,,,,,,,,,,,,,,,,,
860160,247,160.67,103,10,5.288173675537109,-0.5589214903116226,0.9212933778762817,1414,0.47934258392080664,0.1278125,0.1,0.0028803945,0.0011749337334185839,3e-05,0.04880179464817047,,,,,,,,,,,,,,,,,,,,,,,,,,,,,
,,,,,,-0.5334522890694001,0.9133738875389099,1416,0.6514463759958744,0.11488970588235294,0.1,0.0050952253,6.778927191215403e-05,3e-05,0.09170250594615936,,,,,,,,,537600,0.9,5.88445534914732,0,148.79,2,68.9195610839187,2.8748733732562197,,,,,,,,,,,,,
,,,,,,,,,,,,,,,,,,,,,,,,537600,0.53,2.9691576270759104,1,204.64,2,109.37728466185288,6.130838764418115,,,,,,,,,,,,,
,,,,,,,,,,,,,,,,,,,,,,,,537600,,,,,2,,,0,115.2,0,0.9,0,0.9,0.53,0,0.6719999999999999,0.9,0.37,6.75,0
862720,2499,153.58,1,1,5.733004570007324,,,,,,,,,,,537600,8,320,8,2,3e-05,1,0.009,,,,,,,,,,,,,,,,,,,,,
865280,350,146.79,14,2,6.033235549926758,-0.5340784576535225,0.7562957406044006,1421,0.5112014769762755,0.111328125,0.1,0.0025195996,0.00020273853093385696,3e-05,0.2018919736146927,,,,,,,,,,,,,,,,,,,,,,,,,,,,,
867840,279,150.0,27,3,5.873732089996338,-0.554522191286087,0.9075736999511719,1426,0.5835887714847923,0.10953125,0.1,0.0022730497,-0.0005781596107408405,3e-05,0.08330708742141724,,,,,,,,,,,,,,,,,,,,,,,,,,,,,
870400,263,149.99,38,4,5.862232208251953,-0.5218557131290436,0.8572463393211365,1431,0.8271624494343996,0.087109375,0.1,0.002539005,-0.000737360492348671,3e-05,0.08203793317079544,,,,,,,,,,,,,,,,,,,,,,,,,,,,,
872960,247,150.22,51,5,5.85875129699707,-0.5013348233699798,0.890740156173706,1436,0.7274932114034891,0.0878125,0.1,0.0022926233,-0.0003455306589603424,3e-05,0.13209080696105957,,,,,,,,,,,,,,,,,,,,,,,,,,,,,
875520,284,153.76,54,6,5.7029571533203125,-0.5385709285736084,0.9191499948501587,1437,0.9330428216606379,0.1234375,0.1,0.0032897077,0.0014798479154706002,3e-05,0.06486063450574875,,,,,,,,,,,,,,,,,,,,,,,,,,,,,
878080,270,155.48,66,7,5.600619316101074,-0.5251594880223274,0.9247702956199646,1442,0.5673325693607331,0.101484375,0.1,0.0026633856,-0.0015883884904906154,3e-05,0.27432167530059814,,,,,,,,,,,,,,,,,,,,,,,,,,,,,
880640,263,161.73,77,8,5.481502056121826,-0.5375450587272644,0.8879812359809875,1447,0.9474311077035964,0.117578125,0.1,0.004108884,0.0005433364491909742,3e-05,0.8799630999565125,,,,,,,,,,,,,,,,,,,,,,,,,,,,,
883200,257,156.76,89,9,5.699597358703613,-0.5334453871846199,0.8985636234283447,1452,0.8486137919872999,0.12734375,0.1,0.003732122,0.001054717618972063,3e-05,0.0762302428483963,,,,,,,,,,,,,,,,,,,,,,,,,,,,,
885760,256,153.56,99,10,5.848637580871582,-0.5215976387262344,0.8757314682006836,1457,0.6622970893979072,0.101640625,0.1,0.001824288,0.00024995903484523294,3e-05,0.2974051237106323,,,,,,,,,,,,,,,,,,,,,,,,,,,,,
,,,,,,-0.5047207421064377,0.8704673051834106,1462,1.0068733020126819,0.09375,0.1,0.0023479217,6.268800236284732e-05,3e-05,0.4217971861362457,,,,,,,,,563200,0.9,5.85895956825465,0,150.23,2,72.07743821751713,3.0514123220302984,,,,,,,,,,,,,
,,,,,,,,,,,,,,,,,,,,,,,,563200,0.57,3.2041372116282583,1,193.09,2,111.18813740682953,6.877697243386729,,,,,,,,,,,,,
,,,,,,,,,,,,,,,,,,,,,,,,563200,,,,,2,,,0,115.2,0,0.9,0,0.9,0.57,0,0.6719999999999999,0.9,0.33000000000000007,6.75,0
888320,1815,149.0,1,1,6.0417938232421875,,,,,,,,,,,563200,8,320,8,2,3e-05,1,0.009,,,,,,,,,,,,,,,,,,,,,
890880,1092,150.79,4,2,5.9363322257995605,-0.5247957365853446,0.9032108187675476,1464,0.9374107253693399,0.10825892857142858,0.1,0.017777925,0.003204223123334703,3e-05,0.5188645124435425,,,,,,,,,,,,,,,,,,,,,,,,,,,,,
893440,536,159.66,14,3,5.587723255157471,-0.5253693497180939,0.8988900184631348,1469,0.8250931434542872,0.131015625,0.1,0.0029485885,0.0012048239726573228,3e-05,1.0934261083602905,,,,,,,,,,,,,,,,,,,,,,,,,,,,,
896000,420,150.42,24,4,5.886417865753174,-0.5395622209804815,0.7593939304351807,1474,1.4540003986983765,0.10794588414634146,0.1,0.014610568,4.828344212799537e-05,3e-05,0.07152517884969711,,,,,,,,,,,,,,,,,,,,,,,,,,,,,
898560,338,145.41,37,5,6.0924482345581055,-0.4912369859218597,0.39607298374176025,1479,1.2737034687399864,0.07921875,0.1,0.0021645098,-0.0014423112757503986,3e-05,1.1075443029403687,,,,,,,,,,,,,,,,,,,,,,,,,,,,,
901120,315,149.1,48,6,6.045318603515625,-0.5080885034799576,0.6606208682060242,1484,0.7627574424445629,0.10453125,0.1,0.0025080456,-0.00037814602721482517,3e-05,0.1701803058385849,,,,,,,,,,,,,,,,,,,,,,,,,,,,,
903680,292,137.38,61,7,6.4975714683532715,-0.5063742506504059,0.872434139251709,1489,0.5353981585800648,0.09875,0.1,0.0023183587,-0.0007879734598100186,3e-05,0.13034020364284515,,,,,,,,,,,,,,,,,,,,,,,,,,,,,
906240,277,135.47,73,8,6.554895401000977,-0.4950787177681923,0.8339411616325378,1494,0.6014420799911022,0.136875,0.1,0.0030368364,0.0010412137676030398,3e-05,0.05741356313228607,,,,,,,,,,,,,,,,,,,,,,,,,,,,,
908800,272,137.69,84,9,6.55078125,-0.4911129993200302,0.8989143967628479,1499,0.4017193645238876,0.09140625,0.1,0.0028189407,-0.00017826763913035394,3e-05,0.30251219868659973,,,,,,,,,,,,,,,,,,,,,,,,,,,,,
911360,264,146.22,96,10,6.1539716720581055,-0.46983410120010377,0.8956363797187805,1504,0.6711392813175917,0.099921875,0.1,0.0027050348,-0.0015905673895031214,3e-05,0.7607304453849792,,,,,,,,,,,,,,,,,,,,,,,,,,,,,
,,,,,,-0.5101474424203237,0.9362456798553467,1507,0.3920320407177011,0.10325520833333333,0.1,0.004004061,0.00019206267315894366,3e-05,0.35150012373924255,,,,,,,,,588800,0.92,6.122951026335358,0,143.69,2,67.93197995053582,2.915267329495851,,,,,,,,,,,,,
,,,,,,,,,,,,,,,,,,,,,,,,588800,0.63,4.568166615217924,1,181.01,2,107.22634890734648,5.6625087493805,,,,,,,,,,,,,
,,,,,,,,,,,,,,,,,,,,,,,,588800,,,,,2,,,0,115.2,0,0.92,0,0.92,0.63,0,0.6719999999999999,0.92,0.29000000000000004,6.75,0
913920,2421,155.25,1,1,5.779634475708008,,,,,,,,,,,588800,8,320,8,2,3e-05,1,0.009,,,,,,,,,,,,,,,,,,,,,
916480,333,152.52,15,2,5.770648956298828,-0.49432764112949373,0.8066221475601196,1512,0.6860250432789325,0.08625,0.1,0.0027296485,-0.0010593009972944855,3e-05,0.42258673906326294,,,,,,,,,,,,,,,,,,,,,,,,,,,,,
919040,422,156.24,18,3,5.606513023376465,-0.4981536090373993,0.8847343921661377,1513,0.6175684053450823,0.09375,0.1,0.002859509,0.0027995848562568427,3e-05,0.23202860355377197,,,,,,,,,,,,,,,,,,,,,,,,,,,,,
921600,482,153.31,21,4,5.657793998718262,-0.48251281465802875,0.9094424247741699,1515,0.581040368903251,0.13020833333333334,0.1,0.018511008,0.002135015491928373,3e-05,0.07390957325696945,,,,,,,,,,,,,,,,,,,,,,,,,,,,,
924160,400,153.53,31,5,5.548461437225342,-0.5020546182990074,0.8799256086349487,1520,1.0638495167717337,0.103125,0.1,0.003750272,0.00036480636335909364,3e-05,0.8485689759254456,,,,,,,,,,,,,,,,,,,,,,,,,,,,,
926720,347,148.5,44,6,5.826912879943848,-0.4887950271368027,0.9007066488265991,1525,0.7767209010571241,0.116171875,0.1,0.0031872143,0.00020757732912898063,3e-05,0.07127299904823303,,,,,,,,,,,,,,,,,,,,,,,,,,,,,
929280,316,145.51,56,7,5.946252822875977,-0.48821332335472106,0.8871634006500244,1530,0.9184815734624863,0.09953125,0.1,0.0021747088,-1.779475249350071e-05,3e-05,0.9157270193099976,,,,,,,,,,,,,,,,,,,,,,,,,,,,,
931840,294,143.6,69,8,6.067959785461426,-0.44934704154729843,0.7605735063552856,1535,1.7332853946089744,0.0690625,0.1,0.0012993722,-0.00109519780613482,3e-05,3.211036443710327,,,,,,,,,,,,,,,,,,,,,,,,,,,,,
934400,283,140.09,81,9,6.247079849243164,-0.4531594428420067,0.8636929988861084,1540,0.8478761325031519,0.092890625,0.1,0.0027868757,0.0002900330722332001,3e-05,0.08723071217536926,,,,,,,,,,,,,,,,,,,,,,,,,,,,,
936960,300,134.44,85,10,6.578239917755127,-0.4642600268125534,0.9174382090568542,1542,0.5564520864023103,0.09917534722222222,0.1,0.0040156827,0.0019556734866152206,3e-05,0.1356409639120102,,,,,,,,,,,,,,,,,,,,,,,,,,,,,
,,,,,,-0.4732666692137718,0.880196750164032,1547,0.6461238381266594,0.114921875,0.1,0.0034720984,-0.00036688419058918955,3e-05,0.27289924025535583,,,,,,,,,614400,0.88,6.348780238814652,0,142.62,2,73.77083163418995,2.9049422786822334,,,,,,,,,,,,,
,,,,,,,,,,,,,,,,,,,,,,,,614400,0.53,3.4018050593137743,1,202.27,2,111.52209243015486,6.145834292505532,,,,,,,,,,,,,
,,,,,,,,,,,,,,,,,,,,,,,,614400,,,,,2,,,0,115.2,0,0.88,0,0.88,0.53,0,0.6719999999999999,0.88,0.35,6.75,0
939520,2510,137.51,1,1,6.515417575836182,,,,,,,,,,,614400,8,320,8,2,3e-05,1,0.009,,,,,,,,,,,,,,,,,,,,,
942080,380,137.19,13,2,6.463543891906738,-0.46253048002719876,0.9193475842475891,1552,0.628307339027524,0.10796875,0.1,0.0026022543,0.0004668118059635162,3e-05,0.05925826355814934,,,,,,,,,,,,,,,,,,,,,,,,,,,,,
944640,414,141.36,18,3,6.385580539703369,-0.4402972979748503,0.9279032945632935,1555,0.5865946941553278,0.0789561170212766,0.1,0.0062102145,0.0008916133975094937,3e-05,0.871512234210968,,,,,,,,,,,,,,,,,,,,,,,,,,,,,
947200,344,144.65,29,4,6.323015213012695,-0.46548384249210356,0.9290707111358643,1560,0.4915207529067993,0.101796875,0.1,0.0022063996,-0.0005851894477382302,3e-05,0.1409892588853836,,,,,,,,,,,,,,,,,,,,,,,,,,,,,
949760,337,148.86,37,5,6.156376838684082,-0.5170798389350667,0.9265068769454956,1565,0.603653339603368,0.11323529411764706,0.1,0.006530891,0.0003597876276163494,3e-05,0.08560911566019058,,,,,,,,,,,,,,,,,,,,,,,,,,,,,
952320,367,156.59,41,6,5.828946590423584,-0.5060898158699274,0.9090196490287781,1567,0.7757204879017081,0.08447265625,0.1,0.0038685899,0.00022097601322457194,3e-05,0.10283758491277695,,,,,,,,,,,,,,,,,,,,,,,,,,,,,
954880,331,158.06,54,7,5.733636379241943,-0.49558224380016325,0.9178661704063416,1570,0.8402659878134727,0.10755208333333334,0.1,0.003431668,0.001692734146490693,3e-05,0.655764639377594,,,,,,,,,,,,,,,,,,,,,,,,,,,,,
957440,297,153.72,68,8,5.933123588562012,-0.4773121812939644,0.9247524738311768,1575,0.672470795661211,0.085625,0.1,0.0018580863,0.00041411285288631914,3e-05,0.07710758596658707,,,,,,,,,,,,,,,,,,,,,,,,,,,,,
960000,284,155.83,80,9,5.8172101974487305,-0.4809548101004432,0.8867234587669373,1580,0.7910380678141818,0.09797794117647059,0.1,0.006283222,-0.0012314988848041086,3e-05,0.05612670257687569,,,,,,,,,,,,,,,,,,,,,,,,,,,,,
962560,274,153.55,93,10,5.800226211547852,-0.5415596693754197,0.9295772910118103,1585,0.5472871168516577,0.1328125,0.1,0.0025055818,0.0004661630466580391,3e-05,0.3654673993587494,,,,,,,,,,,,,,,,,,,,,,,,,,,,,
,,,,,,-0.511745080947876,0.8703522682189941,1590,1.1212518709152937,0.081015625,0.1,0.0017016385,-0.0005091060604900121,3e-05,0.11139637231826782,,,,,,,,,640000,0.92,6.287499627768994,0,139.32,2,69.4228895970198,3.0945435643407277,,,,,,,,,,,,,
,,,,,,,,,,,,,,,,,,,,,,,,640000,0.46,2.986010779775679,1,217.92,2,112.54400739266394,5.795003426640521,,,,,,,,,,,,,
,,,,,,,,,,,,,,,,,,,,,,,,640000,,,,,2,,,0,115.2,0,0.92,0,0.92,0.46,0,0.6719999999999999,0.92,0.46,6.75,0
965120,2117,158.46,1,1,5.483625888824463,,,,,,,,,,,640000,8,320,8,2,3e-05,1,0.009,,,,,,,,,,,,,,,,,,,,,
967680,328,151.01,15,2,5.733980655670166,-0.503540413081646,0.9429991841316223,1595,0.5959158490598202,0.110390625,0.1,0.0029348177,0.0004325622413307428,3e-05,0.3843315839767456,,,,,,,,,,,,,,,,,,,,,,,,,,,,,
970240,258,155.36,29,3,5.53223991394043,-0.487096771299839,0.8651624917984009,1600,1.0258756113052367,0.101875,0.1,0.0028379643,-0.0009060863079503179,3e-05,0.09144958853721619,,,,,,,,,,,,,,,,,,,,,,,,,,,,,
972800,236,154.82,43,4,5.5586934089660645,-0.5065848904848099,0.9267821907997131,1605,0.7464606909733266,0.108671875,0.1,0.0025370675,0.0005002788593992591,3e-05,0.4780883491039276,,,,,,,,,,,,,,,,,,,,,,,,,,,,,
975360,215,156.63,59,5,5.426242828369141,-0.4905049055814743,0.908200740814209,1610,0.5786991627514362,0.0878125,0.1,0.0025931136,-0.002106024567037821,3e-05,0.3016800284385681,,,,,,,,,,,,,,,,,,,,,,,,,,,,,
977920,210,157.91,73,6,5.383749485015869,-0.48544637799263,0.9138121604919434,1615,0.5931239047646523,0.118203125,0.1,0.0034426204,-0.0015987722110003234,3e-05,0.15018996596336365,,,,,,,,,,,,,,,,,,,,,,,,,,,,,
980480,205,158.16,87,7,5.457642078399658,-0.5123065209388733,0.924155056476593,1620,0.7583870935253799,0.08828125,0.1,0.0024556478,-0.0014386740513145924,3e-05,0.2519973814487457,,,,,,,,,,,,,,,,,,,,,,,,,,,,,
983040,204,158.63,100,8,5.480951309204102,-0.49000371783971786,0.9240755438804626,1625,0.6464716296643018,0.08765625,0.1,0.004015411,0.0001477672625333071,3e-05,0.5559598803520203,,,,,,,,,,,,,,,,,,,,,,,,,,,,,
985600,201,160.63,114,9,5.443350791931152,-0.4812294629216194,0.8988157510757446,1630,0.833585198149085,0.09046875,0.1,0.0018103092,9.036012925207614e-06,3e-05,0.08650924265384674,,,,,,,,,,,,,,,,,,,,,,,,,,,,,
988160,205,155.79,124,10,5.632796764373779,-0.47401026165799093,0.9177848696708679,1634,0.6620796710546863,0.111328125,0.1,0.0040386473,0.0012893393684766795,3e-05,0.18752014636993408,,,,,,,,,,,,,,,,,,,,,,,,,,,,,
,,,,,,-0.4724591064453125,0.7506024241447449,1639,1.37831067815423,0.105390625,0.1,0.0020390488,-0.0009487631311640144,3e-05,0.188401997089386,,,,,,,,,665600,0.93,6.1039042660593985,0,142.37,2,66.13753170477412,2.984161597852573,,,,,,,,,,,,,
,,,,,,,,,,,,,,,,,,,,,,,,665600,0.49,2.5879482593759895,1,211.49,2,111.99361544302425,6.730437572894109,,,,,,,,,,,,,
,,,,,,,,,,,,,,,,,,,,,,,,665600,,,,,2,,,0,115.2,0,0.93,0,0.93,0.49,0,0.6719999999999999,0.93,0.44000000000000006,6.75,0
990720,1909,155.99,1,1,5.589317798614502,,,,,,,,,,,665600,8,320,8,2,3e-05,1,0.009,,,,,,,,,,,,,,,,,,,,,
993280,378,154.34,13,2,5.640613555908203,-0.5163074672222138,0.8912220597267151,1644,0.7818475322797894,0.1009375,0.1,0.0026795198,-0.0003144827764481306,3e-05,0.3780581057071686,,,,,,,,,,,,,,,,,,,,,,,,,,,,,
995840,278,148.74,27,3,5.8710150718688965,-0.4631160140037537,0.8846692442893982,1649,0.8685716205695644,0.109375,0.1,0.0030583523,-0.0006701931403949857,3e-05,1.2052631378173828,,,,,,,,,,,,,,,,,,,,,,,,,,,,,
998400,270,149.54,37,4,5.768316268920898,-0.5240569486067845,0.8521950244903564,1653,1.1720283877391082,0.09471153846153846,0.1,0.0050633913,0.00045952960275686707,3e-05,1.6781141757965088,,,,,,,,,,,,,,,,,,,,,,,,,,,,,
1000960,243,150.4,52,5,5.7738776206970215,-0.504156049489975,0.9043031334877014,1658,0.5116642103344202,0.098046875,0.1,0.0024159406,-0.000676943426951766,3e-05,0.09408821910619736,,,,,,,,,,,,,,,,,,,,,,,,,,,,,
1003520,281,153.08,54,6,5.509677886962891,-0.5187060733636221,0.9263157844543457,1659,0.8703214724858602,0.107421875,0.1,0.0036319878,0.0026962396999200187,3e-05,0.6126950979232788,,,,,,,,,,,,,,,,,,,,,,,,,,,,,
1006080,311,154.34,57,7,5.548222064971924,-0.5149552183491843,0.8475522994995117,1660,0.8561559596232006,0.09542410714285714,0.1,0.0037102222,0.001987484815929617,3e-05,0.7503490447998047,,,,,,,,,,,,,,,,,,,,,,,,,,,,,
1008640,316,159.27,64,8,5.402729511260986,-0.519824669082114,0.9050779342651367,1663,0.8522115096132806,0.08726728723404255,0.1,0.0055786483,0.0013908561953204744,3e-05,0.5754117965698242,,,,,,,,,,,,,,,,,,,,,,,,,,,,,
1011200,289,159.44,79,9,5.3543853759765625,-0.537480189204216,0.9207665324211121,1668,0.8102060700580478,0.12140625,0.1,0.004022685,0.0002954789064824581,3e-05,0.24700503051280975,,,,,,,,,,,,,,,,,,,,,,,,,,,,,
1013760,267,162.36,95,10,5.26153564453125,-0.5235449695587158,0.7926779985427856,1673,1.1788407002389432,0.09734375,0.1,0.0025513854,-0.0010947306919842957,3e-05,1.4026412963867188,,,,,,,,,,,,,,,,,,,,,,,,,,,,,
,,,,,,-0.5145392176508904,0.9220395684242249,1678,0.7600155889801681,0.105703125,0.1,0.0028198594,0.0005691626109182834,3e-05,0.31418636441230774,,,,,,,,,691200,0.86,5.694608533084392,0,155.8,2,73.4962584081666,2.8204800687960128,,,,,,,,,,,,,
,,,,,,,,,,,,,,,,,,,,,,,,691200,0.63,4.6110649199411275,1,181.93,2,106.7640627739503,4.87964395024787,,,,,,,,,,,,,
,,,,,,,,,,,,,,,,,,,,,,,,691200,,,,,2,,,0,115.2,0,0.86,0,0.86,0.63,0,0.6719999999999999,0.86,0.22999999999999998,6.75,0
1016320,1946,160.25,1,1,5.423980712890625,,,,,,,,,,,691200,8,320,8,2,3e-05,1,0.009,,,,,,,,,,,,,,,,,,,,,
1018880,348,157.98,14,2,5.586679458618164,-0.5532206663489342,0.907057523727417,1683,0.586329630240798,0.098046875,0.1,0.0026823727,0.00012181798927485943,3e-05,0.32810038328170776,,,,,,,,,,,,,,,,,,,,,,,,,,,,,
1021440,382,156.96,20,3,5.604341983795166,-0.5509230888658955,0.9113177061080933,1685,0.627194118265423,0.0829133064516129,0.1,0.0044006277,0.0027637164138497846,3e-05,0.014140879735350609,,,,,,,,,,,,,,,,,,,,,,,,,,,,,
1024000,309,155.71,33,4,5.685605525970459,-0.5515773230791092,0.8994323015213013,1690,0.8157603584416211,0.117578125,0.1,0.002803545,-0.0002917937282472849,3e-05,0.0036243638023734093,,,,,,,,,,,,,,,,,,,,,,,,,,,,,
1026560,271,154.52,47,5,5.824000835418701,-0.533205708861351,0.9244300127029419,1695,0.5505528675764799,0.105703125,0.1,0.0033411724,0.0006302000768482686,3e-05,0.3145320415496826,,,,,,,,,,,,,,,,,,,,,,,,,,,,,
1029120,254,154.24,60,6,5.827511787414551,-0.5137428548932076,0.8542234897613525,1700,1.0211346326768398,0.098828125,0.1,0.003176113,-0.00016029927879571915,3e-05,0.3221025764942169,,,,,,,,,,,,,,,,,,,,,,,,,,,,,
1031680,239,151.8,74,7,5.824234485626221,-0.5322968330979347,0.8321255445480347,1705,0.7297269043326378,0.117421875,0.1,0.002007109,0.0009265082515776158,3e-05,0.24585270881652832,,,,,,,,,,,,,,,,,,,,,,,,,,,,,
1034240,228,143.37,89,8,6.1158342361450195,-0.5213600364327431,0.855617344379425,1710,0.8943938691169023,0.118828125,0.1,0.0034134104,-0.0005201971344649792,3e-05,0.15157125890254974,,,,,,,,,,,,,,,,,,,,,,,,,,,,,
1036800,225,151.97,102,9,5.84126091003418,-0.49863585889339446,0.8075604438781738,1715,0.8611243019253015,0.093203125,0.1,0.0020165117,-0.0008666003961116075,3e-05,0.4002513587474823,,,,,,,,,,,,,,,,,,,,,,,,,,,,,
1039360,236,150.92,108,10,5.819143772125244,-0.48400650664073663,0.9318103790283203,1718,0.6936704828971769,0.09641768292682927,0.1,0.015609786,0.002447395608192537,3e-05,0.15440328419208527,,,,,,,,,,,,,,,,,,,,,,,,,,,,,
,,,,,,-0.4990847843885422,0.8950358033180237,1723,0.9655089267529547,0.118359375,0.1,0.0035098852,0.001803945628926158,3e-05,0.3291381001472473,,,,,,,,,716800,0.83,5.390688133537769,0,163.68,2,82.43262460943482,3.252063644787491,,,,,,,,,,,,,
,,,,,,,,,,,,,,,,,,,,,,,,716800,0.65,4.313591359704733,1,176.15,2,106.74936767962609,5.916579044090828,,,,,,,,,,,,,
,,,,,,,,,,,,,,,,,,,,,,,,716800,,,,,2,,,0,115.2,0,0.83,0,0.83,0.65,0,0.6719999999999999,0.83,0.17999999999999994,6.75,0
1041920,1953,151.18,1,1,5.745824813842773,,,,,,,,,,,716800,8,320,8,2,3e-05,1,0.009,,,,,,,,,,,,,,,,,,,,,
1044480,323,149.66,15,2,5.825908660888672,-0.5001438611745834,0.8820582032203674,1728,1.0369125458970665,0.11375,0.1,0.002341024,-0.0005181695846840739,3e-05,0.3912801444530487,,,,,,,,,,,,,,,,,,,,,,,,,,,,,
1047040,319,152.5,24,3,5.796884059906006,-0.5041910669317952,0.8295199275016785,1731,1.4651881105921887,0.10778356481481481,0.1,0.0050442694,0.00241944730212843,3e-05,0.9464036226272583,,,,,,,,,,,,,,,,,,,,,,,,,,,,,
1049600,271,159.71,37,4,5.4986066818237305,-0.5078235226869583,0.8912354707717896,1736,1.1057876003719866,0.098828125,0.1,0.0046840655,0.0019611391378566625,3e-05,0.3405130207538605,,,,,,,,,,,,,,,,,,,,,,,,,,,,,
1052160,255,153.35,50,5,5.713062763214111,-0.5071980440616608,0.9375938177108765,1741,0.6392292001331225,0.1125,0.1,0.0034831702,0.0009805036522448063,3e-05,0.19102245569229126,,,,,,,,,,,,,,,,,,,,,,,,,,,,,
1054720,237,148.66,64,6,5.8110151290893555,-0.5002406561374664,0.8058041334152222,1746,0.9202660883963109,0.11140625,0.1,0.0030427526,-0.0005912452843040228,3e-05,0.08835451304912567,,,,,,,,,,,,,,,,,,,,,,,,,,,,,
1057280,240,149.97,74,7,5.755466461181641,-0.5031684342967836,0.8948515057563782,1750,0.5616109666267508,0.12181332236842106,0.1,0.004652242,-0.00013722934588593873,3e-05,0.19996485114097595,,,,,,,,,,,,,,,,,,,,,,,,,,,,,
1059840,233,148.72,87,8,5.8512420654296875,-0.48340964019298555,0.8456909656524658,1755,1.1194454744830729,0.113828125,0.1,0.004191814,0.0018309195153415204,3e-05,0.2403676062822342,,,,,,,,,,,,,,,,,,,,,,,,,,,,,
1062400,225,145.72,102,9,5.998045444488525,-0.47982893586158754,0.862048864364624,1760,1.021366843432188,0.0940625,0.1,0.003566383,-0.0005170186841860413,3e-05,0.1237652376294136,,,,,,,,,,,,,,,,,,,,,,,,,,,,,
1064960,220,142.53,115,10,6.046741485595703,-0.4880154687166214,0.8695260882377625,1765,0.8343923027068376,0.086171875,0.1,0.0017629045,-0.00012633330188691617,3e-05,0.41117894649505615,,,,,,,,,,,,,,,,,,,,,,,,,,,,,
,,,,,,-0.5443247990174727,0.8661693930625916,1767,0.830230405384844,0.07694128787878787,0.1,0.004242247,0.0012937155693317904,3e-05,1.204535722732544,,,,,,,,,742400,0.9,6.064567639194429,0,145.24,2,74.4642357108431,3.1614223533118926,,,,,,,,,,,,,
,,,,,,,,,,,,,,,,,,,,,,,,742400,0.67,5.418296244069934,1,169.91,2,106.3037247701133,4.5311354518268665,,,,,,,,,,,,,
,,,,,,,,,,,,,,,,,,,,,,,,742400,,,,,2,,,0,115.2,0,0.9,0,0.9,0.67,0,0.6719999999999999,0.9,0.22999999999999998,6.75,0
1067520,1935,144.77,1,1,6.004737377166748,,,,,,,,,,,742400,8,320,8,2,3e-05,1,0.009,,,,,,,,,,,,,,,,,,,,,
1070080,393,147.12,13,2,5.977006912231445,-0.5056425518459744,0.896755576133728,1772,0.8113623459202548,0.11796875,0.1,0.0051899157,0.000657802163105872,3e-05,0.007531113922595978,,,,,,,,,,,,,,,,,,,,,,,,,,,,,
1072640,304,153.77,25,3,5.643856048583984,-0.5131886905431747,0.8697679042816162,1777,0.7878314226493239,0.084296875,0.1,0.0015404423,-0.0010171953216195106,3e-05,0.8139994740486145,,,,,,,,,,,,,,,,,,,,,,,,,,,,,
1075200,265,153.86,38,4,5.536468982696533,-0.5044387510418892,0.8846851587295532,1782,0.8998174842447042,0.1015625,0.1,0.0025070393,0.0013052421947941184,3e-05,0.18862468004226685,,,,,,,,,,,,,,,,,,,,,,,,,,,,,
1077760,245,158.4,52,5,5.442396640777588,-0.5202674221992493,0.8829747438430786,1787,0.9634461571555585,0.12625,0.1,0.0032983911,-0.00047074753791093827,3e-05,0.2515701651573181,,,,,,,,,,,,,,,,,,,,,,,,,,,,,
1080320,232,155.85,66,6,5.541072845458984,-0.48528590470552446,0.8625001907348633,1792,0.8108816336467862,0.079921875,0.1,0.0012260509,-0.0003328015189617872,3e-05,0.7608907222747803,,,,,,,,,,,,,,,,,,,,,,,,,,,,,
1082880,225,159.43,79,7,5.522060394287109,-0.49980729579925537,0.8298220634460449,1797,0.9562740183621645,0.100546875,0.1,0.003785266,-0.00020369093865156175,3e-05,0.24885912239551544,,,,,,,,,,,,,,,,,,,,,,,,,,,,,
1085440,225,161.19,90,8,5.439671039581299,-0.5025885255857446,0.8450621962547302,1802,1.0627794499541152,0.09437859195402298,0.1,0.0062684095,-0.0012105150876202803,3e-05,0.11483374238014221,,,,,,,,,,,,,,,,,,,,,,,,,,,,,
1088000,232,150.31,99,9,6.027496814727783,-0.4689542509741702,0.8389484286308289,1805,1.1023945611412242,0.125,0.1,0.005484339,0.0014718316211286238,3e-05,0.3573280870914459,,,,,,,,,,,,,,,,,,,,,,,,,,,,,
1090560,224,148.74,113,10,6.051889419555664,-0.49746634930372235,0.7260798215866089,1810,1.5522470232844352,0.07765625,0.1,0.0013506275,-0.0013845210382714868,3e-05,0.5407570600509644,,,,,,,,,,,,,,,,,,,,,,,,,,,,,
,,,,,,-0.48056147336959837,0.8326403498649597,1815,1.153807498961687,0.08484375,0.1,0.0023281134,-0.002382580079138279,3e-05,0.061625901609659195,,,,,,,,,768000,0.93,6.076990318596363,0,142.99,2,68.07326861551456,3.05803050733753,,,,,,,,,,,,,
,,,,,,,,,,,,,,,,,,,,,,,,768000,0.58,3.975985903814435,1,188.09,2,112.9845206211895,6.133292989409077,,,,,,,,,,,,,
,,,,,,,,,,,,,,,,,,,,,,,,768000,,,,,2,,,0,115.2,0,0.93,0,0.93,0.58,0,0.6719999999999999,0.93,0.3500000000000001,6.75,0
1093120,2233,149.02,1,1,6.00008487701416,,,,,,,,,,,768000,8,320,8,2,3e-05,1,0.009,,,,,,,,,,,,,,,,,,,,,
1095680,463,149.62,11,2,5.983872890472412,-0.4811671803656377,0.8279130458831787,1819,1.2051062464321916,0.08943256578947369,0.1,0.0032313003,0.0005177036295399854,3e-05,0.10760926455259323,,,,,,,,,,,,,,,,,,,,,,,,,,,,,
1098240,311,146.68,24,3,6.049625396728516,-0.46643598020076754,0.8626835346221924,1824,0.8205444307811558,0.08921875,0.1,0.0035841416,-0.0004624130483716726,3e-05,0.07063056528568268,,,,,,,,,,,,,,,,,,,,,,,,,,,,,
1100800,262,147.32,38,4,6.072832107543945,-0.4792651090025902,0.8760944604873657,1829,0.8733558334130794,0.095859375,0.1,0.0025055476,-0.000989127391949296,3e-05,-0.002947320695966482,,,,,,,,,,,,,,,,,,,,,,,,,,,,,
1103360,242,152.45,52,5,5.77706241607666,-0.469870947599411,0.8498935699462891,1834,1.0542884705960751,0.0915625,0.1,0.001148518,-0.00044084735214710235,3e-05,1.8679511547088623,,,,,,,,,,,,,,,,,,,,,,,,,,,,,
1105920,250,155.56,61,6,5.712390899658203,-0.47803746740664205,0.8704049587249756,1838,0.7954177941766477,0.09337197580645161,0.1,0.011712404,0.000646187232867364,3e-05,0.20389345288276672,,,,,,,,,,,,,,,,,,,,,,,,,,,,,
1108480,248,150.24,72,7,5.949124336242676,-0.4489028103649616,0.883704662322998,1842,0.5761483305133879,0.1087890625,0.1,0.0032944772,0.00030817800434306263,3e-05,0.7082101106643677,,,,,,,,,,,,,,,,,,,,,,,,,,,,,
1111040,238,150.82,85,8,6.009238243103027,-0.4542416995763779,0.7272768616676331,1847,0.9679983080923558,0.10125,0.1,0.0024806848,-0.0026865485031157734,3e-05,0.3489239811897278,,,,,,,,,,,,,,,,,,,,,,,,,,,,,
1113600,249,150.34,92,9,6.007653713226318,-0.4294701488245101,0.8936312794685364,1850,0.5859310213653814,0.08835565476190477,0.1,0.010619049,0.004279678887022393,3e-05,0.4802536964416504,,,,,,,,,,,,,,,,,,,,,,,,,,,,,
1116160,242,151.17,105,10,5.990790367126465,-0.44201650023460387,0.8710027933120728,1855,0.570142789632082,0.0796875,0.1,0.0024820112,0.00022120291367173196,3e-05,0.1467730551958084,,,,,,,,,,,,,,,,,,,,,,,,,,,,,
,,,,,,-0.46205094426870347,0.9057717323303223,1860,0.48859452283009885,0.113203125,0.1,0.0024413825,-0.00011991513893008232,3e-05,0.3154718279838562,,,,,,,,,793600,0.9,6.410428644651547,0,140.29,2,73.55818037444918,2.9676128233288392,,,,,,,,,,,,,
,,,,,,,,,,,,,,,,,,,,,,,,793600,0.55,3.867029274404049,1,196.32,2,112.50074488642286,5.831000049014431,,,,,,,,,,,,,
,,,,,,,,,,,,,,,,,,,,,,,,793600,,,,,2,,,0,115.2,0,0.9,0,0.9,0.55,0,0.6719999999999999,0.9,0.35,6.75,0
1118720,1870,156.18,1,1,5.944716930389404,,,,,,,,,,,793600,8,320,8,2,3e-05,1,0.009,,,,,,,,,,,,,,,,,,,,,
1121280,374,151.55,13,2,6.037126064300537,-0.4622538125514984,0.9239552617073059,1865,0.4123294702917337,0.098125,0.1,0.0035233765,-0.0004598235432058573,3e-05,0.15958820283412933,,,,,,,,,,,,,,,,,,,,,,,,,,,,,
1123840,272,152.36,28,3,6.068467617034912,-0.4495562756061554,0.8592737913131714,1870,0.7836298276484013,0.09578125,0.1,0.0021522914,0.0011008726432919502,3e-05,0.2904489040374756,,,,,,,,,,,,,,,,,,,,,,,,,,,,,
1126400,259,153.16,39,4,6.013957500457764,-0.46410587752187576,0.8755952715873718,1874,0.5503410972856186,0.10451858108108109,0.1,0.0040644994,0.0017525783639300513,3e-05,0.2550481855869293,,,,,,,,,,,,,,,,,,,,,,,,,,,,,
1128960,239,143.43,53,5,6.383893966674805,-0.4919727572798729,0.9181240797042847,1879,0.4249824417382479,0.12390625,0.1,0.00506944,-0.00045748102944344283,3e-05,0.072622150182724,,,,,,,,,,,,,,,,,,,,,,,,,,,,,
1131520,225,140.87,68,6,6.467779159545898,-0.4684376433491707,0.7087123394012451,1884,0.5137137251347303,0.0940625,0.1,0.0022693253,-0.0005363477766513825,3e-05,0.24034664034843445,,,,,,,,,,,,,,,,,,,,,,,,,,,,,
1134080,252,140.98,70,7,6.460904598236084,-0.480985830227534,0.8676266074180603,1885,0.9237348549067974,0.07877604166666667,0.1,0.0029891345,0.00452742128012081,3e-05,0.15795280039310455,,,,,,,,,,,,,,,,,,,,,,,,,,,,,
1136640,252,141.49,81,8,6.4824700355529785,-0.4601613279522919,0.9110583662986755,1890,0.5349892122534717,0.09165396341463415,0.1,0.019751573,0.001089461670234436,3e-05,0.3487547039985657,,,,,,,,,,,,,,,,,,,,,,,,,,,,,
1139200,250,148.56,92,9,6.134023666381836,-0.5221595686674118,0.8723669648170471,1895,0.924860245063901,0.105234375,0.1,0.0031173157,-0.0016525742039084435,3e-05,0.5190393924713135,,,,,,,,,,,,,,,,,,,,,,,,,,,,,
1141760,260,143.28,98,10,6.272827625274658,-0.5491938772724896,0.912695586681366,1898,0.8201088066349124,0.1169969512195122,0.1,0.022802217,0.0006823772337378525,3e-05,0.0910758525133133,,,,,,,,,,,,,,,,,,,,,,,,,,,,,
,,,,,,-0.5071796655654908,0.8583621382713318,1903,1.102975875325501,0.0890625,0.1,0.0020754714,-0.0006953413411974907,3e-05,0.5456435084342957,,,,,,,,,819200,0.96,6.698804736733437,0,129.43,2,55.400046028861745,2.480792921620163,,,,,,,,,,,,,
,,,,,,,,,,,,,,,,,,,,,,,,819200,0.66,5.4898616774752735,1,169.77,2,108.40672073261878,4.698458858405564,,,,,,,,,,,,,
,,,,,,,,,,,,,,,,,,,,,,,,819200,,,,,2,,,0,115.2,0,0.96,0,0.96,0.66,0,0.6719999999999999,0.96,0.29999999999999993,6.75,0
1144320,2025,148.47,1,1,6.031520843505859,,,,,,,,,,,819200,8,320,8,2,3e-05,1,0.009,,,,,,,,,,,,,,,,,,,,,
1146880,313,148.29,16,2,6.027179718017578,-0.4987531000375748,0.8478548526763916,1908,0.8461204224824905,0.08921875,0.1,0.002515572,-0.0014831569092348218,3e-05,0.25569474697113037,,,,,,,,,,,,,,,,,,,,,,,,,,,,,
1149440,259,142.23,29,3,6.1725335121154785,-0.47743115812540055,0.8892054557800293,1913,0.8769535342603922,0.08640625,0.1,0.0025582344,-0.002412538593634963,3e-05,0.07915529608726501,,,,,,,,,,,,,,,,,,,,,,,,,,,,,
1152000,221,141.8,46,4,6.186368942260742,-0.4678180366754532,0.8080599904060364,1918,1.0621903885900974,0.088515625,0.1,0.0016190691,-0.001640416826121509,3e-05,0.1475236713886261,,,,,,,,,,,,,,,,,,,,,,,,,,,,,
1154560,213,137.49,60,5,6.456422328948975,-0.46449298709630965,0.8990458250045776,1923,0.6041969007253647,0.083203125,0.1,0.0026920757,-0.001198773975484073,3e-05,0.2879030704498291,,,,,,,,,,,,,,,,,,,,,,,,,,,,,
1157120,204,141.98,75,6,6.3296027183532715,-0.4600365522503853,0.8970058560371399,1928,0.600863153040409,0.086953125,0.1,0.0020847782,-0.0008436043746769429,3e-05,0.12048598378896713,,,,,,,,,,,,,,,,,,,,,,,,,,,,,
1159680,203,140.77,88,7,6.3918328285217285,-0.4396206447482109,0.9187567234039307,1933,0.4926878401543945,0.086796875,0.1,0.0021989532,0.000597366658039391,3e-05,0.23575584590435028,,,,,,,,,,,,,,,,,,,,,,,,,,,,,
1162240,204,147.99,100,8,6.161013126373291,-0.44270129591226576,0.9115234613418579,1938,0.6368606442864985,0.095625,0.1,0.0059914347,0.0008892530389130116,3e-05,0.33119407296180725,,,,,,,,,,,,,,,,,,,,,,,,,,,,,
1164800,202,147.85,113,9,6.222636699676514,-0.4920245984196663,0.8988044857978821,1943,0.9410415637493134,0.103359375,0.1,0.0025104284,3.3409567549824713e-06,3e-05,0.16649900376796722,,,,,,,,,,,,,,,,,,,,,,,,,,,,,
1167360,219,150.21,116,10,6.176609039306641,-0.44699431317193167,0.9047752618789673,1944,0.8423465426479068,0.09765625,0.1,0.002893864,0.0032388771485005107,3e-05,0.13796192407608032,,,,,,,,,,,,,,,,,,,,,,,,,,,,,
,,,,,,-0.49292956173419955,0.8679304718971252,1949,1.1514320407807828,0.0953125,0.1,0.0025892567,9.097984060645104e-05,3e-05,0.04230386018753052,,,,,,,,,844800,0.96,6.860457685254514,0,126.02,2,53.34659876693171,2.356000877842678,,,,,,,,,,,,,
,,,,,,,,,,,,,,,,,,,,,,,,844800,0.66,5.531443944647908,1,171.25,2,107.69033150659348,4.562880556213681,,,,,,,,,,,,,
,,,,,,,,,,,,,,,,,,,,,,,,844800,,,,,2,,,0,115.2,0,0.96,0,0.96,0.66,0,0.6719999999999999,0.96,0.29999999999999993,6.75,0
1169920,2168,157.25,1,1,5.916534423828125,,,,,,,,,,,844800,8,320,8,2,3e-05,1,0.009,,,,,,,,,,,,,,,,,,,,,
1172480,306,151.9,16,2,6.095946788787842,-0.4623077970743179,0.9103806614875793,1954,0.8348247124999761,0.12109375,0.1,0.0021871857,8.781995624303818e-05,3e-05,0.258085697889328,,,,,,,,,,,,,,,,,,,,,,,,,,,,,
1175040,242,144.93,31,3,6.383112907409668,-0.4286135870218277,0.8702349662780762,1959,0.9213828892633319,0.070859375,0.1,0.0024998887,-0.0005815091356635094,3e-05,0.5944214463233948,,,,,,,,,,,,,,,,,,,,,,,,,,,,,
1177600,225,145.16,45,4,6.3787336349487305,-0.42692640334367754,0.9139938950538635,1964,0.7495392842311412,0.107109375,0.1,0.0023104623,-0.00015750824473798275,3e-05,0.5653626918792725,,,,,,,,,,,,,,,,,,,,,,,,,,,,,
1180160,216,142.4,59,5,6.401124954223633,-0.46787404008658534,0.8793392181396484,1969,0.8658174469348896,0.0963855421686747,0.1,0.019001065,-0.0007790519732488207,3e-05,0.44667595624923706,,,,,,,,,,,,,,,,,,,,,,,,,,,,,
1182720,217,145.1,70,6,6.318459510803223,-0.4667463115392587,0.8793938159942627,1973,0.9311001322303827,0.09975961538461539,0.1,0.0035369785,0.001590359538124922,3e-05,0.8779858946800232,,,,,,,,,,,,,,,,,,,,,,,,,,,,,
1185280,214,145.69,83,7,6.2422590255737305,-0.4677206614613533,0.8785676956176758,1978,0.8192663808725774,0.127734375,0.1,0.0039441288,0.0008213093411177396,3e-05,0.06619557738304138,,,,,,,,,,,,,,,,,,,,,,,,,,,,,
1187840,233,145.56,87,8,6.171675205230713,-0.4601857770573009,0.8256203532218933,1980,0.951654996892268,0.11186079545454546,0.1,0.009512707,0.0018797622654925692,3e-05,0.19958476722240448,,,,,,,,,,,,,,,,,,,,,,,,,,,,,
1190400,229,150.37,100,9,5.978120803833008,-0.4587559679150581,0.8576868772506714,1985,0.9507559734210372,0.07828125,0.1,0.0018473293,0.00010656668804585934,3e-05,0.1692081242799759,,,,,,,,,,,,,,,,,,,,,,,,,,,,,
1192960,227,150.92,112,10,5.955770492553711,-0.442386631667614,0.9061523675918579,1990,0.682343064006418,0.121875,0.1,0.002758389,0.003022885266691446,3e-05,0.2477661669254303,,,,,,,,,,,,,,,,,,,,,,,,,,,,,
,,,,,,-0.4402360126376152,0.7723206281661987,1995,0.9951378916203976,0.076640625,0.1,0.0021067844,0.00032065974548459056,3e-05,0.2988770008087158,,,,,,,,,870400,0.91,6.407484229132533,0,139.32,2,68.69088440251734,2.7236661435257985,,,,,,,,,,,,,
,,,,,,,,,,,,,,,,,,,,,,,,870400,0.75,6.340508404970169,1,152.82,2,97.36255748489765,3.8160576480672668,,,,,,,,,,,,,
,,,,,,,,,,,,,,,,,,,,,,,,870400,,,,,2,,,0,115.2,0,0.91,0,0.91,0.75,0,0.6719999999999999,0.91,0.16000000000000003,6.75,0
1195520,2190,146.0,1,1,6.13369083404541,,,,,,,,,,,870400,8,320,8,2,3e-05,1,0.009,,,,,,,,,,,,,,,,,,,,,
1198080,350,141.87,14,2,6.2930989265441895,-0.43395661741495134,0.82721346616745,2000,0.9423108647763729,0.085859375,0.1,0.0026986413,0.00033465990331023933,3e-05,0.5210830569267273,,,,,,,,,,,,,,,,,,,,,,,,,,,,,
1200640,278,150.86,27,3,5.887974262237549,-0.4222498431801796,0.8489958047866821,2005,0.8535523101687431,0.09734375,0.1,0.0021673148,0.0005529936635866762,3e-05,0.06312637031078339,,,,,,,,,,,,,,,,,,,,,,,,,,,,,
1203200,291,146.71,35,4,6.007444381713867,-0.47277572534301066,0.8732664585113525,2008,0.9463879311626607,0.07244318181818182,0.1,0.004038897,0.0019968456842682576,3e-05,0.15034358203411102,,,,,,,,,,,,,,,,,,,,,,,,,,,,,
1205760,284,143.74,45,5,6.099924087524414,-0.45589882768690587,0.8426936268806458,2012,1.236869501671754,0.1212890625,0.1,0.003601923,0.0016950980760157108,3e-05,0.534805178642273,,,,,,,,,,,,,,,,,,,,,,,,,,,,,
1208320,260,144.92,59,6,6.114401817321777,-0.42594305068254473,0.8031117916107178,2017,1.0011396673321724,0.061640625,0.1,0.0009826932,-0.0006657769810408354,3e-05,0.11635735630989075,,,,,,,,,,,,,,,,,,,,,,,,,,,,,
1210880,250,147.03,71,7,6.0679216384887695,-0.43643113523721694,0.7931331992149353,2022,1.0394266403093935,0.08734375,0.1,0.003552517,0.0006316655222326517,3e-05,0.9388394355773926,,,,,,,,,,,,,,,,,,,,,,,,,,,,,
1213440,235,142.43,86,8,6.252653121948242,-0.4560992148518562,0.6430873870849609,2027,1.1636622913181782,0.088359375,0.1,0.0017981104,-0.0006868408527225256,3e-05,0.2546227276325226,,,,,,,,,,,,,,,,,,,,,,,,,,,,,
1216000,229,138.08,100,9,6.535287380218506,-0.46335284173488617,0.7754566669464111,2032,1.0385542906075715,0.079765625,0.1,0.0016056445,-0.00021733899600803852,3e-05,0.2258044183254242,,,,,,,,,,,,,,,,,,,,,,,,,,,,,
1218560,225,135.96,113,10,6.599463939666748,-0.45824788719415666,0.8586499691009521,2037,0.45331292986869814,0.093359375,0.1,0.0033670168,-0.0022071767691522835,3e-05,0.0792848989367485,,,,,,,,,,,,,,,,,,,,,,,,,,,,,
,,,,,,-0.4421115872263908,0.8581336736679077,2042,0.7480086353421211,0.10625,0.1,0.0026796572,-0.0001672128401696682,3e-05,0.687987208366394,,,,,,,,,896000,0.94,6.621710943132639,0,132.84,2,63.20090505681069,2.732188972107561,,,,,,,,,,,,,
,,,,,,,,,,,,,,,,,,,,,,,,896000,0.66,5.140042670667172,1,172.08,2,107.30430373475241,5.272440294782541,,,,,,,,,,,,,
,,,,,,,,,,,,,,,,,,,,,,,,896000,,,,,2,,,0,115.2,0,0.94,0,0.94,0.66,0,0.6719999999999999,0.94,0.2799999999999999,6.75,0
1221120,1901,130.84,1,1,6.811903476715088,,,,,,,,,,,896000,8,320,8,2,3e-05,1,0.009,,,,,,,,,,,,,,,,,,,,,
1223680,325,139.2,15,2,6.457861423492432,-0.44290719747543333,0.8127107620239258,2047,0.40328497648239137,0.097890625,0.1,0.0023546503,-0.000739277871325612,3e-05,0.07554475963115692,,,,,,,,,,,,,,,,,,,,,,,,,,,,,
1226240,264,142.39,29,3,6.29557991027832,-0.45398209065198897,0.9107822179794312,2052,0.5244444485753774,0.098046875,0.1,0.0026053656,-0.0007680899649858474,3e-05,0.7923096418380737,,,,,,,,,,,,,,,,,,,,,,,,,,,,,
1228800,243,147.42,42,4,6.07736873626709,-0.4763329631090164,0.9028781652450562,2057,0.47541868887841704,0.119765625,0.1,0.0034217194,0.0008459044992923737,3e-05,0.14313893020153046,,,,,,,,,,,,,,,,,,,,,,,,,,,,,
1231360,225,146.27,56,5,6.125743389129639,-0.47874978005886076,0.901240885257721,2062,0.6207994556427002,0.0890625,0.1,0.0014420575,-0.00020099819637835027,3e-05,0.2391132265329361,,,,,,,,,,,,,,,,,,,,,,,,,,,,,
1233920,215,148.26,71,6,6.061368942260742,-0.4715303274989128,0.9030202627182007,2067,0.7152245519589633,0.081953125,0.1,0.0019241894,-0.000776373241096735,3e-05,1.2257696390151978,,,,,,,,,,,,,,,,,,,,,,,,,,,,,
