cbp/target_count,cbp/last_replacements,rollout/ep_rew_mean,curriculum/stage,time/time_elapsed,curriculum/max_steps,cbp/rollout_replacements,cbp/total_replacements,curriculum/grid_size,train/ent_coef,cbp/utility_mean,time/iterations,time/total_timesteps,time/fps,train/stage_learning_rate,curriculum/obs_quantity,rollout/ep_len_mean,curriculum/stage_timesteps,train/clip_fraction,train/loss,train/n_updates,train/learning_rate,train/clip_range,train/policy_gradient_loss,train/entropy_loss,train/explained_variance,train/approx_kl,train/value_loss,plasticity/effective_rank_99_mean,plasticity/low_weight_units,plasticity/weight_rms,plasticity/weight_abs_mean,plasticity/weight_max_abs,plasticity/total_weight_units,plasticity/effective_rank_99_normalized_mean,plasticity/low_weight_unit_ratio,eval/stage,eval/full_coverage_rate,eval/mean_reward,eval/stage_timesteps,eval/mean_ep_length,eval/std_reward,eval/std_ep_length,eval/deterministic,eval/mode_gap,eval/promotion_passed,eval/promotion_max_mean_length,eval/coverage_promotion_passed,eval/stochastic_full_coverage_rate,eval/deterministic_full_coverage_rate,eval/promotion_min_mean_reward,eval/deterministic_quality_passed,eval/stochastic_quality_passed,eval/promotion_full_coverage_rate,eval/diagnostic_full_coverage_rate,eval/quality_promotion_passed,eval/deterministic_promotion_floor
6,0,5.237340927124023,4,4,440,0,0,11,0.002999999999999999,0.0,1,8816640,1106,3e-05,15,258.76,5120000,,,,,,,,,,,,,,,,,,,,,,,,,,,,,,,,,,,,,,,
6,0,5.135804653167725,,47,,0,0,,,0.0,2,8821760,216,,,263.82,,0.06396484375,0.04165693372488022,13754,3e-05,0.08,-0.00026707282959250735,-0.4365693234838545,0.3764616847038269,0.0011242584,0.7804500776343047,,,,,,,,,,,,,,,,,,,,,,,,,,,,,
6,0,5.2704901695251465,,80,,0,0,,,0.0,3,8826880,190,,,259.22,,0.076416015625,0.08918541669845581,13762,3e-05,0.08,-5.0215319788549095e-05,-0.43978919461369514,0.5146379470825195,0.0010600846,0.8032558288890869,,,,,,,,,,,,,,,,,,,,,,,,,,,,,
6,0,5.373582363128662,,115,,0,0,,,0.0,4,8832000,178,,,255.59,,0.059423828125,0.4278412461280823,13770,3e-05,0.08,-0.0005678680870914831,-0.4354122965596616,0.5062440633773804,0.0010065897,0.8755459318461363,,,,,,,,,,,,,,,,,,,,,,,,,,,,,
6,6,5.222232818603516,,151,,6,6,,,1.3191659475366275,5,8837120,169,,,262.9,,0.0849853515625,0.25422266125679016,13778,3e-05,0.08,0.0007498507387936115,-0.4332038375083357,0.5403283834457397,0.0013268755,0.7630381547322032,,,,,,,,,,,,,,,,,,,,,,,,,,,,,
6,6,,,,,,6,,,1.3191659475366275,,,,,,,,0.0660400390625,1.968910813331604,13786,3e-05,0.08,-1.9830852397717536e-05,-0.4345997778698802,0.5397332906723022,0.0011541784,1.0819446025358048,27.916666666666668,273,0.006868327048755193,0.0015917328869691244,0.6676817536354065,1925,0.4729817708333333,0.14181818181818182,,,,,,,,,,,,,,,,,,,,,
,,,,,,,,,,,,,,,,,,,,,,,,,,,,,,,,,,,,4,0.91,5.293647406995296,5145600,256.12,2.1598869253164565,87.25288304692288,0,,,,,,,,,,,,,
,,,,,,,,,,,,,,,,,,,,,,,,,,,,,,,,,,,,4,0.56,4.455975331366062,5145600,296.87,3.2304818705612,128.77784397946724,1,,,,,,,,,,,,,
,,,,,,,,,,,,,,,,,,,,,,,,,,,,,,,,,,,,4,,,5145600,,,,,0.35,0,217.8,0,0.91,0.56,6.0,0,0,0.91,0.91,0,0.0
6,0,5.09532356262207,4,4,440,0,6,11,0.0031999999999999993,1.3191659475366275,1,8842240,1170,3e-05,15,268.37,5145600,,,,,,,,,,,,,,,,,,,,,,,,,,,,,,,,,,,,,,,
6,0,5.011580944061279,,44,,0,6,,,1.3191659475366275,2,8847360,231,,,271.68,,0.0748779296875,0.014931723475456238,13794,3e-05,0.08,9.186079259961843e-05,-0.44522439446300266,0.5706116557121277,0.0011988874,0.9789925467222929,,,,,,,,,,,,,,,,,,,,,,,,,,,,,
6,0,4.7928032875061035,,76,,0,6,,,1.3191659475366275,3,8852480,201,,,281.11,,0.11494140625,0.6401388049125671,13802,3e-05,0.08,0.002133462525671348,-0.4668493403121829,0.4979720711708069,0.000997422,0.729190859675873,,,,,,,,,,,,,,,,,,,,,,,,,,,,,
6,6,4.725858688354492,,110,,6,12,,,1.2357502231995265,4,8857600,185,,,282.97,,0.069140625,0.5555402040481567,13810,3e-05,0.08,0.0002867019982659258,-0.4218062188476324,0.46386468410491943,0.0008977104,0.8349799919698853,,,,,,,,,,,,,,,,,,,,,,,,,,,,,
6,0,4.419392108917236,,146,,0,12,,,1.2357502231995265,5,8862720,175,,,293.35,,0.0865966796875,0.06738653033971786,13818,3e-05,0.08,0.00011109151164419017,-0.44315049313008786,0.5093823671340942,0.0015151761,1.1031140774488448,,,,,,,,,,,,,,,,,,,,,,,,,,,,,
6,0,,,,,,12,,,1.2357502231995265,,,,,,,,0.08564453125,0.12042635679244995,13826,3e-05,0.08,0.0007557638658909127,-0.45668850615620615,0.5758068561553955,0.0012991609,0.9912401631008834,27.916666666666668,273,0.006837839837520533,0.0015826698886149272,0.6672391891479492,1925,0.4729817708333333,0.14181818181818182,,,,,,,,,,,,,,,,,,,,,
,,,,,,,,,,,,,,,,,,,,,,,,,,,,,,,,,,,,4,0.89,5.25635700404644,5171200,258.69,2.133754101511336,88.31496985222834,0,,,,,,,,,,,,,
,,,,,,,,,,,,,,,,,,,,,,,,,,,,,,,,,,,,4,0.54,4.352546726167202,5171200,303.68,3.092620403461981,128.31499366792644,1,,,,,,,,,,,,,
,,,,,,,,,,,,,,,,,,,,,,,,,,,,,,,,,,,,4,,,5171200,,,,,0.35,0,217.8,0,0.89,0.54,6.0,0,0,0.89,0.89,0,0.0
6,0,4.693924427032471,4,3,440,0,12,11,0.0033999999999999994,1.2357502231995265,1,8867840,1389,3e-05,15,283.27,5171200,,,,,,,,,,,,,,,,,,,,,,,,,,,,,,,,,,,,,,,
6,0,4.69366979598999,,43,,0,12,,,1.2357502231995265,2,8872960,236,,,281.76,,0.0741455078125,0.9487406015396118,13834,3e-05,0.08,0.00040738212992437185,-0.4471570526249707,0.16187340021133423,0.0014258298,1.4919242580421268,,,,,,,,,,,,,,,,,,,,,,,,,,,,,
6,6,4.9197845458984375,,82,,6,18,,,1.2548243229587872,3,8878080,186,,,272.04,,0.07265625,0.5168115496635437,13842,3e-05,0.08,-1.9476967281661928e-05,-0.43763523250818254,0.2473233938217163,0.00065800356,0.9757546796579846,,,,,,,,,,,,,,,,,,,,,,,,,,,,,
6,0,5.175005912780762,,122,,0,18,,,1.2548243229587872,4,8883200,166,,,261.73,,0.0784912109375,0.1137041300535202,13850,3e-05,0.08,-0.00013086687540635465,-0.442983522079885,0.390219509601593,0.0009387506,0.7422363763122121,,,,,,,,,,,,,,,,,,,,,,,,,,,,,
6,0,5.322940826416016,,159,,0,18,,,1.2548243229587872,5,8888320,160,,,255.4,,0.0629150390625,1.0428942441940308,13858,3e-05,0.08,-0.00022041756892576814,-0.4352988125756383,0.47640717029571533,0.0009521757,0.7238205688045127,,,,,,,,,,,,,,,,,,,,,,,,,,,,,
6,0,,,,,,18,,,1.2548243229587872,,,,,,,,0.089990234375,0.09478817880153656,13866,3e-05,0.08,0.0010115089404280297,-0.43706667721271514,0.3959502577781677,0.001816789,0.8703446061525029,27.916666666666668,273,0.0068961740621461395,0.0016405259874137657,0.6683371067047119,1925,0.4729817708333333,0.14181818181818182,,,,,,,,,,,,,,,,,,,,,
,,,,,,,,,,,,,,,,,,,,,,,,,,,,,,,,,,,,4,0.89,5.0075138451159,5196800,267.31,2.0852950591234793,86.07806863539632,0,,,,,,,,,,,,,
,,,,,,,,,,,,,,,,,,,,,,,,,,,,,,,,,,,,4,0.49,4.237663069963455,5196800,316.95,2.853453456819534,127.38519340959529,1,,,,,,,,,,,,,
,,,,,,,,,,,,,,,,,,,,,,,,,,,,,,,,,,,,4,,,5196800,,,,,0.4,0,217.8,0,0.89,0.49,6.0,0,0,0.89,0.89,0,0.0
6,0,5.337465286254883,4,3,440,0,18,11,0.003599999999999999,1.2548243229587872,1,8893440,1391,3e-05,15,254.56,5196800,,,,,,,,,,,,,,,,,,,,,,,,,,,,,,,,,,,,,,,
6,6,5.191378116607666,,44,,6,24,,,1.3542481735348701,2,8898560,231,,,258.84,,0.0774658203125,0.24964070320129395,13874,3e-05,0.08,0.0004484974546357989,-0.435798317566514,0.561769962310791,0.0013343154,0.8553037624107673,,,,,,,,,,,,,,,,,,,,,,,,,,,,,
6,0,5.205997943878174,,79,,0,24,,,1.3542481735348701,3,8903680,192,,,259.02,,0.0729736328125,0.0389472134411335,13882,3e-05,0.08,0.0007488671340979636,-0.43653045520186423,0.5280596017837524,0.0010249278,0.6884146428201348,,,,,,,,,,,,,,,,,,,,,,,,,,,,,
6,0,5.223405838012695,,118,,0,24,,,1.3542481735348701,4,8908800,173,,,257.31,,0.0787109375,0.15367437899112701,13890,3e-05,0.08,0.00041876324685290455,-0.4463363428600132,0.6429077386856079,0.0009897321,0.6915505111828679,,,,,,,,,,,,,,,,,,,,,,,,,,,,,
6,0,5.352178573608398,,154,,0,24,,,1.3542481735348701,5,8913920,165,,,253.61,,0.0685791015625,0.11115173995494843,13898,3e-05,0.08,0.00045477082167053593,-0.4127981638070196,0.6831524968147278,0.0013177379,1.063411465001991,,,,,,,,,,,,,,,,,,,,,,,,,,,,,
6,0,,,,,,24,,,1.3542481735348701,,,,,,,,0.073974609375,0.2053757905960083,13906,3e-05,0.08,0.00014643537870142608,-0.43467624243348835,0.6366345882415771,0.00084806577,0.9415337389917113,27.75,274,0.00694355706267565,0.001671248245845777,0.6672987937927246,1925,0.4723307291666667,0.14233766233766235,,,,,,,,,,,,,,,,,,,,,
,,,,,,,,,,,,,,,,,,,,,,,,,,,,,,,,,,,,4,0.88,5.32740622997284,5222400,257.04,2.1258283275728522,90.08761513104895,0,,,,,,,,,,,,,
,,,,,,,,,,,,,,,,,,,,,,,,,,,,,,,,,,,,4,0.51,4.306522008702159,5222400,311.46,2.912169822569957,127.91430099875463,1,,,,,,,,,,,,,
,,,,,,,,,,,,,,,,,,,,,,,,,,,,,,,,,,,,4,,,5222400,,,,,0.37,0,217.8,0,0.88,0.51,6.0,0,0,0.88,0.88,0,0.0
6,6,5.085978031158447,4,3,440,6,30,11,0.003799999999999999,1.3588694507877033,1,8919040,1338,3e-05,15,264.59,5222400,,,,,,,,,,,,,,,,,,,,,,,,,,,,,,,,,,,,,,,
6,0,5.017029762268066,,42,,0,30,,,1.3588694507877033,2,8924160,240,,,267.58,,0.06787109375,0.22117045521736145,13914,3e-05,0.08,-0.00017027923313435168,-0.4155448948033154,0.7324805855751038,0.0007955033,0.850979058118537,,,,,,,,,,,,,,,,,,,,,,,,,,,,,
6,0,5.087211608886719,,76,,0,30,,,1.3588694507877033,3,8929280,200,,,266.81,,0.0692626953125,0.12487472593784332,13922,3e-05,0.08,0.0005259448371361941,-0.42001733761280774,0.6366302371025085,0.001418853,1.141071567084873,,,,,,,,,,,,,,,,,,,,,,,,,,,,,
6,0,4.897544860839844,,110,,0,30,,,1.3588694507877033,4,8934400,184,,,274.72,,0.0781494140625,0.8186941742897034,13930,3e-05,0.08,0.0003494674296234734,-0.41237214729189875,0.5990258455276489,0.0012717006,1.1530555217759684,,,,,,,,,,,,,,,,,,,,,,,,,,,,,
6,6,4.77956485748291,,151,,6,36,,,1.2705782502889633,5,8939520,169,,,278.98,,0.0702880859375,0.2948167622089386,13938,3e-05,0.08,-0.00021414582442957908,-0.41891318089328705,0.5298442244529724,0.0017759327,1.2463469113805332,,,,,,,,,,,,,,,,,,,,,,,,,,,,,
6,6,,,,,,36,,,1.2705782502889633,,,,,,,,0.0702392578125,0.6177456974983215,13946,3e-05,0.08,-0.00040548433171352374,-0.4224978809244931,0.45151615142822266,0.0015084236,1.2991045570059214,27.833333333333332,274,0.006916481965762292,0.0016748437236914595,0.6665377020835876,1925,0.47265625,0.14233766233766235,,,,,,,,,,,,,,,,,,,,,
,,,,,,,,,,,,,,,,,,,,,,,,,,,,,,,,,,,,4,0.89,5.526599109172821,5248000,248.85,1.908972517423365,80.54382347517407,0,,,,,,,,,,,,,
,,,,,,,,,,,,,,,,,,,,,,,,,,,,,,,,,,,,4,0.56,4.558619722127914,5248000,297.92,2.9660313625062513,127.65161025228001,1,,,,,,,,,,,,,
,,,,,,,,,,,,,,,,,,,,,,,,,,,,,,,,,,,,4,,,5248000,,,,,0.32999999999999996,0,217.8,0,0.89,0.56,6.0,0,0,0.89,0.89,0,0.0
6,0,5.005558490753174,4,3,440,0,36,11,0.003999999999999999,1.2705782502889633,1,8944640,1326,3e-05,15,270.99,5248000,,,,,,,,,,,,,,,,,,,,,,,,,,,,,,,,,,,,,,,
6,0,5.061557769775391,,42,,0,36,,,1.2705782502889633,2,8949760,238,,,268.58,,0.0856201171875,0.36320051550865173,13954,3e-05,0.08,0.000739852299739141,-0.4127883269451559,0.49634623527526855,0.0019320578,0.8402094987948658,,,,,,,,,,,,,,,,,,,,,,,,,,,,,
6,0,4.940261363983154,,78,,0,36,,,1.2705782502889633,3,8954880,194,,,271.74,,0.075732421875,0.0021011256612837315,13962,3e-05,0.08,0.0005498662139871158,-0.4231110566295683,0.6194907426834106,0.00084738026,1.257967382131028,,,,,,,,,,,,,,,,,,,,,,,,,,,,,
6,6,4.992122650146484,,117,,6,42,,,1.2636109019319217,4,8960000,174,,,267.03,,0.06416015625,0.6440121531486511,13970,3e-05,0.08,5.2489727386273445e-05,-0.4142213026061654,0.5251271724700928,0.00089716056,1.1937512803648134,,,,,,,,,,,,,,,,,,,,,,,,,,,,,
6,0,4.989844799041748,,152,,0,42,,,1.2636109019319217,5,8965120,168,,,268.79,,0.0774658203125,0.23347535729408264,13978,3e-05,0.08,0.0005548942601308227,-0.4077387353405356,0.5207331776618958,0.001221232,1.3380876335460925,,,,,,,,,,,,,,,,,,,,,,,,,,,,,
6,0,,,,,,42,,,1.2636109019319217,,,,,,,,0.08037109375,1.0124902725219727,13986,3e-05,0.08,0.0004041724954731762,-0.412530031055212,0.3249163031578064,0.0020539626,1.565020180027932,27.833333333333332,272,0.006890780487930721,0.0016449877918184195,0.665986955165863,1925,0.47265625,0.1412987012987013,,,,,,,,,,,,,,,,,,,,,
,,,,,,,,,,,,,,,,,,,,,,,,,,,,,,,,,,,,4,0.89,5.216207529306412,5273600,260.99,2.0604177205733967,86.26291149735209,0,,,,,,,,,,,,,
,,,,,,,,,,,,,,,,,,,,,,,,,,,,,,,,,,,,4,0.52,4.199952031672001,5273600,310.21,3.1344831375586355,126.13518898388347,1,,,,,,,,,,,,,
,,,,,,,,,,,,,,,,,,,,,,,,,,,,,,,,,,,,4,,,5273600,,,,,0.37,0,217.8,0,0.89,0.52,6.0,0,0,0.89,0.89,0,0.0
6,0,4.98788595199585,4,3,440,0,42,11,0.004199999999999999,1.2636109019319217,1,8970240,1369,3e-05,15,269.2,5273600,,,,,,,,,,,,,,,,,,,,,,,,,,,,,,,,,,,,,,,
6,0,4.798756122589111,,38,,0,42,,,1.2636109019319217,2,8975360,264,,,278.73,,0.0810546875,0.4232080578804016,13994,3e-05,0.08,1.1085622827522456e-05,-0.410438772989437,0.4678308367729187,0.0014186153,0.7579318133764901,,,,,,,,,,,,,,,,,,,,,,,,,,,,,
6,6,5.035807132720947,,73,,6,48,,,1.2274265885353088,3,8980480,209,,,269.73,,0.0744873046875,0.09576534479856491,14002,3e-05,0.08,0.0008163287653587759,-0.3861793000251055,0.4876285195350647,0.0022686324,0.82735898187384,,,,,,,,,,,,,,,,,,,,,,,,,,,,,
6,0,5.100978851318359,,114,,0,48,,,1.2274265885353088,4,8985600,179,,,266.01,,0.0799560546875,0.33984848856925964,14010,3e-05,0.08,7.742944872006774e-05,-0.4155705254524946,0.40269380807876587,0.0017693307,1.1983310298906873,,,,,,,,,,,,,,,,,,,,,,,,,,,,,
6,0,5.334475517272949,,153,,0,48,,,1.2274265885353088,5,8990720,166,,,254.69,,0.0860107421875,0.2310260385274887,14018,3e-05,0.08,0.0007856494979932904,-0.41501598213799296,0.34776633977890015,0.0018101943,0.9523411617381499,,,,,,,,,,,,,,,,,,,,,,,,,,,,,
6,0,,,,,,48,,,1.2274265885353088,,,,,,,,0.1002197265625,0.8879666924476624,14026,3e-05,0.08,0.002445796728716232,-0.40888337772339584,0.14659374952316284,0.0026540584,1.4333800493332092,27.833333333333332,274,0.006888693754827412,0.0016347740617717946,0.665687620639801,1925,0.47211371527777785,0.14233766233766235,,,,,,,,,,,,,,,,,,,,,
,,,,,,,,,,,,,,,,,,,,,,,,,,,,,,,,,,,,4,0.88,5.19679657638073,5299200,262.22,2.057755296974918,87.87531849159922,0,,,,,,,,,,,,,
,,,,,,,,,,,,,,,,,,,,,,,,,,,,,,,,,,,,4,0.48,4.015250179469586,5299200,321.71,2.8936325528254305,125.11493076367826,1,,,,,,,,,,,,,
,,,,,,,,,,,,,,,,,,,,,,,,,,,,,,,,,,,,4,,,5299200,,,,,0.4,0,217.8,0,0.88,0.48,6.0,0,0,0.88,0.88,0,0.0
6,0,5.193731307983398,4,3,440,0,48,11,0.004399999999999999,1.2274265885353088,1,8995840,1356,3e-05,15,261.95,5299200,,,,,,,,,,,,,,,,,,,,,,,,,,,,,,,,,,,,,,,
6,6,5.387547016143799,,40,,6,54,,,1.2526586204767227,2,9000960,251,,,253.89,,0.079150390625,0.15254555642604828,14034,3e-05,0.08,0.0005089701895485632,-0.4092180300038308,0.358765184879303,0.0010693034,0.5027761656441726,,,,,,,,,,,,,,,,,,,,,,,,,,,,,
6,0,5.269372463226318,,77,,0,54,,,1.2526586204767227,3,9006080,198,,,257.77,,0.0906494140625,0.2982560098171234,14042,3e-05,0.08,0.0003401238966034725,-0.4295084787067026,0.31497931480407715,0.0020634416,0.678907821251778,,,,,,,,,,,,,,,,,,,,,,,,,,,,,
6,0,5.276589393615723,,112,,0,54,,,1.2526586204767227,4,9011200,182,,,258.47,,0.08603515625,0.3215147852897644,14050,3e-05,0.08,0.0001470454255468212,-0.4434339413419366,0.4647265076637268,0.0014060227,0.7826041271327995,,,,,,,,,,,,,,,,,,,,,,,,,,,,,
6,0,5.046185493469238,,149,,0,54,,,1.2526586204767227,5,9016320,171,,,268.69,,0.0690185546875,0.058702390640974045,14058,3e-05,0.08,-0.0006404841595212929,-0.41769188176840544,0.30639004707336426,0.0013584963,0.7313102511863689,,,,,,,,,,,,,,,,,,,,,,,,,,,,,
6,0,,,,,,54,,,1.2526586204767227,,,,,,,,0.046875,0.7057726383209229,14066,3e-05,0.08,-0.0004731623746920377,-0.4102958092465997,0.32686489820480347,0.0011701548,0.8762689206690993,27.666666666666668,276,0.006869158732300082,0.0016161032052367517,0.6642078757286072,1925,0.47146267361111116,0.14337662337662338,,,,,,,,,,,,,,,,,,,,,
,,,,,,,,,,,,,,,,,,,,,,,,,,,,,,,,,,,,4,0.84,4.702634326219559,5324800,280.72,2.331375929899885,95.00074526023468,0,,,,,,,,,,,,,
,,,,,,,,,,,,,,,,,,,,,,,,,,,,,,,,,,,,4,0.53,4.291332503706217,5324800,311.08,2.8032706495490425,122.83254291921176,1,,,,,,,,,,,,,
,,,,,,,,,,,,,,,,,,,,,,,,,,,,,,,,,,,,4,,,5324800,,,,,0.30999999999999994,0,217.8,0,0.84,0.53,6.0,0,0,0.84,0.84,0,0.0
6,6,5.307765960693359,4,3,440,6,60,11,0.0046,1.2501755530635517,1,9021440,1359,3e-05,15,256.39,5324800,,,,,,,,,,,,,,,,,,,,,,,,,,,,,,,,,,,,,,,
6,0,5.1952033042907715,,42,,0,60,,,1.2501755530635517,2,9026560,241,,,258.59,,0.06259765625,0.08461964130401611,14074,3e-05,0.08,0.0005704030132619664,-0.4359631453640759,0.6109129190444946,0.0016163655,0.9949570732540451,,,,,,,,,,,,,,,,,,,,,,,,,,,,,
6,0,5.27658748626709,,78,,0,60,,,1.2501755530635517,3,9031680,196,,,256.17,,0.068994140625,0.02361273765563965,14082,3e-05,0.08,0.0006625072273891419,-0.3952526071108878,0.14384394884109497,0.0014218398,0.5529985070403199,,,,,,,,,,,,,,,,,,,,,,,,,,,,,
6,0,5.224942207336426,,115,,0,60,,,1.2501755530635517,4,9036800,177,,,259.28,,0.0732177734375,0.013140322640538216,14090,3e-05,0.08,-0.00032870953873498365,-0.39134414698928593,0.2637156844139099,0.0010911878,0.6792077117308508,,,,,,,,,,,,,,,,,,,,,,,,,,,,,
6,6,5.2325758934021,,151,,6,66,,,1.3221996848781903,5,9041920,169,,,260.53,,0.0845703125,0.10484178364276886,14098,3e-05,0.08,0.0003223004605388269,-0.3979391046334058,0.0857994556427002,0.0013385497,0.7606809266959317,,,,,,,,,,,,,,,,,,,,,,,,,,,,,
6,6,,,,,,66,,,1.3221996848781903,,,,,,,,0.067578125,0.8506098389625549,14106,3e-05,0.08,0.00022987848788034171,-0.4056918082758784,0.3191308379173279,0.0009227368,0.7396690820110962,27.666666666666668,276,0.006858565368729864,0.0016018604190105171,0.6638658046722412,1925,0.47146267361111116,0.14337662337662338,,,,,,,,,,,,,,,,,,,,,
,,,,,,,,,,,,,,,,,,,,,,,,,,,,,,,,,,,,4,0.88,5.1359833064675335,5350400,264.86,1.9417016804550855,84.48242657499843,0,,,,,,,,,,,,,
,,,,,,,,,,,,,,,,,,,,,,,,,,,,,,,,,,,,4,0.44,3.9468014201521875,5350400,329.72,2.818450764891137,125.48873096816304,1,,,,,,,,,,,,,
,,,,,,,,,,,,,,,,,,,,,,,,,,,,,,,,,,,,4,,,5350400,,,,,0.44,0,217.8,0,0.88,0.44,6.0,0,0,0.88,0.88,0,0.0
6,0,5.1771159172058105,4,4,440,0,66,11,0.0048,1.3221996848781903,1,9047040,1261,3e-05,15,261.66,5350400,,,,,,,,,,,,,,,,,,,,,,,,,,,,,,,,,,,,,,,
6,0,5.119964599609375,,43,,0,66,,,1.3221996848781903,2,9052160,233,,,265.84,,0.0679443359375,0.07151252776384354,14114,3e-05,0.08,0.0005775736673967913,-0.3957292469218373,0.15759456157684326,0.0011150308,1.066691160033224,,,,,,,,,,,,,,,,,,,,,,,,,,,,,
6,6,5.132106304168701,,79,,6,72,,,1.3529024173816044,3,9057280,192,,,266.31,,0.0466796875,0.2270791381597519,14122,3e-05,0.08,-0.0002585325593827292,-0.40089469235390424,0.12229186296463013,0.0010980231,1.020190442772582,,,,,,,,,,,,,,,,,,,,,,,,,,,,,
6,0,5.067782402038574,,114,,0,72,,,1.3529024173816044,4,9062400,178,,,266.99,,0.073779296875,0.019115250557661057,14130,3e-05,0.08,-0.0003248547975090332,-0.38833780311979355,0.21401607990264893,0.0009968813,0.6431894365465268,,,,,,,,,,,,,,,,,,,,,,,,,,,,,
6,0,4.989627838134766,,155,,0,72,,,1.3529024173816044,5,9067520,165,,,270.46,,0.0707763671875,0.003528687870129943,14138,3e-05,0.08,-5.2652845624834296e-06,-0.4077412122860551,0.2572184205055237,0.0012249846,0.8523299364373088,,,,,,,,,,,,,,,,,,,,,,,,,,,,,
6,0,,,,,,72,,,1.3529024173816044,,,,,,,,0.07548828125,0.945918619632721,14146,3e-05,0.08,-0.00028373254608595746,-0.4078391983639449,0.292850136756897,0.0009422108,0.668057688215049,27.583333333333332,276,0.0068361329696736625,0.0015831543625178517,0.6647331118583679,1925,0.47113715277777785,0.14337662337662338,,,,,,,,,,,,,,,,,,,,,
,,,,,,,,,,,,,,,,,,,,,,,,,,,,,,,,,,,,4,0.89,5.054512451719493,5376000,265.65,2.059944578603082,84.85156156488813,0,,,,,,,,,,,,,
,,,,,,,,,,,,,,,,,,,,,,,,,,,,,,,,,,,,4,0.51,4.1390258532762525,5376000,312.61,3.0462123904234404,126.3883614103767,1,,,,,,,,,,,,,
,,,,,,,,,,,,,,,,,,,,,,,,,,,,,,,,,,,,4,,,5376000,,,,,0.38,0,217.8,0,0.89,0.51,6.0,0,0,0.89,0.89,0,0.0
6,0,5.0816497802734375,4,3,440,0,72,11,0.004999999999999999,1.3529024173816044,1,9072640,1307,3e-05,15,268.69,5376000,,,,,,,,,,,,,,,,,,,,,,,,,,,,,,,,,,,,,,,
6,6,5.14706563949585,,42,,6,78,,,1.3152862290541332,2,9077760,239,,,264.65,,0.076806640625,0.00996626727283001,14154,3e-05,0.08,0.0003620313946157694,-0.4003185612149537,0.4059949517250061,0.0016063352,0.9264014580112416,,,,,,,,,,,,,,,,,,,,,,,,,,,,,
6,0,5.107662677764893,,81,,0,78,,,1.3152862290541332,3,9082880,189,,,265.82,,0.057470703125,0.4956381022930145,14162,3e-05,0.08,-0.0006712192844133824,-0.4017524329945445,0.4032962918281555,0.0011209715,1.0521819287270773,,,,,,,,,,,,,,,,,,,,,,,,,,,,,
6,0,5.275762557983398,,118,,0,78,,,1.3152862290541332,4,9088000,173,,,260.12,,0.0616943359375,0.4407028257846832,14170,3e-05,0.08,0.00013578494399553166,-0.39388449643738566,0.4319961667060852,0.0014691061,1.1363981048751157,,,,,,,,,,,,,,,,,,,,,,,,,,,,,
6,0,5.2419514656066895,,153,,0,78,,,1.3152862290541332,5,9093120,166,,,261.54,,0.069482421875,0.522771954536438,14178,3e-05,0.08,-0.00016492155409650878,-0.39800056372769177,0.3703829050064087,0.0012939632,0.9367199117667042,,,,,,,,,,,,,,,,,,,,,,,,,,,,,
6,0,,,,,,78,,,1.3152862290541332,,,,,,,,0.0483642578125,0.017816683277487755,14186,3e-05,0.08,-6.146999076008796e-05,-0.4008898534812033,0.467506468296051,0.0007637362,0.7221781556610949,27.5,277,0.0068094258169424686,0.0015727487645607204,0.6639528870582581,1925,0.4698350694444445,0.14389610389610388,,,,,,,,,,,,,,,,,,,,,
,,,,,,,,,,,,,,,,,,,,,,,,,,,,,,,,,,,,4,0.87,4.935302824229002,5401600,271.8,2.108672493406343,88.25440498921286,0,,,,,,,,,,,,,
,,,,,,,,,,,,,,,,,,,,,,,,,,,,,,,,,,,,4,0.45,3.8499902674555777,5401600,326.7,3.0177693961790597,126.42139850515814,1,,,,,,,,,,,,,
,,,,,,,,,,,,,,,,,,,,,,,,,,,,,,,,,,,,4,,,5401600,,,,,0.42,0,217.8,0,0.87,0.45,6.0,0,0,0.87,0.87,0,0.0
6,6,4.852199554443359,4,3,440,6,84,11,0.0052,1.250752146045367,1,9098240,1317,3e-05,15,275.86,5401600,,,,,,,,,,,,,,,,,,,,,,,,,,,,,,,,,,,,,,,
6,0,4.782829761505127,,36,,0,84,,,1.250752146045367,2,9103360,278,,,276.92,,0.07568359375,1.8861653804779053,14194,3e-05,0.08,-0.00044053735182387755,-0.4219810148701072,0.5022711753845215,0.0013894795,1.0033910698606632,,,,,,,,,,,,,,,,,,,,,,,,,,,,,
6,0,4.830644607543945,,69,,0,84,,,1.250752146045367,3,9108480,219,,,274.9,,0.0673095703125,0.21243628859519958,14202,3e-05,0.08,-4.071837320225313e-05,-0.41484276750124993,0.4079762101173401,0.0012919272,1.1186846287630032,,,,,,,,,,,,,,,,,,,,,,,,,,,,,
6,0,4.603287220001221,,101,,0,84,,,1.250752146045367,4,9113600,201,,,285.27,,0.0730224609375,0.1865638643503189,14210,3e-05,0.08,0.00011019417142961174,-0.40074817668646573,0.4455375671386719,0.0013449506,1.196332520915894,,,,,,,,,,,,,,,,,,,,,,,,,,,,,
6,6,4.748114585876465,,141,,6,90,,,1.2045433148741722,5,9118720,181,,,277.42,,0.09111328125,1.6099286079406738,14218,3e-05,0.08,0.000475937059673015,-0.423392176348716,0.45632022619247437,0.002031165,1.0163575055557885,,,,,,,,,,,,,,,,,,,,,,,,,,,,,
6,6,,,,,,90,,,1.2045433148741722,,,,,,,,0.058984375,0.0360536202788353,14226,3e-05,0.08,-0.0008768910774961114,-0.4090406898409128,0.15725177526474,0.00094912515,1.484190276573645,27.666666666666668,277,0.0067815890529431076,0.0015696138917750888,0.6636656522750854,1925,0.47048611111111116,0.14389610389610388,,,,,,,,,,,,,,,,,,,,,
,,,,,,,,,,,,,,,,,,,,,,,,,,,,,,,,,,,,4,0.93,5.189506633579731,5427200,259.68,1.9437876791518292,77.95497161823614,0,,,,,,,,,,,,,
,,,,,,,,,,,,,,,,,,,,,,,,,,,,,,,,,,,,4,0.46,3.8009293584525583,5427200,322.92,3.2558792021975567,127.66406542171528,1,,,,,,,,,,,,,
,,,,,,,,,,,,,,,,,,,,,,,,,,,,,,,,,,,,4,,,5427200,,,,,0.47000000000000003,0,217.8,1,0.93,0.46,6.0,0,0,0.93,0.93,0,0.0
6,0,5.051583766937256,4,2,440,0,90,11,0.0054,1.2045433148741722,1,9123840,1728,3e-05,15,267.11,5427200,,,,,,,,,,,,,,,,,,,,,,,,,,,,,,,,,,,,,,,
6,0,5.12759256362915,,37,,0,90,,,1.2045433148741722,2,9128960,276,,,264.81,,0.0700439453125,1.2222329378128052,14234,3e-05,0.08,-0.00031638167274650186,-0.40325150662101805,0.14305007457733154,0.001413564,1.0915488984814146,,,,,,,,,,,,,,,,,,,,,,,,,,,,,
6,0,5.0272064208984375,,71,,0,90,,,1.2045433148741722,3,9134080,213,,,268.9,,0.069287109375,0.6328568458557129,14242,3e-05,0.08,0.0004712479596491903,-0.39424289502203463,0.12448239326477051,0.0014738634,1.0876942685223185,,,,,,,,,,,,,,,,,,,,,,,,,,,,,
6,6,5.096408843994141,,106,,6,96,,,1.2110330909490585,4,9139200,192,,,264.91,,0.0541259765625,1.12724769115448,14250,3e-05,0.08,-0.00022039800824131818,-0.4103899559006095,0.136773943901062,0.00085103157,1.052863362422795,,,,,,,,,,,,,,,,,,,,,,,,,,,,,
6,0,5.081441879272461,,138,,0,96,,,1.2110330909490585,5,9144320,185,,,266.5,,0.0664306640625,0.36340007185935974,14258,3e-05,0.08,0.0001125944050727412,-0.38042990397661924,0.1359337568283081,0.0009695436,1.0680889914627187,,,,,,,,,,,,,,,,,,,,,,,,,,,,,
6,0,,,,,,96,,,1.2110330909490585,,,,,,,,0.054443359375,1.318122386932373,14266,3e-05,0.08,-0.0005789403090602719,-0.39229075047187506,0.20407098531723022,0.00093370135,0.846238121393253,27.583333333333332,278,0.006781466796585998,0.001562544104353138,0.6640461683273315,1925,0.47016059027777785,0.1444155844155844,,,,,,,,,,,,,,,,,,,,,
,,,,,,,,,,,,,,,,,,,,,,,,,,,,,,,,,,,,4,0.94,5.470268711298704,5452800,247.84,2.086572203065738,81.74566899842462,0,,,,,,,,,,,,,
,,,,,,,,,,,,,,,,,,,,,,,,,,,,,,,,,,,,4,0.56,4.586880262196064,5452800,299.56,2.848432322063807,126.08015862934184,1,,,,,,,,,,,,,
,,,,,,,,,,,,,,,,,,,,,,,,,,,,,,,,,,,,4,,,5452800,,,,,0.3799999999999999,0,217.8,1,0.94,0.56,6.0,0,0,0.94,0.94,0,0.0
6,0,4.972439765930176,4,3,440,0,96,11,0.0056,1.2110330909490585,1,9149440,1678,3e-05,15,269.78,5452800,,,,,,,,,,,,,,,,,,,,,,,,,,,,,,,,,,,,,,,
6,0,5.088987350463867,,36,,0,96,,,1.2110330909490585,2,9154560,278,,,266.31,,0.082861328125,0.4953576624393463,14274,3e-05,0.08,-0.0003064250195166096,-0.41038438295945523,0.33782774209976196,0.0012314694,0.9919392841518857,,,,,,,,,,,,,,,,,,,,,,,,,,,,,
6,6,5.24221658706665,,76,,6,102,,,1.274759126206239,3,9159680,199,,,260.11,,0.0525634765625,0.5922516584396362,14282,3e-05,0.08,-1.3434342690743506e-05,-0.4100937670096755,0.24947410821914673,0.0009018762,1.0723418405104894,,,,,,,,,,,,,,,,,,,,,,,,,,,,,
6,0,5.234808444976807,,115,,0,102,,,1.274759126206239,4,9164800,177,,,261.73,,0.0578857421875,0.2954908609390259,14290,3e-05,0.08,-0.00010417556331958622,-0.38869597255252303,0.2477627396583557,0.0011914021,0.8155550141760614,,,,,,,,,,,,,,,,,,,,,,,,,,,,,
6,0,5.349954605102539,,153,,0,102,,,1.274759126206239,5,9169920,166,,,256.48,,0.070263671875,1.2782210111618042,14298,3e-05,0.08,0.0002390066103544086,-0.40780502604320645,0.22511786222457886,0.0011831749,0.9857091420912184,,,,,,,,,,,,,,,,,,,,,,,,,,,,,
6,0,,,,,,102,,,1.274759126206239,,,,,,,,0.0646728515625,0.05304811894893646,14306,3e-05,0.08,-3.7646718556061384e-05,-0.39294378347694875,0.16323745250701904,0.0007889334,0.5481261990498751,27.333333333333332,279,0.006777328605424512,0.0015595229792931579,0.6633124947547913,1925,0.46918402777777785,0.14493506493506494,,,,,,,,,,,,,,,,,,,,,
,,,,,,,,,,,,,,,,,,,,,,,,,,,,,,,,,,,,4,0.86,4.813079837560654,5478400,277.49,2.055903016807916,88.40480699599993,0,,,,,,,,,,,,,
,,,,,,,,,,,,,,,,,,,,,,,,,,,,,,,,,,,,4,0.58,4.4807991572842,5478400,293.73,3.2052044917216755,125.78480472616712,1,,,,,,,,,,,,,
,,,,,,,,,,,,,,,,,,,,,,,,,,,,,,,,,,,,4,,,5478400,,,,,0.28,0,217.8,0,0.86,0.58,6.0,0,0,0.86,0.86,0,0.0
6,0,5.2513933181762695,4,3,440,0,102,11,0.0058,1.274759126206239,1,9175040,1316,3e-05,15,261.94,5478400,,,,,,,,,,,,,,,,,,,,,,,,,,,,,,,,,,,,,,,
6,6,5.0205230712890625,,38,,6,108,,,1.2511853550871213,2,9180160,265,,,269.77,,0.0690673828125,0.3253417909145355,14314,3e-05,0.08,0.0008361016545677558,-0.40561824645847083,0.11504864692687988,0.0010893557,0.8184730722918175,,,,,,,,,,,,,,,,,,,,,,,,,,,,,
6,0,5.0418596267700195,,75,,0,108,,,1.2511853550871213,3,9185280,204,,,269.41,,0.0681884765625,0.04015761613845825,14322,3e-05,0.08,-0.0008532170933904127,-0.41969144260510804,0.13757705688476562,0.0013395405,0.8986760954896453,,,,,,,,,,,,,,,,,,,,,,,,,,,,,
6,0,4.794665336608887,,114,,0,108,,,1.2511853550871213,4,9190400,178,,,278.1,,0.0792236328125,0.9116268157958984,14330,3e-05,0.08,0.0002964706742204726,-0.4119073942769319,0.19204270839691162,0.0012939073,1.478103968454525,,,,,,,,,,,,,,,,,,,,,,,,,,,,,
6,0,4.599928379058838,,147,,0,108,,,1.2511853550871213,5,9195520,173,,,286.05,,0.07431640625,0.6707364916801453,14338,3e-05,0.08,0.0006174513750011101,-0.43201742470264437,0.15344804525375366,0.0011978317,0.8357591396692442,,,,,,,,,,,,,,,,,,,,,,,,,,,,,
6,0,,,,,,108,,,1.2511853550871213,,,,,,,,0.0762939453125,0.3151571452617645,14346,3e-05,0.08,0.00022271910129347816,-0.42246676636859776,0.1795494556427002,0.0013546689,0.6193607512686867,27.25,279,0.006741532304843044,0.0015320794035857178,0.6622424721717834,1925,0.4688585069444445,0.14493506493506494,,,,,,,,,,,,,,,,,,,,,
,,,,,,,,,,,,,,,,,,,,,,,,,,,,,,,,,,,,4,0.8,4.7575746344029906,5504000,281.46,2.292115050730003,96.88420098240994,0,,,,,,,,,,,,,
,,,,,,,,,,,,,,,,,,,,,,,,,,,,,,,,,,,,4,0.58,4.615335516929626,5504000,292.71,3.034214624498367,128.17771218117448,1,,,,,,,,,,,,,
,,,,,,,,,,,,,,,,,,,,,,,,,,,,,,,,,,,,4,,,5504000,,,,,0.22000000000000008,0,217.8,0,0.8,0.58,6.0,0,0,0.8,0.8,0,0.0
6,6,4.582719802856445,4,3,440,6,114,11,0.006,1.245111733675003,1,9200640,1342,3e-05,15,286.43,5504000,,,,,,,,,,,,,,,,,,,,,,,,,,,,,,,,,,,,,,,
6,0,4.5340256690979,,38,,0,114,,,1.245111733675003,2,9205760,267,,,288.0,,0.0806640625,0.7524570822715759,14354,3e-05,0.08,0.00012195883900858461,-0.4097213143017143,0.1832452416419983,0.0012651213,0.9834472482092679,,,,,,,,,,,,,,,,,,,,,,,,,,,,,
6,0,4.507864475250244,,72,,0,114,,,1.245111733675003,3,9210880,211,,,288.45,,0.088525390625,1.5352327823638916,14362,3e-05,0.08,0.001029184431536123,-0.42074808441102507,0.17853784561157227,0.001147238,1.1959208516171203,,,,,,,,,,,,,,,,,,,,,,,,,,,,,
6,0,4.2895827293396,,109,,0,114,,,1.245111733675003,4,9216000,187,,,295.91,,0.0658203125,0.023884398862719536,14370,3e-05,0.08,-0.0001574093141243793,-0.43095528017729523,0.20126640796661377,0.0009586482,1.2092089932179078,,,,,,,,,,,,,,,,,,,,,,,,,,,,,
6,6,4.441063404083252,,148,,6,120,,,1.1719176719586055,5,9221120,172,,,288.89,,0.07353515625,0.16104325652122498,14378,3e-05,0.08,0.00021965524938423188,-0.4119723507203162,0.14779895544052124,0.0007960571,1.2379412585520186,,,,,,,,,,,,,,,,,,,,,,,,,,,,,
6,6,,,,,,120,,,1.1719176719586055,,,,,,,,0.06328125,0.4201008975505829,14386,3e-05,0.08,-0.0001307196798734367,-0.4191772582475096,0.20167618989944458,0.000986703,0.9425632559927181,27.25,279,0.0067239444063317035,0.0015296714450054492,0.6612463593482971,1925,0.4688585069444445,0.14493506493506494,,,,,,,,,,,,,,,,,,,,,
,,,,,,,,,,,,,,,,,,,,,,,,,,,,,,,,,,,,4,0.94,5.658640317767858,5529600,240.47,2.0092438351198747,78.93382734924235,0,,,,,,,,,,,,,
,,,,,,,,,,,,,,,,,,,,,,,,,,,,,,,,,,,,4,0.49,4.309452985357493,5529600,310.35,3.058894574189325,133.67216426765896,1,,,,,,,,,,,,,
,,,,,,,,,,,,,,,,,,,,,,,,,,,,,,,,,,,,4,,,5529600,,,,,0.44999999999999996,0,217.8,1,0.94,0.49,6.0,0,0,0.94,0.94,0,0.0
6,0,4.641480922698975,4,3,440,0,120,11,0.006200000000000001,1.1719176719586055,1,9226240,1335,3e-05,15,279.44,5529600,,,,,,,,,,,,,,,,,,,,,,,,,,,,,,,,,,,,,,,
6,0,4.789263725280762,,41,,0,120,,,1.1719176719586055,2,9231360,249,,,271.08,,0.052587890625,0.8631312251091003,14394,3e-05,0.08,3.430583310546353e-05,-0.4328892602585256,0.14333075284957886,0.0006172814,1.341854436515132,,,,,,,,,,,,,,,,,,,,,,,,,,,,,
6,0,4.7598090171813965,,76,,0,120,,,1.1719176719586055,3,9236480,199,,,272.5,,0.066650390625,0.3093928396701813,14402,3e-05,0.08,0.0001770148446667008,-0.42929791575297716,0.15363377332687378,0.0021303103,0.8046109844464808,,,,,,,,,,,,,,,,,,,,,,,,,,,,,
6,6,4.825584888458252,,112,,6,126,,,1.1917524958650272,4,9241600,182,,,272.73,,0.0789794921875,0.007494648918509483,14410,3e-05,0.08,0.000971069055958651,-0.418940151296556,0.1707478165626526,0.0018370913,0.9503753981203772,,,,,,,,,,,,,,,,,,,,,,,,,,,,,
6,0,4.880281925201416,,150,,0,126,,,1.1917524958650272,5,9246720,169,,,272.28,,0.0793701171875,1.0157470703125,14418,3e-05,0.08,0.00011356676986906677,-0.4139936679974198,0.31956034898757935,0.0019559166,1.0633893436111976,,,,,,,,,,,,,,,,,,,,,,,,,,,,,
6,0,,,,,,126,,,1.1917524958650272,,,,,,,,0.0759033203125,0.5790172219276428,14426,3e-05,0.08,7.09699306753464e-05,-0.4188837784342468,0.19478297233581543,0.0018475445,0.8594745811948087,27.25,279,0.006721442829507281,0.0015236627436203344,0.6604884266853333,1925,0.4688585069444445,0.14493506493506494,,,,,,,,,,,,,,,,,,,,,
,,,,,,,,,,,,,,,,,,,,,,,,,,,,,,,,,,,,4,0.84,5.181266504228115,5555200,264.0,2.1468759422327297,93.56730198098052,0,,,,,,,,,,,,,
,,,,,,,,,,,,,,,,,,,,,,,,,,,,,,,,,,,,4,0.55,4.517958601005375,5555200,295.68,3.168719854647314,131.87546246364408,1,,,,,,,,,,,,,
,,,,,,,,,,,,,,,,,,,,,,,,,,,,,,,,,,,,4,,,5555200,,,,,0.2899999999999999,0,217.8,0,0.84,0.55,6.0,0,0,0.84,0.84,0,0.0
6,0,4.8972487449646,4,3,440,0,126,11,0.0064,1.1917524958650272,1,9251840,1368,3e-05,15,273.92,5555200,,,,,,,,,,,,,,,,,,,,,,,,,,,,,,,,,,,,,,,
6,0,5.011087894439697,,41,,0,126,,,1.1917524958650272,2,9256960,248,,,269.91,,0.05771484375,0.449587881565094,14434,3e-05,0.08,-0.00025306362949777393,-0.4300539290998131,0.2441142201423645,0.0011730979,1.2914874968410004,,,,,,,,,,,,,,,,,,,,,,,,,,,,,
6,6,5.112229824066162,,78,,6,132,,,1.2699533998966217,3,9262080,196,,,266.9,,0.0665771484375,1.672745943069458,14442,3e-05,0.08,-0.00027689694106811655,-0.4261477682739496,0.22271865606307983,0.00135906,1.1754553037695588,,,,,,,,,,,,,,,,,,,,,,,,,,,,,
6,0,5.211050987243652,,116,,0,132,,,1.2699533998966217,4,9267200,175,,,260.53,,0.0912841796875,0.1518108993768692,14450,3e-05,0.08,0.001040007830306422,-0.4492180791683495,0.23268520832061768,0.0010373069,0.7648578165622893,,,,,,,,,,,,,,,,,,,,,,,,,,,,,
6,0,5.208433151245117,,154,,0,132,,,1.2699533998966217,5,9272320,165,,,259.68,,0.08251953125,0.1373724788427353,14458,3e-05,0.08,3.642447991296649e-05,-0.4278919806703925,0.2943890690803528,0.0017609267,0.6837435778143117,,,,,,,,,,,,,,,,,,,,,,,,,,,,,
6,0,,,,,,132,,,1.2699533998966217,,,,,,,,0.0796142578125,0.32324865460395813,14466,3e-05,0.08,0.00040032238757703453,-0.43932337798178195,0.12720012664794922,0.002004305,0.7525588990363759,27.083333333333332,279,0.006739850135315746,0.0015285722131524555,0.6611466407775879,1925,0.46820746527777785,0.14493506493506494,,,,,,,,,,,,,,,,,,,,,
,,,,,,,,,,,,,,,,,,,,,,,,,,,,,,,,,,,,4,0.87,5.0077745272498575,5580800,269.52,2.2145502563819774,92.14906185089461,0,,,,,,,,,,,,,
,,,,,,,,,,,,,,,,,,,,,,,,,,,,,,,,,,,,4,0.49,4.0954452734440565,5580800,316.07,3.0582089905045255,128.29865587760457,1,,,,,,,,,,,,,
,,,,,,,,,,,,,,,,,,,,,,,,,,,,,,,,,,,,4,,,5580800,,,,,0.38,0,217.8,0,0.87,0.49,6.0,0,0,0.87,0.87,0,0.0
6,6,5.338006496429443,4,3,440,6,138,11,0.0066,1.3301390086611111,1,9277440,1351,3e-05,15,252.89,5580800,,,,,,,,,,,,,,,,,,,,,,,,,,,,,,,,,,,,,,,
6,0,5.246086597442627,,41,,0,138,,,1.3301390086611111,2,9282560,249,,,256.8,,0.07861328125,0.03218657523393631,14474,3e-05,0.08,2.6413012528792022e-05,-0.4280279642902315,0.14352387189865112,0.0013973933,0.7136300593032502,,,,,,,,,,,,,,,,,,,,,,,,,,,,,
6,0,5.351623058319092,,79,,0,138,,,1.3301390086611111,3,9287680,192,,,253.7,,0.081396484375,0.455553263425827,14482,3e-05,0.08,-0.00022936680470593275,-0.44174548354931176,0.24029195308685303,0.001358353,1.073603111616103,,,,,,,,,,,,,,,,,,,,,,,,,,,,,
6,0,5.315066337585449,,118,,0,138,,,1.3301390086611111,4,9292800,173,,,255.81,,0.0692626953125,1.1709226369857788,14490,3e-05,0.08,0.00019576814374886454,-0.4409280652180314,0.33242034912109375,0.00078251184,0.9851481460733339,,,,,,,,,,,,,,,,,,,,,,,,,,,,,
6,6,5.320248603820801,,155,,6,144,,,1.3860455925265949,5,9297920,164,,,255.56,,0.075634765625,0.7021831274032593,14498,3e-05,0.08,0.00019325032189954072,-0.424591251462698,0.3711962103843689,0.0010189663,0.6236697959946469,,,,,,,,,,,,,,,,,,,,,,,,,,,,,
6,6,,,,,,144,,,1.3860455925265949,,,,,,,,0.0539306640625,0.18047156929969788,14506,3e-05,0.08,0.00014159331185510383,-0.4217974070459604,0.30662214756011963,0.0008836327,0.774505493871402,26.833333333333332,279,0.0067419783871573505,0.0015238498021035638,0.6605693101882935,1925,0.4666883680555555,0.14493506493506494,,,,,,,,,,,,,,,,,,,,,
,,,,,,,,,,,,,,,,,,,,,,,,,,,,,,,,,,,,4,0.9,4.925865232646466,5606400,270.78,2.0304852579881634,83.78455466253908,0,,,,,,,,,,,,,
,,,,,,,,,,,,,,,,,,,,,,,,,,,,,,,,,,,,4,0.61,4.762668782174587,5606400,286.95,2.9362174570102964,124.14647598703718,1,,,,,,,,,,,,,
,,,,,,,,,,,,,,,,,,,,,,,,,,,,,,,,,,,,4,,,5606400,,,,,0.29000000000000004,0,217.8,0,0.9,0.61,6.0,0,0,0.9,0.9,0,0.0
6,0,5.178953170776367,4,4,440,0,144,11,0.0068000000000000005,1.3860455925265949,1,9303040,1255,3e-05,15,259.59,5606400,,,,,,,,,,,,,,,,,,,,,,,,,,,,,,,,,,,,,,,
6,0,5.131742000579834,,43,,0,144,,,1.3860455925265949,2,9308160,234,,,260.65,,0.0467529296875,0.6223284006118774,14514,3e-05,0.08,-8.115904638543725e-05,-0.4305598160251975,0.4575122594833374,0.00082506676,0.7960584571643267,,,,,,,,,,,,,,,,,,,,,,,,,,,,,
6,0,5.16757869720459,,79,,0,144,,,1.3860455925265949,3,9313280,193,,,258.69,,0.0659912109375,0.06123494729399681,14522,3e-05,0.08,-0.00010998696234310046,-0.4385161315090954,0.7182488441467285,0.0008890772,0.6417068008508068,,,,,,,,,,,,,,,,,,,,,,,,,,,,,
6,6,5.142822742462158,,119,,6,150,,,1.3528042286634445,4,9318400,171,,,259.09,,0.051123046875,0.19550666213035583,14530,3e-05,0.08,-0.0005827588203828782,-0.4183896772097796,0.5994549989700317,0.0007949613,0.9567524052166846,,,,,,,,,,,,,,,,,,,,,,,,,,,,,
6,0,5.1598358154296875,,155,,0,150,,,1.3528042286634445,5,9323520,164,,,258.18,,0.060546875,0.7628775835037231,14538,3e-05,0.08,0.0002450000400131103,-0.4161064668558538,0.516404390335083,0.0011660852,0.9362253827683162,,,,,,,,,,,,,,,,,,,,,,,,,,,,,
6,0,,,,,,150,,,1.3528042286634445,,,,,,,,0.05341796875,0.00674002431333065,14546,3e-05,0.08,-0.00014708212111145258,-0.4275707134976983,0.5417759418487549,0.00094278937,1.0248748454148882,26.833333333333332,279,0.00678517118093707,0.0015616499302753975,0.660136878490448,1925,0.4666883680555555,0.14493506493506494,,,,,,,,,,,,,,,,,,,,,
,,,,,,,,,,,,,,,,,,,,,,,,,,,,,,,,,,,,4,0.87,4.887490621209144,5632000,272.56,2.1267862676502998,88.2228224440819,0,,,,,,,,,,,,,
,,,,,,,,,,,,,,,,,,,,,,,,,,,,,,,,,,,,4,0.56,4.507795088738203,5632000,299.92,2.9334075282116565,126.68430684185,1,,,,,,,,,,,,,
,,,,,,,,,,,,,,,,,,,,,,,,,,,,,,,,,,,,4,,,5632000,,,,,0.30999999999999994,0,217.8,0,0.87,0.56,6.0,0,0,0.87,0.87,0,0.0
6,0,5.121328830718994,4,3,440,0,150,11,0.007,1.3528042286634445,1,9328640,1376,3e-05,15,259.64,5632000,,,,,,,,,,,,,,,,,,,,,,,,,,,,,,,,,,,,,,,
6,0,5.080942630767822,,39,,0,150,,,1.3528042286634445,2,9333760,261,,,262.71,,0.0860595703125,0.46978193521499634,14554,3e-05,0.08,0.0007485246227588504,-0.4556118660606444,0.5644787549972534,0.0013745616,1.090857335785404,,,,,,,,,,,,,,,,,,,,,,,,,,,,,
6,6,4.895629405975342,,75,,6,156,,,1.2054377620418866,3,9338880,204,,,270.7,,0.0845947265625,0.3217988610267639,14562,3e-05,0.08,8.251885883510112e-05,-0.44316037334501746,0.5133225917816162,0.001176189,1.093616816122085,,,,,,,,,,,,,,,,,,,,,,,,,,,,,
6,0,5.042485237121582,,115,,0,156,,,1.2054377620418866,4,9344000,177,,,265.04,,0.08330078125,1.574589490890503,14570,3e-05,0.08,0.0003904121564119123,-0.42221734500490127,0.332164466381073,0.0014023168,1.45586664051516,,,,,,,,,,,,,,,,,,,,,,,,,,,,,
6,0,4.808639049530029,,150,,0,156,,,1.2054377620418866,5,9349120,170,,,275.18,,0.06982421875,2.111173391342163,14578,3e-05,0.08,0.000164366043463815,-0.4150043183006346,0.3332294225692749,0.0022493943,1.1323893779073841,,,,,,,,,,,,,,,,,,,,,,,,,,,,,
6,0,,,,,,156,,,1.2054377620418866,,,,,,,,0.086572265625,0.10081824660301208,14586,3e-05,0.08,0.00022032406704965978,-0.4408866464626044,0.5459939241409302,0.0014986598,0.8360534934850875,26.916666666666668,279,0.006746608140445027,0.001546179425861605,0.6602539420127869,1925,0.46701388888888884,0.14493506493506494,,,,,,,,,,,,,,,,,,,,,
,,,,,,,,,,,,,,,,,,,,,,,,,,,,,,,,,,,,4,0.9,4.631570713371039,5657600,280.76,2.2609161734747882,89.84966555307817,0,,,,,,,,,,,,,
,,,,,,,,,,,,,,,,,,,,,,,,,,,,,,,,,,,,4,0.44,3.889013054445386,5657600,328.36,2.9493398283047885,127.41212815113012,1,,,,,,,,,,,,,
,,,,,,,,,,,,,,,,,,,,,,,,,,,,,,,,,,,,4,,,5657600,,,,,0.46,0,217.8,0,0.9,0.44,6.0,0,0,0.9,0.9,0,0.0
6,0,4.771255970001221,4,773,440,0,156,11,0.0072,1.2054377620418866,1,9354240,6,3e-05,15,277.48,5657600,,,,,,,,,,,,,,,,,,,,,,,,,,,,,,,,,,,,,,,
6,6,5.016892433166504,,822,,6,162,,,1.249749521414439,2,9359360,12,,,269.63,,0.07294921875,0.16124212741851807,14594,3e-05,0.08,0.0004167930077528581,-0.42905880864709617,0.5734829902648926,0.0009490869,0.9548444734828081,,,,,,,,,,,,,,,,,,,,,,,,,,,,,
6,0,4.935333728790283,,860,,0,162,,,1.249749521414439,3,9364480,17,,,272.91,,0.0885498046875,0.23396679759025574,14602,3e-05,0.08,-0.0002331442927243188,-0.4013450748287141,0.6130458116531372,0.0013006662,1.1187113768130075,,,,,,,,,,,,,,,,,,,,,,,,,,,,,
6,0,4.7992963790893555,,899,,0,162,,,1.249749521414439,4,9369600,22,,,277.19,,0.076025390625,0.42439669370651245,14610,3e-05,0.08,-0.00025077415048144756,-0.40655028629116713,0.6684538125991821,0.0010980407,0.7385835086868611,,,,,,,,,,,,,,,,,,,,,,,,,,,,,
6,0,5.005134105682373,,945,,0,162,,,1.249749521414439,5,9374720,27,,,267.02,,0.0624267578125,1.0942753553390503,14618,3e-05,0.08,2.2221851395443082e-05,-0.40088204103522,0.6605918407440186,0.001106164,0.937387985677924,,,,,,,,,,,,,,,,,,,,,,,,,,,,,
6,0,,,,,,162,,,1.249749521414439,,,,,,,,0.07646484375,0.017346596345305443,14626,3e-05,0.08,0.0004616956750396639,-0.408122056722641,0.467218279838562,0.0018468222,0.7880536792712519,26.833333333333332,279,0.006796837160707164,0.00157497989517149,0.660195529460907,1925,0.4666883680555555,0.14493506493506494,,,,,,,,,,,,,,,,,,,,,
,,,,,,,,,,,,,,,,,,,,,,,,,,,,,,,,,,,,4,0.86,5.098291604518891,5683200,265.53,2.0474549125583326,86.86373869457842,0,,,,,,,,,,,,,
,,,,,,,,,,,,,,,,,,,,,,,,,,,,,,,,,,,,4,0.6,5.037129956372082,5683200,280.15,2.941452178626312,131.93205637751578,1,,,,,,,,,,,,,
,,,,,,,,,,,,,,,,,,,,,,,,,,,,,,,,,,,,4,,,5683200,,,,,0.26,0,217.8,0,0.86,0.6,6.0,0,0,0.86,0.86,0,0.0
6,6,5.2361040115356445,4,3,440,6,168,11,0.0073999999999999995,1.3362881417075794,1,9379840,1410,3e-05,15,258.66,5683200,,,,,,,,,,,,,,,,,,,,,,,,,,,,,,,,,,,,,,,
6,0,5.205032825469971,,42,,0,168,,,1.3362881417075794,2,9384960,241,,,257.38,,0.059228515625,0.22669176757335663,14634,3e-05,0.08,0.00011610989167820662,-0.4160882467404008,0.5992680788040161,0.001324513,0.9341309852374252,,,,,,,,,,,,,,,,,,,,,,,,,,,,,
6,0,5.337552547454834,,78,,0,168,,,1.3362881417075794,3,9390080,195,,,250.62,,0.0612060546875,0.2990824282169342,14642,3e-05,0.08,-0.0007723408867605031,-0.4069894543848932,0.7385923862457275,0.0008952422,0.7526930957043078,,,,,,,,,,,,,,,,,,,,,,,,,,,,,
6,0,5.477686882019043,,116,,0,168,,,1.3362881417075794,4,9395200,175,,,245.33,,0.062744140625,0.8543661236763,14650,3e-05,0.08,0.00011666042701108381,-0.4095950251445174,0.6584600210189819,0.0009764865,0.8307071950053796,,,,,,,,,,,,,,,,,,,,,,,,,,,,,
6,6,5.4019036293029785,,155,,6,174,,,1.373806854089101,5,9400320,164,,,247.06,,0.0681640625,0.01607518643140793,14658,3e-05,0.08,0.00018056823901133612,-0.4154757894575596,0.7586126327514648,0.0007596521,0.7589673266571481,,,,,,,,,,,,,,,,,,,,,,,,,,,,,
6,6,,,,,,174,,,1.373806854089101,,,,,,,,0.075439453125,0.09796643257141113,14666,3e-05,0.08,3.1032453989610076e-05,-0.3992177209816873,0.733751118183136,0.0011542987,0.859046902495902,26.666666666666668,279,0.006841394746253801,0.0016192359057328072,0.6599846482276917,1925,0.46603732638888884,0.14493506493506494,,,,,,,,,,,,,,,,,,,,,
,,,,,,,,,,,,,,,,,,,,,,,,,,,,,,,,,,,,4,0.8,4.826818020045757,5708800,280.7,2.2531699624963544,99.33675050050712,0,,,,,,,,,,,,,
,,,,,,,,,,,,,,,,,,,,,,,,,,,,,,,,,,,,4,0.61,4.929291495084763,5708800,281.07,3.0118665912905467,128.84333548926773,1,,,,,,,,,,,,,
,,,,,,,,,,,,,,,,,,,,,,,,,,,,,,,,,,,,4,,,5708800,,,,,0.19000000000000006,0,217.8,0,0.8,0.61,6.0,0,0,0.8,0.8,0,0.0
6,0,5.175843715667725,4,3,440,0,174,11,0.007599999999999999,1.373806854089101,1,9405440,1382,3e-05,15,256.71,5708800,,,,,,,,,,,,,,,,,,,,,,,,,,,,,,,,,,,,,,,
6,0,5.264953136444092,,42,,0,174,,,1.373806854089101,2,9410560,241,,,255.1,,0.05751953125,0.189782977104187,14674,3e-05,0.08,0.0003921517010894604,-0.4124457077123225,0.7247685194015503,0.00078266347,1.1435271718190052,,,,,,,,,,,,,,,,,,,,,,,,,,,,,
6,0,5.414803981781006,,81,,0,174,,,1.373806854089101,3,9415680,188,,,249.95,,0.06904296875,0.2288355976343155,14682,3e-05,0.08,-0.00028696415829472245,-0.4031505914404988,0.6882380843162537,0.0010983713,1.2998822494701017,,,,,,,,,,,,,,,,,,,,,,,,,,,,,
6,6,5.263305187225342,,127,,6,180,,,1.3445603003104527,4,9420800,160,,,255.82,,0.0703857421875,0.31684252619743347,14690,3e-05,0.08,0.0004202903262921609,-0.40899507598951457,0.6123082637786865,0.0011185402,1.0165909021277912,,,,,,,,,,,,,,,,,,,,,,,,,,,,,
6,0,5.310043811798096,,164,,0,180,,,1.3445603003104527,5,9425920,155,,,255.66,,0.0700927734375,0.9771658182144165,14698,3e-05,0.08,0.0003062209114432335,-0.3802976945415139,0.7126767635345459,0.0015544165,0.8622957817162387,,,,,,,,,,,,,,,,,,,,,,,,,,,,,
6,0,,,,,,180,,,1.3445603003104527,,,,,,,,0.10888671875,0.29767951369285583,14706,3e-05,0.08,0.00179193397925701,-0.3900450193323195,0.6703356504440308,0.002374899,1.047291012853384,26.5,279,0.006820398216368413,0.0015897884821986874,0.6594811081886292,1925,0.46484375,0.14493506493506494,,,,,,,,,,,,,,,,,,,,,
,,,,,,,,,,,,,,,,,,,,,,,,,,,,,,,,,,,,4,0.86,5.013662140779197,5734400,268.11,2.139109186541268,90.74997465564384,0,,,,,,,,,,,,,
,,,,,,,,,,,,,,,,,,,,,,,,,,,,,,,,,,,,4,0.51,4.264443010166287,5734400,305.89,3.205690397962527,132.48968978754536,1,,,,,,,,,,,,,
,,,,,,,,,,,,,,,,,,,,,,,,,,,,,,,,,,,,4,,,5734400,,,,,0.35,0,217.8,0,0.86,0.51,6.0,0,0,0.86,0.86,0,0.0
6,0,5.2811055183410645,4,4,440,0,180,11,0.007799999999999999,1.3445603003104527,1,9431040,1278,3e-05,15,256.81,5734400,,,,,,,,,,,,,,,,,,,,,,,,,,,,,,,,,,,,,,,
6,0,5.487550735473633,,40,,0,180,,,1.3445603003104527,2,9436160,255,,,248.12,,0.070458984375,0.651056706905365,14714,3e-05,0.08,0.000579768989700824,-0.38355298871174454,0.5347080230712891,0.0011500583,1.2738238393387291,,,,,,,,,,,,,,,,,,,,,,,,,,,,,
6,6,5.319326877593994,,82,,6,186,,,1.3376790260275204,3,9441280,185,,,255.76,,0.079638671875,1.1983537673950195,14722,3e-05,0.08,0.0011074381473008543,-0.4010097490623593,0.3150712251663208,0.0011456729,1.6674939877120778,,,,,,,,,,,,,,,,,,,,,,,,,,,,,
6,0,5.208844184875488,,118,,0,186,,,1.3376790260275204,4,9446400,172,,,261.0,,0.06396484375,0.07226577401161194,14730,3e-05,0.08,-0.0014395700593013317,-0.38155643572099507,0.43960636854171753,0.0010561481,0.844712543033529,,,,,,,,,,,,,,,,,,,,,,,,,,,,,
6,0,5.002442836761475,,154,,0,186,,,1.3376790260275204,5,9451520,165,,,268.4,,0.060986328125,0.23529702425003052,14738,3e-05,0.08,0.0001958705222932622,-0.3997084758710116,0.3827883005142212,0.0011637675,0.6366988158755703,,,,,,,,,,,,,,,,,,,,,,,,,,,,,
6,0,,,,,,186,,,1.3376790260275204,,,,,,,,0.07607421875,0.47302860021591187,14746,3e-05,0.08,0.0004406939639011398,-0.3781715150456876,0.5415763258934021,0.0013380387,0.8113065383280628,26.666666666666668,279,0.0068032195185554365,0.0015859996966019368,0.6598314642906189,1925,0.4654947916666667,0.14493506493506494,,,,,,,,,,,,,,,,,,,,,
,,,,,,,,,,,,,,,,,,,,,,,,,,,,,,,,,,,,4,0.84,5.112741346359253,5760000,267.05,2.126390105026749,93.42562549964545,0,,,,,,,,,,,,,
,,,,,,,,,,,,,,,,,,,,,,,,,,,,,,,,,,,,4,0.46,4.141990596950055,5760000,318.71,3.0097410998645593,132.7472255830607,1,,,,,,,,,,,,,
,,,,,,,,,,,,,,,,,,,,,,,,,,,,,,,,,,,,4,,,5760000,,,,,0.37999999999999995,0,217.8,0,0.84,0.46,6.0,0,0,0.84,0.84,0,0.0
6,0,5.160989284515381,4,4,440,0,186,11,0.007999999999999998,1.3376790260275204,1,9456640,1250,3e-05,15,263.48,5760000,,,,,,,,,,,,,,,,,,,,,,,,,,,,,,,,,,,,,,,
6,6,5.005862236022949,,43,,6,192,,,1.2693880423903465,2,9461760,236,,,268.64,,0.0708251953125,0.030355367809534073,14754,3e-05,0.08,0.0002720993885304779,-0.4110854908823967,0.5687773823738098,0.0013391465,0.8427877621434163,,,,,,,,,,,,,,,,,,,,,,,,,,,,,
6,0,4.979919910430908,,86,,0,192,,,1.2693880423903465,3,9466880,178,,,269.34,,0.069775390625,0.08299221843481064,14762,3e-05,0.08,0.0005177248778636568,-0.41241245055571196,0.6928523182868958,0.0012325032,1.0191909954650327,,,,,,,,,,,,,,,,,,,,,,,,,,,,,
6,0,4.985937118530273,,121,,0,192,,,1.2693880423903465,4,9472000,168,,,269.79,,0.068701171875,0.5344083905220032,14770,3e-05,0.08,0.0005384627802413888,-0.4251710551790893,0.6190314888954163,0.00096419256,1.257975653698668,,,,,,,,,,,,,,,,,,,,,,,,,,,,,
6,0,5.185877799987793,,165,,0,192,,,1.2693880423903465,5,9477120,154,,,261.07,,0.060546875,0.4002668261528015,14778,3e-05,0.08,-0.0004941549676004797,-0.42266874145716427,0.6684583425521851,0.00084626686,1.1100929286854808,,,,,,,,,,,,,,,,,,,,,,,,,,,,,
6,0,,,,,,192,,,1.2693880423903465,,,,,,,,0.08427734375,0.5748776793479919,14786,3e-05,0.08,0.0005838159398990683,-0.42190822307020426,0.557339072227478,0.0010824393,1.1513868073117919,26.583333333333332,279,0.0067824232050886805,0.0015699210076467274,0.6589922308921814,1925,0.4651692708333333,0.14493506493506494,,,,,,,,,,,,,,,,,,,,,
,,,,,,,,,,,,,,,,,,,,,,,,,,,,,,,,,,,,4,0.82,5.092747761011124,5785600,268.12,2.247208652757919,96.39318233153215,0,,,,,,,,,,,,,
,,,,,,,,,,,,,,,,,,,,,,,,,,,,,,,,,,,,4,0.46,3.9576417621970177,5785600,318.73,3.2225080292440516,132.945617077059,1,,,,,,,,,,,,,
,,,,,,,,,,,,,,,,,,,,,,,,,,,,,,,,,,,,4,,,5785600,,,,,0.35999999999999993,0,217.8,0,0.82,0.46,6.0,0,0,0.82,0.82,0,0.0
6,6,5.184016227722168,4,3,440,6,198,11,0.008199999999999999,1.2630483234922092,1,9482240,1309,3e-05,15,261.21,5785600,,,,,,,,,,,,,,,,,,,,,,,,,,,,,,,,,,,,,,,
6,0,4.989658355712891,,40,,0,198,,,1.2630483234922092,2,9487360,254,,,271.22,,0.0732666015625,0.18350750207901,14794,3e-05,0.08,-0.00036426978185772897,-0.4286956418305635,0.5157455205917358,0.0014343305,1.214776652364526,,,,,,,,,,,,,,,,,,,,,,,,,,,,,
6,0,4.9436140060424805,,79,,0,198,,,1.2630483234922092,3,9492480,192,,,274.02,,0.0775390625,1.656326174736023,14802,3e-05,0.08,0.00017472621111664922,-0.4241000291891396,0.4758491516113281,0.001439666,1.1708164586219936,,,,,,,,,,,,,,,,,,,,,,,,,,,,,
6,6,4.950453281402588,,113,,6,204,,,1.168431354065736,4,9497600,180,,,272.12,,0.0738525390625,0.2536737322807312,14810,3e-05,0.08,0.00044965066335862504,-0.42083832509815694,0.5562336444854736,0.0012455739,0.8786276994156651,,,,,,,,,,,,,,,,,,,,,,,,,,,,,
6,0,5.102084159851074,,155,,0,204,,,1.168431354065736,5,9502720,164,,,264.77,,0.0603759765625,0.7489928603172302,14818,3e-05,0.08,-0.0004895819147350267,-0.42882733764126896,0.21881699562072754,0.0012070312,1.5224068970012012,,,,,,,,,,,,,,,,,,,,,,,,,,,,,
6,0,,,,,,204,,,1.168431354065736,,,,,,,,0.0684326171875,0.917233407497406,14826,3e-05,0.08,-0.0004428232612553984,-0.4106784421950579,0.005544602870941162,0.0014963525,1.391501682595117,26.75,273,0.006762716763716817,0.001598985201970403,0.6586211323738098,1925,0.4658203125,0.14181818181818182,,,,,,,,,,,,,,,,,,,,,
,,,,,,,,,,,,,,,,,,,,,,,,,,,,,,,,,,,,4,0.88,5.227784260511398,5811200,259.12,2.1574464780025964,89.30411860603071,0,,,,,,,,,,,,,
,,,,,,,,,,,,,,,,,,,,,,,,,,,,,,,,,,,,4,0.5,4.285159552097321,5811200,308.0,3.163299735465841,133.05728089811547,1,,,,,,,,,,,,,
,,,,,,,,,,,,,,,,,,,,,,,,,,,,,,,,,,,,4,,,5811200,,,,,0.38,0,217.8,0,0.88,0.5,6.0,0,0,0.88,0.88,0,0.0
6,0,4.960955619812012,4,3,440,0,204,11,0.008399999999999998,1.168431354065736,1,9507840,1337,3e-05,15,272.04,5811200,,,,,,,,,,,,,,,,,,,,,,,,,,,,,,,,,,,,,,,
6,0,4.7855730056762695,,45,,0,204,,,1.168431354065736,2,9512960,227,,,278.53,,0.0693359375,0.24914324283599854,14834,3e-05,0.08,0.00045839658996555955,-0.4213749025017023,0.20978999137878418,0.0023744975,1.0854979495547012,,,,,,,,,,,,,,,,,,,,,,,,,,,,,
6,6,4.846548080444336,,77,,6,210,,,1.1714363793532054,3,9518080,197,,,275.75,,0.0654052734375,0.0126009127125144,14842,3e-05,0.08,0.00011006397908204235,-0.38971003983169794,0.22186100482940674,0.00069184526,0.8298253772896714,,,,,,,,,,,,,,,,,,,,,,,,,,,,,
6,0,5.053703784942627,,116,,0,210,,,1.1714363793532054,4,9523200,175,,,267.84,,0.077294921875,0.24685919284820557,14850,3e-05,0.08,0.00013990135921631007,-0.4016015547327697,0.36441570520401,0.0014905244,1.0024593695852673,,,,,,,,,,,,,,,,,,,,,,,,,,,,,
6,0,4.786510944366455,,154,,0,210,,,1.1714363793532054,5,9528320,165,,,277.33,,0.0762939453125,0.1825711727142334,14858,3e-05,0.08,0.0005839945457410068,-0.41464956547133625,0.43478596210479736,0.0012407235,1.147173855980509,,,,,,,,,,,,,,,,,,,,,,,,,,,,,
6,0,,,,,,210,,,1.1714363793532054,,,,,,,,0.064404296875,0.2152332365512848,14866,3e-05,0.08,-3.7557292671408504e-05,-0.4280089162290096,0.4549555778503418,0.001169936,1.2129786091449204,26.666666666666668,271,0.006729920925273515,0.0015621638264624713,0.6576029658317566,1925,0.4649522569444445,0.14077922077922078,,,,,,,,,,,,,,,,,,,,,
,,,,,,,,,,,,,,,,,,,,,,,,,,,,,,,,,,,,4,0.87,5.288406223654747,5836800,258.79,2.010836571120911,86.26798884870333,0,,,,,,,,,,,,,
,,,,,,,,,,,,,,,,,,,,,,,,,,,,,,,,,,,,4,0.43,3.7987778089940547,5836800,327.3,3.200723131432388,130.93353275612785,1,,,,,,,,,,,,,
,,,,,,,,,,,,,,,,,,,,,,,,,,,,,,,,,,,,4,,,5836800,,,,,0.44,0,217.8,0,0.87,0.43,6.0,0,0,0.87,0.87,0,0.0
6,0,4.596867561340332,4,3,440,0,210,11,0.008599999999999997,1.1714363793532054,1,9533440,1540,3e-05,15,287.67,5836800,,,,,,,,,,,,,,,,,,,,,,,,,,,,,,,,,,,,,,,
6,6,4.712985515594482,,34,,6,216,,,1.1814621612429619,2,9538560,296,,,281.29,,0.0583984375,0.30878928303718567,14874,3e-05,0.08,-0.0002547146723372862,-0.4036761830095202,0.4778379201889038,0.0010342406,1.1849513552850113,,,,,,,,,,,,,,,,,,,,,,,,,,,,,
6,0,4.979775905609131,,68,,0,216,,,1.1814621612429619,3,9543680,223,,,268.75,,0.050634765625,0.2343153953552246,14882,3e-05,0.08,0.0003713222948135808,-0.40966481240466235,0.2905510663986206,0.0009849105,1.5937013217480853,,,,,,,,,,,,,,,,,,,,,,,,,,,,,
6,0,4.947185516357422,,101,,0,216,,,1.1814621612429619,4,9548800,201,,,270.12,,0.056787109375,0.13397753238677979,14890,3e-05,0.08,-0.0007458670996129512,-0.41630646856501696,0.35060083866119385,0.001145622,0.8679222937556915,,,,,,,,,,,,,,,,,,,,,,,,,,,,,
6,0,5.017098426818848,,132,,0,216,,,1.1814621612429619,5,9553920,192,,,268.13,,0.070361328125,0.3989253342151642,14898,3e-05,0.08,0.000439561007078737,-0.426070346403867,0.3562425374984741,0.0016472221,0.8667284453171306,,,,,,,,,,,,,,,,,,,,,,,,,,,,,
6,0,,,,,,216,,,1.1814621612429619,,,,,,,,0.08359375,0.22179020941257477,14906,3e-05,0.08,-0.00031079674954526126,-0.4318934717215598,0.306496798992157,0.0016773224,0.8612973287003115,26.416666666666668,280,0.006732658101680065,0.0015536469385594891,0.6584543585777283,1925,0.4639756944444445,0.14545454545454545,,,,,,,,,,,,,,,,,,,,,
,,,,,,,,,,,,,,,,,,,,,,,,,,,,,,,,,,,,4,0.85,5.191404682546854,5862400,262.79,2.2644258621640705,95.94605724051405,0,,,,,,,,,,,,,
,,,,,,,,,,,,,,,,,,,,,,,,,,,,,,,,,,,,4,0.5,4.2895472751185295,5862400,308.39,3.1237670533729713,132.6350553209822,1,,,,,,,,,,,,,
,,,,,,,,,,,,,,,,,,,,,,,,,,,,,,,,,,,,4,,,5862400,,,,,0.35,0,217.8,0,0.85,0.5,6.0,0,0,0.85,0.85,0,0.0
6,6,5.251736640930176,4,4,440,6,222,11,0.008799999999999997,1.2740985030929248,1,9559040,1250,3e-05,15,256.82,5862400,,,,,,,,,,,,,,,,,,,,,,,,,,,,,,,,,,,,,,,
6,0,5.125295639038086,,41,,0,222,,,1.2740985030929248,2,9564160,247,,,262.98,,0.06240234375,0.39556437730789185,14914,3e-05,0.08,0.0005617813294520602,-0.40972372530959544,0.3032156825065613,0.001067869,0.9160569352854508,,,,,,,,,,,,,,,,,,,,,,,,,,,,,
6,0,5.169432163238525,,72,,0,222,,,1.2740985030929248,3,9569280,210,,,261.25,,0.0707763671875,0.1233786940574646,14922,3e-05,0.08,0.00026775587466545405,-0.4154553464613855,0.5756977796554565,0.0009616255,0.9112179780029692,,,,,,,,,,,,,,,,,,,,,,,,,,,,,
6,0,5.294745922088623,,113,,0,222,,,1.2740985030929248,4,9574400,180,,,254.97,,0.0650390625,0.04180246964097023,14930,3e-05,0.08,-0.0006810382285038941,-0.41742834225296976,0.5599733591079712,0.0017023307,1.2504812235420104,,,,,,,,,,,,,,,,,,,,,,,,,,,,,
6,6,5.307565689086914,,154,,6,228,,,1.3782577216625214,5,9579520,165,,,256.14,,0.049609375,0.47654426097869873,14938,3e-05,0.08,-0.00030504191818181425,-0.4220962213352323,0.6196863651275635,0.0008365198,1.0534186490054709,,,,,,,,,,,,,,,,,,,,,,,,,,,,,
6,6,,,,,,228,,,1.3782577216625214,,,,,,,,0.0788330078125,1.6560814380645752,14946,3e-05,0.08,0.0007328172971028835,-0.4120397585444152,0.7290259599685669,0.0010443804,0.8156833887798711,26.5,280,0.006776085587967118,0.0015896699841556794,0.658022940158844,1925,0.46430121527777785,0.14545454545454545,,,,,,,,,,,,,,,,,,,,,
,,,,,,,,,,,,,,,,,,,,,,,,,,,,,,,,,,,,4,0.91,5.266078106462955,5888000,257.18,1.983142548518774,82.92483102183566,0,,,,,,,,,,,,,
,,,,,,,,,,,,,,,,,,,,,,,,,,,,,,,,,,,,4,0.59,4.8237660604715344,5888000,287.14,2.9601608330493163,129.24945028896641,1,,,,,,,,,,,,,
,,,,,,,,,,,,,,,,,,,,,,,,,,,,,,,,,,,,4,,,5888000,,,,,0.32000000000000006,0,217.8,0,0.91,0.59,6.0,0,0,0.91,0.91,0,0.0
6,0,5.212905406951904,4,3,440,0,228,11,0.008999999999999998,1.3782577216625214,1,9584640,1311,3e-05,15,260.56,5888000,,,,,,,,,,,,,,,,,,,,,,,,,,,,,,,,,,,,,,,
6,0,5.572949409484863,,39,,0,228,,,1.3782577216625214,2,9589760,256,,,245.32,,0.0596923828125,0.7862553000450134,14954,3e-05,0.08,-7.932999142212793e-05,-0.408270922396332,0.7232165336608887,0.00081605307,1.086975619313307,,,,,,,,,,,,,,,,,,,,,,,,,,,,,
6,0,5.3857245445251465,,78,,0,228,,,1.3782577216625214,3,9594880,195,,,251.64,,0.0779541015625,0.036462537944316864,14962,3e-05,0.08,-0.00023827579570934176,-0.4254263699054718,0.4763176441192627,0.0011752762,0.8716021722822915,,,,,,,,,,,,,,,,,,,,,,,,,,,,,
6,6,5.110987663269043,,115,,6,234,,,1.3315757537881534,4,9600000,177,,,264.04,,0.0780029296875,0.10221699625253677,14970,3e-05,0.08,0.0007417515880661085,-0.4279185717459768,0.632744312286377,0.0013799223,1.1850975869456306,,,,,,,,,,,,,,,,,,,,,,,,,,,,,
6,0,5.205010414123535,,147,,0,234,,,1.3315757537881534,5,9605120,173,,,261.08,,0.0815673828125,0.3752015233039856,14978,3e-05,0.08,0.0012844913013395852,-0.402824433427304,0.6249022483825684,0.00074513396,1.0438902246532962,,,,,,,,,,,,,,,,,,,,,,,,,,,,,
6,0,,,,,,234,,,1.3315757537881534,,,,,,,,0.05869140625,0.9545509815216064,14986,3e-05,0.08,-0.0004746811842778698,-0.427108059823513,0.5593222379684448,0.0010469178,1.1700633329513948,26.416666666666668,280,0.0067613211765136785,0.0015702489086866405,0.6572862863540649,1925,0.4639756944444445,0.14545454545454545,,,,,,,,,,,,,,,,,,,,,
,,,,,,,,,,,,,,,,,,,,,,,,,,,,,,,,,,,,4,0.91,5.055121357440949,5913600,264.99,1.9090057831087284,79.29243280414593,0,,,,,,,,,,,,,
,,,,,,,,,,,,,,,,,,,,,,,,,,,,,,,,,,,,4,0.52,4.389730455875397,5913600,307.27,2.9259484923750696,129.55762077160878,1,,,,,,,,,,,,,
,,,,,,,,,,,,,,,,,,,,,,,,,,,,,,,,,,,,4,,,5913600,,,,,0.39,0,217.8,0,0.91,0.52,6.0,0,0,0.91,0.91,0,0.0
6,0,5.0848870277404785,4,3,440,0,234,11,0.009199999999999996,1.3315757537881534,1,9610240,1358,3e-05,15,264.14,5913600,,,,,,,,,,,,,,,,,,,,,,,,,,,,,,,,,,,,,,,
6,0,5.0514092445373535,,40,,0,234,,,1.3315757537881534,2,9615360,254,,,268.43,,0.0608154296875,0.20378990471363068,14994,3e-05,0.08,-0.00012871089857071638,-0.41685675689950585,0.6325403451919556,0.00091675355,0.9718106721527875,,,,,,,,,,,,,,,,,,,,,,,,,,,,,
6,6,4.947212219238281,,77,,6,240,,,1.3392580797274907,3,9620480,199,,,274.3,,0.0757080078125,0.6638388633728027,15002,3e-05,0.08,-0.0001314078806899488,-0.43564284360036254,0.5829578638076782,0.0012821502,0.9136408048158046,,,,,,,,,,,,,,,,,,,,,,,,,,,,,
6,0,5.214663028717041,,113,,0,240,,,1.3392580797274907,4,9625600,180,,,263.03,,0.0673583984375,0.02740933932363987,15010,3e-05,0.08,0.00038574221543967723,-0.4219259378500283,0.594825267791748,0.000944435,0.9079928876890335,,,,,,,,,,,,,,,,,,,,,,,,,,,,,
6,0,5.359427452087402,,149,,0,240,,,1.3392580797274907,5,9630720,171,,,256.61,,0.066357421875,0.2709106206893921,15018,3e-05,0.08,-0.00045637596922460945,-0.4151715488173068,0.5743671655654907,0.0011655682,0.8258686122309882,,,,,,,,,,,,,,,,,,,,,,,,,,,,,
6,0,,,,,,240,,,1.3392580797274907,,,,,,,,0.0822021484375,1.9903367757797241,15026,3e-05,0.08,0.0005003068916266784,-0.4298390925861895,0.2698495388031006,0.0016083192,0.9431404266913888,26.416666666666668,280,0.006749479551634698,0.0015652168493557686,0.655541181564331,1925,0.4639756944444445,0.14545454545454545,,,,,,,,,,,,,,,,,,,,,
,,,,,,,,,,,,,,,,,,,,,,,,,,,,,,,,,,,,4,0.91,5.005991404354572,5939200,266.85,1.9537096921350998,79.22983970701948,0,,,,,,,,,,,,,
,,,,,,,,,,,,,,,,,,,,,,,,,,,,,,,,,,,,4,0.5,4.127343691587448,5939200,312.04,3.189996990495691,129.41946685101126,1,,,,,,,,,,,,,
,,,,,,,,,,,,,,,,,,,,,,,,,,,,,,,,,,,,4,,,5939200,,,,,0.41000000000000003,0,217.8,0,0.91,0.5,6.0,0,0,0.91,0.91,0,0.0
6,0,5.3488922119140625,4,3,440,0,240,11,0.009399999999999995,1.3392580797274907,1,9635840,1329,3e-05,15,256.45,5939200,,,,,,,,,,,,,,,,,,,,,,,,,,,,,,,,,,,,,,,
6,6,5.188615322113037,,36,,6,246,,,1.340102841456731,2,9640960,278,,,262.07,,0.1102294921875,0.1078183576464653,15034,3e-05,0.08,0.0018690622033318504,-0.4214591688476503,0.17166584730148315,0.0015091148,0.6188031638710527,,,,,,,,,,,,,,,,,,,,,,,,,,,,,
6,0,5.357545375823975,,72,,0,246,,,1.340102841456731,3,9646080,210,,,256.12,,0.06728515625,0.04196454584598541,15042,3e-05,0.08,8.761202625464647e-05,-0.4335012320429087,0.5666831731796265,0.0009101648,0.6809714416885981,,,,,,,,,,,,,,,,,,,,,,,,,,,,,
6,0,5.24664306640625,,109,,0,246,,,1.340102841456731,4,9651200,187,,,260.05,,0.0700927734375,0.28790560364723206,15050,3e-05,0.08,0.0007900077791418881,-0.41625613151118157,0.32852399349212646,0.0015020462,1.085931372718187,,,,,,,,,,,,,,,,,,,,,,,,,,,,,
6,0,5.003567695617676,,144,,0,246,,,1.340102841456731,5,9656320,177,,,268.5,,0.0898193359375,0.45594483613967896,15058,3e-05,0.08,0.0009730046513141133,-0.42191147357225417,0.5033805966377258,0.0017206825,0.9222248121630401,,,,,,,,,,,,,,,,,,,,,,,,,,,,,
6,0,,,,,,246,,,1.340102841456731,,,,,,,,0.0963134765625,0.8027655482292175,15066,3e-05,0.08,0.0017315103264991193,-0.4553346265107393,0.6718711853027344,0.0021771416,0.9061064643494319,26.416666666666668,279,0.0067047659838203886,0.0015340518055772222,0.6548963189125061,1925,0.4639756944444445,0.14493506493506494,,,,,,,,,,,,,,,,,,,,,
,,,,,,,,,,,,,,,,,,,,,,,,,,,,,,,,,,,,4,0.82,5.0183029648661615,5964800,272.4,2.126122734046406,94.90774467871418,0,,,,,,,,,,,,,
,,,,,,,,,,,,,,,,,,,,,,,,,,,,,,,,,,,,4,0.59,4.754117822647094,5964800,291.22,2.854738675335721,125.6734323554505,1,,,,,,,,,,,,,
,,,,,,,,,,,,,,,,,,,,,,,,,,,,,,,,,,,,4,,,5964800,,,,,0.22999999999999998,0,217.8,0,0.82,0.59,6.0,0,0,0.82,0.82,0,0.0
6,6,4.585396766662598,4,3,440,6,252,11,0.009599999999999996,1.2317500412464142,1,9661440,1345,3e-05,15,285.28,5964800,,,,,,,,,,,,,,,,,,,,,,,,,,,,,,,,,,,,,,,
6,0,4.699126720428467,,38,,0,252,,,1.2317500412464142,2,9666560,263,,,280.17,,0.07333984375,0.07688328623771667,15074,3e-05,0.08,0.00031771627254784107,-0.4816396019421518,0.696650505065918,0.00084265636,0.9094937879766803,,,,,,,,,,,,,,,,,,,,,,,,,,,,,
6,0,4.608323097229004,,74,,0,252,,,1.2317500412464142,3,9671680,206,,,285.9,,0.092041015625,0.8471368551254272,15082,3e-05,0.08,0.0004027730436064303,-0.4527074475772679,0.5901283025741577,0.0016264655,1.136253555532312,,,,,,,,,,,,,,,,,,,,,,,,,,,,,
6,0,4.406700611114502,,111,,0,252,,,1.2317500412464142,4,9676800,184,,,292.59,,0.0685302734375,0.7739621996879578,15090,3e-05,0.08,6.84818165609613e-05,-0.43236669404432176,0.6519449949264526,0.0012139427,0.9465694255486596,,,,,,,,,,,,,,,,,,,,,,,,,,,,,
6,6,4.656353950500488,,149,,6,258,,,1.2428843850890796,5,9681920,171,,,282.75,,0.0663330078125,0.47421684861183167,15098,3e-05,0.08,4.7393068962264805e-05,-0.441047491831705,0.6226813793182373,0.00064897974,0.9285931517457356,,,,,,,,,,,,,,,,,,,,,,,,,,,,,
6,6,,,,,,258,,,1.2428843850890796,,,,,,,,0.088037109375,0.997658908367157,15106,3e-05,0.08,0.00024062574375420808,-0.4601869330741465,0.4896218180656433,0.0015334988,1.3936467176536098,26.25,280,0.006690022533361217,0.001521881873191039,0.654556930065155,1925,0.4627821180555555,0.14545454545454545,,,,,,,,,,,,,,,,,,,,,
,,,,,,,,,,,,,,,,,,,,,,,,,,,,,,,,,,,,4,0.76,4.471352537125349,5990400,295.08,2.077965360548837,95.11579048717411,0,,,,,,,,,,,,,
,,,,,,,,,,,,,,,,,,,,,,,,,,,,,,,,,,,,4,0.49,4.159207983314991,5990400,312.22,3.2013117786519025,131.41906863161068,1,,,,,,,,,,,,,
,,,,,,,,,,,,,,,,,,,,,,,,,,,,,,,,,,,,4,,,5990400,,,,,0.27,0,217.8,0,0.76,0.49,6.0,0,0,0.76,0.76,0,0.0
6,0,4.854536056518555,4,4,440,0,258,11,0.009799999999999996,1.2428843850890796,1,9687040,1121,3e-05,15,274.37,5990400,,,,,,,,,,,,,,,,,,,,,,,,,,,,,,,,,,,,,,,
6,0,4.8301682472229,,43,,0,258,,,1.2428843850890796,2,9692160,237,,,274.67,,0.0874267578125,0.1383599489927292,15114,3e-05,0.08,5.852501781191677e-05,-0.45565285831689833,0.5562654137611389,0.0013932465,0.9053485808544792,,,,,,,,,,,,,,,,,,,,,,,,,,,,,
6,0,5.077396869659424,,80,,0,258,,,1.2428843850890796,3,9697280,190,,,262.99,,0.0730224609375,1.5717802047729492,15122,3e-05,0.08,0.0006062215557903983,-0.4747963273432106,0.6549661159515381,0.0009956065,0.9888363039935939,,,,,,,,,,,,,,,,,,,,,,,,,,,,,
6,6,5.169729232788086,,119,,6,264,,,1.3089010988672574,4,9702400,172,,,261.19,,0.057666015625,0.29403823614120483,15130,3e-05,0.08,0.0002749117469647899,-0.46121727554127573,0.43215030431747437,0.0009422278,1.4345099659636618,,,,,,,,,,,,,,,,,,,,,,,,,,,,,
6,0,5.159420967102051,,152,,0,264,,,1.3089010988672574,5,9707520,167,,,261.83,,0.08388671875,0.6835139393806458,15138,3e-05,0.08,0.0005197159844101407,-0.43574968264438213,0.6128534078598022,0.0021151186,0.9444263184035663,,,,,,,,,,,,,,,,,,,,,,,,,,,,,
6,0,,,,,,264,,,1.3089010988672574,,,,,,,,0.0794677734375,0.15763774514198303,15146,3e-05,0.08,0.0012866943594417534,-0.451134935580194,0.6022278070449829,0.001012955,1.3087623113708104,26.166666666666668,281,0.006699788094522939,0.0015228410495487898,0.6547576785087585,1925,0.46245659722222215,0.14597402597402598,,,,,,,,,,,,,,,,,,,,,
,,,,,,,,,,,,,,,,,,,,,,,,,,,,,,,,,,,,4,0.88,5.096066856533289,6016000,265.76,1.9982529323077776,86.17564853251758,0,,,,,,,,,,,,,
,,,,,,,,,,,,,,,,,,,,,,,,,,,,,,,,,,,,4,0.54,4.312148928046226,6016000,301.25,3.2659349364882253,129.57695589880169,1,,,,,,,,,,,,,
,,,,,,,,,,,,,,,,,,,,,,,,,,,,,,,,,,,,4,,,6016000,,,,,0.33999999999999997,0,217.8,0,0.88,0.54,6.0,0,0,0.88,0.88,0,0.0
6,0,5.173837661743164,4,3,440,0,264,11,0.009999999999999995,1.3089010988672574,1,9712640,1374,3e-05,15,262.54,6016000,,,,,,,,,,,,,,,,,,,,,,,,,,,,,,,,,,,,,,,
6,6,5.197016716003418,,41,,6,270,,,1.4217623472213745,2,9717760,245,,,262.03,,0.070263671875,0.8166065812110901,15154,3e-05,0.08,2.9334757709875702e-05,-0.444234075397253,0.7029298543930054,0.0011381104,0.875361588964006,,,,,,,,,,,,,,,,,,,,,,,,,,,,,
6,0,4.994186878204346,,77,,0,270,,,1.4217623472213745,3,9722880,199,,,273.88,,0.061767578125,0.4508642852306366,15162,3e-05,0.08,-0.0002493057691026479,-0.4349209344945848,0.6264292001724243,0.0014223654,1.1046246268844697,,,,,,,,,,,,,,,,,,,,,,,,,,,,,
6,0,5.116306781768799,,111,,0,270,,,1.4217623472213745,4,9728000,182,,,266.39,,0.063037109375,1.8472806215286255,15170,3e-05,0.08,0.0004765946767292917,-0.42816687426529826,0.6675618290901184,0.0010905386,0.7875961719080806,,,,,,,,,,,,,,,,,,,,,,,,,,,,,
6,0,5.199716567993164,,147,,0,270,,,1.4217623472213745,5,9733120,173,,,264.04,,0.0588134765625,0.04074426367878914,15178,3e-05,0.08,-0.00044135923380963506,-0.4203603010624647,0.6317192316055298,0.0008371519,0.9353929962380789,,,,,,,,,,,,,,,,,,,,,,,,,,,,,
6,0,,,,,,270,,,1.4217623472213745,,,,,,,,0.0722412109375,0.623439371585846,15186,3e-05,0.08,-0.00020892376196570694,-0.46436656126752496,0.6437671184539795,0.00075090275,1.0023658121586778,25.916666666666668,281,0.006722703142107672,0.0015351767431781172,0.6538153886795044,1925,0.46148003472222215,0.14597402597402598,,,,,,,,,,,,,,,,,,,,,
,,,,,,,,,,,,,,,,,,,,,,,,,,,,,,,,,,,,4,0.86,4.809124479088933,6041600,276.56,2.09774869222152,89.36792713272474,0,,,,,,,,,,,,,
,,,,,,,,,,,,,,,,,,,,,,,,,,,,,,,,,,,,4,0.4,3.6906760394573213,6041600,338.36,2.8596917189672535,125.50398559408382,1,,,,,,,,,,,,,
,,,,,,,,,,,,,,,,,,,,,,,,,,,,,,,,,,,,4,,,6041600,,,,,0.45999999999999996,0,217.8,0,0.86,0.4,6.0,0,0,0.86,0.86,0,0.0
6,6,5.158224582672119,4,3,440,6,276,11,0.010199999999999994,1.3720108543833096,1,9738240,1399,3e-05,15,265.5,6041600,,,,,,,,,,,,,,,,,,,,,,,,,,,,,,,,,,,,,,,
6,0,5.226414203643799,,44,,0,276,,,1.3720108543833096,2,9743360,232,,,261.81,,0.06953125,0.11968259513378143,15194,3e-05,0.08,-0.00027460849232738835,-0.45949670523405073,0.4368199110031128,0.001348879,0.8530626727442723,,,,,,,,,,,,,,,,,,,,,,,,,,,,,
6,0,5.087096691131592,,79,,0,276,,,1.3720108543833096,3,9748480,192,,,266.52,,0.0734375,0.2335289716720581,15202,3e-05,0.08,3.0768016586080194e-05,-0.45929944096133113,0.5367414355278015,0.0010566125,0.6605012405081652,,,,,,,,,,,,,,,,,,,,,,,,,,,,,
6,0,5.054225921630859,,110,,0,276,,,1.3720108543833096,4,9753600,185,,,268.16,,0.06748046875,0.19081807136535645,15210,3e-05,0.08,0.000609433840145357,-0.46571505451574924,0.657814085483551,0.0008982882,0.9154105182562489,,,,,,,,,,,,,,,,,,,,,,,,,,,,,
6,6,5.163995265960693,,148,,6,282,,,1.301200971007347,5,9758720,172,,,262.94,,0.0650146484375,2.6456658840179443,15218,3e-05,0.08,-0.00043449196236906574,-0.4521080547012389,0.47818464040756226,0.0010986931,1.1829172899306286,,,,,,,,,,,,,,,,,,,,,,,,,,,,,
6,6,,,,,,282,,,1.301200971007347,,,,,,,,0.0752197265625,0.3112494945526123,15226,3e-05,0.08,-6.636970210820437e-05,-0.4572858107276261,0.5700740218162537,0.00087688555,0.7635682219348382,25.916666666666668,282,0.006708322258163645,0.0015272036058270263,0.6535819172859192,1925,0.46148003472222215,0.14649350649350648,,,,,,,,,,,,,,,,,,,,,
,,,,,,,,,,,,,,,,,,,,,,,,,,,,,,,,,,,,4,0.88,5.312607200928032,6067200,256.31,2.140500706205178,86.26873071976891,0,,,,,,,,,,,,,
,,,,,,,,,,,,,,,,,,,,,,,,,,,,,,,,,,,,4,0.57,4.697720181643962,6067200,292.98,2.9601476683262944,129.1976764496947,1,,,,,,,,,,,,,
,,,,,,,,,,,,,,,,,,,,,,,,,,,,,,,,,,,,4,,,6067200,,,,,0.31000000000000005,0,217.8,0,0.88,0.57,6.0,0,0,0.88,0.88,0,0.0
6,0,4.934786319732666,4,3,440,0,282,11,0.010399999999999994,1.301200971007347,1,9763840,1340,3e-05,15,271.93,6067200,,,,,,,,,,,,,,,,,,,,,,,,,,,,,,,,,,,,,,,
6,0,4.830224990844727,,36,,0,282,,,1.301200971007347,2,9768960,284,,,276.73,,0.0783447265625,0.11013038456439972,15234,3e-05,0.08,0.000908468445413746,-0.4451702995225787,0.6016747951507568,0.0010832364,0.8223379078030121,,,,,,,,,,,,,,,,,,,,,,,,,,,,,
6,0,4.883722305297852,,72,,0,282,,,1.301200971007347,3,9774080,210,,,273.69,,0.0648681640625,0.7937148809432983,15242,3e-05,0.08,-0.0005903341225348413,-0.45138895101845267,0.39082038402557373,0.001428741,1.2455518810951616,,,,,,,,,,,,,,,,,,,,,,,,,,,,,
6,6,4.834704399108887,,107,,6,288,,,1.2254621336857479,4,9779200,189,,,274.46,,0.072900390625,0.4318421483039856,15250,3e-05,0.08,6.290185992838815e-05,-0.4406479434110224,0.5278692245483398,0.0011673135,1.2044606768060475,,,,,,,,,,,,,,,,,,,,,,,,,,,,,
6,0,4.764256477355957,,144,,0,288,,,1.2254621336857479,5,9784320,177,,,278.45,,0.08232421875,0.5248537659645081,15258,3e-05,0.08,-0.00037383916787803173,-0.45394354783929886,0.49614179134368896,0.0013478778,1.2451141803874635,,,,,,,,,,,,,,,,,,,,,,,,,,,,,
6,0,,,,,,288,,,1.2254621336857479,,,,,,,,0.0651611328125,0.020453806966543198,15266,3e-05,0.08,0.0001838876662077382,-0.43633151948452,0.4147513508796692,0.0014636535,1.079506744199898,26.0,282,0.006679921108083588,0.0015378170561093998,0.6529750823974609,1925,0.4618055555555555,0.14649350649350648,,,,,,,,,,,,,,,,,,,,,
,,,,,,,,,,,,,,,,,,,,,,,,,,,,,,,,,,,,4,0.92,5.3404991663992405,6092800,253.19,1.9501351650827885,78.71577923135868,0,,,,,,,,,,,,,
,,,,,,,,,,,,,,,,,,,,,,,,,,,,,,,,,,,,4,0.63,5.05612021446228,6092800,276.1,2.939795278289829,128.00558581561978,1,,,,,,,,,,,,,
,,,,,,,,,,,,,,,,,,,,,,,,,,,,,,,,,,,,4,,,6092800,,,,,0.29000000000000004,0,217.8,0,0.92,0.63,6.0,0,0,0.92,0.92,0,0.0
6,0,4.878409385681152,4,3,440,0,288,11,0.010599999999999995,1.2254621336857479,1,9789440,1309,3e-05,15,272.22,6092800,,,,,,,,,,,,,,,,,,,,,,,,,,,,,,,,,,,,,,,
6,0,4.854372501373291,,39,,0,288,,,1.2254621336857479,2,9794560,257,,,272.75,,0.0776611328125,0.029570721089839935,15274,3e-05,0.08,0.0007140583678847179,-0.45724573442712424,0.2884475588798523,0.00205915,1.3694416431244463,,,,,,,,,,,,,,,,,,,,,,,,,,,,,
6,6,5.148492813110352,,78,,6,294,,,1.14478283872207,3,9799680,196,,,261.16,,0.0771484375,2.8963606357574463,15282,3e-05,0.08,-0.0003109502853476442,-0.45218311632052066,0.2233932614326477,0.0014132878,1.507847306196345,,,,,,,,,,,,,,,,,,,,,,,,,,,,,
6,0,5.264402389526367,,120,,0,294,,,1.14478283872207,4,9804800,169,,,257.2,,0.085546875,0.49435609579086304,15290,3e-05,0.08,0.0007504693232476712,-0.47870887937024237,0.20596230030059814,0.0016093759,1.2055357483273839,,,,,,,,,,,,,,,,,,,,,,,,,,,,,
6,0,5.269783973693848,,155,,0,294,,,1.14478283872207,5,9809920,164,,,255.96,,0.1091064453125,0.5196278691291809,15298,3e-05,0.08,0.0023024943453492596,-0.47340978793799876,0.1864389181137085,0.0012956893,0.7438102229003561,,,,,,,,,,,,,,,,,,,,,,,,,,,,,
6,0,,,,,,294,,,1.14478283872207,,,,,,,,0.063232421875,0.9236516952514648,15306,3e-05,0.08,0.00024102860043058173,-0.471721266489476,0.38600653409957886,0.0011711784,1.0994028018583777,26.0,283,0.006641053314509361,0.0015329179404508428,0.6533467769622803,1925,0.4618055555555555,0.147012987012987,,,,,,,,,,,,,,,,,,,,,
,,,,,,,,,,,,,,,,,,,,,,,,,,,,,,,,,,,,4,0.92,5.040521543845534,6118400,262.11,2.062681223371763,78.5728827268034,0,,,,,,,,,,,,,
,,,,,,,,,,,,,,,,,,,,,,,,,,,,,,,,,,,,4,0.51,4.324819893836975,6118400,304.9,3.24419398357995,133.34327879574585,1,,,,,,,,,,,,,
,,,,,,,,,,,,,,,,,,,,,,,,,,,,,,,,,,,,4,,,6118400,,,,,0.41000000000000003,0,217.8,0,0.92,0.51,6.0,0,0,0.92,0.92,0,0.0
6,0,5.019474029541016,4,3,440,0,294,11,0.010799999999999994,1.14478283872207,1,9815040,1386,3e-05,15,264.51,6118400,,,,,,,,,,,,,,,,,,,,,,,,,,,,,,,,,,,,,,,
6,6,5.104151725769043,,39,,6,300,,,1.2107886200149853,2,9820160,258,,,262.13,,0.0958984375,0.850579023361206,15314,3e-05,0.08,9.125895448960363e-05,-0.4944317551329732,0.5136992931365967,0.0018305477,1.0305357130418997,,,,,,,,,,,,,,,,,,,,,,,,,,,,,
6,0,4.937194347381592,,72,,0,300,,,1.2107886200149853,3,9825280,210,,,266.98,,0.0731689453125,0.14116270840168,15322,3e-05,0.08,-0.0003893535293173045,-0.48672554092481735,0.4408413767814636,0.0011903293,1.162177562987199,,,,,,,,,,,,,,,,,,,,,,,,,,,,,
6,0,4.883688449859619,,110,,0,300,,,1.2107886200149853,4,9830400,185,,,267.56,,0.0769775390625,0.46076464653015137,15330,3e-05,0.08,-0.00020558131363941358,-0.5044935680925846,0.4405190348625183,0.0010644381,1.1248344481864478,,,,,,,,,,,,,,,,,,,,,,,,,,,,,
6,0,4.832030773162842,,148,,0,300,,,1.2107886200149853,5,9835520,171,,,269.7,,0.081005859375,0.831360936164856,15338,3e-05,0.08,-6.849192141089588e-05,-0.508912967890501,0.36506301164627075,0.0010379078,0.8706912827445195,,,,,,,,,,,,,,,,,,,,,,,,,,,,,
6,0,,,,,,300,,,1.2107886200149853,,,,,,,,0.0724365234375,0.02389078214764595,15346,3e-05,0.08,-0.0006564325580256991,-0.5209525316022336,0.42764848470687866,0.0012797609,0.8729080324410461,26.083333333333332,284,0.006593829056649813,0.0014963155370006868,0.6534450650215149,1925,0.46213107638888884,0.14753246753246754,,,,,,,,,,,,,,,,,,,,,
,,,,,,,,,,,,,,,,,,,,,,,,,,,,,,,,,,,,4,0.84,4.931157741993665,6144000,274.02,2.1629549458058372,94.31447184817397,0,,,,,,,,,,,,,
,,,,,,,,,,,,,,,,,,,,,,,,,,,,,,,,,,,,4,0.53,4.314263050407171,6144000,303.96,3.134364373008119,129.2876575702414,1,,,,,,,,,,,,,
,,,,,,,,,,,,,,,,,,,,,,,,,,,,,,,,,,,,4,,,6144000,,,,,0.30999999999999994,0,217.8,0,0.84,0.53,6.0,0,0,0.84,0.84,0,0.0
6,6,5.072976589202881,4,3,440,6,306,11,0.010999999999999994,1.2314113676548004,1,9840640,1349,3e-05,15,260.74,6144000,,,,,,,,,,,,,,,,,,,,,,,,,,,,,,,,,,,,,,,
6,0,4.949850559234619,,37,,0,306,,,1.2314113676548004,2,9845760,270,,,267.3,,0.06396484375,0.04440887272357941,15354,3e-05,0.08,0.00015266772825270892,-0.4985220082104206,0.44944143295288086,0.0015550936,0.7289093359024263,,,,,,,,,,,,,,,,,,,,,,,,,,,,,
6,0,5.008613109588623,,75,,0,306,,,1.2314113676548004,3,9850880,203,,,266.7,,0.0705810546875,0.15263158082962036,15362,3e-05,0.08,-0.0005281601595925167,-0.5155487216077745,0.421333909034729,0.00096172455,0.8599372119788313,,,,,,,,,,,,,,,,,,,,,,,,,,,,,
6,0,4.989553928375244,,111,,0,306,,,1.2314113676548004,4,9856000,183,,,268.1,,0.0773193359375,0.3578580915927887,15370,3e-05,0.08,0.00012111765245208517,-0.5081223950721323,0.4636194705963135,0.0010671051,0.786258141063081,,,,,,,,,,,,,,,,,,,,,,,,,,,,,
6,6,5.16259765625,,149,,6,312,,,1.2514388412237167,5,9861120,171,,,261.96,,0.0586669921875,1.74185311794281,15378,3e-05,0.08,-0.00033657193562248723,-0.49463636791333554,0.36128079891204834,0.0007938483,1.1016736133315135,,,,,,,,,,,,,,,,,,,,,,,,,,,,,
6,6,,,,,,312,,,1.2514388412237167,,,,,,,,0.072509765625,0.5813485980033875,15386,3e-05,0.08,1.3886162196286023e-05,-0.4978180980309844,0.4743611812591553,0.0014880344,1.1197231284691953,26.0,284,0.0066306175823132195,0.0015146753429993868,0.6517814993858337,1925,0.4612630208333333,0.14753246753246754,,,,,,,,,,,,,,,,,,,,,
,,,,,,,,,,,,,,,,,,,,,,,,,,,,,,,,,,,,4,0.9,4.844155645892024,6169600,270.93,2.2231961780828358,85.58554258751883,0,,,,,,,,,,,,,
,,,,,,,,,,,,,,,,,,,,,,,,,,,,,,,,,,,,4,0.41,3.6976366627216337,6169600,333.01,3.0774556855771786,129.02933736170235,1,,,,,,,,,,,,,
,,,,,,,,,,,,,,,,,,,,,,,,,,,,,,,,,,,,4,,,6169600,,,,,0.49000000000000005,0,217.8,0,0.9,0.41,6.0,0,0,0.9,0.9,0,0.0
6,0,5.1353440284729,4,3,440,0,312,11,0.011,1.2514388412237167,1,9866240,1371,3e-05,15,263.19,6169600,,,,,,,,,,,,,,,,,,,,,,,,,,,,,,,,,,,,,,,
6,0,5.089244842529297,,38,,0,312,,,1.2514388412237167,2,9871360,263,,,263.68,,0.082861328125,0.03417527675628662,15394,3e-05,0.08,0.0007096450179233215,-0.46373430322855713,0.40025585889816284,0.0014903921,0.8841187196027022,,,,,,,,,,,,,,,,,,,,,,,,,,,,,
6,0,5.063586235046387,,75,,0,312,,,1.2514388412237167,3,9876480,202,,,262.64,,0.0722900390625,0.016132207587361336,15402,3e-05,0.08,-0.00023928341252030805,-0.4779270154424012,0.5395044088363647,0.00083977915,0.8258825287834043,,,,,,,,,,,,,,,,,,,,,,,,,,,,,
6,6,5.148609638214111,,115,,6,318,,,1.2823406209548314,4,9881600,177,,,259.56,,0.09326171875,0.5537675619125366,15410,3e-05,0.08,0.00044184669677633793,-0.4813795289956033,0.6079424619674683,0.0014593534,0.9108570989221334,,,,,,,,,,,,,,,,,,,,,,,,,,,,,
6,0,5.0642991065979,,151,,0,318,,,1.2823406209548314,5,9886720,168,,,262.38,,0.0689208984375,2.32362961769104,15418,3e-05,0.08,-0.00017157143884105608,-0.4745089583098888,0.5651106834411621,0.0011703189,1.2852262958593201,,,,,,,,,,,,,,,,,,,,,,,,,,,,,
6,0,,,,,,318,,,1.2823406209548314,,,,,,,,0.0544189453125,0.2657906413078308,15426,3e-05,0.08,-0.00027552783576538785,-0.48630161536857486,0.5750703811645508,0.00083927176,1.0331764359987574,25.666666666666668,284,0.006634010668596551,0.0015094798938896786,0.6508809328079224,1925,0.4599609375,0.14753246753246754,,,,,,,,,,,,,,,,,,,,,
,,,,,,,,,,,,,,,,,,,,,,,,,,,,,,,,,,,,4,0.87,5.198548277914524,6195200,262.45,1.93639763057652,84.97168646084411,0,,,,,,,,,,,,,
,,,,,,,,,,,,,,,,,,,,,,,,,,,,,,,,,,,,4,0.52,4.3379117853939535,6195200,308.06,3.0099285062422063,130.12523352524676,1,,,,,,,,,,,,,
,,,,,,,,,,,,,,,,,,,,,,,,,,,,,,,,,,,,4,,,6195200,,,,,0.35,0,217.8,0,0.87,0.52,6.0,0,0,0.87,0.87,0,0.0
6,0,5.085909843444824,4,3,440,0,318,11,0.011,1.2823406209548314,1,9891840,1647,3e-05,15,262.66,6195200,,,,,,,,,,,,,,,,,,,,,,,,,,,,,,,,,,,,,,,
6,0,5.09726619720459,,44,,0,318,,,1.2823406209548314,2,9896960,231,,,263.04,,0.09853515625,0.05814526230096817,15434,3e-05,0.08,0.0009809181123273448,-0.48866954874247315,0.4525783658027649,0.002749086,1.0892459450638854,,,,,,,,,,,,,,,,,,,,,,,,,,,,,
6,6,4.964599132537842,,77,,6,324,,,1.2702336783210437,3,9902080,198,,,270.3,,0.0819091796875,0.08769606053829193,15442,3e-05,0.08,0.00040896402788348496,-0.4743005079217255,0.5674647092819214,0.0009908855,0.7426558864681283,,,,,,,,,,,,,,,,,,,,,,,,,,,,,
6,0,4.805680751800537,,115,,0,324,,,1.2702336783210437,4,9907200,177,,,278.26,,0.082568359375,0.019759519025683403,15450,3e-05,0.08,1.2181370402686298e-05,-0.4809773275628686,0.5629903078079224,0.0008607485,1.0451831459708045,,,,,,,,,,,,,,,,,,,,,,,,,,,,,
6,0,4.694275379180908,,151,,0,324,,,1.2702336783210437,5,9912320,169,,,282.44,,0.0676025390625,0.1120060458779335,15458,3e-05,0.08,0.0006848416000138968,-0.495138862170279,0.6331783533096313,0.0015503641,0.8845978495664895,,,,,,,,,,,,,,,,,,,,,,,,,,,,,
6,0,,,,,,324,,,1.2702336783210437,,,,,,,,0.0950439453125,0.21983882784843445,15466,3e-05,0.08,0.0005890064086997882,-0.497152884118259,0.45462489128112793,0.0018274685,1.2272856233641505,25.75,284,0.006606535154707267,0.0015031916035446252,0.6502719521522522,1925,0.4602864583333333,0.14753246753246754,,,,,,,,,,,,,,,,,,,,,
,,,,,,,,,,,,,,,,,,,,,,,,,,,,,,,,,,,,4,0.91,5.094781508501619,6220800,262.91,1.9044113448991482,78.88727337156483,0,,,,,,,,,,,,,
,,,,,,,,,,,,,,,,,,,,,,,,,,,,,,,,,,,,4,0.56,4.603894921988249,6220800,295.04,3.033986462032886,130.73866451819063,1,,,,,,,,,,,,,
,,,,,,,,,,,,,,,,,,,,,,,,,,,,,,,,,,,,4,,,6220800,,,,,0.35,0,217.8,0,0.91,0.56,6.0,0,0,0.91,0.91,0,0.0
6,0,4.670957565307617,4,3,440,0,324,11,0.011,1.2702336783210437,1,9917440,1596,3e-05,15,284.27,6220800,,,,,,,,,,,,,,,,,,,,,,,,,,,,,,,,,,,,,,,
6,6,4.7340006828308105,,39,,6,330,,,1.1655514513452847,2,9922560,256,,,280.22,,0.081884765625,0.8972325921058655,15474,3e-05,0.08,-8.19002656498924e-05,-0.49044254682958127,0.1889045238494873,0.0010819619,1.3004298049840144,,,,,,,,,,,,,,,,,,,,,,,,,,,,,
6,0,4.954665660858154,,77,,0,330,,,1.1655514513452847,3,9927680,198,,,271.08,,0.07919921875,0.07513002306222916,15482,3e-05,0.08,0.0005784464927273802,-0.5009661589749157,0.213387131690979,0.0010382532,1.0639470663649262,,,,,,,,,,,,,,,,,,,,,,,,,,,,,
6,0,4.998079299926758,,117,,0,330,,,1.1655514513452847,4,9932800,174,,,268.14,,0.0783203125,1.4811272621154785,15490,3e-05,0.08,0.00010157803480979056,-0.4974146975204349,0.13441872596740723,0.0016718626,1.3774650081642903,,,,,,,,,,,,,,,,,,,,,,,,,,,,,
6,6,5.087302207946777,,147,,6,336,,,1.208478885392348,5,9937920,173,,,263.41,,0.0723388671875,1.6907563209533691,15498,3e-05,0.08,-0.00010461129131726921,-0.4774941450916231,0.04702615737915039,0.00091447786,1.0242673666361952,,,,,,,,,,,,,,,,,,,,,,,,,,,,,
6,6,,,,,,336,,,1.208478885392348,,,,,,,,0.0755615234375,0.031049389392137527,15506,3e-05,0.08,0.00018053772655548527,-0.4743718412704766,0.2938060760498047,0.0008014667,0.9400658048747573,25.666666666666668,284,0.0065866406377606155,0.0014973547433719716,0.6494558453559875,1925,0.4599609375,0.14753246753246754,,,,,,,,,,,,,,,,,,,,,
,,,,,,,,,,,,,,,,,,,,,,,,,,,,,,,,,,,,4,0.86,5.16210502743721,6246400,264.5,1.913395776399921,86.32699461929623,0,,,,,,,,,,,,,
,,,,,,,,,,,,,,,,,,,,,,,,,,,,,,,,,,,,4,0.43,3.6850270637869835,6246400,328.45,3.215453093689869,129.27222246097574,1,,,,,,,,,,,,,
,,,,,,,,,,,,,,,,,,,,,,,,,,,,,,,,,,,,4,,,6246400,,,,,0.43,0,217.8,0,0.86,0.43,6.0,0,0,0.86,0.86,0,0.0
6,0,5.095695972442627,4,3,440,0,336,11,0.011,1.208478885392348,1,9943040,1375,3e-05,15,262.98,6246400,,,,,,,,,,,,,,,,,,,,,,,,,,,,,,,,,,,,,,,
6,0,5.082071304321289,,43,,0,336,,,1.208478885392348,2,9948160,234,,,264.64,,0.075732421875,0.1373666226863861,15514,3e-05,0.08,0.00021795091888634487,-0.4845660526305437,0.241729736328125,0.0015874772,1.0236271666421088,,,,,,,,,,,,,,,,,,,,,,,,,,,,,
6,0,4.974891185760498,,80,,0,336,,,1.208478885392348,3,9953280,191,,,267.22,,0.0805908203125,0.46819597482681274,15522,3e-05,0.08,4.879410553257912e-05,-0.4733012205921113,0.32006603479385376,0.001266514,0.8258868870645528,,,,,,,,,,,,,,,,,,,,,,,,,,,,,
6,6,5.022950649261475,,118,,6,342,,,1.2637980580329895,4,9958400,173,,,265.95,,0.0748291015625,0.392697274684906,15530,3e-05,0.08,0.0002341196726774797,-0.480705882795155,0.30711084604263306,0.001726127,0.833302439932595,,,,,,,,,,,,,,,,,,,,,,,,,,,,,
6,0,5.184731960296631,,153,,0,342,,,1.2637980580329895,5,9963520,167,,,260.44,,0.0739990234375,0.015150823630392551,15538,3e-05,0.08,-1.221628044731915e-05,-0.46574444193392994,0.3969314694404602,0.001364419,0.9060027052561054,,,,,,,,,,,,,,,,,,,,,,,,,,,,,
6,0,,,,,,342,,,1.2637980580329895,,,,,,,,0.0619873046875,0.440600723028183,15546,3e-05,0.08,-0.0002875694684917107,-0.46126058856025337,0.43698179721832275,0.0010703423,1.1072344962449279,25.666666666666668,284,0.006618376392766397,0.0015142071262520809,0.649442732334137,1925,0.4599609375,0.14753246753246754,,,,,,,,,,,,,,,,,,,,,
,,,,,,,,,,,,,,,,,,,,,,,,,,,,,,,,,,,,4,0.85,4.9552136278152465,6272000,271.12,2.088150353716455,89.4494583549839,0,,,,,,,,,,,,,
,,,,,,,,,,,,,,,,,,,,,,,,,,,,,,,,,,,,4,0.43,3.8714929960668085,6272000,327.16,3.10084354662819,130.78331086189857,1,,,,,,,,,,,,,
,,,,,,,,,,,,,,,,,,,,,,,,,,,,,,,,,,,,4,,,6272000,,,,,0.42,0,217.8,0,0.85,0.43,6.0,0,0,0.85,0.85,0,0.0
6,0,5.089503765106201,4,3,440,0,342,11,0.011,1.2637980580329895,1,9968640,1384,3e-05,15,264.3,6272000,,,,,,,,,,,,,,,,,,,,,,,,,,,,,,,,,,,,,,,
6,0,5.090801239013672,,36,,0,342,,,1.2637980580329895,2,9973760,282,,,263.87,,0.0815673828125,0.012309275567531586,15554,3e-05,0.08,-2.5843261391855775e-05,-0.45483225360512736,0.3594924807548523,0.0015934734,0.8277450592620881,,,,,,,,,,,,,,,,,,,,,,,,,,,,,
6,6,5.1407084465026855,,73,,6,348,,,1.260593555867672,3,9978880,209,,,262.19,,0.063720703125,0.39801865816116333,15562,3e-05,0.08,0.0004077694509760477,-0.44242462180554865,0.27516913414001465,0.0014438985,0.8450401158886962,,,,,,,,,,,,,,,,,,,,,,,,,,,,,
6,0,5.131912708282471,,110,,0,348,,,1.260593555867672,4,9984000,185,,,263.29,,0.0923583984375,0.030278069898486137,15570,3e-05,0.08,3.800163976848125e-05,-0.46839052001014353,0.2967182993888855,0.0017520007,0.9613046804268379,,,,,,,,,,,,,,,,,,,,,,,,,,,,,
6,0,5.084478378295898,,149,,0,348,,,1.260593555867672,5,9989120,170,,,265.09,,0.0795166015625,0.6244345307350159,15578,3e-05,0.08,-0.0006357375168590806,-0.43722760155797,0.3014346957206726,0.0010865341,0.80454073252331,,,,,,,,,,,,,,,,,,,,,,,,,,,,,
6,0,,,,,,348,,,1.260593555867672,,,,,,,,0.07734375,1.1491847038269043,15586,3e-05,0.08,-6.489556981250643e-05,-0.46279811756685374,0.33916741609573364,0.00084374135,0.6757917108712718,25.583333333333332,284,0.0066224119775460475,0.0015118225093441455,0.6489202380180359,1925,0.4596354166666667,0.14753246753246754,,,,,,,,,,,,,,,,,,,,,
,,,,,,,,,,,,,,,,,,,,,,,,,,,,,,,,,,,,4,0.92,5.249322307109833,6297600,258.13,1.8047747561998606,75.84703751630646,0,,,,,,,,,,,,,
,,,,,,,,,,,,,,,,,,,,,,,,,,,,,,,,,,,,4,0.59,4.870712946355343,6297600,284.75,3.0410491730903146,131.8968820708056,1,,,,,,,,,,,,,
,,,,,,,,,,,,,,,,,,,,,,,,,,,,,,,,,,,,4,,,6297600,,,,,0.33000000000000007,0,217.8,0,0.92,0.59,6.0,0,0,0.92,0.92,0,0.0
6,0,5.203739643096924,4,4,440,0,348,11,0.011,1.260593555867672,1,9994240,1264,3e-05,15,259.41,6297600,,,,,,,,,,,,,,,,,,,,,,,,,,,,,,,,,,,,,,,
6,6,5.043696403503418,,38,,6,354,,,1.2584169109662373,2,9999360,263,,,268.4,,0.07978515625,0.16447554528713226,15594,3e-05,0.08,0.0013385361569817178,-0.4450919022783637,0.5297032594680786,0.0011913042,0.7349933741788846,,,,,,,,,,,,,,,,,,,,,,,,,,,,,
6,0,5.042884826660156,,77,,0,354,,,1.2584169109662373,3,10004480,199,,,268.77,,0.05419921875,0.6730035543441772,15602,3e-05,0.08,-0.0003187813912518322,-0.45156874591484664,0.5592305064201355,0.0012289142,1.0103007790748961,,,,,,,,,,,,,,,,,,,,,,,,,,,,,
6,0,5.235922336578369,,114,,0,354,,,1.2584169109662373,4,10009600,178,,,262.6,,0.0578125,0.01890902779996395,15610,3e-05,0.08,-0.0002414004455204122,-0.46351036000996826,0.5079919099807739,0.0008531712,0.8486080975038931,,,,,,,,,,,,,,,,,,,,,,,,,,,,,
6,0,5.247828960418701,,158,,0,354,,,1.2584169109662373,5,10014720,161,,,262.94,,0.0719970703125,0.21538476645946503,15618,3e-05,0.08,-0.00019850171374855564,-0.44405532963573935,0.5653817653656006,0.0011185755,0.8230077526386594,,,,,,,,,,,,,,,,,,,,,,,,,,,,,
6,0,,,,,,354,,,1.2584169109662373,,,,,,,,0.07431640625,0.03277743235230446,15626,3e-05,0.08,0.0006610305703361518,-0.45029606372118,0.5720610022544861,0.0008331584,0.7534881666011642,25.5,284,0.006627960622854364,0.0015192545869297234,0.6484746932983398,1925,0.4593098958333333,0.14753246753246754,,,,,,,,,,,,,,,,,,,,,
,,,,,,,,,,,,,,,,,,,,,,,,,,,,,,,,,,,,4,0.85,4.88727831825614,6323200,274.4,2.0745080689192537,87.94646098621593,0,,,,,,,,,,,,,
,,,,,,,,,,,,,,,,,,,,,,,,,,,,,,,,,,,,4,0.45,3.9470613530278205,6323200,321.76,3.16119620074656,131.75318743772388,1,,,,,,,,,,,,,
,,,,,,,,,,,,,,,,,,,,,,,,,,,,,,,,,,,,4,,,6323200,,,,,0.39999999999999997,0,217.8,0,0.85,0.45,6.0,0,0,0.85,0.85,0,0.0
6,6,5.335208892822266,4,3,440,6,360,11,0.011,1.3133943726619084,1,10019840,1339,3e-05,15,261.19,6323200,,,,,,,,,,,,,,,,,,,,,,,,,,,,,,,,,,,,,,,
6,0,5.406965255737305,,44,,0,360,,,1.3133943726619084,2,10024960,229,,,255.8,,0.051513671875,0.2025015503168106,15634,3e-05,0.08,4.936573677696288e-05,-0.4558775314129889,0.5441051721572876,0.0006840515,1.0626509889785667,,,,,,,,,,,,,,,,,,,,,,,,,,,,,
6,0,5.346596717834473,,77,,0,360,,,1.3133943726619084,3,10030080,198,,,257.5,,0.06611328125,0.041925787925720215,15642,3e-05,0.08,0.0002258730513858609,-0.46670635426416995,0.4375492334365845,0.00077653094,0.8907499497174285,,,,,,,,,,,,,,,,,,,,,,,,,,,,,
6,0,5.307947158813477,,116,,0,360,,,1.3133943726619084,4,10035200,175,,,257.72,,0.0636474609375,0.47361594438552856,15650,3e-05,0.08,-0.0001659904111875221,-0.4540267367847264,0.40107327699661255,0.001228952,1.1750028480309993,,,,,,,,,,,,,,,,,,,,,,,,,,,,,
6,6,5.182631015777588,,157,,6,366,,,1.3420401414235432,5,10040320,162,,,260.47,,0.093310546875,2.6343557834625244,15658,3e-05,0.08,0.0010630525008309632,-0.47950665932148695,0.39565175771713257,0.0020516454,1.103206901444355,,,,,,,,,,,,,,,,,,,,,,,,,,,,,
6,6,,,,,,366,,,1.3420401414235432,,,,,,,,0.06142578125,0.10363014787435532,15666,3e-05,0.08,-0.0003216224198695272,-0.46805465817451475,0.16091316938400269,0.0009028828,0.559378894753172,25.416666666666668,284,0.0066219832765583705,0.0015111364018651088,0.649681031703949,1925,0.45844184027777785,0.14753246753246754,,,,,,,,,,,,,,,,,,,,,
,,,,,,,,,,,,,,,,,,,,,,,,,,,,,,,,,,,,4,0.92,5.559269474744797,6348800,246.58,1.7134191035393278,73.30022919473035,0,,,,,,,,,,,,,
,,,,,,,,,,,,,,,,,,,,,,,,,,,,,,,,,,,,4,0.5,4.26227299913764,6348800,311.99,2.9764401881870866,129.1981033142515,1,,,,,,,,,,,,,
,,,,,,,,,,,,,,,,,,,,,,,,,,,,,,,,,,,,4,,,6348800,,,,,0.42000000000000004,0,217.8,0,0.92,0.5,6.0,0,0,0.92,0.92,0,0.0
6,0,5.124478816986084,4,3,440,0,366,11,0.011,1.3420401414235432,1,10045440,1341,3e-05,15,262.33,6348800,,,,,,,,,,,,,,,,,,,,,,,,,,,,,,,,,,,,,,,
6,0,5.232606887817383,,40,,0,366,,,1.3420401414235432,2,10050560,250,,,258.37,,0.0685791015625,0.6479300856590271,15674,3e-05,0.08,-0.0003396115091163665,-0.44978850726038216,0.3543251156806946,0.0009435088,0.7962366974854376,,,,,,,,,,,,,,,,,,,,,,,,,,,,,
6,0,5.1787214279174805,,82,,0,366,,,1.3420401414235432,3,10055680,185,,,261.13,,0.0611328125,0.2563675343990326,15682,3e-05,0.08,0.0001803429186111316,-0.45453477688133714,0.30358338356018066,0.0007829898,0.8422082333359867,,,,,,,,,,,,,,,,,,,,,,,,,,,,,
6,6,5.150387763977051,,123,,6,372,,,1.271553839246432,4,10060800,166,,,261.37,,0.05810546875,0.2701449990272522,15690,3e-05,0.08,3.1310498889070006e-05,-0.4458290236070752,0.4155459403991699,0.0009595044,1.018102452380117,,,,,,,,,,,,,,,,,,,,,,,,,,,,,
6,0,5.199443817138672,,157,,0,372,,,1.271553839246432,5,10065920,162,,,262.84,,0.0791748046875,0.40484216809272766,15698,3e-05,0.08,0.00041405444644624365,-0.45773638486862184,0.524474024772644,0.0008903636,0.6705076966492924,,,,,,,,,,,,,,,,,,,,,,,,,,,,,
6,0,,,,,,372,,,1.271553839246432,,,,,,,,0.0649169921875,0.19162002205848694,15706,3e-05,0.08,-0.00045057248935336246,-0.46500411424785854,0.4670814275741577,0.0006729973,0.8366757072973996,25.416666666666668,284,0.006631139168240333,0.0015150636032993095,0.649638295173645,1925,0.45844184027777785,0.14753246753246754,,,,,,,,,,,,,,,,,,,,,
,,,,,,,,,,,,,,,,,,,,,,,,,,,,,,,,,,,,4,0.89,5.244996774792671,6374400,260.11,1.867565026253775,81.25747904039356,0,,,,,,,,,,,,,
,,,,,,,,,,,,,,,,,,,,,,,,,,,,,,,,,,,,4,0.47,4.042838403582573,6374400,315.44,3.225834124194201,133.9152956162962,1,,,,,,,,,,,,,
,,,,,,,,,,,,,,,,,,,,,,,,,,,,,,,,,,,,4,,,6374400,,,,,0.42000000000000004,0,217.8,0,0.89,0.47,6.0,0,0,0.89,0.89,0,0.0
6,0,5.211785316467285,4,4,440,0,372,11,0.011,1.271553839246432,1,10071040,1196,3e-05,15,259.89,6374400,,,,,,,,,,,,,,,,,,,,,,,,,,,,,,,,,,,,,,,
6,0,5.15451717376709,,43,,0,372,,,1.271553839246432,2,10076160,233,,,264.08,,0.094580078125,0.1554192304611206,15714,3e-05,0.08,-0.00020596492977347224,-0.4705952901393175,0.5300456881523132,0.0010263778,0.8398544530267827,,,,,,,,,,,,,,,,,,,,,,,,,,,,,
6,6,5.030365467071533,,80,,6,378,,,1.2593981822331746,3,10081280,190,,,268.22,,0.058203125,0.9222139120101929,15722,3e-05,0.08,-0.0001915898115839809,-0.45049090585671364,0.5154983401298523,0.00085246505,0.9307024320820346,,,,,,,,,,,,,,,,,,,,,,,,,,,,,
6,0,5.0425496101379395,,113,,0,378,,,1.2593981822331746,4,10086400,180,,,267.91,,0.06806640625,0.07530443370342255,15730,3e-05,0.08,2.8514784935396166e-05,-0.4508911341428757,0.48998939990997314,0.0013333788,1.0178990753483959,,,,,,,,,,,,,,,,,,,,,,,,,,,,,
6,0,5.012335300445557,,146,,0,378,,,1.2593981822331746,5,10091520,175,,,267.05,,0.06015625,0.06712739914655685,15738,3e-05,0.08,0.00015079342410899698,-0.4715681322850287,0.15122169256210327,0.0007255909,1.562421162694227,,,,,,,,,,,,,,,,,,,,,,,,,,,,,
6,0,,,,,,378,,,1.2593981822331746,,,,,,,,0.0862060546875,1.1625899076461792,15746,3e-05,0.08,-0.00014920475077815354,-0.48188253259286284,-0.0038930177688598633,0.0012718923,1.2523995763505809,25.416666666666668,284,0.006606935547528796,0.0015572142437818403,0.6497888565063477,1925,0.45844184027777785,0.14753246753246754,,,,,,,,,,,,,,,,,,,,,
,,,,,,,,,,,,,,,,,,,,,,,,,,,,,,,,,,,,4,0.87,5.410004532933235,6400000,255.0,1.9784234631792983,87.76844535480846,0,,,,,,,,,,,,,
,,,,,,,,,,,,,,,,,,,,,,,,,,,,,,,,,,,,4,0.46,3.928303900100291,6400000,319.35,3.3509884832011716,131.86837187134753,1,,,,,,,,,,,,,
,,,,,,,,,,,,,,,,,,,,,,,,,,,,,,,,,,,,4,,,6400000,,,,,0.41,0,217.8,0,0.87,0.46,6.0,0,0,0.87,0.87,0,0.0
6,0,5.201408863067627,4,3,440,0,378,11,0.011,1.2593981822331746,1,10096640,1312,3e-05,15,260.95,6400000,,,,,,,,,,,,,,,,,,,,,,,,,,,,,,,,,,,,,,,
6,6,5.150839805603027,,41,,6,384,,,1.2281645685434341,2,10101760,245,,,261.26,,0.0935302734375,0.12005381286144257,15754,3e-05,0.08,0.0009712599217891693,-0.4654494344256818,0.0295332670211792,0.0019082131,1.27214675922296,,,,,,,,,,,,,,,,,,,,,,,,,,,,,
6,0,5.241894721984863,,81,,0,384,,,1.2281645685434341,3,10106880,189,,,257.24,,0.0924560546875,0.2328498661518097,15762,3e-05,0.08,-0.0003033825851161964,-0.45524819996207955,0.21734780073165894,0.0013995224,0.9524805856548483,,,,,,,,,,,,,,,,,,,,,,,,,,,,,
6,0,5.273042678833008,,115,,0,384,,,1.2281645685434341,4,10112000,177,,,256.22,,0.0573486328125,0.59398353099823,15770,3e-05,0.08,-6.501316383946686e-05,-0.46378296250477435,0.20064705610275269,0.0008307578,0.7352508045121795,,,,,,,,,,,,,,,,,,,,,,,,,,,,,
6,0,5.294912815093994,,150,,0,384,,,1.2281645685434341,5,10117120,169,,,253.85,,0.0444580078125,0.46078482270240784,15778,3e-05,0.08,-0.0007232693620608188,-0.445165129750967,0.3540925979614258,0.00047686664,0.9970896112674381,,,,,,,,,,,,,,,,,,,,,,,,,,,,,
6,0,,,,,,384,,,1.2281645685434341,,,,,,,,0.0650146484375,0.5601142048835754,15786,3e-05,0.08,-0.0001994228077819571,-0.47640295447781683,0.574354887008667,0.00075039297,0.84037965136813,25.666666666666668,112,0.006630031942270058,0.0015687243902723093,0.6501851081848145,1925,0.4599609375,0.05818181818181818,,,,,,,,,,,,,,,,,,,,,
,,,,,,,,,,,,,,,,,,,,,,,,,,,,,,,,,,,,4,0.84,4.592607244253158,6425600,285.41,2.0500693061484228,88.04886086713445,0,,,,,,,,,,,,,
,,,,,,,,,,,,,,,,,,,,,,,,,,,,,,,,,,,,4,0.48,4.088734978903085,6425600,311.8,3.2933821201369198,134.92116216516962,1,,,,,,,,,,,,,
,,,,,,,,,,,,,,,,,,,,,,,,,,,,,,,,,,,,4,,,6425600,,,,,0.36,0,217.8,0,0.84,0.48,6.0,0,0,0.84,0.84,0,0.0
6,6,5.318330764770508,4,3,440,6,390,11,0.011,1.3062716871500015,1,10122240,1335,3e-05,15,253.39,6425600,,,,,,,,,,,,,,,,,,,,,,,,,,,,,,,,,,,,,,,
6,0,5.428513050079346,,44,,0,390,,,1.3062716871500015,2,10127360,231,,,248.84,,0.0785400390625,0.5717867016792297,15794,3e-05,0.08,-0.0009103373100515455,-0.4730201723985374,0.6593326330184937,0.0008212604,0.5206060800439445,,,,,,,,,,,,,,,,,,,,,,,,,,,,,
6,0,5.3314008712768555,,83,,0,390,,,1.3062716871500015,3,10132480,183,,,254.48,,0.067529296875,0.45941388607025146,15802,3e-05,0.08,-0.000765925837913528,-0.46828329712152483,0.6455279588699341,0.00096834655,0.5388148679863661,,,,,,,,,,,,,,,,,,,,,,,,,,,,,
6,0,5.260763645172119,,117,,0,390,,,1.3062716871500015,4,10137600,173,,,258.42,,0.0677978515625,0.006394173949956894,15810,3e-05,0.08,0.00021688793785870075,-0.41602978953160347,0.45526111125946045,0.0008646121,0.8486214650503825,,,,,,,,,,,,,,,,,,,,,,,,,,,,,
6,6,5.2401652336120605,,156,,6,396,,,1.339120864868164,5,10142720,163,,,260.17,,0.066748046875,0.6118373870849609,15818,3e-05,0.08,3.74077950255014e-05,-0.4576448890380561,0.4173593521118164,0.0009690308,1.0086735049495474,,,,,,,,,,,,,,,,,,,,,,,,,,,,,
6,6,,,,,,396,,,1.339120864868164,,,,,,,,0.053564453125,0.2863721251487732,15826,3e-05,0.08,-0.0006904756330186502,-0.44526154901832343,0.27131783962249756,0.0009584483,0.8138821162399836,25.583333333333332,54,0.006602498553776214,0.0015363100660352265,0.6487975120544434,1925,0.4590928819444445,0.028051948051948054,,,,,,,,,,,,,,,,,,,,,
,,,,,,,,,,,,,,,,,,,,,,,,,,,,,,,,,,,,4,0.89,5.102666408419609,6451200,263.81,1.9066996123173168,79.22786062995769,0,,,,,,,,,,,,,
,,,,,,,,,,,,,,,,,,,,,,,,,,,,,,,,,,,,4,0.46,3.9174291867017748,6451200,317.94,3.3359470911994125,133.77240522619007,1,,,,,,,,,,,,,
,,,,,,,,,,,,,,,,,,,,,,,,,,,,,,,,,,,,4,,,6451200,,,,,0.43,0,217.8,0,0.89,0.46,6.0,0,0,0.89,0.89,0,0.0
6,0,5.342865467071533,4,4,440,0,396,11,0.011,1.339120864868164,1,10147840,1145,3e-05,15,256.74,6451200,,,,,,,,,,,,,,,,,,,,,,,,,,,,,,,,,,,,,,,
6,0,5.1880879402160645,,45,,0,396,,,1.339120864868164,2,10152960,226,,,262.57,,0.070556640625,0.09759856015443802,15834,3e-05,0.08,-0.0005306923223542981,-0.4434776775538921,0.4446633458137512,0.001298293,0.8705021122179459,,,,,,,,,,,,,,,,,,,,,,,,,,,,,
6,6,5.310345649719238,,84,,6,402,,,1.3457646717627842,3,10158080,180,,,256.34,,0.0675537109375,0.1919359415769577,15842,3e-05,0.08,1.4078262029215694e-05,-0.4463024642318487,0.4919440746307373,0.0014233377,0.6285442608874291,,,,,,,,,,,,,,,,,,,,,,,,,,,,,
6,0,5.381704807281494,,116,,0,402,,,1.3457646717627842,4,10163200,175,,,252.43,,0.072265625,0.4327607750892639,15850,3e-05,0.08,-9.102563053602353e-05,-0.45218137176707385,0.2501590847969055,0.0012612849,0.5863887600018642,,,,,,,,,,,,,,,,,,,,,,,,,,,,,
6,0,5.2818827629089355,,155,,0,402,,,1.3457646717627842,5,10168320,164,,,256.48,,0.0554931640625,0.40043604373931885,15858,3e-05,0.08,-0.000410138868028298,-0.4415371949784458,0.21732467412948608,0.0013383089,0.8003842984850053,,,,,,,,,,,,,,,,,,,,,,,,,,,,,
6,0,,,,,,402,,,1.3457646717627842,,,,,,,,0.0733154296875,0.5679921507835388,15866,3e-05,0.08,0.000632336811395362,-0.44725890541449187,0.2759167551994324,0.00076188444,0.8030143786891131,25.416666666666668,285,0.006595561853689164,0.0015145214766639824,0.6486458778381348,1925,0.45844184027777785,0.14805194805194805,,,,,,,,,,,,,,,,,,,,,
,,,,,,,,,,,,,,,,,,,,,,,,,,,,,,,,,,,,4,0.85,4.8279747610911725,6476800,277.22,2.0999715496638314,90.6829179062959,0,,,,,,,,,,,,,
,,,,,,,,,,,,,,,,,,,,,,,,,,,,,,,,,,,,4,0.47,4.014305679872632,6476800,317.03,3.1965668921124326,131.34576163698623,1,,,,,,,,,,,,,
,,,,,,,,,,,,,,,,,,,,,,,,,,,,,,,,,,,,4,,,6476800,,,,,0.38,0,217.8,0,0.85,0.47,6.0,0,0,0.85,0.85,0,0.0
6,0,5.096118927001953,4,4,440,0,402,11,0.011,1.3457646717627842,1,10173440,1259,3e-05,15,264.06,6476800,,,,,,,,,,,,,,,,,,,,,,,,,,,,,,,,,,,,,,,
6,6,5.047882556915283,,44,,6,408,,,1.308877853055795,2,10178560,228,,,265.05,,0.0771484375,1.6196149587631226,15874,3e-05,0.08,0.0003271386231062934,-0.43922108532860876,0.29993534088134766,0.0010923774,1.074403946651728,,,,,,,,,,,,,,,,,,,,,,,,,,,,,
6,0,5.023260593414307,,84,,0,408,,,1.308877853055795,3,10183680,182,,,266.01,,0.0634521484375,0.6006812453269958,15882,3e-05,0.08,5.4834273760207e-05,-0.447946700733155,0.31268614530563354,0.0010651972,0.820012153184507,,,,,,,,,,,,,,,,,,,,,,,,,,,,,
6,0,4.988595485687256,,119,,0,408,,,1.308877853055795,4,10188800,171,,,266.56,,0.0698486328125,0.19453229010105133,15890,3e-05,0.08,0.0002004029622185044,-0.44336813800036906,0.47430044412612915,0.0009518239,0.8541303050005808,,,,,,,,,,,,,,,,,,,,,,,,,,,,,
6,0,5.045327663421631,,158,,0,408,,,1.308877853055795,5,10193920,161,,,265.21,,0.0637939453125,0.1885007619857788,15898,3e-05,0.08,0.00014412688615266233,-0.4324231662787497,0.39192819595336914,0.00083986204,0.9511895808158443,,,,,,,,,,,,,,,,,,,,,,,,,,,,,
6,0,,,,,,408,,,1.308877853055795,,,,,,,,0.0501708984375,0.0345904566347599,15906,3e-05,0.08,-0.00023859772190917283,-0.41676384061574934,0.505171000957489,0.0008252488,0.7106033917865716,25.416666666666668,286,0.0065891881389760236,0.0015088092693548026,0.6486208438873291,1925,0.45844184027777785,0.14857142857142858,,,,,,,,,,,,,,,,,,,,,
,,,,,,,,,,,,,,,,,,,,,,,,,,,,,,,,,,,,4,0.84,4.891263534110039,6502400,275.12,2.116058875567546,91.39226225452568,0,,,,,,,,,,,,,
,,,,,,,,,,,,,,,,,,,,,,,,,,,,,,,,,,,,4,0.47,4.055677722394466,6502400,316.2,3.1878816453740946,132.71073807345059,1,,,,,,,,,,,,,
,,,,,,,,,,,,,,,,,,,,,,,,,,,,,,,,,,,,4,,,6502400,,,,,0.37,0,217.8,0,0.84,0.47,6.0,0,0,0.84,0.84,0,0.0
6,6,4.983338356018066,4,3,440,6,414,11,0.011,1.2944599390029907,1,10199040,1345,3e-05,15,268.58,6502400,,,,,,,,,,,,,,,,,,,,,,,,,,,,,,,,,,,,,,,
6,0,5.119851589202881,,44,,0,414,,,1.2944599390029907,2,10204160,230,,,265.54,,0.057470703125,0.23043209314346313,15914,3e-05,0.08,0.0003594719455577433,-0.41757215233519673,0.5468661785125732,0.0011291286,0.8474159815290477,,,,,,,,,,,,,,,,,,,,,,,,,,,,,
6,0,5.083372592926025,,80,,0,414,,,1.2944599390029907,3,10209280,190,,,270.24,,0.0816650390625,0.8246232271194458,15922,3e-05,0.08,0.0005019020900363103,-0.4578105052933097,0.5765172839164734,0.0010423542,0.9536171934276354,,,,,,,,,,,,,,,,,,,,,,,,,,,,,
6,0,5.144550323486328,,119,,0,414,,,1.2944599390029907,4,10214400,172,,,267.05,,0.0488037109375,0.5752481818199158,15930,3e-05,0.08,-0.0003125410104985349,-0.43856523735448716,0.5356454253196716,0.0011673954,0.9121122641779948,,,,,,,,,,,,,,,,,,,,,,,,,,,,,
6,6,5.266937255859375,,159,,6,420,,,1.3115636706352234,5,10219520,160,,,260.74,,0.061376953125,0.3599986732006073,15938,3e-05,0.08,9.093157423194498e-05,-0.44506716420874,0.44219011068344116,0.0008449398,1.0136531782016391,,,,,,,,,,,,,,,,,,,,,,,,,,,,,
6,6,,,,,,420,,,1.3115636706352234,,,,,,,,0.0628662109375,0.1474761664867401,15946,3e-05,0.08,-0.0003702771253301762,-0.4456695169210434,0.5122029185295105,0.0009766422,0.8580995424301363,25.25,285,0.00659367064254662,0.0015097000584258491,0.6483508944511414,1925,0.45779079861111116,0.14805194805194805,,,,,,,,,,,,,,,,,,,,,
,,,,,,,,,,,,,,,,,,,,,,,,,,,,,,,,,,,,4,0.87,5.084320344030857,6528000,267.77,1.9025102459995082,84.10146907159232,0,,,,,,,,,,,,,
,,,,,,,,,,,,,,,,,,,,,,,,,,,,,,,,,,,,4,0.42,3.8472490295767785,6528000,328.46,3.1063206216488095,131.45352182425543,1,,,,,,,,,,,,,
,,,,,,,,,,,,,,,,,,,,,,,,,,,,,,,,,,,,4,,,6528000,,,,,0.45,0,217.8,0,0.87,0.42,6.0,0,0,0.87,0.87,0,0.0
6,0,5.509111404418945,4,3,440,0,420,11,0.011,1.3115636706352234,1,10224640,1297,3e-05,15,250.27,6528000,,,,,,,,,,,,,,,,,,,,,,,,,,,,,,,,,,,,,,,
6,0,5.406490325927734,,44,,0,420,,,1.3115636706352234,2,10229760,229,,,251.77,,0.0809814453125,0.46081164479255676,15954,3e-05,0.08,-9.4642884505447e-05,-0.4651445672847331,0.45723074674606323,0.001126148,0.6034346731379628,,,,,,,,,,,,,,,,,,,,,,,,,,,,,
6,0,5.537059783935547,,81,,0,420,,,1.3115636706352234,3,10234880,189,,,245.87,,0.09140625,1.7919049263000488,15962,3e-05,0.08,0.0007242164123454131,-0.4651742555201054,0.609233021736145,0.001473673,1.025647425808711,,,,,,,,,,,,,,,,,,,,,,,,,,,,,
6,6,5.304839611053467,,119,,6,426,,,1.2650204350550969,4,10240000,171,,,256.09,,0.0826904296875,0.0735248550772667,15970,3e-05,0.08,8.31907382234931e-05,-0.4421931688673794,0.633577287197113,0.0010980682,1.2995999363833106,,,,,,,,,,,,,,,,,,,,,,,,,,,,,
6,0,5.157268524169922,,152,,0,426,,,1.2650204350550969,5,10245120,167,,,263.22,,0.0791259765625,0.16514314711093903,15978,3e-05,0.08,0.0008116687487927266,-0.44338996708393097,0.60286945104599,0.001354371,1.0902272112551146,,,,,,,,,,,,,,,,,,,,,,,,,,,,,
6,0,,,,,,426,,,1.2650204350550969,,,,,,,,0.063427734375,0.3746455907821655,15986,3e-05,0.08,-0.0001377769498503767,-0.43254588223062457,0.5355790853500366,0.001110169,1.250940689863637,25.333333333333332,286,0.00656063124973497,0.0014938287993527003,0.6469072699546814,1925,0.4581163194444445,0.14857142857142858,,,,,,,,,,,,,,,,,,,,,
,,,,,,,,,,,,,,,,,,,,,,,,,,,,,,,,,,,,4,0.93,5.588496552109718,6553600,243.63,1.8524721874375119,75.00475384933944,0,,,,,,,,,,,,,
,,,,,,,,,,,,,,,,,,,,,,,,,,,,,,,,,,,,4,0.45,3.9796312606334685,6553600,318.14,3.2702820173168474,135.6786659722154,1,,,,,,,,,,,,,
,,,,,,,,,,,,,,,,,,,,,,,,,,,,,,,,,,,,4,,,6553600,,,,,0.48000000000000004,0,217.8,1,0.93,0.45,6.0,0,0,0.93,0.93,0,0.0
6,0,5.030590057373047,4,4,440,0,426,11,0.011,1.2650204350550969,1,10250240,1226,3e-05,15,267.82,6553600,,,,,,,,,,,,,,,,,,,,,,,,,,,,,,,,,,,,,,,
6,0,5.033945083618164,,42,,0,426,,,1.2650204350550969,2,10255360,243,,,267.72,,0.0636962890625,0.5434128046035767,15994,3e-05,0.08,0.0003740469692274928,-0.4642862755805254,0.36426711082458496,0.0015087185,1.4622929980920163,,,,,,,,,,,,,,,,,,,,,,,,,,,,,
6,6,4.780322074890137,,80,,6,432,,,1.2248843436439831,3,10260480,190,,,277.6,,0.0564208984375,1.1615478992462158,16002,3e-05,0.08,-0.00038310205563902856,-0.4401682989671826,0.31827419996261597,0.001011845,1.1394458914757706,,,,,,,,,,,,,,,,,,,,,,,,,,,,,
6,0,4.85434103012085,,116,,0,432,,,1.2248843436439831,4,10265600,175,,,273.14,,0.063037109375,0.38034820556640625,16010,3e-05,0.08,-0.00011465243442216888,-0.4776933682151139,0.46306997537612915,0.0009359444,1.1519419242162257,,,,,,,,,,,,,,,,,,,,,,,,,,,,,
6,0,5.054564952850342,,155,,0,432,,,1.2248843436439831,5,10270720,164,,,264.44,,0.061083984375,0.057102594524621964,16018,3e-05,0.08,-2.1596060832962394e-06,-0.46408511940389874,0.3105013966560364,0.0010833926,1.243472622783156,,,,,,,,,,,,,,,,,,,,,,,,,,,,,
6,0,,,,,,432,,,1.2248843436439831,,,,,,,,0.0814208984375,0.051444876939058304,16026,3e-05,0.08,0.0007302854617591947,-0.4737777251750231,0.17296302318572998,0.0015766006,1.5138216038991232,25.333333333333332,286,0.006497621440917563,0.0015127144192549334,0.6470171809196472,1925,0.4581163194444445,0.14857142857142858,,,,,,,,,,,,,,,,,,,,,
,,,,,,,,,,,,,,,,,,,,,,,,,,,,,,,,,,,,4,0.9,5.318838711380959,6579200,255.65,1.78334375380737,77.80724580654427,0,,,,,,,,,,,,,
,,,,,,,,,,,,,,,,,,,,,,,,,,,,,,,,,,,,4,0.46,4.041031852066517,6579200,317.08,3.196931745367185,134.45733003447597,1,,,,,,,,,,,,,
,,,,,,,,,,,,,,,,,,,,,,,,,,,,,,,,,,,,4,,,6579200,,,,,0.44,0,217.8,0,0.9,0.46,6.0,0,0,0.9,0.9,0,0.0
6,0,4.677422046661377,4,4,440,0,432,11,0.011,1.2248843436439831,1,10275840,1254,3e-05,15,278.86,6579200,,,,,,,,,,,,,,,,,,,,,,,,,,,,,,,,,,,,,,,
6,6,4.761964797973633,,44,,6,438,,,1.140143575767676,2,10280960,228,,,276.91,,0.066259765625,0.6116883158683777,16034,3e-05,0.08,7.854652212699876e-05,-0.4873513366095722,0.15101337432861328,0.000973789,0.8931876013986766,,,,,,,,,,,,,,,,,,,,,,,,,,,,,
6,0,4.735722541809082,,84,,0,438,,,1.140143575767676,3,10286080,181,,,277.91,,0.0859619140625,1.6946879625320435,16042,3e-05,0.08,6.01067440584302e-06,-0.4833262830041349,0.013229548931121826,0.0017989076,1.1044306639989372,,,,,,,,,,,,,,,,,,,,,,,,,,,,,
6,0,4.9240922927856445,,121,,0,438,,,1.140143575767676,4,10291200,168,,,270.19,,0.0935546875,0.49409204721450806,16050,3e-05,0.08,-0.0004875523751252331,-0.48020744333043697,-0.05021178722381592,0.0016430926,1.0472281701629982,,,,,,,,,,,,,,,,,,,,,,,,,,,,,
6,0,5.053757667541504,,160,,0,438,,,1.140143575767676,5,10296320,159,,,265.55,,0.07509765625,0.22653988003730774,16058,3e-05,0.08,-5.867585423402488e-05,-0.4948461745865643,0.0429760217666626,0.0010169775,1.3544664025655948,,,,,,,,,,,,,,,,,,,,,,,,,,,,,
6,0,,,,,,438,,,1.140143575767676,,,,,,,,0.0729248046875,3.069406032562256,16066,3e-05,0.08,-3.972564300056547e-05,-0.47808608105406164,0.1381082534790039,0.0015048053,1.3176392051944277,25.333333333333332,286,0.006477570977450747,0.0014901372261238572,0.646143913269043,1925,0.45757378472222215,0.14857142857142858,,,,,,,,,,,,,,,,,,,,,
,,,,,,,,,,,,,,,,,,,,,,,,,,,,,,,,,,,,4,0.91,5.179952251836657,6604800,258.68,2.107313186224931,83.38295749132433,0,,,,,,,,,,,,,
,,,,,,,,,,,,,,,,,,,,,,,,,,,,,,,,,,,,4,0.44,3.742747400291264,6604800,324.6,3.272007476387813,131.33438239851742,1,,,,,,,,,,,,,
,,,,,,,,,,,,,,,,,,,,,,,,,,,,,,,,,,,,4,,,6604800,,,,,0.47000000000000003,0,217.8,0,0.91,0.44,6.0,0,0,0.91,0.91,0,0.0
6,6,5.282473087310791,4,4,440,6,444,11,0.011,1.2314331034819286,1,10301440,1114,3e-05,15,255.34,6604800,,,,,,,,,,,,,,,,,,,,,,,,,,,,,,,,,,,,,,,
6,0,5.1626667976379395,,40,,0,444,,,1.2314331034819286,2,10306560,254,,,261.53,,0.0537841796875,0.4390071630477905,16074,3e-05,0.08,-0.0007888648702646606,-0.4985119644552469,0.3100588321685791,0.0009625641,0.8340210046822903,,,,,,,,,,,,,,,,,,,,,,,,,,,,,
6,0,5.298483371734619,,71,,0,444,,,1.2314331034819286,3,10311680,215,,,255.5,,0.09677734375,0.3714216947555542,16082,3e-05,0.08,0.0003770914685446769,-0.4670454026199877,0.257546603679657,0.0011137107,0.92811271030223,,,,,,,,,,,,,,,,,,,,,,,,,,,,,
6,0,5.248834609985352,,107,,0,444,,,1.2314331034819286,4,10316800,191,,,259.31,,0.078955078125,0.5867311358451843,16090,3e-05,0.08,-0.0003201362778781913,-0.49221964171156285,0.36981844902038574,0.0010675688,0.8835424843127839,,,,,,,,,,,,,,,,,,,,,,,,,,,,,
6,6,5.2471818923950195,,138,,6,450,,,1.283648153146108,5,10321920,184,,,260.05,,0.05576171875,0.680959165096283,16098,3e-05,0.08,-0.00018502224702388048,-0.4885850203223526,0.42434102296829224,0.000652325,0.7919139287027065,,,,,,,,,,,,,,,,,,,,,,,,,,,,,
6,6,,,,,,450,,,1.283648153146108,,,,,,,,0.0843505859375,0.8208216428756714,16106,3e-05,0.08,0.0003700624612974934,-0.49115055752918124,0.3516584634780884,0.002048371,1.026508770993678,25.333333333333332,286,0.006519850589114291,0.0015070032743180737,0.646644115447998,1925,0.45757378472222215,0.14857142857142858,,,,,,,,,,,,,,,,,,,,,
,,,,,,,,,,,,,,,,,,,,,,,,,,,,,,,,,,,,4,0.89,5.112562323063612,6630400,264.35,2.010586076250568,85.27735631455751,0,,,,,,,,,,,,,
,,,,,,,,,,,,,,,,,,,,,,,,,,,,,,,,,,,,4,0.51,4.15871305430308,6630400,308.09,3.2298113852199095,130.71932489115756,1,,,,,,,,,,,,,
,,,,,,,,,,,,,,,,,,,,,,,,,,,,,,,,,,,,4,,,6630400,,,,,0.38,0,217.8,0,0.89,0.51,6.0,0,0,0.89,0.89,0,0.0
6,0,5.060896396636963,4,3,440,0,450,11,0.011,1.283648153146108,1,10327040,1523,3e-05,15,267.79,6630400,,,,,,,,,,,,,,,,,,,,,,,,,,,,,,,,,,,,,,,
6,0,5.295602798461914,,38,,0,450,,,1.283648153146108,2,10332160,264,,,256.66,,0.07978515625,0.3172461688518524,16114,3e-05,0.08,0.0004111295158509165,-0.48019208330661056,0.19129854440689087,0.0010908373,0.8186514912755228,,,,,,,,,,,,,,,,,,,,,,,,,,,,,
6,0,5.067785263061523,,74,,0,450,,,1.283648153146108,3,10337280,205,,,267.81,,0.0634765625,0.22222453355789185,16122,3e-05,0.08,-0.0004667047003749758,-0.48223022716119884,0.2821194529533386,0.0010052063,0.9092082095798105,,,,,,,,,,,,,,,,,,,,,,,,,,,,,
6,6,4.890994071960449,,115,,6,456,,,1.2394722029566765,4,10342400,176,,,273.93,,0.0588134765625,0.22206784784793854,16130,3e-05,0.08,-0.0005526132794329896,-0.49361583720892666,0.2010258436203003,0.00085368194,0.8054639208305161,,,,,,,,,,,,,,,,,,,,,,,,,,,,,
6,0,4.961270809173584,,153,,0,456,,,1.2394722029566765,5,10347520,166,,,269.97,,0.0693603515625,0.39863479137420654,16138,3e-05,0.08,-0.000604637639480643,-0.4885374052450061,0.1995922327041626,0.0006907738,1.0200414161692606,,,,,,,,,,,,,,,,,,,,,,,,,,,,,
6,0,,,,,,456,,,1.2394722029566765,,,,,,,,0.0599609375,0.07933111488819122,16146,3e-05,0.08,-0.0006143115882878192,-0.4907332735136151,0.044462740421295166,0.0012678469,1.1990630472369959,25.416666666666668,182,0.006510673624927225,0.0015239610572538205,0.6464371681213379,1925,0.4578993055555555,0.09454545454545454,,,,,,,,,,,,,,,,,,,,,
,,,,,,,,,,,,,,,,,,,,,,,,,,,,,,,,,,,,4,0.94,5.3478190183639525,6656000,252.02,2.1234695322517894,82.38883176741857,0,,,,,,,,,,,,,
,,,,,,,,,,,,,,,,,,,,,,,,,,,,,,,,,,,,4,0.48,4.076121104359626,6656000,315.96,3.120512340278921,131.0201450159478,1,,,,,,,,,,,,,
,,,,,,,,,,,,,,,,,,,,,,,,,,,,,,,,,,,,4,,,6656000,,,,,0.45999999999999996,0,217.8,1,0.94,0.48,6.0,0,0,0.94,0.94,0,0.0
6,0,4.963430404663086,4,4,440,0,456,11,0.011,1.2394722029566765,1,10352640,1255,3e-05,15,268.49,6656000,,,,,,,,,,,,,,,,,,,,,,,,,,,,,,,,,,,,,,,
6,0,5.006230354309082,,41,,0,456,,,1.2394722029566765,2,10357760,249,,,267.09,,0.0637451171875,0.35717999935150146,16154,3e-05,0.08,-0.0008853942767018452,-0.4507719281129539,0.09543544054031372,0.0008975272,0.953062283952022,,,,,,,,,,,,,,,,,,,,,,,,,,,,,
6,6,5.165430068969727,,80,,6,462,,,1.2799326305588086,3,10362880,189,,,260.3,,0.0765380859375,0.24441057443618774,16162,3e-05,0.08,0.0006205322904861532,-0.48270729891955855,0.20127606391906738,0.00094604155,1.0533592046704143,,,,,,,,,,,,,,,,,,,,,,,,,,,,,
6,0,5.1010422706604,,119,,0,462,,,1.2799326305588086,4,10368000,171,,,262.35,,0.0858154296875,0.07690458744764328,16170,3e-05,0.08,0.00024910571228247135,-0.46379909086972476,0.2552298307418823,0.0012518881,0.9043390487931902,,,,,,,,,,,,,,,,,,,,,,,,,,,,,
6,0,5.1036906242370605,,155,,0,462,,,1.2799326305588086,5,10373120,164,,,262.29,,0.0833984375,0.23719729483127594,16178,3e-05,0.08,0.0005882539087906479,-0.4715345956385136,0.31092435121536255,0.0015696129,0.6141524892416783,,,,,,,,,,,,,,,,,,,,,,,,,,,,,
6,0,,,,,,462,,,1.2799326305588086,,,,,,,,0.0647705078125,0.6308425068855286,16186,3e-05,0.08,-0.0004143350146478042,-0.46059645563364027,0.32168322801589966,0.0009879787,0.8642846319213277,25.333333333333332,285,0.006509485426239679,0.001497110095763754,0.645936131477356,1925,0.45757378472222215,0.14805194805194805,,,,,,,,,,,,,,,,,,,,,
,,,,,,,,,,,,,,,,,,,,,,,,,,,,,,,,,,,,4,0.95,5.023141619265079,6681600,262.46,2.084139833333248,78.57434950414799,0,,,,,,,,,,,,,
,,,,,,,,,,,,,,,,,,,,,,,,,,,,,,,,,,,,4,0.46,3.924932666271925,6681600,318.18,3.3217531201112425,132.947386585822,1,,,,,,,,,,,,,
,,,,,,,,,,,,,,,,,,,,,,,,,,,,,,,,,,,,4,,,6681600,,,,,0.48999999999999994,0,217.8,1,0.95,0.46,6.0,0,0,0.95,0.95,0,0.0
6,6,5.055515766143799,4,3,440,6,468,11,0.011,1.2626756876707077,1,10378240,1575,3e-05,15,264.65,6681600,,,,,,,,,,,,,,,,,,,,,,,,,,,,,,,,,,,,,,,
6,0,5.067089557647705,,33,,0,468,,,1.2626756876707077,2,10383360,308,,,264.08,,0.087451171875,0.8907398581504822,16194,3e-05,0.08,0.0012891860184026881,-0.4687422356568277,0.27724629640579224,0.0015140623,0.7392912948387675,,,,,,,,,,,,,,,,,,,,,,,,,,,,,
6,0,4.89865779876709,,67,,0,468,,,1.2626756876707077,3,10388480,227,,,270.27,,0.07314453125,0.5489204525947571,16202,3e-05,0.08,-0.00037615477631334213,-0.45962879387661815,0.362895131111145,0.0010389803,0.9351919796434232,,,,,,,,,,,,,,,,,,,,,,,,,,,,,
6,0,5.212369918823242,,103,,0,468,,,1.2626756876707077,4,10393600,198,,,259.06,,0.066015625,0.08317828178405762,16210,3e-05,0.08,-0.000819565897108987,-0.4546477602794766,0.39255523681640625,0.0009572959,0.8123822753259446,,,,,,,,,,,,,,,,,,,,,,,,,,,,,
6,6,5.296940326690674,,143,,6,474,,,1.3406106034914653,5,10398720,178,,,255.15,,0.0865234375,0.42351311445236206,16218,3e-05,0.08,0.0019145470345392824,-0.44136011684313414,0.14409363269805908,0.0019676916,1.4788962010876276,,,,,,,,,,,,,,,,,,,,,,,,,,,,,
6,6,,,,,,474,,,1.3406106034914653,,,,,,,,0.0596435546875,0.1757381707429886,16226,3e-05,0.08,3.468113427516073e-05,-0.4489726144820452,0.2538995146751404,0.00078739814,0.7995694722922053,25.25,118,0.006519846465617698,0.0014895352346316049,0.6461718082427979,1925,0.45779079861111116,0.0612987012987013,,,,,,,,,,,,,,,,,,,,,
,,,,,,,,,,,,,,,,,,,,,,,,,,,,,,,,,,,,4,0.88,5.15277931690216,6707200,263.84,1.944646598758975,84.50759965825559,0,,,,,,,,,,,,,
,,,,,,,,,,,,,,,,,,,,,,,,,,,,,,,,,,,,4,0.49,4.185338283479214,6707200,309.13,3.439850957009942,134.61661524492436,1,,,,,,,,,,,,,
,,,,,,,,,,,,,,,,,,,,,,,,,,,,,,,,,,,,4,,,6707200,,,,,0.39,0,217.8,0,0.88,0.49,6.0,0,0,0.88,0.88,0,0.0
6,0,5.587463855743408,4,3,440,0,474,11,0.011,1.3406106034914653,1,10403840,1578,3e-05,15,242.93,6707200,,,,,,,,,,,,,,,,,,,,,,,,,,,,,,,,,,,,,,,
6,0,5.4233479499816895,,36,,0,474,,,1.3406106034914653,2,10408960,283,,,249.33,,0.0774658203125,0.3319866955280304,16234,3e-05,0.08,-0.0002652337287145201,-0.48056569704785945,0.3218477964401245,0.0016981385,0.7237671346054413,,,,,,,,,,,,,,,,,,,,,,,,,,,,,
6,0,5.519281387329102,,69,,0,474,,,1.3406106034914653,3,10414080,222,,,245.64,,0.0580322265625,0.5336659550666809,16242,3e-05,0.08,-0.0003224728046916425,-0.4407909092493355,0.3280031085014343,0.0012005396,1.1348511661228258,,,,,,,,,,,,,,,,,,,,,,,,,,,,,
6,6,5.384920597076416,,104,,6,480,,,1.3373838861783345,4,10419200,195,,,250.84,,0.0579345703125,0.22551371157169342,16250,3e-05,0.08,0.0001049967744620517,-0.4454656452871859,0.3837602138519287,0.000978042,0.8358585441485047,,,,,,,,,,,,,,,,,,,,,,,,,,,,,
6,0,5.393411159515381,,152,,0,480,,,1.3373838861783345,5,10424320,167,,,251.46,,0.0634765625,0.03382496163249016,16258,3e-05,0.08,-5.898561794310808e-05,-0.43674655854701994,0.4904489517211914,0.0012323002,0.8440975765988696,,,,,,,,,,,,,,,,,,,,,,,,,,,,,
6,0,,,,,,480,,,1.3373838861783345,,,,,,,,0.0783447265625,0.6666033864021301,16266,3e-05,0.08,-0.0003149741896777414,-0.44827909804880617,0.4625823497772217,0.0010885766,0.6071574073546799,25.166666666666668,286,0.006535163847600686,0.0014911218679348327,0.6453428268432617,1925,0.45746527777777785,0.14857142857142858,,,,,,,,,,,,,,,,,,,,,
,,,,,,,,,,,,,,,,,,,,,,,,,,,,,,,,,,,,4,0.88,5.000646447353065,6732800,267.9,2.2911374098034107,93.51604140467023,0,,,,,,,,,,,,,
,,,,,,,,,,,,,,,,,,,,,,,,,,,,,,,,,,,,4,0.45,3.7976027742028236,6732800,318.31,3.4989838796063544,135.90869692554634,1,,,,,,,,,,,,,
,,,,,,,,,,,,,,,,,,,,,,,,,,,,,,,,,,,,4,,,6732800,,,,,0.43,0,217.8,0,0.88,0.45,6.0,0,0,0.88,0.88,0,0.0
6,0,5.157079696655273,4,3,440,0,480,11,0.011,1.3373838861783345,1,10429440,1581,3e-05,15,261.93,6732800,,,,,,,,,,,,,,,,,,,,,,,,,,,,,,,,,,,,,,,
6,0,5.1825995445251465,,35,,0,480,,,1.3373838861783345,2,10434560,287,,,261.27,,0.0668212890625,0.5298694372177124,16274,3e-05,0.08,0.00011699128081090748,-0.4439417006447911,0.5115712285041809,0.00061265274,0.7146689402492484,,,,,,,,,,,,,,,,,,,,,,,,,,,,,
6,6,5.11907434463501,,70,,6,486,,,1.3705024768908818,3,10439680,218,,,265.16,,0.0816162109375,0.14803941547870636,16282,3e-05,0.08,0.0006764358746295329,-0.4224802007898688,0.6037116050720215,0.0013448617,0.9614687590219546,,,,,,,,,,,,,,,,,,,,,,,,,,,,,
6,0,5.0811238288879395,,113,,0,486,,,1.3705024768908818,4,10444800,181,,,264.94,,0.0583251953125,0.10340658575296402,16290,3e-05,0.08,0.000127561780391261,-0.43485985733568666,0.5699344277381897,0.0010868661,1.0513373313704506,,,,,,,,,,,,,,,,,,,,,,,,,,,,,
6,0,4.683692932128906,,150,,0,486,,,1.3705024768908818,5,10449920,170,,,280.26,,0.079833984375,1.4941848516464233,16298,3e-05,0.08,0.001107611568295397,-0.46200828794389964,0.6725022792816162,0.0010382148,0.8381236581830308,,,,,,,,,,,,,,,,,,,,,,,,,,,,,
6,0,,,,,,486,,,1.3705024768908818,,,,,,,,0.060693359375,0.451248437166214,16306,3e-05,0.08,0.00062056254100753,-0.4375820797868073,0.7634319067001343,0.00093908916,0.8509496083424892,25.0,286,0.006535337658577159,0.0014929806571255036,0.6447955965995789,1925,0.45627170138888884,0.14857142857142858,,,,,,,,,,,,,,,,,,,,,
,,,,,,,,,,,,,,,,,,,,,,,,,,,,,,,,,,,,4,0.87,4.9251009718328715,6758400,270.91,2.134733735208386,89.55323500577742,0,,,,,,,,,,,,,
,,,,,,,,,,,,,,,,,,,,,,,,,,,,,,,,,,,,4,0.46,3.6305248337984084,6758400,321.45,3.46253873976069,129.71456163438245,1,,,,,,,,,,,,,
,,,,,,,,,,,,,,,,,,,,,,,,,,,,,,,,,,,,4,,,6758400,,,,,0.41,0,217.8,0,0.87,0.46,6.0,0,0,0.87,0.87,0,0.0
6,0,4.4862589836120605,4,3,440,0,486,11,0.011,1.3705024768908818,1,10455040,1305,3e-05,15,289.97,6758400,,,,,,,,,,,,,,,,,,,,,,,,,,,,,,,,,,,,,,,
6,6,4.4083757400512695,,35,,6,492,,,1.1969825079043706,2,10460160,290,,,292.38,,0.078857421875,0.17324985563755035,16314,3e-05,0.08,0.0007346822356339544,-0.45033132918179036,0.6626116633415222,0.0015090692,1.2942322577699088,,,,,,,,,,,,,,,,,,,,,,,,,,,,,
6,0,4.736310958862305,,69,,0,492,,,1.1969825079043706,3,10465280,221,,,278.83,,0.084619140625,0.7511357069015503,16322,3e-05,0.08,0.00038800160109531134,-0.5063897042535246,0.36987340450286865,0.0022765812,1.5042088393529411,,,,,,,,,,,,,,,,,,,,,,,,,,,,,
6,0,4.6850996017456055,,104,,0,492,,,1.1969825079043706,4,10470400,195,,,283.0,,0.07001953125,0.2446417510509491,16330,3e-05,0.08,-0.00020743858767673372,-0.4873514188453555,0.05251789093017578,0.0013324788,1.3590121225221083,,,,,,,,,,,,,,,,,,,,,,,,,,,,,
6,0,4.906350612640381,,138,,0,492,,,1.1969825079043706,5,10475520,185,,,274.79,,0.087646484375,0.9863776564598083,16338,3e-05,0.08,-5.1489443285390736e-05,-0.4940244094468653,0.14156562089920044,0.0021804855,1.1309659373830072,,,,,,,,,,,,,,,,,,,,,,,,,,,,,
6,0,,,,,,492,,,1.1969825079043706,,,,,,,,0.0685302734375,0.04272183030843735,16346,3e-05,0.08,-0.00011816961923614145,-0.4774918052367866,0.2913814187049866,0.0014528452,0.7365049563115462,25.083333333333332,286,0.006465094044096493,0.0014733817835132714,0.6442711353302002,1925,0.45659722222222215,0.14857142857142858,,,,,,,,,,,,,,,,,,,,,
,,,,,,,,,,,,,,,,,,,,,,,,,,,,,,,,,,,,4,0.89,5.163661539256573,6784000,261.87,2.0486658555644564,85.75122797954558,0,,,,,,,,,,,,,
,,,,,,,,,,,,,,,,,,,,,,,,,,,,,,,,,,,,4,0.4,3.5331424982845783,6784000,333.96,3.2481252708749913,130.79051341744935,1,,,,,,,,,,,,,
,,,,,,,,,,,,,,,,,,,,,,,,,,,,,,,,,,,,4,,,6784000,,,,,0.49,0,217.8,0,0.89,0.4,6.0,0,0,0.89,0.89,0,0.0
6,6,5.2107110023498535,4,4,440,6,498,11,0.011,1.278704437116782,1,10480640,1277,3e-05,15,261.35,6784000,,,,,,,,,,,,,,,,,,,,,,,,,,,,,,,,,,,,,,,
6,0,5.3320722579956055,,43,,0,498,,,1.278704437116782,2,10485760,235,,,256.35,,0.0811767578125,0.5790541172027588,16354,3e-05,0.08,8.324291411554441e-05,-0.501114712189883,0.24781376123428345,0.000994289,0.8333338024182012,,,,,,,,,,,,,,,,,,,,,,,,,,,,,
6,0,5.185075759887695,,80,,0,498,,,1.278704437116782,3,10490880,191,,,261.22,,0.0916259765625,0.2296966165304184,16362,3e-05,0.08,0.0005052903987234458,-0.493009767960757,0.30356699228286743,0.0011784369,0.7607483079773374,,,,,,,,,,,,,,,,,,,,,,,,,,,,,
6,0,5.008482456207275,,117,,0,498,,,1.278704437116782,4,10496000,174,,,266.79,,0.05859375,1.0276678800582886,16370,3e-05,0.08,-0.00021716572809964417,-0.47241893047466876,0.24262326955795288,0.0010187817,1.0658302467214527,,,,,,,,,,,,,,,,,,,,,,,,,,,,,
6,6,4.886373043060303,,151,,6,504,,,1.2141239916284878,5,10501120,168,,,270.62,,0.0676513671875,0.01674608886241913,16378,3e-05,0.08,9.784687426872551e-06,-0.5018123208545149,0.3522859811782837,0.0014520257,0.899709974770667,,,,,,,,,,,,,,,,,,,,,,,,,,,,,
6,6,,,,,,504,,,1.2141239916284878,,,,,,,,0.08544921875,2.9277946949005127,16386,3e-05,0.08,0.000545193390280474,-0.509170058555901,0.35224831104278564,0.0012047921,0.9747547887149267,25.083333333333332,286,0.006442117800038339,0.0014579285870624332,0.6439399719238281,1925,0.45659722222222215,0.14857142857142858,,,,,,,,,,,,,,,,,,,,,
,,,,,,,,,,,,,,,,,,,,,,,,,,,,,,,,,,,,4,0.86,5.115047764182091,6809600,265.48,2.0323044948261666,88.01153106269656,0,,,,,,,,,,,,,
,,,,,,,,,,,,,,,,,,,,,,,,,,,,,,,,,,,,4,0.44,3.7919270718097686,6809600,326.5,3.1574265026121946,129.9098533599357,1,,,,,,,,,,,,,
,,,,,,,,,,,,,,,,,,,,,,,,,,,,,,,,,,,,4,,,6809600,,,,,0.42,0,217.8,0,0.86,0.44,6.0,0,0,0.86,0.86,0,0.0
6,0,4.840015411376953,4,3,440,0,504,11,0.011,1.2141239916284878,1,10506240,1301,3e-05,15,270.75,6809600,,,,,,,,,,,,,,,,,,,,,,,,,,,,,,,,,,,,,,,
6,0,4.7831621170043945,,41,,0,504,,,1.2141239916284878,2,10511360,245,,,273.64,,0.0906494140625,0.547387421131134,16394,3e-05,0.08,0.0006448377826018259,-0.500879502762109,0.4079548120498657,0.0011577308,1.1240996122796787,,,,,,,,,,,,,,,,,,,,,,,,,,,,,
6,0,4.576208114624023,,83,,0,504,,,1.2141239916284878,3,10516480,183,,,282.82,,0.083837890625,0.0912671759724617,16402,3e-05,0.08,0.0008592084399424493,-0.4875367014668882,0.40523529052734375,0.0014367695,0.782545069954358,,,,,,,,,,,,,,,,,,,,,,,,,,,,,
6,6,4.713529109954834,,117,,6,510,,,1.241217166185379,4,10521600,173,,,277.39,,0.0911865234375,0.16212576627731323,16410,3e-05,0.08,0.0005468280382046941,-0.4790604504756629,0.39580100774765015,0.0015331106,0.7332522562588565,,,,,,,,,,,,,,,,,,,,,,,,,,,,,
6,0,4.694169998168945,,155,,0,510,,,1.241217166185379,5,10526720,164,,,277.97,,0.0918701171875,0.11309609562158585,16418,3e-05,0.08,0.0008609078053268604,-0.4885885932482779,0.34977394342422485,0.0017933382,1.011541552140261,,,,,,,,,,,,,,,,,,,,,,,,,,,,,
6,0,,,,,,510,,,1.241217166185379,,,,,,,,0.0719482421875,0.14174696803092957,16426,3e-05,0.08,2.0479163504205643e-05,-0.4791346937417984,0.37653595209121704,0.00091960037,1.2515606610220857,25.0,286,0.00645179228427942,0.0014517419564643013,0.6443003416061401,1925,0.45627170138888884,0.14857142857142858,,,,,,,,,,,,,,,,,,,,,
,,,,,,,,,,,,,,,,,,,,,,,,,,,,,,,,,,,,4,0.92,5.334550392627716,6835200,253.64,1.8931914021560725,77.50619588136163,0,,,,,,,,,,,,,
,,,,,,,,,,,,,,,,,,,,,,,,,,,,,,,,,,,,4,0.53,4.2198165541887285,6835200,304.92,3.270687488994171,129.58338473739602,1,,,,,,,,,,,,,
,,,,,,,,,,,,,,,,,,,,,,,,,,,,,,,,,,,,4,,,6835200,,,,,0.39,0,217.8,0,0.92,0.53,6.0,0,0,0.92,0.92,0,0.0
6,0,5.000668048858643,4,3,440,0,510,11,0.011,1.241217166185379,1,10531840,1290,3e-05,15,267.93,6835200,,,,,,,,,,,,,,,,,,,,,,,,,,,,,,,,,,,,,,,
6,0,4.782251834869385,,40,,0,510,,,1.241217166185379,2,10536960,249,,,276.38,,0.0805908203125,0.515943169593811,16434,3e-05,0.08,0.0007898367126472295,-0.4570883237756789,0.23636209964752197,0.001458988,0.6567758658784442,,,,,,,,,,,,,,,,,,,,,,,,,,,,,
6,6,4.860049724578857,,78,,6,516,,,1.262842300037543,3,10542080,195,,,272.21,,0.067822265625,0.3725544214248657,16442,3e-05,0.08,0.00030860265251249076,-0.4919539771042764,0.37609827518463135,0.0012617379,0.8216376051306724,,,,,,,,,,,,,,,,,,,,,,,,,,,,,
6,0,4.614027976989746,,117,,0,516,,,1.262842300037543,4,10547200,174,,,280.49,,0.060546875,0.1220129206776619,16450,3e-05,0.08,4.601995169650763e-05,-0.49372679367661476,0.36945343017578125,0.0014054433,1.1032545635360294,,,,,,,,,,,,,,,,,,,,,,,,,,,,,
6,0,4.631777763366699,,150,,0,516,,,1.262842300037543,5,10552320,169,,,280.54,,0.075341796875,0.027500875294208527,16458,3e-05,0.08,0.0002929028836661018,-0.5185249245725572,0.592086672782898,0.0012964978,0.9077224625420058,,,,,,,,,,,,,,,,,,,,,,,,,,,,,
6,0,,,,,,516,,,1.262842300037543,,,,,,,,0.0763916015625,0.4034692347049713,16466,3e-05,0.08,-1.9670103210955858e-05,-0.4989548227749765,0.1515139937400818,0.0012559486,1.4066019471501932,25.0,286,0.006436699127808958,0.0014457021401310655,0.6426594257354736,1925,0.45627170138888884,0.14857142857142858,,,,,,,,,,,,,,,,,,,,,
,,,,,,,,,,,,,,,,,,,,,,,,,,,,,,,,,,,,4,0.83,5.032336844801903,6860800,270.35,2.14324692301721,93.9849323030027,0,,,,,,,,,,,,,
,,,,,,,,,,,,,,,,,,,,,,,,,,,,,,,,,,,,4,0.49,3.797855927180499,6860800,311.51,3.7828775759165376,131.97738404741926,1,,,,,,,,,,,,,
,,,,,,,,,,,,,,,,,,,,,,,,,,,,,,,,,,,,4,,,6860800,,,,,0.33999999999999997,0,217.8,0,0.83,0.49,6.0,0,0,0.83,0.83,0,0.0
6,0,4.70759916305542,4,3,440,0,516,11,0.011,1.262842300037543,1,10557440,1309,3e-05,15,276.12,6860800,,,,,,,,,,,,,,,,,,,,,,,,,,,,,,,,,,,,,,,
6,6,4.68745231628418,,46,,6,522,,,1.2219711517294247,2,10562560,219,,,277.68,,0.0771484375,0.2767364978790283,16474,3e-05,0.08,-3.0684216471854595e-05,-0.5088957120664418,0.17659896612167358,0.001184044,1.0755814274423756,,,,,,,,,,,,,,,,,,,,,,,,,,,,,
6,0,4.763375759124756,,80,,0,522,,,1.2219711517294247,3,10567680,190,,,275.48,,0.06845703125,0.467273473739624,16482,3e-05,0.08,-0.0004861429435550235,-0.49528793450444936,0.28223544359207153,0.000864114,0.8185155701765325,,,,,,,,,,,,,,,,,,,,,,,,,,,,,
6,0,4.8901519775390625,,116,,0,522,,,1.2219711517294247,4,10572800,175,,,271.0,,0.0772216796875,0.23605196177959442,16490,3e-05,0.08,-0.0005400838883360848,-0.5134117019362747,0.4229393005371094,0.0009802578,0.933215374185238,,,,,,,,,,,,,,,,,,,,,,,,,,,,,
6,0,5.045605659484863,,153,,0,522,,,1.2219711517294247,5,10577920,166,,,265.79,,0.0701416015625,1.2508387565612793,16498,3e-05,0.08,-0.0005105137403006666,-0.481443483941257,0.2738996148109436,0.0014248727,1.2696052530198358,,,,,,,,,,,,,,,,,,,,,,,,,,,,,
6,0,,,,,,522,,,1.2219711517294247,,,,,,,,0.0895751953125,-0.00554655771702528,16506,3e-05,0.08,0.0008488307794323191,-0.4822779416106641,0.1973145604133606,0.0023592939,1.1629581639892421,24.916666666666668,286,0.006433564743567132,0.0014380262974098322,0.6424283385276794,1925,0.4559461805555555,0.14857142857142858,,,,,,,,,,,,,,,,,,,,,
,,,,,,,,,,,,,,,,,,,,,,,,,,,,,,,,,,,,4,0.87,4.909141705483198,6886400,271.6,1.9961422045502564,84.4034359490181,0,,,,,,,,,,,,,
,,,,,,,,,,,,,,,,,,,,,,,,,,,,,,,,,,,,4,0.56,4.5335490994155405,6886400,295.83,3.085384938381619,130.45382746397283,1,,,,,,,,,,,,,
,,,,,,,,,,,,,,,,,,,,,,,,,,,,,,,,,,,,4,,,6886400,,,,,0.30999999999999994,0,217.8,0,0.87,0.56,6.0,0,0,0.87,0.87,0,0.0
6,6,4.876006603240967,4,3,440,6,528,11,0.011,1.206389342745145,1,10583040,1358,3e-05,15,271.8,6886400,,,,,,,,,,,,,,,,,,,,,,,,,,,,,,,,,,,,,,,
6,0,4.821926116943359,,37,,0,528,,,1.206389342745145,2,10588160,272,,,274.22,,0.0713134765625,0.6124476194381714,16514,3e-05,0.08,0.00034394922986393797,-0.4742935989052057,0.3287006616592407,0.0012733926,0.7895696867228252,,,,,,,,,,,,,,,,,,,,,,,,,,,,,
6,0,4.916747093200684,,74,,0,528,,,1.206389342745145,3,10593280,206,,,269.41,,0.08046875,0.4002110958099365,16522,3e-05,0.08,0.0003539270954206586,-0.4864808972924948,0.36869871616363525,0.0013285488,0.9239533520943951,,,,,,,,,,,,,,,,,,,,,,,,,,,,,
6,6,4.986583709716797,,108,,6,534,,,1.2107514813542366,4,10598400,188,,,268.33,,0.081494140625,0.07648325711488724,16530,3e-05,0.08,0.00012607915996341035,-0.47855047779157756,0.46103209257125854,0.0014917861,1.0305184328113683,,,,,,,,,,,,,,,,,,,,,,,,,,,,,
6,0,4.912535667419434,,146,,0,534,,,1.2107514813542366,5,10603520,174,,,272.45,,0.092138671875,0.8612603545188904,16538,3e-05,0.08,0.0007291398680536077,-0.4882377849891782,0.17476212978363037,0.0017227735,1.1985411202622345,,,,,,,,,,,,,,,,,,,,,,,,,,,,,
6,0,,,,,,534,,,1.2107514813542366,,,,,,,,0.09794921875,0.7403460144996643,16546,3e-05,0.08,0.00018315302295377479,-0.5018551242537796,0.3871917724609375,0.0023646276,1.1591927638626658,24.75,288,0.006409514147083278,0.0014252258398235519,0.6412101984024048,1925,0.45529513888888884,0.1496103896103896,,,,,,,,,,,,,,,,,,,,,
,,,,,,,,,,,,,,,,,,,,,,,,,,,,,,,,,,,,4,0.88,4.906802493110299,6912000,271.28,2.1304767005372107,87.70599523407735,0,,,,,,,,,,,,,
,,,,,,,,,,,,,,,,,,,,,,,,,,,,,,,,,,,,4,0.43,3.9129128670692443,6912000,330.4,2.861535144259286,127.70982734308274,1,,,,,,,,,,,,,
,,,,,,,,,,,,,,,,,,,,,,,,,,,,,,,,,,,,4,,,6912000,,,,,0.45,0,217.8,0,0.88,0.43,6.0,0,0,0.88,0.88,0,0.0
6,0,4.959290504455566,4,3,440,0,534,11,0.011,1.2107514813542366,1,10608640,1365,3e-05,15,271.56,6912000,,,,,,,,,,,,,,,,,,,,,,,,,,,,,,,,,,,,,,,
6,0,5.2270073890686035,,37,,0,534,,,1.2107514813542366,2,10613760,276,,,260.35,,0.0832275390625,0.3385777473449707,16554,3e-05,0.08,0.00016210329777095468,-0.48903820775449275,0.3976619243621826,0.0019360495,0.9035610696155345,,,,,,,,,,,,,,,,,,,,,,,,,,,,,
6,6,5.060803413391113,,75,,6,540,,,1.328547641634941,3,10618880,203,,,267.61,,0.0955322265625,0.04518134519457817,16562,3e-05,0.08,0.0007395668042590841,-0.5006432379595935,0.1544896960258484,0.0022788043,1.0145773752592504,,,,,,,,,,,,,,,,,,,,,,,,,,,,,
6,0,5.016570568084717,,111,,0,540,,,1.328547641634941,4,10624000,182,,,269.48,,0.0642578125,0.07494170218706131,16570,3e-05,0.08,-0.0007631319487700239,-0.4727458883076906,0.27716952562332153,0.00090091303,0.7467238717887085,,,,,,,,,,,,,,,,,,,,,,,,,,,,,
6,0,5.103263854980469,,156,,0,540,,,1.328547641634941,5,10629120,163,,,264.32,,0.087890625,0.11511671543121338,16578,3e-05,0.08,0.0004678033248637803,-0.4884200617671013,0.18635421991348267,0.002316103,0.9616821622883436,,,,,,,,,,,,,,,,,,,,,,,,,,,,,
6,0,,,,,,540,,,1.328547641634941,,,,,,,,0.0877197265625,0.792894184589386,16586,3e-05,0.08,0.0006289225784712471,-0.5214030969887972,0.33794063329696655,0.001426382,0.8838074889412383,24.666666666666668,288,0.006425589942021523,0.0014249949645055474,0.6392500400543213,1925,0.4549696180555555,0.1496103896103896,,,,,,,,,,,,,,,,,,,,,
,,,,,,,,,,,,,,,,,,,,,,,,,,,,,,,,,,,,4,0.87,4.6224508956074715,6937600,282.44,2.090682352403327,87.50980745036524,0,,,,,,,,,,,,,
,,,,,,,,,,,,,,,,,,,,,,,,,,,,,,,,,,,,4,0.53,4.45523142516613,6937600,302.54,3.030955678377845,131.1261545230394,1,,,,,,,,,,,,,
,,,,,,,,,,,,,,,,,,,,,,,,,,,,,,,,,,,,4,,,6937600,,,,,0.33999999999999997,0,217.8,0,0.87,0.53,6.0,0,0,0.87,0.87,0,0.0
6,0,5.008470058441162,4,3,440,0,540,11,0.011,1.328547641634941,1,10634240,1371,3e-05,15,269.98,6937600,,,,,,,,,,,,,,,,,,,,,,,,,,,,,,,,,,,,,,,
6,6,4.878412246704102,,39,,6,546,,,1.2741712530454,2,10639360,258,,,274.76,,0.0607666015625,0.9271327257156372,16594,3e-05,0.08,-0.0003395926396478899,-0.4971301805227995,0.26443612575531006,0.0010667272,0.7932920708088205,,,,,,,,,,,,,,,,,,,,,,,,,,,,,
6,0,4.85903787612915,,74,,0,546,,,1.2741712530454,3,10644480,207,,,274.32,,0.0540283203125,0.09130747616291046,16602,3e-05,0.08,-0.00039308038103627043,-0.4913468949496746,0.2050234079360962,0.0007947391,0.7225272767915157,,,,,,,,,,,,,,,,,,,,,,,,,,,,,
6,0,4.931783199310303,,114,,0,546,,,1.2741712530454,4,10649600,178,,,270.91,,0.066748046875,0.035277318209409714,16610,3e-05,0.08,-0.00045811905583832414,-0.5055126585066319,0.2594735026359558,0.0010385662,1.2601106222806266,,,,,,,,,,,,,,,,,,,,,,,,,,,,,
6,0,4.7867631912231445,,146,,0,546,,,1.2741712530454,5,10654720,174,,,276.92,,0.0745361328125,0.023597288876771927,16618,3e-05,0.08,7.333020039368421e-06,-0.5122228045016527,0.42042243480682373,0.0015478043,0.9042970150883776,,,,,,,,,,,,,,,,,,,,,,,,,,,,,
6,0,,,,,,546,,,1.2741712530454,,,,,,,,0.0867431640625,0.5535736083984375,16626,3e-05,0.08,0.0006360814863000996,-0.5324720025062561,0.4720667004585266,0.001684246,1.0167549888021312,24.666666666666668,288,0.006411822524320828,0.001421714423673477,0.6420392990112305,1925,0.4549696180555555,0.1496103896103896,,,,,,,,,,,,,,,,,,,,,
,,,,,,,,,,,,,,,,,,,,,,,,,,,,,,,,,,,,4,0.85,4.616003857254982,6963200,284.11,2.000311643352596,86.10260100600911,0,,,,,,,,,,,,,
,,,,,,,,,,,,,,,,,,,,,,,,,,,,,,,,,,,,4,0.34,3.1011370741948485,6963200,353.34,2.986461236023003,121.5081248312227,1,,,,,,,,,,,,,
,,,,,,,,,,,,,,,,,,,,,,,,,,,,,,,,,,,,4,,,6963200,,,,,0.51,0,217.8,0,0.85,0.34,6.0,0,0,0.85,0.85,0,0.0
6,6,4.76558256149292,4,3,440,6,552,11,0.011,1.220655129601558,1,10659840,1292,3e-05,15,275.09,6963200,,,,,,,,,,,,,,,,,,,,,,,,,,,,,,,,,,,,,,,
6,0,4.617739677429199,,39,,0,552,,,1.220655129601558,2,10664960,256,,,280.23,,0.094970703125,0.9529351592063904,16634,3e-05,0.08,0.0007991144229890779,-0.5090715636499226,0.22417593002319336,0.0011993092,0.8605347595992499,,,,,,,,,,,,,,,,,,,,,,,,,,,,,
6,0,4.530890464782715,,75,,0,552,,,1.220655129601558,3,10670080,204,,,283.75,,0.0566162109375,0.1086457222700119,16642,3e-05,0.08,0.0006526947574457154,-0.5094433319754899,0.57663893699646,0.00090509205,0.7249289829982445,,,,,,,,,,,,,,,,,,,,,,,,,,,,,
6,0,4.499670028686523,,111,,0,552,,,1.220655129601558,4,10675200,184,,,285.65,,0.0778076171875,0.9521433711051941,16650,3e-05,0.08,0.0005081728711957112,-0.5015150818042458,0.6038030982017517,0.00096373167,1.0730213390255812,,,,,,,,,,,,,,,,,,,,,,,,,,,,,
6,6,4.714404106140137,,147,,6,558,,,1.0922179395953815,5,10680320,174,,,278.79,,0.0790771484375,0.2128879427909851,16658,3e-05,0.08,0.00022581186203751713,-0.5167083882726728,0.6045023202896118,0.0011503485,1.0485519031208241,,,,,,,,,,,,,,,,,,,,,,,,,,,,,
6,6,,,,,,558,,,1.0922179395953815,,,,,,,,0.0881591796875,0.22476549446582794,16666,3e-05,0.08,0.00028680131363216786,-0.5135998571291566,0.6015619039535522,0.0011726737,1.3058524511405267,24.666666666666668,288,0.006412894247192118,0.0014189234552962186,0.6409700512886047,1925,0.4549696180555555,0.1496103896103896,,,,,,,,,,,,,,,,,,,,,
,,,,,,,,,,,,,,,,,,,,,,,,,,,,,,,,,,,,4,0.92,5.213259227275849,6988800,259.0,1.7724776981423802,74.32402034335871,0,,,,,,,,,,,,,
,,,,,,,,,,,,,,,,,,,,,,,,,,,,,,,,,,,,4,0.45,3.8970963442377977,6988800,325.76,2.983610917167392,127.03850754790848,1,,,,,,,,,,,,,
,,,,,,,,,,,,,,,,,,,,,,,,,,,,,,,,,,,,4,,,6988800,,,,,0.47000000000000003,0,217.8,0,0.92,0.45,6.0,0,0,0.92,0.92,0,0.0
6,0,4.496823310852051,4,3,440,0,558,11,0.011,1.0922179395953815,1,10685440,1360,3e-05,15,287.99,6988800,,,,,,,,,,,,,,,,,,,,,,,,,,,,,,,,,,,,,,,
6,0,4.617589950561523,,37,,0,558,,,1.0922179395953815,2,10690560,269,,,283.76,,0.074169921875,0.3583105802536011,16674,3e-05,0.08,4.676610842579976e-05,-0.5039744821377099,0.513477087020874,0.0013990641,1.0135416951437946,,,,,,,,,,,,,,,,,,,,,,,,,,,,,
6,0,4.853741645812988,,77,,0,558,,,1.0922179395953815,3,10695680,198,,,276.25,,0.068994140625,0.8360472321510315,16682,3e-05,0.08,0.00017632274539209903,-0.5193309731781482,0.2983554005622864,0.0014455491,1.3521402908838354,,,,,,,,,,,,,,,,,,,,,,,,,,,,,
6,6,4.807140350341797,,113,,6,564,,,1.209083524843057,4,10700800,179,,,278.14,,0.0769775390625,0.3544641435146332,16690,3e-05,0.08,0.00040694928029552104,-0.5397227640263736,0.2959623336791992,0.0016648031,1.2141889460734092,,,,,,,,,,,,,,,,,,,,,,,,,,,,,
6,0,4.828258991241455,,153,,0,564,,,1.209083524843057,5,10705920,167,,,275.4,,0.070068359375,0.262817919254303,16698,3e-05,0.08,-0.0004557944048428908,-0.529591812659055,0.3002960681915283,0.001102907,0.9789150475058704,,,,,,,,,,,,,,,,,,,,,,,,,,,,,
6,0,,,,,,564,,,1.209083524843057,,,,,,,,0.0904296875,0.09427078813314438,16706,3e-05,0.08,-0.00015692457382101565,-0.52979626217857,0.3176199793815613,0.0010097509,0.5619411970896181,24.583333333333332,286,0.006369423077531609,0.001407443506586355,0.6416170001029968,1925,0.45464409722222215,0.14857142857142858,,,,,,,,,,,,,,,,,,,,,
,,,,,,,,,,,,,,,,,,,,,,,,,,,,,,,,,,,,4,0.94,5.101175188831985,7014400,260.99,1.8654889025540344,73.00404029915056,0,,,,,,,,,,,,,
,,,,,,,,,,,,,,,,,,,,,,,,,,,,,,,,,,,,4,0.46,3.9403952649608254,7014400,320.63,3.159506866389001,130.34827616811816,1,,,,,,,,,,,,,
,,,,,,,,,,,,,,,,,,,,,,,,,,,,,,,,,,,,4,,,7014400,,,,,0.4799999999999999,0,217.8,1,0.94,0.46,6.0,0,0,0.94,0.94,0,0.0
6,0,4.979369640350342,4,4,440,0,564,11,0.011,1.209083524843057,1,10711040,1253,3e-05,15,269.69,7014400,,,,,,,,,,,,,,,,,,,,,,,,,,,,,,,,,,,,,,,
6,0,4.949941158294678,,43,,0,564,,,1.209083524843057,2,10716160,237,,,270.18,,0.0519287109375,0.3386816084384918,16714,3e-05,0.08,-1.7882093379739673e-05,-0.5157475335523486,0.3018501400947571,0.0006333157,0.9100965613295557,,,,,,,,,,,,,,,,,,,,,,,,,,,,,
6,6,4.956439971923828,,80,,6,570,,,1.2416997775435448,3,10721280,191,,,268.46,,0.0771240234375,0.1730343997478485,16722,3e-05,0.08,-0.0006992501730564982,-0.5304981265217066,0.4464612603187561,0.0017515052,0.9287733802688308,,,,,,,,,,,,,,,,,,,,,,,,,,,,,
6,0,4.821966648101807,,117,,0,570,,,1.2416997775435448,4,10726400,174,,,273.17,,0.0677001953125,0.05893387645483017,16730,3e-05,0.08,-0.000245276304485742,-0.5194618463516235,0.4144895076751709,0.0008494528,1.0023369838076177,,,,,,,,,,,,,,,,,,,,,,,,,,,,,
6,0,4.8189897537231445,,151,,0,570,,,1.2416997775435448,5,10731520,168,,,274.45,,0.088916015625,0.4627193510532379,16738,3e-05,0.08,0.0005118045985000208,-0.5288961400277913,0.49970942735671997,0.0013680225,1.0269089933106443,,,,,,,,,,,,,,,,,,,,,,,,,,,,,
6,0,,,,,,570,,,1.2416997775435448,,,,,,,,0.07880859375,0.9568367600440979,16746,3e-05,0.08,0.00026004893879871815,-0.5306101002730429,0.27682626247406006,0.0010475541,1.066081337479409,24.5,288,0.006370340045870801,0.0014036940740616373,0.6405661702156067,1925,0.45431857638888884,0.1496103896103896,,,,,,,,,,,,,,,,,,,,,
,,,,,,,,,,,,,,,,,,,,,,,,,,,,,,,,,,,,4,0.94,5.040178182041273,7040000,262.5,2.0378315567501843,78.4040177541942,0,,,,,,,,,,,,,
,,,,,,,,,,,,,,,,,,,,,,,,,,,,,,,,,,,,4,0.59,4.692205246388912,7040000,285.74,3.2197784646404775,130.02727560016015,1,,,,,,,,,,,,,
,,,,,,,,,,,,,,,,,,,,,,,,,,,,,,,,,,,,4,,,7040000,,,,,0.35,0,217.8,1,0.94,0.59,6.0,0,0,0.94,0.94,0,0.0
6,0,4.841454982757568,4,4,440,0,570,11,0.011,1.2416997775435448,1,10736640,1252,3e-05,15,271.79,7040000,,,,,,,,,,,,,,,,,,,,,,,,,,,,,,,,,,,,,,,
6,6,4.898444652557373,,42,,6,576,,,1.2021643693248432,2,10741760,240,,,273.2,,0.0579833984375,0.4990440607070923,16754,3e-05,0.08,1.3065128587186337e-05,-0.5257596806623042,0.23389041423797607,0.0011655351,1.091860443970654,,,,,,,,,,,,,,,,,,,,,,,,,,,,,
6,0,4.80390739440918,,77,,0,576,,,1.2021643693248432,3,10746880,199,,,278.21,,0.077099609375,0.06462682783603668,16762,3e-05,0.08,-0.00013830719981342555,-0.4881830162368715,0.3269246220588684,0.0013252434,1.0059718441974836,,,,,,,,,,,,,,,,,,,,,,,,,,,,,
6,0,4.7915120124816895,,118,,0,576,,,1.2021643693248432,4,10752000,172,,,280.48,,0.0595458984375,0.2462427020072937,16770,3e-05,0.08,-0.00046852282248437404,-0.5159851132892073,0.4131578803062439,0.0009247831,1.0092778491380159,,,,,,,,,,,,,,,,,,,,,,,,,,,,,
6,0,4.97860050201416,,162,,0,576,,,1.2021643693248432,5,10757120,157,,,272.12,,0.0771240234375,1.1169794797897339,16778,3e-05,0.08,6.272815226111561e-05,-0.49697876973077654,0.401854932308197,0.0016719872,1.1060052248183638,,,,,,,,,,,,,,,,,,,,,,,,,,,,,
6,0,,,,,,576,,,1.2021643693248432,,,,,,,,0.0749267578125,0.45397427678108215,16786,3e-05,0.08,0.00043345698504708706,-0.4921071859076619,0.3652501702308655,0.0016739458,0.7510984341788571,24.5,288,0.006394699963722105,0.0014245581213122647,0.6410869359970093,1925,0.45431857638888884,0.1496103896103896,,,,,,,,,,,,,,,,,,,,,
,,,,,,,,,,,,,,,,,,,,,,,,,,,,,,,,,,,,4,0.83,4.751935804106761,7065600,280.43,2.2232453304802413,95.3601861365633,0,,,,,,,,,,,,,
,,,,,,,,,,,,,,,,,,,,,,,,,,,,,,,,,,,,4,0.46,3.7137602049298586,7065600,322.59,3.5117257131961344,129.30453162979248,1,,,,,,,,,,,,,
,,,,,,,,,,,,,,,,,,,,,,,,,,,,,,,,,,,,4,,,7065600,,,,,0.36999999999999994,0,217.8,0,0.83,0.46,6.0,0,0,0.83,0.83,0,0.0
6,6,4.928367614746094,4,4,440,6,582,11,0.011,1.2266249333818753,1,10762240,1075,3e-05,15,274.5,7065600,,,,,,,,,,,,,,,,,,,,,,,,,,,,,,,,,,,,,,,
6,0,4.93869686126709,,45,,0,582,,,1.2266249333818753,2,10767360,226,,,272.7,,0.07470703125,1.1397576332092285,16794,3e-05,0.08,0.00047717438283143563,-0.5022263940423727,0.4332699775695801,0.0016095567,1.2237128801702055,,,,,,,,,,,,,,,,,,,,,,,,,,,,,
6,0,4.888707637786865,,78,,0,582,,,1.2266249333818753,3,10772480,195,,,272.65,,0.0985107421875,0.028590571135282516,16802,3e-05,0.08,0.0006481724238255992,-0.5125143382698297,0.524712085723877,0.0014157429,0.976591912494041,,,,,,,,,,,,,,,,,,,,,,,,,,,,,
6,0,4.815798759460449,,116,,0,582,,,1.2266249333818753,4,10777600,176,,,274.12,,0.0726318359375,1.7692508697509766,16810,3e-05,0.08,-0.0008424149593338371,-0.5069412676617503,0.5034227967262268,0.0011668891,1.1613412019563838,,,,,,,,,,,,,,,,,,,,,,,,,,,,,
6,6,4.682575225830078,,154,,6,588,,,1.1838059661289055,5,10782720,165,,,280.01,,0.07255859375,1.2573976516723633,16818,3e-05,0.08,-0.0003311903710709885,-0.5004218389280141,0.45734232664108276,0.0009518913,1.3844159021042288,,,,,,,,,,,,,,,,,,,,,,,,,,,,,
6,6,,,,,,588,,,1.1838059661289055,,,,,,,,0.0638671875,0.0890662670135498,16826,3e-05,0.08,0.00017390188877470792,-0.4868305091746151,0.4951634407043457,0.0011509501,1.115119501473964,24.416666666666668,288,0.006379941186845062,0.0014356970986223073,0.6416842937469482,1925,0.4539930555555555,0.1496103896103896,,,,,,,,,,,,,,,,,,,,,
,,,,,,,,,,,,,,,,,,,,,,,,,,,,,,,,,,,,4,0.85,4.765240581333638,7091200,278.97,2.0739679060208607,88.88660810268328,0,,,,,,,,,,,,,
,,,,,,,,,,,,,,,,,,,,,,,,,,,,,,,,,,,,4,0.5,4.275694421939551,7091200,309.77,3.0653236211553536,131.50390526520496,1,,,,,,,,,,,,,
,,,,,,,,,,,,,,,,,,,,,,,,,,,,,,,,,,,,4,,,7091200,,,,,0.35,0,217.8,0,0.85,0.5,6.0,0,0,0.85,0.85,0,0.0
6,0,4.679731845855713,4,4,440,0,588,11,0.011,1.1838059661289055,1,10787840,1230,3e-05,15,280.3,7091200,,,,,,,,,,,,,,,,,,,,,,,,,,,,,,,,,,,,,,,
6,0,4.708655834197998,,43,,0,588,,,1.1838059661289055,2,10792960,232,,,280.79,,0.0931396484375,0.2147214412689209,16834,3e-05,0.08,3.8186309393495324e-05,-0.4788272613659501,0.5869474411010742,0.001130949,0.8679013893124647,,,,,,,,,,,,,,,,,,,,,,,,,,,,,
6,0,4.936323165893555,,82,,0,588,,,1.1838059661289055,3,10798080,185,,,272.81,,0.0748046875,0.06849465519189835,16842,3e-05,0.08,0.0009334290720289573,-0.4956611950881779,0.5417007207870483,0.0012518631,1.0512581008311828,,,,,,,,,,,,,,,,,,,,,,,,,,,,,
6,6,5.120217800140381,,120,,6,594,,,1.187479205429554,4,10803200,170,,,262.92,,0.060205078125,0.8596240878105164,16850,3e-05,0.08,0.0003472752985544503,-0.49800364058464763,0.49612635374069214,0.0008949887,1.1426145111909136,,,,,,,,,,,,,,,,,,,,,,,,,,,,,
6,0,4.922792911529541,,157,,0,594,,,1.187479205429554,5,10808320,162,,,271.7,,0.0791015625,0.9371510744094849,16858,3e-05,0.08,0.0005202588276006281,-0.5150840654037893,0.6056175231933594,0.00114552,0.950905813940335,,,,,,,,,,,,,,,,,,,,,,,,,,,,,
6,0,,,,,,594,,,1.187479205429554,,,,,,,,0.076416015625,1.3441749811172485,16866,3e-05,0.08,-0.00024567299988120794,-0.5458360350690782,0.4866918921470642,0.000880502,1.1201714639551938,24.5,289,0.006368333861702749,0.0014138685740748137,0.6404849886894226,1925,0.45431857638888884,0.15012987012987014,,,,,,,,,,,,,,,,,,,,,
,,,,,,,,,,,,,,,,,,,,,,,,,,,,,,,,,,,,4,0.82,4.67544820562005,7116800,282.95,2.065622003423297,90.15191345723062,0,,,,,,,,,,,,,
,,,,,,,,,,,,,,,,,,,,,,,,,,,,,,,,,,,,4,0.48,3.8850248605012894,7116800,316.85,3.35657494723262,130.17921301037273,1,,,,,,,,,,,,,
,,,,,,,,,,,,,,,,,,,,,,,,,,,,,,,,,,,,4,,,7116800,,,,,0.33999999999999997,0,217.8,0,0.82,0.48,6.0,0,0,0.82,0.82,0,0.0
6,0,4.916435718536377,4,4,440,0,594,11,0.011,1.187479205429554,1,10813440,1169,3e-05,15,271.86,7116800,,,,,,,,,,,,,,,,,,,,,,,,,,,,,,,,,,,,,,,
6,0,4.9169206619262695,,43,,0,594,,,1.187479205429554,2,10818560,236,,,269.76,,0.089599609375,3.642787456512451,16874,3e-05,0.08,4.8297783359885214e-05,-0.5360879886895418,0.4104323387145996,0.0014026564,1.4317598848196211,,,,,,,,,,,,,,,,,,,,,,,,,,,,,
6,6,4.814306259155273,,78,,6,600,,,1.2582562516132991,3,10823680,194,,,273.1,,0.0772705078125,1.1224515438079834,16882,3e-05,0.08,-0.0003084551601205021,-0.5466150430962443,0.2971579432487488,0.0011755892,0.8059257392655127,,,,,,,,,,,,,,,,,,,,,,,,,,,,,
6,0,4.951778888702393,,116,,0,600,,,1.2582562516132991,4,10828800,175,,,269.17,,0.0795654296875,0.30865705013275146,16890,3e-05,0.08,-0.0005781518411822617,-0.5545167792588472,0.537751317024231,0.000990175,0.9854349518893286,,,,,,,,,,,,,,,,,,,,,,,,,,,,,
6,0,5.075231552124023,,157,,0,600,,,1.2582562516132991,5,10833920,162,,,264.34,,0.07734375,0.11305031180381775,16898,3e-05,0.08,0.00036434703215491024,-0.539135739672929,0.3102836608886719,0.0011144221,1.2878186075831763,,,,,,,,,,,,,,,,,,,,,,,,,,,,,
6,0,,,,,,600,,,1.2582562516132991,,,,,,,,0.0635009765625,0.0024379175156354904,16906,3e-05,0.08,0.00022232125338632612,-0.5195561721920967,0.25988680124282837,0.001339284,0.7341850413795328,24.25,289,0.006380538220330475,0.0014198935772692372,0.6408740878105164,1925,0.4527994791666667,0.15012987012987014,,,,,,,,,,,,,,,,,,,,,
,,,,,,,,,,,,,,,,,,,,,,,,,,,,,,,,,,,,4,0.89,5.224830323196947,7142400,260.34,1.9178089695888552,82.5398352312385,0,,,,,,,,,,,,,
,,,,,,,,,,,,,,,,,,,,,,,,,,,,,,,,,,,,4,0.44,3.7170190911740066,7142400,331.18,2.987803798794086,125.04378273228944,1,,,,,,,,,,,,,
,,,,,,,,,,,,,,,,,,,,,,,,,,,,,,,,,,,,4,,,7142400,,,,,0.45,0,217.8,0,0.89,0.44,6.0,0,0,0.89,0.89,0,0.0
6,6,5.274113655090332,4,3,440,6,606,11,0.011,1.345449020465215,1,10839040,1340,3e-05,15,255.97,7142400,,,,,,,,,,,,,,,,,,,,,,,,,,,,,,,,,,,,,,,
6,0,5.024890899658203,,40,,0,606,,,1.345449020465215,2,10844160,255,,,265.52,,0.0794677734375,0.5650295615196228,16914,3e-05,0.08,-0.0002185528283007443,-0.5288446220569313,0.23444229364395142,0.0010656819,0.965814358353964,,,,,,,,,,,,,,,,,,,,,,,,,,,,,
6,0,5.112200736999512,,76,,0,606,,,1.345449020465215,3,10849280,201,,,261.97,,0.082861328125,0.00957548525184393,16922,3e-05,0.08,2.930144837591797e-05,-0.5253187045454979,0.19392991065979004,0.0013399015,0.663933182193432,,,,,,,,,,,,,,,,,,,,,,,,,,,,,
6,0,5.013762950897217,,106,,0,606,,,1.345449020465215,4,10854400,191,,,267.9,,0.071337890625,0.11465640366077423,16930,3e-05,0.08,-0.00011501493136165664,-0.5152481408789754,0.3984280824661255,0.0014607811,0.8526147680939176,,,,,,,,,,,,,,,,,,,,,,,,,,,,,
6,6,4.925727367401123,,147,,6,612,,,1.2718694408734639,5,10859520,173,,,272.28,,0.06123046875,0.7334994077682495,16938,3e-05,0.08,-0.00018359292153036222,-0.5087393143214285,0.3025388717651367,0.0009478407,1.0488683943112846,,,,,,,,,,,,,,,,,,,,,,,,,,,,,
6,6,,,,,,612,,,1.2718694408734639,,,,,,,,0.05712890625,2.263885498046875,16946,3e-05,0.08,9.57365264184773e-06,-0.5224193321540952,0.3575007915496826,0.00068343047,0.8925865707278717,24.166666666666668,289,0.006385386541792553,0.0014220684551532199,0.6397036910057068,1925,0.4524739583333333,0.15012987012987014,,,,,,,,,,,,,,,,,,,,,
,,,,,,,,,,,,,,,,,,,,,,,,,,,,,,,,,,,,4,0.93,4.991851844266057,7168000,265.78,1.904776630928137,74.98754296548192,0,,,,,,,,,,,,,
,,,,,,,,,,,,,,,,,,,,,,,,,,,,,,,,,,,,4,0.48,3.9515086353383957,7168000,316.7,3.4201105352239267,129.742398621268,1,,,,,,,,,,,,,
,,,,,,,,,,,,,,,,,,,,,,,,,,,,,,,,,,,,4,,,7168000,,,,,0.45000000000000007,0,217.8,1,0.93,0.48,6.0,0,0,0.93,0.93,0,0.0
6,0,4.873210906982422,4,3,440,0,612,11,0.011,1.2718694408734639,1,10864640,1313,3e-05,15,274.23,7168000,,,,,,,,,,,,,,,,,,,,,,,,,,,,,,,,,,,,,,,
6,0,4.87075138092041,,40,,0,612,,,1.2718694408734639,2,10869760,250,,,275.86,,0.105029296875,0.006581738591194153,16954,3e-05,0.08,0.0010469576431205497,-0.5020639331080019,0.44239771366119385,0.0015335085,1.1404230971616927,,,,,,,,,,,,,,,,,,,,,,,,,,,,,
6,0,4.8937249183654785,,76,,0,612,,,1.2718694408734639,3,10874880,200,,,274.47,,0.0597412109375,0.34504416584968567,16962,3e-05,0.08,-0.0004972609531250782,-0.4908743639476597,0.4740408658981323,0.00063730864,0.7120595736894757,,,,,,,,,,,,,,,,,,,,,,,,,,,,,
6,6,4.92756986618042,,113,,6,618,,,1.2850600977738698,4,10880000,180,,,271.33,,0.079638671875,0.2709698975086212,16970,3e-05,0.08,0.0010347472707508132,-0.4796033472754061,0.37462902069091797,0.0008459982,0.7333086584229023,,,,,,,,,,,,,,,,,,,,,,,,,,,,,
6,0,4.971412658691406,,150,,0,618,,,1.2850600977738698,5,10885120,169,,,269.23,,0.0724609375,0.5056299567222595,16978,3e-05,0.08,0.00031099374318728225,-0.4827353201806545,0.5085315704345703,0.0010554955,0.9677802478661761,,,,,,,,,,,,,,,,,,,,,,,,,,,,,
6,0,,,,,,618,,,1.2850600977738698,,,,,,,,0.0627197265625,0.37449225783348083,16986,3e-05,0.08,5.407161952462047e-05,-0.48661951068788767,0.38563549518585205,0.0010574718,1.1357355887128506,24.083333333333332,290,0.006389102384908316,0.0014238058765784951,0.6390740871429443,1925,0.4521484375,0.15064935064935064,,,,,,,,,,,,,,,,,,,,,
,,,,,,,,,,,,,,,,,,,,,,,,,,,,,,,,,,,,4,0.87,4.994708572775125,7193600,269.07,2.1116161076039166,88.23278925660233,0,,,,,,,,,,,,,
,,,,,,,,,,,,,,,,,,,,,,,,,,,,,,,,,,,,4,0.43,3.6777935756370423,7193600,332.46,3.0209111989231254,125.5413413979634,1,,,,,,,,,,,,,
,,,,,,,,,,,,,,,,,,,,,,,,,,,,,,,,,,,,4,,,7193600,,,,,0.44,0,217.8,0,0.87,0.43,6.0,0,0,0.87,0.87,0,0.0
6,0,4.893552780151367,4,3,440,0,618,11,0.011,1.2850600977738698,1,10890240,1304,3e-05,15,272.04,7193600,,,,,,,,,,,,,,,,,,,,,,,,,,,,,,,,,,,,,,,
6,0,4.956202983856201,,41,,0,618,,,1.2850600977738698,2,10895360,246,,,269.76,,0.0701171875,0.10133448988199234,16994,3e-05,0.08,0.00024965831398731096,-0.4943848991766572,0.35823291540145874,0.0009608632,1.1226994604920038,,,,,,,,,,,,,,,,,,,,,,,,,,,,,
6,6,4.97780179977417,,78,,6,624,,,1.2748000919818878,3,10900480,195,,,270.04,,0.074609375,0.10870842635631561,17002,3e-05,0.08,-0.0003799971105763689,-0.48495826311409473,0.39462774991989136,0.0014589073,0.9508502755314112,,,,,,,,,,,,,,,,,,,,,,,,,,,,,
6,0,5.030653476715088,,116,,0,624,,,1.2748000919818878,4,10905600,175,,,267.95,,0.0733642578125,0.022228721529245377,17010,3e-05,0.08,-0.0003139684267807752,-0.49798762109130623,0.4255933165550232,0.0010156103,0.9351319221779704,,,,,,,,,,,,,,,,,,,,,,,,,,,,,
6,0,5.003944396972656,,153,,0,624,,,1.2748000919818878,5,10910720,166,,,267.66,,0.0843505859375,1.080971598625183,17018,3e-05,0.08,0.0009516983933281154,-0.4834472494199872,0.4585150480270386,0.0012707153,0.9280136310320813,,,,,,,,,,,,,,,,,,,,,,,,,,,,,
6,0,,,,,,624,,,1.2748000919818878,,,,,,,,0.111572265625,0.597108781337738,17026,3e-05,0.08,0.001117978176625911,-0.5112670953385532,0.6517332792282104,0.00222534,0.9607663822127506,24.083333333333332,289,0.006400695931506921,0.001454352377123317,0.6398684978485107,1925,0.4521484375,0.15012987012987014,,,,,,,,,,,,,,,,,,,,,
,,,,,,,,,,,,,,,,,,,,,,,,,,,,,,,,,,,,4,0.85,4.73425178900361,7219200,280.19,2.2035205966946,92.82442512614878,0,,,,,,,,,,,,,
,,,,,,,,,,,,,,,,,,,,,,,,,,,,,,,,,,,,4,0.52,4.375407364368439,7219200,305.52,3.05546164399751,130.30936113725673,1,,,,,,,,,,,,,
,,,,,,,,,,,,,,,,,,,,,,,,,,,,,,,,,,,,4,,,7219200,,,,,0.32999999999999996,0,217.8,0,0.85,0.52,6.0,0,0,0.85,0.85,0,0.0
6,0,5.23091983795166,4,4,440,0,624,11,0.011,1.2748000919818878,1,10915840,1277,3e-05,15,258.95,7219200,,,,,,,,,,,,,,,,,,,,,,,,,,,,,,,,,,,,,,,
6,6,5.252230644226074,,45,,6,630,,,1.3366524154941242,2,10920960,227,,,258.13,,0.0645263671875,0.5376220345497131,17034,3e-05,0.08,-0.0002597070764750242,-0.47168498337268827,0.44851768016815186,0.0011010431,0.8190826743593789,,,,,,,,,,,,,,,,,,,,,,,,,,,,,
6,0,5.394423007965088,,88,,0,630,,,1.3366524154941242,3,10926080,174,,,252.65,,0.0704345703125,0.035868316888809204,17042,3e-05,0.08,-0.00020236517157172783,-0.5098383800126612,0.5536378026008606,0.0015435016,0.8289163597510196,,,,,,,,,,,,,,,,,,,,,,,,,,,,,
6,0,5.635192394256592,,126,,0,630,,,1.3366524154941242,4,10931200,162,,,241.96,,0.0590087890625,0.16926267743110657,17050,3e-05,0.08,-0.0005316493203281425,-0.49163720943033695,0.6329121589660645,0.0013254238,0.8812305092636962,,,,,,,,,,,,,,,,,,,,,,,,,,,,,
6,0,5.65310525894165,,164,,0,630,,,1.3366524154941242,5,10936320,155,,,243.24,,0.0700439453125,0.026620537042617798,17058,3e-05,0.08,-0.0002801866663503461,-0.4730949026532471,0.5205308198928833,0.0011772383,0.5465708751871716,,,,,,,,,,,,,,,,,,,,,,,,,,,,,
6,0,,,,,,630,,,1.3366524154941242,,,,,,,,0.0652587890625,2.4547533988952637,17066,3e-05,0.08,0.00014608878846047446,-0.4735349893569946,0.7012982368469238,0.0012309924,0.6854653103568126,24.083333333333332,289,0.006475547409503134,0.0015068356318374615,0.6395765542984009,1925,0.45160590277777785,0.15012987012987014,,,,,,,,,,,,,,,,,,,,,
,,,,,,,,,,,,,,,,,,,,,,,,,,,,,,,,,,,,4,0.92,5.07982262223959,7244800,263.73,1.9593254708058898,79.7489630026623,0,,,,,,,,,,,,,
,,,,,,,,,,,,,,,,,,,,,,,,,,,,,,,,,,,,4,0.51,4.27209033228457,7244800,308.42,3.07915124018793,130.7412849868013,1,,,,,,,,,,,,,
,,,,,,,,,,,,,,,,,,,,,,,,,,,,,,,,,,,,4,,,7244800,,,,,0.41000000000000003,0,217.8,0,0.92,0.51,6.0,0,0,0.92,0.92,0,0.0
6,6,5.562972545623779,4,3,440,6,636,11,0.011,1.4677035833398502,1,10941440,1327,3e-05,15,248.18,7244800,,,,,,,,,,,,,,,,,,,,,,,,,,,,,,,,,,,,,,,
6,0,5.501687049865723,,41,,0,636,,,1.4677035833398502,2,10946560,244,,,250.31,,0.0580810546875,0.07399683445692062,17074,3e-05,0.08,-0.0005137941363500432,-0.4692687654867768,0.5960907340049744,0.00072756823,0.5164071501640137,,,,,,,,,,,,,,,,,,,,,,,,,,,,,
6,0,5.539708137512207,,80,,0,636,,,1.4677035833398502,3,10951680,190,,,247.01,,0.061279296875,1.2552207708358765,17082,3e-05,0.08,-0.0011616115632932633,-0.47268593925982716,0.6750633716583252,0.0011436576,0.6439538386301138,,,,,,,,,,,,,,,,,,,,,,,,,,,,,
6,0,5.328530311584473,,116,,0,636,,,1.4677035833398502,4,10956800,176,,,255.11,,0.0653564453125,0.5808984041213989,17090,3e-05,0.08,-0.0003727217350387946,-0.4712870052084327,0.6175956726074219,0.00106023,0.693075519654667,,,,,,,,,,,,,,,,,,,,,,,,,,,,,
6,6,5.213029861450195,,151,,6,642,,,1.3190682455897331,5,10961920,168,,,258.44,,0.0623046875,0.9160792827606201,17098,3e-05,0.08,0.00022913651337148623,-0.46210639802739023,0.6310708522796631,0.0013416398,0.725351345964009,,,,,,,,,,,,,,,,,,,,,,,,,,,,,
6,6,,,,,,642,,,1.3190682455897331,,,,,,,,0.0605712890625,0.2756554186344147,17106,3e-05,0.08,-0.0006325667185592465,-0.4687457513995469,0.7052100896835327,0.0008042116,0.9753298350435216,24.083333333333332,289,0.0064571139816503665,0.0014843287843304537,0.6380568742752075,1925,0.45160590277777785,0.15012987012987014,,,,,,,,,,,,,,,,,,,,,
,,,,,,,,,,,,,,,,,,,,,,,,,,,,,,,,,,,,4,0.93,5.328786329627037,7270400,253.69,1.8713797933152843,76.37888386196803,0,,,,,,,,,,,,,
,,,,,,,,,,,,,,,,,,,,,,,,,,,,,,,,,,,,4,0.51,4.21852884888649,7270400,308.77,3.1301877786495194,129.63408926667398,1,,,,,,,,,,,,,
,,,,,,,,,,,,,,,,,,,,,,,,,,,,,,,,,,,,4,,,7270400,,,,,0.42000000000000004,0,217.8,1,0.93,0.51,6.0,0,0,0.93,0.93,0,0.0
6,0,5.252011299133301,4,3,440,0,642,11,0.011,1.3190682455897331,1,10967040,1408,3e-05,15,255.78,7270400,,,,,,,,,,,,,,,,,,,,,,,,,,,,,,,,,,,,,,,
6,0,5.187868118286133,,42,,0,642,,,1.3190682455897331,2,10972160,241,,,257.11,,0.062548828125,0.15784691274166107,17114,3e-05,0.08,-0.0005770435062004253,-0.45684522623196244,0.741208553314209,0.0009022821,0.8351821088115685,,,,,,,,,,,,,,,,,,,,,,,,,,,,,
6,0,5.070670127868652,,77,,0,642,,,1.3190682455897331,3,10977280,197,,,262.86,,0.067333984375,0.13348443806171417,17122,3e-05,0.08,0.00022571916924789547,-0.4762901158072054,0.7289048433303833,0.0009842472,0.7229198094049935,,,,,,,,,,,,,,,,,,,,,,,,,,,,,
6,6,5.188129425048828,,111,,6,648,,,1.3509884774684906,4,10982400,183,,,259.06,,0.054931640625,0.3267429769039154,17130,3e-05,0.08,-0.0001387661206535995,-0.45171488197520376,0.7749465703964233,0.0006892391,0.8532260014675558,,,,,,,,,,,,,,,,,,,,,,,,,,,,,
6,0,5.1417741775512695,,147,,0,648,,,1.3509884774684906,5,10987520,173,,,260.86,,0.0839599609375,0.10841876268386841,17138,3e-05,0.08,0.0006787586709833704,-0.47837704634293915,0.7189542055130005,0.002561865,1.1385811302287039,,,,,,,,,,,,,,,,,,,,,,,,,,,,,
6,0,,,,,,648,,,1.3509884774684906,,,,,,,,0.071337890625,0.43478238582611084,17146,3e-05,0.08,-0.0003191295007127337,-0.47066520946100354,0.8065552115440369,0.0006550459,0.8259033795562573,24.0,291,0.0064685852576813925,0.0015119204043673841,0.6370537281036377,1925,0.4512803819444445,0.15116883116883117,,,,,,,,,,,,,,,,,,,,,
,,,,,,,,,,,,,,,,,,,,,,,,,,,,,,,,,,,,4,0.92,5.146833945512771,7296000,261.82,1.8041498942059515,75.40071352447535,0,,,,,,,,,,,,,
,,,,,,,,,,,,,,,,,,,,,,,,,,,,,,,,,,,,4,0.48,4.211204279959202,7296000,314.44,3.0500455270255284,132.09567139009513,1,,,,,,,,,,,,,
,,,,,,,,,,,,,,,,,,,,,,,,,,,,,,,,,,,,4,,,7296000,,,,,0.44000000000000006,0,217.8,0,0.92,0.48,6.0,0,0,0.92,0.92,0,0.0
6,0,5.141016960144043,4,3,440,0,648,11,0.011,1.3509884774684906,1,10992640,1439,3e-05,15,261.14,7296000,,,,,,,,,,,,,,,,,,,,,,,,,,,,,,,,,,,,,,,
6,0,4.949199676513672,,39,,0,648,,,1.3509884774684906,2,10997760,257,,,269.95,,0.060009765625,0.7262100577354431,17154,3e-05,0.08,-0.0009760081375134178,-0.4468161675147712,0.761243462562561,0.000880853,0.9759826170164161,,,,,,,,,,,,,,,,,,,,,,,,,,,,,
6,6,5.09986686706543,,76,,6,654,,,1.3920713389913242,3,11002880,199,,,264.17,,0.0611572265625,0.29558804631233215,17162,3e-05,0.08,-0.0008512481261277571,-0.43945278162136675,0.7571327090263367,0.0008570448,0.9034804766823072,,,,,,,,,,,,,,,,,,,,,,,,,,,,,
6,0,5.148777961730957,,115,,0,654,,,1.3920713389913242,4,11008000,176,,,261.57,,0.0648681640625,0.07511521875858307,17170,3e-05,0.08,-0.0002745077596046031,-0.4339084326289594,0.7376144528388977,0.0014052938,1.1369834066135809,,,,,,,,,,,,,,,,,,,,,,,,,,,,,
6,0,5.05032205581665,,149,,0,654,,,1.3920713389913242,5,11013120,170,,,266.46,,0.08857421875,0.02018461376428604,17178,3e-05,0.08,0.0007741642053588294,-0.42446450935676694,0.5998992919921875,0.0014478548,1.1991811583313392,,,,,,,,,,,,,,,,,,,,,,,,,,,,,
6,0,,,,,,654,,,1.3920713389913242,,,,,,,,0.059423828125,0.4705018103122711,17186,3e-05,0.08,-0.00019433248380664735,-0.4335225342772901,0.6698616147041321,0.0012903163,1.1368347501032985,23.916666666666668,291,0.006471373248620502,0.0014994933624597566,0.637282133102417,1925,0.45095486111111116,0.15116883116883117,,,,,,,,,,,,,,,,,,,,,
,,,,,,,,,,,,,,,,,,,,,,,,,,,,,,,,,,,,4,0.94,5.4111327522993085,7321600,250.57,1.9531859903525086,77.60376988265455,0,,,,,,,,,,,,,
,,,,,,,,,,,,,,,,,,,,,,,,,,,,,,,,,,,,4,0.44,3.787544847801328,7321600,324.73,3.2164445984635455,130.7570919682753,1,,,,,,,,,,,,,
,,,,,,,,,,,,,,,,,,,,,,,,,,,,,,,,,,,,4,,,7321600,,,,,0.49999999999999994,0,217.8,1,0.94,0.44,6.0,0,0,0.94,0.94,0,0.0
6,0,4.951145172119141,4,3,440,0,654,11,0.011,1.3920713389913242,1,11018240,1420,3e-05,15,270.22,7321600,,,,,,,,,,,,,,,,,,,,,,,,,,,,,,,,,,,,,,,
6,6,5.066689968109131,,35,,6,660,,,1.1908615753054619,2,11023360,287,,,264.85,,0.0650634765625,0.08356885612010956,17194,3e-05,0.08,0.00037466529465746135,-0.4224368680268526,0.549820065498352,0.0011961004,1.4518568965839223,,,,,,,,,,,,,,,,,,,,,,,,,,,,,
6,0,5.1477861404418945,,74,,0,660,,,1.1908615753054619,3,11028480,206,,,262.92,,0.069189453125,0.507229208946228,17202,3e-05,0.08,-6.319762469502166e-05,-0.4495977643877268,0.28915882110595703,0.001881595,1.7289291348773985,,,,,,,,,,,,,,,,,,,,,,,,,,,,,
6,0,5.254587173461914,,114,,0,660,,,1.1908615753054619,4,11033600,178,,,259.21,,0.0837890625,0.6026918888092041,17210,3e-05,0.08,0.0006411913287593052,-0.44267920702695845,0.10813748836517334,0.0013942851,1.271523554995656,,,,,,,,,,,,,,,,,,,,,,,,,,,,,
6,0,5.385958671569824,,150,,0,660,,,1.1908615753054619,5,11038720,169,,,253.05,,0.0873046875,0.11285506188869476,17218,3e-05,0.08,0.0007594420050736517,-0.44330971240997313,0.2844386696815491,0.0014266315,0.6989228275677306,,,,,,,,,,,,,,,,,,,,,,,,,,,,,
6,0,,,,,,660,,,1.1908615753054619,,,,,,,,0.0656494140625,0.2677842974662781,17226,3e-05,0.08,0.00017876826750580222,-0.44280591448768974,0.34686392545700073,0.0008265584,0.8357131792901782,24.0,289,0.006444803697857768,0.001499511936467257,0.6375596523284912,1925,0.4512803819444445,0.15012987012987014,,,,,,,,,,,,,,,,,,,,,
,,,,,,,,,,,,,,,,,,,,,,,,,,,,,,,,,,,,4,0.85,5.035706980526447,7347200,270.01,2.073641048983611,90.42250770687573,0,,,,,,,,,,,,,
,,,,,,,,,,,,,,,,,,,,,,,,,,,,,,,,,,,,4,0.44,3.755485782921314,7347200,329.88,3.0019946504851838,126.06611598681067,1,,,,,,,,,,,,,
,,,,,,,,,,,,,,,,,,,,,,,,,,,,,,,,,,,,4,,,7347200,,,,,0.41,0,217.8,0,0.85,0.44,6.0,0,0,0.85,0.85,0,0.0
6,6,5.732562065124512,4,3,440,6,666,11,0.011,1.332183872660001,1,11043840,1368,3e-05,15,239.69,7347200,,,,,,,,,,,,,,,,,,,,,,,,,,,,,,,,,,,,,,,
6,0,5.716302871704102,,44,,0,666,,,1.332183872660001,2,11048960,230,,,239.23,,0.0748291015625,0.807062029838562,17234,3e-05,0.08,0.0001905929675558582,-0.44972582552582024,0.4037190079689026,0.0014403944,0.8845051384181716,,,,,,,,,,,,,,,,,,,,,,,,,,,,,
6,0,5.549907684326172,,81,,0,666,,,1.332183872660001,3,11054080,187,,,245.52,,0.05322265625,0.19290690124034882,17242,3e-05,0.08,0.00018477026023901998,-0.4472693565301597,0.46948498487472534,0.0008710238,0.6363275339390384,,,,,,,,,,,,,,,,,,,,,,,,,,,,,
6,6,5.333124160766602,,112,,6,672,,,1.3386599645018578,4,11059200,182,,,254.83,,0.0659423828125,0.28869643807411194,17250,3e-05,0.08,0.0002947438581031747,-0.4185587761923671,0.5438251495361328,0.00097185123,0.6921456159587251,,,,,,,,,,,,,,,,,,,,,,,,,,,,,
6,0,5.193121433258057,,152,,0,672,,,1.3386599645018578,5,11064320,168,,,259.92,,0.05849609375,0.2631296217441559,17258,3e-05,0.08,-0.0002482709125615656,-0.4658668593503535,0.565466046333313,0.0011495287,0.9988233744748868,,,,,,,,,,,,,,,,,,,,,,,,,,,,,
6,0,,,,,,672,,,1.3386599645018578,,,,,,,,0.0598388671875,0.04244651272892952,17266,3e-05,0.08,0.00015265287220245227,-0.42090234216302636,0.5665974617004395,0.0013208317,1.242031567520462,24.0,291,0.0064228068422866715,0.0014853584441283376,0.6367635130882263,1925,0.4512803819444445,0.15116883116883117,,,,,,,,,,,,,,,,,,,,,
,,,,,,,,,,,,,,,,,,,,,,,,,,,,,,,,,,,,4,0.94,5.590820077359677,7372800,244.03,1.9038275281834656,76.95264192995585,0,,,,,,,,,,,,,
,,,,,,,,,,,,,,,,,,,,,,,,,,,,,,,,,,,,4,0.51,4.322259915843606,7372800,306.46,3.1344301177381246,132.25818840434798,1,,,,,,,,,,,,,
,,,,,,,,,,,,,,,,,,,,,,,,,,,,,,,,,,,,4,,,7372800,,,,,0.42999999999999994,0,217.8,1,0.94,0.51,6.0,0,0,0.94,0.94,0,0.0
6,0,4.966477870941162,4,4,440,0,672,11,0.011,1.3386599645018578,1,11069440,1175,3e-05,15,267.94,7372800,,,,,,,,,,,,,,,,,,,,,,,,,,,,,,,,,,,,,,,
6,0,4.914437770843506,,46,,0,672,,,1.3386599645018578,2,11074560,221,,,269.85,,0.0734619140625,0.4962221086025238,17274,3e-05,0.08,-0.0002192906104028225,-0.4534427596256137,0.6374951601028442,0.0012727603,1.03768782322295,,,,,,,,,,,,,,,,,,,,,,,,,,,,,
6,6,4.882820129394531,,87,,6,678,,,1.2873020246624947,3,11079680,174,,,270.82,,0.0802001953125,0.3391082286834717,17282,3e-05,0.08,0.00019682029378600418,-0.45567940957844255,0.5839589238166809,0.0016832736,1.2096183980465867,,,,,,,,,,,,,,,,,,,,,,,,,,,,,
6,0,5.071986198425293,,125,,0,678,,,1.2873020246624947,4,11084800,163,,,262.58,,0.063134765625,0.6911056637763977,17290,3e-05,0.08,0.0006277318956563249,-0.44344576094299554,0.45505720376968384,0.00066695793,1.1657327445864212,,,,,,,,,,,,,,,,,,,,,,,,,,,,,
6,0,5.386331081390381,,164,,0,678,,,1.2873020246624947,5,11089920,155,,,251.09,,0.07529296875,0.5483767986297607,17298,3e-05,0.08,0.00010978216887451709,-0.45170063404366373,0.44396036863327026,0.0012512468,0.8855997131613549,,,,,,,,,,,,,,,,,,,,,,,,,,,,,
6,0,,,,,,678,,,1.2873020246624947,,,,,,,,0.0791015625,0.26433488726615906,17306,3e-05,0.08,0.0002846485367626883,-0.4517119345255196,0.4803667664527893,0.0012524852,0.9777271365048363,23.916666666666668,289,0.006430173829780376,0.0014892844640066285,0.6363609433174133,1925,0.45095486111111116,0.15012987012987014,,,,,,,,,,,,,,,,,,,,,
,,,,,,,,,,,,,,,,,,,,,,,,,,,,,,,,,,,,4,0.95,5.454884675145149,7398400,247.46,1.9353660501293215,75.63562917038503,0,,,,,,,,,,,,,
,,,,,,,,,,,,,,,,,,,,,,,,,,,,,,,,,,,,4,0.47,3.9166601794958114,7398400,318.95,3.167568094857699,130.72439519844795,1,,,,,,,,,,,,,
,,,,,,,,,,,,,,,,,,,,,,,,,,,,,,,,,,,,4,,,7398400,,,,,0.48,0,217.8,1,0.95,0.47,6.0,0,0,0.95,0.95,0,0.0
6,0,5.46810245513916,4,4,440,0,678,11,0.011,1.2873020246624947,1,11095040,1246,3e-05,15,250.91,7398400,,,,,,,,,,,,,,,,,,,,,,,,,,,,,,,,,,,,,,,
6,6,5.381516933441162,,43,,6,684,,,1.3619981755812962,2,11100160,237,,,256.3,,0.0499755859375,0.22086206078529358,17314,3e-05,0.08,5.5651691218372436e-05,-0.4625848957337439,0.572925329208374,0.0007766713,0.8333874228701461,,,,,,,,,,,,,,,,,,,,,,,,,,,,,
6,0,5.343197822570801,,81,,0,684,,,1.3619981755812962,3,11105280,188,,,258.24,,0.0587158203125,0.49368467926979065,17322,3e-05,0.08,-0.00019663727143779398,-0.44476426802575586,0.5686112642288208,0.00081697945,0.8098413873696699,,,,,,,,,,,,,,,,,,,,,,,,,,,,,
6,0,5.3555588722229,,115,,0,684,,,1.3619981755812962,4,11110400,177,,,258.15,,0.0565673828125,0.3976621925830841,17330,3e-05,0.08,-0.0003715790284331888,-0.4615965857170522,0.5703823566436768,0.0011381094,0.8950515677337535,,,,,,,,,,,,,,,,,,,,,,,,,,,,,
6,0,5.126867294311523,,153,,0,684,,,1.3619981755812962,5,11115520,166,,,267.7,,0.0703369140625,0.9828127026557922,17338,3e-05,0.08,7.51212501199916e-05,-0.4576716943643987,0.4277167320251465,0.0012765655,1.0045830674789613,,,,,,,,,,,,,,,,,,,,,,,,,,,,,
6,0,,,,,,684,,,1.3619981755812962,,,,,,,,0.08251953125,1.1367292404174805,17346,3e-05,0.08,-6.988225504755974e-06,-0.4405838313512504,0.5147556066513062,0.0013316193,0.7891053728351836,23.833333333333332,291,0.006418321279529156,0.0014695540579714318,0.6356438994407654,1925,0.45062934027777785,0.15116883116883117,,,,,,,,,,,,,,,,,,,,,
,,,,,,,,,,,,,,,,,,,,,,,,,,,,,,,,,,,,4,0.92,5.264083091840148,7424000,257.15,1.86322431579887,77.49017679680438,0,,,,,,,,,,,,,
,,,,,,,,,,,,,,,,,,,,,,,,,,,,,,,,,,,,4,0.46,3.984350172802806,7424000,320.33,3.1162255703453305,130.88323460245013,1,,,,,,,,,,,,,
,,,,,,,,,,,,,,,,,,,,,,,,,,,,,,,,,,,,4,,,7424000,,,,,0.46,0,217.8,0,0.92,0.46,6.0,0,0,0.92,0.92,0,0.0
6,6,4.9877095222473145,4,3,440,6,690,11,0.011,1.2699592063824336,1,11120640,1310,3e-05,15,274.09,7424000,,,,,,,,,,,,,,,,,,,,,,,,,,,,,,,,,,,,,,,
6,0,5.055862903594971,,43,,0,690,,,1.2699592063824336,2,11125760,237,,,268.72,,0.0584228515625,0.5956851840019226,17354,3e-05,0.08,-0.00042424346465850247,-0.45717671578750013,0.5031473636627197,0.000731398,1.1006799199996748,,,,,,,,,,,,,,,,,,,,,,,,,,,,,
6,0,4.968439102172852,,79,,0,690,,,1.2699592063824336,3,11130880,193,,,271.9,,0.063134765625,0.551596999168396,17362,3e-05,0.08,-0.0008808484039036557,-0.4478471056558192,0.5934497714042664,0.0011912032,0.8383745972911129,,,,,,,,,,,,,,,,,,,,,,,,,,,,,
6,0,4.9462971687316895,,115,,0,690,,,1.2699592063824336,4,11136000,176,,,272.91,,0.072802734375,0.039478886872529984,17370,3e-05,0.08,-0.000539299997035414,-0.42295863609761,0.6603204011917114,0.001050143,1.1126103890943342,,,,,,,,,,,,,,,,,,,,,,,,,,,,,
6,6,5.005882740020752,,153,,6,696,,,1.2096216628948848,5,11141120,167,,,269.08,,0.061669921875,0.6418565511703491,17378,3e-05,0.08,-0.00031490687251789495,-0.43288390669040383,0.6428719758987427,0.001147805,1.4626582356111613,,,,,,,,,,,,,,,,,,,,,,,,,,,,,
6,6,,,,,,696,,,1.2096216628948848,,,,,,,,0.0892822265625,0.5742380619049072,17386,3e-05,0.08,0.0009366372061776929,-0.4504512116312981,0.4992346167564392,0.001496197,1.5401024161605164,23.916666666666668,291,0.006441697759093558,0.001478164983011595,0.6366733312606812,1925,0.45095486111111116,0.15116883116883117,,,,,,,,,,,,,,,,,,,,,
,,,,,,,,,,,,,,,,,,,,,,,,,,,,,,,,,,,,4,0.9,5.066963925361633,7449600,264.8,1.9889727425375914,82.39344634132013,0,,,,,,,,,,,,,
,,,,,,,,,,,,,,,,,,,,,,,,,,,,,,,,,,,,4,0.52,4.277720691561699,7449600,306.4,3.119102072489403,129.57615521383553,1,,,,,,,,,,,,,
,,,,,,,,,,,,,,,,,,,,,,,,,,,,,,,,,,,,4,,,7449600,,,,,0.38,0,217.8,0,0.9,0.52,6.0,0,0,0.9,0.9,0,0.0
6,0,5.142698287963867,4,4,440,0,696,11,0.011,1.2096216628948848,1,11146240,1257,3e-05,15,262.18,7449600,,,,,,,,,,,,,,,,,,,,,,,,,,,,,,,,,,,,,,,
6,0,5.316249370574951,,45,,0,696,,,1.2096216628948848,2,11151360,224,,,256.96,,0.0720947265625,0.4525173306465149,17394,3e-05,0.08,5.058554233983159e-06,-0.4571226700209081,0.5202968120574951,0.0015021709,0.805807419132907,,,,,,,,,,,,,,,,,,,,,,,,,,,,,
6,0,5.418388843536377,,85,,0,696,,,1.2096216628948848,3,11156480,180,,,252.68,,0.085986328125,0.2798370122909546,17402,3e-05,0.08,-8.362549997400492e-05,-0.4643602169118822,0.593552827835083,0.0014170448,0.8738757499173516,,,,,,,,,,,,,,,,,,,,,,,,,,,,,
6,6,5.378448009490967,,122,,6,702,,,1.2767550200223923,4,11161600,166,,,254.0,,0.075146484375,0.33351126313209534,17410,3e-05,0.08,-0.0003417241125134751,-0.46501775160431863,0.5638793110847473,0.001335461,0.7422237730468624,,,,,,,,,,,,,,,,,,,,,,,,,,,,,
6,0,5.316973686218262,,155,,0,702,,,1.2767550200223923,5,11166720,164,,,258.94,,0.057470703125,0.4338931441307068,17418,3e-05,0.08,-6.041823362465948e-05,-0.4250957570504397,0.6523398160934448,0.0009472752,0.7405969708983321,,,,,,,,,,,,,,,,,,,,,,,,,,,,,
6,0,,,,,,702,,,1.2767550200223923,,,,,,,,0.058837890625,0.32014453411102295,17426,3e-05,0.08,8.588330529164523e-05,-0.43248056499287485,0.6298702359199524,0.001267187,1.042419637477724,23.666666666666668,291,0.006441983229215844,0.0014681395100303364,0.6365647912025452,1925,0.44455295138888884,0.15116883116883117,,,,,,,,,,,,,,,,,,,,,
,,,,,,,,,,,,,,,,,,,,,,,,,,,,,,,,,,,,4,0.88,5.347058825939894,7475200,256.54,1.9077872266633795,82.92411229551993,0,,,,,,,,,,,,,
,,,,,,,,,,,,,,,,,,,,,,,,,,,,,,,,,,,,4,0.49,3.753446535654366,7475200,319.35,3.3191037739223357,125.42682129433084,1,,,,,,,,,,,,,
,,,,,,,,,,,,,,,,,,,,,,,,,,,,,,,,,,,,4,,,7475200,,,,,0.39,0,217.8,0,0.88,0.49,6.0,0,0,0.88,0.88,0,0.0
6,0,5.363081455230713,4,3,440,0,702,11,0.011,1.2767550200223923,1,11171840,1375,3e-05,15,254.39,7475200,,,,,,,,,,,,,,,,,,,,,,,,,,,,,,,,,,,,,,,
6,0,5.216848850250244,,45,,0,702,,,1.2767550200223923,2,11176960,223,,,258.85,,0.0911376953125,0.0384206622838974,17434,3e-05,0.08,-0.00021134041307959705,-0.4383069140836596,0.5628323554992676,0.0016287807,1.233356863516383,,,,,,,,,,,,,,,,,,,,,,,,,,,,,
6,6,5.1483473777771,,81,,6,708,,,1.3734118789434433,3,11182080,187,,,262.45,,0.0857666015625,0.18232792615890503,17442,3e-05,0.08,-6.669068388873712e-05,-0.44418670600280163,0.5853139162063599,0.0013037348,0.9480457764468155,,,,,,,,,,,,,,,,,,,,,,,,,,,,,
6,0,5.187414646148682,,120,,0,708,,,1.3734118789434433,4,11187200,169,,,260.73,,0.0687255859375,0.5246924161911011,17450,3e-05,0.08,-0.0002463611570419744,-0.4415392093360424,0.6969367861747742,0.0010516093,0.8003968197153881,,,,,,,,,,,,,,,,,,,,,,,,,,,,,
6,0,5.162281513214111,,157,,0,708,,,1.3734118789434433,5,11192320,162,,,259.85,,0.060693359375,0.5264820456504822,17458,3e-05,0.08,-0.00037675813946407287,-0.4149195071775466,0.6991976499557495,0.001017032,0.9330935140635119,,,,,,,,,,,,,,,,,,,,,,,,,,,,,
6,0,,,,,,708,,,1.3734118789434433,,,,,,,,0.0490478515625,0.058270618319511414,17466,3e-05,0.08,-0.00018188859394285828,-0.41533434693701565,0.6934847831726074,0.0005991475,0.9822924755339045,23.416666666666668,291,0.006471732076354542,0.00147964948947103,0.6368495225906372,1925,0.44357638888888884,0.15116883116883117,,,,,,,,,,,,,,,,,,,,,
,,,,,,,,,,,,,,,,,,,,,,,,,,,,,,,,,,,,4,0.89,5.489198493957519,7500800,250.61,2.022566109219338,85.87245134500354,0,,,,,,,,,,,,,
,,,,,,,,,,,,,,,,,,,,,,,,,,,,,,,,,,,,4,0.52,4.162410242408514,7500800,308.04,3.1951229057512256,128.22354853926012,1,,,,,,,,,,,,,
,,,,,,,,,,,,,,,,,,,,,,,,,,,,,,,,,,,,4,,,7500800,,,,,0.37,0,217.8,0,0.89,0.52,6.0,0,0,0.89,0.89,0,0.0
6,0,5.156825065612793,4,3,440,0,708,11,0.011,1.3734118789434433,1,11197440,1339,3e-05,15,260.92,7500800,,,,,,,,,,,,,,,,,,,,,,,,,,,,,,,,,,,,,,,
6,6,5.0586934089660645,,39,,6,714,,,1.3124161089460056,2,11202560,257,,,266.83,,0.0662109375,0.21637456119060516,17474,3e-05,0.08,0.0003528770350385457,-0.4072231329511851,0.7001739740371704,0.0010254418,0.9490089710510802,,,,,,,,,,,,,,,,,,,,,,,,,,,,,
6,0,5.220493793487549,,78,,0,714,,,1.3124161089460056,3,11207680,196,,,259.54,,0.062646484375,0.4657311737537384,17482,3e-05,0.08,-0.00018114940758096054,-0.40803579124622047,0.7638411521911621,0.0010942664,1.0453859078406822,,,,,,,,,,,,,,,,,,,,,,,,,,,,,
6,0,5.3453450202941895,,119,,0,714,,,1.3124161089460056,4,11212800,171,,,254.84,,0.0719482421875,-0.001822146587073803,17490,3e-05,0.08,7.85970623837784e-05,-0.43082051039673386,0.5712641477584839,0.00090474746,0.851973106560763,,,,,,,,,,,,,,,,,,,,,,,,,,,,,
6,0,5.352758884429932,,153,,0,714,,,1.3124161089460056,5,11217920,167,,,254.63,,0.077880859375,0.4620106816291809,17498,3e-05,0.08,0.0008831010141875595,-0.41527291261591015,0.724866509437561,0.0010458028,0.8960775820305571,,,,,,,,,,,,,,,,,,,,,,,,,,,,,
6,0,,,,,,714,,,1.3124161089460056,,,,,,,,0.05498046875,0.21627362072467804,17506,3e-05,0.08,-0.0003620992254582234,-0.4576946840621531,0.5103703737258911,0.0010340459,1.3969421019195578,23.416666666666668,291,0.006467240863811258,0.0014794880792320295,0.6360341906547546,1925,0.44357638888888884,0.15116883116883117,,,,,,,,,,,,,,,,,,,,,
,,,,,,,,,,,,,,,,,,,,,,,,,,,,,,,,,,,,4,0.92,5.435167049020529,7526400,250.05,1.8529512850820538,77.15793867127348,0,,,,,,,,,,,,,
,,,,,,,,,,,,,,,,,,,,,,,,,,,,,,,,,,,,4,0.59,4.5948780509829525,7526400,290.98,3.124204359755658,127.20801704295214,1,,,,,,,,,,,,,
,,,,,,,,,,,,,,,,,,,,,,,,,,,,,,,,,,,,4,,,7526400,,,,,0.33000000000000007,0,217.8,0,0.92,0.59,6.0,0,0,0.92,0.92,0,0.0
6,6,5.092473030090332,4,3,440,6,720,11,0.011,1.2634765679637592,1,11223040,1284,3e-05,15,266.2,7526400,,,,,,,,,,,,,,,,,,,,,,,,,,,,,,,,,,,,,,,
6,0,5.163973331451416,,37,,0,720,,,1.2634765679637592,2,11228160,271,,,262.91,,0.0830078125,0.09824355691671371,17514,3e-05,0.08,0.0003287864790763706,-0.4473726092837751,0.5908364057540894,0.001360292,0.851451919937972,,,,,,,,,,,,,,,,,,,,,,,,,,,,,
6,0,4.989309787750244,,73,,0,720,,,1.2634765679637592,3,11233280,208,,,269.38,,0.0742431640625,0.9639919400215149,17522,3e-05,0.08,0.00033944089082069693,-0.43780765272676947,0.5045367479324341,0.002282285,1.1000805527321063,,,,,,,,,,,,,,,,,,,,,,,,,,,,,
6,0,4.893013000488281,,113,,0,720,,,1.2634765679637592,4,11238400,180,,,274.26,,0.0797119140625,0.48735296726226807,17530,3e-05,0.08,-0.00020521224214462564,-0.4383852413855493,0.40058255195617676,0.0010994397,1.4048430894705235,,,,,,,,,,,,,,,,,,,,,,,,,,,,,
6,6,5.016922950744629,,150,,6,726,,,1.3069742719332378,5,11243520,170,,,268.45,,0.0730224609375,0.6060249209403992,17538,3e-05,0.08,-0.0005528891342692077,-0.4331471314653754,0.32261359691619873,0.00092232635,0.8366316802043002,,,,,,,,,,,,,,,,,,,,,,,,,,,,,
6,6,,,,,,726,,,1.3069742719332378,,,,,,,,0.0521728515625,0.5970345735549927,17546,3e-05,0.08,-0.0006100912461988628,-0.42127943206578494,0.37747544050216675,0.0008333406,0.9279569460253697,23.5,291,0.006463105858581668,0.0014823614934195704,0.6364948153495789,1925,0.44390190972222215,0.15116883116883117,,,,,,,,,,,,,,,,,,,,,
,,,,,,,,,,,,,,,,,,,,,,,,,,,,,,,,,,,,4,0.88,5.174259454831481,7552000,262.32,2.016912299854924,84.79526873593834,0,,,,,,,,,,,,,
,,,,,,,,,,,,,,,,,,,,,,,,,,,,,,,,,,,,4,0.57,4.525252310633659,7552000,301.09,2.788705994087495,124.04121049070748,1,,,,,,,,,,,,,
,,,,,,,,,,,,,,,,,,,,,,,,,,,,,,,,,,,,4,,,7552000,,,,,0.31000000000000005,0,217.8,0,0.88,0.57,6.0,0,0,0.88,0.88,0,0.0
6,0,5.329685688018799,4,3,440,0,726,11,0.011,1.3069742719332378,1,11248640,1329,3e-05,15,257.18,7552000,,,,,,,,,,,,,,,,,,,,,,,,,,,,,,,,,,,,,,,
6,0,5.318391799926758,,42,,0,726,,,1.3069742719332378,2,11253760,239,,,257.63,,0.0677734375,0.33554354310035706,17554,3e-05,0.08,-0.00046576852255384436,-0.4065122829284519,0.42355602979660034,0.0010490231,0.8534952791174873,,,,,,,,,,,,,,,,,,,,,,,,,,,,,
6,0,5.284776210784912,,82,,0,726,,,1.3069742719332378,3,11258880,185,,,259.85,,0.062255859375,1.1932554244995117,17562,3e-05,0.08,-0.0004017705199657939,-0.418670239765197,0.3928881883621216,0.0008382867,0.8128646691766335,,,,,,,,,,,,,,,,,,,,,,,,,,,,,
6,6,5.212894916534424,,119,,6,732,,,1.3370231539011002,4,11264000,171,,,262.97,,0.062646484375,1.2328041791915894,17570,3e-05,0.08,-0.0003884585530613549,-0.39846488935872915,0.40213948488235474,0.00084486185,0.7374145368812606,,,,,,,,,,,,,,,,,,,,,,,,,,,,,
6,0,5.2374186515808105,,158,,0,732,,,1.3370231539011002,5,11269120,161,,,260.61,,0.069970703125,0.1272636204957962,17578,3e-05,0.08,-0.0007692743631196209,-0.42846439676359294,0.48840832710266113,0.0008696962,0.7008783744007815,,,,,,,,,,,,,,,,,,,,,,,,,,,,,
6,0,,,,,,732,,,1.3370231539011002,,,,,,,,0.0701171875,0.05529746040701866,17586,3e-05,0.08,-0.0003048606726224534,-0.43070099214091895,0.44875437021255493,0.0011196688,0.8660614239459392,23.5,291,0.00646283030916953,0.001475994858978714,0.6351679563522339,1925,0.44390190972222215,0.15116883116883117,,,,,,,,,,,,,,,,,,,,,
,,,,,,,,,,,,,,,,,,,,,,,,,,,,,,,,,,,,4,0.86,5.1982194645702835,7577600,262.48,2.100061096611493,90.77945582564372,0,,,,,,,,,,,,,
,,,,,,,,,,,,,,,,,,,,,,,,,,,,,,,,,,,,4,0.56,4.5159212014079095,7577600,298.21,3.0287475171002827,127.77967717911952,1,,,,,,,,,,,,,
,,,,,,,,,,,,,,,,,,,,,,,,,,,,,,,,,,,,4,,,7577600,,,,,0.29999999999999993,0,217.8,0,0.86,0.56,6.0,0,0,0.86,0.86,0,0.0
6,0,5.011917591094971,4,3,440,0,732,11,0.011,1.3370231539011002,1,11274240,1419,3e-05,15,269.43,7577600,,,,,,,,,,,,,,,,,,,,,,,,,,,,,,,,,,,,,,,
6,6,5.122096061706543,,42,,6,738,,,1.3132782752315204,2,11279360,238,,,266.02,,0.056201171875,0.03908899053931236,17594,3e-05,0.08,-0.000417268619639799,-0.4169570623897016,0.4634398818016052,0.0010983876,0.7248697628674563,,,,,,,,,,,,,,,,,,,,,,,,,,,,,
6,0,5.141119003295898,,79,,0,738,,,1.3132782752315204,3,11284480,193,,,264.1,,0.0569580078125,1.354231357574463,17602,3e-05,0.08,-0.0002972571470309049,-0.43547729318961503,0.5017625689506531,0.0008733032,0.8685907472448889,,,,,,,,,,,,,,,,,,,,,,,,,,,,,
6,0,5.1628546714782715,,116,,0,738,,,1.3132782752315204,4,11289600,176,,,261.82,,0.061474609375,0.6393106579780579,17610,3e-05,0.08,-0.00034406305057927967,-0.41336001278832557,0.4365188479423523,0.00093918864,0.7949100296362304,,,,,,,,,,,,,,,,,,,,,,,,,,,,,
6,0,5.077271938323975,,148,,0,738,,,1.3132782752315204,5,11294720,172,,,266.03,,0.0734375,0.6312024593353271,17618,3e-05,0.08,0.0003962805974879302,-0.43607910703867675,0.41906940937042236,0.0018283905,0.9494265410408843,,,,,,,,,,,,,,,,,,,,,,,,,,,,,
6,0,,,,,,738,,,1.3132782752315204,,,,,,,,0.0627197265625,0.013282973319292068,17626,3e-05,0.08,-8.764825470279902e-05,-0.4290397577919066,0.5100792646408081,0.0010240092,0.8970826504635625,23.5,291,0.006424686287663201,0.0014469831703268687,0.6333926320075989,1925,0.44390190972222215,0.15116883116883117,,,,,,,,,,,,,,,,,,,,,
,,,,,,,,,,,,,,,,,,,,,,,,,,,,,,,,,,,,4,0.89,5.092661771252751,7603200,264.17,2.018089255621245,83.89827828984336,0,,,,,,,,,,,,,
,,,,,,,,,,,,,,,,,,,,,,,,,,,,,,,,,,,,4,0.5,4.218578478991986,7603200,314.73,2.893681153270962,127.32893269009995,1,,,,,,,,,,,,,
,,,,,,,,,,,,,,,,,,,,,,,,,,,,,,,,,,,,4,,,7603200,,,,,0.39,0,217.8,0,0.89,0.5,6.0,0,0,0.89,0.89,0,0.0
6,6,5.104720592498779,4,3,440,6,744,11,0.011,1.2753034234046936,1,11299840,1625,3e-05,15,264.92,7603200,,,,,,,,,,,,,,,,,,,,,,,,,,,,,,,,,,,,,,,
6,0,5.022164344787598,,39,,0,744,,,1.2753034234046936,2,11304960,257,,,268.17,,0.0756591796875,0.08456917107105255,17634,3e-05,0.08,5.4142330191098155e-05,-0.43408047705888747,0.47459930181503296,0.0016112697,1.2848360706877429,,,,,,,,,,,,,,,,,,,,,,,,,,,,,
6,0,5.145874500274658,,72,,0,744,,,1.2753034234046936,3,11310080,211,,,264.51,,0.0525634765625,0.0778251588344574,17642,3e-05,0.08,-0.00023168795014498754,-0.4271752996370196,0.6155260801315308,0.00094411353,0.8761700078146533,,,,,,,,,,,,,,,,,,,,,,,,,,,,,
6,0,5.1341142654418945,,110,,0,744,,,1.2753034234046936,4,11315200,185,,,263.4,,0.0733154296875,0.8135671019554138,17650,3e-05,0.08,-0.000551759111112915,-0.44633649350143967,0.5532428026199341,0.0014609009,0.7581671558087691,,,,,,,,,,,,,,,,,,,,,,,,,,,,,
6,6,5.1717915534973145,,145,,6,750,,,1.3604305634895961,5,11320320,176,,,262.96,,0.06884765625,0.1331566423177719,17658,3e-05,0.08,0.00031168486893875527,-0.4257915485650301,0.5466717481613159,0.0009192548,0.7215459079743596,,,,,,,,,,,,,,,,,,,,,,,,,,,,,
6,6,,,,,,750,,,1.3604305634895961,,,,,,,,0.057568359375,0.026273813098669052,17666,3e-05,0.08,-0.0007167544332332909,-0.41249444452114403,0.6267172694206238,0.0005846239,0.8850847910682205,23.166666666666668,292,0.006452306680457642,0.0014597445331257686,0.6347108483314514,1925,0.4420572916666667,0.15168831168831168,,,,,,,,,,,,,,,,,,,,,
,,,,,,,,,,,,,,,,,,,,,,,,,,,,,,,,,,,,4,0.85,5.042038092240691,7628800,268.59,2.1944203608726305,92.65830723685815,0,,,,,,,,,,,,,
,,,,,,,,,,,,,,,,,,,,,,,,,,,,,,,,,,,,4,0.6,4.811612521391362,7628800,287.69,2.866744008075403,127.29215961715786,1,,,,,,,,,,,,,
,,,,,,,,,,,,,,,,,,,,,,,,,,,,,,,,,,,,4,,,7628800,,,,,0.25,0,217.8,0,0.85,0.6,6.0,0,0,0.85,0.85,0,0.0
6,0,5.258106231689453,4,2,440,0,750,11,0.011,1.3604305634895961,1,11325440,1725,3e-05,15,261.4,7628800,,,,,,,,,,,,,,,,,,,,,,,,,,,,,,,,,,,,,,,
6,0,5.419732570648193,,36,,0,750,,,1.3604305634895961,2,11330560,276,,,253.47,,0.057568359375,0.8420710563659668,17674,3e-05,0.08,-0.0005700836700270884,-0.41726088235154746,0.578596830368042,0.00077152374,0.9680326482019155,,,,,,,,,,,,,,,,,,,,,,,,,,,,,
6,0,5.178361892700195,,73,,0,750,,,1.3604305634895961,3,11335680,208,,,263.44,,0.04658203125,0.672165036201477,17682,3e-05,0.08,-0.000414589284628164,-0.43382408022880553,0.492855966091156,0.0010165873,1.0490937919341377,,,,,,,,,,,,,,,,,,,,,,,,,,,,,
6,6,5.352424144744873,,114,,6,756,,,1.3777165859937668,4,11340800,179,,,257.6,,0.0761474609375,0.3438659608364105,17690,3e-05,0.08,0.00017687783692963422,-0.4258657461963594,0.6035898923873901,0.0011003788,0.7236440026084893,,,,,,,,,,,,,,,,,,,,,,,,,,,,,
6,0,5.434142589569092,,155,,0,756,,,1.3777165859937668,5,11345920,164,,,253.34,,0.0602294921875,0.3755720853805542,17698,3e-05,0.08,-0.0005918528840993531,-0.4360182751901448,0.6589705944061279,0.0007504829,0.7873859915998764,,,,,,,,,,,,,,,,,,,,,,,,,,,,,
6,0,,,,,,756,,,1.3777165859937668,,,,,,,,0.068798828125,0.162885844707489,17706,3e-05,0.08,-0.0002775354791083373,-0.4387354814447463,0.6133559942245483,0.00096772145,1.043492778352811,23.083333333333332,292,0.006460161758494221,0.0014634488985123943,0.6342085003852844,1925,0.4417317708333333,0.15168831168831168,,,,,,,,,,,,,,,,,,,,,
,,,,,,,,,,,,,,,,,,,,,,,,,,,,,,,,,,,,4,0.89,5.373210414871574,7654400,251.87,2.2472098443068877,85.89722405293433,0,,,,,,,,,,,,,
,,,,,,,,,,,,,,,,,,,,,,,,,,,,,,,,,,,,4,0.55,4.384620138257742,7654400,306.0,2.867605281614416,125.65213885963104,1,,,,,,,,,,,,,
,,,,,,,,,,,,,,,,,,,,,,,,,,,,,,,,,,,,4,,,7654400,,,,,0.33999999999999997,0,217.8,0,0.89,0.55,6.0,0,0,0.89,0.89,0,0.0
6,0,5.4958038330078125,4,4,440,0,756,11,0.011,1.3777165859937668,1,11351040,1225,3e-05,15,249.82,7654400,,,,,,,,,,,,,,,,,,,,,,,,,,,,,,,,,,,,,,,
6,0,5.352698802947998,,44,,0,756,,,1.3777165859937668,2,11356160,230,,,256.0,,0.0586669921875,0.5052922368049622,17714,3e-05,0.08,-9.770116885192693e-05,-0.4264460067264736,0.6687242984771729,0.00095254014,1.00134497245308,,,,,,,,,,,,,,,,,,,,,,,,,,,,,
6,6,5.3089280128479,,87,,6,762,,,1.332321176926295,3,11361280,175,,,259.18,,0.083740234375,0.40823179483413696,17722,3e-05,0.08,2.3542315466329457e-05,-0.42419049721211194,0.6977701187133789,0.0014485175,1.0275619707186707,,,,,,,,,,,,,,,,,,,,,,,,,,,,,
6,0,5.276205062866211,,125,,0,762,,,1.332321176926295,4,11366400,163,,,259.8,,0.0540771484375,0.3352794349193573,17730,3e-05,0.08,-1.6847377992235125e-06,-0.4147162904962897,0.7385082244873047,0.00095850433,1.190622865955811,,,,,,,,,,,,,,,,,,,,,,,,,,,,,
6,0,5.27451229095459,,167,,0,762,,,1.332321176926295,5,11371520,152,,,260.13,,0.069873046875,0.19540753960609436,17738,3e-05,0.08,-0.0003208617607015185,-0.42923232913017273,0.5042278170585632,0.0013594438,1.2911433748318815,,,,,,,,,,,,,,,,,,,,,,,,,,,,,
6,0,,,,,,762,,,1.332321176926295,,,,,,,,0.0782470703125,0.9105730652809143,17746,3e-05,0.08,-0.0002489110469468869,-0.41731925909407436,0.6366075277328491,0.0016473621,0.8937642936012707,23.083333333333332,292,0.006471762501817413,0.0014676710899320542,0.6343955397605896,1925,0.4417317708333333,0.15168831168831168,,,,,,,,,,,,,,,,,,,,,
,,,,,,,,,,,,,,,,,,,,,,,,,,,,,,,,,,,,4,0.84,5.031148407310248,7680000,270.95,2.041197211843766,90.85652150506313,0,,,,,,,,,,,,,
,,,,,,,,,,,,,,,,,,,,,,,,,,,,,,,,,,,,4,0.54,4.399575596377254,7680000,300.83,3.1355338057149047,129.60023572509428,1,,,,,,,,,,,,,
,,,,,,,,,,,,,,,,,,,,,,,,,,,,,,,,,,,,4,,,7680000,,,,,0.29999999999999993,0,217.8,0,0.84,0.54,6.0,0,0,0.84,0.84,0,0.0
6,0,5.069172382354736,4,4,440,0,762,11,0.011,1.332321176926295,1,11376640,1235,3e-05,15,267.92,7680000,,,,,,,,,,,,,,,,,,,,,,,,,,,,,,,,,,,,,,,
6,6,5.0981364250183105,,43,,6,768,,,1.282141183813413,2,11381760,236,,,267.98,,0.0626220703125,0.6227896213531494,17754,3e-05,0.08,0.000169939489569515,-0.41085713701322674,0.6736066341400146,0.0011557145,1.1902903190348297,,,,,,,,,,,,,,,,,,,,,,,,,,,,,
6,0,5.196160793304443,,84,,0,768,,,1.282141183813413,3,11386880,181,,,262.33,,0.0615966796875,0.3094467222690582,17762,3e-05,0.08,7.528299902332946e-05,-0.4165746746584773,0.4364553689956665,0.0013499309,1.3726474329014309,,,,,,,,,,,,,,,,,,,,,,,,,,,,,
6,0,5.329221725463867,,124,,0,768,,,1.282141183813413,4,11392000,164,,,257.33,,0.0644287109375,0.4040089547634125,17770,3e-05,0.08,-0.0009841554245213046,-0.39458234501071277,0.5587969422340393,0.0014783383,1.2438205036567525,,,,,,,,,,,,,,,,,,,,,,,,,,,,,
6,0,5.195548057556152,,174,,0,768,,,1.282141183813413,5,11397120,146,,,264.17,,0.07509765625,0.8473573923110962,17778,3e-05,0.08,-0.0003604355806601234,-0.40355269247666004,0.5624029636383057,0.0014214844,1.0569266457343474,,,,,,,,,,,,,,,,,,,,,,,,,,,,,
6,0,,,,,,768,,,1.282141183813413,,,,,,,,0.06259765625,0.32090818881988525,17786,3e-05,0.08,-0.000231109227752313,-0.37747661685571077,0.5771776437759399,0.0012211616,0.8948954182007582,23.083333333333332,292,0.006450242726803191,0.0014608380354927239,0.6328805088996887,1925,0.4417317708333333,0.15168831168831168,,,,,,,,,,,,,,,,,,,,,
,,,,,,,,,,,,,,,,,,,,,,,,,,,,,,,,,,,,4,0.89,5.353078632354737,7705600,254.08,2.1332534959659695,84.92534132989988,0,,,,,,,,,,,,,
,,,,,,,,,,,,,,,,,,,,,,,,,,,,,,,,,,,,4,0.54,4.446964497431181,7705600,300.37,3.0786742735183323,129.7705401853595,1,,,,,,,,,,,,,
,,,,,,,,,,,,,,,,,,,,,,,,,,,,,,,,,,,,4,,,7705600,,,,,0.35,0,217.8,0,0.89,0.54,6.0,0,0,0.89,0.89,0,0.0
6,6,5.167819023132324,4,4,440,6,774,11,0.011,1.360025592148304,1,11402240,1144,3e-05,15,266.46,7705600,,,,,,,,,,,,,,,,,,,,,,,,,,,,,,,,,,,,,,,
6,0,5.148949146270752,,47,,0,774,,,1.360025592148304,2,11407360,216,,,267.07,,0.0650634765625,0.008732292801141739,17794,3e-05,0.08,0.00023299780150409788,-0.39279755945317446,0.5820709466934204,0.0014325539,1.1835321004327852,,,,,,,,,,,,,,,,,,,,,,,,,,,,,
6,0,5.1631388664245605,,88,,0,774,,,1.360025592148304,3,11412480,173,,,265.4,,0.0718994140625,0.04920211806893349,17802,3e-05,0.08,0.0005800836879643612,-0.41358831292018294,0.6047049760818481,0.0010544099,0.9314948508515954,,,,,,,,,,,,,,,,,,,,,,,,,,,,,
6,0,5.179482460021973,,133,,0,774,,,1.360025592148304,4,11417600,153,,,265.66,,0.06572265625,0.3342211842536926,17810,3e-05,0.08,-0.0005314924637787044,-0.42167362589389085,0.6053091883659363,0.0011047944,1.1854146801808383,,,,,,,,,,,,,,,,,,,,,,,,,,,,,
6,6,5.0786895751953125,,170,,6,780,,,1.3154454628626506,5,11422720,149,,,267.28,,0.0567138671875,0.3825773000717163,17818,3e-05,0.08,-0.00030302727973321455,-0.40817172355018555,0.6893050670623779,0.0010816462,0.8808951360115316,,,,,,,,,,,,,,,,,,,,,,,,,,,,,
6,6,,,,,,780,,,1.3154454628626506,,,,,,,,0.064208984375,0.717026948928833,17826,3e-05,0.08,7.572186877951026e-05,-0.41663879761472344,0.5760666728019714,0.0011403471,1.0339423116703983,23.0,292,0.006455730568030689,0.0014800040667537883,0.6321049928665161,1925,0.44140625,0.15168831168831168,,,,,,,,,,,,,,,,,,,,,
,,,,,,,,,,,,,,,,,,,,,,,,,,,,,,,,,,,,4,0.87,4.935328300520777,7731200,271.63,2.124609564598794,89.18504975611101,0,,,,,,,,,,,,,
,,,,,,,,,,,,,,,,,,,,,,,,,,,,,,,,,,,,4,0.62,4.830394390821457,7731200,281.9,3.0836804840069636,126.21755028521193,1,,,,,,,,,,,,,
,,,,,,,,,,,,,,,,,,,,,,,,,,,,,,,,,,,,4,,,7731200,,,,,0.25,0,217.8,0,0.87,0.62,6.0,0,0,0.87,0.87,0,0.0
6,0,5.208354473114014,4,4,440,0,780,11,0.011,1.3154454628626506,1,11427840,1203,3e-05,15,261.95,7731200,,,,,,,,,,,,,,,,,,,,,,,,,,,,,,,,,,,,,,,
6,0,5.235374927520752,,41,,0,780,,,1.3154454628626506,2,11432960,248,,,259.57,,0.0593994140625,0.10674502700567245,17834,3e-05,0.08,0.000362448682426475,-0.40496610971167685,0.5259014368057251,0.00067044824,0.7604153927561128,,,,,,,,,,,,,,,,,,,,,,,,,,,,,
6,0,5.102374076843262,,81,,0,780,,,1.3154454628626506,3,11438080,189,,,264.95,,0.0639892578125,0.6145272254943848,17842,3e-05,0.08,0.0003336507172207348,-0.3950092339422554,0.39338743686676025,0.0007554898,0.663314506446477,,,,,,,,,,,,,,,,,,,,,,,,,,,,,
6,6,4.964903831481934,,121,,6,786,,,1.327150007088979,4,11443200,168,,,269.88,,0.0640625,0.9932201504707336,17850,3e-05,0.08,0.0004698385542724282,-0.41045320746488867,0.5428532361984253,0.000726393,0.7784351118141786,,,,,,,,,,,,,,,,,,,,,,,,,,,,,
6,0,5.2110915184021,,160,,0,786,,,1.327150007088979,5,11448320,159,,,260.86,,0.0693603515625,0.7268666625022888,17858,3e-05,0.08,0.0003406888339668512,-0.4071874499320984,0.4020199179649353,0.0013090359,1.0436744390521198,,,,,,,,,,,,,,,,,,,,,,,,,,,,,
6,0,,,,,,786,,,1.327150007088979,,,,,,,,0.0776123046875,1.7949397563934326,17866,3e-05,0.08,0.00022958659828873352,-0.41384128769859674,0.4490619897842407,0.0017604906,0.9695017314108554,22.916666666666668,292,0.006418652905871935,0.001454439502576051,0.6323809623718262,1925,0.4410807291666667,0.15168831168831168,,,,,,,,,,,,,,,,,,,,,
,,,,,,,,,,,,,,,,,,,,,,,,,,,,,,,,,,,,4,0.92,5.450953662395477,7756800,250.11,1.769432757758834,74.85544669561462,0,,,,,,,,,,,,,
,,,,,,,,,,,,,,,,,,,,,,,,,,,,,,,,,,,,4,0.48,3.9629859433136883,7756800,318.59,3.0973368196264035,127.68360074809921,1,,,,,,,,,,,,,
,,,,,,,,,,,,,,,,,,,,,,,,,,,,,,,,,,,,4,,,7756800,,,,,0.44000000000000006,0,217.8,0,0.92,0.48,6.0,0,0,0.92,0.92,0,0.0
6,0,5.232296943664551,4,4,440,0,786,11,0.011,1.327150007088979,1,11453440,1138,3e-05,15,259.87,7756800,,,,,,,,,,,,,,,,,,,,,,,,,,,,,,,,,,,,,,,
6,0,5.307058811187744,,45,,0,786,,,1.327150007088979,2,11458560,225,,,258.32,,0.061669921875,0.16758953034877777,17874,3e-05,0.08,0.00031108137627597896,-0.4218220729380846,0.5141807198524475,0.0010927748,0.7233273613877828,,,,,,,,,,,,,,,,,,,,,,,,,,,,,
6,6,5.609117031097412,,89,,6,792,,,1.452958104511102,3,11463680,171,,,244.83,,0.07109375,0.03142469376325607,17882,3e-05,0.08,-0.0009288540342822671,-0.42044977270998063,0.6204232573509216,0.0012761091,0.7682700255012606,,,,,,,,,,,,,,,,,,,,,,,,,,,,,
6,0,5.671999931335449,,127,,0,792,,,1.452958104511102,4,11468800,160,,,243.16,,0.06123046875,0.015675123780965805,17890,3e-05,0.08,5.584847676800564e-05,-0.4147803441621363,0.5293737649917603,0.0007899958,0.682230295962654,,,,,,,,,,,,,,,,,,,,,,,,,,,,,
6,0,5.815889835357666,,174,,0,792,,,1.452958104511102,5,11473920,146,,,236.47,,0.0630615234375,0.1868862807750702,17898,3e-05,0.08,-0.0005284463084535673,-0.4192587316967547,0.3602132201194763,0.0010514312,0.904202246008208,,,,,,,,,,,,,,,,,,,,,,,,,,,,,
6,0,,,,,,792,,,1.452958104511102,,,,,,,,0.0546142578125,0.2060607522726059,17906,3e-05,0.08,-0.0005744864087319001,-0.393546405993402,0.4677882194519043,0.00084964855,0.616372964065522,23.0,292,0.006422351214967092,0.0014685651236237334,0.6317273378372192,1925,0.44140625,0.15168831168831168,,,,,,,,,,,,,,,,,,,,,
,,,,,,,,,,,,,,,,,,,,,,,,,,,,,,,,,,,,4,0.88,5.005991403311491,7782400,267.73,2.0361805982675483,85.49360853303597,0,,,,,,,,,,,,,
,,,,,,,,,,,,,,,,,,,,,,,,,,,,,,,,,,,,4,0.47,4.0414119083061815,7782400,315.55,3.220330630265227,133.43915280006837,1,,,,,,,,,,,,,
,,,,,,,,,,,,,,,,,,,,,,,,,,,,,,,,,,,,4,,,7782400,,,,,0.41000000000000003,0,217.8,0,0.88,0.47,6.0,0,0,0.88,0.88,0,0.0
6,0,5.727283954620361,4,4,440,0,792,11,0.011,1.452958104511102,1,11479040,1132,3e-05,15,238.73,7782400,,,,,,,,,,,,,,,,,,,,,,,,,,,,,,,,,,,,,,,
6,6,5.4227190017700195,,50,,6,798,,,1.3763143047690392,2,11484160,202,,,248.7,,0.08095703125,0.461675226688385,17914,3e-05,0.08,-0.00020652333623729646,-0.40815926203504205,0.4446184039115906,0.0011854907,0.8085739770496729,,,,,,,,,,,,,,,,,,,,,,,,,,,,,
6,0,5.417622089385986,,88,,0,798,,,1.3763143047690392,3,11489280,173,,,248.76,,0.0720703125,0.06902199983596802,17922,3e-05,0.08,0.0001620728347916156,-0.4310837826691568,0.4394817352294922,0.0015963878,1.0434073655633256,,,,,,,,,,,,,,,,,,,,,,,,,,,,,
6,0,5.281982421875,,129,,0,798,,,1.3763143047690392,4,11494400,157,,,255.33,,0.05625,0.16192474961280823,17930,3e-05,0.08,-0.00017478053923696278,-0.4178201211616397,0.27381575107574463,0.0007821407,1.0293439425877295,,,,,,,,,,,,,,,,,,,,,,,,,,,,,
6,6,4.919805526733398,,171,,6,804,,,1.3445387581984203,5,11499520,149,,,268.64,,0.05712890625,0.6613208055496216,17938,3e-05,0.08,-0.0008601804802310653,-0.4071276320144534,0.06311178207397461,0.00092949125,1.004254318238236,,,,,,,,,,,,,,,,,,,,,,,,,,,,,
6,6,,,,,,804,,,1.3445387581984203,,,,,,,,0.06513671875,0.379982054233551,17946,3e-05,0.08,-0.000952387903816998,-0.39590543759986757,0.3768613338470459,0.0010510754,0.6725979844573885,23.25,292,0.006391014509321369,0.001489606060523777,0.6314346790313721,1925,0.44292534722222215,0.15168831168831168,,,,,,,,,,,,,,,,,,,,,
,,,,,,,,,,,,,,,,,,,,,,,,,,,,,,,,,,,,4,0.9,5.400203423500061,7808000,253.19,1.932144418685546,82.4563757389324,0,,,,,,,,,,,,,
,,,,,,,,,,,,,,,,,,,,,,,,,,,,,,,,,,,,4,0.56,4.420071111302823,7808000,292.64,3.4244074402738547,132.44534872920227,1,,,,,,,,,,,,,
,,,,,,,,,,,,,,,,,,,,,,,,,,,,,,,,,,,,4,,,7808000,,,,,0.33999999999999997,0,217.8,0,0.9,0.56,6.0,0,0,0.9,0.9,0,0.0
6,0,4.709967136383057,4,5,440,0,804,11,0.011,1.3445387581984203,1,11504640,1002,3e-05,15,276.8,7808000,,,,,,,,,,,,,,,,,,,,,,,,,,,,,,,,,,,,,,,
6,0,4.9266486167907715,,41,,0,804,,,1.3445387581984203,2,11509760,245,,,269.78,,0.0591796875,0.023772452026605606,17954,3e-05,0.08,-0.00018819440738297998,-0.3908380320295691,0.12119698524475098,0.0007098137,1.064959664340131,,,,,,,,,,,,,,,,,,,,,,,,,,,,,
6,0,4.968986511230469,,81,,0,804,,,1.3445387581984203,3,11514880,188,,,266.08,,0.0668701171875,0.12869170308113098,17962,3e-05,0.08,1.332208194071427e-05,-0.3849251503124833,0.03917264938354492,0.0016515453,1.2942713064723648,,,,,,,,,,,,,,,,,,,,,,,,,,,,,
6,6,5.038042068481445,,123,,6,810,,,1.2764845055838425,4,11520000,166,,,264.5,,0.071240234375,0.16710038483142853,17970,3e-05,0.08,0.0009451760561205447,-0.41303957300260663,-0.03882145881652832,0.0013980847,1.3398893501318525,,,,,,,,,,,,,,,,,,,,,,,,,,,,,
6,0,5.3756513595581055,,168,,0,810,,,1.2764845055838425,5,11525120,151,,,251.29,,0.075244140625,0.16334553062915802,17978,3e-05,0.08,-0.00026797829777933655,-0.41064756363630295,0.12853455543518066,0.0010259857,1.165826476397342,,,,,,,,,,,,,,,,,,,,,,,,,,,,,
6,0,,,,,,810,,,1.2764845055838425,,,,,,,,0.0640380859375,1.138381838798523,17986,3e-05,0.08,-0.00014366666728165,-0.43108628457412124,0.36184293031692505,0.0010438297,0.9353978347498924,23.333333333333332,292,0.00635226540344342,0.001467550637406677,0.6328595280647278,1925,0.4432508680555555,0.15168831168831168,,,,,,,,,,,,,,,,,,,,,
,,,,,,,,,,,,,,,,,,,,,,,,,,,,,,,,,,,,4,0.88,5.373879891037941,7833600,254.61,2.06154067067719,86.40045080900909,0,,,,,,,,,,,,,
,,,,,,,,,,,,,,,,,,,,,,,,,,,,,,,,,,,,4,0.51,4.424424205292016,7833600,305.44,3.0358217300025574,133.24175921984818,1,,,,,,,,,,,,,
,,,,,,,,,,,,,,,,,,,,,,,,,,,,,,,,,,,,4,,,7833600,,,,,0.37,0,217.8,0,0.88,0.51,6.0,0,0,0.88,0.88,0,0.0
6,0,5.592747211456299,4,4,440,0,810,11,0.011,1.2764845055838425,1,11530240,1133,3e-05,15,242.35,7833600,,,,,,,,,,,,,,,,,,,,,,,,,,,,,,,,,,,,,,,
6,0,5.412299633026123,,49,,0,810,,,1.2764845055838425,2,11535360,205,,,250.56,,0.069384765625,0.25094181299209595,17994,3e-05,0.08,-0.0002811855694744736,-0.4345693621784449,0.2919492721557617,0.0011373777,0.9881911846896401,,,,,,,,,,,,,,,,,,,,,,,,,,,,,
6,6,5.5504469871521,,93,,6,816,,,1.3872306893269222,3,11540480,164,,,245.36,,0.0658447265625,0.3305211663246155,18002,3e-05,0.08,-5.555762036237866e-05,-0.43574934881180527,0.2297540307044983,0.00067610794,0.8046663591405376,,,,,,,,,,,,,,,,,,,,,,,,,,,,,
6,0,5.504211902618408,,153,,0,816,,,1.3872306893269222,4,11545600,133,,,246.36,,0.0707763671875,0.7213350534439087,18010,3e-05,0.08,-0.0005999537359457463,-0.44534873589873314,0.2962140440940857,0.0010781328,1.0390815426886548,,,,,,,,,,,,,,,,,,,,,,,,,,,,,
6,0,5.367537975311279,,195,,0,816,,,1.3872306893269222,5,11550720,130,,,252.06,,0.07724609375,0.6399842500686646,18018,3e-05,0.08,0.00011725562217179686,-0.41676961798220874,0.19542807340621948,0.0008798884,0.9346132232574746,,,,,,,,,,,,,,,,,,,,,,,,,,,,,
6,0,,,,,,816,,,1.3872306893269222,,,,,,,,0.0706298828125,0.09897719323635101,18026,3e-05,0.08,-0.0002207492376328446,-0.4410523472353816,0.15905362367630005,0.0010047567,0.9707978796330281,23.416666666666668,292,0.006329289645566979,0.0014506180073483258,0.6322588920593262,1925,0.44357638888888884,0.15168831168831168,,,,,,,,,,,,,,,,,,,,,
,,,,,,,,,,,,,,,,,,,,,,,,,,,,,,,,,,,,4,0.88,4.912963935136795,7859200,270.81,2.1509816961111046,87.41884179054307,0,,,,,,,,,,,,,
,,,,,,,,,,,,,,,,,,,,,,,,,,,,,,,,,,,,4,0.49,4.101269974708557,7859200,315.18,3.062718033109906,130.40301990368167,1,,,,,,,,,,,,,
,,,,,,,,,,,,,,,,,,,,,,,,,,,,,,,,,,,,4,,,7859200,,,,,0.39,0,217.8,0,0.88,0.49,6.0,0,0,0.88,0.88,0,0.0
6,0,5.260991096496582,4,4,440,0,816,11,0.011,1.3872306893269222,1,11555840,1155,3e-05,15,257.71,7859200,,,,,,,,,,,,,,,,,,,,,,,,,,,,,,,,,,,,,,,
6,6,5.201284408569336,,47,,6,822,,,1.4075254450241725,2,11560960,217,,,262.87,,0.052685546875,0.7611807584762573,18034,3e-05,0.08,-0.000663855740276631,-0.4394453726708889,0.1327286958694458,0.0012856063,0.8016251241788268,,,,,,,,,,,,,,,,,,,,,,,,,,,,,
6,0,5.059351444244385,,84,,0,822,,,1.4075254450241725,3,11566080,181,,,270.28,,0.06044921875,0.1565355807542801,18042,3e-05,0.08,-0.0008671273128129542,-0.4384114914573729,0.060516953468322754,0.00085496064,0.7470400812570006,,,,,,,,,,,,,,,,,,,,,,,,,,,,,
6,0,4.9966511726379395,,122,,0,822,,,1.4075254450241725,4,11571200,167,,,271.64,,0.05947265625,0.4196067452430725,18050,3e-05,0.08,-0.00030372189648915083,-0.4307037914171815,0.07777297496795654,0.0007303047,0.8579319969925564,,,,,,,,,,,,,,,,,,,,,,,,,,,,,
6,0,5.065648555755615,,165,,0,822,,,1.4075254450241725,5,11576320,155,,,269.21,,0.0588134765625,0.7600077986717224,18058,3e-05,0.08,-0.00036962165031582115,-0.4434310530312359,0.02844548225402832,0.0012540802,0.8528659542032984,,,,,,,,,,,,,,,,,,,,,,,,,,,,,
6,0,,,,,,822,,,1.4075254450241725,,,,,,,,0.0759033203125,0.04524615779519081,18066,3e-05,0.08,0.0007410632737446576,-0.43116592299193146,0.0887557864189148,0.0019290596,0.9915953789721244,23.416666666666668,292,0.006310372805009745,0.0014464128167770334,0.6332112550735474,1925,0.44411892361111116,0.15168831168831168,,,,,,,,,,,,,,,,,,,,,
,,,,,,,,,,,,,,,,,,,,,,,,,,,,,,,,,,,,4,0.92,5.225199150368571,7884800,257.91,1.9214884587947798,77.58931563043973,0,,,,,,,,,,,,,
,,,,,,,,,,,,,,,,,,,,,,,,,,,,,,,,,,,,4,0.5,4.188417867142707,7884800,309.45,3.1681730169392512,132.56020330400824,1,,,,,,,,,,,,,
,,,,,,,,,,,,,,,,,,,,,,,,,,,,,,,,,,,,4,,,7884800,,,,,0.42000000000000004,0,217.8,0,0.92,0.5,6.0,0,0,0.92,0.92,0,0.0
6,6,4.944665431976318,4,4,440,6,828,11,0.011,1.3560561661918957,1,11581440,1050,3e-05,15,275.15,7884800,,,,,,,,,,,,,,,,,,,,,,,,,,,,,,,,,,,,,,,
6,0,5.158968925476074,,39,,0,828,,,1.3560561661918957,2,11586560,257,,,263.67,,0.0859375,0.26299306750297546,18074,3e-05,0.08,0.0006401420032489114,-0.43603874668478965,0.1180611252784729,0.0012650916,0.8223055010661483,,,,,,,,,,,,,,,,,,,,,,,,,,,,,
6,0,5.1543288230896,,79,,0,828,,,1.3560561661918957,3,11591680,194,,,262.23,,0.0811767578125,0.38880306482315063,18082,3e-05,0.08,-8.135243697324768e-05,-0.4509829386137426,0.2161884307861328,0.0012033184,0.925261816350394,,,,,,,,,,,,,,,,,,,,,,,,,,,,,
6,0,5.230353832244873,,116,,0,828,,,1.3560561661918957,4,11596800,175,,,258.62,,0.063330078125,0.1412833034992218,18090,3e-05,0.08,0.00010018093453254551,-0.44835157888010146,0.20422250032424927,0.0013075086,0.8166857071628328,,,,,,,,,,,,,,,,,,,,,,,,,,,,,
6,6,5.100371837615967,,158,,6,834,,,1.3241920620203018,5,11601920,161,,,264.4,,0.0585205078125,0.35950565338134766,18098,3e-05,0.08,5.4218212608248e-05,-0.4383086938410997,0.26582270860671997,0.001715184,0.7521479143819306,,,,,,,,,,,,,,,,,,,,,,,,,,,,,
6,6,,,,,,834,,,1.3241920620203018,,,,,,,,0.0791748046875,0.08111537247896194,18106,3e-05,0.08,0.00030112668173387647,-0.44078669222071765,0.3048919439315796,0.0009906503,1.084507752751233,23.5,292,0.006315141668651368,0.0014409298505893076,0.6328884363174438,1925,0.4444444444444445,0.15168831168831168,,,,,,,,,,,,,,,,,,,,,
,,,,,,,,,,,,,,,,,,,,,,,,,,,,,,,,,,,,4,0.85,5.036476625204086,7910400,268.51,2.124926923271854,91.69967230039593,0,,,,,,,,,,,,,
,,,,,,,,,,,,,,,,,,,,,,,,,,,,,,,,,,,,4,0.47,3.979716941639781,7910400,318.33,3.1677419027615827,130.5612542065984,1,,,,,,,,,,,,,
,,,,,,,,,,,,,,,,,,,,,,,,,,,,,,,,,,,,4,,,7910400,,,,,0.38,0,217.8,0,0.85,0.47,6.0,0,0,0.85,0.85,0,0.0
6,0,5.252086162567139,4,4,440,0,834,11,0.011,1.3241920620203018,1,11607040,1268,3e-05,15,256.79,7910400,,,,,,,,,,,,,,,,,,,,,,,,,,,,,,,,,,,,,,,
6,0,5.243924140930176,,44,,0,834,,,1.3241920620203018,2,11612160,228,,,257.4,,0.0731201171875,1.3218721151351929,18114,3e-05,0.08,-0.00012850487837567925,-0.4515100920572877,0.36198246479034424,0.0010522893,0.9392956485506148,,,,,,,,,,,,,,,,,,,,,,,,,,,,,
6,0,5.15841007232666,,84,,0,834,,,1.3241920620203018,3,11617280,181,,,262.51,,0.083349609375,0.3067723214626312,18122,3e-05,0.08,0.00024428386677755043,-0.4442051000893116,0.368371844291687,0.0017263709,0.7324324743938633,,,,,,,,,,,,,,,,,,,,,,,,,,,,,
6,6,5.053651809692383,,120,,6,840,,,1.3739050055543582,4,11622400,169,,,267.02,,0.0756103515625,0.1807151734828949,18130,3e-05,0.08,2.6531575713306666e-06,-0.41506936280056833,0.3711240291595459,0.0010958466,0.7906019592715893,,,,,,,,,,,,,,,,,,,,,,,,,,,,,
6,0,5.039443492889404,,157,,0,840,,,1.3739050055543582,5,11627520,163,,,267.73,,0.0738037109375,0.6473109722137451,18138,3e-05,0.08,0.0009017948963446542,-0.4547868649475276,0.40977680683135986,0.0009678948,0.715754429079243,,,,,,,,,,,,,,,,,,,,,,,,,,,,,
6,0,,,,,,840,,,1.3739050055543582,,,,,,,,0.0609375,0.9478069543838501,18146,3e-05,0.08,6.976586882956326e-06,-0.4512809350155294,0.3837543725967407,0.001311044,1.0084962650260423,23.416666666666668,292,0.006312588134046111,0.001433086470114821,0.6327133774757385,1925,0.44411892361111116,0.15168831168831168,,,,,,,,,,,,,,,,,,,,,
,,,,,,,,,,,,,,,,,,,,,,,,,,,,,,,,,,,,4,0.88,5.131977607756853,7936000,262.57,2.2042729997981008,88.72319369815314,0,,,,,,,,,,,,,
,,,,,,,,,,,,,,,,,,,,,,,,,,,,,,,,,,,,4,0.43,3.517068095654249,7936000,329.23,3.511173510410798,128.49598087099844,1,,,,,,,,,,,,,
,,,,,,,,,,,,,,,,,,,,,,,,,,,,,,,,,,,,4,,,7936000,,,,,0.45,0,217.8,0,0.88,0.43,6.0,0,0,0.88,0.88,0,0.0
6,0,5.110184192657471,4,3,440,0,840,11,0.011,1.3739050055543582,1,11632640,1303,3e-05,15,264.83,7936000,,,,,,,,,,,,,,,,,,,,,,,,,,,,,,,,,,,,,,,
6,0,5.026813507080078,,42,,0,840,,,1.3739050055543582,2,11637760,240,,,267.88,,0.091064453125,0.6959212422370911,18154,3e-05,0.08,0.0005898242234252393,-0.4475164754316211,0.3541771173477173,0.0013157068,0.9013985505414894,,,,,,,,,,,,,,,,,,,,,,,,,,,,,
6,6,5.160638809204102,,82,,6,846,,,1.3427482694387436,3,11642880,185,,,260.93,,0.0632568359375,0.7315352559089661,18162,3e-05,0.08,6.611742574023083e-05,-0.4273621071130037,0.44082897901535034,0.001375814,0.8873415056790691,,,,,,,,,,,,,,,,,,,,,,,,,,,,,
6,0,5.118521213531494,,122,,0,846,,,1.3427482694387436,4,11648000,167,,,263.68,,0.1024658203125,0.10041158646345139,18170,3e-05,0.08,0.001517237962980289,-0.4530901194550097,0.2143164873123169,0.0023004585,1.2538167354243341,,,,,,,,,,,,,,,,,,,,,,,,,,,,,
6,0,4.997854709625244,,157,,0,846,,,1.3427482694387436,5,11653120,162,,,270.39,,0.06064453125,0.11292301118373871,18178,3e-05,0.08,-0.000322631822200492,-0.4329072132706642,0.24366635084152222,0.0008290503,0.7052388152922504,,,,,,,,,,,,,,,,,,,,,,,,,,,,,
6,0,,,,,,846,,,1.3427482694387436,,,,,,,,0.0660888671875,0.15227772295475006,18186,3e-05,0.08,0.00011823296372313053,-0.4250122599303722,0.29219919443130493,0.0017420806,0.9316505641225377,23.25,292,0.006314192018310167,0.0014234166268299042,0.6330199241638184,1925,0.44292534722222215,0.15168831168831168,,,,,,,,,,,,,,,,,,,,,
,,,,,,,,,,,,,,,,,,,,,,,,,,,,,,,,,,,,4,0.8,4.808158570826054,7961600,281.26,2.0878798375620677,94.93488505286136,0,,,,,,,,,,,,,
,,,,,,,,,,,,,,,,,,,,,,,,,,,,,,,,,,,,4,0.52,4.310526673584246,7961600,306.27,3.1081961195931394,130.08903527968835,1,,,,,,,,,,,,,
,,,,,,,,,,,,,,,,,,,,,,,,,,,,,,,,,,,,4,,,7961600,,,,,0.28,0,217.8,0,0.8,0.52,6.0,0,0,0.8,0.8,0,0.0
6,0,4.994619369506836,4,4,440,0,846,11,0.011,1.3427482694387436,1,11658240,1118,3e-05,15,271.43,7961600,,,,,,,,,,,,,,,,,,,,,,,,,,,,,,,,,,,,,,,
6,6,4.975236415863037,,42,,6,852,,,1.2469525039196014,2,11663360,243,,,271.95,,0.07509765625,0.16566920280456543,18194,3e-05,0.08,0.0003393090621102601,-0.43010939517989755,0.23540031909942627,0.0009874594,0.9996676536626182,,,,,,,,,,,,,,,,,,,,,,,,,,,,,
6,0,4.760200023651123,,78,,0,852,,,1.2469525039196014,3,11668480,195,,,282.99,,0.0713134765625,0.02073887176811695,18202,3e-05,0.08,3.9987229683902115e-05,-0.4357221146114171,0.26980942487716675,0.0011942822,1.0368043341615703,,,,,,,,,,,,,,,,,,,,,,,,,,,,,
6,0,4.950130939483643,,115,,0,852,,,1.2469525039196014,4,11673600,177,,,275.32,,0.0892578125,0.043682556599378586,18210,3e-05,0.08,0.0001294873101869598,-0.4276670259423554,0.3379480242729187,0.00071109866,0.913950334279798,,,,,,,,,,,,,,,,,,,,,,,,,,,,,
6,0,5.043436050415039,,155,,0,852,,,1.2469525039196014,5,11678720,165,,,268.75,,0.06806640625,1.2107003927230835,18218,3e-05,0.08,-0.00016898276226129383,-0.45328516215085984,-0.0021543502807617188,0.0012063601,1.7831630413304083,,,,,,,,,,,,,,,,,,,,,,,,,,,,,
6,0,,,,,,852,,,1.2469525039196014,,,,,,,,0.070947265625,0.04836784303188324,18226,3e-05,0.08,-0.0004846526178880595,-0.45001405086368323,0.15373444557189941,0.0011820681,0.8534065066109179,23.25,292,0.006302028474800821,0.0014715950133356668,0.6330097913742065,1925,0.44292534722222215,0.15168831168831168,,,,,,,,,,,,,,,,,,,,,
,,,,,,,,,,,,,,,,,,,,,,,,,,,,,,,,,,,,4,0.85,5.319053570991382,7987200,259.37,2.0275617407890083,90.94478049893793,0,,,,,,,,,,,,,
,,,,,,,,,,,,,,,,,,,,,,,,,,,,,,,,,,,,4,0.37,3.5283884727954864,7987200,340.1,3.1727293657806146,131.41092039857267,1,,,,,,,,,,,,,
,,,,,,,,,,,,,,,,,,,,,,,,,,,,,,,,,,,,4,,,7987200,,,,,0.48,0,217.8,0,0.85,0.37,6.0,0,0,0.85,0.85,0,0.0
6,6,5.2152204513549805,4,3,440,6,858,11,0.011,1.2906620713571708,1,11683840,1297,3e-05,15,262.94,7987200,,,,,,,,,,,,,,,,,,,,,,,,,,,,,,,,,,,,,,,
6,0,5.314332962036133,,41,,0,858,,,1.2906620713571708,2,11688960,247,,,257.45,,0.0582275390625,0.6246415376663208,18234,3e-05,0.08,-0.0005874409835087135,-0.4384220498614013,0.20674800872802734,0.00083701,0.9572126736369683,,,,,,,,,,,,,,,,,,,,,,,,,,,,,
6,0,5.514890193939209,,80,,0,858,,,1.2906620713571708,3,11694080,190,,,246.43,,0.044970703125,0.3148375153541565,18242,3e-05,0.08,-0.0003736467333510518,-0.4349422288127244,0.25682616233825684,0.00075769005,0.8977265731227817,,,,,,,,,,,,,,,,,,,,,,,,,,,,,
6,0,5.311671733856201,,122,,0,858,,,1.2906620713571708,4,11699200,167,,,253.88,,0.0606689453125,0.023852501064538956,18250,3e-05,0.08,-0.0002808978839311749,-0.46260858615860345,0.3991547226905823,0.00097906,0.7599390684714308,,,,,,,,,,,,,,,,,,,,,,,,,,,,,
6,6,5.3628668785095215,,157,,6,864,,,1.3230641931295395,5,11704320,162,,,251.7,,0.07392578125,0.016425805166363716,18258,3e-05,0.08,0.00029835732275387274,-0.4432698796503246,0.3526500463485718,0.0013344155,0.7127331492316443,,,,,,,,,,,,,,,,,,,,,,,,,,,,,
6,6,,,,,,864,,,1.3230641931295395,,,,,,,,0.0670166015625,0.046674828976392746,18266,3e-05,0.08,4.609278112184256e-05,-0.4687572832219303,0.4067990779876709,0.0010163499,0.8673821224132553,23.25,292,0.006337175384899794,0.001524349920217932,0.6331800222396851,1925,0.44292534722222215,0.15168831168831168,,,,,,,,,,,,,,,,,,,,,
,,,,,,,,,,,,,,,,,,,,,,,,,,,,,,,,,,,,4,0.82,5.110919612497091,8012800,266.17,2.2371521917259987,94.96515729466256,0,,,,,,,,,,,,,
,,,,,,,,,,,,,,,,,,,,,,,,,,,,,,,,,,,,4,0.34,3.2170609222352504,8012800,350.87,3.054811115482135,125.11232193513156,1,,,,,,,,,,,,,
,,,,,,,,,,,,,,,,,,,,,,,,,,,,,,,,,,,,4,,,8012800,,,,,0.4799999999999999,0,217.8,0,0.82,0.34,6.0,0,0,0.82,0.82,0,0.0
6,0,5.260889053344727,4,3,440,0,864,11,0.011,1.3230641931295395,1,11709440,1301,3e-05,15,254.55,8012800,,,,,,,,,,,,,,,,,,,,,,,,,,,,,,,,,,,,,,,
6,0,5.407246112823486,,41,,0,864,,,1.3230641931295395,2,11714560,244,,,249.5,,0.0659912109375,0.6732415556907654,18274,3e-05,0.08,-0.00013605572457890957,-0.4591102158650756,0.40090280771255493,0.0011390095,0.8361792677198536,,,,,,,,,,,,,,,,,,,,,,,,,,,,,
6,6,5.367367744445801,,81,,6,870,,,1.450337032477061,3,11719680,188,,,253.14,,0.05439453125,0.3372134268283844,18282,3e-05,0.08,-0.00035988265299238267,-0.44796297503635285,0.4052633047103882,0.00079815387,1.3010949416609947,,,,,,,,,,,,,,,,,,,,,,,,,,,,,
6,0,5.373119354248047,,123,,0,870,,,1.450337032477061,4,11724800,166,,,253.67,,0.0469970703125,0.005942361429333687,18290,3e-05,0.08,-0.0008758727897657081,-0.4601514898240566,0.5097310543060303,0.0007457287,0.5950910480634775,,,,,,,,,,,,,,,,,,,,,,,,,,,,,
6,0,5.2391886711120605,,156,,0,870,,,1.450337032477061,5,11729920,163,,,259.49,,0.0745361328125,0.3800174593925476,18298,3e-05,0.08,6.329956813715399e-05,-0.454240729380399,0.4429870843887329,0.0011844315,0.7104851638781838,,,,,,,,,,,,,,,,,,,,,,,,,,,,,
6,0,,,,,,870,,,1.450337032477061,,,,,,,,0.073828125,0.610588550567627,18306,3e-05,0.08,-0.00011479012027848512,-0.4624720768071711,0.44270217418670654,0.0010619697,0.8127584223402664,23.166666666666668,292,0.006332317197071215,0.001500927922321417,0.6324001550674438,1925,0.4420572916666667,0.15168831168831168,,,,,,,,,,,,,,,,,,,,,
,,,,,,,,,,,,,,,,,,,,,,,,,,,,,,,,,,,,4,0.87,4.892628955245018,8038400,273.63,2.0333521597615687,86.1311389684358,0,,,,,,,,,,,,,
,,,,,,,,,,,,,,,,,,,,,,,,,,,,,,,,,,,,4,0.52,4.305013473667205,8038400,310.0,2.915351688799391,126.67833279610211,1,,,,,,,,,,,,,
,,,,,,,,,,,,,,,,,,,,,,,,,,,,,,,,,,,,4,,,8038400,,,,,0.35,0,217.8,0,0.87,0.52,6.0,0,0,0.87,0.87,0,0.0
6,0,5.357241630554199,4,3,440,0,870,11,0.011,1.450337032477061,1,11735040,1326,3e-05,15,255.19,8038400,,,,,,,,,,,,,,,,,,,,,,,,,,,,,,,,,,,,,,,
6,6,5.159059524536133,,45,,6,876,,,1.4214153960347176,2,11740160,224,,,262.71,,0.0693359375,0.00027436017990112305,18314,3e-05,0.08,0.0006142961305158678,-0.4851234589703381,0.2497408390045166,0.0011382281,1.0130986120318994,,,,,,,,,,,,,,,,,,,,,,,,,,,,,
6,0,5.113657474517822,,80,,0,876,,,1.4214153960347176,3,11745280,191,,,262.17,,0.0794921875,0.5141441822052002,18322,3e-05,0.08,-0.00016306004545185715,-0.49778561042621733,0.24597281217575073,0.0011870149,0.7290266162657645,,,,,,,,,,,,,,,,,,,,,,,,,,,,,
6,0,5.003634452819824,,122,,0,876,,,1.4214153960347176,4,11750400,166,,,266.22,,0.0639892578125,0.06221699342131615,18330,3e-05,0.08,-0.0003629512269981205,-0.4906324307434261,0.3466547727584839,0.0007827388,0.7579832353047096,,,,,,,,,,,,,,,,,,,,,,,,,,,,,
6,0,5.057077884674072,,158,,0,876,,,1.4214153960347176,5,11755520,161,,,263.92,,0.0467529296875,0.7183688879013062,18338,3e-05,0.08,-0.00030407321319216864,-0.4762153038755059,0.3514181971549988,0.0007058753,0.8835735106549691,,,,,,,,,,,,,,,,,,,,,,,,,,,,,
6,0,,,,,,876,,,1.4214153960347176,,,,,,,,0.064697265625,0.4334837794303894,18346,3e-05,0.08,-0.00012941578461322933,-0.4945106741040945,0.4670678973197937,0.0009643901,0.8468332649325021,23.333333333333332,292,0.0062977947317219935,0.001466982054905708,0.632662832736969,1925,0.4432508680555555,0.15168831168831168,,,,,,,,,,,,,,,,,,,,,
,,,,,,,,,,,,,,,,,,,,,,,,,,,,,,,,,,,,4,0.86,4.8974930039048195,8064000,274.68,1.8532700479458637,82.8152015031057,0,,,,,,,,,,,,,
,,,,,,,,,,,,,,,,,,,,,,,,,,,,,,,,,,,,4,0.51,4.308517380952835,8064000,310.15,2.9762563292031885,129.19817142668856,1,,,,,,,,,,,,,
,,,,,,,,,,,,,,,,,,,,,,,,,,,,,,,,,,,,4,,,8064000,,,,,0.35,0,217.8,0,0.86,0.51,6.0,0,0,0.86,0.86,0,0.0
6,6,4.971487045288086,4,4,440,6,882,11,0.011,1.346082367002964,1,11760640,1254,3e-05,15,266.48,8064000,,,,,,,,,,,,,,,,,,,,,,,,,,,,,,,,,,,,,,,
6,0,4.868224620819092,,48,,0,882,,,1.346082367002964,2,11765760,211,,,269.41,,0.0649169921875,0.7264007329940796,18354,3e-05,0.08,0.0003256771160522476,-0.4743723576888442,0.4823611378669739,0.0009009285,0.8690073342586402,,,,,,,,,,,,,,,,,,,,,,,,,,,,,
6,0,4.745456695556641,,89,,0,882,,,1.346082367002964,3,11770880,171,,,276.08,,0.0697265625,0.06714270263910294,18362,3e-05,0.08,0.0002810671081533656,-0.4792854722589254,0.5001232624053955,0.001116308,0.7749783692648634,,,,,,,,,,,,,,,,,,,,,,,,,,,,,
6,0,4.837835311889648,,125,,0,882,,,1.346082367002964,4,11776000,163,,,272.48,,0.086376953125,0.13405841588974,18370,3e-05,0.08,0.0007431406862451695,-0.49098567590117453,0.6428526639938354,0.0009744858,0.8208101836731657,,,,,,,,,,,,,,,,,,,,,,,,,,,,,
6,6,4.943283557891846,,161,,6,888,,,1.2725577652454376,5,11781120,158,,,268.86,,0.0664306640625,0.13268937170505524,18378,3e-05,0.08,-0.0005637896494590678,-0.4928264361806214,0.5346017479896545,0.0014664384,1.2077623713586945,,,,,,,,,,,,,,,,,,,,,,,,,,,,,
6,6,,,,,,888,,,1.2725577652454376,,,,,,,,0.0769775390625,0.4601157009601593,18386,3e-05,0.08,-6.348749448079616e-05,-0.5126292522065341,0.5456370711326599,0.001355353,0.9648306927905651,23.0,292,0.0063195262874739125,0.0014887004065927381,0.6316635608673096,1925,0.44140625,0.15168831168831168,,,,,,,,,,,,,,,,,,,,,
,,,,,,,,,,,,,,,,,,,,,,,,,,,,,,,,,,,,4,0.91,5.214802316427231,8089600,258.19,2.0038273483772104,81.51560525445419,0,,,,,,,,,,,,,
,,,,,,,,,,,,,,,,,,,,,,,,,,,,,,,,,,,,4,0.53,4.239815627112985,8089600,306.83,3.1014583128517343,126.91580319251027,1,,,,,,,,,,,,,
,,,,,,,,,,,,,,,,,,,,,,,,,,,,,,,,,,,,4,,,8089600,,,,,0.38,0,217.8,0,0.91,0.53,6.0,0,0,0.91,0.91,0,0.0
6,0,4.77938985824585,4,3,440,0,888,11,0.011,1.2725577652454376,1,11786240,1284,3e-05,15,274.64,8089600,,,,,,,,,,,,,,,,,,,,,,,,,,,,,,,,,,,,,,,
6,0,4.710745811462402,,38,,0,888,,,1.2725577652454376,2,11791360,263,,,277.35,,0.0552978515625,0.49067792296409607,18394,3e-05,0.08,3.0007211898919194e-05,-0.5068194134160876,0.5489425659179688,0.00081031595,0.971794149687048,,,,,,,,,,,,,,,,,,,,,,,,,,,,,
6,0,4.845086574554443,,80,,0,888,,,1.2725577652454376,3,11796480,190,,,272.6,,0.0766357421875,0.10989177972078323,18402,3e-05,0.08,-2.8837236459366978e-05,-0.5085340587422251,0.4233822226524353,0.0008778794,0.8101209223328624,,,,,,,,,,,,,,,,,,,,,,,,,,,,,
6,6,4.684903144836426,,120,,6,894,,,1.266114308188359,4,11801600,170,,,277.88,,0.08974609375,0.30354321002960205,18410,3e-05,0.08,0.0005490582931088284,-0.487487403023988,0.532960057258606,0.0012778413,0.9608029694238212,,,,,,,,,,,,,,,,,,,,,,,,,,,,,
6,0,4.730831623077393,,161,,0,894,,,1.266114308188359,5,11806720,158,,,275.11,,0.05791015625,0.006705600768327713,18418,3e-05,0.08,-0.0001959566376172006,-0.530481435637921,0.6707919836044312,0.00084245845,1.0228833058208693,,,,,,,,,,,,,,,,,,,,,,,,,,,,,
6,0,,,,,,894,,,1.266114308188359,,,,,,,,0.0577392578125,0.007305078208446503,18426,3e-05,0.08,0.00011501602712087333,-0.4917493682354689,0.4680711030960083,0.0008775966,0.9909265015565325,22.916666666666668,292,0.006317263568797242,0.0014819730673548707,0.6316579580307007,1925,0.4410807291666667,0.15168831168831168,,,,,,,,,,,,,,,,,,,,,
,,,,,,,,,,,,,,,,,,,,,,,,,,,,,,,,,,,,4,0.85,4.837525898218155,8115200,276.11,2.1340958550618936,90.96184859599107,0,,,,,,,,,,,,,
,,,,,,,,,,,,,,,,,,,,,,,,,,,,,,,,,,,,4,0.41,3.521019298583269,8115200,334.55,3.2399953108195385,127.92211497626201,1,,,,,,,,,,,,,
,,,,,,,,,,,,,,,,,,,,,,,,,,,,,,,,,,,,4,,,8115200,,,,,0.44,0,217.8,0,0.85,0.41,6.0,0,0,0.85,0.85,0,0.0
6,0,4.842987060546875,4,5,440,0,894,11,0.011,1.266114308188359,1,11811840,861,3e-05,15,270.03,8115200,,,,,,,,,,,,,,,,,,,,,,,,,,,,,,,,,,,,,,,
6,0,4.7942914962768555,,63,,0,894,,,1.266114308188359,2,11816960,162,,,271.38,,0.0679931640625,0.8245264887809753,18434,3e-05,0.08,-0.00043255719501757996,-0.4936279791407287,0.46095722913742065,0.00090488326,1.345922377455281,,,,,,,,,,,,,,,,,,,,,,,,,,,,,
6,6,4.8161301612854,,120,,6,900,,,1.1930537298321724,3,11822080,126,,,270.03,,0.078662109375,0.3505438566207886,18442,3e-05,0.08,0.0011479939930723049,-0.49310436360538007,0.3980536460876465,0.0010196501,1.328215788039961,,,,,,,,,,,,,,,,,,,,,,,,,,,,,
6,0,4.8888468742370605,,174,,0,900,,,1.1930537298321724,4,11827200,117,,,267.36,,0.061962890625,1.9760475158691406,18450,3e-05,0.08,3.558204043656588e-05,-0.5087120030075312,0.43291932344436646,0.0007529828,1.3374032961088234,,,,,,,,,,,,,,,,,,,,,,,,,,,,,
6,0,4.842036724090576,,229,,0,900,,,1.1930537298321724,5,11832320,111,,,272.02,,0.0740966796875,0.15136182308197021,18458,3e-05,0.08,0.000129602340166457,-0.49758726535364983,0.22063589096069336,0.0013611336,1.4482465387671255,,,,,,,,,,,,,,,,,,,,,,,,,,,,,
6,0,,,,,,900,,,1.1930537298321724,,,,,,,,0.081982421875,0.46478235721588135,18466,3e-05,0.08,-0.0002926007640780881,-0.47772091133520006,-0.005542874336242676,0.0015339776,1.265958486206364,23.166666666666668,292,0.00628999222655315,0.0015042721887877162,0.6317836046218872,1925,0.44259982638888884,0.15168831168831168,,,,,,,,,,,,,,,,,,,,,
,,,,,,,,,,,,,,,,,,,,,,,,,,,,,,,,,,,,4,0.86,4.75102310217917,8140800,277.3,2.210988265932224,89.1857051326052,0,,,,,,,,,,,,,
,,,,,,,,,,,,,,,,,,,,,,,,,,,,,,,,,,,,4,0.49,4.027546607553959,8140800,314.63,3.4119238718406164,128.8019141938504,1,,,,,,,,,,,,,
,,,,,,,,,,,,,,,,,,,,,,,,,,,,,,,,,,,,4,,,8140800,,,,,0.37,0,217.8,0,0.86,0.49,6.0,0,0,0.86,0.86,0,0.0
6,0,4.875643253326416,4,4,440,0,900,11,0.011,1.1930537298321724,1,11837440,1178,3e-05,15,270.96,8140800,,,,,,,,,,,,,,,,,,,,,,,,,,,,,,,,,,,,,,,
6,6,4.99336051940918,,48,,6,906,,,1.212920820961396,2,11842560,209,,,268.02,,0.0809814453125,0.5875322818756104,18474,3e-05,0.08,-1.3383684563450516e-05,-0.4934996569529176,-0.006816267967224121,0.00146483,1.2728683535009622,,,,,,,,,,,,,,,,,,,,,,,,,,,,,
6,0,4.888686180114746,,88,,0,906,,,1.212920820961396,3,11847680,173,,,274.5,,0.0625,1.0737590789794922,18482,3e-05,0.08,0.0002381298807449639,-0.46870388872921465,-0.013728141784667969,0.0010809002,1.038346335774986,,,,,,,,,,,,,,,,,,,,,,,,,,,,,
6,0,5.096588611602783,,129,,0,906,,,1.212920820961396,4,11852800,158,,,267.54,,0.0628662109375,0.7152692079544067,18490,3e-05,0.08,1.294547546422109e-05,-0.48237321535125377,0.20953047275543213,0.0010045584,1.0376667216740316,,,,,,,,,,,,,,,,,,,,,,,,,,,,,
6,0,5.016389846801758,,163,,0,906,,,1.212920820961396,5,11857920,156,,,269.49,,0.07490234375,0.10855618119239807,18498,3e-05,0.08,0.00018509400251787156,-0.48175081219524146,0.34536951780319214,0.0012383342,0.7956907897023484,,,,,,,,,,,,,,,,,,,,,,,,,,,,,
6,0,,,,,,906,,,1.212920820961396,,,,,,,,0.061865234375,0.1737687736749649,18506,3e-05,0.08,-0.0001395108105498366,-0.48238260531798005,0.35395610332489014,0.00071361347,0.7670152904407587,23.0,292,0.006268365783329551,0.001459634019419514,0.6315513253211975,1925,0.44140625,0.15168831168831168,,,,,,,,,,,,,,,,,,,,,
,,,,,,,,,,,,,,,,,,,,,,,,,,,,,,,,,,,,4,0.85,4.713011552765965,8166400,278.81,2.223110899578855,91.58173344068128,0,,,,,,,,,,,,,
,,,,,,,,,,,,,,,,,,,,,,,,,,,,,,,,,,,,4,0.46,3.9664892496168616,8166400,323.15,3.0207689193219847,128.1320705366147,1,,,,,,,,,,,,,
,,,,,,,,,,,,,,,,,,,,,,,,,,,,,,,,,,,,4,,,8166400,,,,,0.38999999999999996,0,217.8,0,0.85,0.46,6.0,0,0,0.85,0.85,0,0.0
6,6,4.9103899002075195,4,4,440,6,912,11,0.011,1.2246805417040985,1,11863040,1231,3e-05,15,273.67,8166400,,,,,,,,,,,,,,,,,,,,,,,,,,,,,,,,,,,,,,,
6,0,4.669500827789307,,39,,0,912,,,1.2246805417040985,2,11868160,260,,,281.02,,0.069482421875,0.38356783986091614,18514,3e-05,0.08,-0.0006591994053451345,-0.5064853595569729,0.4362605810165405,0.0010108522,0.7710644165461418,,,,,,,,,,,,,,,,,,,,,,,,,,,,,
6,0,4.7874016761779785,,79,,0,912,,,1.2246805417040985,3,11873280,193,,,274.84,,0.0629150390625,0.12166256457567215,18522,3e-05,0.08,-0.0005197050195420161,-0.4821629343554378,0.3322540521621704,0.0013106031,1.0230390129901934,,,,,,,,,,,,,,,,,,,,,,,,,,,,,
6,0,4.642788887023926,,116,,0,912,,,1.2246805417040985,4,11878400,175,,,280.63,,0.0706787109375,0.09091082215309143,18530,3e-05,0.08,-7.0438109105452895e-06,-0.4652028990909457,0.34530431032180786,0.0011706951,1.2533753286930733,,,,,,,,,,,,,,,,,,,,,,,,,,,,,
6,6,4.6399030685424805,,154,,6,918,,,1.2189576663076878,5,11883520,165,,,280.78,,0.068115234375,0.27538231015205383,18538,3e-05,0.08,0.0003465864545432851,-0.49068892914801837,0.44288021326065063,0.0010928101,1.103215662302682,,,,,,,,,,,,,,,,,,,,,,,,,,,,,
6,6,,,,,,918,,,1.2189576663076878,,,,,,,,0.06650390625,0.3236323595046997,18546,3e-05,0.08,0.0001661770700593479,-0.48412736793980005,0.378762423992157,0.0010370373,1.3127600960899144,23.083333333333332,292,0.0062539540246890155,0.0014409679790579888,0.6309380531311035,1925,0.4422743055555555,0.15168831168831168,,,,,,,,,,,,,,,,,,,,,
,,,,,,,,,,,,,,,,,,,,,,,,,,,,,,,,,,,,4,0.91,5.042954117059708,8192000,264.57,1.8507443350849018,76.75366505907064,0,,,,,,,,,,,,,
,,,,,,,,,,,,,,,,,,,,,,,,,,,,,,,,,,,,4,0.58,4.309591915309429,8192000,296.13,3.284892489963101,124.83242006786539,1,,,,,,,,,,,,,
,,,,,,,,,,,,,,,,,,,,,,,,,,,,,,,,,,,,4,,,8192000,,,,,0.33000000000000007,0,217.8,0,0.91,0.58,6.0,0,0,0.91,0.91,0,0.0
6,0,4.758296012878418,4,4,440,0,918,11,0.011,1.2189576663076878,1,11888640,1173,3e-05,15,278.49,8192000,,,,,,,,,,,,,,,,,,,,,,,,,,,,,,,,,,,,,,,
6,0,4.746740818023682,,43,,0,918,,,1.2189576663076878,2,11893760,235,,,283.15,,0.0869873046875,0.35181766748428345,18554,3e-05,0.08,0.0003588619598303922,-0.5012167372740806,0.28731465339660645,0.0015090816,1.3339276889455505,,,,,,,,,,,,,,,,,,,,,,,,,,,,,
6,0,4.602080345153809,,78,,0,918,,,1.2189576663076878,3,11898880,196,,,291.59,,0.072607421875,0.20388861000537872,18562,3e-05,0.08,-0.00024799636448733506,-0.49364059772342445,0.39819687604904175,0.0009768151,0.9355448038695613,,,,,,,,,,,,,,,,,,,,,,,,,,,,,
6,6,4.473466396331787,,113,,6,924,,,1.2441055725018184,4,11904000,180,,,293.84,,0.0650390625,0.3673284947872162,18570,3e-05,0.08,-0.00047318784054368735,-0.4943719808012247,0.4386351704597473,0.00084075594,1.1262206304789288,,,,,,,,,,,,,,,,,,,,,,,,,,,,,
6,0,4.335663318634033,,148,,0,924,,,1.2441055725018184,5,11909120,172,,,301.59,,0.078564453125,0.08085614442825317,18578,3e-05,0.08,0.0004668708541430533,-0.5081536899320781,0.4410722851753235,0.0010888828,1.2169335213300656,,,,,,,,,,,,,,,,,,,,,,,,,,,,,
6,0,,,,,,924,,,1.2441055725018184,,,,,,,,0.0762939453125,0.551754355430603,18586,3e-05,0.08,0.00020663976902142168,-0.49640924781560897,0.5732063055038452,0.0010849198,0.9689195215003565,22.916666666666668,292,0.006242726059087319,0.0014304800287741994,0.6307124495506287,1925,0.44064670138888884,0.15168831168831168,,,,,,,,,,,,,,,,,,,,,
,,,,,,,,,,,,,,,,,,,,,,,,,,,,,,,,,,,,4,0.87,5.009736406579614,8217600,268.39,1.9659565238202805,84.52063594176276,0,,,,,,,,,,,,,
,,,,,,,,,,,,,,,,,,,,,,,,,,,,,,,,,,,,4,0.49,3.9514459159970285,8217600,315.94,3.274824149950048,128.3246523470841,1,,,,,,,,,,,,,
,,,,,,,,,,,,,,,,,,,,,,,,,,,,,,,,,,,,4,,,8217600,,,,,0.38,0,217.8,0,0.87,0.49,6.0,0,0,0.87,0.87,0,0.0
6,0,4.553616523742676,4,4,440,0,924,11,0.011,1.2441055725018184,1,11914240,1260,3e-05,15,290.01,8217600,,,,,,,,,,,,,,,,,,,,,,,,,,,,,,,,,,,,,,,
6,0,4.510610580444336,,45,,0,924,,,1.2441055725018184,2,11919360,227,,,290.17,,0.0550537109375,0.43820446729660034,18594,3e-05,0.08,-1.2068847718182952e-05,-0.49159108148887753,0.44907671213150024,0.00074310997,1.4533780149067752,,,,,,,,,,,,,,,,,,,,,,,,,,,,,
6,6,4.683572292327881,,90,,6,930,,,1.1436774010459583,3,11924480,169,,,278.48,,0.074072265625,1.424536108970642,18602,3e-05,0.08,5.273355054669082e-05,-0.4960536797530949,0.2038060426712036,0.0008288225,1.5338147463160567,,,,,,,,,,,,,,,,,,,,,,,,,,,,,
6,0,4.736807346343994,,127,,0,930,,,1.1436774010459583,4,11929600,161,,,276.43,,0.075341796875,0.2917284369468689,18610,3e-05,0.08,0.0003568575411918573,-0.509946175199002,0.2086687684059143,0.0022565403,1.4361724993912504,,,,,,,,,,,,,,,,,,,,,,,,,,,,,
6,0,4.83413553237915,,168,,0,930,,,1.1436774010459583,5,11934720,152,,,270.77,,0.130126953125,0.10759852826595306,18618,3e-05,0.08,0.0016265588477835991,-0.536196768656373,0.15605807304382324,0.0016318762,1.294503503444139,,,,,,,,,,,,,,,,,,,,,,,,,,,,,
6,0,,,,,,930,,,1.1436774010459583,,,,,,,,0.1037841796875,0.8890804648399353,18626,3e-05,0.08,0.0007584377162856981,-0.49999377466738226,0.058426737785339355,0.0012744875,1.1327032370347296,23.0,292,0.0062022293988693205,0.0014108374970244785,0.6306107640266418,1925,0.44097222222222215,0.15168831168831168,,,,,,,,,,,,,,,,,,,,,
,,,,,,,,,,,,,,,,,,,,,,,,,,,,,,,,,,,,4,0.87,5.106732705309987,8243200,264.31,2.141953737978354,89.76365578562407,0,,,,,,,,,,,,,
,,,,,,,,,,,,,,,,,,,,,,,,,,,,,,,,,,,,4,0.47,3.841609536111355,8243200,321.88,3.2098221843247003,127.15937086978687,1,,,,,,,,,,,,,
,,,,,,,,,,,,,,,,,,,,,,,,,,,,,,,,,,,,4,,,8243200,,,,,0.4,0,217.8,0,0.87,0.47,6.0,0,0,0.87,0.87,0,0.0
6,6,4.865841388702393,4,4,440,6,936,11,0.011,1.2072852154572804,1,11939840,1125,3e-05,15,269.46,8243200,,,,,,,,,,,,,,,,,,,,,,,,,,,,,,,,,,,,,,,
6,0,4.876739025115967,,53,,0,936,,,1.2072852154572804,2,11944960,189,,,268.97,,0.081884765625,0.17539237439632416,18634,3e-05,0.08,-0.0007705850846832618,-0.49362060204148295,0.23092126846313477,0.0012731064,0.937965627014637,,,,,,,,,,,,,,,,,,,,,,,,,,,,,
6,0,4.950778007507324,,99,,0,936,,,1.2072852154572804,3,11950080,154,,,268.77,,0.065185546875,0.03426298499107361,18642,3e-05,0.08,-0.00010383098560851067,-0.49452655799686907,0.24053829908370972,0.00084309577,0.6976900483074132,,,,,,,,,,,,,,,,,,,,,,,,,,,,,
6,0,5.05680513381958,,149,,0,936,,,1.2072852154572804,4,11955200,137,,,265.61,,0.0861328125,0.7897466421127319,18650,3e-05,0.08,-0.00037002619355916975,-0.49109813598915936,0.312191367149353,0.001689878,0.9699642570805735,,,,,,,,,,,,,,,,,,,,,,,,,,,,,
6,6,5.02463436126709,,193,,6,942,,,1.3145659963289897,5,11960320,132,,,268.02,,0.0712890625,0.4234413802623749,18658,3e-05,0.08,0.00020502802508417516,-0.47323558991774917,0.34434884786605835,0.00064989045,0.6983597818179987,,,,,,,,,,,,,,,,,,,,,,,,,,,,,
6,6,,,,,,942,,,1.3145659963289897,,,,,,,,0.067431640625,0.1797955483198166,18666,3e-05,0.08,0.00013749435602221637,-0.4774825250729918,0.3083682060241699,0.0005993894,1.0179507637687493,22.75,292,0.006235872457629639,0.0014199299687415062,0.630037784576416,1925,0.439453125,0.15168831168831168,,,,,,,,,,,,,,,,,,,,,
,,,,,,,,,,,,,,,,,,,,,,,,,,,,,,,,,,,,4,0.9,4.876694713979959,8268800,270.91,2.1326980013678467,85.4197980564225,0,,,,,,,,,,,,,
,,,,,,,,,,,,,,,,,,,,,,,,,,,,,,,,,,,,4,0.36,3.373067072108388,8268800,348.84,2.953526257686539,123.47888240504932,1,,,,,,,,,,,,,
,,,,,,,,,,,,,,,,,,,,,,,,,,,,,,,,,,,,4,,,8268800,,,,,0.54,0,217.8,0,0.9,0.36,6.0,0,0,0.9,0.9,0,0.0
6,0,4.880816459655762,4,3,440,0,942,11,0.011,1.3145659963289897,1,11965440,1320,3e-05,15,274.28,8268800,,,,,,,,,,,,,,,,,,,,,,,,,,,,,,,,,,,,,,,
6,0,5.02494478225708,,42,,0,942,,,1.3145659963289897,2,11970560,242,,,269.1,,0.0720458984375,0.16095775365829468,18674,3e-05,0.08,-0.00024614957510493696,-0.5006405249238014,0.35614579916000366,0.0015522732,1.0475914772134274,,,,,,,,,,,,,,,,,,,,,,,,,,,,,
6,0,4.890556812286377,,91,,0,942,,,1.3145659963289897,3,11975680,167,,,273.96,,0.06865234375,0.5460643768310547,18682,3e-05,0.08,9.743997943587602e-05,-0.4774828664027154,0.3393602967262268,0.000754628,0.7385136174329091,,,,,,,,,,,,,,,,,,,,,,,,,,,,,
6,6,5.050939559936523,,142,,6,948,,,1.351747694114844,4,11980800,143,,,265.82,,0.0586181640625,0.8658172488212585,18690,3e-05,0.08,-0.0008157544725690968,-0.5025101862847805,0.3654555082321167,0.001183402,0.7482861776428763,,,,,,,,,,,,,,,,,,,,,,,,,,,,,
6,0,5.199751377105713,,196,,0,948,,,1.351747694114844,5,11985920,130,,,259.36,,0.0858642578125,0.004350883886218071,18698,3e-05,0.08,0.00022993492166278884,-0.47760007278993727,0.33700621128082275,0.0012377985,1.206549492466729,,,,,,,,,,,,,,,,,,,,,,,,,,,,,
6,0,,,,,,948,,,1.351747694114844,,,,,,,,0.0888671875,0.3775131404399872,18706,3e-05,0.08,0.0001330846396740526,-0.4940341582521796,0.23159873485565186,0.0012042361,0.6354061105055735,22.666666666666668,294,0.006256212910570483,0.0014285559745213718,0.6279218196868896,1925,0.4391276041666667,0.15272727272727274,,,,,,,,,,,,,,,,,,,,,
,,,,,,,,,,,,,,,,,,,,,,,,,,,,,,,,,,,,4,0.87,4.883279176782817,8294400,270.32,2.2810815166635456,88.99155915029245,0,,,,,,,,,,,,,
,,,,,,,,,,,,,,,,,,,,,,,,,,,,,,,,,,,,4,0.53,4.262420788779854,8294400,308.88,2.9665441580698952,125.5151210014156,1,,,,,,,,,,,,,
,,,,,,,,,,,,,,,,,,,,,,,,,,,,,,,,,,,,4,,,8294400,,,,,0.33999999999999997,0,217.8,0,0.87,0.53,6.0,0,0,0.87,0.87,0,0.0
6,0,5.419708251953125,4,4,440,0,948,11,0.011,1.351747694114844,1,11991040,1074,3e-05,15,250.48,8294400,,,,,,,,,,,,,,,,,,,,,,,,,,,,,,,,,,,,,,,
6,0,5.280068397521973,,51,,0,948,,,1.351747694114844,2,11996160,197,,,254.91,,0.0778076171875,0.10968475043773651,18714,3e-05,0.08,-0.00011717621964635327,-0.5007815475575625,0.410915732383728,0.0011286133,0.8388652589434059,,,,,,,,,,,,,,,,,,,,,,,,,,,,,
6,6,5.302486419677734,,98,,6,954,,,1.3503758956988652,3,12001280,156,,,254.37,,0.06630859375,0.022633882239460945,18722,3e-05,0.08,-0.00013626550353365018,-0.49280175464227793,0.3396795392036438,0.0012948813,0.7257747981697321,,,,,,,,,,,,,,,,,,,,,,,,,,,,,
6,0,5.1643218994140625,,142,,0,954,,,1.3503758956988652,4,12006400,143,,,261.73,,0.06650390625,1.1972858905792236,18730,3e-05,0.08,-3.694629413075745e-06,-0.45037253489717843,0.20457041263580322,0.0012513169,1.1755336818634532,,,,,,,,,,,,,,,,,,,,,,,,,,,,,
6,0,5.09910774230957,,179,,0,954,,,1.3503758956988652,5,12011520,142,,,264.42,,0.0614990234375,0.5123739242553711,18738,3e-05,0.08,-0.0006249408746953122,-0.4625599725171924,0.3672253489494324,0.001263386,0.7098989302292467,,,,,,,,,,,,,,,,,,,,,,,,,,,,,
6,0,,,,,,954,,,1.3503758956988652,,,,,,,,0.061767578125,0.5518574714660645,18746,3e-05,0.08,1.6920003690756858e-05,-0.4722923829220235,0.48604851961135864,0.00081772974,0.9864373311807867,22.75,293,0.006237982069991092,0.0014114547208862289,0.6273333430290222,1925,0.43999565972222215,0.1522077922077922,,,,,,,,,,,,,,,,,,,,,
,,,,,,,,,,,,,,,,,,,,,,,,,,,,,,,,,,,,4,0.91,4.998194930255413,8320000,265.02,2.1113668330845297,82.0114601747829,0,,,,,,,,,,,,,
,,,,,,,,,,,,,,,,,,,,,,,,,,,,,,,,,,,,4,0.47,3.8511622002720833,8320000,322.23,3.320310706424851,127.83136195785445,1,,,,,,,,,,,,,
,,,,,,,,,,,,,,,,,,,,,,,,,,,,,,,,,,,,4,,,8320000,,,,,0.44000000000000006,0,217.8,0,0.91,0.47,6.0,0,0,0.91,0.91,0,0.0
6,0,4.827093601226807,4,5,440,0,954,11,0.011,1.3503758956988652,1,12016640,936,3e-05,15,276.43,8320000,,,,,,,,,,,,,,,,,,,,,,,,,,,,,,,,,,,,,,,
6,6,4.965740203857422,,50,,6,960,,,1.3273777328431606,2,12021760,202,,,272.62,,0.069873046875,1.35756516456604,18754,3e-05,0.08,-0.0004580505381454714,-0.48289425084367393,0.4263303279876709,0.0009592574,1.190939939400414,,,,,,,,,,,,,,,,,,,,,,,,,,,,,
6,0,5.09583854675293,,91,,0,960,,,1.3273777328431606,3,12026880,167,,,267.29,,0.0952392578125,0.09403327107429504,18762,3e-05,0.08,0.0013954231777461245,-0.4852747264318168,0.26334148645401,0.00237174,1.2793933022127022,,,,,,,,,,,,,,,,,,,,,,,,,,,,,
6,0,5.046772480010986,,129,,0,960,,,1.3273777328431606,4,12032000,158,,,268.94,,0.0906982421875,0.35338127613067627,18770,3e-05,0.08,0.0004070578157552518,-0.4772847664542496,0.3825756907463074,0.0013838762,0.646951071236981,,,,,,,,,,,,,,,,,,,,,,,,,,,,,
6,0,5.066493511199951,,169,,0,960,,,1.3273777328431606,5,12037120,151,,,270.4,,0.0885009765625,0.020989779382944107,18778,3e-05,0.08,0.00036415779759408907,-0.47333094188943503,0.5182809829711914,0.0018003747,0.9598308636559523,,,,,,,,,,,,,,,,,,,,,,,,,,,,,
6,0,,,,,,960,,,1.3273777328431606,,,,,,,,0.0708740234375,0.06331395357847214,18786,3e-05,0.08,0.0005056773865362629,-0.47663292549550534,0.5426040887832642,0.0014019413,0.9542322397639509,22.75,293,0.006295345632852337,0.0014664481651092945,0.627314031124115,1925,0.43999565972222215,0.1522077922077922,,,,,,,,,,,,,,,,,,,,,
,,,,,,,,,,,,,,,,,,,,,,,,,,,,,,,,,,,,4,0.85,4.937204073369503,8345600,272.93,2.085865039448862,90.24835233953029,0,,,,,,,,,,,,,
,,,,,,,,,,,,,,,,,,,,,,,,,,,,,,,,,,,,4,0.46,3.85550195382908,8345600,323.02,3.1526742425681236,128.1854890383463,1,,,,,,,,,,,,,
,,,,,,,,,,,,,,,,,,,,,,,,,,,,,,,,,,,,4,,,8345600,,,,,0.38999999999999996,0,217.8,0,0.85,0.46,6.0,0,0,0.85,0.85,0,0.0
6,6,5.016570091247559,4,4,440,6,966,11,0.011,1.36061296860377,1,12042240,1206,3e-05,15,271.45,8345600,,,,,,,,,,,,,,,,,,,,,,,,,,,,,,,,,,,,,,,
6,0,4.957069396972656,,41,,0,966,,,1.36061296860377,2,12047360,243,,,272.94,,0.084326171875,0.8367354869842529,18794,3e-05,0.08,0.00022040114272385835,-0.47614212743937967,0.45475977659225464,0.0016383709,1.0888243140769192,,,,,,,,,,,,,,,,,,,,,,,,,,,,,
6,0,4.846506118774414,,85,,0,966,,,1.36061296860377,3,12052480,179,,,276.93,,0.0552978515625,0.11768567562103271,18802,3e-05,0.08,-0.0006712535046972335,-0.4672153048217297,0.4176095128059387,0.00061673735,1.2314078197348863,,,,,,,,,,,,,,,,,,,,,,,,,,,,,
6,0,5.021274089813232,,124,,0,966,,,1.36061296860377,4,12057600,165,,,270.29,,0.0626220703125,0.223597913980484,18810,3e-05,0.08,9.034019603859633e-06,-0.5023664481937885,0.2818570137023926,0.0009116359,1.086373366578482,,,,,,,,,,,,,,,,,,,,,,,,,,,,,
6,6,4.998176574707031,,165,,6,972,,,1.306408589084943,5,12062720,154,,,268.96,,0.07763671875,0.0654841810464859,18818,3e-05,0.08,0.0005811959665152245,-0.47584457583725454,-0.02514660358428955,0.001979045,1.3217223804909737,,,,,,,,,,,,,,,,,,,,,,,,,,,,,
6,6,,,,,,972,,,1.306408589084943,,,,,,,,0.0663330078125,0.08979947119951248,18826,3e-05,0.08,-0.0007953998661832884,-0.4482196454890072,0.08181726932525635,0.0009534781,0.8020994736318243,22.916666666666668,292,0.00626882367939871,0.0014561394274305447,0.6271327137947083,1925,0.44064670138888884,0.15168831168831168,,,,,,,,,,,,,,,,,,,,,
,,,,,,,,,,,,,,,,,,,,,,,,,,,,,,,,,,,,4,0.9,5.410562314391136,8371200,251.97,1.9665099429035258,82.59618090444617,0,,,,,,,,,,,,,
,,,,,,,,,,,,,,,,,,,,,,,,,,,,,,,,,,,,4,0.43,3.722552837990224,8371200,331.27,3.0402320803785114,126.96565322952503,1,,,,,,,,,,,,,
,,,,,,,,,,,,,,,,,,,,,,,,,,,,,,,,,,,,4,,,8371200,,,,,0.47000000000000003,0,217.8,0,0.9,0.43,6.0,0,0,0.9,0.9,0,0.0
6,0,5.1616315841674805,4,4,440,0,972,11,0.011,1.306408589084943,1,12067840,1110,3e-05,15,262.6,8371200,,,,,,,,,,,,,,,,,,,,,,,,,,,,,,,,,,,,,,,
6,0,5.109740734100342,,50,,0,972,,,1.306408589084943,2,12072960,202,,,264.03,,0.0799560546875,0.7539433836936951,18834,3e-05,0.08,5.1432079635560514e-05,-0.46089588655158875,0.1271820068359375,0.0011033583,0.8386472274942207,,,,,,,,,,,,,,,,,,,,,,,,,,,,,
6,0,5.181328773498535,,94,,0,972,,,1.306408589084943,3,12078080,161,,,261.55,,0.0680419921875,0.01967887580394745,18842,3e-05,0.08,-0.00033348914585076275,-0.4633569094818085,0.06157726049423218,0.0009409065,0.9622406893060542,,,,,,,,,,,,,,,,,,,,,,,,,,,,,
6,6,5.037902355194092,,143,,6,978,,,1.3120533997813861,4,12083200,142,,,266.49,,0.0811279296875,1.1992366313934326,18850,3e-05,0.08,-0.00012831846543122084,-0.4384188243187964,0.21108019351959229,0.0009949032,1.069371914147632,,,,,,,,,,,,,,,,,,,,,,,,,,,,,
6,0,4.893854141235352,,185,,0,978,,,1.3120533997813861,5,12088320,138,,,272.98,,0.0820068359375,0.9815390110015869,18858,3e-05,0.08,0.0005486798836500384,-0.44711768431589005,0.28302985429763794,0.0013275053,0.7281194232229609,,,,,,,,,,,,,,,,,,,,,,,,,,,,,
6,0,,,,,,978,,,1.3120533997813861,,,,,,,,0.0724365234375,0.10189308971166611,18866,3e-05,0.08,-0.00041907124395947906,-0.44829809656366704,0.36654597520828247,0.0009343397,0.8705698149744421,23.0,292,0.006262977437923336,0.0014315123250672847,0.6268743276596069,1925,0.44097222222222215,0.15168831168831168,,,,,,,,,,,,,,,,,,,,,
,,,,,,,,,,,,,,,,,,,,,,,,,,,,,,,,,,,,4,0.85,5.019067401885986,8396800,270.0,2.091161787762837,91.27770812197248,0,,,,,,,,,,,,,
,,,,,,,,,,,,,,,,,,,,,,,,,,,,,,,,,,,,4,0.48,4.038626603484154,8396800,317.08,3.147348306128979,129.08955651019951,1,,,,,,,,,,,,,
,,,,,,,,,,,,,,,,,,,,,,,,,,,,,,,,,,,,4,,,8396800,,,,,0.37,0,217.8,0,0.85,0.48,6.0,0,0,0.85,0.85,0,0.0
6,0,4.773043632507324,4,5,440,0,978,11,0.011,1.3120533997813861,1,12093440,937,3e-05,15,276.97,8396800,,,,,,,,,,,,,,,,,,,,,,,,,,,,,,,,,,,,,,,
6,0,4.851064682006836,,50,,0,978,,,1.3120533997813861,2,12098560,202,,,274.84,,0.0655029296875,0.7787726521492004,18874,3e-05,0.08,-0.00011135387903777882,-0.46108661834150555,0.36441856622695923,0.0013664223,0.9323399523971603,,,,,,,,,,,,,,,,,,,,,,,,,,,,,
6,6,4.78425931930542,,91,,6,984,,,1.2424485062559445,3,12103680,167,,,278.12,,0.0691650390625,0.3375466465950012,18882,3e-05,0.08,-0.000460463909257669,-0.4283295728266239,0.3027128577232361,0.0009681368,1.0902152871713042,,,,,,,,,,,,,,,,,,,,,,,,,,,,,
6,0,4.64143180847168,,128,,0,984,,,1.2424485062559445,4,12108800,159,,,285.12,,0.0663330078125,1.1236447095870972,18890,3e-05,0.08,0.0002351120609091595,-0.44673485876992347,0.3550798296928406,0.00091844855,1.155704259488266,,,,,,,,,,,,,,,,,,,,,,,,,,,,,
6,0,4.758800506591797,,172,,0,984,,,1.2424485062559445,5,12113920,148,,,280.42,,0.058349609375,0.055202461779117584,18898,3e-05,0.08,-0.0005694503139238805,-0.46617047395557165,0.45277512073516846,0.0006884119,1.1001627909834497,,,,,,,,,,,,,,,,,,,,,,,,,,,,,
6,0,,,,,,984,,,1.2424485062559445,,,,,,,,0.0654541015625,0.1049785166978836,18906,3e-05,0.08,-0.0007274459130712785,-0.437947784550488,0.5004209280014038,0.000817327,1.1358804246992804,22.916666666666668,293,0.006245488261477603,0.0014111681315769624,0.6267796158790588,1925,0.44118923611111116,0.1522077922077922,,,,,,,,,,,,,,,,,,,,,
,,,,,,,,,,,,,,,,,,,,,,,,,,,,,,,,,,,,4,0.93,5.526380774378777,8422400,247.22,1.9301725026125458,78.61432185041095,0,,,,,,,,,,,,,
,,,,,,,,,,,,,,,,,,,,,,,,,,,,,,,,,,,,4,0.49,4.248631280530244,8422400,313.14,3.0121191599099837,130.23210203325445,1,,,,,,,,,,,,,
,,,,,,,,,,,,,,,,,,,,,,,,,,,,,,,,,,,,4,,,8422400,,,,,0.44000000000000006,0,217.8,1,0.93,0.49,6.0,0,0,0.93,0.93,0,0.0
6,0,4.703355312347412,4,5,440,0,984,11,0.011,1.2424485062559445,1,12119040,974,3e-05,15,283.4,8422400,,,,,,,,,,,,,,,,,,,,,,,,,,,,,,,,,,,,,,,
6,6,4.751837253570557,,51,,6,990,,,1.2308139304320018,2,12124160,197,,,281.18,,0.0652099609375,0.08562672883272171,18914,3e-05,0.08,-0.00043883021135115996,-0.47860683212056754,0.5067628622055054,0.0010039506,1.2309908025490586,,,,,,,,,,,,,,,,,,,,,,,,,,,,,
6,0,5.033092021942139,,99,,0,990,,,1.2308139304320018,3,12129280,153,,,271.72,,0.06826171875,0.19495037198066711,18922,3e-05,0.08,-0.0002930734888650477,-0.4417472528293729,0.3654763698577881,0.0015006841,1.1855792682152242,,,,,,,,,,,,,,,,,,,,,,,,,,,,,
6,0,5.143181800842285,,148,,0,990,,,1.2308139304320018,4,12134400,137,,,265.9,,0.066552734375,0.14507991075515747,18930,3e-05,0.08,0.0004128037966438569,-0.4643744415137917,0.18634957075119019,0.0011713316,1.3712918524208362,,,,,,,,,,,,,,,,,,,,,,,,,,,,,
6,0,5.117382049560547,,193,,0,990,,,1.2308139304320018,5,12139520,132,,,266.65,,0.088671875,0.796191394329071,18938,3e-05,0.08,0.0010101893072715028,-0.46213248036801813,0.12600189447402954,0.0017406963,1.157585495209787,,,,,,,,,,,,,,,,,,,,,,,,,,,,,
6,0,,,,,,990,,,1.2308139304320018,,,,,,,,0.0771728515625,0.6923671960830688,18946,3e-05,0.08,0.0003298484662082046,-0.46562496600672604,0.17754769325256348,0.0009963617,1.0750668980472255,22.75,294,0.006232073500124167,0.0013988473021651286,0.6267786622047424,1925,0.4405381944444445,0.15272727272727274,,,,,,,,,,,,,,,,,,,,,
,,,,,,,,,,,,,,,,,,,,,,,,,,,,,,,,,,,,4,0.91,5.145731074362994,8448000,261.44,1.9170770447905119,79.27992431883371,0,,,,,,,,,,,,,
,,,,,,,,,,,,,,,,,,,,,,,,,,,,,,,,,,,,4,0.47,3.988159636296332,8448000,319.42,3.15256077352836,129.42443200570747,1,,,,,,,,,,,,,
,,,,,,,,,,,,,,,,,,,,,,,,,,,,,,,,,,,,4,,,8448000,,,,,0.44000000000000006,0,217.8,0,0.91,0.47,6.0,0,0,0.91,0.91,0,0.0
6,6,5.077871799468994,4,5,440,6,996,11,0.011,1.2993755390246708,1,12144640,988,3e-05,15,268.54,8448000,,,,,,,,,,,,,,,,,,,,,,,,,,,,,,,,,,,,,,,
6,0,5.229376316070557,,48,,0,996,,,1.2993755390246708,2,12149760,209,,,261.07,,0.063818359375,0.06398028135299683,18954,3e-05,0.08,-0.00013435573346214368,-0.4474137558601797,0.22660481929779053,0.0012354902,1.0236476169491653,,,,,,,,,,,,,,,,,,,,,,,,,,,,,
6,0,5.170536994934082,,96,,0,996,,,1.2993755390246708,3,12154880,158,,,261.86,,0.07041015625,0.4032978415489197,18962,3e-05,0.08,1.701592409517616e-05,-0.45762173291295766,0.259790301322937,0.0011569293,1.1159346233529504,,,,,,,,,,,,,,,,,,,,,,,,,,,,,
6,6,5.266657829284668,,146,,6,1002,,,1.3322589521606762,4,12160000,140,,,257.67,,0.067041015625,0.13451869785785675,18970,3e-05,0.08,0.00022660347749479116,-0.46532659884542227,0.26347315311431885,0.0008108096,0.8243593553430401,,,,,,,,,,,,,,,,,,,,,,,,,,,,,
6,0,5.213974475860596,,192,,0,1002,,,1.3322589521606762,5,12165120,133,,,260.28,,0.06064453125,0.40542829036712646,18978,3e-05,0.08,4.430430999491364e-06,-0.4758156121708453,0.29382574558258057,0.0006540574,0.8344612543907715,,,,,,,,,,,,,,,,,,,,,,,,,,,,,
6,0,,,,,,1002,,,1.3322589521606762,,,,,,,,0.0512451171875,0.44813740253448486,18986,3e-05,0.08,-0.00015157623565755784,-0.47361898571252825,0.29571568965911865,0.00067753246,0.8961458913428941,22.666666666666668,294,0.006256198186259909,0.0014083669012035162,0.6256945133209229,1925,0.43967013888888884,0.15272727272727274,,,,,,,,,,,,,,,,,,,,,
,,,,,,,,,,,,,,,,,,,,,,,,,,,,,,,,,,,,4,0.91,4.758691642422928,8473600,274.34,2.2134636880359864,86.57565708673542,0,,,,,,,,,,,,,
,,,,,,,,,,,,,,,,,,,,,,,,,,,,,,,,,,,,4,0.57,4.506432780772448,8473600,294.41,3.188386055631231,127.87682315415879,1,,,,,,,,,,,,,
,,,,,,,,,,,,,,,,,,,,,,,,,,,,,,,,,,,,4,,,8473600,,,,,0.3400000000000001,0,217.8,0,0.91,0.57,6.0,0,0,0.91,0.91,0,0.0
6,0,5.11640739440918,4,5,440,0,1002,11,0.011,1.3322589521606762,1,12170240,936,3e-05,15,261.65,8473600,,,,,,,,,,,,,,,,,,,,,,,,,,,,,,,,,,,,,,,
6,0,5.0323944091796875,,54,,0,1002,,,1.3322589521606762,2,12175360,189,,,267.16,,0.0734375,0.8204741477966309,18994,3e-05,0.08,0.00019273689104011283,-0.46408953741192815,0.3092973232269287,0.0011972159,0.8665650514594745,,,,,,,,,,,,,,,,,,,,,,,,,,,,,
6,6,5.093297958374023,,97,,6,1008,,,1.3897179886698723,3,12180480,157,,,265.3,,0.061376953125,0.509296715259552,19002,3e-05,0.08,-0.0006510789709864185,-0.4787872610613704,0.3683040142059326,0.0010043604,0.8356709527550266,,,,,,,,,,,,,,,,,,,,,,,,,,,,,
6,0,5.086650848388672,,134,,0,1008,,,1.3897179886698723,4,12185600,152,,,265.89,,0.0590576171875,0.2778770923614502,19010,3e-05,0.08,2.0689489610958843e-05,-0.46968993777409196,0.37987279891967773,0.0009121539,0.8489256701199338,,,,,,,,,,,,,,,,,,,,,,,,,,,,,
6,0,4.9658284187316895,,171,,0,1008,,,1.3897179886698723,5,12190720,149,,,269.21,,0.0597412109375,0.04821069538593292,19018,3e-05,0.08,-0.0006056684491341002,-0.4863837527111173,0.3629937171936035,0.0014097545,0.8132191781536676,,,,,,,,,,,,,,,,,,,,,,,,,,,,,
6,0,,,,,,1008,,,1.3897179886698723,,,,,,,,0.0789306640625,0.11159083992242813,19026,3e-05,0.08,0.0008317535204696469,-0.4410867907106876,0.5076139569282532,0.0018269441,0.6929604256991297,22.75,295,0.0062474044288786165,0.0013954935871065466,0.6244083046913147,1925,0.43999565972222215,0.15324675324675324,,,,,,,,,,,,,,,,,,,,,
,,,,,,,,,,,,,,,,,,,,,,,,,,,,,,,,,,,,4,0.8,4.658021644949913,8499200,285.14,2.3016627974391763,99.2861541203002,0,,,,,,,,,,,,,
,,,,,,,,,,,,,,,,,,,,,,,,,,,,,,,,,,,,4,0.63,5.092161705009639,8499200,277.31,2.8670899036494335,127.39974058058361,1,,,,,,,,,,,,,
,,,,,,,,,,,,,,,,,,,,,,,,,,,,,,,,,,,,4,,,8499200,,,,,0.17000000000000004,0,217.8,0,0.8,0.63,6.0,0,0,0.8,0.8,0,0.0
6,0,5.022510528564453,4,4,440,0,1008,11,0.011,1.3897179886698723,1,12195840,1194,3e-05,15,269.5,8499200,,,,,,,,,,,,,,,,,,,,,,,,,,,,,,,,,,,,,,,
6,6,5.022862911224365,,45,,6,1014,,,1.3188355440894763,2,12200960,223,,,269.11,,0.066064453125,0.268992155790329,19034,3e-05,0.08,0.00016602027317276226,-0.4527160360477865,0.4278854727745056,0.0008517491,1.1936816564237234,,,,,,,,,,,,,,,,,,,,,,,,,,,,,
6,0,5.060645580291748,,86,,0,1014,,,1.3188355440894763,3,12206080,178,,,268.85,,0.066650390625,0.0390777513384819,19042,3e-05,0.08,0.00022044374200049787,-0.4586299856193364,0.2806498408317566,0.0012341749,1.0735053232347127,,,,,,,,,,,,,,,,,,,,,,,,,,,,,
6,0,4.915452003479004,,122,,0,1014,,,1.3188355440894763,4,12211200,166,,,274.7,,0.0544921875,0.2163722813129425,19050,3e-05,0.08,-0.0006011041899910196,-0.4542743993923068,0.05070465803146362,0.0006404292,1.1601172304013745,,,,,,,,,,,,,,,,,,,,,,,,,,,,,
6,0,4.859246253967285,,163,,0,1014,,,1.3188355440894763,5,12216320,156,,,276.24,,0.067578125,0.10662374645471573,19058,3e-05,0.08,-0.0006279216162511147,-0.4718324014917016,0.05843472480773926,0.00095942104,0.931508165068226,,,,,,,,,,,,,,,,,,,,,,,,,,,,,
6,0,,,,,,1014,,,1.3188355440894763,,,,,,,,0.071142578125,0.026876384392380714,19066,3e-05,0.08,-5.018817319069058e-05,-0.4837443231604993,0.01769578456878662,0.0011398185,1.0345745558966883,22.75,295,0.006222627417243389,0.0014463154322193578,0.6244581341743469,1925,0.4405381944444445,0.15324675324675324,,,,,,,,,,,,,,,,,,,,,
,,,,,,,,,,,,,,,,,,,,,,,,,,,,,,,,,,,,4,0.84,5.275315990559757,8524800,259.11,2.1639005237718343,92.03530789865377,0,,,,,,,,,,,,,
,,,,,,,,,,,,,,,,,,,,,,,,,,,,,,,,,,,,4,0.48,4.002669797167182,8524800,317.67,3.1665302283918013,129.6535425663333,1,,,,,,,,,,,,,
,,,,,,,,,,,,,,,,,,,,,,,,,,,,,,,,,,,,4,,,8524800,,,,,0.36,0,217.8,0,0.84,0.48,6.0,0,0,0.84,0.84,0,0.0
6,6,5.173223972320557,4,4,440,6,1020,11,0.011,1.2539030040303867,1,12221440,1250,3e-05,15,263.1,8524800,,,,,,,,,,,,,,,,,,,,,,,,,,,,,,,,,,,,,,,
6,0,5.1765828132629395,,43,,0,1020,,,1.2539030040303867,2,12226560,235,,,261.59,,0.07822265625,0.6906962990760803,19074,3e-05,0.08,-0.0005711984471417963,-0.4915862520225346,0.06625264883041382,0.0010010498,1.1084355895087357,,,,,,,,,,,,,,,,,,,,,,,,,,,,,
6,0,5.217566013336182,,81,,0,1020,,,1.2539030040303867,3,12231680,189,,,259.57,,0.0693115234375,0.03490061312913895,19082,3e-05,0.08,-0.0008882773137884215,-0.46638515600934627,0.1331474781036377,0.0011792313,0.8349864156334661,,,,,,,,,,,,,,,,,,,,,,,,,,,,,
6,0,5.221038818359375,,118,,0,1020,,,1.2539030040303867,4,12236800,172,,,259.25,,0.081884765625,0.9328931570053101,19090,3e-05,0.08,-2.9831909341737627e-05,-0.46768181370571255,0.22469991445541382,0.0013565278,0.9141293915003189,,,,,,,,,,,,,,,,,,,,,,,,,,,,,
6,6,5.233870983123779,,156,,6,1026,,,1.326591856777668,5,12241920,163,,,258.7,,0.065234375,0.6315566897392273,19098,3e-05,0.08,-0.0004742222256027162,-0.4793155962601304,0.1998356580734253,0.0008631075,1.2780249061994255,,,,,,,,,,,,,,,,,,,,,,,,,,,,,
6,6,,,,,,1026,,,1.326591856777668,,,,,,,,0.06083984375,-0.001850813627243042,19106,3e-05,0.08,-0.0005183013781788759,-0.4837615446187556,0.1271786093711853,0.0008132277,1.1790816999506206,22.833333333333332,296,0.006187225025379798,0.0013859268890265518,0.6233707666397095,1925,0.44140625,0.15376623376623377,,,,,,,,,,,,,,,,,,,,,
,,,,,,,,,,,,,,,,,,,,,,,,,,,,,,,,,,,,4,0.84,5.081827068626881,8550400,268.21,2.0215928896233235,90.66402759639568,0,,,,,,,,,,,,,
,,,,,,,,,,,,,,,,,,,,,,,,,,,,,,,,,,,,4,0.44,3.912029547095299,8550400,324.15,3.1424948538517627,131.52029311098724,1,,,,,,,,,,,,,
,,,,,,,,,,,,,,,,,,,,,,,,,,,,,,,,,,,,4,,,8550400,,,,,0.39999999999999997,0,217.8,0,0.84,0.44,6.0,0,0,0.84,0.84,0,0.0
6,0,5.090183258056641,4,3,440,0,1026,11,0.011,1.326591856777668,1,12247040,1350,3e-05,15,264.35,8550400,,,,,,,,,,,,,,,,,,,,,,,,,,,,,,,,,,,,,,,
6,0,5.049301624298096,,40,,0,1026,,,1.326591856777668,2,12252160,252,,,265.89,,0.0639892578125,0.6020515561103821,19114,3e-05,0.08,-0.0008568341581849381,-0.489246238861233,0.18415707349777222,0.0010458988,0.8602230310818413,,,,,,,,,,,,,,,,,,,,,,,,,,,,,
6,0,4.827354431152344,,75,,0,1026,,,1.326591856777668,3,12257280,203,,,273.55,,0.0744140625,0.010715087875723839,19122,3e-05,0.08,-0.0005961350572761149,-0.48714630836620926,0.12963449954986572,0.0015717677,0.8705435770214536,,,,,,,,,,,,,,,,,,,,,,,,,,,,,
6,6,4.719727993011475,,111,,6,1032,,,1.2460097794731457,4,12262400,182,,,278.61,,0.075390625,1.289371371269226,19130,3e-05,0.08,0.00019243558344896882,-0.49366102889180186,0.18090671300888062,0.0010098757,1.1770548314088956,,,,,,,,,,,,,,,,,,,,,,,,,,,,,
6,0,4.760843276977539,,150,,0,1032,,,1.2460097794731457,5,12267520,169,,,276.59,,0.0559326171875,0.48365768790245056,19138,3e-05,0.08,-6.729716260451823e-05,-0.503445828706026,0.23697054386138916,0.00083241693,0.970364559974405,,,,,,,,,,,,,,,,,,,,,,,,,,,,,
6,0,,,,,,1032,,,1.2460097794731457,,,,,,,,0.07353515625,0.5952736735343933,19146,3e-05,0.08,-1.7376692267134785e-05,-0.5024267428554594,0.17433226108551025,0.0009768314,0.966634627134772,22.833333333333332,296,0.0061702754881548545,0.0013767243739126365,0.6223334670066833,1925,0.44140625,0.15376623376623377,,,,,,,,,,,,,,,,,,,,,
,,,,,,,,,,,,,,,,,,,,,,,,,,,,,,,,,,,,4,0.93,5.167826117072255,8576000,257.44,2.03888727080095,77.16739207722391,0,,,,,,,,,,,,,
,,,,,,,,,,,,,,,,,,,,,,,,,,,,,,,,,,,,4,0.48,4.200988502651453,8576000,313.33,3.098955517490648,132.82726037978802,1,,,,,,,,,,,,,
,,,,,,,,,,,,,,,,,,,,,,,,,,,,,,,,,,,,4,,,8576000,,,,,0.45000000000000007,0,217.8,1,0.93,0.48,6.0,0,0,0.93,0.93,0,0.0
6,0,4.787423133850098,4,4,440,0,1032,11,0.011,1.2460097794731457,1,12272640,1214,3e-05,15,275.29,8576000,,,,,,,,,,,,,,,,,,,,,,,,,,,,,,,,,,,,,,,
6,0,4.784295558929443,,41,,0,1032,,,1.2460097794731457,2,12277760,249,,,276.81,,0.089990234375,0.14773988723754883,19154,3e-05,0.08,0.0012715933029539884,-0.49649176141247153,0.0075255632400512695,0.0014209481,0.9278113227861468,,,,,,,,,,,,,,,,,,,,,,,,,,,,,
6,6,4.842185020446777,,78,,6,1038,,,1.3225281884272893,3,12282880,196,,,274.17,,0.0604248046875,0.3375510275363922,19162,3e-05,0.08,-0.00027130528760608283,-0.47883631931617854,0.21015632152557373,0.00076076266,1.1620707650959958,,,,,,,,,,,,,,,,,,,,,,,,,,,,,
6,0,5.0680999755859375,,121,,0,1038,,,1.3225281884272893,4,12288000,168,,,265.89,,0.0688720703125,0.4434424042701721,19170,3e-05,0.08,5.8697411441244184e-05,-0.47540226131677626,0.20461732149124146,0.0015088501,0.7462050630478189,,,,,,,,,,,,,,,,,,,,,,,,,,,,,
6,0,5.036106109619141,,158,,0,1038,,,1.3225281884272893,5,12293120,161,,,267.05,,0.0576416015625,0.0657004565000534,19178,3e-05,0.08,-0.0004500123264733702,-0.4859735142439604,0.2216915488243103,0.00081113883,1.146774283319246,,,,,,,,,,,,,,,,,,,,,,,,,,,,,
6,0,,,,,,1038,,,1.3225281884272893,,,,,,,,0.0883544921875,0.8263477683067322,19186,3e-05,0.08,-0.00025522370997350664,-0.496203382872045,0.2227562665939331,0.0015078939,1.0956711867416744,22.75,296,0.00617531614542661,0.00137578878369814,0.6214385628700256,1925,0.4410807291666667,0.15376623376623377,,,,,,,,,,,,,,,,,,,,,
,,,,,,,,,,,,,,,,,,,,,,,,,,,,,,,,,,,,4,0.93,5.504642340242863,8601600,246.16,2.01572611579043,80.17153110674636,0,,,,,,,,,,,,,
,,,,,,,,,,,,,,,,,,,,,,,,,,,,,,,,,,,,4,0.5,4.293905182927847,8601600,310.2,3.033285725365796,131.65538348278812,1,,,,,,,,,,,,,
,,,,,,,,,,,,,,,,,,,,,,,,,,,,,,,,,,,,4,,,8601600,,,,,0.43000000000000005,0,217.8,1,0.93,0.5,6.0,0,0,0.93,0.93,0,0.0
6,0,5.152883529663086,4,4,440,0,1038,11,0.011,1.3225281884272893,1,12298240,1256,3e-05,15,263.29,8601600,,,,,,,,,,,,,,,,,,,,,,,,,,,,,,,,,,,,,,,
6,6,5.102271556854248,,40,,6,1044,,,1.3616636743148167,2,12303360,251,,,264.68,,0.0855712890625,0.040792133659124374,19194,3e-05,0.08,0.0005960086185950786,-0.48909037560224533,0.36538463830947876,0.0015872251,0.7911995657370425,,,,,,,,,,,,,,,,,,,,,,,,,,,,,
6,0,5.158489227294922,,77,,0,1044,,,1.3616636743148167,3,12308480,198,,,261.57,,0.0588134765625,0.24200555682182312,19202,3e-05,0.08,-0.0005447903473395854,-0.4646790286526084,0.373141348361969,0.00091082015,0.8441201029170771,,,,,,,,,,,,,,,,,,,,,,,,,,,,,
6,0,5.110067367553711,,114,,0,1044,,,1.3616636743148167,4,12313600,179,,,262.49,,0.0648681640625,0.08676433563232422,19210,3e-05,0.08,0.00031037108856253327,-0.4659746986813843,0.3784611225128174,0.0006108397,0.6597974691947457,,,,,,,,,,,,,,,,,,,,,,,,,,,,,
6,0,5.113837242126465,,150,,0,1044,,,1.3616636743148167,5,12318720,169,,,260.73,,0.07626953125,0.7939577698707581,19218,3e-05,0.08,-6.52672752039507e-06,-0.4583240678533912,0.34583818912506104,0.0014620584,0.9726184655039105,,,,,,,,,,,,,,,,,,,,,,,,,,,,,
6,0,,,,,,1044,,,1.3616636743148167,,,,,,,,0.070068359375,0.7688021063804626,19226,3e-05,0.08,-0.00026840581267606467,-0.4501094868406653,0.46283799409866333,0.0007145138,1.0200671581711505,22.5,296,0.006222088253544088,0.001433725950789115,0.6216171979904175,1925,0.4401041666666667,0.15376623376623377,,,,,,,,,,,,,,,,,,,,,
,,,,,,,,,,,,,,,,,,,,,,,,,,,,,,,,,,,,4,0.86,5.098925402760505,8627200,266.05,1.940287596360259,85.93234257251457,0,,,,,,,,,,,,,
,,,,,,,,,,,,,,,,,,,,,,,,,,,,,,,,,,,,4,0.51,4.175499467179179,8627200,309.46,3.1215071443392204,128.73876028609257,1,,,,,,,,,,,,,
,,,,,,,,,,,,,,,,,,,,,,,,,,,,,,,,,,,,4,,,8627200,,,,,0.35,0,217.8,0,0.86,0.51,6.0,0,0,0.86,0.86,0,0.0
6,6,5.078522205352783,4,4,440,6,1050,11,0.011,1.3458113546172779,1,12323840,1255,3e-05,15,262.76,8627200,,,,,,,,,,,,,,,,,,,,,,,,,,,,,,,,,,,,,,,
6,0,5.159101486206055,,43,,0,1050,,,1.3458113546172779,2,12328960,235,,,259.61,,0.0490234375,1.0423331260681152,19234,3e-05,0.08,-0.00020666885538958013,-0.46651291782036425,0.36709368228912354,0.0009212941,1.231124946771888,,,,,,,,,,,,,,,,,,,,,,,,,,,,,
6,0,5.177857875823975,,83,,0,1050,,,1.3458113546172779,3,12334080,184,,,258.44,,0.053466796875,0.18390963971614838,19242,3e-05,0.08,-0.0004228719131788239,-0.46784942168742416,0.29884421825408936,0.0012920228,0.9098271251190454,,,,,,,,,,,,,,,,,,,,,,,,,,,,,
6,0,5.258462429046631,,125,,0,1050,,,1.3458113546172779,4,12339200,163,,,256.63,,0.062744140625,0.04693104326725006,19250,3e-05,0.08,0.00035502432147040965,-0.4627692923881114,0.3844168782234192,0.0016884332,0.7993832646781811,,,,,,,,,,,,,,,,,,,,,,,,,,,,,
6,6,5.2835001945495605,,166,,6,1056,,,1.365286300579707,5,12344320,153,,,256.43,,0.0751220703125,0.6560279726982117,19258,3e-05,0.08,0.0007573849972686731,-0.46721564056351783,0.3035317659378052,0.00093281176,0.9796629750868305,,,,,,,,,,,,,,,,,,,,,,,,,,,,,
6,6,,,,,,1056,,,1.365286300579707,,,,,,,,0.064990234375,0.7913129329681396,19266,3e-05,0.08,0.0004813874402316287,-0.46379761314019563,0.33341479301452637,0.0012374657,0.9583228176430566,22.416666666666668,296,0.006217542624507016,0.0013909598497837104,0.6223961710929871,1925,0.4397786458333333,0.15376623376623377,,,,,,,,,,,,,,,,,,,,,
,,,,,,,,,,,,,,,,,,,,,,,,,,,,,,,,,,,,4,0.9,5.163574960809201,8652800,260.28,2.1169129848020747,86.30933669076596,0,,,,,,,,,,,,,
,,,,,,,,,,,,,,,,,,,,,,,,,,,,,,,,,,,,4,0.42,3.408693432956934,8652800,334.66,3.283179280613239,125.74674707522259,1,,,,,,,,,,,,,
,,,,,,,,,,,,,,,,,,,,,,,,,,,,,,,,,,,,4,,,8652800,,,,,0.48000000000000004,0,217.8,0,0.9,0.42,6.0,0,0,0.9,0.9,0,0.0
6,0,5.136790752410889,4,3,440,0,1056,11,0.011,1.365286300579707,1,12349440,1419,3e-05,15,260.59,8652800,,,,,,,,,,,,,,,,,,,,,,,,,,,,,,,,,,,,,,,
6,0,5.109975337982178,,38,,0,1056,,,1.365286300579707,2,12354560,267,,,260.57,,0.0635009765625,0.013252615928649902,19274,3e-05,0.08,-0.0006631718599237502,-0.4598762716166675,0.3603346347808838,0.00084464607,0.9981250223179814,,,,,,,,,,,,,,,,,,,,,,,,,,,,,
6,0,5.271158218383789,,76,,0,1056,,,1.365286300579707,3,12359680,199,,,255.28,,0.06689453125,0.017335427924990654,19282,3e-05,0.08,-4.69989754492417e-06,-0.4793560619466007,0.46896857023239136,0.0010493398,1.1039285185543122,,,,,,,,,,,,,,,,,,,,,,,,,,,,,
6,6,5.129833221435547,,119,,6,1062,,,1.4326961835225422,4,12364800,172,,,261.13,,0.0731201171875,0.321206659078598,19290,3e-05,0.08,-0.0003374955165782012,-0.4805742288939655,0.5367416143417358,0.0017099071,1.1168061216099887,,,,,,,,,,,,,,,,,,,,,,,,,,,,,
6,0,4.982906818389893,,155,,0,1062,,,1.4326961835225422,5,12369920,164,,,266.28,,0.0794189453125,0.11167620867490768,19298,3e-05,0.08,-0.000416720008070115,-0.4572425838559866,0.4460998773574829,0.0011961821,0.7146826543554198,,,,,,,,,,,,,,,,,,,,,,,,,,,,,
6,0,,,,,,1062,,,1.4326961835225422,,,,,,,,0.0581298828125,0.5476677417755127,19306,3e-05,0.08,-0.00046319003158714624,-0.47163810208439827,0.3696182370185852,0.00094148685,0.8141280448413454,22.333333333333332,296,0.006237089957367207,0.0014116757033237985,0.6217433214187622,1925,0.43891059027777785,0.15376623376623377,,,,,,,,,,,,,,,,,,,,,
,,,,,,,,,,,,,,,,,,,,,,,,,,,,,,,,,,,,4,0.87,5.192783151939511,8678400,261.39,2.0472879983706656,87.21764672358456,0,,,,,,,,,,,,,
,,,,,,,,,,,,,,,,,,,,,,,,,,,,,,,,,,,,4,0.43,3.716454924121499,8678400,330.05,3.068267695999455,127.85666779640395,1,,,,,,,,,,,,,
,,,,,,,,,,,,,,,,,,,,,,,,,,,,,,,,,,,,4,,,8678400,,,,,0.44,0,217.8,0,0.87,0.43,6.0,0,0,0.87,0.87,0,0.0
6,0,5.150512218475342,4,4,440,0,1062,11,0.011,1.4326961835225422,1,12375040,1106,3e-05,15,260.09,8678400,,,,,,,,,,,,,,,,,,,,,,,,,,,,,,,,,,,,,,,
6,0,5.165119171142578,,49,,0,1062,,,1.4326961835225422,2,12380160,208,,,261.1,,0.0606689453125,0.15449705719947815,19314,3e-05,0.08,1.6230042092502117e-06,-0.47725541330873966,0.4499395489692688,0.0008977946,0.8711255540896673,,,,,,,,,,,,,,,,,,,,,,,,,,,,,
6,6,4.9966230392456055,,85,,6,1068,,,1.274421565234661,3,12385280,179,,,267.63,,0.0634033203125,0.22077518701553345,19322,3e-05,0.08,-0.0002139961550710723,-0.46135308481752874,0.5541425347328186,0.0010143555,1.0467460207291879,,,,,,,,,,,,,,,,,,,,,,,,,,,,,
6,0,4.890950679779053,,124,,0,1068,,,1.274421565234661,4,12390400,164,,,272.96,,0.0757080078125,0.19207213819026947,19330,3e-05,0.08,-8.855508349370211e-05,-0.47988311080262064,0.5055477619171143,0.0011987833,1.0853293419408145,,,,,,,,,,,,,,,,,,,,,,,,,,,,,
6,0,5.071065902709961,,165,,0,1068,,,1.274421565234661,5,12395520,155,,,265.23,,0.0689697265625,0.748884916305542,19338,3e-05,0.08,-0.00019969705608673393,-0.4644557494670153,0.5374312996864319,0.0010895528,1.1300439297920093,,,,,,,,,,,,,,,,,,,,,,,,,,,,,
6,0,,,,,,1068,,,1.274421565234661,,,,,,,,0.061376953125,0.29538625478744507,19346,3e-05,0.08,-0.00042122635059058664,-0.4785496833734214,0.682337760925293,0.0016680628,0.8492740977060749,22.333333333333332,297,0.006250988903979397,0.0014224889775834697,0.6203703880310059,1925,0.43891059027777785,0.15428571428571428,,,,,,,,,,,,,,,,,,,,,
,,,,,,,,,,,,,,,,,,,,,,,,,,,,,,,,,,,,4,0.91,5.418108551502228,8704000,251.69,1.7456390988169765,75.27518781112406,0,,,,,,,,,,,,,
,,,,,,,,,,,,,,,,,,,,,,,,,,,,,,,,,,,,4,0.56,4.610518503487111,8704000,292.82,3.163809720248841,131.78606754888773,1,,,,,,,,,,,,,
,,,,,,,,,,,,,,,,,,,,,,,,,,,,,,,,,,,,4,,,8704000,,,,,0.35,0,217.8,0,0.91,0.56,6.0,0,0,0.91,0.91,0,0.0
6,6,5.001570224761963,4,3,440,6,1074,11,0.011,1.3478379150231679,1,12400640,1309,3e-05,15,267.43,8704000,,,,,,,,,,,,,,,,,,,,,,,,,,,,,,,,,,,,,,,
6,0,4.962408065795898,,44,,0,1074,,,1.3478379150231679,2,12405760,230,,,268.87,,0.061083984375,1.6864144802093506,19354,3e-05,0.08,-0.0002639926475239918,-0.4680923436768353,0.4347124695777893,0.0017675087,1.1312862721330021,,,,,,,,,,,,,,,,,,,,,,,,,,,,,
6,0,5.023585319519043,,83,,0,1074,,,1.3478379150231679,3,12410880,183,,,265.86,,0.0624755859375,1.4940916299819946,19362,3e-05,0.08,0.00040843318856786937,-0.4615682216361165,0.40794748067855835,0.0009507608,1.394591380644124,,,,,,,,,,,,,,,,,,,,,,,,,,,,,
6,0,5.202836513519287,,121,,0,1074,,,1.3478379150231679,4,12416000,168,,,257.92,,0.058740234375,0.8042234778404236,19370,3e-05,0.08,-0.0005154433471034281,-0.4726703207939863,0.23077630996704102,0.0009846652,1.176533900067443,,,,,,,,,,,,,,,,,,,,,,,,,,,,,
6,6,5.3542561531066895,,164,,6,1080,,,1.3255575969815254,5,12421120,155,,,253.38,,0.0852783203125,2.361697196960449,19378,3e-05,0.08,-0.00038754161214455963,-0.4455097898840904,0.015694916248321533,0.0011894414,1.215550918370718,,,,,,,,,,,,,,,,,,,,,,,,,,,,,
6,6,,,,,,1080,,,1.3255575969815254,,,,,,,,0.0564453125,1.228007435798645,19386,3e-05,0.08,-0.00032189746416406707,-0.44299428528174756,0.058681368827819824,0.0006327305,1.2711121781961991,22.416666666666668,297,0.006235729234012296,0.0014490353780997087,0.6205488443374634,1925,0.43923611111111116,0.15428571428571428,,,,,,,,,,,,,,,,,,,,,
,,,,,,,,,,,,,,,,,,,,,,,,,,,,,,,,,,,,4,0.86,5.261126747280359,8729600,260.28,2.1382808475416053,91.89081346902964,0,,,,,,,,,,,,,
,,,,,,,,,,,,,,,,,,,,,,,,,,,,,,,,,,,,4,0.57,4.415766241587699,8729600,291.44,3.533525092444217,130.42433208569634,1,,,,,,,,,,,,,
,,,,,,,,,,,,,,,,,,,,,,,,,,,,,,,,,,,,4,,,8729600,,,,,0.29000000000000004,0,217.8,0,0.86,0.57,6.0,0,0,0.86,0.86,0,0.0
6,0,5.181474208831787,4,3,440,0,1080,11,0.011,1.3255575969815254,1,12426240,1289,3e-05,15,258.33,8729600,,,,,,,,,,,,,,,,,,,,,,,,,,,,,,,,,,,,,,,
6,0,5.162130355834961,,39,,0,1080,,,1.3255575969815254,2,12431360,260,,,258.73,,0.073779296875,0.07100223749876022,19394,3e-05,0.08,-0.0006291310433880426,-0.4466658940538764,-0.15330731868743896,0.0010878177,0.7216761790623423,,,,,,,,,,,,,,,,,,,,,,,,,,,,,
6,0,5.022935390472412,,75,,0,1080,,,1.3255575969815254,3,12436480,202,,,265.45,,0.0644287109375,0.9323662519454956,19402,3e-05,0.08,-0.0006582701724255457,-0.45220404863357544,0.11924296617507935,0.0010380376,0.8163923551357584,,,,,,,,,,,,,,,,,,,,,,,,,,,,,
6,6,5.1054582595825195,,114,,6,1086,,,1.3461292088031769,4,12441600,178,,,262.96,,0.0638671875,0.8543211817741394,19410,3e-05,0.08,6.986129446886479e-05,-0.4340840238146484,-0.03632521629333496,0.0012713115,0.7661719186231494,,,,,,,,,,,,,,,,,,,,,,,,,,,,,
6,0,5.000187873840332,,152,,0,1086,,,1.3461292088031769,5,12446720,167,,,266.12,,0.0775390625,0.446058064699173,19418,3e-05,0.08,0.00022543726227013393,-0.43854628279805186,0.15966194868087769,0.0010959035,0.9386608997039729,,,,,,,,,,,,,,,,,,,,,,,,,,,,,
6,0,,,,,,1086,,,1.3461292088031769,,,,,,,,0.0860107421875,1.2881861925125122,19426,3e-05,0.08,0.00106061729893554,-0.45098105776123704,0.2184426188468933,0.0010422331,0.9343897055601701,22.25,297,0.006222897951134577,0.001426975132705349,0.6213709115982056,1925,0.4385850694444445,0.15428571428571428,,,,,,,,,,,,,,,,,,,,,
,,,,,,,,,,,,,,,,,,,,,,,,,,,,,,,,,,,,4,0.87,5.299100610017777,8755200,258.29,1.9500389326333607,86.35117775687833,0,,,,,,,,,,,,,
,,,,,,,,,,,,,,,,,,,,,,,,,,,,,,,,,,,,4,0.52,4.196654262449592,8755200,307.22,3.140204008826691,128.87285051553718,1,,,,,,,,,,,,,
,,,,,,,,,,,,,,,,,,,,,,,,,,,,,,,,,,,,4,,,8755200,,,,,0.35,0,217.8,0,0.87,0.52,6.0,0,0,0.87,0.87,0,0.0
6,0,5.242871284484863,4,3,440,0,1086,11,0.011,1.3461292088031769,1,12451840,1351,3e-05,15,258.65,8755200,,,,,,,,,,,,,,,,,,,,,,,,,,,,,,,,,,,,,,,
6,0,5.169766902923584,,42,,0,1086,,,1.3461292088031769,2,12456960,240,,,260.71,,0.062548828125,0.11197200417518616,19434,3e-05,0.08,-0.0001076236119843088,-0.4371480943635106,0.18116354942321777,0.0011980239,0.7063750673842151,,,,,,,,,,,,,,,,,,,,,,,,,,,,,
6,6,5.368954658508301,,77,,6,1092,,,1.3566390797495842,3,12462080,199,,,250.89,,0.0641845703125,0.6456598043441772,19442,3e-05,0.08,-0.00010659930849215016,-0.42036682423204186,0.127646803855896,0.0009079476,0.970884088659659,,,,,,,,,,,,,,,,,,,,,,,,,,,,,
6,0,5.081844806671143,,114,,0,1092,,,1.3566390797495842,4,12467200,178,,,261.89,,0.0767333984375,0.22849184274673462,19450,3e-05,0.08,0.00016770393413025885,-0.4428967392072082,0.3121430277824402,0.0013675599,0.935786073555937,,,,,,,,,,,,,,,,,,,,,,,,,,,,,
6,0,5.03960657119751,,154,,0,1092,,,1.3566390797495842,5,12472320,165,,,263.1,,0.084228515625,0.4608995318412781,19458,3e-05,0.08,0.0007665413271752186,-0.4658661844208837,0.46678948402404785,0.0014354875,0.8521898054983467,,,,,,,,,,,,,,,,,,,,,,,,,,,,,
6,0,,,,,,1092,,,1.3566390797495842,,,,,,,,0.0505859375,0.23756711184978485,19466,3e-05,0.08,-0.0005022924713557586,-0.44512329418212176,0.22411012649536133,0.0008787766,1.2068884467007592,22.333333333333332,297,0.006212722268276574,0.0014153862267433858,0.619443416595459,1925,0.439453125,0.15428571428571428,,,,,,,,,,,,,,,,,,,,,
,,,,,,,,,,,,,,,,,,,,,,,,,,,,,,,,,,,,4,0.9,5.2914752843976025,8780800,256.08,2.0443047640818586,84.33583817096977,0,,,,,,,,,,,,,
,,,,,,,,,,,,,,,,,,,,,,,,,,,,,,,,,,,,4,0.54,4.40373548001051,8780800,300.38,3.1704313449868664,130.25649926203297,1,,,,,,,,,,,,,
,,,,,,,,,,,,,,,,,,,,,,,,,,,,,,,,,,,,4,,,8780800,,,,,0.36,0,217.8,0,0.9,0.54,6.0,0,0,0.9,0.9,0,0.0
6,0,5.020693778991699,4,3,440,0,1092,11,0.011,1.3566390797495842,1,12477440,1351,3e-05,15,264.69,8780800,,,,,,,,,,,,,,,,,,,,,,,,,,,,,,,,,,,,,,,
6,6,5.058483123779297,,43,,6,1098,,,1.3239424799879391,2,12482560,237,,,262.58,,0.0668701171875,0.8497756719589233,19474,3e-05,0.08,-0.0007616747607244179,-0.4539547374472022,0.18266141414642334,0.0012125967,1.1787718711246271,,,,,,,,,,,,,,,,,,,,,,,,,,,,,
6,0,4.832878112792969,,80,,0,1098,,,1.3239424799879391,3,12487680,191,,,272.57,,0.067919921875,0.8698552250862122,19482,3e-05,0.08,-0.0007019981974735856,-0.4462243620306253,0.2912631630897522,0.0010935038,0.9497676545754075,,,,,,,,,,,,,,,,,,,,,,,,,,,,,
6,0,5.139525890350342,,118,,0,1098,,,1.3239424799879391,4,12492800,173,,,261.71,,0.0680419921875,0.09646514058113098,19490,3e-05,0.08,-0.0002439775998936966,-0.4523721207864583,0.2642350196838379,0.001247721,1.1244714673026466,,,,,,,,,,,,,,,,,,,,,,,,,,,,,
6,0,5.145446300506592,,157,,0,1098,,,1.3239424799879391,5,12497920,162,,,262.25,,0.084033203125,0.9353119730949402,19498,3e-05,0.08,0.0006352607859298586,-0.4441269309259951,0.23889487981796265,0.0014582674,1.0714847272989574,,,,,,,,,,,,,,,,,,,,,,,,,,,,,
6,0,,,,,,1098,,,1.3239424799879391,,,,,,,,0.05556640625,0.9386966228485107,19506,3e-05,0.08,-0.00018248792039230466,-0.4324426042847335,0.30588459968566895,0.0006719688,0.9202443724381737,22.333333333333332,297,0.006218106096174833,0.001417236291759549,0.6198760271072388,1925,0.439453125,0.15428571428571428,,,,,,,,,,,,,,,,,,,,,
,,,,,,,,,,,,,,,,,,,,,,,,,,,,,,,,,,,,4,0.89,5.1528552675247195,8806400,261.79,2.101073004009942,86.00677822125417,0,,,,,,,,,,,,,
,,,,,,,,,,,,,,,,,,,,,,,,,,,,,,,,,,,,4,0.57,4.543363854810596,8806400,292.6,3.200540394556973,129.69772550048825,1,,,,,,,,,,,,,
,,,,,,,,,,,,,,,,,,,,,,,,,,,,,,,,,,,,4,,,8806400,,,,,0.32000000000000006,0,217.8,0,0.89,0.57,6.0,0,0,0.89,0.89,0,0.0
6,6,5.042281150817871,4,4,440,6,1104,11,0.011,1.3019441465536754,1,12503040,1206,3e-05,15,267.33,8806400,,,,,,,,,,,,,,,,,,,,,,,,,,,,,,,,,,,,,,,
6,0,5.1576619148254395,,41,,0,1104,,,1.3019441465536754,2,12508160,244,,,263.43,,0.0539306640625,0.7873350977897644,19514,3e-05,0.08,-0.00010114019387401641,-0.45385503489524126,0.32313430309295654,0.0008450771,1.046077240759041,,,,,,,,,,,,,,,,,,,,,,,,,,,,,
6,0,5.0870490074157715,,79,,0,1104,,,1.3019441465536754,3,12513280,193,,,264.45,,0.0786865234375,0.8191794157028198,19522,3e-05,0.08,0.0001423376947059296,-0.47176902191713455,0.40862375497817993,0.0015940539,1.2289035798807162,,,,,,,,,,,,,,,,,,,,,,,,,,,,,
6,0,5.160810947418213,,114,,0,1104,,,1.3019441465536754,4,12518400,178,,,261.26,,0.0760986328125,0.2951054573059082,19530,3e-05,0.08,0.00010678661201382055,-0.4477976326830685,0.5072610974311829,0.001068321,1.208793268489535,,,,,,,,,,,,,,,,,,,,,,,,,,,,,
6,6,4.950138092041016,,151,,6,1110,,,1.3649301106731098,5,12523520,169,,,272.98,,0.08505859375,0.025344843044877052,19538,3e-05,0.08,0.0016322992043569684,-0.4473732698708773,0.19125038385391235,0.002168076,1.7448725891066714,,,,,,,,,,,,,,,,,,,,,,,,,,,,,
6,6,,,,,,1110,,,1.3649301106731098,,,,,,,,0.091748046875,0.29613834619522095,19546,3e-05,0.08,0.0003656486078398302,-0.4613994421437383,0.20347803831100464,0.0015853986,0.7183996276231482,22.416666666666668,297,0.006221668109020535,0.0014173344450674398,0.6203227043151855,1925,0.4397786458333333,0.15428571428571428,,,,,,,,,,,,,,,,,,,,,
,,,,,,,,,,,,,,,,,,,,,,,,,,,,,,,,,,,,4,0.92,5.251998641490936,8832000,256.46,2.0545338984208756,82.06234459238902,0,,,,,,,,,,,,,
,,,,,,,,,,,,,,,,,,,,,,,,,,,,,,,,,,,,4,0.52,4.178569859042764,8832000,307.82,3.1885043714989463,128.78108401469527,1,,,,,,,,,,,,,
,,,,,,,,,,,,,,,,,,,,,,,,,,,,,,,,,,,,4,,,8832000,,,,,0.4,0,217.8,0,0.92,0.52,6.0,0,0,0.92,0.92,0,0.0
6,0,5.048393249511719,4,3,440,0,1110,11,0.011,1.3649301106731098,1,12528640,1431,3e-05,15,267.69,8832000,,,,,,,,,,,,,,,,,,,,,,,,,,,,,,,,,,,,,,,
6,0,5.202597618103027,,44,,0,1110,,,1.3649301106731098,2,12533760,228,,,261.91,,0.0689208984375,0.2723903954029083,19554,3e-05,0.08,0.0004527333483565599,-0.4612252047285438,0.13671469688415527,0.0013396159,1.0781156083001406,,,,,,,,,,,,,,,,,,,,,,,,,,,,,
6,0,5.187273979187012,,81,,0,1110,,,1.3649301106731098,3,12538880,189,,,264.52,,0.0697998046875,1.4339555501937866,19562,3e-05,0.08,-0.000617031694855541,-0.45379647668451073,0.3451615571975708,0.0011864264,0.6871275390090886,,,,,,,,,,,,,,,,,,,,,,,,,,,,,
6,6,5.235868453979492,,118,,6,1116,,,1.4111423641443253,4,12544000,172,,,262.9,,0.07216796875,0.25701409578323364,19570,3e-05,0.08,-0.00019188327132724226,-0.436562080681324,0.13311052322387695,0.0013701671,0.747083452285733,,,,,,,,,,,,,,,,,,,,,,,,,,,,,
6,0,5.397736072540283,,159,,0,1116,,,1.4111423641443253,5,12549120,160,,,253.72,,0.067822265625,0.33874064683914185,19578,3e-05,0.08,-0.0002720354779739864,-0.4548985415138304,0.3877691626548767,0.0007901136,0.7803687937033829,,,,,,,,,,,,,,,,,,,,,,,,,,,,,
6,0,,,,,,1116,,,1.4111423641443253,,,,,,,,0.0787109375,0.11578914523124695,19586,3e-05,0.08,6.144343351479619e-05,-0.4411900219507515,0.3430313467979431,0.0013944199,0.7146110351983225,22.166666666666668,297,0.006280621432260161,0.001465136591789601,0.6199325919151306,1925,0.43825954861111116,0.15428571428571428,,,,,,,,,,,,,,,,,,,,,
,,,,,,,,,,,,,,,,,,,,,,,,,,,,,,,,,,,,4,0.89,5.193658336978405,8857600,261.8,1.9888672790377193,84.2576999448715,0,,,,,,,,,,,,,
,,,,,,,,,,,,,,,,,,,,,,,,,,,,,,,,,,,,4,0.52,4.3276549250632526,8857600,305.88,3.1119627169465636,130.7597246861586,1,,,,,,,,,,,,,
,,,,,,,,,,,,,,,,,,,,,,,,,,,,,,,,,,,,4,,,8857600,,,,,0.37,0,217.8,0,0.89,0.52,6.0,0,0,0.89,0.89,0,0.0
6,0,5.382272720336914,4,3,440,0,1116,11,0.011,1.4111423641443253,1,12554240,1436,3e-05,15,254.65,8857600,,,,,,,,,,,,,,,,,,,,,,,,,,,,,,,,,,,,,,,
6,0,5.256175994873047,,40,,0,1116,,,1.4111423641443253,2,12559360,250,,,261.6,,0.0685791015625,0.34773069620132446,19594,3e-05,0.08,0.0003155550512019545,-0.4358258813619614,0.41981369256973267,0.0011179836,0.9718225328979315,,,,,,,,,,,,,,,,,,,,,,,,,,,,,
6,6,5.18671989440918,,75,,6,1122,,,1.419246322164933,3,12564480,202,,,263.71,,0.06943359375,0.2895906865596771,19602,3e-05,0.08,-0.001085593071184121,-0.42669061608612535,0.45776182413101196,0.001154277,0.7355502084945329,,,,,,,,,,,,,,,,,,,,,,,,,,,,,
6,0,5.191201686859131,,113,,0,1122,,,1.419246322164933,4,12569600,180,,,262.17,,0.083642578125,0.06940878182649612,19610,3e-05,0.08,0.0004071446368470788,-0.432563207950443,0.5018514394760132,0.0018703357,0.7881147515174234,,,,,,,,,,,,,,,,,,,,,,,,,,,,,
6,0,5.161378383636475,,152,,0,1122,,,1.419246322164933,5,12574720,168,,,263.08,,0.0617431640625,0.73354172706604,19618,3e-05,0.08,-0.0004225071621476673,-0.4367094596847892,0.4552617073059082,0.0010686973,0.8972756459465018,,,,,,,,,,,,,,,,,,,,,,,,,,,,,
6,0,,,,,,1122,,,1.419246322164933,,,,,,,,0.071826171875,0.6878883838653564,19626,3e-05,0.08,0.0002684019069420174,-0.4226507071405649,0.2326444387435913,0.0012463166,0.9188216983224265,22.166666666666668,297,0.0062571305473657374,0.0014395871581452486,0.618175745010376,1925,0.43771701388888884,0.15428571428571428,,,,,,,,,,,,,,,,,,,,,
,,,,,,,,,,,,,,,,,,,,,,,,,,,,,,,,,,,,4,0.97,5.794878436028958,8883200,233.14,1.8285421641986843,68.94838939380672,0,,,,,,,,,,,,,
,,,,,,,,,,,,,,,,,,,,,,,,,,,,,,,,,,,,4,0.59,4.611661819666624,8883200,289.69,3.166774132524487,126.90702856816087,1,,,,,,,,,,,,,
,,,,,,,,,,,,,,,,,,,,,,,,,,,,,,,,,,,,4,,,8883200,,,,,0.38,0,217.8,1,0.97,0.59,6.0,0,0,0.97,0.97,0,0.0
6,0,5.1717329025268555,4,3,440,0,1122,11,0.011,1.419246322164933,1,12579840,1414,3e-05,15,262.33,8883200,,,,,,,,,,,,,,,,,,,,,,,,,,,,,,,,,,,,,,,
6,6,5.142702102661133,,39,,6,1128,,,1.4313127199808757,2,12584960,256,,,261.13,,0.0751220703125,0.15633316338062286,19634,3e-05,0.08,0.00039838789089117197,-0.42937092753127215,0.1949736475944519,0.0008238206,0.7031755108037032,,,,,,,,,,,,,,,,,,,,,,,,,,,,,
6,0,5.305963039398193,,78,,0,1128,,,1.4313127199808757,3,12590080,195,,,254.34,,0.0640380859375,0.15962044894695282,19642,3e-05,0.08,0.0005202422849833966,-0.4249268539249897,0.123354971408844,0.0010165332,0.9118620206485503,,,,,,,,,,,,,,,,,,,,,,,,,,,,,
6,0,5.208824634552002,,116,,0,1128,,,1.4313127199808757,4,12595200,175,,,259.79,,0.0739990234375,0.41420117020606995,19650,3e-05,0.08,-0.0006326845861622133,-0.45212341183796523,0.29540759325027466,0.0014080511,0.6877436969312839,,,,,,,,,,,,,,,,,,,,,,,,,,,,,
6,0,4.993950843811035,,148,,0,1128,,,1.4313127199808757,5,12600320,171,,,270.44,,0.0667236328125,0.7207545042037964,19658,3e-05,0.08,0.000363786262460053,-0.4192482136189938,0.26701849699020386,0.0010562834,0.7579265281616244,,,,,,,,,,,,,,,,,,,,,,,,,,,,,
6,0,,,,,,1128,,,1.4313127199808757,,,,,,,,0.0516357421875,0.048696454614400864,19666,3e-05,0.08,5.373625026550144e-05,-0.40512111894786357,0.1595587134361267,0.0009469807,0.9547633996931836,22.25,297,0.006220964388257134,0.0014355038760023742,0.6186313033103943,1925,0.4385850694444445,0.15428571428571428,,,,,,,,,,,,,,,,,,,,,
,,,,,,,,,,,,,,,,,,,,,,,,,,,,,,,,,,,,4,0.92,5.3029190994426605,8908800,254.4,2.0301229881933276,81.74570325099663,0,,,,,,,,,,,,,
,,,,,,,,,,,,,,,,,,,,,,,,,,,,,,,,,,,,4,0.62,4.786200114190579,8908800,284.92,2.94507856929588,123.79948949813969,1,,,,,,,,,,,,,
,,,,,,,,,,,,,,,,,,,,,,,,,,,,,,,,,,,,4,,,8908800,,,,,0.30000000000000004,0,217.8,0,0.92,0.62,6.0,0,0,0.92,0.92,0,0.0
6,6,4.870296478271484,4,3,440,6,1134,11,0.011,1.3684151967366536,1,12605440,1355,3e-05,15,273.68,8908800,,,,,,,,,,,,,,,,,,,,,,,,,,,,,,,,,,,,,,,
6,0,4.910909652709961,,36,,0,1134,,,1.3684151967366536,2,12610560,277,,,270.92,,0.0841796875,0.20306207239627838,19674,3e-05,0.08,0.0007521575753344223,-0.4155677931383252,0.04897242784500122,0.0013805537,1.2818614334217273,,,,,,,,,,,,,,,,,,,,,,,,,,,,,
6,0,4.718469142913818,,76,,0,1134,,,1.3684151967366536,3,12615680,202,,,279.14,,0.0795166015625,0.5205227732658386,19682,3e-05,0.08,0.0007219995670311619,-0.4330686919391155,0.12464743852615356,0.001278497,1.1417963949526893,,,,,,,,,,,,,,,,,,,,,,,,,,,,,
6,6,4.674461364746094,,111,,6,1140,,,1.339108834664027,4,12620800,183,,,282.31,,0.06044921875,0.7922162413597107,19690,3e-05,0.08,-0.0003580088319722563,-0.40834315000101923,-0.002512812614440918,0.00084797497,1.0035473311902023,,,,,,,,,,,,,,,,,,,,,,,,,,,,,
6,0,4.883745193481445,,148,,0,1140,,,1.339108834664027,5,12625920,172,,,272.71,,0.071728515625,0.7184616923332214,19698,3e-05,0.08,2.523382136132568e-06,-0.4282734182663262,0.26932191848754883,0.0012112597,0.9611250646354165,,,,,,,,,,,,,,,,,,,,,,,,,,,,,
6,0,,,,,,1140,,,1.339108834664027,,,,,,,,0.06630859375,0.707791805267334,19706,3e-05,0.08,-0.00010543354437686503,-0.41883388138376176,0.3695448637008667,0.0010210758,0.8841343905660324,22.333333333333332,297,0.006226681350631915,0.001424483995544534,0.617584228515625,1925,0.43891059027777785,0.15428571428571428,,,,,,,,,,,,,,,,,,,,,
,,,,,,,,,,,,,,,,,,,,,,,,,,,,,,,,,,,,4,0.89,5.2793272542953495,8934400,257.98,2.01195218691889,85.16501394352025,0,,,,,,,,,,,,,
,,,,,,,,,,,,,,,,,,,,,,,,,,,,,,,,,,,,4,0.53,4.391515670120716,8934400,300.78,3.2051619416800743,132.39490775705838,1,,,,,,,,,,,,,
,,,,,,,,,,,,,,,,,,,,,,,,,,,,,,,,,,,,4,,,8934400,,,,,0.36,0,217.8,0,0.89,0.53,6.0,0,0,0.89,0.89,0,0.0
6,0,5.044364929199219,4,3,440,0,1140,11,0.011,1.339108834664027,1,12631040,1374,3e-05,15,267.1,8934400,,,,,,,,,,,,,,,,,,,,,,,,,,,,,,,,,,,,,,,
6,0,4.959768295288086,,40,,0,1140,,,1.339108834664027,2,12636160,255,,,269.87,,0.0791015625,0.01381378248333931,19714,3e-05,0.08,0.0005760523388744331,-0.4266683101654053,0.304996132850647,0.0018746182,0.9228991425479762,,,,,,,,,,,,,,,,,,,,,,,,,,,,,
6,6,4.895219326019287,,77,,6,1146,,,1.3126591891050339,3,12641280,199,,,271.47,,0.1010009765625,0.48479118943214417,19722,3e-05,0.08,0.000345970582566224,-0.42271581310778855,0.39688992500305176,0.001119193,1.2137157374992966,,,,,,,,,,,,,,,,,,,,,,,,,,,,,
6,0,5.099941253662109,,112,,0,1146,,,1.3126591891050339,4,12646400,182,,,262.33,,0.0674072265625,0.06528845429420471,19730,3e-05,0.08,0.00029288279911270364,-0.41558457212522626,0.3959352374076843,0.0016877253,1.0080767551320604,,,,,,,,,,,,,,,,,,,,,,,,,,,,,
6,0,4.9551801681518555,,149,,0,1146,,,1.3126591891050339,5,12651520,171,,,267.67,,0.0757080078125,0.3949863016605377,19738,3e-05,0.08,-0.00018036803958239035,-0.43801582921296356,0.3719921112060547,0.0015426328,0.824951417700504,,,,,,,,,,,,,,,,,,,,,,,,,,,,,
6,0,,,,,,1146,,,1.3126591891050339,,,,,,,,0.0600341796875,0.0990063026547432,19746,3e-05,0.08,0.00024278023338411003,-0.4186319745145738,0.45065176486968994,0.0010618645,1.1062702543626073,22.166666666666668,297,0.006246554004340957,0.0014430917381045246,0.6176886558532715,1925,0.43825954861111116,0.15428571428571428,,,,,,,,,,,,,,,,,,,,,
,,,,,,,,,,,,,,,,,,,,,,,,,,,,,,,,,,,,4,0.78,4.610496442168951,8960000,282.44,2.7436189177615766,104.59027870696205,0,,,,,,,,,,,,,
,,,,,,,,,,,,,,,,,,,,,,,,,,,,,,,,,,,,4,0.43,3.65661068238318,8960000,326.67,3.4996109618934628,131.33834588573134,1,,,,,,,,,,,,,
,,,,,,,,,,,,,,,,,,,,,,,,,,,,,,,,,,,,4,,,8960000,,,,,0.35000000000000003,0,217.8,0,0.78,0.43,6.0,0,0,0.78,0.78,0,0.0
6,0,4.781151294708252,4,3,440,0,1146,11,0.011,1.3126591891050339,1,12656640,1394,3e-05,15,273.76,8960000,,,,,,,,,,,,,,,,,,,,,,,,,,,,,,,,,,,,,,,
6,6,4.76529598236084,,36,,6,1152,,,1.2814624135692914,2,12661760,278,,,275.16,,0.06181640625,0.1899263560771942,19754,3e-05,0.08,0.0001234108684002422,-0.4118938741274178,0.49390238523483276,0.0012827736,1.046293827990303,,,,,,,,,,,,,,,,,,,,,,,,,,,,,
6,0,4.797685623168945,,73,,0,1152,,,1.2814624135692914,3,12666880,208,,,273.94,,0.0664306640625,0.07111445814371109,19762,3e-05,0.08,-0.00022401769238058477,-0.4214102329686284,0.42094022035598755,0.0013832974,1.41278657639632,,,,,,,,,,,,,,,,,,,,,,,,,,,,,
6,0,4.887033939361572,,107,,0,1152,,,1.2814624135692914,4,12672000,190,,,271.82,,0.065966796875,2.0400466918945312,19770,3e-05,0.08,0.0004195311543298885,-0.42026449628174306,0.4400375485420227,0.0015196627,1.2735400560661219,,,,,,,,,,,,,,,,,,,,,,,,,,,,,
6,0,4.975726127624512,,147,,0,1152,,,1.2814624135692914,5,12677120,173,,,267.45,,0.081396484375,0.8062165379524231,19778,3e-05,0.08,0.00029606846219394357,-0.4404633242636919,0.3261052370071411,0.0011697465,1.6313611827150454,,,,,,,,,,,,,,,,,,,,,,,,,,,,,
6,0,,,,,,1152,,,1.2814624135692914,,,,,,,,0.0548095703125,0.11373604834079742,19786,3e-05,0.08,-0.0006066800997359678,-0.45275194477289915,0.32732146978378296,0.0008176925,1.232973141677212,22.25,298,0.006220278424979269,0.0014136312914341833,0.6179369688034058,1925,0.4385850694444445,0.1548051948051948,,,,,,,,,,,,,,,,,,,,,
,,,,,,,,,,,,,,,,,,,,,,,,,,,,,,,,,,,,4,0.86,5.5122902983427045,8985600,251.14,2.0884319679448633,90.24056959040097,0,,,,,,,,,,,,,
,,,,,,,,,,,,,,,,,,,,,,,,,,,,,,,,,,,,4,0.62,4.741671713963151,8985600,280.13,3.402040477524792,126.7195056019396,1,,,,,,,,,,,,,
,,,,,,,,,,,,,,,,,,,,,,,,,,,,,,,,,,,,4,,,8985600,,,,,0.24,0,217.8,0,0.86,0.62,6.0,0,0,0.86,0.86,0,0.0
6,6,5.266254901885986,4,3,440,6,1158,11,0.011,1.311116101841132,1,12682240,1398,3e-05,15,255.73,8985600,,,,,,,,,,,,,,,,,,,,,,,,,,,,,,,,,,,,,,,
6,0,5.206818103790283,,42,,0,1158,,,1.311116101841132,2,12687360,238,,,256.96,,0.0663818359375,0.589056670665741,19794,3e-05,0.08,0.0004514019383350387,-0.4503774204291403,0.12928849458694458,0.0012436758,1.2651096119603609,,,,,,,,,,,,,,,,,,,,,,,,,,,,,
6,0,5.1533050537109375,,77,,0,1158,,,1.311116101841132,3,12692480,198,,,259.72,,0.0924072265625,0.8126007318496704,19802,3e-05,0.08,0.0011615815863478928,-0.4067161084618419,0.032864272594451904,0.0019705747,0.6708889263332821,,,,,,,,,,,,,,,,,,,,,,,,,,,,,
6,0,5.096309185028076,,112,,0,1158,,,1.311116101841132,4,12697600,182,,,261.99,,0.061083984375,0.18471713364124298,19810,3e-05,0.08,-0.0008819765862426721,-0.4349250242114067,0.3254527449607849,0.001042648,0.8076456484268419,,,,,,,,,,,,,,,,,,,,,,,,,,,,,
6,6,5.174017429351807,,148,,6,1164,,,1.3402659930288792,5,12702720,172,,,261.61,,0.067236328125,0.07993016391992569,19818,3e-05,0.08,-0.0006142633224953898,-0.4315458033233881,0.18547189235687256,0.0013288424,0.9954076588794123,,,,,,,,,,,,,,,,,,,,,,,,,,,,,
6,6,,,,,,1164,,,1.3402659930288792,,,,,,,,0.0700927734375,1.469343900680542,19826,3e-05,0.08,-0.0002742806071182713,-0.4464556091465056,0.19988709688186646,0.0010405409,1.3914192144700792,22.166666666666668,298,0.0062020521801710035,0.0013991711577092366,0.6185430288314819,1925,0.43825954861111116,0.1548051948051948,,,,,,,,,,,,,,,,,,,,,
,,,,,,,,,,,,,,,,,,,,,,,,,,,,,,,,,,,,4,0.89,5.154645757675171,9011200,261.05,2.245050102773691,89.16303886701036,0,,,,,,,,,,,,,
,,,,,,,,,,,,,,,,,,,,,,,,,,,,,,,,,,,,4,0.54,4.279448111951351,9011200,306.78,3.126234491059805,125.71647306538631,1,,,,,,,,,,,,,
,,,,,,,,,,,,,,,,,,,,,,,,,,,,,,,,,,,,4,,,9011200,,,,,0.35,0,217.8,0,0.89,0.54,6.0,0,0,0.89,0.89,0,0.0
6,0,5.25703239440918,4,3,440,0,1164,11,0.011,1.3402659930288792,1,12707840,1397,3e-05,15,260.23,9011200,,,,,,,,,,,,,,,,,,,,,,,,,,,,,,,,,,,,,,,
6,0,5.3269524574279785,,41,,0,1164,,,1.3402659930288792,2,12712960,247,,,260.62,,0.076171875,0.3971255421638489,19834,3e-05,0.08,-0.00014656751300208272,-0.4107572169974446,0.30585670471191406,0.0013119786,0.7647292021254544,,,,,,,,,,,,,,,,,,,,,,,,,,,,,
6,0,5.247636318206787,,77,,0,1164,,,1.3402659930288792,3,12718080,198,,,262.73,,0.0539794921875,0.28375187516212463,19842,3e-05,0.08,-0.0011664896592264995,-0.44110426073893905,0.3839149475097656,0.0012735181,0.7200548534747213,,,,,,,,,,,,,,,,,,,,,,,,,,,,,
6,6,5.4173903465271,,111,,6,1170,,,1.4348356500267982,4,12723200,183,,,255.81,,0.06904296875,1.6843615770339966,19850,3e-05,0.08,0.0006938319944310934,-0.41488475929945706,0.1507003903388977,0.0015739396,0.7543733168655308,,,,,,,,,,,,,,,,,,,,,,,,,,,,,
6,0,5.384788990020752,,148,,0,1170,,,1.4348356500267982,5,12728320,171,,,255.09,,0.0603515625,0.24571269750595093,19858,3e-05,0.08,0.00020178340637357905,-0.43008348159492016,0.45318031311035156,0.0007550198,0.8047694492794107,,,,,,,,,,,,,,,,,,,,,,,,,,,,,
6,0,,,,,,1170,,,1.4348356500267982,,,,,,,,0.06650390625,0.33948418498039246,19866,3e-05,0.08,-0.0007055753463646397,-0.45023683258332314,0.44886672496795654,0.0013624844,1.0538431320164818,21.916666666666668,298,0.006242485457272393,0.0014280308978855962,0.6184764504432678,1925,0.43674045138888884,0.1548051948051948,,,,,,,,,,,,,,,,,,,,,
,,,,,,,,,,,,,,,,,,,,,,,,,,,,,,,,,,,,4,0.92,5.062451884075999,9036800,262.31,2.2692465150776164,86.35851955655562,0,,,,,,,,,,,,,
,,,,,,,,,,,,,,,,,,,,,,,,,,,,,,,,,,,,4,0.47,3.9985727560520172,9036800,319.03,3.11468774906122,129.31028226711132,1,,,,,,,,,,,,,
,,,,,,,,,,,,,,,,,,,,,,,,,,,,,,,,,,,,4,,,9036800,,,,,0.45000000000000007,0,217.8,0,0.92,0.47,6.0,0,0,0.92,0.92,0,0.0
6,0,5.233125686645508,4,3,440,0,1170,11,0.011,1.4348356500267982,1,12733440,1413,3e-05,15,261.47,9036800,,,,,,,,,,,,,,,,,,,,,,,,,,,,,,,,,,,,,,,
6,0,5.245508193969727,,40,,0,1170,,,1.4348356500267982,2,12738560,255,,,258.49,,0.08994140625,0.0002814643085002899,19874,3e-05,0.08,7.096283807186409e-05,-0.43836019760929046,0.5669964551925659,0.0013174204,0.6768507046101149,,,,,,,,,,,,,,,,,,,,,,,,,,,,,
6,6,5.49962043762207,,80,,6,1176,,,1.528827761610349,3,12743680,191,,,248.19,,0.08837890625,0.06304024159908295,19882,3e-05,0.08,0.0016848331521032377,-0.4380250585265458,0.3592589497566223,0.0022287858,0.9700224398635328,,,,,,,,,,,,,,,,,,,,,,,,,,,,,
6,0,5.331634998321533,,115,,0,1176,,,1.528827761610349,4,12748800,177,,,254.64,,0.0719482421875,0.27559006214141846,19890,3e-05,0.08,-0.00013678102113772183,-0.42333286767825484,0.21510398387908936,0.00097198115,0.6716772042331286,,,,,,,,,,,,,,,,,,,,,,,,,,,,,
6,0,5.4614410400390625,,153,,0,1176,,,1.528827761610349,5,12753920,167,,,250.59,,0.0780517578125,0.932355523109436,19898,3e-05,0.08,-0.00012377875100355595,-0.4508525587618351,0.3400941491127014,0.001565345,0.9021087651955895,,,,,,,,,,,,,,,,,,,,,,,,,,,,,
6,0,,,,,,1176,,,1.528827761610349,,,,,,,,0.075,2.08271861076355,19906,3e-05,0.08,0.0005222433333983645,-0.42182222586125134,0.44029808044433594,0.0013216299,0.9282421054900624,21.833333333333332,298,0.006240567016988221,0.001408507849772557,0.6182889342308044,1925,0.4364149305555555,0.1548051948051948,,,,,,,,,,,,,,,,,,,,,
,,,,,,,,,,,,,,,,,,,,,,,,,,,,,,,,,,,,4,0.89,5.4617085173726085,9062400,250.77,2.1655344356630315,90.22448171089708,0,,,,,,,,,,,,,
,,,,,,,,,,,,,,,,,,,,,,,,,,,,,,,,,,,,4,0.48,4.027908663600683,9062400,316.02,3.2130935383366226,131.73306190930202,1,,,,,,,,,,,,,
,,,,,,,,,,,,,,,,,,,,,,,,,,,,,,,,,,,,4,,,9062400,,,,,0.41000000000000003,0,217.8,0,0.89,0.48,6.0,0,0,0.89,0.89,0,0.0
6,0,5.410361289978027,4,3,440,0,1176,11,0.011,1.528827761610349,1,12759040,1367,3e-05,15,250.91,9062400,,,,,,,,,,,,,,,,,,,,,,,,,,,,,,,,,,,,,,,
6,6,5.478395938873291,,41,,6,1182,,,1.5491074323654175,2,12764160,248,,,249.97,,0.0866943359375,0.3290126323699951,19914,3e-05,0.08,0.0006959636841202155,-0.42583098327741026,0.38704395294189453,0.0012451578,0.6350716774555621,,,,,,,,,,,,,,,,,,,,,,,,,,,,,
6,0,5.491208553314209,,77,,0,1182,,,1.5491074323654175,3,12769280,197,,,249.53,,0.0589111328125,0.030860168859362602,19922,3e-05,0.08,9.295281197410076e-05,-0.42387944255024196,0.4098771810531616,0.001327189,0.7061472329718527,,,,,,,,,,,,,,,,,,,,,,,,,,,,,
6,0,5.487112045288086,,118,,0,1182,,,1.5491074323654175,4,12774400,173,,,250.02,,0.0716064453125,0.09123053401708603,19930,3e-05,0.08,1.0357156861573458e-05,-0.41940154461190104,0.3803112506866455,0.0008624736,0.9107538052252494,,,,,,,,,,,,,,,,,,,,,,,,,,,,,
6,0,5.2617506980896,,156,,0,1182,,,1.5491074323654175,5,12779520,163,,,260.85,,0.0518310546875,0.8063554763793945,19938,3e-05,0.08,-0.0008537990128388628,-0.43771586623042824,0.31616801023483276,0.00086872315,0.6620323638722766,,,,,,,,,,,,,,,,,,,,,,,,,,,,,
6,0,,,,,,1182,,,1.5491074323654175,,,,,,,,0.0802001953125,0.08450199663639069,19946,3e-05,0.08,0.0001562538294820115,-0.4331727524287999,0.3223869800567627,0.0010967369,0.7208596972574014,21.75,298,0.006220308027480283,0.0013941935813412837,0.617740273475647,1925,0.435546875,0.1548051948051948,,,,,,,,,,,,,,,,,,,,,
,,,,,,,,,,,,,,,,,,,,,,,,,,,,,,,,,,,,4,0.9,5.675268546938896,9088000,243.15,1.809255282706737,79.08847893340725,0,,,,,,,,,,,,,
,,,,,,,,,,,,,,,,,,,,,,,,,,,,,,,,,,,,4,0.64,4.719354465343058,9088000,280.56,3.411419600915617,121.9382893106181,1,,,,,,,,,,,,,
,,,,,,,,,,,,,,,,,,,,,,,,,,,,,,,,,,,,4,,,9088000,,,,,0.26,0,217.8,0,0.9,0.64,6.0,0,0,0.9,0.9,0,0.0
6,6,5.144658088684082,4,3,440,6,1188,11,0.011,1.4817036166787148,1,12784640,1370,3e-05,15,264.87,9088000,,,,,,,,,,,,,,,,,,,,,,,,,,,,,,,,,,,,,,,
6,0,5.143578052520752,,39,,0,1188,,,1.4817036166787148,2,12789760,258,,,263.28,,0.0638427734375,0.6895832419395447,19954,3e-05,0.08,0.0003839223471004516,-0.4264306824654341,0.3115665912628174,0.0016670761,0.8125867208873387,,,,,,,,,,,,,,,,,,,,,,,,,,,,,
6,0,5.184776782989502,,78,,0,1188,,,1.4817036166787148,3,12794880,194,,,261.64,,0.0564453125,0.0066809942945837975,19962,3e-05,0.08,-0.0006705876250634902,-0.4306037463247776,0.4804016351699829,0.0010758138,0.8713910772028612,,,,,,,,,,,,,,,,,,,,,,,,,,,,,
6,0,5.132781505584717,,116,,0,1188,,,1.4817036166787148,4,12800000,176,,,263.32,,0.071240234375,2.701833486557007,19970,3e-05,0.08,-0.00036689699918497355,-0.4225807761773467,0.4829983115196228,0.0010058967,0.9315090260410216,,,,,,,,,,,,,,,,,,,,,,,,,,,,,
6,6,5.244510650634766,,152,,6,1194,,,1.4739759117364883,5,12805120,167,,,257.36,,0.0856689453125,0.11046598851680756,19978,3e-05,0.08,-0.0005081837793113664,-0.4312278968282044,0.5750833749771118,0.00088416773,0.8074784017167985,,,,,,,,,,,,,,,,,,,,,,,,,,,,,
6,6,,,,,,1194,,,1.4739759117364883,,,,,,,,0.079638671875,0.7754623889923096,19986,3e-05,0.08,0.00015658179472666234,-0.42661398397758604,0.38418686389923096,0.0014772082,0.9508355894358829,21.666666666666668,298,0.00622621373806103,0.0013967561929971479,0.617459237575531,1925,0.4352213541666667,0.1548051948051948,,,,,,,,,,,,,,,,,,,,,
,,,,,,,,,,,,,,,,,,,,,,,,,,,,,,,,,,,,4,0.93,5.105761251449585,9113600,260.43,2.0805972823063033,79.18487923840006,0,,,,,,,,,,,,,
,,,,,,,,,,,,,,,,,,,,,,,,,,,,,,,,,,,,4,0.46,4.062294093966484,9113600,321.28,3.008488827821015,129.77943442626034,1,,,,,,,,,,,,,
,,,,,,,,,,,,,,,,,,,,,,,,,,,,,,,,,,,,4,,,9113600,,,,,0.47000000000000003,0,217.8,1,0.93,0.46,6.0,0,0,0.93,0.93,0,0.0
6,0,5.374690532684326,4,3,440,0,1194,11,0.011,1.4739759117364883,1,12810240,1357,3e-05,15,252.74,9113600,,,,,,,,,,,,,,,,,,,,,,,,,,,,,,,,,,,,,,,
6,0,5.5159525871276855,,41,,0,1194,,,1.4739759117364883,2,12815360,247,,,247.84,,0.066064453125,0.026205068454146385,19994,3e-05,0.08,-0.00022938784240977839,-0.4162244377657771,0.19367671012878418,0.0014157674,0.5825721901055658,,,,,,,,,,,,,,,,,,,,,,,,,,,,,
6,0,5.482349395751953,,79,,0,1194,,,1.4739759117364883,3,12820480,192,,,249.6,,0.056689453125,0.055169664323329926,20002,3e-05,0.08,-0.0006429887565900571,-0.42200559470802546,0.446388304233551,0.0008481416,0.9099576012871694,,,,,,,,,,,,,,,,,,,,,,,,,,,,,
6,6,5.6230549812316895,,122,,6,1200,,,1.568485513329506,4,12825600,167,,,241.98,,0.070849609375,0.8405627012252808,20010,3e-05,0.08,-0.0004398424774990417,-0.44271132433786986,0.6514819264411926,0.0012561663,0.5731053046474699,,,,,,,,,,,,,,,,,,,,,,,,,,,,,
6,0,5.418260097503662,,161,,0,1200,,,1.568485513329506,5,12830720,158,,,252.25,,0.059130859375,0.34419912099838257,20018,3e-05,0.08,-0.0001583966179168783,-0.42298358301632105,0.5693920850753784,0.0009894159,0.7872076596075204,,,,,,,,,,,,,,,,,,,,,,,,,,,,,
6,0,,,,,,1200,,,1.568485513329506,,,,,,,,0.0563720703125,0.17735038697719574,20026,3e-05,0.08,0.000115174928214401,-0.41014542477205396,0.6268603205680847,0.0010789853,0.812953662162181,21.5,298,0.006244706655344226,0.0014147478193638973,0.6170286536216736,1925,0.4345703125,0.1548051948051948,,,,,,,,,,,,,,,,,,,,,
,,,,,,,,,,,,,,,,,,,,,,,,,,,,,,,,,,,,4,0.92,5.453910045027733,9139200,248.76,2.1321393364365533,85.7416025042686,0,,,,,,,,,,,,,
,,,,,,,,,,,,,,,,,,,,,,,,,,,,,,,,,,,,4,0.55,4.064075992596336,9139200,300.24,3.7270465521153535,128.32787070624994,1,,,,,,,,,,,,,
,,,,,,,,,,,,,,,,,,,,,,,,,,,,,,,,,,,,4,,,9139200,,,,,0.37,0,217.8,0,0.92,0.55,6.0,0,0,0.92,0.92,0,0.0
6,0,5.394594192504883,4,3,440,0,1200,11,0.011,1.568485513329506,1,12835840,1396,3e-05,15,253.72,9139200,,,,,,,,,,,,,,,,,,,,,,,,,,,,,,,,,,,,,,,
6,6,5.3882155418396,,40,,6,1206,,,1.474802774687608,2,12840960,250,,,254.72,,0.062646484375,0.37087613344192505,20034,3e-05,0.08,0.00022046228405088187,-0.4006009498611093,0.5157232284545898,0.0013127889,1.1161443415679968,,,,,,,,,,,,,,,,,,,,,,,,,,,,,
6,0,5.420899868011475,,81,,0,1206,,,1.474802774687608,3,12846080,187,,,251.83,,0.070361328125,0.25745800137519836,20042,3e-05,0.08,0.0003572357993107289,-0.4146423375234008,0.448780357837677,0.0017348233,0.9997278587368783,,,,,,,,,,,,,,,,,,,,,,,,,,,,,
6,0,5.306071758270264,,119,,0,1206,,,1.474802774687608,4,12851200,170,,,255.79,,0.0793212890625,0.06224006414413452,20050,3e-05,0.08,0.0005440099572297186,-0.41028184201568363,0.4750784635543823,0.0015994075,0.5321133053308585,,,,,,,,,,,,,,,,,,,,,,,,,,,,,
6,0,5.359682559967041,,156,,0,1206,,,1.474802774687608,5,12856320,163,,,250.75,,0.0847900390625,0.13672378659248352,20058,3e-05,0.08,0.0011172510392498225,-0.4435435256920755,0.7028125524520874,0.0010914134,0.5766682760324329,,,,,,,,,,,,,,,,,,,,,,,,,,,,,
6,0,,,,,,1206,,,1.474802774687608,,,,,,,,0.0825927734375,0.10736110806465149,20066,3e-05,0.08,0.0011746374584618025,-0.4048464053310454,0.6772774457931519,0.0011424186,0.9710626830696129,21.416666666666668,298,0.006254738831305102,0.001420951311066835,0.6160399317741394,1925,0.4342447916666667,0.1548051948051948,,,,,,,,,,,,,,,,,,,,,
,,,,,,,,,,,,,,,,,,,,,,,,,,,,,,,,,,,,4,0.92,5.25187814116478,9164800,257.14,1.9598910255107114,79.57587825465704,0,,,,,,,,,,,,,
,,,,,,,,,,,,,,,,,,,,,,,,,,,,,,,,,,,,4,0.57,4.546743505969643,9164800,291.21,3.2842730293337676,131.88823260624883,1,,,,,,,,,,,,,
,,,,,,,,,,,,,,,,,,,,,,,,,,,,,,,,,,,,4,,,9164800,,,,,0.3500000000000001,0,217.8,0,0.92,0.57,6.0,0,0,0.92,0.92,0,0.0
6,6,5.293872833251953,4,3,440,6,1212,11,0.011,1.3895176847775776,1,12861440,1409,3e-05,15,254.08,9164800,,,,,,,,,,,,,,,,,,,,,,,,,,,,,,,,,,,,,,,
6,0,5.307915210723877,,41,,0,1212,,,1.3895176847775776,2,12866560,249,,,252.21,,0.065087890625,0.9171305298805237,20074,3e-05,0.08,-0.00010048769181594252,-0.4149943577125669,0.6987603902816772,0.0007841153,0.9751554881979245,,,,,,,,,,,,,,,,,,,,,,,,,,,,,
6,0,5.397736072540283,,76,,0,1212,,,1.3895176847775776,3,12871680,201,,,249.02,,0.05458984375,0.0912727564573288,20082,3e-05,0.08,0.0001743199973134324,-0.4082820415496826,0.48638176918029785,0.00082549005,1.1318569339055102,,,,,,,,,,,,,,,,,,,,,,,,,,,,,
6,0,5.615904331207275,,118,,0,1212,,,1.3895176847775776,4,12876800,172,,,242.09,,0.0797607421875,0.07117155939340591,20090,3e-05,0.08,0.0003397235443117097,-0.42712638471275566,0.49606913328170776,0.0012915923,1.3103254710149486,,,,,,,,,,,,,,,,,,,,,,,,,,,,,
6,6,5.584336757659912,,159,,6,1218,,,1.4475664372245471,5,12881920,160,,,243.98,,0.071435546875,0.698497474193573,20098,3e-05,0.08,0.0004098611883819103,-0.408787983795628,0.4280455708503723,0.0012831277,0.7012683288601693,,,,,,,,,,,,,,,,,,,,,,,,,,,,,
6,6,,,,,,1218,,,1.4475664372245471,,,,,,,,0.0701416015625,0.7165166735649109,20106,3e-05,0.08,0.0006240214046556502,-0.41274323337711394,0.6244175434112549,0.0013747953,0.7737866260576993,21.333333333333332,298,0.006254271528367423,0.0014088792412576842,0.615619421005249,1925,0.43337673611111116,0.1548051948051948,,,,,,,,,,,,,,,,,,,,,
,,,,,,,,,,,,,,,,,,,,,,,,,,,,,,,,,,,,4,0.83,5.062351460158825,9190400,269.08,2.1945314393284843,95.5613603921585,0,,,,,,,,,,,,,
,,,,,,,,,,,,,,,,,,,,,,,,,,,,,,,,,,,,4,0.51,4.118519532978535,9190400,310.15,3.2124762798065785,130.79138924256446,1,,,,,,,,,,,,,
,,,,,,,,,,,,,,,,,,,,,,,,,,,,,,,,,,,,4,,,9190400,,,,,0.31999999999999995,0,217.8,0,0.83,0.51,6.0,0,0,0.83,0.83,0,0.0
6,0,5.4214253425598145,4,3,440,0,1218,11,0.011,1.4475664372245471,1,12887040,1386,3e-05,15,249.55,9190400,,,,,,,,,,,,,,,,,,,,,,,,,,,,,,,,,,,,,,,
6,0,5.43092155456543,,40,,0,1218,,,1.4475664372245471,2,12892160,251,,,249.83,,0.06748046875,0.34986066818237305,20114,3e-05,0.08,-0.0004031073985970579,-0.4277159718796611,0.5718027353286743,0.0013017994,1.06414125317242,,,,,,,,,,,,,,,,,,,,,,,,,,,,,
6,0,5.341038703918457,,77,,0,1218,,,1.4475664372245471,3,12897280,197,,,253.16,,0.0460205078125,2.0029091835021973,20122,3e-05,0.08,-0.0002593921439256519,-0.4198593015782535,0.3967939615249634,0.0009937182,1.2009630742017179,,,,,,,,,,,,,,,,,,,,,,,,,,,,,
6,6,5.283575534820557,,117,,6,1224,,,1.4606280302007992,4,12902400,174,,,256.77,,0.109716796875,1.560263752937317,20130,3e-05,0.08,0.002312489814357832,-0.44346455493941905,0.2646290063858032,0.0034398227,0.9903870330192148,,,,,,,,,,,,,,,,,,,,,,,,,,,,,
6,0,5.2885847091674805,,153,,0,1224,,,1.4606280302007992,5,12907520,167,,,257.76,,0.0748291015625,0.23632042109966278,20138,3e-05,0.08,-0.0005026496917707845,-0.4206591528840363,0.11165589094161987,0.0010015832,0.7998522167792543,,,,,,,,,,,,,,,,,,,,,,,,,,,,,
6,0,,,,,,1224,,,1.4606280302007992,,,,,,,,0.0564208984375,2.151656150817871,20146,3e-05,0.08,-5.645309865940362e-05,-0.4082064433488995,-0.039444684982299805,0.00094459776,0.7493199504679069,21.416666666666668,298,0.006221662506729772,0.0014069463648492308,0.6154540777206421,1925,0.4337022569444445,0.1548051948051948,,,,,,,,,,,,,,,,,,,,,
,,,,,,,,,,,,,,,,,,,,,,,,,,,,,,,,,,,,4,0.93,5.626095858812332,9216000,241.04,1.933196092361108,73.36919244478571,0,,,,,,,,,,,,,
,,,,,,,,,,,,,,,,,,,,,,,,,,,,,,,,,,,,4,0.5,4.101108378469944,9216000,307.27,3.574849517607753,134.45793803267992,1,,,,,,,,,,,,,
,,,,,,,,,,,,,,,,,,,,,,,,,,,,,,,,,,,,4,,,9216000,,,,,0.43000000000000005,0,217.8,1,0.93,0.5,6.0,0,0,0.93,0.93,0,0.0
6,0,5.410930633544922,4,3,440,0,1224,11,0.011,1.4606280302007992,1,12912640,1361,3e-05,15,255.07,9216000,,,,,,,,,,,,,,,,,,,,,,,,,,,,,,,,,,,,,,,
6,0,5.457398891448975,,38,,0,1224,,,1.4606280302007992,2,12917760,263,,,253.36,,0.0635009765625,0.3892209231853485,20154,3e-05,0.08,-7.426133379340172e-05,-0.41884827641770245,0.2267819046974182,0.00081909297,0.6571053876949009,,,,,,,,,,,,,,,,,,,,,,,,,,,,,
6,6,5.3366594314575195,,76,,6,1230,,,1.3505958889921506,3,12922880,199,,,258.96,,0.0595458984375,1.1178010702133179,20162,3e-05,0.08,-0.0003007320716278628,-0.424796278309077,0.338512659072876,0.0016420169,0.7844227390480227,,,,,,,,,,,,,,,,,,,,,,,,,,,,,
6,0,5.183321475982666,,110,,0,1230,,,1.3505958889921506,4,12928000,184,,,263.85,,0.07294921875,0.13464409112930298,20170,3e-05,0.08,0.0005213191354414449,-0.44293545838445425,0.4723550081253052,0.0011798018,0.8380573138652835,,,,,,,,,,,,,,,,,,,,,,,,,,,,,
6,0,5.196455001831055,,149,,0,1230,,,1.3505958889921506,5,12933120,171,,,262.51,,0.0468994140625,0.8330829739570618,20178,3e-05,0.08,0.0001065405856934376,-0.43258705181069673,0.36857593059539795,0.000775678,1.164278315368574,,,,,,,,,,,,,,,,,,,,,,,,,,,,,
6,0,,,,,,1230,,,1.3505958889921506,,,,,,,,0.065087890625,0.4676366150379181,20186,3e-05,0.08,-0.00047077065682969986,-0.4376468672417104,0.5078802108764648,0.0012672802,0.9488957040593959,21.416666666666668,298,0.006213528811118035,0.0013974107666186273,0.6139642000198364,1925,0.4337022569444445,0.1548051948051948,,,,,,,,,,,,,,,,,,,,,
,,,,,,,,,,,,,,,,,,,,,,,,,,,,,,,,,,,,4,0.9,5.439816074371338,9241600,251.56,1.7806529521401055,78.2330262740743,0,,,,,,,,,,,,,
,,,,,,,,,,,,,,,,,,,,,,,,,,,,,,,,,,,,4,0.52,4.400200028251857,9241600,303.47,3.0857033409478953,132.2487395024996,1,,,,,,,,,,,,,
,,,,,,,,,,,,,,,,,,,,,,,,,,,,,,,,,,,,4,,,9241600,,,,,0.38,0,217.8,0,0.9,0.52,6.0,0,0,0.9,0.9,0,0.0
6,0,5.224798202514648,4,3,440,0,1230,11,0.011,1.3505958889921506,1,12938240,1356,3e-05,15,259.22,9241600,,,,,,,,,,,,,,,,,,,,,,,,,,,,,,,,,,,,,,,
6,6,5.271472930908203,,42,,6,1236,,,1.3803677335381508,2,12943360,241,,,256.32,,0.0773681640625,0.5000457167625427,20194,3e-05,0.08,0.0005462343207909726,-0.42416642010211947,0.5224932432174683,0.0010160083,0.9535215805575717,,,,,,,,,,,,,,,,,,,,,,,,,,,,,
6,0,5.599187850952148,,85,,0,1236,,,1.3803677335381508,3,12948480,180,,,242.6,,0.0675048828125,0.044961586594581604,20202,3e-05,0.08,-0.0004781478171935305,-0.4583944016136229,0.14760679006576538,0.0011201137,1.1969210286566523,,,,,,,,,,,,,,,,,,,,,,,,,,,,,
6,0,5.530020236968994,,122,,0,1236,,,1.3803677335381508,4,12953600,166,,,245.75,,0.0906494140625,1.014050841331482,20210,3e-05,0.08,0.0015785010706167667,-0.4506460014730692,0.34810662269592285,0.0011530124,0.6634293072245783,,,,,,,,,,,,,,,,,,,,,,,,,,,,,
6,0,5.643590927124023,,157,,0,1236,,,1.3803677335381508,5,12958720,162,,,238.85,,0.0876220703125,0.35847118496894836,20218,3e-05,0.08,0.0003219808131689206,-0.45323342317715287,0.40318912267684937,0.0017891523,0.7891896135610296,,,,,,,,,,,,,,,,,,,,,,,,,,,,,
6,0,,,,,,1236,,,1.3803677335381508,,,,,,,,0.0445068359375,0.2544861435890198,20226,3e-05,0.08,-0.00046193342423066496,-0.44850431419909,0.38996148109436035,0.00052424637,0.9563072397490032,21.25,299,0.006193000736870797,0.0013798225057064697,0.6141000986099243,1925,0.4325086805555555,0.15532467532467534,,,,,,,,,,,,,,,,,,,,,
,,,,,,,,,,,,,,,,,,,,,,,,,,,,,,,,,,,,4,0.86,5.263524679541588,9267200,259.68,1.9700989441911774,86.33317786343788,0,,,,,,,,,,,,,
,,,,,,,,,,,,,,,,,,,,,,,,,,,,,,,,,,,,4,0.52,4.156892122272402,9267200,307.01,3.255900285270113,129.46625004224072,1,,,,,,,,,,,,,
,,,,,,,,,,,,,,,,,,,,,,,,,,,,,,,,,,,,4,,,9267200,,,,,0.33999999999999997,0,217.8,0,0.86,0.52,6.0,0,0,0.86,0.86,0,0.0
6,6,5.448902606964111,4,3,440,6,1242,11,0.011,1.37360417842865,1,12963840,1354,3e-05,15,247.29,9267200,,,,,,,,,,,,,,,,,,,,,,,,,,,,,,,,,,,,,,,
6,0,5.434953689575195,,37,,0,1242,,,1.37360417842865,2,12968960,272,,,249.12,,0.0900634765625,1.3735427856445312,20234,3e-05,0.08,0.0005844694664119743,-0.4462411140091717,0.31752079725265503,0.0016524375,0.9753561626916053,,,,,,,,,,,,,,,,,,,,,,,,,,,,,
6,0,5.109745025634766,,73,,0,1242,,,1.37360417842865,3,12974080,207,,,263.17,,0.063818359375,0.9113090634346008,20242,3e-05,0.08,-5.8440866996534166e-05,-0.4499350756406784,0.1678350567817688,0.0014389891,1.2145596864982509,,,,,,,,,,,,,,,,,,,,,,,,,,,,,
6,0,5.121662616729736,,108,,0,1242,,,1.37360417842865,4,12979200,188,,,263.04,,0.083154296875,0.11228468269109726,20250,3e-05,0.08,0.0009645370635553263,-0.45249685728922484,0.11541712284088135,0.0009424005,0.8218274678685702,,,,,,,,,,,,,,,,,,,,,,,,,,,,,
6,6,4.805824279785156,,145,,6,1248,,,1.28328313305974,5,12984320,176,,,275.65,,0.0751220703125,0.7818208932876587,20258,3e-05,0.08,-0.00018732288153842092,-0.4557382631115615,0.21342086791992188,0.001230126,1.1421858013549353,,,,,,,,,,,,,,,,,,,,,,,,,,,,,
6,6,,,,,,1248,,,1.28328313305974,,,,,,,,0.0834228515625,0.7766321897506714,20266,3e-05,0.08,-0.00017351445130771027,-0.4509243256412446,0.32100969552993774,0.0014289083,1.045454455788422,21.333333333333332,299,0.006160189413655596,0.0013824735358445772,0.6155405044555664,1925,0.43283420138888884,0.15532467532467534,,,,,,,,,,,,,,,,,,,,,
,,,,,,,,,,,,,,,,,,,,,,,,,,,,,,,,,,,,4,0.89,5.1439936197549105,9292800,262.57,1.9997446387755096,84.02800188032559,0,,,,,,,,,,,,,
,,,,,,,,,,,,,,,,,,,,,,,,,,,,,,,,,,,,4,0.59,4.7767608016729355,9292800,284.99,3.1483894538927624,131.29200242208205,1,,,,,,,,,,,,,
,,,,,,,,,,,,,,,,,,,,,,,,,,,,,,,,,,,,4,,,9292800,,,,,0.30000000000000004,0,217.8,0,0.89,0.59,6.0,0,0,0.89,0.89,0,0.0
6,0,5.0107316970825195,4,3,440,0,1248,11,0.011,1.28328313305974,1,12989440,1351,3e-05,15,268.24,9292800,,,,,,,,,,,,,,,,,,,,,,,,,,,,,,,,,,,,,,,
6,0,4.8709001541137695,,38,,0,1248,,,1.28328313305974,2,12994560,264,,,275.34,,0.066357421875,1.1711909770965576,20274,3e-05,0.08,-0.0006785590492654591,-0.42755679981783035,0.3755010962486267,0.0013100998,1.1487146873609162,,,,,,,,,,,,,,,,,,,,,,,,,,,,,
6,0,5.102279186248779,,75,,0,1248,,,1.28328313305974,3,12999680,202,,,265.99,,0.08486328125,1.5706292390823364,20282,3e-05,0.08,0.0007438764267135411,-0.45684707816690207,0.46735066175460815,0.0017971515,1.032458124088589,,,,,,,,,,,,,,,,,,,,,,,,,,,,,
6,6,5.128030300140381,,112,,6,1254,,,1.3646989067395527,4,13004800,181,,,264.42,,0.0723876953125,0.027534382417798042,20290,3e-05,0.08,-0.00048592311650281773,-0.4613401783630252,0.2757076621055603,0.0009786285,1.2552695685299113,,,,,,,,,,,,,,,,,,,,,,,,,,,,,
6,0,5.453123092651367,,152,,0,1254,,,1.3646989067395527,5,13009920,167,,,251.24,,0.060009765625,0.0643642246723175,20298,3e-05,0.08,-0.00042153418326051906,-0.46555916136130693,0.2798722982406616,0.0012859158,0.9204258391342591,,,,,,,,,,,,,,,,,,,,,,,,,,,,,
6,0,,,,,,1254,,,1.3646989067395527,,,,,,,,0.079443359375,0.22871489822864532,20306,3e-05,0.08,0.00027317011554259805,-0.45984458243474363,0.2319934368133545,0.0010452551,1.0452119514520746,21.166666666666668,299,0.006181738485899977,0.0014184972820860747,0.6151835918426514,1925,0.43218315972222215,0.15532467532467534,,,,,,,,,,,,,,,,,,,,,
,,,,,,,,,,,,,,,,,,,,,,,,,,,,,,,,,,,,4,0.88,5.22672103881836,9318400,259.93,2.009671426673865,86.87775952451813,0,,,,,,,,,,,,,
,,,,,,,,,,,,,,,,,,,,,,,,,,,,,,,,,,,,4,0.52,4.192129616886377,9318400,302.42,3.563167273383708,133.6338415222731,1,,,,,,,,,,,,,
,,,,,,,,,,,,,,,,,,,,,,,,,,,,,,,,,,,,4,,,9318400,,,,,0.36,0,217.8,0,0.88,0.52,6.0,0,0,0.88,0.88,0,0.0
6,0,5.628915786743164,4,3,440,0,1254,11,0.011,1.3646989067395527,1,13015040,1423,3e-05,15,242.73,9318400,,,,,,,,,,,,,,,,,,,,,,,,,,,,,,,,,,,,,,,
6,0,5.573200225830078,,43,,0,1254,,,1.3646989067395527,2,13020160,236,,,242.91,,0.074609375,0.13056480884552002,20314,3e-05,0.08,0.00021879549458390102,-0.45744894044473766,0.29847002029418945,0.0012538328,0.9167170592467301,,,,,,,,,,,,,,,,,,,,,,,,,,,,,
6,6,5.496346950531006,,81,,6,1260,,,1.4571865983307362,3,13025280,188,,,245.37,,0.060205078125,0.1213679164648056,20322,3e-05,0.08,0.0004072388415806927,-0.4425727312453091,0.29072415828704834,0.0011319802,0.7277581531205215,,,,,,,,,,,,,,,,,,,,,,,,,,,,,
6,0,5.390732288360596,,117,,0,1260,,,1.4571865983307362,4,13030400,173,,,250.14,,0.060888671875,0.35424724221229553,20330,3e-05,0.08,-0.00036787957651540637,-0.4464448604732752,0.24119418859481812,0.0011111718,0.5637256985763088,,,,,,,,,,,,,,,,,,,,,,,,,,,,,
6,0,5.372242450714111,,153,,0,1260,,,1.4571865983307362,5,13035520,167,,,252.85,,0.064013671875,0.008096043020486832,20338,3e-05,0.08,-0.0001578897499712184,-0.4447159567847848,0.2616533041000366,0.0009356065,0.7403256933786906,,,,,,,,,,,,,,,,,,,,,,,,,,,,,
6,0,,,,,,1260,,,1.4571865983307362,,,,,,,,0.0853759765625,0.9448142051696777,20346,3e-05,0.08,0.0002916417841333896,-0.4800820032134652,0.43619775772094727,0.0018868006,0.9049956173053942,21.083333333333332,299,0.006143908781163953,0.0013734196397756288,0.6149548292160034,1925,0.4313151041666667,0.15532467532467534,,,,,,,,,,,,,,,,,,,,,
,,,,,,,,,,,,,,,,,,,,,,,,,,,,,,,,,,,,4,0.93,5.641775571703911,9344000,242.29,1.8520062168783589,76.64963078841281,0,,,,,,,,,,,,,
,,,,,,,,,,,,,,,,,,,,,,,,,,,,,,,,,,,,4,0.52,3.7599134597927333,9344000,310.32,4.063713418894704,127.61488001013048,1,,,,,,,,,,,,,
,,,,,,,,,,,,,,,,,,,,,,,,,,,,,,,,,,,,4,,,9344000,,,,,0.41000000000000003,0,217.8,1,0.93,0.52,6.0,0,0,0.93,0.93,0,0.0
6,0,5.197429180145264,4,3,440,0,1260,11,0.011,1.4571865983307362,1,13040640,1418,3e-05,15,260.13,9344000,,,,,,,,,,,,,,,,,,,,,,,,,,,,,,,,,,,,,,,
6,6,5.182549953460693,,42,,6,1266,,,1.393386673182249,2,13045760,241,,,260.82,,0.0791748046875,0.732659637928009,20354,3e-05,0.08,0.0009790572104975582,-0.4594621269032359,0.3494412302970886,0.0018667143,1.1786788916389923,,,,,,,,,,,,,,,,,,,,,,,,,,,,,
6,0,5.155419826507568,,78,,0,1266,,,1.393386673182249,3,13050880,196,,,262.54,,0.0720458984375,0.25683778524398804,20362,3e-05,0.08,-0.0003619290830101818,-0.45626102956011894,0.44641172885894775,0.00079295906,0.804497663618531,,,,,,,,,,,,,,,,,,,,,,,,,,,,,
6,0,5.266345024108887,,114,,0,1266,,,1.393386673182249,4,13056000,178,,,256.98,,0.067041015625,0.002972252666950226,20370,3e-05,0.08,-0.00014824963436694817,-0.46764855179935694,0.3500096797943115,0.0013453739,0.9527624420763459,,,,,,,,,,,,,,,,,,,,,,,,,,,,,
6,6,5.268350601196289,,153,,6,1272,,,1.3769183456897736,5,13061120,167,,,256.32,,0.0633056640625,0.04578335955739021,20378,3e-05,0.08,-0.000282860103470739,-0.46995446598157287,0.2880980372428894,0.0014057035,0.9023235928092618,,,,,,,,,,,,,,,,,,,,,,,,,,,,,
6,6,,,,,,1272,,,1.3769183456897736,,,,,,,,0.0608642578125,0.41280221939086914,20386,3e-05,0.08,-0.0006968967136344872,-0.47977281725034115,0.34239959716796875,0.00067087926,0.7776777126942761,21.083333333333332,299,0.006141759497241812,0.0013659837965026194,0.6146620512008667,1925,0.43185763888888884,0.15532467532467534,,,,,,,,,,,,,,,,,,,,,
,,,,,,,,,,,,,,,,,,,,,,,,,,,,,,,,,,,,4,0.92,5.619344199150801,9369600,242.02,2.0043064891995863,78.27093713505673,0,,,,,,,,,,,,,
,,,,,,,,,,,,,,,,,,,,,,,,,,,,,,,,,,,,4,0.53,4.392700687199831,9369600,300.07,3.2502639001359093,134.89049299339075,1,,,,,,,,,,,,,
,,,,,,,,,,,,,,,,,,,,,,,,,,,,,,,,,,,,4,,,9369600,,,,,0.39,0,217.8,0,0.92,0.53,6.0,0,0,0.92,0.92,0,0.0
6,0,5.276247501373291,4,3,440,0,1272,11,0.011,1.3769183456897736,1,13066240,1367,3e-05,15,255.39,9369600,,,,,,,,,,,,,,,,,,,,,,,,,,,,,,,,,,,,,,,
6,0,5.24644660949707,,38,,0,1272,,,1.3769183456897736,2,13071360,266,,,255.5,,0.063720703125,0.314313143491745,20394,3e-05,0.08,-0.0003460283653112128,-0.46210897881537677,0.32901865243911743,0.0009689621,0.7000110446708276,,,,,,,,,,,,,,,,,,,,,,,,,,,,,
6,0,5.144280910491943,,80,,0,1272,,,1.3769183456897736,3,13076480,190,,,260.49,,0.0802978515625,0.008482538163661957,20402,3e-05,0.08,1.2158910976722836e-05,-0.46257378840819,0.21160900592803955,0.0012536795,1.1853164569300134,,,,,,,,,,,,,,,,,,,,,,,,,,,,,
6,6,5.187079429626465,,117,,6,1278,,,1.3030641774336498,4,13081600,173,,,258.89,,0.0728759765625,0.5887386798858643,20410,3e-05,0.08,-0.000336271952255629,-0.4684477191418409,0.19445687532424927,0.0018098656,0.9534865362395066,,,,,,,,,,,,,,,,,,,,,,,,,,,,,
6,0,5.2560553550720215,,161,,0,1278,,,1.3030641774336498,5,13086720,158,,,255.04,,0.081689453125,0.5683645606040955,20418,3e-05,0.08,0.00044465604587458075,-0.47352223955094813,0.07891428470611572,0.0015354815,1.3279333724378375,,,,,,,,,,,,,,,,,,,,,,,,,,,,,
6,0,,,,,,1278,,,1.3030641774336498,,,,,,,,0.100146484375,0.12219753116369247,20426,3e-05,0.08,0.001267801722860895,-0.468797012232244,0.1445850133895874,0.0031314113,0.7359758912120015,21.083333333333332,299,0.0061263842044367404,0.001368691053988798,0.6145084500312805,1925,0.43185763888888884,0.15532467532467534,,,,,,,,,,,,,,,,,,,,,
,,,,,,,,,,,,,,,,,,,,,,,,,,,,,,,,,,,,4,0.89,5.117962820380926,9395200,262.39,2.191809736651285,87.23897007645151,0,,,,,,,,,,,,,
,,,,,,,,,,,,,,,,,,,,,,,,,,,,,,,,,,,,4,0.51,4.206641166210175,9395200,309.07,3.101522847250479,130.0248633915837,1,,,,,,,,,,,,,
,,,,,,,,,,,,,,,,,,,,,,,,,,,,,,,,,,,,4,,,9395200,,,,,0.38,0,217.8,0,0.89,0.51,6.0,0,0,0.89,0.89,0,0.0
6,0,5.313104152679443,4,3,440,0,1278,11,0.011,1.3030641774336498,1,13091840,1417,3e-05,15,254.3,9395200,,,,,,,,,,,,,,,,,,,,,,,,,,,,,,,,,,,,,,,
6,0,5.4507293701171875,,40,,0,1278,,,1.3030641774336498,2,13096960,252,,,250.65,,0.075341796875,0.5637521147727966,20434,3e-05,0.08,8.204531332012266e-06,-0.4702153122983873,0.174798846244812,0.0011882263,0.7582665694528259,,,,,,,,,,,,,,,,,,,,,,,,,,,,,
6,6,5.404738903045654,,78,,6,1284,,,1.3695164248347282,3,13102080,195,,,252.77,,0.0646240234375,0.37691017985343933,20442,3e-05,0.08,-8.201905875466764e-05,-0.4884275856427848,0.35334646701812744,0.0013454412,0.7716924798674881,,,,,,,,,,,,,,,,,,,,,,,,,,,,,
6,0,5.209772109985352,,111,,0,1284,,,1.3695164248347282,4,13107200,183,,,261.18,,0.0504638671875,0.12233775109052658,20450,3e-05,0.08,-0.0005209807481151074,-0.45037313755601643,0.17042696475982666,0.0007090115,0.8165945904329419,,,,,,,,,,,,,,,,,,,,,,,,,,,,,
6,0,4.942378044128418,,148,,0,1284,,,1.3695164248347282,5,13112320,172,,,271.85,,0.0645263671875,0.18508294224739075,20458,3e-05,0.08,-0.0005937798952800222,-0.4410533273592591,0.15070563554763794,0.0007958195,0.6136736778309568,,,,,,,,,,,,,,,,,,,,,,,,,,,,,
6,0,,,,,,1284,,,1.3695164248347282,,,,,,,,0.0840087890625,0.02835637517273426,20466,3e-05,0.08,0.0006120344274677336,-0.42923497362062335,0.0780102014541626,0.0008779457,0.9963968932133866,21.166666666666668,299,0.006146706296209429,0.001378904680914312,0.6138290762901306,1925,0.43218315972222215,0.15532467532467534,,,,,,,,,,,,,,,,,,,,,
,,,,,,,,,,,,,,,,,,,,,,,,,,,,,,,,,,,,4,0.95,5.7986401303112505,9420800,235.96,1.7472835289640898,71.32151428566277,0,,,,,,,,,,,,,
,,,,,,,,,,,,,,,,,,,,,,,,,,,,,,,,,,,,4,0.5,4.1429719099402424,9420800,316.68,2.8591520077448678,125.28079501663453,1,,,,,,,,,,,,,
,,,,,,,,,,,,,,,,,,,,,,,,,,,,,,,,,,,,4,,,9420800,,,,,0.44999999999999996,0,217.8,1,0.95,0.5,6.0,0,0,0.95,0.95,0,0.0
6,0,4.978099346160889,4,3,440,0,1284,11,0.011,1.3695164248347282,1,13117440,1378,3e-05,15,270.6,9420800,,,,,,,,,,,,,,,,,,,,,,,,,,,,,,,,,,,,,,,
6,6,5.072518825531006,,37,,6,1290,,,1.393774467209975,2,13122560,274,,,266.45,,0.055029296875,0.05404539406299591,20474,3e-05,0.08,-1.0749787907116116e-05,-0.42704671490937474,0.27145063877105713,0.0008853307,0.787056437706633,,,,,,,,,,,,,,,,,,,,,,,,,,,,,
6,0,5.179802894592285,,76,,0,1290,,,1.393774467209975,3,13127680,201,,,261.69,,0.0808349609375,0.37793996930122375,20482,3e-05,0.08,-0.00040528907265979797,-0.44504879307933154,0.36079877614974976,0.0013637955,0.703922157449415,,,,,,,,,,,,,,,,,,,,,,,,,,,,,
6,0,5.50166130065918,,115,,0,1290,,,1.393774467209975,4,13132800,178,,,247.57,,0.0664306640625,0.04418255016207695,20490,3e-05,0.08,7.372743275482207e-05,-0.453136545419693,0.4077915549278259,0.0016381439,0.8020263045531465,,,,,,,,,,,,,,,,,,,,,,,,,,,,,
6,0,5.556623935699463,,154,,0,1290,,,1.393774467209975,5,13137920,165,,,245.76,,0.0823486328125,0.02393614873290062,20498,3e-05,0.08,0.0001866011312813498,-0.47636826410889627,0.6398988962173462,0.0012844026,0.46685367460013366,,,,,,,,,,,,,,,,,,,,,,,,,,,,,
6,0,,,,,,1290,,,1.393774467209975,,,,,,,,0.0706787109375,0.041846711188554764,20506,3e-05,0.08,0.00022347882622852921,-0.43761220369488,0.4196318984031677,0.0013281141,0.5866819171176758,21.0,299,0.006180826356295061,0.0014155620154705337,0.6141576766967773,1925,0.4309895833333333,0.15532467532467534,,,,,,,,,,,,,,,,,,,,,
,,,,,,,,,,,,,,,,,,,,,,,,,,,,,,,,,,,,4,0.89,5.0586941343545915,9446400,266.13,2.0158218400205072,84.52202730649567,0,,,,,,,,,,,,,
,,,,,,,,,,,,,,,,,,,,,,,,,,,,,,,,,,,,4,0.58,4.552070489674807,9446400,295.37,2.9848180170969436,125.87292441188454,1,,,,,,,,,,,,,
,,,,,,,,,,,,,,,,,,,,,,,,,,,,,,,,,,,,4,,,9446400,,,,,0.31000000000000005,0,217.8,0,0.89,0.58,6.0,0,0,0.89,0.89,0,0.0
6,6,5.557425022125244,4,3,440,6,1296,11,0.011,1.4238891551891963,1,13143040,1419,3e-05,15,246.43,9446400,,,,,,,,,,,,,,,,,,,,,,,,,,,,,,,,,,,,,,,
6,0,5.4953413009643555,,37,,0,1296,,,1.4238891551891963,2,13148160,272,,,249.22,,0.080517578125,0.5455938577651978,20514,3e-05,0.08,0.00015578571910737082,-0.4402517180889845,0.376218318939209,0.0010754665,0.5816781400935724,,,,,,,,,,,,,,,,,,,,,,,,,,,,,
6,0,5.4475483894348145,,70,,0,1296,,,1.4238891551891963,3,13153280,216,,,252.79,,0.065625,0.08739981055259705,20522,3e-05,0.08,-0.00023665696498937906,-0.427197165414691,0.46686697006225586,0.0009568723,0.7538029188406654,,,,,,,,,,,,,,,,,,,,,,,,,,,,,
6,0,5.382138252258301,,106,,0,1296,,,1.4238891551891963,4,13158400,192,,,255.6,,0.06005859375,0.6005257964134216,20530,3e-05,0.08,-9.14723044843413e-05,-0.4255215802229941,0.5411139726638794,0.0012030352,0.7836669745040126,,,,,,,,,,,,,,,,,,,,,,,,,,,,,
6,6,5.511165142059326,,149,,6,1302,,,1.4409111899634202,5,13163520,171,,,251.8,,0.0880126953125,0.09188197553157806,20538,3e-05,0.08,-0.0005212900854530744,-0.43271791394799947,0.5583419799804688,0.002123071,0.8110051506198943,,,,,,,,,,,,,,,,,,,,,,,,,,,,,
6,6,,,,,,1302,,,1.4409111899634202,,,,,,,,0.0740478515625,0.6376335024833679,20546,3e-05,0.08,0.0008831593309878372,-0.44205227615311743,0.5557582378387451,0.0014236623,0.712352455285145,21.0,299,0.006199169757774562,0.0014451557813539347,0.6130061745643616,1925,0.4309895833333333,0.15532467532467534,,,,,,,,,,,,,,,,,,,,,
,,,,,,,,,,,,,,,,,,,,,,,,,,,,,,,,,,,,4,0.87,5.457677949070931,9472000,253.6,1.9341101189028167,86.06846112252734,0,,,,,,,,,,,,,
,,,,,,,,,,,,,,,,,,,,,,,,,,,,,,,,,,,,4,0.59,4.587509140148759,9472000,292.27,3.0604492017957527,126.32282889485971,1,,,,,,,,,,,,,
,,,,,,,,,,,,,,,,,,,,,,,,,,,,,,,,,,,,4,,,9472000,,,,,0.28,0,217.8,0,0.87,0.59,6.0,0,0,0.87,0.87,0,0.0
6,0,5.409397125244141,4,3,440,0,1302,11,0.011,1.4409111899634202,1,13168640,1415,3e-05,15,257.51,9472000,,,,,,,,,,,,,,,,,,,,,,,,,,,,,,,,,,,,,,,
6,0,5.421977996826172,,38,,0,1302,,,1.4409111899634202,2,13173760,265,,,255.7,,0.0712646484375,1.1047067642211914,20554,3e-05,0.08,0.00041986076103057713,-0.4339356848038733,0.5895965695381165,0.0011456681,0.8746042135026073,,,,,,,,,,,,,,,,,,,,,,,,,,,,,
6,0,5.379904270172119,,74,,0,1302,,,1.4409111899634202,3,13178880,205,,,255.03,,0.0810791015625,0.011534084565937519,20562,3e-05,0.08,0.000525606534210965,-0.4302275000140071,0.48822522163391113,0.0012174184,1.1809468100953382,,,,,,,,,,,,,,,,,,,,,,,,,,,,,
6,6,5.316872596740723,,110,,6,1308,,,1.338047889371713,4,13184000,185,,,257.87,,0.05576171875,0.2343306839466095,20570,3e-05,0.08,0.00013205015566200017,-0.4402866088785231,0.5116525888442993,0.0011680025,0.9336402606335469,,,,,,,,,,,,,,,,,,,,,,,,,,,,,
6,0,5.09237813949585,,146,,0,1308,,,1.338047889371713,5,13189120,174,,,266.09,,0.0822265625,0.9864753484725952,20578,3e-05,0.08,0.000560229120310396,-0.455608737654984,0.5052744746208191,0.0017791977,1.0750114722352009,,,,,,,,,,,,,,,,,,,,,,,,,,,,,
6,0,,,,,,1308,,,1.338047889371713,,,,,,,,0.075927734375,0.4832274615764618,20586,3e-05,0.08,0.0008198314535547979,-0.4413552740588784,0.620357871055603,0.00091745483,1.032821346592391,20.833333333333332,299,0.0061524136280538735,0.0013951428166311646,0.6132374405860901,1925,0.4303385416666667,0.15532467532467534,,,,,,,,,,,,,,,,,,,,,
,,,,,,,,,,,,,,,,,,,,,,,,,,,,,,,,,,,,4,0.91,5.204001618921756,9497600,258.87,2.005183530792207,82.17976089037981,0,,,,,,,,,,,,,
,,,,,,,,,,,,,,,,,,,,,,,,,,,,,,,,,,,,4,0.49,3.824489960670471,9497600,321.53,3.2769280920394244,126.56527604362897,1,,,,,,,,,,,,,
,,,,,,,,,,,,,,,,,,,,,,,,,,,,,,,,,,,,4,,,9497600,,,,,0.42000000000000004,0,217.8,0,0.91,0.49,6.0,0,0,0.91,0.91,0,0.0
6,0,5.154855251312256,4,3,440,0,1308,11,0.011,1.338047889371713,1,13194240,1440,3e-05,15,259.69,9497600,,,,,,,,,,,,,,,,,,,,,,,,,,,,,,,,,,,,,,,
6,0,5.1779704093933105,,38,,0,1308,,,1.338047889371713,2,13199360,263,,,259.23,,0.0693603515625,0.14657723903656006,20594,3e-05,0.08,0.0008484370526275597,-0.45417130505666137,0.544969916343689,0.001066651,0.8135018695917097,,,,,,,,,,,,,,,,,,,,,,,,,,,,,
6,6,5.3454790115356445,,74,,6,1314,,,1.4950174515446026,3,13204480,205,,,253.76,,0.0714111328125,0.05838015675544739,20602,3e-05,0.08,-0.0008279343659523874,-0.4571318683214486,0.47678059339523315,0.0008659983,0.6283922172355233,,,,,,,,,,,,,,,,,,,,,,,,,,,,,
6,0,5.291920185089111,,113,,0,1314,,,1.4950174515446026,4,13209600,180,,,255.61,,0.090576171875,0.09408314526081085,20610,3e-05,0.08,0.0007210326148197055,-0.45052889436483384,0.46429961919784546,0.0013508352,0.6395534777198918,,,,,,,,,,,,,,,,,,,,,,,,,,,,,
6,0,5.201899528503418,,146,,0,1314,,,1.4950174515446026,5,13214720,174,,,258.44,,0.0679443359375,0.5909515023231506,20618,3e-05,0.08,0.0005097840577946045,-0.44696284625679256,0.5136529207229614,0.0014738139,0.8606058372126426,,,,,,,,,,,,,,,,,,,,,,,,,,,,,
6,0,,,,,,1314,,,1.4950174515446026,,,,,,,,0.0619384765625,0.1662876456975937,20626,3e-05,0.08,-5.497936945175752e-05,-0.4471919767558575,0.5650304555892944,0.0010259798,0.9742969292274211,20.833333333333332,299,0.006155236468979702,0.0013907540068745137,0.6139901280403137,1925,0.4303385416666667,0.15532467532467534,,,,,,,,,,,,,,,,,,,,,
,,,,,,,,,,,,,,,,,,,,,,,,,,,,,,,,,,,,4,0.91,5.347001487314701,9523200,254.18,2.004364495722942,82.22157624370868,0,,,,,,,,,,,,,
,,,,,,,,,,,,,,,,,,,,,,,,,,,,,,,,,,,,4,0.5,4.078450795710086,9523200,315.5,3.035500843177559,127.38371167460933,1,,,,,,,,,,,,,
,,,,,,,,,,,,,,,,,,,,,,,,,,,,,,,,,,,,4,,,9523200,,,,,0.41000000000000003,0,217.8,0,0.91,0.5,6.0,0,0,0.91,0.91,0,0.0
6,0,5.401637554168701,4,3,440,0,1314,11,0.011,1.4950174515446026,1,13219840,1448,3e-05,15,252.02,9523200,,,,,,,,,,,,,,,,,,,,,,,,,,,,,,,,,,,,,,,
6,6,5.394376277923584,,40,,6,1320,,,1.4875000516573589,2,13224960,253,,,251.88,,0.055078125,0.6309042572975159,20634,3e-05,0.08,-0.00032210250210482625,-0.45672758799046276,0.6349794864654541,0.0010171566,0.9139180171187036,,,,,,,,,,,,,,,,,,,,,,,,,,,,,
6,0,5.209640026092529,,80,,0,1320,,,1.4875000516573589,3,13230080,191,,,258.02,,0.0661376953125,0.21646817028522491,20642,3e-05,0.08,-0.0006624579837080091,-0.45649436889216305,0.5356314182281494,0.0009830807,0.755489749048138,,,,,,,,,,,,,,,,,,,,,,,,,,,,,
6,0,5.337457180023193,,117,,0,1320,,,1.4875000516573589,4,13235200,174,,,253.78,,0.0838134765625,0.07474436610937119,20650,3e-05,0.08,0.00038160248950589446,-0.44333880664780734,0.5787709951400757,0.0017637132,0.8231455735280179,,,,,,,,,,,,,,,,,,,,,,,,,,,,,
6,0,5.29220724105835,,145,,0,1320,,,1.4875000516573589,5,13240320,175,,,254.74,,0.0792236328125,0.12244276702404022,20658,3e-05,0.08,0.0012654494581511243,-0.44343225033953787,0.6196759939193726,0.0013054155,0.7788841969246277,,,,,,,,,,,,,,,,,,,,,,,,,,,,,
6,0,,,,,,1320,,,1.4875000516573589,,,,,,,,0.0722412109375,0.3316177725791931,20666,3e-05,0.08,0.00037471162067959085,-0.4663100861944258,0.6474751830101013,0.0011615531,1.0563365614507347,20.666666666666668,299,0.006155741297630124,0.001398113047085896,0.6131193041801453,1925,0.42816840277777785,0.15532467532467534,,,,,,,,,,,,,,,,,,,,,
,,,,,,,,,,,,,,,,,,,,,,,,,,,,,,,,,,,,4,0.93,5.587482894137501,9548800,243.55,2.011259345960022,80.56554784769976,0,,,,,,,,,,,,,
,,,,,,,,,,,,,,,,,,,,,,,,,,,,,,,,,,,,4,0.58,4.6554846794903275,9548800,290.87,3.042418274723346,128.88565901604414,1,,,,,,,,,,,,,
,,,,,,,,,,,,,,,,,,,,,,,,,,,,,,,,,,,,4,,,9548800,,,,,0.3500000000000001,0,217.8,1,0.93,0.58,6.0,0,0,0.93,0.93,0,0.0
6,6,5.336925506591797,4,3,440,6,1326,11,0.011,1.3804568548997243,1,13245440,1510,3e-05,15,253.99,9548800,,,,,,,,,,,,,,,,,,,,,,,,,,,,,,,,,,,,,,,
6,0,5.1538004875183105,,44,,0,1326,,,1.3804568548997243,2,13250560,232,,,262.54,,0.0656982421875,0.16088302433490753,20674,3e-05,0.08,0.0005266438733087852,-0.46068258993327615,0.4253614544868469,0.0019856263,1.2265151435683948,,,,,,,,,,,,,,,,,,,,,,,,,,,,,
6,0,5.26113224029541,,79,,0,1326,,,1.3804568548997243,3,13255680,192,,,260.33,,0.10126953125,0.3581927716732025,20682,3e-05,0.08,0.0006803681520977989,-0.4545633187517524,0.44108760356903076,0.0020194948,0.7791017244278919,,,,,,,,,,,,,,,,,,,,,,,,,,,,,
6,0,5.028015613555908,,116,,0,1326,,,1.3804568548997243,4,13260800,175,,,267.95,,0.0896728515625,0.06592947989702225,20690,3e-05,0.08,0.0008191166503820569,-0.4447666953317821,0.39696866273880005,0.0015335048,0.6238159917877055,,,,,,,,,,,,,,,,,,,,,,,,,,,,,
6,6,5.08293342590332,,149,,6,1332,,,1.3441740050911903,5,13265920,171,,,267.46,,0.0560791015625,0.10816366225481033,20698,3e-05,0.08,0.0003871174209052697,-0.45464762384071944,0.5011808276176453,0.000993629,1.0357020557887153,,,,,,,,,,,,,,,,,,,,,,,,,,,,,
6,6,,,,,,1332,,,1.3441740050911903,,,,,,,,0.0685791015625,0.640162467956543,20706,3e-05,0.08,-9.677794732851908e-05,-0.46819245340302584,0.6224842071533203,0.0013500871,0.8671361211687326,20.583333333333332,299,0.0061316375022001475,0.0013757591924367183,0.6131376028060913,1925,0.4278428819444445,0.15532467532467534,,,,,,,,,,,,,,,,,,,,,
,,,,,,,,,,,,,,,,,,,,,,,,,,,,,,,,,,,,4,0.88,5.239459083825349,9574400,260.1,2.0060109354707745,86.81480288522229,0,,,,,,,,,,,,,
,,,,,,,,,,,,,,,,,,,,,,,,,,,,,,,,,,,,4,0.45,3.4925584297068415,9574400,329.41,3.3947263175424194,125.1010867258954,1,,,,,,,,,,,,,
,,,,,,,,,,,,,,,,,,,,,,,,,,,,,,,,,,,,4,,,9574400,,,,,0.43,0,217.8,0,0.88,0.45,6.0,0,0,0.88,0.88,0,0.0
6,0,5.028913974761963,4,3,440,0,1332,11,0.011,1.3441740050911903,1,13271040,1450,3e-05,15,267.83,9574400,,,,,,,,,,,,,,,,,,,,,,,,,,,,,,,,,,,,,,,
6,0,5.055538177490234,,39,,0,1332,,,1.3441740050911903,2,13276160,261,,,266.31,,0.065478515625,0.49817052483558655,20714,3e-05,0.08,-0.0007934027293231338,-0.4610748249106109,0.5410640239715576,0.0010022866,0.8964678314747289,,,,,,,,,,,,,,,,,,,,,,,,,,,,,
6,6,5.068053722381592,,75,,6,1338,,,1.4194150778154533,3,13281280,203,,,266.79,,0.1,0.0616358183324337,20722,3e-05,0.08,0.0007091387305990793,-0.4629457307048142,0.6754778623580933,0.0025713267,0.7631569425459019,,,,,,,,,,,,,,,,,,,,,,,,,,,,,
6,0,5.068422317504883,,113,,0,1338,,,1.4194150778154533,4,13286400,179,,,267.92,,0.0755615234375,1.8827433586120605,20730,3e-05,0.08,-3.19958824547939e-05,-0.45352010168135165,0.7117564678192139,0.0014097603,0.9119531132339034,,,,,,,,,,,,,,,,,,,,,,,,,,,,,
6,0,5.176600456237793,,146,,0,1338,,,1.4194150778154533,5,13291520,174,,,262.94,,0.056103515625,0.2744678854942322,20738,3e-05,0.08,0.00036448841419769453,-0.4275885916315019,0.7389799356460571,0.0008948197,0.9576434120768681,,,,,,,,,,,,,,,,,,,,,,,,,,,,,
6,0,,,,,,1338,,,1.4194150778154533,,,,,,,,0.08671875,0.29419755935668945,20746,3e-05,0.08,0.0012827580620069056,-0.4590947933495045,0.6173849105834961,0.0018367566,1.177587925287662,20.583333333333332,300,0.006152162947515562,0.0013989449238049853,0.6120190024375916,1925,0.4278428819444445,0.15584415584415584,,,,,,,,,,,,,,,,,,,,,
,,,,,,,,,,,,,,,,,,,,,,,,,,,,,,,,,,,,4,0.89,5.039236648976803,9600000,263.68,2.216679726564042,86.15031979046857,0,,,,,,,,,,,,,
,,,,,,,,,,,,,,,,,,,,,,,,,,,,,,,,,,,,4,0.53,4.145661004781723,9600000,307.17,3.201816862804714,128.08380498720362,1,,,,,,,,,,,,,
,,,,,,,,,,,,,,,,,,,,,,,,,,,,,,,,,,,,4,,,9600000,,,,,0.36,0,217.8,0,0.89,0.53,6.0,0,0,0.89,0.89,0,0.0
6,0,5.113173007965088,4,3,440,0,1338,11,0.011,1.4194150778154533,1,13296640,1464,3e-05,15,265.35,9600000,,,,,,,,,,,,,,,,,,,,,,,,,,,,,,,,,,,,,,,
6,6,5.08233118057251,,36,,6,1344,,,1.2711333855986595,2,13301760,277,,,266.33,,0.072314453125,0.6268138289451599,20754,3e-05,0.08,0.0007225210647447966,-0.4627798813395202,0.5600742101669312,0.0014734056,1.4842421699722763,,,,,,,,,,,,,,,,,,,,,,,,,,,,,
6,0,4.903574466705322,,69,,0,1344,,,1.2711333855986595,3,13306880,219,,,275.14,,0.0700439453125,0.8090342879295349,20762,3e-05,0.08,-8.552454528398812e-05,-0.49365755887702106,0.6199578046798706,0.0011908294,1.1903441613481847,,,,,,,,,,,,,,,,,,,,,,,,,,,,,
6,0,4.839012622833252,,107,,0,1344,,,1.2711333855986595,4,13312000,190,,,277.11,,0.0560546875,0.47022557258605957,20770,3e-05,0.08,-0.00013791983365081252,-0.479583821631968,0.5188510417938232,0.0013665475,1.3990936382091603,,,,,,,,,,,,,,,,,,,,,,,,,,,,,
6,0,5.038299560546875,,144,,0,1344,,,1.2711333855986595,5,13317120,177,,,266.88,,0.080029296875,2.5199670791625977,20778,3e-05,0.08,0.0014419189683394507,-0.4842907424550503,0.1692609190940857,0.0021782795,1.681382464840135,,,,,,,,,,,,,,,,,,,,,,,,,,,,,
6,0,,,,,,1344,,,1.2711333855986595,,,,,,,,0.0741943359375,0.43141934275627136,20786,3e-05,0.08,-0.000667788926512003,-0.4763205908238888,0.07865041494369507,0.0010569353,1.0407906167965848,20.666666666666668,300,0.006118976192969216,0.0014260061823295033,0.6126101016998291,1925,0.42816840277777785,0.15584415584415584,,,,,,,,,,,,,,,,,,,,,
,,,,,,,,,,,,,,,,,,,,,,,,,,,,,,,,,,,,4,0.93,5.2275631614774465,9625600,256.95,2.0426331371415585,80.81403034127182,0,,,,,,,,,,,,,
,,,,,,,,,,,,,,,,,,,,,,,,,,,,,,,,,,,,4,0.57,4.5578486160933975,9625600,294.81,3.0596134677870537,129.64040226719447,1,,,,,,,,,,,,,
,,,,,,,,,,,,,,,,,,,,,,,,,,,,,,,,,,,,4,,,9625600,,,,,0.3600000000000001,0,217.8,1,0.93,0.57,6.0,0,0,0.93,0.93,0,0.0
6,6,5.000317573547363,4,3,440,6,1350,11,0.011,1.320811213304599,1,13322240,1464,3e-05,15,267.97,9625600,,,,,,,,,,,,,,,,,,,,,,,,,,,,,,,,,,,,,,,
6,0,5.174713611602783,,40,,0,1350,,,1.320811213304599,2,13327360,252,,,260.69,,0.0795166015625,0.8976670503616333,20794,3e-05,0.08,0.00047052913723746317,-0.4795696448534727,0.1689501404762268,0.0013185063,0.9009925300953909,,,,,,,,,,,,,,,,,,,,,,,,,,,,,
6,0,5.2682719230651855,,77,,0,1350,,,1.320811213304599,3,13332480,198,,,254.36,,0.077734375,0.24683478474617004,20802,3e-05,0.08,-9.080921881832182e-06,-0.47661433797329666,0.34329861402511597,0.0012058457,0.9582782051991672,,,,,,,,,,,,,,,,,,,,,,,,,,,,,
6,0,5.1683173179626465,,115,,0,1350,,,1.320811213304599,4,13337600,177,,,259.31,,0.0570068359375,0.5851099491119385,20810,3e-05,0.08,2.6066263671964407e-05,-0.4589641195721924,0.363658607006073,0.0008375462,0.7366479868185707,,,,,,,,,,,,,,,,,,,,,,,,,,,,,
6,6,5.0874738693237305,,151,,6,1356,,,1.2736325946946938,5,13342720,169,,,265.34,,0.06787109375,0.5446203947067261,20818,3e-05,0.08,0.00024517398705938833,-0.48381163394078613,0.44673633575439453,0.0011363294,0.7996057410433423,,,,,,,,,,,,,,,,,,,,,,,,,,,,,
6,6,,,,,,1356,,,1.2736325946946938,,,,,,,,0.0564697265625,1.581766963005066,20826,3e-05,0.08,-0.0007451592944562435,-0.47038488844409587,0.4915662407875061,0.0010591638,0.9244598212884739,20.666666666666668,300,0.00610715102575941,0.0013738976022710674,0.6117894053459167,1925,0.42816840277777785,0.15584415584415584,,,,,,,,,,,,,,,,,,,,,
,,,,,,,,,,,,,,,,,,,,,,,,,,,,,,,,,,,,4,0.85,5.2291666014492515,9651200,263.18,2.035764418263893,90.47600565895911,0,,,,,,,,,,,,,
,,,,,,,,,,,,,,,,,,,,,,,,,,,,,,,,,,,,4,0.64,5.009939616322518,9651200,276.22,2.9259193454966343,125.16098273823198,1,,,,,,,,,,,,,
,,,,,,,,,,,,,,,,,,,,,,,,,,,,,,,,,,,,4,,,9651200,,,,,0.20999999999999996,0,217.8,0,0.85,0.64,6.0,0,0,0.85,0.85,0,0.0
6,0,5.218225002288818,4,3,440,0,1356,11,0.011,1.2736325946946938,1,13347840,1485,3e-05,15,261.48,9651200,,,,,,,,,,,,,,,,,,,,,,,,,,,,,,,,,,,,,,,
6,0,5.135510444641113,,39,,0,1356,,,1.2736325946946938,2,13352960,256,,,265.89,,0.0782958984375,0.6469404101371765,20834,3e-05,0.08,0.0010475872084498405,-0.4717565833590925,0.45908069610595703,0.0016193896,1.315471553633688,,,,,,,,,,,,,,,,,,,,,,,,,,,,,
6,0,4.934625625610352,,72,,0,1356,,,1.2736325946946938,3,13358080,213,,,274.47,,0.09404296875,0.20016902685165405,20842,3e-05,0.08,0.0006213570100953803,-0.4681316898204386,0.5053917169570923,0.0014472733,0.6081182164896746,,,,,,,,,,,,,,,,,,,,,,,,,,,,,
6,6,4.996946334838867,,104,,6,1362,,,1.4104814007878304,4,13363200,195,,,272.24,,0.0729736328125,0.028851348906755447,20850,3e-05,0.08,0.00024070919898804276,-0.4766370757482946,0.5078397989273071,0.0011821814,0.8625489263737108,,,,,,,,,,,,,,,,,,,,,,,,,,,,,
6,0,5.063921928405762,,141,,0,1362,,,1.4104814007878304,5,13368320,180,,,269.33,,0.070458984375,0.040546633303165436,20858,3e-05,0.08,0.00018760100792860612,-0.45995617266744376,0.6064267158508301,0.0010599258,0.9778297594515607,,,,,,,,,,,,,,,,,,,,,,,,,,,,,
6,0,,,,,,1362,,,1.4104814007878304,,,,,,,,0.0662353515625,0.010001862421631813,20866,3e-05,0.08,0.000255005550570786,-0.4644924230873585,0.48315173387527466,0.0007926078,0.8010382647393272,20.5,300,0.006121088669982724,0.0013808784613877107,0.6115615963935852,1925,0.42751736111111116,0.15584415584415584,,,,,,,,,,,,,,,,,,,,,
,,,,,,,,,,,,,,,,,,,,,,,,,,,,,,,,,,,,4,0.93,5.087602140679955,9676800,262.5,2.0355143797293813,80.56903871835632,0,,,,,,,,,,,,,
,,,,,,,,,,,,,,,,,,,,,,,,,,,,,,,,,,,,4,0.54,4.3219439843297005,9676800,305.9,2.959860215765227,127.38057151700961,1,,,,,,,,,,,,,
,,,,,,,,,,,,,,,,,,,,,,,,,,,,,,,,,,,,4,,,9676800,,,,,0.39,0,217.8,1,0.93,0.54,6.0,0,0,0.93,0.93,0,0.0
6,0,5.039422512054443,4,3,440,0,1362,11,0.011,1.4104814007878304,1,13373440,1442,3e-05,15,269.43,9676800,,,,,,,,,,,,,,,,,,,,,,,,,,,,,,,,,,,,,,,
6,0,5.132940769195557,,36,,0,1362,,,1.4104814007878304,2,13378560,283,,,264.89,,0.080859375,0.34608712792396545,20874,3e-05,0.08,-0.0005895879468880594,-0.4843228058889508,0.5767321586608887,0.0016861897,0.8603787365776953,,,,,,,,,,,,,,,,,,,,,,,,,,,,,
6,6,5.2387213706970215,,73,,6,1368,,,1.3538532927632332,3,13383680,208,,,259.85,,0.076806640625,0.07890009135007858,20882,3e-05,0.08,-4.315069236326963e-05,-0.4854420372284949,0.34694766998291016,0.001279577,1.3634737691812915,,,,,,,,,,,,,,,,,,,,,,,,,,,,,
6,0,5.098352909088135,,104,,0,1368,,,1.3538532927632332,4,13388800,195,,,265.02,,0.0780029296875,0.08281374722719193,20890,3e-05,0.08,0.0005277412739815191,-0.4809149374254048,0.41830605268478394,0.0014885977,0.7951785025128629,,,,,,,,,,,,,,,,,,,,,,,,,,,,,
6,0,4.825490951538086,,139,,0,1368,,,1.3538532927632332,5,13393920,183,,,275.16,,0.07666015625,0.23446455597877502,20898,3e-05,0.08,-0.0006295868137385696,-0.46649637566879393,0.5317548513412476,0.0013350811,0.7860535734798759,,,,,,,,,,,,,,,,,,,,,,,,,,,,,
6,0,,,,,,1368,,,1.3538532927632332,,,,,,,,0.07919921875,0.06958216428756714,20906,3e-05,0.08,-0.0002694908587727696,-0.4703539331443608,0.496955931186676,0.0011600589,0.918003156769555,20.666666666666668,301,0.0060940753992921965,0.0013873311524839895,0.6106029152870178,1925,0.4287109375,0.15636363636363637,,,,,,,,,,,,,,,,,,,,,
,,,,,,,,,,,,,,,,,,,,,,,,,,,,,,,,,,,,4,0.87,4.939964991211891,9702400,271.85,1.9901896490398754,85.96538547578321,0,,,,,,,,,,,,,
,,,,,,,,,,,,,,,,,,,,,,,,,,,,,,,,,,,,4,0.53,4.327798000574112,9702400,305.61,3.0302653676102977,128.0061635234804,1,,,,,,,,,,,,,
,,,,,,,,,,,,,,,,,,,,,,,,,,,,,,,,,,,,4,,,9702400,,,,,0.33999999999999997,0,217.8,0,0.87,0.53,6.0,0,0,0.87,0.87,0,0.0
6,0,4.7620086669921875,4,3,440,0,1368,11,0.011,1.3538532927632332,1,13399040,1455,3e-05,15,277.61,9702400,,,,,,,,,,,,,,,,,,,,,,,,,,,,,,,,,,,,,,,
6,6,4.701869010925293,,38,,6,1374,,,1.2375908804436524,2,13404160,265,,,280.7,,0.0704345703125,1.0110310316085815,20914,3e-05,0.08,-0.0001897384412586689,-0.4750983417034149,0.4875447154045105,0.000920839,1.202551796787884,,,,,,,,,,,,,,,,,,,,,,,,,,,,,
6,0,4.506667613983154,,70,,0,1374,,,1.2375908804436524,3,13409280,217,,,289.39,,0.074267578125,0.5761496424674988,20922,3e-05,0.08,-0.00048687378875911236,-0.4819103371351957,0.47105759382247925,0.0012159802,1.0264222472498659,,,,,,,,,,,,,,,,,,,,,,,,,,,,,
6,0,4.48828125,,102,,0,1374,,,1.2375908804436524,4,13414400,200,,,288.32,,0.064208984375,0.06837509572505951,20930,3e-05,0.08,-0.000487918229191564,-0.4818857301957905,0.4993892312049866,0.0010653818,1.0217473760305438,,,,,,,,,,,,,,,,,,,,,,,,,,,,,
6,0,4.70512056350708,,135,,0,1374,,,1.2375908804436524,5,13419520,189,,,280.77,,0.071923828125,0.5197827816009521,20938,3e-05,0.08,0.00010343645553803071,-0.4763247849419713,0.36422085762023926,0.0017713495,1.3845093651267235,,,,,,,,,,,,,,,,,,,,,,,,,,,,,
6,0,,,,,,1374,,,1.2375908804436524,,,,,,,,0.093701171875,0.34612035751342773,20946,3e-05,0.08,0.0011915423034224658,-0.47481250744313,0.17379510402679443,0.0017406087,1.6573546337429435,20.75,301,0.00609923528794659,0.0014135489622374938,0.6116354465484619,1925,0.4290364583333333,0.15636363636363637,,,,,,,,,,,,,,,,,,,,,
,,,,,,,,,,,,,,,,,,,,,,,,,,,,,,,,,,,,4,0.92,4.9602717156894505,9728000,266.87,2.1818587211021083,85.96204453129299,0,,,,,,,,,,,,,
,,,,,,,,,,,,,,,,,,,,,,,,,,,,,,,,,,,,4,0.48,4.009413632750511,9728000,318.94,3.041922329576712,127.46252939589736,1,,,,,,,,,,,,,
,,,,,,,,,,,,,,,,,,,,,,,,,,,,,,,,,,,,4,,,9728000,,,,,0.44000000000000006,0,217.8,0,0.92,0.48,6.0,0,0,0.92,0.92,0,0.0
6,6,4.760237216949463,4,3,440,6,1380,11,0.011,1.22375729555885,1,13424640,1454,3e-05,15,277.37,9728000,,,,,,,,,,,,,,,,,,,,,,,,,,,,,,,,,,,,,,,
6,0,4.998723030090332,,41,,0,1380,,,1.22375729555885,2,13429760,249,,,267.2,,0.0964599609375,0.4058481454849243,20954,3e-05,0.08,0.0020659000787418337,-0.47207569954916834,0.23570877313613892,0.0021873438,1.0013156554836313,,,,,,,,,,,,,,,,,,,,,,,,,,,,,
6,0,5.180238723754883,,78,,0,1380,,,1.22375729555885,3,13434880,195,,,258.38,,0.0679931640625,0.8638334274291992,20962,3e-05,0.08,-0.0004202197043923661,-0.4601479430682957,0.381089985370636,0.0011642092,0.7725599536031951,,,,,,,,,,,,,,,,,,,,,,,,,,,,,
6,0,5.458827972412109,,112,,0,1380,,,1.22375729555885,4,13440000,182,,,249.85,,0.07734375,0.07165328413248062,20970,3e-05,0.08,0.0003321260970551521,-0.46654685037210586,0.39447182416915894,0.0012234006,0.8059253727085889,,,,,,,,,,,,,,,,,,,,,,,,,,,,,
6,6,5.561704158782959,,148,,6,1386,,,1.3984317717452843,5,13445120,171,,,245.09,,0.05185546875,0.8692858219146729,20978,3e-05,0.08,-0.0004877720173681155,-0.46759519577026365,0.5480719804763794,0.0006846538,0.7839475075947121,,,,,,,,,,,,,,,,,,,,,,,,,,,,,
6,6,,,,,,1386,,,1.3984317717452843,,,,,,,,0.06727430555555555,0.49544867873191833,20985,3e-05,0.08,-0.00015192942486868963,-0.4960186120536592,0.6889894604682922,0.0018509951,0.543509645635883,20.416666666666668,301,0.006122008775159415,0.001437018317139019,0.6111398935317993,1925,0.42719184027777785,0.15636363636363637,,,,,,,,,,,,,,,,,,,,,
,,,,,,,,,,,,,,,,,,,,,,,,,,,,,,,,,,,,4,0.91,5.0988963125273585,9753600,261.72,2.2410437576720663,87.70576719919849,0,,,,,,,,,,,,,
,,,,,,,,,,,,,,,,,,,,,,,,,,,,,,,,,,,,4,0.52,4.016568234637379,9753600,311.3,3.221023904973079,126.95522832873013,1,,,,,,,,,,,,,
,,,,,,,,,,,,,,,,,,,,,,,,,,,,,,,,,,,,4,,,9753600,,,,,0.39,0,217.8,0,0.91,0.52,6.0,0,0,0.91,0.91,0,0.0
6,0,5.536298751831055,4,3,440,0,1386,11,0.011,1.3984317717452843,1,13450240,1488,3e-05,15,246.42,9753600,,,,,,,,,,,,,,,,,,,,,,,,,,,,,,,,,,,,,,,
6,0,5.3683857917785645,,38,,0,1386,,,1.3984317717452843,2,13455360,268,,,252.89,,0.078662109375,0.6424790024757385,20993,3e-05,0.08,0.00014489841123577207,-0.4702579652890563,0.607771635055542,0.0014985271,0.6922125314944424,,,,,,,,,,,,,,,,,,,,,,,,,,,,,
6,0,5.3513503074646,,75,,0,1386,,,1.3984317717452843,3,13460480,204,,,254.76,,0.0704345703125,0.048684261739254,21001,3e-05,0.08,-0.00019498794572427868,-0.4753322212025523,0.3757161498069763,0.0010408314,1.1625654304516502,,,,,,,,,,,,,,,,,,,,,,,,,,,,,
6,6,5.29208517074585,,109,,6,1392,,,1.5063352038462956,4,13465600,186,,,255.67,,0.06259765625,0.37275025248527527,21009,3e-05,0.08,0.00028599861107068134,-0.4619795381091535,0.5049940347671509,0.0010051532,0.5776726768817753,,,,,,,,,,,,,,,,,,,,,,,,,,,,,
6,0,5.2112932205200195,,145,,0,1392,,,1.5063352038462956,5,13470720,176,,,258.73,,0.1020751953125,0.02489052526652813,21017,3e-05,0.08,0.0022615975263761356,-0.46565165277570486,0.408097505569458,0.0034111578,0.803587376093492,,,,,,,,,,,,,,,,,,,,,,,,,,,,,
6,0,,,,,,1392,,,1.5063352038462956,,,,,,,,0.09951171875,0.32111483812332153,21025,3e-05,0.08,0.0013860543302143924,-0.47412627199664714,0.32936573028564453,0.0018207204,0.5025867596501484,20.5,301,0.006098818281608274,0.001391283489448109,0.6107165813446045,1925,0.42751736111111116,0.15636363636363637,,,,,,,,,,,,,,,,,,,,,
,,,,,,,,,,,,,,,,,,,,,,,,,,,,,,,,,,,,4,0.85,4.723957489607856,9779200,279.5,2.1845589160619205,91.73270954245274,0,,,,,,,,,,,,,
,,,,,,,,,,,,,,,,,,,,,,,,,,,,,,,,,,,,4,0.46,3.8531237876415254,9779200,326.57,2.9656106044722113,125.20241651022555,1,,,,,,,,,,,,,
,,,,,,,,,,,,,,,,,,,,,,,,,,,,,,,,,,,,4,,,9779200,,,,,0.38999999999999996,0,217.8,0,0.85,0.46,6.0,0,0,0.85,0.85,0,0.0
6,0,5.143106460571289,4,3,440,0,1392,11,0.011,1.5063352038462956,1,13475840,1461,3e-05,15,261.3,9779200,,,,,,,,,,,,,,,,,,,,,,,,,,,,,,,,,,,,,,,
6,0,5.1697187423706055,,13,,0,1392,,,1.5063352038462956,2,13480960,751,,,259.98,,0.06547095070422536,0.7050966024398804,21027,3e-05,0.08,0.002911862287617905,-0.47584078471425556,0.4669373631477356,0.0031918825,0.8330833831618369,,,,,,,,,,,,,,,,,,,,,,,,,,,,,
6,6,5.069222927093506,,46,,6,1398,,,1.3686877687772114,3,13486080,331,,,263.62,,0.090673828125,0.41703519225120544,21035,3e-05,0.08,0.0011174334169481881,-0.46812163218855857,0.5517765283584595,0.0015894778,0.787565398926381,,,,,,,,,,,,,,,,,,,,,,,,,,,,,
6,0,4.892967224121094,,79,,0,1398,,,1.3686877687772114,4,13491200,259,,,269.72,,0.077490234375,0.4514230787754059,21043,3e-05,0.08,0.0002201280673034489,-0.46752516431733965,0.60605788230896,0.0011835191,0.938518602278782,,,,,,,,,,,,,,,,,,,,,,,,,,,,,
6,0,4.662203788757324,,114,,0,1398,,,1.3686877687772114,5,13496320,223,,,278.99,,0.093896484375,0.08446336537599564,21051,3e-05,0.08,0.0007771603559376672,-0.47917620493099095,0.5443356037139893,0.0021057972,1.0811901428183774,,,,,,,,,,,,,,,,,,,,,,,,,,,,,
6,0,,,,,,1398,,,1.3686877687772114,,,,,,,,0.075390625,0.6658228635787964,21059,3e-05,0.08,0.00044459558121161534,-0.47216681493446233,0.44887077808380127,0.0011355726,1.3702002965961584,20.5,301,0.006055939476853383,0.0013631339858058097,0.6097427606582642,1925,0.42751736111111116,0.15636363636363637,,,,,,,,,,,,,,,,,,,,,
,,,,,,,,,,,,,,,,,,,,,,,,,,,,,,,,,,,,4,0.9,5.232969077825547,9804800,258.59,2.0850700974902807,85.82040491631346,0,,,,,,,,,,,,,
,,,,,,,,,,,,,,,,,,,,,,,,,,,,,,,,,,,,4,0.59,4.7583218720555305,9804800,291.73,2.7960769908283463,126.41264612371658,1,,,,,,,,,,,,,
,,,,,,,,,,,,,,,,,,,,,,,,,,,,,,,,,,,,4,,,9804800,,,,,0.31000000000000005,0,217.8,0,0.9,0.59,6.0,0,0,0.9,0.9,0,0.0
6,6,4.671644687652588,4,3,440,6,1404,11,0.011,1.2563015619913738,1,13501440,1469,3e-05,15,278.59,9804800,,,,,,,,,,,,,,,,,,,,,,,,,,,,,,,,,,,,,,,
6,0,4.700714588165283,,38,,0,1404,,,1.2563015619913738,2,13506560,268,,,277.02,,0.080517578125,0.20423075556755066,21067,3e-05,0.08,0.001327504233631771,-0.49829969918355344,0.23595744371414185,0.001965056,1.2800542546348879,,,,,,,,,,,,,,,,,,,,,,,,,,,,,
6,0,4.8249030113220215,,73,,0,1404,,,1.2563015619913738,3,13511680,209,,,273.17,,0.08349609375,0.143528014421463,21075,3e-05,0.08,0.0006664317043032497,-0.5012749928981066,0.017170429229736328,0.0012582898,1.2941841230611317,,,,,,,,,,,,,,,,,,,,,,,,,,,,,
6,0,5.001026153564453,,92,,0,1404,,,1.2563015619913738,4,13516800,220,,,264.7,,0.08196107784431138,0.7089636921882629,21080,3e-05,0.08,0.0004950886380351232,-0.4937742454206158,-0.019324421882629395,0.007133437,1.2068457152069865,,,,,,,,,,,,,,,,,,,,,,,,,,,,,
6,6,5.066129684448242,,132,,6,1410,,,1.2597374978164833,5,13521920,193,,,261.42,,0.0938232421875,0.46822604537010193,21088,3e-05,0.08,-0.00031589395803166553,-0.4773064489476383,0.007347583770751953,0.002392354,1.1332917669438758,,,,,,,,,,,,,,,,,,,,,,,,,,,,,
6,6,,,,,,1410,,,1.2597374978164833,,,,,,,,0.07246767241379311,0.6011829376220703,21095,3e-05,0.08,0.00026697889184472206,-0.49577985367098987,0.04750567674636841,0.0029262668,1.0328382726230612,20.5,301,0.006047157769245603,0.0013918162185698347,0.6097642779350281,1925,0.42751736111111116,0.15636363636363637,,,,,,,,,,,,,,,,,,,,,
,,,,,,,,,,,,,,,,,,,,,,,,,,,,,,,,,,,,4,0.86,4.906237199008465,9830400,272.77,2.0908672280340714,89.62944326503428,0,,,,,,,,,,,,,
,,,,,,,,,,,,,,,,,,,,,,,,,,,,,,,,,,,,4,0.67,5.031595216989517,9830400,273.29,2.957261446493157,121.8547738088254,1,,,,,,,,,,,,,
,,,,,,,,,,,,,,,,,,,,,,,,,,,,,,,,,,,,4,,,9830400,,,,,0.18999999999999995,0,217.8,0,0.86,0.67,6.0,0,0,0.86,0.86,0,0.0
6,0,5.207738876342773,4,3,440,0,1410,11,0.011,1.2597374978164833,1,13527040,1441,3e-05,15,256.93,9830400,,,,,,,,,,,,,,,,,,,,,,,,,,,,,,,,,,,,,,,
6,0,5.26899528503418,,37,,0,1410,,,1.2597374978164833,2,13532160,275,,,256.05,,0.06044921875,0.9596372842788696,21103,3e-05,0.08,-0.0004940676764817909,-0.49790444849058985,0.17982405424118042,0.0009902031,0.7830529721046332,,,,,,,,,,,,,,,,,,,,,,,,,,,,,
6,0,5.140160083770752,,70,,0,1410,,,1.2597374978164833,3,13537280,217,,,262.36,,0.0873046875,0.8174765110015869,21111,3e-05,0.08,0.00042970203649019825,-0.48666608389467003,0.2210572361946106,0.0016982164,0.78599676360609,,,,,,,,,,,,,,,,,,,,,,,,,,,,,
6,6,5.100879669189453,,105,,6,1416,,,1.323301326483488,4,13542400,193,,,264.45,,0.080615234375,0.08031241595745087,21119,3e-05,0.08,-0.00011118363763671369,-0.4985272353515029,0.14662611484527588,0.0016143151,0.7177742913132533,,,,,,,,,,,,,,,,,,,,,,,,,,,,,
6,0,5.0930585861206055,,140,,0,1416,,,1.323301326483488,5,13547520,182,,,264.39,,0.0611572265625,0.038230497390031815,21127,3e-05,0.08,-0.0003406871488550678,-0.50991634670645,0.17669588327407837,0.0010323387,0.7023841174319386,,,,,,,,,,,,,,,,,,,,,,,,,,,,,
6,0,,,,,,1416,,,1.323301326483488,,,,,,,,0.0597900390625,0.33261674642562866,21135,3e-05,0.08,-0.00030755975749343636,-0.5032719335518777,0.1306089162826538,0.00074520614,0.9767067777109333,20.666666666666668,301,0.006044971631150565,0.0013864346686218582,0.6080769896507263,1925,0.42914496527777785,0.15636363636363637,,,,,,,,,,,,,,,,,,,,,
,,,,,,,,,,,,,,,,,,,,,,,,,,,,,,,,,,,,4,0.86,4.729504005461931,9856000,277.82,2.1962939525871934,88.56933780942477,0,,,,,,,,,,,,,
,,,,,,,,,,,,,,,,,,,,,,,,,,,,,,,,,,,,4,0.51,4.238641028702259,9856000,315.61,2.8141324660039126,125.22626681331678,1,,,,,,,,,,,,,
,,,,,,,,,,,,,,,,,,,,,,,,,,,,,,,,,,,,4,,,9856000,,,,,0.35,0,217.8,0,0.86,0.51,6.0,0,0,0.86,0.86,0,0.0
6,0,4.96093225479126,4,3,440,0,1416,11,0.011,1.323301326483488,1,13552640,1485,3e-05,15,270.76,9856000,,,,,,,,,,,,,,,,,,,,,,,,,,,,,,,,,,,,,,,
6,0,4.831616401672363,,36,,0,1416,,,1.323301326483488,2,13557760,278,,,275.33,,0.0963134765625,0.6830812096595764,21143,3e-05,0.08,0.0004989412991562858,-0.5042616715654731,0.446063756942749,0.0021897699,0.9131456345203333,,,,,,,,,,,,,,,,,,,,,,,,,,,,,
6,6,4.795345306396484,,70,,6,1422,,,1.3111821773151557,3,13562880,218,,,276.13,,0.0626708984375,0.35932791233062744,21151,3e-05,0.08,2.3163153673522175e-05,-0.4738095361739397,0.32468295097351074,0.0009182809,0.9605967343144585,,,,,,,,,,,,,,,,,,,,,,,,,,,,,
6,0,4.7855610847473145,,104,,0,1422,,,1.3111821773151557,4,13568000,195,,,276.97,,0.074853515625,0.5836277008056641,21159,3e-05,0.08,-0.00014270785613916813,-0.511787920165807,0.40420418977737427,0.0015967807,0.9337258513609413,,,,,,,,,,,,,,,,,,,,,,,,,,,,,
6,0,4.8365278244018555,,136,,0,1422,,,1.3111821773151557,5,13573120,187,,,276.1,,0.0926513671875,0.028288235887885094,21167,3e-05,0.08,0.001039243521518074,-0.5074510103091597,0.45004791021347046,0.0011084203,0.7807555826497264,,,,,,,,,,,,,,,,,,,,,,,,,,,,,
6,0,,,,,,1422,,,1.3111821773151557,,,,,,,,0.0724365234375,0.5677790641784668,21175,3e-05,0.08,-0.0006553066297783517,-0.4972609657794237,0.3288063406944275,0.0010775373,1.0288489071419462,20.5,301,0.006053059956789772,0.0013870606250106048,0.6068142056465149,1925,0.42849392361111116,0.15636363636363637,,,,,,,,,,,,,,,,,,,,,
,,,,,,,,,,,,,,,,,,,,,,,,,,,,,,,,,,,,4,0.89,5.165519345439971,9881600,261.17,2.1374317773829907,86.38125433217557,0,,,,,,,,,,,,,
,,,,,,,,,,,,,,,,,,,,,,,,,,,,,,,,,,,,4,0.66,4.946822123229504,9881600,281.0,2.713884088519185,117.81714646009722,1,,,,,,,,,,,,,
,,,,,,,,,,,,,,,,,,,,,,,,,,,,,,,,,,,,4,,,9881600,,,,,0.22999999999999998,0,217.8,0,0.89,0.66,6.0,0,0,0.89,0.89,0,0.0
6,0,4.814925193786621,4,3,440,0,1422,11,0.011,1.3111821773151557,1,13578240,1449,3e-05,15,276.02,9881600,,,,,,,,,,,,,,,,,,,,,,,,,,,,,,,,,,,,,,,
6,6,4.963006496429443,,42,,6,1428,,,1.3172662034630775,2,13583360,242,,,269.95,,0.092333984375,0.7676646709442139,21183,3e-05,0.08,0.00037773613730678334,-0.514163055177778,0.3478713631629944,0.0014972144,1.1840161157131661,,,,,,,,,,,,,,,,,,,,,,,,,,,,,
6,0,4.871660232543945,,76,,0,1428,,,1.3172662034630775,3,13588480,201,,,274.22,,0.0885009765625,0.2749805748462677,21191,3e-05,0.08,0.000614902880624868,-0.4917313661426306,0.31503480672836304,0.0020045652,1.0081839814491105,,,,,,,,,,,,,,,,,,,,,,,,,,,,,
6,0,5.01729679107666,,110,,0,1428,,,1.3172662034630775,4,13593600,185,,,268.92,,0.07177734375,0.13122595846652985,21199,3e-05,0.08,-0.0004698773438576609,-0.4809709873050451,0.3737792372703552,0.0010140358,0.8666514924028889,,,,,,,,,,,,,,,,,,,,,,,,,,,,,
6,0,4.929853439331055,,147,,0,1428,,,1.3172662034630775,5,13598720,172,,,268.84,,0.09599609375,0.5175923705101013,21207,3e-05,0.08,0.00108070746937301,-0.49869493283331395,0.2541542053222656,0.0024614953,1.44748795729829,,,,,,,,,,,,,,,,,,,,,,,,,,,,,
6,0,,,,,,1428,,,1.3172662034630775,,,,,,,,0.1045166015625,0.0340857170522213,21215,3e-05,0.08,0.002261003342573531,-0.489589165057987,0.22092825174331665,0.0032775302,0.590622835533577,20.583333333333332,301,0.00604424383341611,0.0013672259644957289,0.6066831946372986,1925,0.4288194444444445,0.15636363636363637,,,,,,,,,,,,,,,,,,,,,
,,,,,,,,,,,,,,,,,,,,,,,,,,,,,,,,,,,,4,0.92,5.297376143932342,9907200,255.69,1.7005632814765814,73.01091630708383,0,,,,,,,,,,,,,
,,,,,,,,,,,,,,,,,,,,,,,,,,,,,,,,,,,,4,0.63,4.828358100056648,9907200,284.71,3.0298628330122805,123.69497119931755,1,,,,,,,,,,,,,
,,,,,,,,,,,,,,,,,,,,,,,,,,,,,,,,,,,,4,,,9907200,,,,,0.29000000000000004,0,217.8,0,0.92,0.63,6.0,0,0,0.92,0.92,0,0.0
6,6,4.856116771697998,4,3,440,6,1434,11,0.011,1.3228867165744305,1,13603840,1417,3e-05,15,272.18,9907200,,,,,,,,,,,,,,,,,,,,,,,,,,,,,,,,,,,,,,,
6,0,4.895723342895508,,37,,0,1434,,,1.3228867165744305,2,13608960,270,,,270.87,,0.0853515625,1.0744893550872803,21223,3e-05,0.08,0.0004548741417238489,-0.5020942994393408,0.3459237813949585,0.001307503,0.9937647099373862,,,,,,,,,,,,,,,,,,,,,,,,,,,,,
6,0,4.91070032119751,,71,,0,1434,,,1.3228867165744305,3,13614080,214,,,269.41,,0.08657172509225092,0.7477771043777466,21230,3e-05,0.08,0.0013295447907489604,-0.5186842914217072,0.3234228491783142,0.0041193846,0.9999522057351591,,,,,,,,,,,,,,,,,,,,,,,,,,,,,
6,0,4.8935017585754395,,106,,0,1434,,,1.3228867165744305,4,13619200,192,,,270.91,,0.0854736328125,0.7763317823410034,21238,3e-05,0.08,-0.00016919215850066393,-0.4853442472405732,0.4056420922279358,0.0015891974,0.972534797998378,,,,,,,,,,,,,,,,,,,,,,,,,,,,,
6,6,4.783842086791992,,137,,6,1440,,,1.2115124848981698,5,13624320,186,,,276.18,,0.0773681640625,0.19626644253730774,21246,3e-05,0.08,0.00010582122777123005,-0.4759160250425339,0.4079822897911072,0.0011424372,0.8701690362591762,,,,,,,,,,,,,,,,,,,,,,,,,,,,,
6,6,,,,,,1440,,,1.2115124848981698,,,,,,,,0.0675048828125,0.4188918471336365,21254,3e-05,0.08,0.0003359588648891076,-0.5035353881306946,0.45335400104522705,0.001452783,1.2753646749770269,20.5,301,0.00602349803267143,0.0013519020186321764,0.6062077283859253,1925,0.42751736111111116,0.15636363636363637,,,,,,,,,,,,,,,,,,,,,
,,,,,,,,,,,,,,,,,,,,,,,,,,,,,,,,,,,,4,0.9,4.9125493657588954,9932800,269.76,2.003397289456478,81.04296638203714,0,,,,,,,,,,,,,
,,,,,,,,,,,,,,,,,,,,,,,,,,,,,,,,,,,,4,0.61,4.5896716232597825,9932800,290.57,3.0087352534421137,121.28868496277796,1,,,,,,,,,,,,,
,,,,,,,,,,,,,,,,,,,,,,,,,,,,,,,,,,,,4,,,9932800,,,,,0.29000000000000004,0,217.8,0,0.9,0.61,6.0,0,0,0.9,0.9,0,0.0
6,0,4.81080961227417,4,3,440,0,1440,11,0.011,1.2115124848981698,1,13629440,1475,3e-05,15,274.55,9932800,,,,,,,,,,,,,,,,,,,,,,,,,,,,,,,,,,,,,,,
6,0,4.800065517425537,,40,,0,1440,,,1.2115124848981698,2,13634560,253,,,275.69,,0.0583740234375,0.21498475968837738,21262,3e-05,0.08,-0.0010018338463851251,-0.49648399734869597,0.3737385869026184,0.000843646,1.117844834679272,,,,,,,,,,,,,,,,,,,,,,,,,,,,,
6,0,4.591375350952148,,74,,0,1440,,,1.2115124848981698,3,13639680,206,,,283.64,,0.079345703125,1.3219410181045532,21270,3e-05,0.08,-0.0004846419935347512,-0.49418977480381726,0.15376251935958862,0.0015512388,1.2853554007888306,,,,,,,,,,,,,,,,,,,,,,,,,,,,,
6,6,4.833810329437256,,110,,6,1446,,,1.2052900331715743,4,13644800,184,,,273.99,,0.0836181640625,1.399664282798767,21278,3e-05,0.08,-0.00039717892068438234,-0.5144528046250343,0.1305156946182251,0.001593569,1.412133714806987,,,,,,,,,,,,,,,,,,,,,,,,,,,,,
6,0,5.002950191497803,,145,,0,1446,,,1.2052900331715743,5,13649920,176,,,268.42,,0.0991455078125,1.0018337965011597,21286,3e-05,0.08,0.0009816193109145389,-0.51554915625602,0.12718290090560913,0.0025381818,1.332108601211803,,,,,,,,,,,,,,,,,,,,,,,,,,,,,
6,0,,,,,,1446,,,1.2052900331715743,,,,,,,,0.086474609375,0.047843676060438156,21294,3e-05,0.08,0.0002024427260039374,-0.49828774416819216,0.24144315719604492,0.0015404469,1.230993909604149,20.5,301,0.0060364870730785876,0.0013650682994848285,0.60715252161026,1925,0.42751736111111116,0.15636363636363637,,,,,,,,,,,,,,,,,,,,,
,,,,,,,,,,,,,,,,,,,,,,,,,,,,,,,,,,,,4,0.91,5.323283956050873,9958400,255.79,1.7580935263726805,75.84949505435088,0,,,,,,,,,,,,,
,,,,,,,,,,,,,,,,,,,,,,,,,,,,,,,,,,,,4,0.63,4.847901080064475,9958400,282.79,2.934001719889181,122.82607988534032,1,,,,,,,,,,,,,
,,,,,,,,,,,,,,,,,,,,,,,,,,,,,,,,,,,,4,,,9958400,,,,,0.28,0,217.8,0,0.91,0.63,6.0,0,0,0.91,0.91,0,0.0
6,0,5.321654796600342,4,3,440,0,1446,11,0.011,1.2052900331715743,1,13655040,1518,3e-05,15,256.57,9958400,,,,,,,,,,,,,,,,,,,,,,,,,,,,,,,,,,,,,,,
6,0,5.175915718078613,,40,,0,1446,,,1.2052900331715743,2,13660160,252,,,261.52,,0.0646728515625,0.5403574705123901,21302,3e-05,0.08,-0.0002903025364503264,-0.4945599575527012,0.3852282166481018,0.0014164855,0.9241099326929543,,,,,,,,,,,,,,,,,,,,,,,,,,,,,
6,6,5.308331489562988,,74,,6,1452,,,1.3833221358557541,3,13665280,205,,,255.23,,0.081201171875,0.23016734421253204,21310,3e-05,0.08,-8.297251479234546e-05,-0.4802401297725737,0.1007152795791626,0.0012883262,0.9140120200929231,,,,,,,,,,,,,,,,,,,,,,,,,,,,,
6,0,5.125153064727783,,106,,0,1452,,,1.3833221358557541,4,13670400,192,,,263.03,,0.0850830078125,0.028215570375323296,21318,3e-05,0.08,0.0004035370860947296,-0.4926229711622,0.3049866557121277,0.0009981503,0.8612183692806866,,,,,,,,,,,,,,,,,,,,,,,,,,,,,
6,0,5.256732940673828,,146,,0,1452,,,1.3833221358557541,5,13675520,174,,,256.06,,0.0678955078125,0.009177261963486671,21326,3e-05,0.08,-1.828968379413709e-05,-0.48107980042695997,0.414132297039032,0.0009496283,0.9080732955946587,,,,,,,,,,,,,,,,,,,,,,,,,,,,,
6,0,,,,,,1452,,,1.3833221358557541,,,,,,,,0.061572265625,0.051717646420001984,21334,3e-05,0.08,-0.0002012075623497367,-0.4962592815980315,0.4659709334373474,0.0010698951,1.0908662759815342,20.5,301,0.0060657587691778534,0.001382268877061287,0.6065204739570618,1925,0.42849392361111116,0.15636363636363637,,,,,,,,,,,,,,,,,,,,,
,,,,,,,,,,,,,,,,,,,,,,,,,,,,,,,,,,,,4,0.92,5.2885738763213155,9984000,255.49,1.9173444676050613,78.55322972354479,0,,,,,,,,,,,,,
,,,,,,,,,,,,,,,,,,,,,,,,,,,,,,,,,,,,4,0.57,4.471434796899557,9984000,297.52,3.057068983454723,126.17174644111098,1,,,,,,,,,,,,,
,,,,,,,,,,,,,,,,,,,,,,,,,,,,,,,,,,,,4,,,9984000,,,,,0.3500000000000001,0,217.8,0,0.92,0.57,6.0,0,0,0.92,0.92,0,0.0
6,0,5.067141056060791,4,3,440,0,1452,11,0.011,1.3833221358557541,1,13680640,1449,3e-05,15,263.72,9984000,,,,,,,,,,,,,,,,,,,,,,,,,,,,,,,,,,,,,,,
6,6,5.294083118438721,,37,,6,1458,,,1.38844371214509,2,13685760,276,,,254.29,,0.073876953125,0.07453732937574387,21342,3e-05,0.08,0.00042371948511572556,-0.4819506837055087,0.5268741250038147,0.00089467503,0.4945535714097787,,,,,,,,,,,,,,,,,,,,,,,,,,,,,
6,0,5.212810039520264,,74,,0,1458,,,1.38844371214509,3,13690880,205,,,256.81,,0.0661865234375,0.3976317048072815,21350,3e-05,0.08,0.0003331085987156257,-0.5037208210676909,0.6171255111694336,0.0014033314,0.8319311896048021,,,,,,,,,,,,,,,,,,,,,,,,,,,,,
6,0,5.170926094055176,,111,,0,1458,,,1.38844371214509,4,13696000,184,,,258.92,,0.071630859375,0.27278923988342285,21358,3e-05,0.08,-0.00031447732690139676,-0.48832615492865444,0.6694240570068359,0.0013923716,0.8631245853903238,,,,,,,,,,,,,,,,,,,,,,,,,,,,,
6,0,5.182602405548096,,145,,0,1458,,,1.38844371214509,5,13701120,176,,,258.14,,0.0688232421875,0.3901214301586151,21366,3e-05,0.08,-5.0507360720075666e-05,-0.505488546192646,0.6803935766220093,0.0011178794,1.1907929149689154,,,,,,,,,,,,,,,,,,,,,,,,,,,,,
6,0,,,,,,1458,,,1.38844371214509,,,,,,,,0.070361328125,0.11697158217430115,21374,3e-05,0.08,0.00013522340595955028,-0.501385014411062,0.5893356800079346,0.0011498405,1.367697204882279,20.25,302,0.006091697858471772,0.0014224430514240337,0.6049545407295227,1925,0.42654079861111116,0.15688311688311687,,,,,,,,,,,,,,,,,,,,,
,,,,,,,,,,,,,,,,,,,,,,,,,,,,,,,,,,,,4,0.87,4.9575779420137405,10009600,270.84,1.9593850658345853,85.07722609488394,0,,,,,,,,,,,,,
,,,,,,,,,,,,,,,,,,,,,,,,,,,,,,,,,,,,4,0.6,4.5064107424020765,10009600,293.8,3.1655029811701465,123.62823302142598,1,,,,,,,,,,,,,
,,,,,,,,,,,,,,,,,,,,,,,,,,,,,,,,,,,,4,,,10009600,,,,,0.27,0,217.8,0,0.87,0.6,6.0,0,0,0.87,0.87,0,0.0
6,6,5.119448661804199,4,3,440,6,1464,11,0.011,1.3340158872306347,1,13706240,1471,3e-05,15,261.78,10009600,,,,,,,,,,,,,,,,,,,,,,,,,,,,,,,,,,,,,,,
6,0,5.178383827209473,,41,,0,1464,,,1.3340158872306347,2,13711360,245,,,260.6,,0.0994384765625,0.12848733365535736,21382,3e-05,0.08,0.0014388464420335366,-0.4999916484579444,0.4126408100128174,0.0021558553,1.5584711662959307,,,,,,,,,,,,,,,,,,,,,,,,,,,,,
6,0,5.280602931976318,,76,,0,1464,,,1.3340158872306347,3,13716480,199,,,258.52,,0.08056640625,0.02936575561761856,21390,3e-05,0.08,0.00023556220257887618,-0.509315253328532,-0.013173341751098633,0.0013169816,1.0692744498257525,,,,,,,,,,,,,,,,,,,,,,,,,,,,,
6,6,5.197864532470703,,113,,6,1470,,,1.4253478894631069,4,13721600,179,,,261.77,,0.0879638671875,0.05520465224981308,21398,3e-05,0.08,0.0005313363741151989,-0.5176731387153268,0.23556602001190186,0.0013450214,0.833224628912285,,,,,,,,,,,,,,,,,,,,,,,,,,,,,
6,0,5.223431587219238,,146,,0,1470,,,1.4253478894631069,5,13726720,174,,,260.04,,0.0827880859375,0.12556041777133942,21406,3e-05,0.08,0.00030205188086256384,-0.4760648446157575,0.2847421169281006,0.0011855463,0.697068762453273,,,,,,,,,,,,,,,,,,,,,,,,,,,,,
6,0,,,,,,1470,,,1.4253478894631069,,,,,,,,0.06435546875,0.01769177056849003,21414,3e-05,0.08,-0.0008539010275853797,-0.4706030021421611,0.34012335538864136,0.00085297786,0.8086411808239063,20.416666666666668,302,0.006038431770074025,0.0013744296400637235,0.6044090986251831,1925,0.42816840277777785,0.15688311688311687,,,,,,,,,,,,,,,,,,,,,
,,,,,,,,,,,,,,,,,,,,,,,,,,,,,,,,,,,,4,0.91,5.054653847888112,10035200,262.1,2.139195045563396,81.09223144050237,0,,,,,,,,,,,,,
,,,,,,,,,,,,,,,,,,,,,,,,,,,,,,,,,,,,4,0.53,4.05344078220427,10035200,308.42,3.3896822088948664,126.39281466918918,1,,,,,,,,,,,,,
,,,,,,,,,,,,,,,,,,,,,,,,,,,,,,,,,,,,4,,,10035200,,,,,0.38,0,217.8,0,0.91,0.53,6.0,0,0,0.91,0.91,0,0.0
6,0,5.276918888092041,4,3,440,0,1470,11,0.011,1.4253478894631069,1,13731840,1323,3e-05,15,256.62,10035200,,,,,,,,,,,,,,,,,,,,,,,,,,,,,,,,,,,,,,,
6,0,5.161157608032227,,39,,0,1470,,,1.4253478894631069,2,13736960,257,,,261.13,,0.0637939453125,0.2819693982601166,21422,3e-05,0.08,-0.00074242273112759,-0.5009485272690654,0.4092954993247986,0.00094873534,0.8142332113871816,,,,,,,,,,,,,,,,,,,,,,,,,,,,,
6,6,5.204687595367432,,75,,6,1476,,,1.3653129860758781,3,13742080,203,,,258.99,,0.0728515625,1.447285771369934,21430,3e-05,0.08,-0.0002860163222067058,-0.5020230699330568,0.3455725312232971,0.00095839717,0.7788145636790432,,,,,,,,,,,,,,,,,,,,,,,,,,,,,
6,0,5.245319366455078,,109,,0,1476,,,1.3653129860758781,4,13747200,187,,,258.06,,0.07724609375,0.693093478679657,21438,3e-05,0.08,0.0004470062500331551,-0.49789513563737275,0.3719424605369568,0.0014992736,0.8265124793339055,,,,,,,,,,,,,,,,,,,,,,,,,,,,,
6,0,5.267192363739014,,148,,0,1476,,,1.3653129860758781,5,13752320,172,,,256.62,,0.0681396484375,0.6219964027404785,21446,3e-05,0.08,-0.0005780363091616892,-0.5255436162464321,0.36715608835220337,0.000892806,0.7729848893446615,,,,,,,,,,,,,,,,,,,,,,,,,,,,,
6,0,,,,,,1476,,,1.3653129860758781,,,,,,,,0.0712158203125,0.19492650032043457,21454,3e-05,0.08,-0.0004328711642301641,-0.5121928478591145,0.35669833421707153,0.0008552043,0.6200195976358372,20.333333333333332,302,0.006026149728775595,0.0013531542163580364,0.6039931774139404,1925,0.4278428819444445,0.15688311688311687,,,,,,,,,,,,,,,,,,,,,
,,,,,,,,,,,,,,,,,,,,,,,,,,,,,,,,,,,,4,0.96,5.201298319548369,10060800,255.53,1.8103686824048362,69.77599228961205,0,,,,,,,,,,,,,
,,,,,,,,,,,,,,,,,,,,,,,,,,,,,,,,,,,,4,0.61,4.530153666287661,10060800,294.02,2.9596290581790115,121.3044088234224,1,,,,,,,,,,,,,
,,,,,,,,,,,,,,,,,,,,,,,,,,,,,,,,,,,,4,,,10060800,,,,,0.35,0,217.8,1,0.96,0.61,6.0,0,0,0.96,0.96,0,0.0
6,0,5.224899768829346,4,3,440,0,1476,11,0.011,1.3653129860758781,1,13757440,1448,3e-05,15,260.01,10060800,,,,,,,,,,,,,,,,,,,,,,,,,,,,,,,,,,,,,,,
6,6,5.276801586151123,,41,,6,1482,,,1.384222723543644,2,13762560,243,,,258.82,,0.081640625,0.000802215188741684,21462,3e-05,0.08,-0.00026896048802882433,-0.5038668916560709,0.4726642370223999,0.0012751602,0.9773802160518243,,,,,,,,,,,,,,,,,,,,,,,,,,,,,
6,0,5.203502655029297,,76,,0,1482,,,1.384222723543644,3,13767680,199,,,259.71,,0.058544921875,0.0428759902715683,21470,3e-05,0.08,-0.0006185105303302407,-0.4959420204162598,0.5079084634780884,0.00085466524,0.8651047992694657,,,,,,,,,,,,,,,,,,,,,,,,,,,,,
6,0,5.100943088531494,,114,,0,1482,,,1.384222723543644,4,13772800,179,,,261.26,,0.065771484375,0.8713260889053345,21478,3e-05,0.08,-0.0003920768169336952,-0.5140972730703652,0.4223819375038147,0.0011847916,1.133384815225145,,,,,,,,,,,,,,,,,,,,,,,,,,,,,
6,0,5.072381973266602,,148,,0,1482,,,1.384222723543644,5,13777920,172,,,262.39,,0.066748046875,0.3248571753501892,21486,3e-05,0.08,-0.00022731253411620856,-0.5378902240656316,0.6190778017044067,0.0009814153,0.9724158395314589,,,,,,,,,,,,,,,,,,,,,,,,,,,,,
6,0,,,,,,1482,,,1.384222723543644,,,,,,,,0.06845703125,0.660011351108551,21494,3e-05,0.08,0.0003189943061443046,-0.5233970508910716,0.38102537393569946,0.0010563561,1.0822154380439315,20.333333333333332,302,0.0060048440504470125,0.0013389719493740963,0.6034353971481323,1925,0.4278428819444445,0.15688311688311687,,,,,,,,,,,,,,,,,,,,,
,,,,,,,,,,,,,,,,,,,,,,,,,,,,,,,,,,,,4,0.94,5.148952961564064,10086400,259.14,1.9509024524508132,76.6602921987648,0,,,,,,,,,,,,,
,,,,,,,,,,,,,,,,,,,,,,,,,,,,,,,,,,,,4,0.59,4.589577191174031,10086400,290.73,3.17886305678149,125.6627116530596,1,,,,,,,,,,,,,
,,,,,,,,,,,,,,,,,,,,,,,,,,,,,,,,,,,,4,,,10086400,,,,,0.35,0,217.8,1,0.94,0.59,6.0,0,0,0.94,0.94,0,0.0
6,6,5.079366207122803,4,3,440,6,1488,11,0.011,1.3527945950627327,1,13783040,1475,3e-05,15,262.47,10086400,,,,,,,,,,,,,,,,,,,,,,,,,,,,,,,,,,,,,,,
6,0,5.054307460784912,,36,,0,1488,,,1.3527945950627327,2,13788160,278,,,261.6,,0.0744140625,0.009823652915656567,21502,3e-05,0.08,7.228595204651355e-05,-0.5271335651166738,0.2659088373184204,0.0011276411,0.864564182749018,,,,,,,,,,,,,,,,,,,,,,,,,,,,,
6,0,5.136661529541016,,79,,0,1488,,,1.3527945950627327,3,13793280,193,,,259.7,,0.07734375,0.7363200783729553,21510,3e-05,0.08,-3.238528734073043e-07,-0.5125315801240504,0.1948561668395996,0.0014023216,1.0026113648200408,,,,,,,,,,,,,,,,,,,,,,,,,,,,,
6,0,5.269157886505127,,116,,0,1488,,,1.3527945950627327,4,13798400,175,,,256.01,,0.068603515625,0.022711381316184998,21518,3e-05,0.08,0.0002974917821120471,-0.5258976094424724,0.3745865821838379,0.0017319467,1.1612771426996915,,,,,,,,,,,,,,,,,,,,,,,,,,,,,
6,6,5.2554030418396,,153,,6,1494,,,1.394722007215023,5,13803520,166,,,256.61,,0.075537109375,0.24016836285591125,21526,3e-05,0.08,-8.793419692665338e-06,-0.4965449234470725,0.41428399085998535,0.00090193626,0.8182643590436782,,,,,,,,,,,,,,,,,,,,,,,,,,,,,
6,6,,,,,,1494,,,1.394722007215023,,,,,,,,0.070361328125,0.15814125537872314,21534,3e-05,0.08,-0.00027734981413232165,-0.4904391925781965,0.40285205841064453,0.0009975808,0.6092666473938152,20.333333333333332,302,0.006078634219833011,0.001408522730695028,0.604699432849884,1925,0.4278428819444445,0.15688311688311687,,,,,,,,,,,,,,,,,,,,,
,,,,,,,,,,,,,,,,,,,,,,,,,,,,,,,,,,,,4,0.86,5.062539935735986,10112000,265.71,2.1455055491439543,89.07023015575967,0,,,,,,,,,,,,,
,,,,,,,,,,,,,,,,,,,,,,,,,,,,,,,,,,,,4,0.52,4.058957270383835,10112000,310.35,3.454102446987967,126.39172243465947,1,,,,,,,,,,,,,
,,,,,,,,,,,,,,,,,,,,,,,,,,,,,,,,,,,,4,,,10112000,,,,,0.33999999999999997,0,217.8,0,0.86,0.52,6.0,0,0,0.86,0.86,0,0.0
6,0,5.2986650466918945,4,3,440,0,1494,11,0.011,1.394722007215023,1,13808640,1434,3e-05,15,254.19,10112000,,,,,,,,,,,,,,,,,,,,,,,,,,,,,,,,,,,,,,,
6,0,5.122569561004639,,38,,0,1494,,,1.394722007215023,2,13813760,263,,,261.7,,0.073291015625,0.004186822101473808,21542,3e-05,0.08,0.00012537722650449724,-0.5079655023291707,0.4833354353904724,0.0013990729,0.7842709051386919,,,,,,,,,,,,,,,,,,,,,,,,,,,,,
6,0,5.096055507659912,,74,,0,1494,,,1.394722007215023,3,13818880,207,,,262.27,,0.07578125,0.02673020027577877,21550,3e-05,0.08,0.00033717348269419746,-0.495682030916214,0.5249125957489014,0.0010140003,0.8472138879820704,,,,,,,,,,,,,,,,,,,,,,,,,,,,,
6,6,4.974209308624268,,112,,6,1500,,,1.3826041718324025,4,13824000,181,,,266.54,,0.0629150390625,0.912996768951416,21558,3e-05,0.08,-7.533297321060672e-05,-0.48763859970495105,0.5179176330566406,0.0009005787,0.9197119278716854,,,,,,,,,,,,,,,,,,,,,,,,,,,,,
6,0,4.913788318634033,,146,,0,1500,,,1.3826041718324025,5,13829120,174,,,268.97,,0.0755615234375,0.6650447249412537,21566,3e-05,0.08,-0.0006526442404720001,-0.4974789096973836,0.5600012540817261,0.0012232241,1.012776426866185,,,,,,,,,,,,,,,,,,,,,,,,,,,,,
6,0,,,,,,1500,,,1.3826041718324025,,,,,,,,0.07021484375,0.20530660450458527,21574,3e-05,0.08,-0.0001905750104924664,-0.5148665934801102,0.550981879234314,0.00097219704,1.2824454019602853,20.333333333333332,302,0.006052166336415852,0.0013695084863635787,0.6036438345909119,1925,0.4278428819444445,0.15688311688311687,,,,,,,,,,,,,,,,,,,,,
,,,,,,,,,,,,,,,,,,,,,,,,,,,,,,,,,,,,4,0.88,4.775390873951838,10137600,276.04,2.0863933236948533,86.63855031104802,0,,,,,,,,,,,,,
,,,,,,,,,,,,,,,,,,,,,,,,,,,,,,,,,,,,4,0.46,3.5636542585678397,10137600,326.24,3.5107426963017407,124.82749056197515,1,,,,,,,,,,,,,
,,,,,,,,,,,,,,,,,,,,,,,,,,,,,,,,,,,,4,,,10137600,,,,,0.42,0,217.8,0,0.88,0.46,6.0,0,0,0.88,0.88,0,0.0
6,0,4.918605804443359,4,3,440,0,1500,11,0.011,1.3826041718324025,1,13834240,1463,3e-05,15,270.55,10137600,,,,,,,,,,,,,,,,,,,,,,,,,,,,,,,,,,,,,,,
6,0,4.773077011108398,,39,,0,1500,,,1.3826041718324025,2,13839360,261,,,276.5,,0.0650634765625,1.6317026615142822,21582,3e-05,0.08,-0.0004853715596254915,-0.4934064956381917,0.49004215002059937,0.00092152215,1.1002373026567511,,,,,,,,,,,,,,,,,,,,,,,,,,,,,
6,6,4.978827953338623,,70,,6,1506,,,1.285891010115544,3,13844480,217,,,269.65,,0.0658447265625,0.09380272775888443,21590,3e-05,0.08,-0.0002374889183556661,-0.4905739293433726,0.5113109350204468,0.0012217995,0.9536033048701938,,,,,,,,,,,,,,,,,,,,,,,,,,,,,
6,0,4.784360885620117,,106,,0,1506,,,1.285891010115544,4,13849600,191,,,278.32,,0.06982421875,0.13743489980697632,21598,3e-05,0.08,-3.5157077945768834e-06,-0.4961304719559848,0.2796040177345276,0.0011658648,1.154093670824659,,,,,,,,,,,,,,,,,,,,,,,,,,,,,
6,0,4.813243865966797,,140,,0,1506,,,1.285891010115544,5,13854720,182,,,276.0,,0.0732666015625,0.6794551014900208,21606,3e-05,0.08,-0.00037483900669030843,-0.481855836044997,0.34642529487609863,0.0011901081,0.9405125240678899,,,,,,,,,,,,,,,,,,,,,,,,,,,,,
6,0,,,,,,1506,,,1.285891010115544,,,,,,,,0.073193359375,0.512902557849884,21614,3e-05,0.08,-6.437319534597918e-05,-0.49876330569386484,0.3097599148750305,0.0009473783,1.010442760924343,20.333333333333332,302,0.006054425756609557,0.001404818682060476,0.6047531962394714,1925,0.4278428819444445,0.15688311688311687,,,,,,,,,,,,,,,,,,,,,
,,,,,,,,,,,,,,,,,,,,,,,,,,,,,,,,,,,,4,0.92,5.15863726079464,10163200,260.73,1.8350408693163132,75.6157199264809,0,,,,,,,,,,,,,
,,,,,,,,,,,,,,,,,,,,,,,,,,,,,,,,,,,,4,0.51,3.8654320296645164,10163200,318.34,3.178025174628057,121.86379445922401,1,,,,,,,,,,,,,
,,,,,,,,,,,,,,,,,,,,,,,,,,,,,,,,,,,,4,,,10163200,,,,,0.41000000000000003,0,217.8,0,0.92,0.51,6.0,0,0,0.92,0.92,0,0.0
6,0,4.826086521148682,4,3,440,0,1506,11,0.011,1.285891010115544,1,13859840,1483,3e-05,15,274.67,10163200,,,,,,,,,,,,,,,,,,,,,,,,,,,,,,,,,,,,,,,
6,6,4.730648994445801,,35,,6,1512,,,1.368459776043892,2,13864960,285,,,274.81,,0.083740234375,0.033733755350112915,21622,3e-05,0.08,0.00021119767625350506,-0.4693006740882993,0.2278342843055725,0.0011373804,0.7342925078060943,,,,,,,,,,,,,,,,,,,,,,,,,,,,,
6,0,4.879171848297119,,72,,0,1512,,,1.368459776043892,3,13870080,212,,,268.77,,0.0659912109375,1.0016071796417236,21630,3e-05,0.08,0.0002930173854110762,-0.4687928523868322,0.39349687099456787,0.00096859055,0.9552460225473624,,,,,,,,,,,,,,,,,,,,,,,,,,,,,
6,0,4.9830241203308105,,109,,0,1512,,,1.368459776043892,4,13875200,187,,,264.8,,0.080712890625,0.6490861773490906,21638,3e-05,0.08,-5.3942378144711256e-05,-0.4836480267345905,0.5054882764816284,0.0010888028,0.9744138257403392,,,,,,,,,,,,,,,,,,,,,,,,,,,,,
6,0,4.956960678100586,,145,,0,1512,,,1.368459776043892,5,13880320,175,,,266.22,,0.0870361328125,0.328591912984848,21646,3e-05,0.08,0.00046330718469107525,-0.4713667180389166,0.573015570640564,0.00090853625,1.0214813103200868,,,,,,,,,,,,,,,,,,,,,,,,,,,,,
6,0,,,,,,1512,,,1.368459776043892,,,,,,,,0.0675048828125,0.14611877501010895,21654,3e-05,0.08,0.00012795076618203892,-0.4738374029286206,0.3868926167488098,0.0013939396,1.352737445337698,20.25,302,0.006050348378629931,0.001384377736231627,0.6034513711929321,1925,0.42751736111111116,0.15688311688311687,,,,,,,,,,,,,,,,,,,,,
,,,,,,,,,,,,,,,,,,,,,,,,,,,,,,,,,,,,4,0.83,4.948528217207641,10188800,273.57,2.09558096452909,92.94807744111763,0,,,,,,,,,,,,,
,,,,,,,,,,,,,,,,,,,,,,,,,,,,,,,,,,,,4,0.5,4.082641764376312,10188800,316.27,3.03140831446161,125.16012583886291,1,,,,,,,,,,,,,
,,,,,,,,,,,,,,,,,,,,,,,,,,,,,,,,,,,,4,,,10188800,,,,,0.32999999999999996,0,217.8,0,0.83,0.5,6.0,0,0,0.83,0.83,0,0.0
6,6,5.027203559875488,4,3,440,6,1518,11,0.011,1.3138456704715888,1,13885440,1465,3e-05,15,264.94,10188800,,,,,,,,,,,,,,,,,,,,,,,,,,,,,,,,,,,,,,,
6,0,5.315736770629883,,42,,0,1518,,,1.3138456704715888,2,13890560,242,,,255.51,,0.0994140625,0.6855360865592957,21662,3e-05,0.08,0.0007218095735879615,-0.4827254471369088,0.2304614782333374,0.0022729314,1.4762232244305777,,,,,,,,,,,,,,,,,,,,,,,,,,,,,
6,0,5.262828350067139,,80,,0,1518,,,1.3138456704715888,3,13895680,190,,,258.95,,0.084912109375,0.4665227234363556,21670,3e-05,0.08,-0.00025167049752781165,-0.4821918941102922,0.4088039994239807,0.0017966719,1.1875444309436716,,,,,,,,,,,,,,,,,,,,,,,,,,,,,
6,0,5.318695068359375,,113,,0,1518,,,1.3138456704715888,4,13900800,180,,,256.82,,0.065869140625,0.25086352229118347,21678,3e-05,0.08,-1.631851773709059e-08,-0.48382629323750737,0.4915309548377991,0.0012394746,0.8578192862507421,,,,,,,,,,,,,,,,,,,,,,,,,,,,,
6,6,5.237034797668457,,150,,6,1524,,,1.3833672851324081,5,13905920,170,,,262.07,,0.06416015625,0.8236618041992188,21686,3e-05,0.08,-0.00011952469649259,-0.45870145028457043,0.4507873058319092,0.0011488847,0.7609429338597693,,,,,,,,,,,,,,,,,,,,,,,,,,,,,
6,6,,,,,,1524,,,1.3833672851324081,,,,,,,,0.0660400390625,0.8149253129959106,21694,3e-05,0.08,0.0010382542401202953,-0.44028323888778687,0.45620179176330566,0.0011394995,0.8651598550844938,20.25,302,0.006057670733989105,0.0013838486468675027,0.6031767725944519,1925,0.42751736111111116,0.15688311688311687,,,,,,,,,,,,,,,,,,,,,
,,,,,,,,,,,,,,,,,,,,,,,,,,,,,,,,,,,,4,0.93,5.204029331300408,10214400,257.89,2.068999048700354,82.17224531433958,0,,,,,,,,,,,,,
,,,,,,,,,,,,,,,,,,,,,,,,,,,,,,,,,,,,4,0.55,4.2935616382956505,10214400,300.92,3.3652136090280322,127.10788173830922,1,,,,,,,,,,,,,
,,,,,,,,,,,,,,,,,,,,,,,,,,,,,,,,,,,,4,,,10214400,,,,,0.38,0,217.8,1,0.93,0.55,6.0,0,0,0.93,0.93,0,0.0
6,0,5.307832717895508,4,3,440,0,1524,11,0.011,1.3833672851324081,1,13911040,1397,3e-05,15,259.61,10214400,,,,,,,,,,,,,,,,,,,,,,,,,,,,,,,,,,,,,,,
6,0,5.2172017097473145,,39,,0,1524,,,1.3833672851324081,2,13916160,256,,,263.02,,0.060595703125,0.6704046130180359,21702,3e-05,0.08,-0.0004065629284013994,-0.47659651692956684,0.3973625898361206,0.0009778265,1.044388656161027,,,,,,,,,,,,,,,,,,,,,,,,,,,,,
6,0,5.230053901672363,,77,,0,1524,,,1.3833672851324081,3,13921280,198,,,261.17,,0.0682861328125,0.994348406791687,21710,3e-05,0.08,-0.0004231923725455999,-0.4694550547748804,0.3083299994468689,0.0009767108,0.8608208356483373,,,,,,,,,,,,,,,,,,,,,,,,,,,,,
6,6,5.330937385559082,,116,,6,1530,,,1.4778459320465724,4,13926400,175,,,257.46,,0.0772705078125,0.20883578062057495,21718,3e-05,0.08,9.174157603411003e-05,-0.48149937083944677,0.3848108649253845,0.0014499223,0.9265821941022295,,,,,,,,,,,,,,,,,,,,,,,,,,,,,
6,0,5.396880626678467,,154,,0,1530,,,1.4778459320465724,5,13931520,165,,,252.82,,0.0985107421875,0.4519568979740143,21726,3e-05,0.08,0.001188647106755525,-0.4541156736202538,0.27019792795181274,0.0018083382,0.7397184890927747,,,,,,,,,,,,,,,,,,,,,,,,,,,,,
6,0,,,,,,1530,,,1.4778459320465724,,,,,,,,0.0703857421875,0.36235955357551575,21734,3e-05,0.08,0.00027327461284585295,-0.4435417868196964,0.4431155323982239,0.0007743292,0.7931375628424575,20.0,303,0.006069026042434192,0.0013875901535228882,0.6023205518722534,1925,0.42502170138888884,0.1574025974025974,,,,,,,,,,,,,,,,,,,,,
,,,,,,,,,,,,,,,,,,,,,,,,,,,,,,,,,,,,4,0.92,5.309833046495914,10240000,254.64,1.7924040419651195,74.31763182448698,0,,,,,,,,,,,,,
,,,,,,,,,,,,,,,,,,,,,,,,,,,,,,,,,,,,4,0.42,3.3974852587282656,10240000,334.94,3.3471258038158296,124.24265129173637,1,,,,,,,,,,,,,
,,,,,,,,,,,,,,,,,,,,,,,,,,,,,,,,,,,,4,,,10240000,,,,,0.5,0,217.8,0,0.92,0.42,6.0,0,0,0.92,0.92,0,0.0
6,0,5.364859104156494,4,3,440,0,1530,11,0.011,1.4778459320465724,1,13936640,1454,3e-05,15,253.91,10240000,,,,,,,,,,,,,,,,,,,,,,,,,,,,,,,,,,,,,,,
6,6,5.33106803894043,,37,,6,1536,,,1.365126058459282,2,13941760,276,,,255.59,,0.0694580078125,0.0248451828956604,21742,3e-05,0.08,0.0002077225872199051,-0.45098232962191104,0.4888749122619629,0.0014464485,0.8199705513252411,,,,,,,,,,,,,,,,,,,,,,,,,,,,,
6,0,5.230259418487549,,71,,0,1536,,,1.365126058459282,3,13946880,215,,,260.49,,0.070556640625,0.4448590874671936,21750,3e-05,0.08,-0.0003706872754264623,-0.439667877368629,0.5702087879180908,0.00097548123,0.914627971558366,,,,,,,,,,,,,,,,,,,,,,,,,,,,,
6,0,5.118890285491943,,105,,0,1536,,,1.365126058459282,4,13952000,193,,,265.09,,0.0629638671875,0.18983213603496552,21758,3e-05,0.08,0.000324534997344017,-0.4355129929259419,0.48212730884552,0.0018721018,1.078713136049919,,,,,,,,,,,,,,,,,,,,,,,,,,,,,
6,0,4.9316725730896,,141,,0,1536,,,1.365126058459282,5,13957120,181,,,274.16,,0.0705078125,0.40565475821495056,21766,3e-05,0.08,8.289436664199457e-05,-0.4448866844177246,0.46610504388809204,0.0009886797,1.0567518753290641,,,,,,,,,,,,,,,,,,,,,,,,,,,,,
6,0,,,,,,1536,,,1.365126058459282,,,,,,,,0.1005126953125,0.42410075664520264,21774,3e-05,0.08,0.0010396183002740144,-0.43530626269057393,0.39794862270355225,0.001774493,0.8101629703887738,20.0,303,0.006057754546955096,0.0013712353235793497,0.6018338799476624,1925,0.42502170138888884,0.1574025974025974,,,,,,,,,,,,,,,,,,,,,
,,,,,,,,,,,,,,,,,,,,,,,,,,,,,,,,,,,,4,0.93,5.206931016147137,10265600,257.47,1.9417902660586155,77.99903268630963,0,,,,,,,,,,,,,
,,,,,,,,,,,,,,,,,,,,,,,,,,,,,,,,,,,,4,0.59,4.640852851271629,10265600,293.87,2.905282690139606,124.20907011969777,1,,,,,,,,,,,,,
,,,,,,,,,,,,,,,,,,,,,,,,,,,,,,,,,,,,4,,,10265600,,,,,0.3400000000000001,0,217.8,1,0.93,0.59,6.0,0,0,0.93,0.93,0,0.0
6,6,5.169610500335693,4,3,440,6,1542,11,0.011,1.4463013137380283,1,13962240,1538,3e-05,15,264.03,10265600,,,,,,,,,,,,,,,,,,,,,,,,,,,,,,,,,,,,,,,
6,0,5.1515583992004395,,42,,0,1542,,,1.4463013137380283,2,13967360,243,,,263.15,,0.0966064453125,0.005713838152587414,21782,3e-05,0.08,0.0017012552489177324,-0.4536128981038928,0.16310840845108032,0.0028934483,0.7504696053627413,,,,,,,,,,,,,,,,,,,,,,,,,,,,,
6,0,5.417642593383789,,77,,0,1542,,,1.4463013137380283,3,13972480,199,,,252.23,,0.115869140625,0.18332034349441528,21790,3e-05,0.08,0.0027337604071362874,-0.4590527632273734,0.042097389698028564,0.0025487351,0.6647574093483855,,,,,,,,,,,,,,,,,,,,,,,,,,,,,
6,0,5.4019951820373535,,116,,0,1542,,,1.4463013137380283,4,13977600,176,,,252.64,,0.0602783203125,0.23061519861221313,21798,3e-05,0.08,-0.0011163087314344012,-0.4704993410035968,0.5068399906158447,0.0006260414,0.8281009745434857,,,,,,,,,,,,,,,,,,,,,,,,,,,,,
6,6,5.515714168548584,,150,,6,1548,,,1.4551754941542943,5,13982720,170,,,246.1,,0.0869873046875,0.013356443494558334,21806,3e-05,0.08,0.0007792913005687296,-0.4377138148061931,0.3534730076789856,0.0013510449,0.7410443505243165,,,,,,,,,,,,,,,,,,,,,,,,,,,,,
6,6,,,,,,1548,,,1.4551754941542943,,,,,,,,0.0736083984375,0.5837252140045166,21814,3e-05,0.08,7.215591322164982e-05,-0.44507845025509596,0.5211017727851868,0.00108077,0.8122595072578406,20.0,303,0.006067663744151596,0.0013718578734376813,0.6005549430847168,1925,0.42502170138888884,0.1574025974025974,,,,,,,,,,,,,,,,,,,,,
,,,,,,,,,,,,,,,,,,,,,,,,,,,,,,,,,,,,4,0.88,5.189807592332363,10291200,262.1,2.0331651436357485,86.86362875219986,0,,,,,,,,,,,,,
,,,,,,,,,,,,,,,,,,,,,,,,,,,,,,,,,,,,4,0.52,4.17299499861896,10291200,308.99,3.2327440207826768,129.41580235813555,1,,,,,,,,,,,,,
,,,,,,,,,,,,,,,,,,,,,,,,,,,,,,,,,,,,4,,,10291200,,,,,0.36,0,217.8,0,0.88,0.52,6.0,0,0,0.88,0.88,0,0.0
6,0,5.301517486572266,4,3,440,0,1548,11,0.011,1.4551754941542943,1,13987840,1458,3e-05,15,254.18,10291200,,,,,,,,,,,,,,,,,,,,,,,,,,,,,,,,,,,,,,,
6,0,5.333923816680908,,40,,0,1548,,,1.4551754941542943,2,13992960,254,,,253.12,,0.0598876953125,0.10644149780273438,21822,3e-05,0.08,-0.0003672317441669293,-0.44706521574407815,0.4939751625061035,0.0008393802,0.755446134036174,,,,,,,,,,,,,,,,,,,,,,,,,,,,,
6,0,5.140170097351074,,75,,0,1548,,,1.4551754941542943,3,13998080,202,,,262.19,,0.05576171875,0.1415913701057434,21830,3e-05,0.08,-0.0003022669843630865,-0.4450136019848287,0.6014463901519775,0.0013469541,0.8038980006531347,,,,,,,,,,,,,,,,,,,,,,,,,,,,,
6,6,5.127768039703369,,109,,6,1554,,,1.4723709374666214,4,14003200,186,,,263.87,,0.10234375,0.3860960602760315,21838,3e-05,0.08,0.0017015071891364642,-0.44738067742437126,0.5365755558013916,0.002333148,0.9067954982281663,,,,,,,,,,,,,,,,,,,,,,,,,,,,,
6,0,5.1512298583984375,,147,,0,1554,,,1.4723709374666214,5,14008320,173,,,264.18,,0.0816162109375,0.2803531289100647,21846,3e-05,0.08,1.6622837574686854e-05,-0.44607908176258204,0.4549673795700073,0.0018914727,1.0138506104354748,,,,,,,,,,,,,,,,,,,,,,,,,,,,,
6,0,,,,,,1554,,,1.4723709374666214,,,,,,,,0.0540771484375,0.6943004727363586,21854,3e-05,0.08,-0.0008135631185723468,-0.4384865048341453,0.4762836694717407,0.0008978876,1.0148738956544547,19.833333333333332,303,0.006078402951636663,0.0013720362938412873,0.6000717878341675,1925,0.42437065972222215,0.1574025974025974,,,,,,,,,,,,,,,,,,,,,
,,,,,,,,,,,,,,,,,,,,,,,,,,,,,,,,,,,,4,0.89,5.0352378813922405,10316800,266.39,1.9711459193708052,82.33940672606282,0,,,,,,,,,,,,,
,,,,,,,,,,,,,,,,,,,,,,,,,,,,,,,,,,,,4,0.56,4.3468492574244735,10316800,302.74,3.0544478488033375,125.00636943772105,1,,,,,,,,,,,,,
,,,,,,,,,,,,,,,,,,,,,,,,,,,,,,,,,,,,4,,,10316800,,,,,0.32999999999999996,0,217.8,0,0.89,0.56,6.0,0,0,0.89,0.89,0,0.0
6,0,5.072474479675293,4,3,440,0,1554,11,0.011,1.4723709374666214,1,14013440,1409,3e-05,15,268.77,10316800,,,,,,,,,,,,,,,,,,,,,,,,,,,,,,,,,,,,,,,
6,0,5.075125217437744,,34,,0,1554,,,1.4723709374666214,2,14018560,300,,,268.93,,0.0732421875,0.5125783085823059,21862,3e-05,0.08,0.0009334599482826889,-0.449826199747622,0.33664679527282715,0.00093530153,0.6045486355316825,,,,,,,,,,,,,,,,,,,,,,,,,,,,,
6,6,5.143304824829102,,70,,6,1560,,,1.4266002203027408,3,14023680,218,,,266.37,,0.0597900390625,0.7455966472625732,21870,3e-05,0.08,-0.0003457562968833372,-0.44042576318606735,0.4254884719848633,0.00087234116,0.6537072963954416,,,,,,,,,,,,,,,,,,,,,,,,,,,,,
6,0,5.135381698608398,,106,,0,1560,,,1.4266002203027408,4,14028800,191,,,265.49,,0.0652587890625,0.19358398020267487,21878,3e-05,0.08,0.00025270179321523756,-0.436971967946738,0.5121132135391235,0.0014832804,0.7545593046932482,,,,,,,,,,,,,,,,,,,,,,,,,,,,,
6,0,5.032829761505127,,142,,0,1560,,,1.4266002203027408,5,14033920,179,,,269.61,,0.0627685546875,0.057367391884326935,21886,3e-05,0.08,-8.01302638137713e-05,-0.4391277606599033,0.4115344285964966,0.0010114054,0.8613555978023214,,,,,,,,,,,,,,,,,,,,,,,,,,,,,
6,0,,,,,,1560,,,1.4266002203027408,,,,,,,,0.0813720703125,0.751281201839447,21894,3e-05,0.08,0.0006977907323744148,-0.4463113938458264,0.3860906958580017,0.0021949955,0.841466104448773,19.916666666666668,303,0.006047727507902567,0.0013529609975930982,0.5994220972061157,1925,0.4246961805555555,0.1574025974025974,,,,,,,,,,,,,,,,,,,,,
,,,,,,,,,,,,,,,,,,,,,,,,,,,,,,,,,,,,4,0.89,5.415804896354675,10342400,253.62,1.768988291650446,78.94944964976007,0,,,,,,,,,,,,,
,,,,,,,,,,,,,,,,,,,,,,,,,,,,,,,,,,,,4,0.43,3.5792907533049583,10342400,334.54,3.0996512992427783,125.32090168842545,1,,,,,,,,,,,,,
,,,,,,,,,,,,,,,,,,,,,,,,,,,,,,,,,,,,4,,,10342400,,,,,0.46,0,217.8,0,0.89,0.43,6.0,0,0,0.89,0.89,0,0.0
6,0,5.2107343673706055,4,3,440,0,1560,11,0.011,1.4266002203027408,1,14039040,1494,3e-05,15,261.5,10342400,,,,,,,,,,,,,,,,,,,,,,,,,,,,,,,,,,,,,,,
6,6,5.213129043579102,,40,,6,1566,,,1.4098170225818951,2,14044160,253,,,260.48,,0.07763671875,0.12162579596042633,21902,3e-05,0.08,0.00023591808567289264,-0.45074778962880374,0.3245508074760437,0.001417223,0.9429794583818876,,,,,,,,,,,,,,,,,,,,,,,,,,,,,
6,0,5.249797344207764,,77,,0,1566,,,1.4098170225818951,3,14049280,198,,,257.82,,0.0636962890625,0.4635438323020935,21910,3e-05,0.08,-0.0004814690008061007,-0.48366891546174884,0.31114161014556885,0.0010020289,1.029428644379368,,,,,,,,,,,,,,,,,,,,,,,,,,,,,
6,0,5.235276699066162,,110,,0,1566,,,1.4098170225818951,4,14054400,184,,,258.51,,0.0542724609375,0.3272141218185425,21918,3e-05,0.08,0.0002609171875519678,-0.4435614819638431,0.18404936790466309,0.00068268075,0.8222004451730754,,,,,,,,,,,,,,,,,,,,,,,,,,,,,
6,0,5.2644147872924805,,150,,0,1566,,,1.4098170225818951,5,14059520,170,,,256.94,,0.0686767578125,0.13290926814079285,21926,3e-05,0.08,0.00036540978253469804,-0.45503990361467006,0.06721270084381104,0.0014030645,1.328505236125784,,,,,,,,,,,,,,,,,,,,,,,,,,,,,
6,0,,,,,,1566,,,1.4098170225818951,,,,,,,,0.071875,0.45065003633499146,21934,3e-05,0.08,4.7701410949230194e-05,-0.4576640184037387,0.0766260027885437,0.00073500734,0.7536413342168089,20.0,303,0.006035344957361242,0.0013902150548274139,0.5994309782981873,1925,0.42599826388888884,0.1574025974025974,,,,,,,,,,,,,,,,,,,,,
,,,,,,,,,,,,,,,,,,,,,,,,,,,,,,,,,,,,4,0.87,5.060106360279024,10368000,266.43,2.1758861722348435,89.77196165841536,0,,,,,,,,,,,,,
,,,,,,,,,,,,,,,,,,,,,,,,,,,,,,,,,,,,4,0.5,3.9790587323904036,10368000,313.23,3.4231813798467923,128.69373372468453,1,,,,,,,,,,,,,
,,,,,,,,,,,,,,,,,,,,,,,,,,,,,,,,,,,,4,,,10368000,,,,,0.37,0,217.8,0,0.87,0.5,6.0,0,0,0.87,0.87,0,0.0
6,6,5.1348557472229,4,3,440,6,1572,11,0.011,1.3777667718629043,1,14064640,1456,3e-05,15,261.57,10368000,,,,,,,,,,,,,,,,,,,,,,,,,,,,,,,,,,,,,,,
6,0,5.109130382537842,,42,,0,1572,,,1.3777667718629043,2,14069760,243,,,260.98,,0.0789306640625,0.30454564094543457,21942,3e-05,0.08,-0.0003235248062992468,-0.4537012287415564,0.03439527750015259,0.0014019485,1.08060165810748,,,,,,,,,,,,,,,,,,,,,,,,,,,,,
6,0,5.0991621017456055,,76,,0,1572,,,1.3777667718629043,3,14074880,200,,,261.12,,0.070654296875,0.41538721323013306,21950,3e-05,0.08,0.0003954224579501897,-0.4642238994129002,0.04113662242889404,0.00091899594,1.0916667859593872,,,,,,,,,,,,,,,,,,,,,,,,,,,,,
6,0,5.106041431427002,,106,,0,1572,,,1.3777667718629043,4,14080000,193,,,260.79,,0.078759765625,0.7948838472366333,21958,3e-05,0.08,0.0001941623500897549,-0.43889943342655896,0.16488546133041382,0.0012429676,0.7047642990248277,,,,,,,,,,,,,,,,,,,,,,,,,,,,,
6,6,5.0259623527526855,,139,,6,1578,,,1.3899763226509094,5,14085120,183,,,263.59,,0.058579545454545454,2.4561049938201904,21965,3e-05,0.08,-0.00013467856936834075,-0.45282383333552967,0.10124218463897705,0.0021180443,1.1860380248793148,,,,,,,,,,,,,,,,,,,,,,,,,,,,,
6,6,,,,,,1578,,,1.3899763226509094,,,,,,,,0.066015625,0.992392361164093,21973,3e-05,0.08,-0.0005081846145913004,-0.4533650035969913,0.10074478387832642,0.0013246594,0.9561830968712457,20.0,303,0.0060192896871871975,0.0013503930637956474,0.5998611450195312,1925,0.42599826388888884,0.1574025974025974,,,,,,,,,,,,,,,,,,,,,
,,,,,,,,,,,,,,,,,,,,,,,,,,,,,,,,,,,,4,0.92,5.316515244841575,10393600,255.36,1.8172979894713523,75.74714780108887,0,,,,,,,,,,,,,
,,,,,,,,,,,,,,,,,,,,,,,,,,,,,,,,,,,,4,0.64,4.826040087938309,10393600,282.36,2.921618226018636,122.48506194634513,1,,,,,,,,,,,,,
,,,,,,,,,,,,,,,,,,,,,,,,,,,,,,,,,,,,4,,,10393600,,,,,0.28,0,217.8,0,0.92,0.64,6.0,0,0,0.92,0.92,0,0.0
6,0,5.0812578201293945,4,3,440,0,1578,11,0.011,1.3899763226509094,1,14090240,1453,3e-05,15,260.97,10393600,,,,,,,,,,,,,,,,,,,,,,,,,,,,,,,,,,,,,,,
6,0,4.948299407958984,,38,,0,1578,,,1.3899763226509094,2,14095360,268,,,268.51,,0.0784423828125,0.18769507110118866,21981,3e-05,0.08,8.702410559635609e-06,-0.45917542167007924,0.1648131012916565,0.00181127,0.73711323056923,,,,,,,,,,,,,,,,,,,,,,,,,,,,,
6,0,5.200613021850586,,74,,0,1578,,,1.3899763226509094,3,14100480,204,,,258.34,,0.072607421875,0.6621021032333374,21989,3e-05,0.08,0.000668913999106735,-0.4443508481606841,0.30136847496032715,0.0007890182,0.8603865021315868,,,,,,,,,,,,,,,,,,,,,,,,,,,,,
6,6,5.283730983734131,,113,,6,1584,,,1.3802592791616917,4,14105600,179,,,255.29,,0.0898681640625,0.6135506629943848,21997,3e-05,0.08,0.0010439000587211921,-0.4544863494113088,0.33256006240844727,0.0016417779,1.1593509823782369,,,,,,,,,,,,,,,,,,,,,,,,,,,,,
6,0,5.160766124725342,,149,,0,1584,,,1.3802592791616917,5,14110720,171,,,261.31,,0.068701171875,0.45282045006752014,22005,3e-05,0.08,-0.00022280370612861588,-0.41996583323925735,0.43550556898117065,0.001259736,1.1038522772287251,,,,,,,,,,,,,,,,,,,,,,,,,,,,,
6,0,,,,,,1584,,,1.3802592791616917,,,,,,,,0.089404296875,0.15116184949874878,22013,3e-05,0.08,0.0014903334056725725,-0.4370735318399966,0.4025334119796753,0.0022038915,0.9056833360809833,19.916666666666668,303,0.006067812294739895,0.0013928188452166036,0.6000441908836365,1925,0.4246961805555555,0.1574025974025974,,,,,,,,,,,,,,,,,,,,,
,,,,,,,,,,,,,,,,,,,,,,,,,,,,,,,,,,,,4,0.87,5.135797010064125,10419200,265.21,2.0555451603737946,88.54041958337446,0,,,,,,,,,,,,,
,,,,,,,,,,,,,,,,,,,,,,,,,,,,,,,,,,,,4,0.57,4.317317471951246,10419200,302.83,3.0122367161874615,123.83376397412783,1,,,,,,,,,,,,,
,,,,,,,,,,,,,,,,,,,,,,,,,,,,,,,,,,,,4,,,10419200,,,,,0.30000000000000004,0,217.8,0,0.87,0.57,6.0,0,0,0.87,0.87,0,0.0
6,0,5.135449409484863,4,3,440,0,1584,11,0.011,1.3802592791616917,1,14115840,1408,3e-05,15,262.78,10419200,,,,,,,,,,,,,,,,,,,,,,,,,,,,,,,,,,,,,,,
6,0,5.109315395355225,,40,,0,1584,,,1.3802592791616917,2,14120960,250,,,262.46,,0.0687255859375,0.5548506379127502,22021,3e-05,0.08,0.00019493756262818352,-0.4474968262016773,0.48020654916763306,0.00079330243,1.0865816871810239,,,,,,,,,,,,,,,,,,,,,,,,,,,,,
6,6,5.141373157501221,,74,,6,1590,,,1.3985332821806271,3,14126080,205,,,261.58,,0.068310546875,0.06276757270097733,22029,3e-05,0.08,0.0007179524094681255,-0.43214016696438196,0.5384498834609985,0.0012318247,0.9283332550083288,,,,,,,,,,,,,,,,,,,,,,,,,,,,,
6,0,5.217029571533203,,111,,0,1590,,,1.3985332821806271,4,14131200,184,,,259.65,,0.0762451171875,0.6322818398475647,22037,3e-05,0.08,8.274644205812365e-05,-0.42969310060143473,0.42986392974853516,0.001618639,1.16184418638004,,,,,,,,,,,,,,,,,,,,,,,,,,,,,
6,0,5.5237016677856445,,152,,0,1590,,,1.3985332821806271,5,14136320,168,,,247.7,,0.0902587890625,1.39657723903656,22045,3e-05,0.08,0.00023958596575539558,-0.43902133353985845,0.4735567569732666,0.0013410056,0.9273939602018799,,,,,,,,,,,,,,,,,,,,,,,,,,,,,
6,0,,,,,,1590,,,1.3985332821806271,,,,,,,,0.063427734375,0.27272140979766846,22053,3e-05,0.08,-0.0006060103827621788,-0.4154341480694711,0.5089796781539917,0.001308406,0.5543777198821772,19.833333333333332,303,0.006089180902660949,0.0013995501525291302,0.5997874736785889,1925,0.4248046875,0.1574025974025974,,,,,,,,,,,,,,,,,,,,,
,,,,,,,,,,,,,,,,,,,,,,,,,,,,,,,,,,,,4,0.88,4.979897410320118,10444800,269.39,2.2302288905564702,91.27769661861544,0,,,,,,,,,,,,,
,,,,,,,,,,,,,,,,,,,,,,,,,,,,,,,,,,,,4,0.56,4.484429267793894,10444800,300.05,2.972103280287975,126.49793476575023,1,,,,,,,,,,,,,
,,,,,,,,,,,,,,,,,,,,,,,,,,,,,,,,,,,,4,,,10444800,,,,,0.31999999999999995,0,217.8,0,0.88,0.56,6.0,0,0,0.88,0.88,0,0.0
6,0,5.6757683753967285,4,3,440,0,1590,11,0.011,1.3985332821806271,1,14141440,1450,3e-05,15,241.39,10444800,,,,,,,,,,,,,,,,,,,,,,,,,,,,,,,,,,,,,,,
6,6,5.711295127868652,,40,,6,1596,,,1.5060894290606182,2,14146560,253,,,240.73,,0.0617919921875,0.2988421320915222,22061,3e-05,0.08,4.901606007479131e-05,-0.42684440361335874,0.48462432622909546,0.0011284674,0.7042073956894456,,,,,,,,,,,,,,,,,,,,,,,,,,,,,
6,0,5.7006964683532715,,75,,0,1596,,,1.5060894290606182,3,14151680,204,,,240.77,,0.0724365234375,0.009537218138575554,22069,3e-05,0.08,-0.00047619991237297655,-0.4269597236998379,0.5537211894989014,0.0009930122,0.6209617536747828,,,,,,,,,,,,,,,,,,,,,,,,,,,,,
6,0,5.614750385284424,,114,,0,1596,,,1.5060894290606182,4,14156800,179,,,243.86,,0.06787109375,0.16935580968856812,22077,3e-05,0.08,-0.0005654910550219938,-0.4072298236191273,0.6098359823226929,0.0011266867,0.6971144665789325,,,,,,,,,,,,,,,,,,,,,,,,,,,,,
6,0,5.519692897796631,,147,,0,1596,,,1.5060894290606182,5,14161920,174,,,248.09,,0.0680419921875,0.1451854556798935,22085,3e-05,0.08,0.0001612838852452114,-0.4203098417259753,0.5049689412117004,0.0012341806,0.9199820706213359,,,,,,,,,,,,,,,,,,,,,,,,,,,,,
6,0,,,,,,1596,,,1.5060894290606182,,,,,,,,0.0504638671875,0.10032036900520325,22093,3e-05,0.08,-0.0006379737606039271,-0.40468760174699125,0.6515927314758301,0.0009268977,0.7663654543808661,19.833333333333332,303,0.006124207817572827,0.0014294266726444594,0.5989735722541809,1925,0.4248046875,0.1574025974025974,,,,,,,,,,,,,,,,,,,,,
,,,,,,,,,,,,,,,,,,,,,,,,,,,,,,,,,,,,4,0.87,5.305591410696507,10470400,258.12,2.0269877649809946,88.14752180294123,0,,,,,,,,,,,,,
,,,,,,,,,,,,,,,,,,,,,,,,,,,,,,,,,,,,4,0.63,4.631365127563477,10470400,290.99,2.8934480303084062,119.20935324042321,1,,,,,,,,,,,,,
,,,,,,,,,,,,,,,,,,,,,,,,,,,,,,,,,,,,4,,,10470400,,,,,0.24,0,217.8,0,0.87,0.63,6.0,0,0,0.87,0.87,0,0.0
6,6,5.385931968688965,4,3,440,6,1602,11,0.011,1.5448679327964783,1,14167040,1459,3e-05,15,253.71,10470400,,,,,,,,,,,,,,,,,,,,,,,,,,,,,,,,,,,,,,,
6,0,5.439931869506836,,38,,0,1602,,,1.5448679327964783,2,14172160,265,,,250.58,,0.0700927734375,0.5250428915023804,22101,3e-05,0.08,0.0008849959631334059,-0.4123232215642929,0.48951464891433716,0.0010335617,0.6290128699678462,,,,,,,,,,,,,,,,,,,,,,,,,,,,,
6,0,5.542414665222168,,74,,0,1602,,,1.5448679327964783,3,14177280,206,,,246.55,,0.0692138671875,0.08834641426801682,22109,3e-05,0.08,-0.0003909774517524056,-0.4085113673470914,0.5812627077102661,0.0011822435,0.6919194264890394,,,,,,,,,,,,,,,,,,,,,,,,,,,,,
6,6,5.374644756317139,,109,,6,1608,,,1.462436022857825,4,14182400,187,,,252.23,,0.0555419921875,0.2827865779399872,22117,3e-05,0.08,6.63371421978809e-05,-0.4045191690791398,0.5140505433082581,0.0009153678,0.649699035071535,,,,,,,,,,,,,,,,,,,,,,,,,,,,,
6,0,5.324855804443359,,146,,0,1608,,,1.462436022857825,5,14187520,174,,,253.0,,0.076318359375,0.011273209005594254,22125,3e-05,0.08,0.0006158416988910175,-0.4113193118944764,0.5969389081001282,0.0014747678,1.015563402781845,,,,,,,,,,,,,,,,,,,,,,,,,,,,,
6,0,,,,,,1608,,,1.462436022857825,,,,,,,,0.059521484375,1.0803115367889404,22133,3e-05,0.08,0.0001521387996035628,-0.3804721629247069,0.5128106474876404,0.0014489561,1.045108967111446,19.833333333333332,303,0.006109575288942713,0.0014003497279254451,0.5979611277580261,1925,0.4248046875,0.1574025974025974,,,,,,,,,,,,,,,,,,,,,
,,,,,,,,,,,,,,,,,,,,,,,,,,,,,,,,,,,,4,0.96,5.69369634700939,10496000,238.34,1.7228486540284027,67.17294395811456,0,,,,,,,,,,,,,
,,,,,,,,,,,,,,,,,,,,,,,,,,,,,,,,,,,,4,0.54,4.470705160796642,10496000,301.87,3.0371042198985,128.89186591868395,1,,,,,,,,,,,,,
,,,,,,,,,,,,,,,,,,,,,,,,,,,,,,,,,,,,4,,,10496000,,,,,0.41999999999999993,0,217.8,1,0.96,0.54,6.0,0,0,0.96,0.96,0,0.0
6,0,5.276577949523926,4,3,440,0,1608,11,0.011,1.462436022857825,1,14192640,1450,3e-05,15,256.45,10496000,,,,,,,,,,,,,,,,,,,,,,,,,,,,,,,,,,,,,,,
6,0,5.3368330001831055,,39,,0,1608,,,1.462436022857825,2,14197760,256,,,254.86,,0.0654541015625,0.5178952217102051,22141,3e-05,0.08,8.827157143969089e-05,-0.3936699029523879,0.6259080171585083,0.0014202672,1.0448940289090387,,,,,,,,,,,,,,,,,,,,,,,,,,,,,
6,6,5.0937886238098145,,77,,6,1614,,,1.4995070472359657,3,14202880,198,,,265.75,,0.07177734375,0.2972732186317444,22149,3e-05,0.08,0.00041652586514828727,-0.40087487092241647,0.563532829284668,0.0009288757,1.1148849534336478,,,,,,,,,,,,,,,,,,,,,,,,,,,,,
6,0,5.180074691772461,,113,,0,1614,,,1.4995070472359657,4,14208000,180,,,262.79,,0.0768798828125,0.02264505997300148,22157,3e-05,0.08,0.00032209942291956396,-0.404544961778447,0.613813042640686,0.0010008094,0.8060080242474215,,,,,,,,,,,,,,,,,,,,,,,,,,,,,
6,0,5.122124671936035,,146,,0,1614,,,1.4995070472359657,5,14213120,174,,,264.85,,0.0790771484375,0.29161134362220764,22165,3e-05,0.08,0.0002641723302076571,-0.40076405489817263,0.409606397151947,0.0011675253,0.6112525989359711,,,,,,,,,,,,,,,,,,,,,,,,,,,,,
6,0,,,,,,1614,,,1.4995070472359657,,,,,,,,0.064892578125,0.4278036653995514,22173,3e-05,0.08,-0.00013013160205446183,-0.41006687181070445,0.42373043298721313,0.00086507417,0.8418284584535286,19.75,303,0.006069514372703444,0.0013759909935959764,0.5976986885070801,1925,0.4244791666666667,0.1574025974025974,,,,,,,,,,,,,,,,,,,,,
,,,,,,,,,,,,,,,,,,,,,,,,,,,,,,,,,,,,4,0.89,5.5573349720239635,10521600,248.24,1.9001023216978365,83.19424499326861,0,,,,,,,,,,,,,
,,,,,,,,,,,,,,,,,,,,,,,,,,,,,,,,,,,,4,0.53,4.262464784495532,10521600,310.85,2.8869814527001387,124.72356433328866,1,,,,,,,,,,,,,
,,,,,,,,,,,,,,,,,,,,,,,,,,,,,,,,,,,,4,,,10521600,,,,,0.36,0,217.8,0,0.89,0.53,6.0,0,0,0.89,0.89,0,0.0
6,0,5.2716169357299805,4,3,440,0,1614,11,0.011,1.4995070472359657,1,14218240,1449,3e-05,15,257.68,10521600,,,,,,,,,,,,,,,,,,,,,,,,,,,,,,,,,,,,,,,
6,6,5.2156453132629395,,38,,6,1620,,,1.4445535019040108,2,14223360,262,,,259.33,,0.07314453125,0.1303301453590393,22181,3e-05,0.08,0.0008436651289230213,-0.40542586278170345,0.49101465940475464,0.0014269061,0.8808071731415111,,,,,,,,,,,,,,,,,,,,,,,,,,,,,
6,0,5.231781482696533,,78,,0,1620,,,1.4445535019040108,3,14228480,195,,,258.21,,0.1068359375,0.7530229687690735,22189,3e-05,0.08,0.0018021665528067388,-0.43296276964247227,0.2124636173248291,0.0026296019,1.0545361122785835,,,,,,,,,,,,,,,,,,,,,,,,,,,,,
6,0,5.146599292755127,,110,,0,1620,,,1.4445535019040108,4,14233600,185,,,261.28,,0.1004150390625,0.18244610726833344,22197,3e-05,0.08,0.00250128120824229,-0.4050116118043661,0.3285486698150635,0.001646823,0.6213757096033078,,,,,,,,,,,,,,,,,,,,,,,,,,,,,
6,0,5.202972888946533,,145,,0,1620,,,1.4445535019040108,5,14238720,175,,,259.04,,0.080615234375,0.0586453415453434,22205,3e-05,0.08,0.001344657049048692,-0.4093204470351338,0.2848058342933655,0.0017477714,0.965890423982637,,,,,,,,,,,,,,,,,,,,,,,,,,,,,
6,0,,,,,,1620,,,1.4445535019040108,,,,,,,,0.067138671875,0.8517159819602966,22213,3e-05,0.08,0.00026248894428135825,-0.4139214638620615,0.23825174570083618,0.001418201,0.9306507921312004,19.666666666666668,303,0.00602997026834258,0.0013586346392129352,0.5973748564720154,1925,0.4241536458333333,0.1574025974025974,,,,,,,,,,,,,,,,,,,,,
,,,,,,,,,,,,,,,,,,,,,,,,,,,,,,,,,,,,4,0.88,5.441927894949913,10547200,252.49,2.0201580497637646,86.89654711206884,0,,,,,,,,,,,,,
,,,,,,,,,,,,,,,,,,,,,,,,,,,,,,,,,,,,4,0.65,4.837848287671805,10547200,279.86,2.983827147355377,120.75835540450193,1,,,,,,,,,,,,,
,,,,,,,,,,,,,,,,,,,,,,,,,,,,,,,,,,,,4,,,10547200,,,,,0.22999999999999998,0,217.8,0,0.88,0.65,6.0,0,0,0.88,0.88,0,0.0
6,6,5.288386821746826,4,3,440,6,1626,11,0.011,1.367453748981158,1,14243840,1455,3e-05,15,256.82,10547200,,,,,,,,,,,,,,,,,,,,,,,,,,,,,,,,,,,,,,,
6,0,5.17064094543457,,42,,0,1626,,,1.367453748981158,2,14248960,240,,,259.5,,0.06162109375,0.5628826022148132,22221,3e-05,0.08,-0.0006320308428257703,-0.4402678948827088,0.12812590599060059,0.0010107227,1.2229411803797121,,,,,,,,,,,,,,,,,,,,,,,,,,,,,
6,0,5.069756984710693,,58,,0,1626,,,1.367453748981158,3,14254080,260,,,262.13,,0.06941321942446044,0.24464227259159088,22225,3e-05,0.08,0.0013037972795448714,-0.4200459755153107,0.27529990673065186,0.003917157,1.0235367595023817,,,,,,,,,,,,,,,,,,,,,,,,,,,,,
6,0,5.176050186157227,,93,,0,1626,,,1.367453748981158,4,14259200,219,,,256.92,,0.0625732421875,0.19078795611858368,22233,3e-05,0.08,-0.00018054880783893167,-0.42253524512052537,0.1803370714187622,0.0009583314,0.8699678003031295,,,,,,,,,,,,,,,,,,,,,,,,,,,,,
6,6,5.161986827850342,,133,,6,1632,,,1.3958254580696423,5,14264320,191,,,257.41,,0.0794677734375,0.09426406025886536,22241,3e-05,0.08,0.0008485970451147295,-0.4337331528775394,0.21938973665237427,0.0013797174,1.455828917498002,,,,,,,,,,,,,,,,,,,,,,,,,,,,,
6,6,,,,,,1632,,,1.3958254580696423,,,,,,,,0.0693603515625,0.23930062353610992,22249,3e-05,0.08,0.0005732050572987646,-0.4218396933749318,0.32727932929992676,0.001829274,0.7299471942969831,19.916666666666668,303,0.006027251670314393,0.00136207245676582,0.5966441631317139,1925,0.4256727430555555,0.1574025974025974,,,,,,,,,,,,,,,,,,,,,
,,,,,,,,,,,,,,,,,,,,,,,,,,,,,,,,,,,,4,0.89,5.154125135838985,10572800,258.73,2.3521835563398916,88.62311831570813,0,,,,,,,,,,,,,
,,,,,,,,,,,,,,,,,,,,,,,,,,,,,,,,,,,,4,0.61,4.825703861862421,10572800,286.85,2.873756656642652,124.83848565246217,1,,,,,,,,,,,,,
,,,,,,,,,,,,,,,,,,,,,,,,,,,,,,,,,,,,4,,,10572800,,,,,0.28,0,217.8,0,0.89,0.61,6.0,0,0,0.89,0.89,0,0.0
6,0,5.099456310272217,4,3,440,0,1632,11,0.011,1.3958254580696423,1,14269440,1436,3e-05,15,259.46,10572800,,,,,,,,,,,,,,,,,,,,,,,,,,,,,,,,,,,,,,,
6,0,5.219585418701172,,41,,0,1632,,,1.3958254580696423,2,14274560,247,,,256.16,,0.0596923828125,0.10315856337547302,22257,3e-05,0.08,-0.0002491146296961233,-0.43252557385712864,0.48456084728240967,0.0009288049,0.9831528791808524,,,,,,,,,,,,,,,,,,,,,,,,,,,,,
6,0,5.2700018882751465,,79,,0,1632,,,1.3958254580696423,3,14279680,194,,,254.68,,0.1043212890625,0.012566059827804565,22265,3e-05,0.08,0.0018148506060242653,-0.4192599205300212,0.3212505578994751,0.0024742342,1.0734174629440532,,,,,,,,,,,,,,,,,,,,,,,,,,,,,
6,6,5.160553455352783,,113,,6,1638,,,1.410965492328008,4,14284800,179,,,259.63,,0.1005126953125,0.13575948774814606,22273,3e-05,0.08,0.0016207894892431795,-0.4281750154681504,0.12314778566360474,0.0024369566,0.8549957547103986,,,,,,,,,,,,,,,,,,,,,,,,,,,,,
6,0,5.290596961975098,,146,,0,1638,,,1.410965492328008,5,14289920,174,,,255.2,,0.08330078125,1.046103596687317,22281,3e-05,0.08,0.0005937684909440577,-0.417200549133122,0.4373950958251953,0.00096316467,0.7395847924693953,,,,,,,,,,,,,,,,,,,,,,,,,,,,,
6,0,,,,,,1638,,,1.410965492328008,,,,,,,,0.0711181640625,0.3104502260684967,22289,3e-05,0.08,0.0002489003061782569,-0.4218068575486541,0.4331483840942383,0.0011009949,1.0829001946840435,19.833333333333332,303,0.00604286327250985,0.0013615720151531371,0.5959292054176331,1925,0.42534722222222215,0.1574025974025974,,,,,,,,,,,,,,,,,,,,,
,,,,,,,,,,,,,,,,,,,,,,,,,,,,,,,,,,,,4,0.88,5.0201469665765766,10598400,266.52,2.2249692959977803,90.97796216666981,0,,,,,,,,,,,,,
,,,,,,,,,,,,,,,,,,,,,,,,,,,,,,,,,,,,4,0.61,4.579704044610262,10598400,291.1,3.00226926242931,122.03470817763281,1,,,,,,,,,,,,,
,,,,,,,,,,,,,,,,,,,,,,,,,,,,,,,,,,,,4,,,10598400,,,,,0.27,0,217.8,0,0.88,0.61,6.0,0,0,0.88,0.88,0,0.0
6,0,5.2545013427734375,4,3,440,0,1638,11,0.011,1.410965492328008,1,14295040,1436,3e-05,15,257.98,10598400,,,,,,,,,,,,,,,,,,,,,,,,,,,,,,,,,,,,,,,
6,0,5.257399082183838,,34,,0,1638,,,1.410965492328008,2,14300160,294,,,258.35,,0.1001953125,0.1501140594482422,22297,3e-05,0.08,0.0016146147958352231,-0.4304813344031572,0.4705048203468323,0.0024904718,0.7860687699227128,,,,,,,,,,,,,,,,,,,,,,,,,,,,,
6,6,5.338662147521973,,72,,6,1644,,,1.4328684310118358,3,14305280,212,,,254.86,,0.077490234375,0.3997064530849457,22305,3e-05,0.08,0.00046833166270516814,-0.4220264869742095,0.4176527261734009,0.0014598509,0.8895293592038798,,,,,,,,,,,,,,,,,,,,,,,,,,,,,
6,0,5.494174957275391,,108,,0,1644,,,1.4328684310118358,4,14310400,188,,,249.91,,0.075732421875,0.7071236371994019,22313,3e-05,0.08,0.00019566147529985755,-0.42458400009199976,0.3806312680244446,0.0010494366,0.852959682798246,,,,,,,,,,,,,,,,,,,,,,,,,,,,,
6,0,5.339982986450195,,141,,0,1644,,,1.4328684310118358,5,14315520,180,,,256.28,,0.0668212890625,0.02906942367553711,22321,3e-05,0.08,0.00012575269065564498,-0.431057414598763,0.5426338911056519,0.0009966639,0.7456138332199771,,,,,,,,,,,,,,,,,,,,,,,,,,,,,
6,0,,,,,,1644,,,1.4328684310118358,,,,,,,,0.073583984375,0.5201680660247803,22329,3e-05,0.08,-0.00016377486754208802,-0.44099443312734365,0.5320495963096619,0.001657914,1.011109351721825,19.75,303,0.006027218517927281,0.0013447751878882528,0.5951447486877441,1925,0.42556423611111116,0.1574025974025974,,,,,,,,,,,,,,,,,,,,,
,,,,,,,,,,,,,,,,,,,,,,,,,,,,,,,,,,,,4,0.96,5.641015770435334,10624000,240.38,1.9372601490129584,74.91111799993377,0,,,,,,,,,,,,,
,,,,,,,,,,,,,,,,,,,,,,,,,,,,,,,,,,,,4,0.62,4.773622381687164,10624000,282.94,3.104918655880608,126.33082125910524,1,,,,,,,,,,,,,
,,,,,,,,,,,,,,,,,,,,,,,,,,,,,,,,,,,,4,,,10624000,,,,,0.33999999999999997,0,217.8,1,0.96,0.62,6.0,0,0,0.96,0.96,0,0.0
6,0,5.208744049072266,4,3,440,0,1644,11,0.011,1.4328684310118358,1,14320640,1456,3e-05,15,260.89,10624000,,,,,,,,,,,,,,,,,,,,,,,,,,,,,,,,,,,,,,,
6,6,5.270280838012695,,37,,6,1650,,,1.3820912291606267,2,14325760,270,,,256.9,,0.0971923828125,0.07313523441553116,22337,3e-05,0.08,0.0010148641624255106,-0.4503657007589936,0.3885740041732788,0.0020969133,0.8796459961740766,,,,,,,,,,,,,,,,,,,,,,,,,,,,,
6,0,5.234810829162598,,75,,0,1650,,,1.3820912291606267,3,14330880,203,,,258.64,,0.069873046875,0.36968788504600525,22345,3e-05,0.08,9.51784139033407e-05,-0.4250181862153113,0.13219577074050903,0.0010706326,1.384952706511831,,,,,,,,,,,,,,,,,,,,,,,,,,,,,
6,0,5.352392673492432,,109,,0,1650,,,1.3820912291606267,4,14336000,187,,,252.19,,0.0665771484375,0.299417644739151,22353,3e-05,0.08,-0.00020645746553782374,-0.43938829461112616,0.15953373908996582,0.0011309203,1.0066390616557328,,,,,,,,,,,,,,,,,,,,,,,,,,,,,
6,0,5.638525485992432,,149,,0,1650,,,1.3820912291606267,5,14341120,171,,,240.66,,0.091796875,0.14018796384334564,22361,3e-05,0.08,-3.4399391734041276e-05,-0.43309401236474515,0.20245325565338135,0.0015751593,0.90342933840584,,,,,,,,,,,,,,,,,,,,,,,,,,,,,
6,0,,,,,,1650,,,1.3820912291606267,,,,,,,,0.073681640625,0.109351746737957,22369,3e-05,0.08,0.00044793728593504054,-0.4261685208417475,0.2804277539253235,0.0013753222,0.6492351943539688,19.583333333333332,303,0.006019196942732967,0.001347005534971327,0.5951632857322693,1925,0.4190538194444445,0.1574025974025974,,,,,,,,,,,,,,,,,,,,,
,,,,,,,,,,,,,,,,,,,,,,,,,,,,,,,,,,,,4,0.87,5.243990833051503,10649600,260.97,2.03697760078187,88.40977943644018,0,,,,,,,,,,,,,
,,,,,,,,,,,,,,,,,,,,,,,,,,,,,,,,,,,,4,0.55,4.292572775483132,10649600,303.4,3.2453545494915117,125.36562527264003,1,,,,,,,,,,,,,
,,,,,,,,,,,,,,,,,,,,,,,,,,,,,,,,,,,,4,,,10649600,,,,,0.31999999999999995,0,217.8,0,0.87,0.55,6.0,0,0,0.87,0.87,0,0.0
6,6,5.721222400665283,4,3,440,6,1656,11,0.011,1.397416464984417,1,14346240,1480,3e-05,15,236.96,10649600,,,,,,,,,,,,,,,,,,,,,,,,,,,,,,,,,,,,,,,
6,0,5.672134876251221,,43,,0,1656,,,1.397416464984417,2,14351360,234,,,239.51,,0.053369140625,0.3034853935241699,22377,3e-05,0.08,-0.0008665071130963042,-0.445611313264817,0.29157209396362305,0.00096931326,1.059026435780106,,,,,,,,,,,,,,,,,,,,,,,,,,,,,
6,0,5.700603485107422,,79,,0,1656,,,1.397416464984417,3,14356480,192,,,240.31,,0.065966796875,2.11065673828125,22385,3e-05,0.08,-0.0007259605452418327,-0.44420542726293205,0.287212073802948,0.00070144224,0.8921149781090207,,,,,,,,,,,,,,,,,,,,,,,,,,,,,
6,0,5.439910411834717,,113,,0,1656,,,1.397416464984417,4,14361600,181,,,248.18,,0.0728271484375,0.2447807788848877,22393,3e-05,0.08,-0.0005228673850069754,-0.42734325136989354,0.3484930992126465,0.001168984,0.6336235768860206,,,,,,,,,,,,,,,,,,,,,,,,,,,,,
6,6,5.4328508377075195,,153,,6,1662,,,1.4106662372748058,5,14366720,166,,,248.09,,0.0701416015625,0.8756695985794067,22401,3e-05,0.08,0.00012344602509983815,-0.469756749458611,0.4127974510192871,0.0011183161,0.9737849974422715,,,,,,,,,,,,,,,,,,,,,,,,,,,,,
6,6,,,,,,1662,,,1.4106662372748058,,,,,,,,0.05029296875,0.4232410192489624,22409,3e-05,0.08,-0.0005580510071013123,-0.43673420920968054,0.3521050810813904,0.0010957118,0.843194645451149,19.5,303,0.00603534790818985,0.0013453102023794025,0.5945071578025818,1925,0.41872829861111116,0.1574025974025974,,,,,,,,,,,,,,,,,,,,,
,,,,,,,,,,,,,,,,,,,,,,,,,,,,,,,,,,,,4,0.9,5.214628626853227,10675200,259.11,2.1634628632559845,88.72304041228526,0,,,,,,,,,,,,,
,,,,,,,,,,,,,,,,,,,,,,,,,,,,,,,,,,,,4,0.56,4.3665239554829895,10675200,300.59,3.119582834975966,127.07738547829823,1,,,,,,,,,,,,,
,,,,,,,,,,,,,,,,,,,,,,,,,,,,,,,,,,,,4,,,10675200,,,,,0.33999999999999997,0,217.8,0,0.9,0.56,6.0,0,0,0.9,0.9,0,0.0
6,0,5.351930618286133,4,3,440,0,1662,11,0.011,1.4106662372748058,1,14371840,1454,3e-05,15,252.71,10675200,,,,,,,,,,,,,,,,,,,,,,,,,,,,,,,,,,,,,,,
6,0,5.2736897468566895,,41,,0,1662,,,1.4106662372748058,2,14376960,249,,,255.36,,0.0780029296875,0.4597266614437103,22417,3e-05,0.08,0.0010811459651449695,-0.4654327031224966,0.4163682460784912,0.0014049852,0.9585116473084782,,,,,,,,,,,,,,,,,,,,,,,,,,,,,
6,0,5.391488075256348,,74,,0,1662,,,1.4106662372748058,3,14382080,205,,,248.5,,0.073876953125,0.054041072726249695,22425,3e-05,0.08,-0.00022976089676376432,-0.45019412264227865,0.3019818067550659,0.0016524602,0.49765330681402703,,,,,,,,,,,,,,,,,,,,,,,,,,,,,
6,6,5.237658500671387,,109,,6,1668,,,1.3936962746083736,4,14387200,187,,,255.2,,0.0712646484375,0.22319616377353668,22433,3e-05,0.08,0.00024014532682485877,-0.4531107765622437,0.3961118459701538,0.0013301505,0.6884812383796088,,,,,,,,,,,,,,,,,,,,,,,,,,,,,
6,0,5.184025764465332,,145,,0,1668,,,1.3936962746083736,5,14392320,176,,,259.1,,0.076318359375,0.9535484910011292,22441,3e-05,0.08,-0.0006516853129141964,-0.43723941668868066,0.49187225103378296,0.0008814268,0.9655295994773041,,,,,,,,,,,,,,,,,,,,,,,,,,,,,
6,0,,,,,,1668,,,1.3936962746083736,,,,,,,,0.064599609375,0.7588836550712585,22449,3e-05,0.08,-0.0008404757449170574,-0.42603429071605203,0.48913782835006714,0.00090091646,1.048350108921295,19.416666666666668,303,0.006021271223097578,0.0013405470848340496,0.5928443074226379,1925,0.4178602430555555,0.1574025974025974,,,,,,,,,,,,,,,,,,,,,
,,,,,,,,,,,,,,,,,,,,,,,,,,,,,,,,,,,,4,0.89,5.220754941999912,10700800,258.92,2.0845115930907374,84.73189246086741,0,,,,,,,,,,,,,
,,,,,,,,,,,,,,,,,,,,,,,,,,,,,,,,,,,,4,0.59,4.498502950370312,10700800,297.31,2.884825277865478,122.22247706539089,1,,,,,,,,,,,,,
,,,,,,,,,,,,,,,,,,,,,,,,,,,,,,,,,,,,4,,,10700800,,,,,0.30000000000000004,0,217.8,0,0.89,0.59,6.0,0,0,0.89,0.89,0,0.0
6,0,5.006393909454346,4,3,440,0,1668,11,0.011,1.3936962746083736,1,14397440,1443,3e-05,15,268.16,10700800,,,,,,,,,,,,,,,,,,,,,,,,,,,,,,,,,,,,,,,
6,6,5.155981063842773,,38,,6,1674,,,1.3573209345340729,2,14402560,268,,,261.44,,0.080419921875,0.7392644882202148,22457,3e-05,0.08,0.0005084403106593527,-0.4436158064752817,0.5453223586082458,0.001705626,1.013582926732488,,,,,,,,,,,,,,,,,,,,,,,,,,,,,
6,0,5.021151542663574,,75,,0,1674,,,1.3573209345340729,3,14407680,203,,,268.38,,0.065771484375,0.4088568389415741,22465,3e-05,0.08,0.00016384314440074377,-0.4271590253338218,0.4453977346420288,0.0009163491,1.1476210360589902,,,,,,,,,,,,,,,,,,,,,,,,,,,,,
6,0,5.127264022827148,,111,,0,1674,,,1.3573209345340729,4,14412800,183,,,265.66,,0.05888671875,1.133744478225708,22473,3e-05,0.08,-0.0005742849964008201,-0.45519920317456125,0.45204049348831177,0.00092516013,0.9752326374640689,,,,,,,,,,,,,,,,,,,,,,,,,,,,,
6,0,5.246918201446533,,146,,0,1674,,,1.3573209345340729,5,14417920,174,,,260.37,,0.0658203125,0.4624433219432831,22481,3e-05,0.08,-0.00037394494866020976,-0.44393948866054417,0.52168869972229,0.00081965496,0.9120119340717793,,,,,,,,,,,,,,,,,,,,,,,,,,,,,
6,0,,,,,,1674,,,1.3573209345340729,,,,,,,,0.0850341796875,0.825761079788208,22489,3e-05,0.08,1.5893919044174255e-05,-0.4740567285567522,0.5448081493377686,0.001489813,0.9429628008161671,19.333333333333332,304,0.006018329817686543,0.0013310979692357952,0.5920272469520569,1925,0.41753472222222215,0.15792207792207794,,,,,,,,,,,,,,,,,,,,,
,,,,,,,,,,,,,,,,,,,,,,,,,,,,,,,,,,,,4,0.97,5.239199512116611,10726400,253.29,1.9921377305096646,71.79029112630761,0,,,,,,,,,,,,,
,,,,,,,,,,,,,,,,,,,,,,,,,,,,,,,,,,,,4,0.53,3.9441112840175627,10726400,315.79,3.1405833049904666,124.2275569267946,1,,,,,,,,,,,,,
,,,,,,,,,,,,,,,,,,,,,,,,,,,,,,,,,,,,4,,,10726400,,,,,0.43999999999999995,0,217.8,1,0.97,0.53,6.0,0,0,0.97,0.97,0,0.0
6,6,5.375065326690674,4,3,440,6,1680,11,0.011,1.4183433453241985,1,14423040,1447,3e-05,15,252.37,10726400,,,,,,,,,,,,,,,,,,,,,,,,,,,,,,,,,,,,,,,
6,0,5.2318572998046875,,38,,0,1680,,,1.4183433453241985,2,14428160,268,,,258.1,,0.0631591796875,0.1250915676355362,22497,3e-05,0.08,-0.000401165327639319,-0.4469577377662063,0.2971457242965698,0.00091779046,0.8950378199981059,,,,,,,,,,,,,,,,,,,,,,,,,,,,,
6,0,5.3009796142578125,,72,,0,1680,,,1.4183433453241985,3,14433280,212,,,255.56,,0.0809814453125,0.04934745281934738,22505,3e-05,0.08,0.0007864491577493027,-0.4427962301298976,0.36114072799682617,0.001562681,0.9672212550416589,,,,,,,,,,,,,,,,,,,,,,,,,,,,,
6,0,5.346917152404785,,109,,0,1680,,,1.4183433453241985,4,14438400,187,,,253.15,,0.0811767578125,0.514158308506012,22513,3e-05,0.08,0.0004920804698485881,-0.44258061619475486,0.4166378378868103,0.0012562543,1.0506495966226794,,,,,,,,,,,,,,,,,,,,,,,,,,,,,
6,6,5.092451095581055,,145,,6,1686,,,1.234370165814956,5,14443520,175,,,263.57,,0.0714599609375,0.1642915904521942,22521,3e-05,0.08,0.0006613533536437899,-0.45512844817712905,0.47751474380493164,0.0019830489,0.8412035481014755,,,,,,,,,,,,,,,,,,,,,,,,,,,,,
6,6,,,,,,1686,,,1.234370165814956,,,,,,,,0.0612060546875,1.1257517337799072,22529,3e-05,0.08,-0.0003229449735954404,-0.47609793646261095,0.603177547454834,0.0010687902,1.1539648043282795,19.25,304,0.006005206156845115,0.0013183869443166433,0.5929632186889648,1925,0.41720920138888884,0.15792207792207794,,,,,,,,,,,,,,,,,,,,,
,,,,,,,,,,,,,,,,,,,,,,,,,,,,,,,,,,,,4,0.88,5.226897918879986,10752000,260.18,2.062810527612605,86.6345635413488,0,,,,,,,,,,,,,
,,,,,,,,,,,,,,,,,,,,,,,,,,,,,,,,,,,,4,0.61,4.815366088449955,10752000,286.63,2.8665708287436873,124.74619473154281,1,,,,,,,,,,,,,
,,,,,,,,,,,,,,,,,,,,,,,,,,,,,,,,,,,,4,,,10752000,,,,,0.27,0,217.8,0,0.88,0.61,6.0,0,0,0.88,0.88,0,0.0
6,0,5.089913845062256,4,3,440,0,1686,11,0.011,1.234370165814956,1,14448640,1502,3e-05,15,263.42,10752000,,,,,,,,,,,,,,,,,,,,,,,,,,,,,,,,,,,,,,,
6,0,5.275543212890625,,42,,0,1686,,,1.234370165814956,2,14453760,238,,,256.34,,0.1069091796875,0.8980993628501892,22537,3e-05,0.08,0.0009353265864774585,-0.4852843261323869,0.2961893081665039,0.0020057987,1.2738889246364125,,,,,,,,,,,,,,,,,,,,,,,,,,,,,
6,0,5.045502185821533,,74,,0,1686,,,1.234370165814956,3,14458880,205,,,265.27,,0.07265625,0.009513507597148418,22545,3e-05,0.08,0.0002972853137180209,-0.46578125236555934,0.36714279651641846,0.0010461904,0.4136772816244047,,,,,,,,,,,,,,,,,,,,,,,,,,,,,
6,6,4.943951606750488,,106,,6,1692,,,1.428991402188937,4,14464000,192,,,270.15,,0.0718994140625,0.06250172108411789,22553,3e-05,0.08,0.0005035360052715987,-0.4647352624684572,0.08115541934967041,0.00077822217,0.7647355790017173,,,,,,,,,,,,,,,,,,,,,,,,,,,,,
6,0,5.085785388946533,,141,,0,1692,,,1.428991402188937,5,14469120,180,,,264.63,,0.07880859375,0.29831987619400024,22561,3e-05,0.08,0.0008350246673217044,-0.4578160556033254,0.2563662528991699,0.0014600961,0.6118101190484595,,,,,,,,,,,,,,,,,,,,,,,,,,,,,
6,0,,,,,,1692,,,1.428991402188937,,,,,,,,0.0868896484375,0.6567146182060242,22569,3e-05,0.08,0.0006870707453344949,-0.4717498477548361,0.29074960947036743,0.0020064693,0.9986807496199617,19.333333333333332,304,0.005982767281729068,0.0013137667217914613,0.5933669209480286,1925,0.4180772569444445,0.15792207792207794,,,,,,,,,,,,,,,,,,,,,
,,,,,,,,,,,,,,,,,,,,,,,,,,,,,,,,,,,,4,0.93,5.062666410207749,10777600,263.34,1.7755851365750184,72.57647277182876,0,,,,,,,,,,,,,
,,,,,,,,,,,,,,,,,,,,,,,,,,,,,,,,,,,,4,0.54,4.3254070118069645,10777600,304.36,3.0559047247702074,127.48415744711184,1,,,,,,,,,,,,,
,,,,,,,,,,,,,,,,,,,,,,,,,,,,,,,,,,,,4,,,10777600,,,,,0.39,0,217.8,1,0.93,0.54,6.0,0,0,0.93,0.93,0,0.0
6,0,5.190268516540527,4,3,440,0,1692,11,0.011,1.428991402188937,1,14474240,1525,3e-05,15,261.53,10777600,,,,,,,,,,,,,,,,,,,,,,,,,,,,,,,,,,,,,,,
6,0,4.992436408996582,,40,,0,1692,,,1.428991402188937,2,14479360,255,,,268.79,,0.0802734375,0.00566395279020071,22577,3e-05,0.08,6.0431088786572215e-05,-0.4781528515741229,0.3749629259109497,0.0015092347,0.765144271060126,,,,,,,,,,,,,,,,,,,,,,,,,,,,,
6,6,5.154456615447998,,75,,6,1698,,,1.350212714324395,3,14484480,203,,,262.74,,0.0718017578125,0.35312697291374207,22585,3e-05,0.08,0.00020113200007472188,-0.47168171424418687,0.5675482153892517,0.0013145416,0.83320193059335,,,,,,,,,,,,,,,,,,,,,,,,,,,,,
6,0,5.413293361663818,,111,,0,1698,,,1.350212714324395,4,14489600,183,,,251.46,,0.060546875,1.2632569074630737,22593,3e-05,0.08,0.0002948264431324787,-0.45060216169804335,0.44719070196151733,0.0010595049,1.1127548384916737,,,,,,,,,,,,,,,,,,,,,,,,,,,,,
6,0,5.25676155090332,,146,,0,1698,,,1.350212714324395,5,14494720,174,,,259.66,,0.061376953125,0.696103572845459,22601,3e-05,0.08,-0.0007211788106360473,-0.47363900719210505,0.4780721664428711,0.0009819906,0.8310258658078965,,,,,,,,,,,,,,,,,,,,,,,,,,,,,
6,0,,,,,,1698,,,1.350212714324395,,,,,,,,0.0620849609375,1.1625393629074097,22609,3e-05,0.08,-0.0002303752989973873,-0.4447605274617672,0.40827953815460205,0.00092176127,0.9767729541112203,19.333333333333332,304,0.0060016094348431135,0.0013283980182497823,0.5926204323768616,1925,0.4180772569444445,0.15792207792207794,,,,,,,,,,,,,,,,,,,,,
,,,,,,,,,,,,,,,,,,,,,,,,,,,,,,,,,,,,4,0.89,4.782367260474712,10803200,274.76,2.1743595977984103,86.91802114636528,0,,,,,,,,,,,,,
,,,,,,,,,,,,,,,,,,,,,,,,,,,,,,,,,,,,4,0.56,4.486798596340232,10803200,297.44,3.114955133397328,128.22233190829124,1,,,,,,,,,,,,,
,,,,,,,,,,,,,,,,,,,,,,,,,,,,,,,,,,,,4,,,10803200,,,,,0.32999999999999996,0,217.8,0,0.89,0.56,6.0,0,0,0.89,0.89,0,0.0
6,0,5.132272720336914,4,3,440,0,1698,11,0.011,1.350212714324395,1,14499840,1431,3e-05,15,265.82,10803200,,,,,,,,,,,,,,,,,,,,,,,,,,,,,,,,,,,,,,,
6,6,5.276151180267334,,38,,6,1704,,,1.4581434403856595,2,14504960,268,,,259.55,,0.0773193359375,0.3136988878250122,22617,3e-05,0.08,0.00028452189872041345,-0.4554531973786652,0.22369515895843506,0.0012864644,0.7746032465423923,,,,,,,,,,,,,,,,,,,,,,,,,,,,,
6,0,5.471002101898193,,74,,0,1704,,,1.4581434403856595,3,14510080,205,,,252.53,,0.0656982421875,0.3347240090370178,22625,3e-05,0.08,0.00021744320110883564,-0.44759013690054417,0.2762121558189392,0.00091660966,0.7316503225883935,,,,,,,,,,,,,,,,,,,,,,,,,,,,,
6,0,5.225330829620361,,115,,0,1704,,,1.4581434403856595,4,14515200,176,,,261.61,,0.0635009765625,0.15316560864448547,22633,3e-05,0.08,-0.0004305484762880951,-0.4565669225528836,0.3097649812698364,0.0009248154,0.8315979864877591,,,,,,,,,,,,,,,,,,,,,,,,,,,,,
6,0,5.200441837310791,,149,,0,1704,,,1.4581434403856595,5,14520320,171,,,261.67,,0.07041015625,0.08467254042625427,22641,3e-05,0.08,0.0005126269854372368,-0.46753816697746514,0.05178701877593994,0.0020220266,0.9109651174745522,,,,,,,,,,,,,,,,,,,,,,,,,,,,,
6,0,,,,,,1704,,,1.4581434403856595,,,,,,,,0.0810791015625,0.1479218602180481,22649,3e-05,0.08,0.0006933604323421605,-0.4576261780224741,0.46073776483535767,0.0012039278,0.8254611783719156,19.25,305,0.005983517831673791,0.0013160637111335888,0.5910173654556274,1925,0.41775173611111116,0.15844155844155844,,,,,,,,,,,,,,,,,,,,,
,,,,,,,,,,,,,,,,,,,,,,,,,,,,,,,,,,,,4,0.9,5.293519851863384,10828800,255.26,2.090740569916169,82.9800723065484,0,,,,,,,,,,,,,
,,,,,,,,,,,,,,,,,,,,,,,,,,,,,,,,,,,,4,0.58,4.612838989943266,10828800,291.82,3.072535706684057,128.2332546572846,1,,,,,,,,,,,,,
,,,,,,,,,,,,,,,,,,,,,,,,,,,,,,,,,,,,4,,,10828800,,,,,0.32000000000000006,0,217.8,0,0.9,0.58,6.0,0,0,0.9,0.9,0,0.0
6,6,5.171510219573975,4,3,440,6,1710,11,0.011,1.3825324798623722,1,14525440,1436,3e-05,15,261.18,10828800,,,,,,,,,,,,,,,,,,,,,,,,,,,,,,,,,,,,,,,
6,0,4.918713569641113,,40,,0,1710,,,1.3825324798623722,2,14530560,252,,,271.99,,0.0808837890625,0.20962244272232056,22657,3e-05,0.08,5.16441505169496e-06,-0.4517775815911591,0.24251508712768555,0.001365498,1.044385447021341,,,,,,,,,,,,,,,,,,,,,,,,,,,,,
6,0,4.753305912017822,,72,,0,1710,,,1.3825324798623722,3,14535680,212,,,278.72,,0.071875,0.02661909908056259,22665,3e-05,0.08,0.0004977338161552325,-0.45676191998645665,0.33908915519714355,0.0013585485,1.0959723907348233,,,,,,,,,,,,,,,,,,,,,,,,,,,,,
6,0,4.749242782592773,,104,,0,1710,,,1.3825324798623722,4,14540800,196,,,280.22,,0.090185546875,0.09484688937664032,22673,3e-05,0.08,-0.00012384384317556396,-0.44948997208848596,0.46345508098602295,0.0021546483,0.8729108937841374,,,,,,,,,,,,,,,,,,,,,,,,,,,,,
6,6,4.5566253662109375,,141,,6,1716,,,1.3338148047526677,5,14545920,180,,,286.99,,0.090087890625,0.1308615803718567,22681,3e-05,0.08,0.0005896676942938939,-0.48804809916764497,0.3390047550201416,0.0013322625,1.567219255393138,,,,,,,,,,,,,,,,,,,,,,,,,,,,,
6,6,,,,,,1716,,,1.3338148047526677,,,,,,,,0.0751708984375,0.13104113936424255,22689,3e-05,0.08,-0.0001764385509886779,-0.47372380616143345,0.48925459384918213,0.0014499305,0.7598623884987319,19.416666666666668,305,0.005949495928447144,0.001303062971468127,0.5913726091384888,1925,0.41948784722222215,0.15844155844155844,,,,,,,,,,,,,,,,,,,,,
,,,,,,,,,,,,,,,,,,,,,,,,,,,,,,,,,,,,4,0.88,5.212560876011849,10854400,261.38,1.8646322000786721,82.2839935831994,0,,,,,,,,,,,,,
,,,,,,,,,,,,,,,,,,,,,,,,,,,,,,,,,,,,4,0.61,4.634401691146195,10854400,287.27,3.287867065924716,124.85814791194045,1,,,,,,,,,,,,,
,,,,,,,,,,,,,,,,,,,,,,,,,,,,,,,,,,,,4,,,10854400,,,,,0.27,0,217.8,0,0.88,0.61,6.0,0,0,0.88,0.88,0,0.0
6,0,4.592119216918945,4,3,440,0,1716,11,0.011,1.3338148047526677,1,14551040,1452,3e-05,15,284.03,10854400,,,,,,,,,,,,,,,,,,,,,,,,,,,,,,,,,,,,,,,
6,0,4.788244724273682,,41,,0,1716,,,1.3338148047526677,2,14556160,248,,,277.09,,0.0841552734375,0.896703839302063,22697,3e-05,0.08,0.0008013636281248182,-0.4736440196633339,0.4971469044685364,0.00076904555,1.2300855161971413,,,,,,,,,,,,,,,,,,,,,,,,,,,,,
6,0,4.920400619506836,,74,,0,1716,,,1.3338148047526677,3,14561280,204,,,270.58,,0.0709716796875,0.8254973292350769,22705,3e-05,0.08,0.0003301458506030031,-0.4741159280762076,0.32582610845565796,0.0012940939,1.578567374049453,,,,,,,,,,,,,,,,,,,,,,,,,,,,,
6,6,5.1354660987854,,111,,6,1722,,,1.3635575224955876,4,14566400,183,,,261.39,,0.07392578125,0.24821358919143677,22713,3e-05,0.08,-1.5811488265171646e-05,-0.47107972390949726,0.39812231063842773,0.0012334812,1.3395974057959392,,,,,,,,,,,,,,,,,,,,,,,,,,,,,
6,0,5.374765396118164,,151,,0,1722,,,1.3635575224955876,5,14571520,168,,,252.68,,0.087158203125,0.19645139575004578,22721,3e-05,0.08,2.052310010185465e-05,-0.48185912212356924,0.4300667643547058,0.0009709589,0.9417163260804955,,,,,,,,,,,,,,,,,,,,,,,,,,,,,
6,0,,,,,,1722,,,1.3635575224955876,,,,,,,,0.0875244140625,0.2749813199043274,22729,3e-05,0.08,0.0010007135424530134,-0.45232494445517657,0.2878350615501404,0.0012525667,0.49961024467484094,19.5,305,0.005965471010742751,0.0013120640756318805,0.5913352966308594,1925,0.4198133680555555,0.15844155844155844,,,,,,,,,,,,,,,,,,,,,
,,,,,,,,,,,,,,,,,,,,,,,,,,,,,,,,,,,,4,0.88,4.916428917273879,10880000,270.46,2.151622893724832,88.33135570113254,0,,,,,,,,,,,,,
,,,,,,,,,,,,,,,,,,,,,,,,,,,,,,,,,,,,4,0.55,4.308985679801554,10880000,305.01,3.006586790313443,126.62294381351273,1,,,,,,,,,,,,,
,,,,,,,,,,,,,,,,,,,,,,,,,,,,,,,,,,,,4,,,10880000,,,,,0.32999999999999996,0,217.8,0,0.88,0.55,6.0,0,0,0.88,0.88,0,0.0
6,0,5.519032001495361,4,3,440,0,1722,11,0.011,1.3635575224955876,1,14576640,1484,3e-05,15,249.13,10880000,,,,,,,,,,,,,,,,,,,,,,,,,,,,,,,,,,,,,,,
6,0,5.6139726638793945,,42,,0,1722,,,1.3635575224955876,2,14581760,240,,,245.69,,0.067236328125,0.3552388548851013,22737,3e-05,0.08,-0.0006390134483808651,-0.47397452080622315,0.5790809392929077,0.0009029601,0.5339424646750558,,,,,,,,,,,,,,,,,,,,,,,,,,,,,
6,6,5.587676525115967,,79,,6,1728,,,1.5963175122936566,3,14586880,192,,,246.39,,0.05791015625,0.12064828723669052,22745,3e-05,0.08,-0.00045187854848336426,-0.4669688196852803,0.49032771587371826,0.0009299632,0.6340827235369944,,,,,,,,,,,,,,,,,,,,,,,,,,,,,
6,0,5.504333019256592,,115,,0,1728,,,1.5963175122936566,4,14592000,177,,,251.5,,0.0606201171875,0.20426958799362183,22753,3e-05,0.08,-0.000578665392822586,-0.45136568453162906,0.2457054853439331,0.00089160836,0.7170937972405227,,,,,,,,,,,,,,,,,,,,,,,,,,,,,
6,0,5.2296552658081055,,148,,0,1728,,,1.5963175122936566,5,14597120,171,,,261.76,,0.064013671875,0.32934972643852234,22761,3e-05,0.08,7.374026463367045e-05,-0.44093260830268266,0.38876593112945557,0.0011530969,0.5061890608281828,,,,,,,,,,,,,,,,,,,,,,,,,,,,,
6,0,,,,,,1728,,,1.5963175122936566,,,,,,,,0.0803466796875,0.03877651318907738,22769,3e-05,0.08,0.0005489637114806101,-0.44956777421757577,0.377236008644104,0.0011228315,0.6865466786781326,19.5,305,0.005964234977281982,0.0013024428823814832,0.5900278091430664,1925,0.4198133680555555,0.15844155844155844,,,,,,,,,,,,,,,,,,,,,
,,,,,,,,,,,,,,,,,,,,,,,,,,,,,,,,,,,,4,0.94,5.29753238260746,10905600,253.81,1.873465843604241,74.98422434085718,0,,,,,,,,,,,,,
,,,,,,,,,,,,,,,,,,,,,,,,,,,,,,,,,,,,4,0.66,4.793849273496307,10905600,282.77,2.92635526430128,120.83922004051499,1,,,,,,,,,,,,,
,,,,,,,,,,,,,,,,,,,,,,,,,,,,,,,,,,,,4,,,10905600,,,,,0.2799999999999999,0,217.8,1,0.94,0.66,6.0,0,0,0.94,0.94,0,0.0
6,0,5.048890590667725,4,3,440,0,1728,11,0.011,1.5963175122936566,1,14602240,1427,3e-05,15,268.34,10905600,,,,,,,,,,,,,,,,,,,,,,,,,,,,,,,,,,,,,,,
6,6,5.13355827331543,,34,,6,1734,,,1.5063654979070027,2,14607360,296,,,263.25,,0.06884765625,0.022598356008529663,22777,3e-05,0.08,0.00034962892532348634,-0.43110089292749765,0.4386149048805237,0.0010989647,0.8307883241097442,,,,,,,,,,,,,,,,,,,,,,,,,,,,,
6,0,4.976819038391113,,75,,0,1734,,,1.5063654979070027,3,14612480,203,,,270.53,,0.071435546875,0.20214121043682098,22785,3e-05,0.08,-3.787531895795837e-05,-0.46293777227401733,0.448647677898407,0.0013069753,1.139817145030247,,,,,,,,,,,,,,,,,,,,,,,,,,,,,
6,0,4.957094192504883,,106,,0,1734,,,1.5063654979070027,4,14617600,192,,,271.95,,0.0743408203125,0.4452063739299774,22793,3e-05,0.08,0.0007170219469117001,-0.4329807435628027,0.5136536359786987,0.0014001208,0.6939815651188838,,,,,,,,,,,,,,,,,,,,,,,,,,,,,
6,6,5.243903636932373,,144,,6,1740,,,1.4107460093994935,5,14622720,176,,,260.59,,0.070361328125,0.5402206778526306,22801,3e-05,0.08,0.00042697009339462964,-0.4577628603205085,0.5464139580726624,0.0009449658,0.7577066009282134,,,,,,,,,,,,,,,,,,,,,,,,,,,,,
6,6,,,,,,1740,,,1.4107460093994935,,,,,,,,0.0628173828125,0.555125892162323,22809,3e-05,0.08,-0.000447506649652496,-0.441861280426383,0.5511816740036011,0.00081996963,0.9019287624803838,19.333333333333332,305,0.005974596958797361,0.001309950383583045,0.5898839831352234,1925,0.41916232638888884,0.15844155844155844,,,,,,,,,,,,,,,,,,,,,
,,,,,,,,,,,,,,,,,,,,,,,,,,,,,,,,,,,,4,0.92,5.253711599260568,10931200,256.75,2.0505444522589715,82.64857833018061,0,,,,,,,,,,,,,
,,,,,,,,,,,,,,,,,,,,,,,,,,,,,,,,,,,,4,0.55,4.424196062982082,10931200,301.72,3.017575324653851,127.19387406632444,1,,,,,,,,,,,,,
,,,,,,,,,,,,,,,,,,,,,,,,,,,,,,,,,,,,4,,,10931200,,,,,0.37,0,217.8,0,0.92,0.55,6.0,0,0,0.92,0.92,0,0.0
6,0,5.264655113220215,4,3,440,0,1740,11,0.011,1.4107460093994935,1,14627840,1468,3e-05,15,260.2,10931200,,,,,,,,,,,,,,,,,,,,,,,,,,,,,,,,,,,,,,,
6,0,5.172761917114258,,40,,0,1740,,,1.4107460093994935,2,14632960,253,,,264.92,,0.071826171875,0.20761340856552124,22817,3e-05,0.08,0.0007214631972601637,-0.44971518209204076,0.505922257900238,0.0010803889,0.9253004499187227,,,,,,,,,,,,,,,,,,,,,,,,,,,,,
6,0,5.138656139373779,,73,,0,1740,,,1.4107460093994935,3,14638080,207,,,264.78,,0.067578125,0.19065475463867188,22825,3e-05,0.08,0.0004437037161551416,-0.45704353423789146,0.46504485607147217,0.0013308122,1.0679679736116667,,,,,,,,,,,,,,,,,,,,,,,,,,,,,
6,6,5.021012783050537,,107,,6,1746,,,1.4179355291028817,4,14643200,190,,,270.56,,0.0625244140625,0.5812022686004639,22833,3e-05,0.08,-0.0002975816751131788,-0.4521443085744977,0.4863901138305664,0.0009629949,0.9181669398472877,,,,,,,,,,,,,,,,,,,,,,,,,,,,,
6,0,4.9901041984558105,,142,,0,1746,,,1.4179355291028817,5,14648320,179,,,269.99,,0.0637451171875,0.28617703914642334,22841,3e-05,0.08,0.00025663235574029385,-0.4386339538730681,0.33214861154556274,0.001554436,1.0859359412337652,,,,,,,,,,,,,,,,,,,,,,,,,,,,,
6,0,,,,,,1746,,,1.4179355291028817,,,,,,,,0.0663330078125,0.34352797269821167,22849,3e-05,0.08,-0.0004232475534081459,-0.4311175957322121,0.2952464818954468,0.0011670036,1.1334969951974927,19.333333333333332,305,0.005945201195801001,0.0012993890602192616,0.589653491973877,1925,0.41916232638888884,0.15844155844155844,,,,,,,,,,,,,,,,,,,,,
,,,,,,,,,,,,,,,,,,,,,,,,,,,,,,,,,,,,4,0.94,5.183016659729183,10956800,257.45,2.017522134100853,77.68234999020048,0,,,,,,,,,,,,,
,,,,,,,,,,,,,,,,,,,,,,,,,,,,,,,,,,,,4,0.61,4.832266958877444,10956800,286.6,2.8635242900553433,125.70926775699556,1,,,,,,,,,,,,,
,,,,,,,,,,,,,,,,,,,,,,,,,,,,,,,,,,,,4,,,10956800,,,,,0.32999999999999996,0,217.8,1,0.94,0.61,6.0,0,0,0.94,0.94,0,0.0
6,0,5.090789318084717,4,3,440,0,1746,11,0.011,1.4179355291028817,1,14653440,1477,3e-05,15,266.0,10956800,,,,,,,,,,,,,,,,,,,,,,,,,,,,,,,,,,,,,,,
6,0,5.271871566772461,,38,,0,1746,,,1.4179355291028817,2,14658560,264,,,259.18,,0.0724609375,0.5364087820053101,22857,3e-05,0.08,-0.0004952979303197935,-0.44905965123325586,0.30103254318237305,0.0010293864,0.837965961365262,,,,,,,,,,,,,,,,,,,,,,,,,,,,,
6,6,5.375527858734131,,77,,6,1752,,,1.438229463994503,3,14663680,198,,,254.65,,0.07880859375,0.19152553379535675,22865,3e-05,0.08,0.0004689322056947276,-0.46253877636045215,0.29771584272384644,0.0016310036,0.8538031827367376,,,,,,,,,,,,,,,,,,,,,,,,,,,,,
6,0,5.473550319671631,,114,,0,1752,,,1.438229463994503,4,14668800,178,,,248.01,,0.066943359375,0.09597951173782349,22873,3e-05,0.08,-0.0001306702703004703,-0.44105976801365615,0.5134947299957275,0.0013311751,0.6199575232458301,,,,,,,,,,,,,,,,,,,,,,,,,,,,,
6,0,5.416757583618164,,151,,0,1752,,,1.438229463994503,5,14673920,169,,,251.68,,0.068505859375,0.42779457569122314,22881,3e-05,0.08,1.2238972703926266e-05,-0.43257143814116716,0.4767608642578125,0.0015246954,0.759266311553074,,,,,,,,,,,,,,,,,,,,,,,,,,,,,
6,0,,,,,,1752,,,1.438229463994503,,,,,,,,0.08193359375,0.05101370811462402,22889,3e-05,0.08,0.00022621806419920176,-0.4393815872259438,0.6288206577301025,0.0012078539,0.8902608688105829,19.166666666666668,305,0.005992556547632601,0.0013266403651692378,0.5900698304176331,1925,0.41796875,0.15844155844155844,,,,,,,,,,,,,,,,,,,,,
,,,,,,,,,,,,,,,,,,,,,,,,,,,,,,,,,,,,4,0.84,4.819671733677387,10982400,277.46,2.114144019383265,91.25068986040598,0,,,,,,,,,,,,,
,,,,,,,,,,,,,,,,,,,,,,,,,,,,,,,,,,,,4,0.57,4.632644978687167,10982400,293.47,3.0339580576184786,129.63999807158282,1,,,,,,,,,,,,,
,,,,,,,,,,,,,,,,,,,,,,,,,,,,,,,,,,,,4,,,10982400,,,,,0.27,0,217.8,0,0.84,0.57,6.0,0,0,0.84,0.84,0,0.0
6,0,5.414640426635742,4,3,440,0,1752,11,0.011,1.438229463994503,1,14679040,1458,3e-05,15,250.94,10982400,,,,,,,,,,,,,,,,,,,,,,,,,,,,,,,,,,,,,,,
6,6,5.231556415557861,,35,,6,1758,,,1.3705917584399383,2,14684160,288,,,258.62,,0.10048828125,1.0717616081237793,22897,3e-05,0.08,0.001489627137198113,-0.43506988738663493,0.4315227270126343,0.0023559364,1.071736023185076,,,,,,,,,,,,,,,,,,,,,,,,,,,,,
6,0,5.028396129608154,,70,,0,1758,,,1.3705917584399383,3,14689280,218,,,266.82,,0.0562255859375,0.6670699119567871,22905,3e-05,0.08,0.0004723175457911566,-0.4362047460861504,0.39299237728118896,0.00088405126,1.194734808022622,,,,,,,,,,,,,,,,,,,,,,,,,,,,,
6,0,4.956774711608887,,105,,0,1758,,,1.3705917584399383,4,14694400,194,,,271.55,,0.0523193359375,0.15072330832481384,22913,3e-05,0.08,8.371326694032178e-05,-0.4345532479695976,0.23161828517913818,0.0008061331,1.252551267540548,,,,,,,,,,,,,,,,,,,,,,,,,,,,,
6,0,4.981884002685547,,142,,0,1758,,,1.3705917584399383,5,14699520,179,,,269.29,,0.05302734375,1.038985252380371,22921,3e-05,0.08,-0.0004118705517612398,-0.4319141217507422,0.10058218240737915,0.0010365245,1.0346819644997596,,,,,,,,,,,,,,,,,,,,,,,,,,,,,
6,0,,,,,,1758,,,1.3705917584399383,,,,,,,,0.079638671875,1.4644759893417358,22929,3e-05,0.08,0.00020221415325067938,-0.4344780803658068,0.09104382991790771,0.0019001734,1.2162110087723703,19.416666666666668,305,0.005934164988043716,0.0013452899447029183,0.5901076793670654,1925,0.41948784722222215,0.15844155844155844,,,,,,,,,,,,,,,,,,,,,
,,,,,,,,,,,,,,,,,,,,,,,,,,,,,,,,,,,,4,0.93,5.304516347814351,11008000,253.38,2.150921543810372,84.11144749675873,0,,,,,,,,,,,,,
,,,,,,,,,,,,,,,,,,,,,,,,,,,,,,,,,,,,4,0.51,3.896758903563023,11008000,318.87,3.036456283247426,123.79811428289204,1,,,,,,,,,,,,,
,,,,,,,,,,,,,,,,,,,,,,,,,,,,,,,,,,,,4,,,11008000,,,,,0.42000000000000004,0,217.8,1,0.93,0.51,6.0,0,0,0.93,0.93,0,0.0
6,6,5.085512638092041,4,3,440,6,1764,11,0.011,1.4286156743764877,1,14704640,1466,3e-05,15,265.14,11008000,,,,,,,,,,,,,,,,,,,,,,,,,,,,,,,,,,,,,,,
6,0,5.408503532409668,,39,,0,1764,,,1.4286156743764877,2,14709760,258,,,252.23,,0.07236328125,0.40800321102142334,22937,3e-05,0.08,8.292233978863805e-05,-0.4353622497059405,0.11553508043289185,0.0011641564,0.8384111070336075,,,,,,,,,,,,,,,,,,,,,,,,,,,,,
6,0,5.494121074676514,,77,,0,1764,,,1.4286156743764877,3,14714880,198,,,247.96,,0.058447265625,0.010592392645776272,22945,3e-05,0.08,-0.0006904270325321704,-0.4406788246706128,0.37050527334213257,0.0006884134,0.7920514087454649,,,,,,,,,,,,,,,,,,,,,,,,,,,,,
6,0,5.5248026847839355,,111,,0,1764,,,1.4286156743764877,4,14720000,184,,,247.11,,0.0698974609375,0.9574437141418457,22953,3e-05,0.08,0.00039719775959383695,-0.4230380583554506,0.07186806201934814,0.0009918822,0.7732784785679542,,,,,,,,,,,,,,,,,,,,,,,,,,,,,
6,6,5.5224432945251465,,145,,6,1770,,,1.5133883133530617,5,14725120,175,,,246.9,,0.068994140625,0.2876874506473541,22961,3e-05,0.08,-0.00018304813856957481,-0.44525929149240256,0.41858506202697754,0.0014697296,0.9903815685538575,,,,,,,,,,,,,,,,,,,,,,,,,,,,,
6,6,,,,,,1770,,,1.5133883133530617,,,,,,,,0.0638916015625,0.3884923458099365,22969,3e-05,0.08,-0.00021760469244327396,-0.441839340236038,0.4037284851074219,0.0010627261,0.896877977985423,19.416666666666668,305,0.005962711024733556,0.0013468617330636265,0.5900453925132751,1925,0.41948784722222215,0.15844155844155844,,,,,,,,,,,,,,,,,,,,,
,,,,,,,,,,,,,,,,,,,,,,,,,,,,,,,,,,,,4,0.9,5.610348475575447,11033600,245.8,2.0535792479833765,86.89131141834608,0,,,,,,,,,,,,,
,,,,,,,,,,,,,,,,,,,,,,,,,,,,,,,,,,,,4,0.43,3.6699775068461893,11033600,333.18,2.9574910575801963,124.2771402953898,1,,,,,,,,,,,,,
,,,,,,,,,,,,,,,,,,,,,,,,,,,,,,,,,,,,4,,,11033600,,,,,0.47000000000000003,0,217.8,0,0.9,0.43,6.0,0,0,0.9,0.9,0,0.0
6,0,5.413386344909668,4,3,440,0,1770,11,0.011,1.5133883133530617,1,14730240,1454,3e-05,15,250.68,11033600,,,,,,,,,,,,,,,,,,,,,,,,,,,,,,,,,,,,,,,
6,0,5.194035053253174,,40,,0,1770,,,1.5133883133530617,2,14735360,250,,,259.97,,0.06171875,0.15722908079624176,22977,3e-05,0.08,0.00031731756025692447,-0.4231569357216358,0.32428210973739624,0.0009739149,0.7283169907343108,,,,,,,,,,,,,,,,,,,,,,,,,,,,,
6,0,5.2420430183410645,,74,,0,1770,,,1.5133883133530617,3,14740480,205,,,258.59,,0.0737548828125,0.4175564646720886,22985,3e-05,0.08,0.00029506481951102614,-0.40520828431472183,0.3290061950683594,0.001636399,0.6858728922612499,,,,,,,,,,,,,,,,,,,,,,,,,,,,,
6,6,5.224573135375977,,111,,6,1776,,,1.4600071609020233,4,14745600,182,,,258.42,,0.091650390625,0.48378434777259827,22993,3e-05,0.08,0.00031799555144971234,-0.43526044422760607,0.5115616321563721,0.0017675415,0.9405131952342345,,,,,,,,,,,,,,,,,,,,,,,,,,,,,
6,0,5.20890998840332,,149,,0,1776,,,1.4600071609020233,5,14750720,171,,,259.17,,0.07998046875,0.18682673573493958,23001,3e-05,0.08,0.0005553959665121511,-0.4251494246535003,0.5311645269393921,0.0012017408,0.8066651936736889,,,,,,,,,,,,,,,,,,,,,,,,,,,,,
6,0,,,,,,1776,,,1.4600071609020233,,,,,,,,0.061181640625,0.7882174253463745,23009,3e-05,0.08,0.0002908075548475608,-0.41921486873179675,0.3583490252494812,0.0017488871,1.203900494123809,19.416666666666668,305,0.005967035477786877,0.0013409462342093162,0.5877878069877625,1925,0.41948784722222215,0.15844155844155844,,,,,,,,,,,,,,,,,,,,,
,,,,,,,,,,,,,,,,,,,,,,,,,,,,,,,,,,,,4,0.92,5.417593199312687,11059200,251.49,1.8936718276055426,78.40478237964824,0,,,,,,,,,,,,,
,,,,,,,,,,,,,,,,,,,,,,,,,,,,,,,,,,,,4,0.54,4.295491974055767,11059200,302.92,3.249202610449506,130.5244559460027,1,,,,,,,,,,,,,
,,,,,,,,,,,,,,,,,,,,,,,,,,,,,,,,,,,,4,,,11059200,,,,,0.38,0,217.8,0,0.92,0.54,6.0,0,0,0.92,0.92,0,0.0
6,0,5.140033721923828,4,3,440,0,1776,11,0.011,1.4600071609020233,1,14755840,1427,3e-05,15,263.65,11059200,,,,,,,,,,,,,,,,,,,,,,,,,,,,,,,,,,,,,,,
6,0,5.178704261779785,,40,,0,1776,,,1.4600071609020233,2,14760960,252,,,263.39,,0.05439453125,0.15438604354858398,23017,3e-05,0.08,0.0004961607366567478,-0.41044250018894674,0.4665747284889221,0.000840115,0.8410912099556299,,,,,,,,,,,,,,,,,,,,,,,,,,,,,
6,6,5.2211198806762695,,77,,6,1782,,,1.3916794608036678,3,14766080,198,,,262.7,,0.06376953125,0.4160003364086151,23025,3e-05,0.08,0.00047891224385239185,-0.4088575834408402,0.4370993375778198,0.00092468504,1.1077624324010684,,,,,,,,,,,,,,,,,,,,,,,,,,,,,
6,0,5.153293609619141,,112,,0,1782,,,1.3916794608036678,4,14771200,181,,,266.4,,0.07001953125,0.6207262873649597,23033,3e-05,0.08,1.8689283751882613e-05,-0.42673064158298074,0.5406507253646851,0.0021306942,1.0196202766615898,,,,,,,,,,,,,,,,,,,,,,,,,,,,,
6,0,5.1199164390563965,,124,,0,1782,,,1.3916794608036678,5,14776320,205,,,269.04,,0.05343364197530864,0.41343191266059875,23036,3e-05,0.08,0.002013671102669136,-0.4347701013824086,0.5317974090576172,0.0833396,0.6208318986320569,,,,,,,,,,,,,,,,,,,,,,,,,,,,,
6,0,,,,,,1782,,,1.3916794608036678,,,,,,,,0.0603759765625,0.6034168004989624,23044,3e-05,0.08,0.0001252506423043087,-0.4318800590001047,0.5236482620239258,0.00088785664,0.7908023965079337,19.5,305,0.00595218473490561,0.001328631793166384,0.5879642367362976,1925,0.42035590277777785,0.15844155844155844,,,,,,,,,,,,,,,,,,,,,
,,,,,,,,,,,,,,,,,,,,,,,,,,,,,,,,,,,,4,0.92,5.464796423912048,11084800,249.54,1.8359267108343325,76.4450678592151,0,,,,,,,,,,,,,
,,,,,,,,,,,,,,,,,,,,,,,,,,,,,,,,,,,,4,0.56,4.283655955046416,11084800,301.96,3.1263842748325796,125.55173594976692,1,,,,,,,,,,,,,
,,,,,,,,,,,,,,,,,,,,,,,,,,,,,,,,,,,,4,,,11084800,,,,,0.36,0,217.8,0,0.92,0.56,6.0,0,0,0.92,0.92,0,0.0
6,0,5.218472480773926,4,3,440,0,1782,11,0.011,1.3916794608036678,1,14781440,1400,3e-05,15,264.02,11084800,,,,,,,,,,,,,,,,,,,,,,,,,,,,,,,,,,,,,,,
6,6,5.34787654876709,,35,,6,1788,,,1.4263037778437138,2,14786560,286,,,257.66,,0.0597412109375,0.4870966374874115,23052,3e-05,0.08,0.0004979881501640193,-0.44664849415421487,0.61911940574646,0.0011305175,0.817261862498708,,,,,,,,,,,,,,,,,,,,,,,,,,,,,
6,0,5.395622730255127,,75,,0,1788,,,1.4263037778437138,3,14791680,202,,,255.96,,0.065966796875,0.03691762685775757,23060,3e-05,0.08,-0.0007766745198750869,-0.44991084961220623,0.5417812466621399,0.001124748,1.1895202627871186,,,,,,,,,,,,,,,,,,,,,,,,,,,,,
6,0,5.492307662963867,,110,,0,1788,,,1.4263037778437138,4,14796800,185,,,250.27,,0.0762939453125,0.15341518819332123,23068,3e-05,0.08,-0.00012655004393309356,-0.4141514111310244,0.5201154947280884,0.0011146605,0.7535230080422479,,,,,,,,,,,,,,,,,,,,,,,,,,,,,
6,0,5.421665191650391,,149,,0,1788,,,1.4263037778437138,5,14801920,171,,,251.69,,0.0677978515625,0.2858007550239563,23076,3e-05,0.08,-4.980227095074951e-06,-0.4403499511536211,0.5667449235916138,0.0014927067,0.6568036772427149,,,,,,,,,,,,,,,,,,,,,,,,,,,,,
6,0,,,,,,1788,,,1.4263037778437138,,,,,,,,0.0611328125,0.1672360897064209,23084,3e-05,0.08,0.00033778920187614857,-0.4403888152912259,0.5898392200469971,0.0015333497,0.8308558102231473,19.166666666666668,305,0.005986386862077532,0.0013364280109918489,0.5868951082229614,1925,0.41851128472222215,0.15844155844155844,,,,,,,,,,,,,,,,,,,,,
,,,,,,,,,,,,,,,,,,,,,,,,,,,,,,,,,,,,4,0.88,5.470483006164431,11110400,251.21,2.046656675220302,87.03232675276467,0,,,,,,,,,,,,,
,,,,,,,,,,,,,,,,,,,,,,,,,,,,,,,,,,,,4,0.6,4.549906277544796,11110400,291.45,3.042362768517326,125.5472321479052,1,,,,,,,,,,,,,
,,,,,,,,,,,,,,,,,,,,,,,,,,,,,,,,,,,,4,,,11110400,,,,,0.28,0,217.8,0,0.88,0.6,6.0,0,0,0.88,0.88,0,0.0
6,6,5.503724575042725,4,3,440,6,1794,11,0.011,1.4600888763864834,1,14807040,1467,3e-05,15,248.28,11110400,,,,,,,,,,,,,,,,,,,,,,,,,,,,,,,,,,,,,,,
6,0,5.546125888824463,,40,,0,1794,,,1.4600888763864834,2,14812160,255,,,246.51,,0.0552490234375,0.13414987921714783,23092,3e-05,0.08,-0.0002528496930608526,-0.417744221072644,0.7163384556770325,0.0010714623,0.8964372699061641,,,,,,,,,,,,,,,,,,,,,,,,,,,,,
6,0,5.485240459442139,,79,,0,1794,,,1.4600888763864834,3,14817280,192,,,247.98,,0.0808837890625,0.10494215041399002,23100,3e-05,0.08,0.0006762529010302387,-0.44135805740952494,0.6551653146743774,0.0012820724,0.9768970446893945,,,,,,,,,,,,,,,,,,,,,,,,,,,,,
6,0,5.36419677734375,,114,,0,1794,,,1.4600888763864834,4,14822400,178,,,253.74,,0.0839111328125,0.24716965854167938,23108,3e-05,0.08,0.0012191003406769596,-0.4417871511541307,0.5698287487030029,0.0019888117,0.439682589948643,,,,,,,,,,,,,,,,,,,,,,,,,,,,,
6,6,5.384890556335449,,145,,6,1800,,,1.3883654301365216,5,14827520,175,,,252.46,,0.1124267578125,0.3362394869327545,23116,3e-05,0.08,0.0029509398009395227,-0.43415251886472106,0.6763010025024414,0.0017339311,0.8015791461919435,,,,,,,,,,,,,,,,,,,,,,,,,,,,,
6,6,,,,,,1800,,,1.3883654301365216,,,,,,,,0.0791259765625,0.18310858309268951,23124,3e-05,0.08,0.00013585191918537022,-0.44608501717448235,0.7176120281219482,0.00126749,0.9151725503383205,19.25,305,0.005960144577252967,0.0013195964640374455,0.5847704410552979,1925,0.4188368055555555,0.15844155844155844,,,,,,,,,,,,,,,,,,,,,
,,,,,,,,,,,,,,,,,,,,,,,,,,,,,,,,,,,,4,0.93,5.499425802826881,11136000,247.02,1.9503398736514725,78.29712382967844,0,,,,,,,,,,,,,
,,,,,,,,,,,,,,,,,,,,,,,,,,,,,,,,,,,,4,0.55,4.418361485004425,11136000,298.09,3.1817878926058385,131.00924356700943,1,,,,,,,,,,,,,
,,,,,,,,,,,,,,,,,,,,,,,,,,,,,,,,,,,,4,,,11136000,,,,,0.38,0,217.8,1,0.93,0.55,6.0,0,0,0.93,0.93,0,0.0
6,0,5.230978965759277,4,3,440,0,1800,11,0.011,1.3883654301365216,1,14832640,1454,3e-05,15,258.25,11136000,,,,,,,,,,,,,,,,,,,,,,,,,,,,,,,,,,,,,,,
6,0,5.005468845367432,,38,,0,1800,,,1.3883654301365216,2,14837760,266,,,266.37,,0.072412109375,0.06686034798622131,23132,3e-05,0.08,0.000589373693219386,-0.4556281816214323,0.7081776857376099,0.0014397162,0.918010553100612,,,,,,,,,,,,,,,,,,,,,,,,,,,,,
6,6,4.826509952545166,,74,,6,1806,,,1.4042658073206742,3,14842880,205,,,273.0,,0.065625,0.4240263104438782,23140,3e-05,0.08,0.00012075070117134601,-0.4479713199660182,0.7030916213989258,0.0011670538,0.7272909185732714,,,,,,,,,,,,,,,,,,,,,,,,,,,,,
6,0,4.731265068054199,,93,,0,1806,,,1.4042658073206742,4,14848000,219,,,275.55,,0.08222903481012658,0.4513035714626312,23144,3e-05,0.08,0.001572940050612522,-0.4449795218585413,0.7402361631393433,0.0041692317,0.9746649471241273,,,,,,,,,,,,,,,,,,,,,,,,,,,,,
6,0,4.850462913513184,,129,,0,1806,,,1.4042658073206742,5,14853120,196,,,269.75,,0.0865478515625,0.1707068383693695,23152,3e-05,0.08,0.0007284843726665713,-0.44590565375983715,0.6306790113449097,0.0020635563,1.5191603836487046,,,,,,,,,,,,,,,,,,,,,,,,,,,,,
6,0,,,,,,1806,,,1.4042658073206742,,,,,,,,0.0716064453125,1.7461795806884766,23160,3e-05,0.08,0.0010491205946891568,-0.4307739621028304,0.5038517713546753,0.0015626282,1.7395178151782602,19.083333333333332,305,0.005944227626399054,0.0013152959529369494,0.5837916731834412,1925,0.4176432291666667,0.15844155844155844,,,,,,,,,,,,,,,,,,,,,
,,,,,,,,,,,,,,,,,,,,,,,,,,,,,,,,,,,,4,0.87,5.028878452479839,11161600,267.26,2.1850908251504415,91.54983560880926,0,,,,,,,,,,,,,
,,,,,,,,,,,,,,,,,,,,,,,,,,,,,,,,,,,,4,0.59,4.789205721374601,11161600,286.1,3.0710595093639124,132.61383789031973,1,,,,,,,,,,,,,
,,,,,,,,,,,,,,,,,,,,,,,,,,,,,,,,,,,,4,,,11161600,,,,,0.28,0,217.8,0,0.87,0.59,6.0,0,0,0.87,0.87,0,0.0
6,0,4.964387893676758,4,3,440,0,1806,11,0.011,1.4042658073206742,1,14858240,1449,3e-05,15,265.7,11161600,,,,,,,,,,,,,,,,,,,,,,,,,,,,,,,,,,,,,,,
6,6,5.040063858032227,,38,,6,1812,,,1.2781978696584702,2,14863360,262,,,263.78,,0.089501953125,1.2344436645507812,23168,3e-05,0.08,0.0016556792834307998,-0.4387617813423276,0.533179759979248,0.0021260572,1.498646791628562,,,,,,,,,,,,,,,,,,,,,,,,,,,,,
6,0,5.296067714691162,,76,,0,1812,,,1.2781978696584702,3,14868480,200,,,253.45,,0.0818603515625,2.0823371410369873,23176,3e-05,0.08,0.0016426368034444748,-0.43947135023772715,0.20200449228286743,0.0014865894,1.614746747200843,,,,,,,,,,,,,,,,,,,,,,,,,,,,,
6,0,5.617586612701416,,116,,0,1812,,,1.2781978696584702,4,14873600,176,,,243.04,,0.0809326171875,0.36148056387901306,23184,3e-05,0.08,0.001045217950013466,-0.44398784581571815,0.04292464256286621,0.0013089862,1.6452220960520207,,,,,,,,,,,,,,,,,,,,,,,,,,,,,
6,0,5.579127311706543,,153,,0,1812,,,1.2781978696584702,5,14878720,166,,,244.32,,0.068798828125,1.196562647819519,23192,3e-05,0.08,-6.540265458170325e-05,-0.450803585909307,0.17200642824172974,0.0018117416,1.121767672128044,,,,,,,,,,,,,,,,,,,,,,,,,,,,,
6,0,,,,,,1812,,,1.2781978696584702,,,,,,,,0.08681640625,0.5499484539031982,23200,3e-05,0.08,0.0009352061257231981,-0.44585464941337705,0.1466372013092041,0.0018202206,0.563653451402206,19.166666666666668,305,0.005934236669908887,0.0013855368718127437,0.5845568776130676,1925,0.41851128472222215,0.15844155844155844,,,,,,,,,,,,,,,,,,,,,
,,,,,,,,,,,,,,,,,,,,,,,,,,,,,,,,,,,,4,0.85,5.104940697401762,11187200,263.15,2.357306085114322,93.98908181272972,0,,,,,,,,,,,,,
,,,,,,,,,,,,,,,,,,,,,,,,,,,,,,,,,,,,4,0.57,4.587783404141664,11187200,289.2,3.3035587158246,132.70825143901186,1,,,,,,,,,,,,,
,,,,,,,,,,,,,,,,,,,,,,,,,,,,,,,,,,,,4,,,11187200,,,,,0.28,0,217.8,0,0.85,0.57,6.0,0,0,0.85,0.85,0,0.0
6,6,5.620577335357666,4,3,440,6,1818,11,0.011,1.4119947602351506,1,14883840,1503,3e-05,15,242.53,11187200,,,,,,,,,,,,,,,,,,,,,,,,,,,,,,,,,,,,,,,
6,0,5.397195816040039,,41,,0,1818,,,1.4119947602351506,2,14888960,247,,,251.6,,0.0483154296875,0.1630159467458725,23208,3e-05,0.08,-0.00032851507130544634,-0.43950180457904936,0.09106111526489258,0.0010409845,0.9311294357059523,,,,,,,,,,,,,,,,,,,,,,,,,,,,,
6,0,5.494168758392334,,77,,0,1818,,,1.4119947602351506,3,14894080,199,,,248.19,,0.0734375,0.45825430750846863,23216,3e-05,0.08,0.00040674989868421106,-0.42956749238073827,0.06371361017227173,0.0011192523,1.2274448180600301,,,,,,,,,,,,,,,,,,,,,,,,,,,,,
6,0,5.295537948608398,,115,,0,1818,,,1.4119947602351506,4,14899200,177,,,257.08,,0.0697021484375,0.1993316113948822,23224,3e-05,0.08,-0.0004664399428293109,-0.42967161191627384,0.2948111295700073,0.0014525817,0.9019052862073295,,,,,,,,,,,,,,,,,,,,,,,,,,,,,
6,6,5.170407295227051,,148,,6,1824,,,1.4497721480826538,5,14904320,171,,,262.21,,0.0802001953125,0.09303469210863113,23232,3e-05,0.08,-0.0002982557998620905,-0.4120443551801145,0.39265143871307373,0.0015007298,0.5616595001833048,,,,,,,,,,,,,,,,,,,,,,,,,,,,,
6,6,,,,,,1824,,,1.4497721480826538,,,,,,,,0.05400390625,0.2915146052837372,23240,3e-05,0.08,-0.0002030675605055876,-0.41712912330403923,0.10877811908721924,0.0008098025,0.8434218899405096,19.416666666666668,305,0.005939925200785031,0.0013960489524365552,0.5838982462882996,1925,0.4205729166666667,0.15844155844155844,,,,,,,,,,,,,,,,,,,,,
,,,,,,,,,,,,,,,,,,,,,,,,,,,,,,,,,,,,4,0.92,5.502040016651153,11212800,245.21,2.0858149272051647,79.97865902851835,0,,,,,,,,,,,,,
,,,,,,,,,,,,,,,,,,,,,,,,,,,,,,,,,,,,4,0.52,4.187839339375496,11212800,309.62,3.1187792898020636,130.01244401979375,1,,,,,,,,,,,,,
,,,,,,,,,,,,,,,,,,,,,,,,,,,,,,,,,,,,4,,,11212800,,,,,0.4,0,217.8,0,0.92,0.52,6.0,0,0,0.92,0.92,0,0.0
6,0,5.123720645904541,4,3,440,0,1824,11,0.011,1.4497721480826538,1,14909440,1494,3e-05,15,264.32,11212800,,,,,,,,,,,,,,,,,,,,,,,,,,,,,,,,,,,,,,,
6,0,5.146491050720215,,36,,0,1824,,,1.4497721480826538,2,14914560,282,,,264.37,,0.068408203125,0.28240278363227844,23248,3e-05,0.08,0.00013852040283381938,-0.4628181749023497,0.34346818923950195,0.0010955294,0.6745579055161215,,,,,,,,,,,,,,,,,,,,,,,,,,,,,
6,0,5.040585517883301,,70,,0,1824,,,1.4497721480826538,3,14919680,216,,,268.93,,0.0674072265625,0.43135491013526917,23256,3e-05,0.08,0.000418111911858432,-0.4128051869571209,0.20418578386306763,0.0012483161,0.6690884953946806,,,,,,,,,,,,,,,,,,,,,,,,,,,,,
6,6,5.126657485961914,,107,,6,1830,,,1.4336495995521545,4,14924800,190,,,265.27,,0.06796875,0.3009493947029114,23264,3e-05,0.08,-8.883167465683073e-05,-0.4294015273451805,0.19782209396362305,0.0013727502,0.8136009623296558,,,,,,,,,,,,,,,,,,,,,,,,,,,,,
6,0,5.073785781860352,,145,,0,1830,,,1.4336495995521545,5,14929920,175,,,266.47,,0.0802734375,0.19333921372890472,23272,3e-05,0.08,0.000322829803917557,-0.43518123785033824,0.25638705492019653,0.0016128164,0.7830038525265991,,,,,,,,,,,,,,,,,,,,,,,,,,,,,
6,0,,,,,,1830,,,1.4336495995521545,,,,,,,,0.1,0.08330796658992767,23280,3e-05,0.08,0.00176101814431604,-0.4466536714695394,0.28430473804473877,0.0016215297,0.963671675423393,19.416666666666668,305,0.00593924220013306,0.0013812615723783142,0.5833451151847839,1925,0.4205729166666667,0.15844155844155844,,,,,,,,,,,,,,,,,,,,,
,,,,,,,,,,,,,,,,,,,,,,,,,,,,,,,,,,,,4,0.92,5.533013898134231,11238400,245.98,1.986079381914878,81.5115918136801,0,,,,,,,,,,,,,
,,,,,,,,,,,,,,,,,,,,,,,,,,,,,,,,,,,,4,0.54,4.435156303197146,11238400,297.12,3.3078474565334353,134.37792080546566,1,,,,,,,,,,,,,
,,,,,,,,,,,,,,,,,,,,,,,,,,,,,,,,,,,,4,,,11238400,,,,,0.38,0,217.8,0,0.92,0.54,6.0,0,0,0.92,0.92,0,0.0
6,0,5.020486354827881,4,3,440,0,1830,11,0.011,1.4336495995521545,1,14935040,1457,3e-05,15,266.48,11238400,,,,,,,,,,,,,,,,,,,,,,,,,,,,,,,,,,,,,,,
6,0,5.073915004730225,,38,,0,1830,,,1.4336495995521545,2,14940160,268,,,262.19,,0.06796875,0.540174126625061,23288,3e-05,0.08,0.00018839122058125212,-0.4125515719410032,0.36500006914138794,0.001302597,0.8077482469729148,,,,,,,,,,,,,,,,,,,,,,,,,,,,,
6,6,5.136415004730225,,73,,6,1836,,,1.402987631658713,3,14945280,209,,,260.38,,0.0724853515625,0.1496300995349884,23296,3e-05,0.08,-0.00043240646191406996,-0.43416627058759333,0.2608236074447632,0.00094404386,1.235980540048331,,,,,,,,,,,,,,,,,,,,,,,,,,,,,
6,0,5.069592475891113,,109,,0,1836,,,1.402987631658713,4,14950400,187,,,262.55,,0.081884765625,0.0633215457201004,23304,3e-05,0.08,0.000458063799305819,-0.42746024634689095,0.20441806316375732,0.0017788799,0.922040534275584,,,,,,,,,,,,,,,,,,,,,,,,,,,,,
6,0,5.132347583770752,,145,,0,1836,,,1.402987631658713,5,14955520,175,,,262.41,,0.07373046875,0.26527801156044006,23312,3e-05,0.08,0.0003777876088861376,-0.4197899805381894,0.25527483224868774,0.001927315,1.172103274759138,,,,,,,,,,,,,,,,,,,,,,,,,,,,,
6,0,,,,,,1836,,,1.402987631658713,,,,,,,,0.07998046875,0.5087535977363586,23320,3e-05,0.08,2.6031964807771145e-06,-0.43169975792989135,0.30990493297576904,0.0019344732,0.9750662976992317,19.416666666666668,305,0.00592313720318259,0.001354013714114949,0.5840340852737427,1925,0.4205729166666667,0.15844155844155844,,,,,,,,,,,,,,,,,,,,,
,,,,,,,,,,,,,,,,,,,,,,,,,,,,,,,,,,,,4,0.94,5.3694371766224505,11264000,249.93,1.9243309263026762,74.89155559874557,0,,,,,,,,,,,,,
,,,,,,,,,,,,,,,,,,,,,,,,,,,,,,,,,,,,4,0.54,4.27994932077825,11264000,301.13,3.245653313715953,130.2637827640515,1,,,,,,,,,,,,,
,,,,,,,,,,,,,,,,,,,,,,,,,,,,,,,,,,,,4,,,11264000,,,,,0.3999999999999999,0,217.8,1,0.94,0.54,6.0,0,0,0.94,0.94,0,0.0
6,0,5.132147789001465,4,3,440,0,1836,11,0.011,1.402987631658713,1,14960640,1437,3e-05,15,262.64,11264000,,,,,,,,,,,,,,,,,,,,,,,,,,,,,,,,,,,,,,,
6,6,5.265885829925537,,39,,6,1842,,,1.4032114346822102,2,14965760,256,,,257.83,,0.081005859375,0.5944644808769226,23328,3e-05,0.08,0.0007070613486575894,-0.4231154919601977,0.24894684553146362,0.0012037157,1.0869438276567962,,,,,,,,,,,,,,,,,,,,,,,,,,,,,
6,0,5.328270435333252,,75,,0,1842,,,1.4032114346822102,3,14970880,202,,,254.07,,0.0656982421875,0.06559509038925171,23336,3e-05,0.08,-0.0004965709493262693,-0.4292939267121255,0.3058951497077942,0.00089317997,0.8840067947574426,,,,,,,,,,,,,,,,,,,,,,,,,,,,,
6,0,5.441835880279541,,112,,0,1842,,,1.4032114346822102,4,14976000,181,,,250.44,,0.051513671875,0.21983389556407928,23344,3e-05,0.08,0.00011039565579267219,-0.4167154198512435,0.41894298791885376,0.0011332843,0.7785754133365117,,,,,,,,,,,,,,,,,,,,,,,,,,,,,
6,0,5.460586071014404,,146,,0,1842,,,1.4032114346822102,5,14981120,174,,,250.28,,0.0918212890625,1.2167950868606567,23352,3e-05,0.08,0.0008534714477718807,-0.43217850662767887,0.4143568277359009,0.0012211787,0.6612370758142788,,,,,,,,,,,,,,,,,,,,,,,,,,,,,
6,0,,,,,,1842,,,1.4032114346822102,,,,,,,,0.05109797297297297,0.10483181476593018,23357,3e-05,0.08,0.000655455477032307,-0.4207206784067927,0.5085599422454834,0.0025009913,0.6267144335685549,19.333333333333332,305,0.005962088477054082,0.0013779418355652493,0.5833002328872681,1925,0.41970486111111116,0.15844155844155844,,,,,,,,,,,,,,,,,,,,,
,,,,,,,,,,,,,,,,,,,,,,,,,,,,,,,,,,,,4,0.86,5.096902218014002,11289600,266.01,2.196065670690427,93.47325767298368,0,,,,,,,,,,,,,
,,,,,,,,,,,,,,,,,,,,,,,,,,,,,,,,,,,,4,0.53,4.438175929784775,11289600,300.0,3.197558795627673,134.25200184727228,1,,,,,,,,,,,,,
,,,,,,,,,,,,,,,,,,,,,,,,,,,,,,,,,,,,4,,,11289600,,,,,0.32999999999999996,0,217.8,0,0.86,0.53,6.0,0,0,0.86,0.86,0,0.0
6,6,5.546327114105225,4,3,440,6,1848,11,0.011,1.4300126656889915,1,14986240,1411,3e-05,15,248.25,11289600,,,,,,,,,,,,,,,,,,,,,,,,,,,,,,,,,,,,,,,
6,0,5.449223518371582,,39,,0,1848,,,1.4300126656889915,2,14991360,260,,,251.12,,0.057177734375,0.32651472091674805,23365,3e-05,0.08,0.00013904807419748977,-0.4046192949637771,0.48519831895828247,0.0015005138,0.8698042573523708,,,,,,,,,,,,,,,,,,,,,,,,,,,,,
6,0,5.371180534362793,,71,,0,1848,,,1.4300126656889915,3,14996480,213,,,255.47,,0.08857421875,0.12326961755752563,23373,3e-05,0.08,0.0016536828537937255,-0.4151604621205479,0.4913594722747803,0.00151271,0.8284236890380271,,,,,,,,,,,,,,,,,,,,,,,,,,,,,
6,0,5.348478317260742,,111,,0,1848,,,1.4300126656889915,4,15001600,184,,,253.91,,0.0725830078125,1.1774672269821167,23381,3e-05,0.08,-0.00029067882569506765,-0.4264885293319821,0.492002010345459,0.0010999294,0.9946841831551865,,,,,,,,,,,,,,,,,,,,,,,,,,,,,
6,6,5.302300453186035,,135,,6,1854,,,1.4733253493905067,5,15006720,189,,,253.88,,0.05799585459183673,0.6656914949417114,23386,3e-05,0.08,0.000572269447432945,-0.4339764980333192,0.6146326065063477,0.0027437438,0.886481889466546,,,,,,,,,,,,,,,,,,,,,,,,,,,,,
6,6,,,,,,1854,,,1.4733253493905067,,,,,,,,0.063427734375,0.11361239105463028,23394,3e-05,0.08,0.00015277184138540179,-0.42498072162270545,0.706470251083374,0.0013562853,0.8740951021958608,19.333333333333332,305,0.005938273445648755,0.00138099680266093,0.582597017288208,1925,0.41970486111111116,0.15844155844155844,,,,,,,,,,,,,,,,,,,,,
,,,,,,,,,,,,,,,,,,,,,,,,,,,,,,,,,,,,4,0.86,5.326713818311691,11315200,258.34,2.0403062122015636,90.27482705605145,0,,,,,,,,,,,,,
,,,,,,,,,,,,,,,,,,,,,,,,,,,,,,,,,,,,4,0.59,4.633416472002864,11315200,289.29,3.1462992075402365,128.8850879659862,1,,,,,,,,,,,,,
,,,,,,,,,,,,,,,,,,,,,,,,,,,,,,,,,,,,4,,,11315200,,,,,0.27,0,217.8,0,0.86,0.59,6.0,0,0,0.86,0.86,0,0.0
6,0,5.217711925506592,4,3,440,0,1854,11,0.011,1.4733253493905067,1,15011840,1493,3e-05,15,255.64,11315200,,,,,,,,,,,,,,,,,,,,,,,,,,,,,,,,,,,,,,,
6,0,5.471921920776367,,42,,0,1854,,,1.4733253493905067,2,15016960,243,,,246.37,,0.066845703125,0.8723878860473633,23402,3e-05,0.08,0.0004580881679430604,-0.4439483474008739,0.5293585062026978,0.0015031358,1.3227756602689624,,,,,,,,,,,,,,,,,,,,,,,,,,,,,
6,0,5.373234272003174,,79,,0,1854,,,1.4733253493905067,3,15022080,192,,,250.37,,0.060693359375,0.11930283904075623,23410,3e-05,0.08,0.0005106972734211013,-0.4444548682309687,0.5598737597465515,0.0013807423,0.9383655578654725,,,,,,,,,,,,,,,,,,,,,,,,,,,,,
6,6,5.26724100112915,,113,,6,1860,,,1.2807561606168747,4,15027200,180,,,256.14,,0.0740966796875,0.8271039128303528,23418,3e-05,0.08,0.000401609433174599,-0.43886369448155166,0.5768119096755981,0.0014640986,0.7088665296090767,,,,,,,,,,,,,,,,,,,,,,,,,,,,,
6,0,5.122293472290039,,149,,0,1860,,,1.2807561606168747,5,15032320,171,,,261.47,,0.076513671875,0.40124598145484924,23426,3e-05,0.08,0.0015374323644209652,-0.45065520172938706,0.6716600656509399,0.0015436353,1.023717683221912,,,,,,,,,,,,,,,,,,,,,,,,,,,,,
6,0,,,,,,1860,,,1.2807561606168747,,,,,,,,0.0731201171875,0.6424372792243958,23434,3e-05,0.08,0.0003411426980164833,-0.467410674970597,0.6154938340187073,0.0018135728,0.9922579900361598,19.083333333333332,305,0.005925236331971836,0.0013558632934017661,0.581855297088623,1925,0.41818576388888884,0.15844155844155844,,,,,,,,,,,,,,,,,,,,,
,,,,,,,,,,,,,,,,,,,,,,,,,,,,,,,,,,,,4,0.84,5.13717190682888,11340800,265.1,2.085905793790733,91.92545893276792,0,,,,,,,,,,,,,
,,,,,,,,,,,,,,,,,,,,,,,,,,,,,,,,,,,,4,0.64,4.984800689592958,11340800,277.94,2.890367550493312,126.49022254704116,1,,,,,,,,,,,,,
,,,,,,,,,,,,,,,,,,,,,,,,,,,,,,,,,,,,4,,,11340800,,,,,0.19999999999999996,0,217.8,0,0.84,0.64,6.0,0,0,0.84,0.84,0,0.0
6,0,5.274947643280029,4,3,440,0,1860,11,0.011,1.2807561606168747,1,15037440,1443,3e-05,15,256.22,11340800,,,,,,,,,,,,,,,,,,,,,,,,,,,,,,,,,,,,,,,
6,0,4.9619598388671875,,37,,0,1860,,,1.2807561606168747,2,15042560,274,,,268.71,,0.07666015625,0.40220946073532104,23442,3e-05,0.08,0.00028468476666603236,-0.46527363024652,0.5757824778556824,0.0013586376,0.9652053808385972,,,,,,,,,,,,,,,,,,,,,,,,,,,,,
6,6,5.007577419281006,,76,,6,1866,,,1.4319384855528672,3,15047680,199,,,267.08,,0.0783935546875,0.06641705334186554,23450,3e-05,0.08,-8.618844440206885e-05,-0.4665590118616819,0.7077756524085999,0.0022052298,1.0058243385108654,,,,,,,,,,,,,,,,,,,,,,,,,,,,,
6,0,4.9386305809021,,112,,0,1866,,,1.4319384855528672,4,15052800,182,,,268.67,,0.0945556640625,0.19276633858680725,23458,3e-05,0.08,0.0012677619117312134,-0.46012559328228236,0.5148880481719971,0.001750282,0.7588547525170725,,,,,,,,,,,,,,,,,,,,,,,,,,,,,
6,0,5.0478105545043945,,146,,0,1866,,,1.4319384855528672,5,15057920,175,,,264.6,,0.070703125,0.8598911762237549,23466,3e-05,0.08,0.0006105294785811565,-0.4428763769567013,0.6127535104751587,0.0018734068,0.751395778125152,,,,,,,,,,,,,,,,,,,,,,,,,,,,,
6,0,,,,,,1866,,,1.4319384855528672,,,,,,,,0.0875,0.7007016539573669,23474,3e-05,0.08,0.0010167618922423572,-0.4785046440549195,0.6200706362724304,0.0021847696,0.857377847644966,18.916666666666668,305,0.005912083210750859,0.0013422031739000438,0.5801067352294922,1925,0.4169921875,0.15844155844155844,,,,,,,,,,,,,,,,,,,,,
,,,,,,,,,,,,,,,,,,,,,,,,,,,,,,,,,,,,4,0.87,5.099184994101524,11366400,264.04,2.048419894064016,85.33368854092737,0,,,,,,,,,,,,,
,,,,,,,,,,,,,,,,,,,,,,,,,,,,,,,,,,,,4,0.49,4.007754938006401,11366400,315.67,3.179103361961599,128.9399127500868,1,,,,,,,,,,,,,
,,,,,,,,,,,,,,,,,,,,,,,,,,,,,,,,,,,,4,,,11366400,,,,,0.38,0,217.8,0,0.87,0.49,6.0,0,0,0.87,0.87,0,0.0
6,6,4.886707305908203,4,3,440,6,1872,11,0.011,1.314871850113074,1,15063040,1430,3e-05,15,272.1,11366400,,,,,,,,,,,,,,,,,,,,,,,,,,,,,,,,,,,,,,,
6,0,4.930280685424805,,38,,0,1872,,,1.314871850113074,2,15068160,265,,,269.84,,0.081689453125,0.4322638511657715,23482,3e-05,0.08,0.0004074057680554688,-0.48423670083284376,0.7331093549728394,0.0014388663,0.8209189796296414,,,,,,,,,,,,,,,,,,,,,,,,,,,,,
6,0,4.862453460693359,,73,,0,1872,,,1.314871850113074,3,15073280,207,,,272.88,,0.058544921875,1.3241866827011108,23490,3e-05,0.08,3.398763947188854e-05,-0.47980922404676674,0.6471894979476929,0.0009020809,1.2962778556160628,,,,,,,,,,,,,,,,,,,,,,,,,,,,,
6,0,4.976439952850342,,110,,0,1872,,,1.314871850113074,4,15078400,185,,,268.25,,0.0793701171875,0.09134212136268616,23498,3e-05,0.08,-0.0002391987291048281,-0.4900822533294559,0.569287896156311,0.0011255447,1.3150629449868574,,,,,,,,,,,,,,,,,,,,,,,,,,,,,
6,6,4.950794219970703,,145,,6,1878,,,1.3954478688538074,5,15083520,175,,,270.47,,0.0908203125,0.1691599190235138,23506,3e-05,0.08,0.00022362375020748004,-0.49232428716495635,0.4823286533355713,0.0022486814,0.8286963713006117,,,,,,,,,,,,,,,,,,,,,,,,,,,,,
6,6,,,,,,1878,,,1.3954478688538074,,,,,,,,0.0864501953125,0.21299855411052704,23514,3e-05,0.08,0.0006859503453597426,-0.48812298802658916,0.6472681760787964,0.001101334,0.6992300602258184,18.833333333333332,305,0.005876935852838821,0.001321995624555806,0.5800027847290039,1925,0.4161241319444445,0.15844155844155844,,,,,,,,,,,,,,,,,,,,,
,,,,,,,,,,,,,,,,,,,,,,,,,,,,,,,,,,,,4,0.91,5.224192900657654,11392000,257.46,1.9461254548556737,79.21343572904789,0,,,,,,,,,,,,,
,,,,,,,,,,,,,,,,,,,,,,,,,,,,,,,,,,,,4,0.59,4.558856972306967,11392000,293.39,3.0110268444518433,125.71753219022396,1,,,,,,,,,,,,,
,,,,,,,,,,,,,,,,,,,,,,,,,,,,,,,,,,,,4,,,11392000,,,,,0.32000000000000006,0,217.8,0,0.91,0.59,6.0,0,0,0.91,0.91,0,0.0
6,0,5.2297749519348145,4,3,440,0,1878,11,0.011,1.3954478688538074,1,15088640,1494,3e-05,15,258.85,11392000,,,,,,,,,,,,,,,,,,,,,,,,,,,,,,,,,,,,,,,
6,0,5.048835277557373,,37,,0,1878,,,1.3954478688538074,2,15093760,269,,,266.45,,0.0871337890625,0.05108952522277832,23522,3e-05,0.08,0.0008990938891656697,-0.5038870635442436,0.5094038248062134,0.0019418651,0.8467790300725028,,,,,,,,,,,,,,,,,,,,,,,,,,,,,
6,0,5.076846122741699,,75,,0,1878,,,1.3954478688538074,3,15098880,203,,,265.07,,0.1020751953125,1.0358308553695679,23530,3e-05,0.08,0.0005508736125193536,-0.4970413764938712,0.6680934429168701,0.0023577246,0.8000790246005636,,,,,,,,,,,,,,,,,,,,,,,,,,,,,
6,6,5.224315166473389,,110,,6,1884,,,1.376547522842884,4,15104000,184,,,259.55,,0.098095703125,0.6118578314781189,23538,3e-05,0.08,0.0004038759128889069,-0.4856405726633966,0.5513912439346313,0.0011480253,0.7619231053045951,,,,,,,,,,,,,,,,,,,,,,,,,,,,,
6,0,5.349754810333252,,151,,0,1884,,,1.376547522842884,5,15109120,168,,,251.76,,0.08359375,0.22514791786670685,23546,3e-05,0.08,0.00015825793525436893,-0.486660597845912,0.2841445207595825,0.0013825605,1.2963717179838568,,,,,,,,,,,,,,,,,,,,,,,,,,,,,
6,0,,,,,,1884,,,1.376547522842884,,,,,,,,0.0684326171875,0.28006866574287415,23554,3e-05,0.08,1.6095262253656983e-05,-0.4900877566076815,0.4166039228439331,0.0011074694,1.0847273257386405,18.75,305,0.005898352852243711,0.0013379255181000358,0.5796300768852234,1925,0.41579861111111116,0.15844155844155844,,,,,,,,,,,,,,,,,,,,,
,,,,,,,,,,,,,,,,,,,,,,,,,,,,,,,,,,,,4,0.93,5.414739269092679,11417600,249.77,2.0237124474187116,80.78401512675636,0,,,,,,,,,,,,,
,,,,,,,,,,,,,,,,,,,,,,,,,,,,,,,,,,,,4,0.55,4.482427714467049,11417600,296.1,3.240671858196811,131.97329275273842,1,,,,,,,,,,,,,
,,,,,,,,,,,,,,,,,,,,,,,,,,,,,,,,,,,,4,,,11417600,,,,,0.38,0,217.8,1,0.93,0.55,6.0,0,0,0.93,0.93,0,0.0
6,0,5.409487247467041,4,3,440,0,1884,11,0.011,1.376547522842884,1,15114240,1430,3e-05,15,248.75,11417600,,,,,,,,,,,,,,,,,,,,,,,,,,,,,,,,,,,,,,,
6,0,5.466429233551025,,45,,0,1884,,,1.376547522842884,2,15119360,225,,,246.45,,0.0843505859375,0.416124552488327,23562,3e-05,0.08,0.00014464002451859416,-0.4900868019089103,0.5899100303649902,0.0012184345,0.5961859433562495,,,,,,,,,,,,,,,,,,,,,,,,,,,,,
6,6,5.591641426086426,,82,,6,1890,,,1.4321038809915383,3,15124480,186,,,241.37,,0.0757080078125,0.0003578104078769684,23570,3e-05,0.08,0.00026810913550434634,-0.4873564139008522,0.6025633215904236,0.00093893136,0.9187576101568993,,,,,,,,,,,,,,,,,,,,,,,,,,,,,
6,0,5.530206203460693,,119,,0,1890,,,1.4321038809915383,4,15129600,171,,,244.92,,0.077490234375,1.0280038118362427,23578,3e-05,0.08,1.8614254076965154e-05,-0.47891276264563204,0.6004194617271423,0.0017021585,1.0259391721861904,,,,,,,,,,,,,,,,,,,,,,,,,,,,,
6,0,5.4587812423706055,,156,,0,1890,,,1.4321038809915383,5,15134720,163,,,250.54,,0.07509765625,0.32258105278015137,23586,3e-05,0.08,0.00038024450477678327,-0.4729305459186435,0.6310998201370239,0.0012109041,1.033608027524315,,,,,,,,,,,,,,,,,,,,,,,,,,,,,
6,0,,,,,,1890,,,1.4321038809915383,,,,,,,,0.0718017578125,0.013640303164720535,23594,3e-05,0.08,2.1207262034295126e-05,-0.4717636928893626,0.694210410118103,0.0007116151,0.7729813235113397,18.583333333333332,305,0.0059177548130662175,0.0013545527936981274,0.5792294144630432,1925,0.41460503472222215,0.15844155844155844,,,,,,,,,,,,,,,,,,,,,
,,,,,,,,,,,,,,,,,,,,,,,,,,,,,,,,,,,,4,0.92,5.186903835833073,11443200,258.43,2.019717976693073,79.66068729304311,0,,,,,,,,,,,,,
,,,,,,,,,,,,,,,,,,,,,,,,,,,,,,,,,,,,4,0.58,4.627892334163189,11443200,294.94,2.8931500523904985,125.62768962294896,1,,,,,,,,,,,,,
,,,,,,,,,,,,,,,,,,,,,,,,,,,,,,,,,,,,4,,,11443200,,,,,0.3400000000000001,0,217.8,0,0.92,0.58,6.0,0,0,0.92,0.92,0,0.0
6,0,5.323083400726318,4,3,440,0,1890,11,0.011,1.4321038809915383,1,15139840,1419,3e-05,15,256.19,11443200,,,,,,,,,,,,,,,,,,,,,,,,,,,,,,,,,,,,,,,
6,6,5.34726095199585,,38,,6,1896,,,1.5346045916279156,2,15144960,263,,,254.7,,0.0740478515625,0.28399229049682617,23602,3e-05,0.08,0.0005242579136393033,-0.4908138230443001,0.5735651254653931,0.0008348681,0.6228858431481058,,,,,,,,,,,,,,,,,,,,,,,,,,,,,
6,0,5.239755630493164,,75,,0,1896,,,1.5346045916279156,3,15150080,203,,,258.78,,0.0740234375,0.08070220798254013,23610,3e-05,0.08,0.00017836170736700295,-0.48037930596619843,0.3987352252006531,0.0010065836,0.646354771143524,,,,,,,,,,,,,,,,,,,,,,,,,,,,,
6,0,5.186851978302002,,111,,0,1896,,,1.5346045916279156,4,15155200,183,,,260.86,,0.0623291015625,0.3482646048069,23618,3e-05,0.08,-0.0002055923774605617,-0.4834771942347288,0.2789784073829651,0.00095310283,0.6684517518820939,,,,,,,,,,,,,,,,,,,,,,,,,,,,,
6,0,5.300909519195557,,150,,0,1896,,,1.5346045916279156,5,15160320,170,,,253.31,,0.08154296875,0.2521524429321289,23626,3e-05,0.08,0.0008846768309012987,-0.48470102427527306,0.4466438293457031,0.0011120309,0.6649911080137827,,,,,,,,,,,,,,,,,,,,,,,,,,,,,
6,0,,,,,,1896,,,1.5346045916279156,,,,,,,,0.0803955078125,0.6860162019729614,23634,3e-05,0.08,-0.00039051372441463174,-0.4763566321693361,0.3077777624130249,0.0015880633,1.1109733417339158,18.5,305,0.005910743863320425,0.0013431328438062587,0.5785955190658569,1925,0.41427951388888884,0.15844155844155844,,,,,,,,,,,,,,,,,,,,,
,,,,,,,,,,,,,,,,,,,,,,,,,,,,,,,,,,,,4,0.89,4.985952669978142,11468800,268.46,2.123160047167627,87.30697795709115,0,,,,,,,,,,,,,
,,,,,,,,,,,,,,,,,,,,,,,,,,,,,,,,,,,,4,0.6,4.737276296615601,11468800,292.81,2.723700700396032,122.75102402831514,1,,,,,,,,,,,,,
,,,,,,,,,,,,,,,,,,,,,,,,,,,,,,,,,,,,4,,,11468800,,,,,0.29000000000000004,0,217.8,0,0.89,0.6,6.0,0,0,0.89,0.89,0,0.0
6,6,5.262333393096924,4,3,440,6,1902,11,0.011,1.455471867074569,1,15165440,1404,3e-05,15,255.9,11468800,,,,,,,,,,,,,,,,,,,,,,,,,,,,,,,,,,,,,,,
6,0,5.184326648712158,,35,,0,1902,,,1.455471867074569,2,15170560,289,,,260.86,,0.087109375,0.07363581657409668,23642,3e-05,0.08,0.0008832110237563029,-0.4591915175318718,0.41068923473358154,0.0009656502,0.7484852332854643,,,,,,,,,,,,,,,,,,,,,,,,,,,,,
6,0,5.143685817718506,,69,,0,1902,,,1.455471867074569,3,15175680,222,,,263.61,,0.0607421875,0.02028239704668522,23650,3e-05,0.08,-0.0006048172828741372,-0.4683515064418316,0.4981023669242859,0.0013969563,0.7328365673252847,,,,,,,,,,,,,,,,,,,,,,,,,,,,,
6,0,5.018983840942383,,108,,0,1902,,,1.455471867074569,4,15180800,188,,,268.15,,0.0666259765625,1.1872823238372803,23658,3e-05,0.08,-0.00025264486757805573,-0.4660674849525094,0.3070106506347656,0.0009798509,1.1359970106801485,,,,,,,,,,,,,,,,,,,,,,,,,,,,,
6,6,4.93779182434082,,142,,6,1908,,,1.3253891443212826,5,15185920,179,,,271.66,,0.0626953125,0.28223204612731934,23666,3e-05,0.08,7.351287349592895e-05,-0.5018436666578054,0.16932779550552368,0.0009330056,0.8484290972992312,,,,,,,,,,,,,,,,,,,,,,,,,,,,,
6,6,,,,,,1908,,,1.3253891443212826,,,,,,,,0.0705810546875,0.5655447244644165,23674,3e-05,0.08,-0.0011482877715025097,-0.4949483184143901,0.174735426902771,0.0012405207,0.9715106906485744,18.666666666666668,305,0.005866262038454154,0.00133950413012281,0.5777727961540222,1925,0.41547309027777785,0.15844155844155844,,,,,,,,,,,,,,,,,,,,,
,,,,,,,,,,,,,,,,,,,,,,,,,,,,,,,,,,,,4,0.88,4.740645499005914,11494400,278.0,2.085750036846847,87.13300178462808,0,,,,,,,,,,,,,
,,,,,,,,,,,,,,,,,,,,,,,,,,,,,,,,,,,,4,0.55,4.371139052733779,11494400,303.23,2.99007730480115,125.505366817519,1,,,,,,,,,,,,,
,,,,,,,,,,,,,,,,,,,,,,,,,,,,,,,,,,,,4,,,11494400,,,,,0.32999999999999996,0,217.8,0,0.88,0.55,6.0,0,0,0.88,0.88,0,0.0
6,0,4.685092926025391,4,3,440,0,1908,11,0.011,1.3253891443212826,1,15191040,1444,3e-05,15,284.21,11494400,,,,,,,,,,,,,,,,,,,,,,,,,,,,,,,,,,,,,,,
6,0,4.67710018157959,,40,,0,1908,,,1.3253891443212826,2,15196160,252,,,283.92,,0.0609619140625,0.26075831055641174,23682,3e-05,0.08,-0.0011094317917013541,-0.5004955585114658,0.21699291467666626,0.0007382631,0.8799242451495957,,,,,,,,,,,,,,,,,,,,,,,,,,,,,
6,0,4.665945053100586,,72,,0,1908,,,1.3253891443212826,3,15201280,211,,,282.98,,0.066064453125,0.26201093196868896,23690,3e-05,0.08,0.00011043923295801505,-0.4891560358926654,0.13867247104644775,0.000831704,1.0153780340449885,,,,,,,,,,,,,,,,,,,,,,,,,,,,,
6,6,4.55272912979126,,110,,6,1914,,,1.263429303963979,4,15206400,185,,,287.37,,0.0917724609375,0.3117537796497345,23698,3e-05,0.08,0.00034348135523032397,-0.49803310763090847,-0.013478755950927734,0.0015872291,1.2057623653512564,,,,,,,,,,,,,,,,,,,,,,,,,,,,,
6,0,4.613980293273926,,143,,0,1914,,,1.263429303963979,5,15211520,178,,,286.62,,0.0918701171875,1.0525044202804565,23706,3e-05,0.08,-3.3876276575028896e-05,-0.4955728445202112,-0.11918771266937256,0.0012753654,1.1203158833202906,,,,,,,,,,,,,,,,,,,,,,,,,,,,,
6,0,,,,,,1914,,,1.263429303963979,,,,,,,,0.0739990234375,0.0011106152087450027,23714,3e-05,0.08,8.861907990649342e-05,-0.4818682772107422,0.13455325365066528,0.0009855053,1.0643080932670272,19.0,305,0.005821721718979655,0.0013106911079860703,0.5783935189247131,1925,0.4173177083333333,0.15844155844155844,,,,,,,,,,,,,,,,,,,,,
,,,,,,,,,,,,,,,,,,,,,,,,,,,,,,,,,,,,4,0.85,4.558529667854309,11520000,286.68,2.0507770753716428,87.75954421030228,0,,,,,,,,,,,,,
,,,,,,,,,,,,,,,,,,,,,,,,,,,,,,,,,,,,4,0.55,4.353793584555388,11520000,306.8,2.8411195276694747,123.06672986636153,1,,,,,,,,,,,,,
,,,,,,,,,,,,,,,,,,,,,,,,,,,,,,,,,,,,4,,,11520000,,,,,0.29999999999999993,0,217.8,0,0.85,0.55,6.0,0,0,0.85,0.85,0,0.0
6,0,4.562609672546387,4,3,440,0,1914,11,0.011,1.263429303963979,1,15216640,1439,3e-05,15,286.03,11520000,,,,,,,,,,,,,,,,,,,,,,,,,,,,,,,,,,,,,,,
6,0,4.657191276550293,,38,,0,1914,,,1.263429303963979,2,15221760,265,,,281.45,,0.0797119140625,0.9532939791679382,23722,3e-05,0.08,0.0004839292916585691,-0.5110688547603786,0.24538522958755493,0.0012005767,0.8500249623320997,,,,,,,,,,,,,,,,,,,,,,,,,,,,,
6,6,4.667901039123535,,73,,6,1920,,,1.3470118915041287,3,15226880,208,,,281.86,,0.0858154296875,1.3298945426940918,23730,3e-05,0.08,0.0009487910763709805,-0.5190729545429349,0.3726826310157776,0.001554413,1.0250583924440435,,,,,,,,,,,,,,,,,,,,,,,,,,,,,
6,0,4.792629718780518,,104,,0,1920,,,1.3470118915041287,4,15232000,195,,,276.89,,0.09208984375,0.5692905783653259,23738,3e-05,0.08,0.0006169683794723824,-0.48406597711145877,0.35366612672805786,0.0017708866,0.7000502837938256,,,,,,,,,,,,,,,,,,,,,,,,,,,,,
6,0,4.7739129066467285,,140,,0,1920,,,1.3470118915041287,5,15237120,181,,,278.11,,0.0701171875,0.6249352693557739,23746,3e-05,0.08,-0.0005957225163001567,-0.5107097257860005,0.4905179738998413,0.0009949879,1.022578191338107,,,,,,,,,,,,,,,,,,,,,,,,,,,,,
6,0,,,,,,1920,,,1.3470118915041287,,,,,,,,0.0958740234375,0.11662550270557404,23754,3e-05,0.08,0.00014714979042764753,-0.49977412559092044,0.5089237689971924,0.0014005757,1.0387536737194751,18.833333333333332,305,0.005844332536493236,0.0013173139710820569,0.5779433250427246,1925,0.4166666666666667,0.15844155844155844,,,,,,,,,,,,,,,,,,,,,
,,,,,,,,,,,,,,,,,,,,,,,,,,,,,,,,,,,,4,0.9,5.034717111587525,11545600,266.33,2.0941246590692186,84.58050070790549,0,,,,,,,,,,,,,
,,,,,,,,,,,,,,,,,,,,,,,,,,,,,,,,,,,,4,0.59,4.761285568103194,11545600,288.65,2.999603919478485,128.2160968833477,1,,,,,,,,,,,,,
,,,,,,,,,,,,,,,,,,,,,,,,,,,,,,,,,,,,4,,,11545600,,,,,0.31000000000000005,0,217.8,0,0.9,0.59,6.0,0,0,0.9,0.9,0,0.0
6,0,5.1808648109436035,4,3,440,0,1920,11,0.011,1.3470118915041287,1,15242240,1499,3e-05,15,261.94,11545600,,,,,,,,,,,,,,,,,,,,,,,,,,,,,,,,,,,,,,,
6,6,5.229143142700195,,39,,6,1926,,,1.4061157119770844,2,15247360,261,,,261.6,,0.06328125,0.028117233887314796,23762,3e-05,0.08,0.00012855525274062528,-0.49768634997308253,0.473827600479126,0.0010190278,0.8255696849373635,,,,,,,,,,,,,,,,,,,,,,,,,,,,,
6,0,5.225287437438965,,75,,0,1926,,,1.4061157119770844,3,15252480,204,,,259.52,,0.0723388671875,0.2801426351070404,23770,3e-05,0.08,-2.7243704244028778e-05,-0.4765669803135097,0.30246055126190186,0.0011752676,0.7804533125832677,,,,,,,,,,,,,,,,,,,,,,,,,,,,,
6,0,5.088006496429443,,109,,0,1926,,,1.4061157119770844,4,15257600,187,,,265.96,,0.07705078125,0.6749112606048584,23778,3e-05,0.08,0.00023463076795451343,-0.4714688134379685,0.2562359571456909,0.001322932,1.0261508698808028,,,,,,,,,,,,,,,,,,,,,,,,,,,,,
6,0,5.079641819000244,,144,,0,1926,,,1.4061157119770844,5,15262720,177,,,266.57,,0.0666748046875,0.43912655115127563,23786,3e-05,0.08,0.00016251620545517653,-0.4608909041620791,0.2554333209991455,0.0016401779,0.9479916401323862,,,,,,,,,,,,,,,,,,,,,,,,,,,,,
6,0,,,,,,1926,,,1.4061157119770844,,,,,,,,0.0807373046875,1.0983296632766724,23794,3e-05,0.08,9.006478067021816e-05,-0.4608447923325002,0.27886706590652466,0.0018871516,1.0114624444802758,18.75,305,0.005867237214460603,0.0013136845320170843,0.5779491066932678,1925,0.4163411458333333,0.15844155844155844,,,,,,,,,,,,,,,,,,,,,
,,,,,,,,,,,,,,,,,,,,,,,,,,,,,,,,,,,,4,0.93,5.446389066874981,11571200,249.79,1.8943181384250039,76.80628815403072,0,,,,,,,,,,,,,
,,,,,,,,,,,,,,,,,,,,,,,,,,,,,,,,,,,,4,0.62,4.885941555164754,11571200,285.12,2.7979906024555943,123.31457983547607,1,,,,,,,,,,,,,
,,,,,,,,,,,,,,,,,,,,,,,,,,,,,,,,,,,,4,,,11571200,,,,,0.31000000000000005,0,217.8,1,0.93,0.62,6.0,0,0,0.93,0.93,0,0.0
6,6,5.0619659423828125,4,3,440,6,1932,11,0.011,1.3744619240363438,1,15267840,1506,3e-05,15,265.71,11571200,,,,,,,,,,,,,,,,,,,,,,,,,,,,,,,,,,,,,,,
6,0,5.0666184425354,,39,,0,1932,,,1.3744619240363438,2,15272960,258,,,265.92,,0.0735107421875,0.5466593503952026,23802,3e-05,0.08,0.0005401096364948899,-0.47621816415339707,0.25923603773117065,0.0015296973,0.8302367320953635,,,,,,,,,,,,,,,,,,,,,,,,,,,,,
6,0,5.0132670402526855,,74,,0,1932,,,1.3744619240363438,3,15278080,205,,,267.89,,0.081884765625,0.016239289194345474,23810,3e-05,0.08,0.0007168616764829494,-0.4623051295988262,0.33316218852996826,0.0014923551,0.7459124530665576,,,,,,,,,,,,,,,,,,,,,,,,,,,,,
6,6,5.167426586151123,,111,,6,1938,,,1.429363451898098,4,15283200,183,,,260.57,,0.0638916015625,0.2134673148393631,23818,3e-05,0.08,-0.00016944985836744308,-0.4594420900568366,0.2019951343536377,0.00094115065,1.035495093362988,,,,,,,,,,,,,,,,,,,,,,,,,,,,,
6,0,5.213407039642334,,151,,0,1938,,,1.429363451898098,5,15288320,169,,,258.31,,0.0632568359375,0.01195584423840046,23826,3e-05,0.08,0.0006025273978593759,-0.4529759442433715,0.39926594495773315,0.0014955578,1.141699207626516,,,,,,,,,,,,,,,,,,,,,,,,,,,,,
6,0,,,,,,1938,,,1.429363451898098,,,,,,,,0.089208984375,2.55134654045105,23834,3e-05,0.08,0.0006051167263649404,-0.4604987509548664,0.3958202004432678,0.001816076,0.8188300667417934,18.583333333333332,305,0.005847583717644144,0.0012986130680749549,0.5771654844284058,1925,0.4102647569444445,0.15844155844155844,,,,,,,,,,,,,,,,,,,,,
,,,,,,,,,,,,,,,,,,,,,,,,,,,,,,,,,,,,4,0.92,5.18474169075489,11596800,260.13,1.7461998074544984,73.23123035973109,0,,,,,,,,,,,,,
,,,,,,,,,,,,,,,,,,,,,,,,,,,,,,,,,,,,4,0.61,4.703989307582378,11596800,288.46,2.9154269540175948,123.92791614482994,1,,,,,,,,,,,,,
,,,,,,,,,,,,,,,,,,,,,,,,,,,,,,,,,,,,4,,,11596800,,,,,0.31000000000000005,0,217.8,0,0.92,0.61,6.0,0,0,0.92,0.92,0,0.0
6,0,4.967137336730957,4,3,440,0,1938,11,0.011,1.429363451898098,1,15293440,1455,3e-05,15,269.56,11596800,,,,,,,,,,,,,,,,,,,,,,,,,,,,,,,,,,,,,,,
6,0,5.045574188232422,,38,,0,1938,,,1.429363451898098,2,15298560,264,,,264.23,,0.0702392578125,0.3745906949043274,23842,3e-05,0.08,0.0008552073122700676,-0.47306768540292976,0.23843032121658325,0.0006948523,0.7885224745667074,,,,,,,,,,,,,,,,,,,,,,,,,,,,,
6,6,5.200758457183838,,74,,6,1944,,,1.4292753624419372,3,15303680,205,,,258.42,,0.0658935546875,0.18180015683174133,23850,3e-05,0.08,0.00023066778521751985,-0.4950442041270435,0.3338775634765625,0.0009338336,0.704875298315892,,,,,,,,,,,,,,,,,,,,,,,,,,,,,
6,0,5.040770530700684,,109,,0,1944,,,1.4292753624419372,4,15308800,187,,,263.81,,0.0531005859375,0.3977341651916504,23858,3e-05,0.08,-0.00021350085153244437,-0.4701960334554315,0.4436076283454895,0.0009374671,0.7845765652135015,,,,,,,,,,,,,,,,,,,,,,,,,,,,,
6,0,4.949216365814209,,143,,0,1944,,,1.4292753624419372,5,15313920,178,,,269.33,,0.073095703125,0.03584733232855797,23866,3e-05,0.08,0.00039870099863037467,-0.4967020271345973,0.6130248308181763,0.0010880776,0.6452557689335663,,,,,,,,,,,,,,,,,,,,,,,,,,,,,
6,0,,,,,,1944,,,1.4292753624419372,,,,,,,,0.0877197265625,0.48313334584236145,23874,3e-05,0.08,0.0008936630620155483,-0.48685367135331037,0.628583550453186,0.001516709,0.7891405487374868,18.5,305,0.005827856057027306,0.0012876126810408774,0.5767743587493896,1925,0.40993923611111116,0.15844155844155844,,,,,,,,,,,,,,,,,,,,,
,,,,,,,,,,,,,,,,,,,,,,,,,,,,,,,,,,,,4,0.89,5.317027088403702,11622400,255.87,1.9341831274700885,81.03871358801298,0,,,,,,,,,,,,,
,,,,,,,,,,,,,,,,,,,,,,,,,,,,,,,,,,,,4,0.69,5.119466437734664,11622400,267.59,2.954967401009868,118.71571884127223,1,,,,,,,,,,,,,
,,,,,,,,,,,,,,,,,,,,,,,,,,,,,,,,,,,,4,,,11622400,,,,,0.20000000000000007,0,217.8,0,0.89,0.69,6.0,0,0,0.89,0.89,0,0.0
6,0,4.953129291534424,4,3,440,0,1944,11,0.011,1.4292753624419372,1,15319040,1429,3e-05,15,266.98,11622400,,,,,,,,,,,,,,,,,,,,,,,,,,,,,,,,,,,,,,,
6,6,4.845320701599121,,36,,6,1950,,,1.3579407582680385,2,15324160,281,,,271.96,,0.0698486328125,1.0392718315124512,23882,3e-05,0.08,0.0002654964933753945,-0.4755484235472977,0.5003178119659424,0.0009781722,0.7758424392159213,,,,,,,,,,,,,,,,,,,,,,,,,,,,,
6,0,5.100644111633301,,73,,0,1950,,,1.3579407582680385,3,15329280,209,,,263.01,,0.0930419921875,0.08381718397140503,23890,3e-05,0.08,0.0006946594803594053,-0.5016903916373849,0.5225456953048706,0.0015471258,1.1302032399486053,,,,,,,,,,,,,,,,,,,,,,,,,,,,,
6,0,5.009945869445801,,110,,0,1950,,,1.3579407582680385,4,15334400,185,,,266.18,,0.075048828125,0.12304180860519409,23898,3e-05,0.08,-0.0005099115543998778,-0.5110766308382153,0.41591471433639526,0.0012630972,0.8614671099057887,,,,,,,,,,,,,,,,,,,,,,,,,,,,,
6,0,4.986592769622803,,145,,0,1950,,,1.3579407582680385,5,15339520,176,,,267.16,,0.0735107421875,0.05995872616767883,23906,3e-05,0.08,-0.0007546334221842699,-0.48163305781781673,0.5952681303024292,0.0013347659,0.6683947261830326,,,,,,,,,,,,,,,,,,,,,,,,,,,,,
6,0,,,,,,1950,,,1.3579407582680385,,,,,,,,0.086083984375,0.33490464091300964,23914,3e-05,0.08,0.0013461394206387921,-0.46948916735127566,0.5519386529922485,0.0021757823,0.9049466489988844,18.333333333333332,305,0.005845749483784151,0.0012999794468921333,0.5760159492492676,1925,0.4092881944444445,0.15844155844155844,,,,,,,,,,,,,,,,,,,,,
,,,,,,,,,,,,,,,,,,,,,,,,,,,,,,,,,,,,4,0.89,4.912560196146369,11648000,271.03,2.138416363796419,87.61534739987053,0,,,,,,,,,,,,,
,,,,,,,,,,,,,,,,,,,,,,,,,,,,,,,,,,,,4,0.62,4.769109997674823,11648000,285.56,3.010886701401832,125.60798700719631,1,,,,,,,,,,,,,
,,,,,,,,,,,,,,,,,,,,,,,,,,,,,,,,,,,,4,,,11648000,,,,,0.27,0,217.8,0,0.89,0.62,6.0,0,0,0.89,0.89,0,0.0
6,6,5.06103515625,4,3,440,6,1956,11,0.011,1.44497695316871,1,15344640,1466,3e-05,15,266.32,11648000,,,,,,,,,,,,,,,,,,,,,,,,,,,,,,,,,,,,,,,
6,0,5.188925743103027,,37,,0,1956,,,1.44497695316871,2,15349760,275,,,261.42,,0.059228515625,0.01322980411350727,23922,3e-05,0.08,-4.527670971583575e-05,-0.48948819898068907,0.4449453353881836,0.00082077476,0.7555272516096011,,,,,,,,,,,,,,,,,,,,,,,,,,,,,
6,0,5.221917629241943,,77,,0,1956,,,1.44497695316871,3,15354880,197,,,261.22,,0.0678955078125,0.027820896357297897,23930,3e-05,0.08,-0.00038255886029219254,-0.4828532345592976,0.5004793405532837,0.0010053194,0.929079668270424,,,,,,,,,,,,,,,,,,,,,,,,,,,,,
6,0,5.240489482879639,,112,,0,1956,,,1.44497695316871,4,15360000,181,,,259.86,,0.0595458984375,0.24928708374500275,23938,3e-05,0.08,0.0001109815260861069,-0.4781135993078351,0.374492883682251,0.00087138417,0.665631761320401,,,,,,,,,,,,,,,,,,,,,,,,,,,,,
6,6,5.235805511474609,,151,,6,1962,,,1.448479895790418,5,15365120,168,,,260.62,,0.0769775390625,0.02173824980854988,23946,3e-05,0.08,-0.00022746218310203402,-0.468274662271142,0.40304261445999146,0.0011297992,0.6041196117381332,,,,,,,,,,,,,,,,,,,,,,,,,,,,,
6,6,,,,,,1962,,,1.448479895790418,,,,,,,,0.0742431640625,0.305247038602829,23954,3e-05,0.08,0.000798268531798385,-0.47608079491183164,0.5455164909362793,0.0010748554,0.6714079133234918,18.25,305,0.005848732402374562,0.001298506282791182,0.5756913423538208,1925,0.40842013888888884,0.15844155844155844,,,,,,,,,,,,,,,,,,,,,
,,,,,,,,,,,,,,,,,,,,,,,,,,,,,,,,,,,,4,0.84,4.851864427030087,11673600,275.76,2.0315012814294433,88.91098019929822,0,,,,,,,,,,,,,
,,,,,,,,,,,,,,,,,,,,,,,,,,,,,,,,,,,,4,0.62,4.830428444296121,11673600,284.78,2.9106715999080395,124.01311059722677,1,,,,,,,,,,,,,
,,,,,,,,,,,,,,,,,,,,,,,,,,,,,,,,,,,,4,,,11673600,,,,,0.21999999999999997,0,217.8,0,0.84,0.62,6.0,0,0,0.84,0.84,0,0.0
6,0,5.4109039306640625,4,3,440,0,1962,11,0.011,1.448479895790418,1,15370240,1502,3e-05,15,251.98,11673600,,,,,,,,,,,,,,,,,,,,,,,,,,,,,,,,,,,,,,,
6,0,5.226619720458984,,38,,0,1962,,,1.448479895790418,2,15375360,263,,,259.97,,0.0908935546875,0.3679178059101105,23962,3e-05,0.08,-0.0002763763361144811,-0.47827307488769294,0.5070761442184448,0.001155075,0.7248873351461953,,,,,,,,,,,,,,,,,,,,,,,,,,,,,
6,0,5.0354905128479,,68,,0,1962,,,1.448479895790418,3,15380480,223,,,267.7,,0.0653076171875,0.3961065709590912,23970,3e-05,0.08,-0.0006046800641342998,-0.46412442456930875,0.6115913391113281,0.0010583979,0.6365686175238807,,,,,,,,,,,,,,,,,,,,,,,,,,,,,
6,6,4.955422401428223,,110,,6,1968,,,1.4862805133064587,4,15385600,185,,,270.87,,0.057080078125,0.3345503807067871,23978,3e-05,0.08,-0.00033565707126399503,-0.4763605592772365,0.5825043320655823,0.0012653852,0.9124443768232595,,,,,,,,,,,,,,,,,,,,,,,,,,,,,
6,0,5.131990909576416,,141,,0,1968,,,1.4862805133064587,5,15390720,180,,,263.87,,0.09453125,0.2839442491531372,23986,3e-05,0.08,0.0011754832841688768,-0.47377381203696134,0.5819726586341858,0.0012687838,0.8579297051444883,,,,,,,,,,,,,,,,,,,,,,,,,,,,,
6,0,,,,,,1968,,,1.4862805133064587,,,,,,,,0.0937255859375,3.1406261920928955,23994,3e-05,0.08,4.7355509013868866e-05,-0.4981975252740085,0.6163328886032104,0.0020260678,1.2235861299093813,18.166666666666668,305,0.005833549629422958,0.0013058951947148587,0.5746161341667175,1925,0.4080946180555555,0.15844155844155844,,,,,,,,,,,,,,,,,,,,,
,,,,,,,,,,,,,,,,,,,,,,,,,,,,,,,,,,,,4,0.87,5.092473480701447,11699200,265.77,1.986616964643086,86.43411999899115,0,,,,,,,,,,,,,
,,,,,,,,,,,,,,,,,,,,,,,,,,,,,,,,,,,,4,0.62,4.942562939375639,11699200,282.0,2.872953255702831,126.57385196003162,1,,,,,,,,,,,,,
,,,,,,,,,,,,,,,,,,,,,,,,,,,,,,,,,,,,4,,,11699200,,,,,0.25,0,217.8,0,0.87,0.62,6.0,0,0,0.87,0.87,0,0.0
6,0,5.003081321716309,4,3,440,0,1968,11,0.011,1.4862805133064587,1,15395840,1452,3e-05,15,268.64,11699200,,,,,,,,,,,,,,,,,,,,,,,,,,,,,,,,,,,,,,,
6,0,5.053653717041016,,37,,0,1968,,,1.4862805133064587,2,15400960,271,,,265.89,,0.0857666015625,0.4276021122932434,24002,3e-05,0.08,0.0010164056657231413,-0.4735831029713154,0.6571584343910217,0.0012836226,0.9093922429019585,,,,,,,,,,,,,,,,,,,,,,,,,,,,,
6,6,5.052838325500488,,70,,6,1974,,,1.333567053079605,3,15406080,218,,,266.5,,0.0678466796875,0.4703506529331207,24010,3e-05,0.08,0.000669122749241069,-0.4883884062990546,0.6257963180541992,0.0010569377,0.8760835753113497,,,,,,,,,,,,,,,,,,,,,,,,,,,,,
6,0,5.159927845001221,,106,,0,1974,,,1.333567053079605,4,15411200,191,,,262.18,,0.0769287109375,0.07089453935623169,24018,3e-05,0.08,-0.0003625129233114421,-0.5018933639861644,0.5388717651367188,0.0014574863,1.1600757851527306,,,,,,,,,,,,,,,,,,,,,,,,,,,,,
6,0,5.004913806915283,,145,,0,1974,,,1.333567053079605,5,15416320,176,,,267.19,,0.0881591796875,0.39885663986206055,24026,3e-05,0.08,0.0006107467648689635,-0.5226142823696136,0.23877441883087158,0.0014356859,1.0075486927002202,,,,,,,,,,,,,,,,,,,,,,,,,,,,,
6,0,,,,,,1974,,,1.333567053079605,,,,,,,,0.0850830078125,0.10754072666168213,24034,3e-05,0.08,0.00042159457952948285,-0.5135424396954477,0.45048046112060547,0.0011828544,0.8792216713249218,18.166666666666668,305,0.005802563832264871,0.001283962132666817,0.5725777745246887,1925,0.4080946180555555,0.15844155844155844,,,,,,,,,,,,,,,,,,,,,
,,,,,,,,,,,,,,,,,,,,,,,,,,,,,,,,,,,,4,0.88,4.914391986131668,11724800,270.89,2.0978113239008,87.67358724268104,0,,,,,,,,,,,,,
,,,,,,,,,,,,,,,,,,,,,,,,,,,,,,,,,,,,4,0.62,4.794083842895925,11724800,285.29,2.9683941435515844,125.0128229422886,1,,,,,,,,,,,,,
,,,,,,,,,,,,,,,,,,,,,,,,,,,,,,,,,,,,4,,,11724800,,,,,0.26,0,217.8,0,0.88,0.62,6.0,0,0,0.88,0.88,0,0.0
6,0,5.05549955368042,4,3,440,0,1974,11,0.011,1.333567053079605,1,15421440,1491,3e-05,15,263.92,11724800,,,,,,,,,,,,,,,,,,,,,,,,,,,,,,,,,,,,,,,
6,6,5.149882793426514,,39,,6,1980,,,1.3678823622564475,2,15426560,261,,,260.99,,0.081689453125,0.10757732391357422,24042,3e-05,0.08,-0.0004954045318299905,-0.49609617618843915,0.4087316393852234,0.0017000005,1.0159180578688392,,,,,,,,,,,,,,,,,,,,,,,,,,,,,
6,0,5.228482246398926,,74,,0,1980,,,1.3678823622564475,3,15431680,205,,,257.72,,0.0843505859375,0.18136703968048096,24050,3e-05,0.08,0.0004898845552816055,-0.478046359308064,0.6048443913459778,0.0014773305,0.7959106222377159,,,,,,,,,,,,,,,,,,,,,,,,,,,,,
6,0,5.1437153816223145,,108,,0,1980,,,1.3678823622564475,4,15436800,188,,,262.21,,0.0700927734375,0.7252474427223206,24058,3e-05,0.08,0.00036582845204975457,-0.46040156316012143,0.5491617918014526,0.0008790941,0.7650317651132355,,,,,,,,,,,,,,,,,,,,,,,,,,,,,
6,0,5.098155975341797,,146,,0,1980,,,1.3678823622564475,5,15441920,174,,,264.98,,0.0871826171875,0.16000483930110931,24066,3e-05,0.08,-0.00020639694994315506,-0.4717777422629297,0.5702054500579834,0.0019847394,1.0236880730313715,,,,,,,,,,,,,,,,,,,,,,,,,,,,,
6,0,,,,,,1980,,,1.3678823622564475,,,,,,,,0.0684814453125,0.19555528461933136,24074,3e-05,0.08,-0.000321045056625735,-0.46781534031033517,0.6619721055030823,0.00094550475,0.8283045852993383,18.0,305,0.00586647736299768,0.0013159102800913485,0.5718635320663452,1925,0.4069010416666667,0.15844155844155844,,,,,,,,,,,,,,,,,,,,,
,,,,,,,,,,,,,,,,,,,,,,,,,,,,,,,,,,,,4,0.93,5.348258680403233,11750400,252.51,1.8165806826171342,73.72767390878408,0,,,,,,,,,,,,,
,,,,,,,,,,,,,,,,,,,,,,,,,,,,,,,,,,,,4,0.5,4.127826524376869,11750400,319.16,2.7736208125531787,124.4264216314204,1,,,,,,,,,,,,,
,,,,,,,,,,,,,,,,,,,,,,,,,,,,,,,,,,,,4,,,11750400,,,,,0.43000000000000005,0,217.8,1,0.93,0.5,6.0,0,0,0.93,0.93,0,0.0
6,6,4.984630584716797,4,3,440,6,1986,11,0.011,1.3410880714654922,1,15447040,1436,3e-05,15,269.26,11750400,,,,,,,,,,,,,,,,,,,,,,,,,,,,,,,,,,,,,,,
6,0,5.065080642700195,,35,,0,1986,,,1.3410880714654922,2,15452160,289,,,265.86,,0.0776611328125,0.3565354645252228,24082,3e-05,0.08,0.000946114439284429,-0.4457145481370389,0.6274844408035278,0.0009882299,0.7924813278310466,,,,,,,,,,,,,,,,,,,,,,,,,,,,,
6,0,5.004677772521973,,72,,0,1986,,,1.3410880714654922,3,15457280,211,,,267.99,,0.0873779296875,0.00468710670247674,24090,3e-05,0.08,0.0008650318981381133,-0.4814155134372413,0.30947721004486084,0.0018961139,1.5063893439655658,,,,,,,,,,,,,,,,,,,,,,,,,,,,,
6,0,5.073811054229736,,107,,0,1986,,,1.3410880714654922,4,15462400,191,,,262.91,,0.0817138671875,0.9344907402992249,24098,3e-05,0.08,-0.00018388869502814487,-0.4688715560361743,0.33981257677078247,0.00085398817,1.1093863622867501,,,,,,,,,,,,,,,,,,,,,,,,,,,,,
6,6,5.02547550201416,,146,,6,1992,,,1.3074917271733284,5,15467520,175,,,263.91,,0.082080078125,0.9490537047386169,24106,3e-05,0.08,-0.00011355771857779473,-0.46453476035967467,0.049530625343322754,0.0011159031,1.097864029952325,,,,,,,,,,,,,,,,,,,,,,,,,,,,,
6,6,,,,,,1992,,,1.3074917271733284,,,,,,,,0.0703857421875,0.31455132365226746,24114,3e-05,0.08,-0.0007398400572128594,-0.47525411043316124,0.028103351593017578,0.001309912,0.76612441719044,18.166666666666668,305,0.005857915642760895,0.0013729565646276528,0.5718276500701904,1925,0.4080946180555555,0.15844155844155844,,,,,,,,,,,,,,,,,,,,,
,,,,,,,,,,,,,,,,,,,,,,,,,,,,,,,,,,,,4,0.94,5.352941049784422,11776000,251.58,1.8777102378681556,74.1116967826267,0,,,,,,,,,,,,,
,,,,,,,,,,,,,,,,,,,,,,,,,,,,,,,,,,,,4,0.69,5.3734803232550625,11776000,261.19,2.8533168854881934,123.13079996491537,1,,,,,,,,,,,,,
,,,,,,,,,,,,,,,,,,,,,,,,,,,,,,,,,,,,4,,,11776000,,,,,0.25,0,217.8,1,0.94,0.69,6.0,0,0,0.94,0.94,0,0.0
6,0,5.165095329284668,4,3,440,0,1992,11,0.011,1.3074917271733284,1,15472640,1517,3e-05,15,258.19,11776000,,,,,,,,,,,,,,,,,,,,,,,,,,,,,,,,,,,,,,,
6,0,5.331022262573242,,39,,0,1992,,,1.3074917271733284,2,15477760,262,,,250.67,,0.0774169921875,0.6288508176803589,24122,3e-05,0.08,-0.00035546815925044937,-0.4662298345007002,-0.008417725563049316,0.002272394,0.7938848767633317,,,,,,,,,,,,,,,,,,,,,,,,,,,,,
6,0,5.344571113586426,,76,,0,1992,,,1.3074917271733284,3,15482880,201,,,250.07,,0.087548828125,0.508349597454071,24130,3e-05,0.08,0.0008260403934400529,-0.462368902657181,0.05491447448730469,0.0011617786,1.1292509244754911,,,,,,,,,,,,,,,,,,,,,,,,,,,,,
6,6,5.315911293029785,,111,,6,1998,,,1.369511492550373,4,15488000,183,,,252.35,,0.08447265625,0.12836670875549316,24138,3e-05,0.08,-0.0007116067994502373,-0.4855997976846993,0.1331692934036255,0.0015875257,0.8896514689084143,,,,,,,,,,,,,,,,,,,,,,,,,,,,,
6,0,5.461215972900391,,148,,0,1998,,,1.369511492550373,5,15493120,172,,,248.29,,0.0636962890625,0.2943263351917267,24146,3e-05,0.08,-0.0003899409290170297,-0.4759592870250344,0.17834597826004028,0.0011386203,1.0029190480214312,,,,,,,,,,,,,,,,,,,,,,,,,,,,,
6,0,,,,,,1998,,,1.369511492550373,,,,,,,,0.062744140625,0.4151890277862549,24154,3e-05,0.08,-0.0005587582723819651,-0.4815494203008711,0.19849389791488647,0.0010333874,0.7285714428231586,18.333333333333332,305,0.005840763908697673,0.0013560887302858403,0.5706139206886292,1925,0.4092881944444445,0.15844155844155844,,,,,,,,,,,,,,,,,,,,,
,,,,,,,,,,,,,,,,,,,,,,,,,,,,,,,,,,,,4,0.92,5.254284195825457,11801600,255.99,1.9457964723198293,77.78708054683631,0,,,,,,,,,,,,,
,,,,,,,,,,,,,,,,,,,,,,,,,,,,,,,,,,,,4,0.63,4.881372921913862,11801600,283.12,2.9022129953555615,124.55306339066897,1,,,,,,,,,,,,,
,,,,,,,,,,,,,,,,,,,,,,,,,,,,,,,,,,,,4,,,11801600,,,,,0.29000000000000004,0,217.8,0,0.92,0.63,6.0,0,0,0.92,0.92,0,0.0
6,0,5.430581569671631,4,3,440,0,1998,11,0.011,1.369511492550373,1,15498240,1487,3e-05,15,252.18,11801600,,,,,,,,,,,,,,,,,,,,,,,,,,,,,,,,,,,,,,,
6,6,5.080793380737305,,36,,6,2004,,,1.3795189323524635,2,15503360,277,,,266.2,,0.08271484375,0.6542453169822693,24162,3e-05,0.08,0.0005721897061448545,-0.4510361997410655,0.10921931266784668,0.0017244829,0.6918977403955069,,,,,,,,,,,,,,,,,,,,,,,,,,,,,
6,0,5.081317901611328,,74,,0,2004,,,1.3795189323524635,3,15508480,206,,,265.5,,0.0896484375,3.4216432571411133,24170,3e-05,0.08,0.000743282845360227,-0.4648633054457605,0.1457616686820984,0.0012309719,1.209756994090276,,,,,,,,,,,,,,,,,,,,,,,,,,,,,
6,0,5.126253604888916,,110,,0,2004,,,1.3795189323524635,4,15513600,186,,,264.41,,0.068896484375,0.27929458022117615,24178,3e-05,0.08,-0.0001352057937765494,-0.48855868661776186,0.3227851390838623,0.001071003,1.0819563771190588,,,,,,,,,,,,,,,,,,,,,,,,,,,,,
6,0,4.863613128662109,,143,,0,2004,,,1.3795189323524635,5,15518720,177,,,274.63,,0.090087890625,0.10162010043859482,24186,3e-05,0.08,0.00029975916404509915,-0.4988857959397137,0.5184192657470703,0.0010838946,0.9099009387020487,,,,,,,,,,,,,,,,,,,,,,,,,,,,,
6,0,,,,,,2004,,,1.3795189323524635,,,,,,,,0.097900390625,0.11585920304059982,24194,3e-05,0.08,0.0004426349813002162,-0.47623817548155783,0.35734111070632935,0.0015860593,1.1985355821554549,18.5,305,0.005823381108692308,0.0013384868091995685,0.5699052214622498,1925,0.4104817708333333,0.15844155844155844,,,,,,,,,,,,,,,,,,,,,
,,,,,,,,,,,,,,,,,,,,,,,,,,,,,,,,,,,,4,0.93,5.356088829636573,11827200,252.45,1.973035067024876,78.94572502675493,0,,,,,,,,,,,,,
,,,,,,,,,,,,,,,,,,,,,,,,,,,,,,,,,,,,4,0.62,4.82706640124321,11827200,286.38,2.8228423843223283,122.61784372594391,1,,,,,,,,,,,,,
,,,,,,,,,,,,,,,,,,,,,,,,,,,,,,,,,,,,4,,,11827200,,,,,0.31000000000000005,0,217.8,1,0.93,0.62,6.0,0,0,0.93,0.93,0,0.0
6,6,4.910776138305664,4,3,440,6,2010,11,0.011,1.305515347669522,1,15523840,1492,3e-05,15,271.35,11827200,,,,,,,,,,,,,,,,,,,,,,,,,,,,,,,,,,,,,,,
6,0,4.970790863037109,,38,,0,2010,,,1.305515347669522,2,15528960,263,,,268.36,,0.087744140625,1.0886329412460327,24202,3e-05,0.08,0.0006099930673372,-0.4827118184417486,0.3982827067375183,0.0022178374,1.217023406928638,,,,,,,,,,,,,,,,,,,,,,,,,,,,,
6,0,5.069483757019043,,74,,0,2010,,,1.305515347669522,3,15534080,205,,,265.81,,0.0858642578125,0.01904917322099209,24210,3e-05,0.08,0.0012943984795128927,-0.48403625208884477,0.2630860209465027,0.0019884142,1.119674797548214,,,,,,,,,,,,,,,,,,,,,,,,,,,,,
6,0,5.013927459716797,,108,,0,2010,,,1.305515347669522,4,15539200,188,,,268.76,,0.098291015625,0.18105871975421906,24218,3e-05,0.08,0.0008600748667959123,-0.47714740480296314,0.32808083295822144,0.002203871,0.8854919354431331,,,,,,,,,,,,,,,,,,,,,,,,,,,,,
6,6,5.113047122955322,,144,,6,2016,,,1.3437824336191018,5,15544320,177,,,263.8,,0.061328125,0.2346533089876175,24226,3e-05,0.08,5.5667338892817496e-05,-0.4774663941934705,0.4294913411140442,0.0009226369,0.8742235752637498,,,,,,,,,,,,,,,,,,,,,,,,,,,,,
6,6,,,,,,2016,,,1.3437824336191018,,,,,,,,0.0878662109375,0.7948834896087646,24234,3e-05,0.08,0.000907666927378159,-0.4756280972622335,0.1921977400779724,0.0015830274,1.0274043099561823,18.416666666666668,305,0.005830274812056604,0.0013277182409934755,0.56995689868927,1925,0.41015625,0.15844155844155844,,,,,,,,,,,,,,,,,,,,,
,,,,,,,,,,,,,,,,,,,,,,,,,,,,,,,,,,,,4,0.88,5.025913100913167,11852800,265.41,2.251620314590399,90.36759319579116,0,,,,,,,,,,,,,
,,,,,,,,,,,,,,,,,,,,,,,,,,,,,,,,,,,,4,0.48,3.8898484042845665,11852800,319.07,3.3823241034519875,128.38631196510008,1,,,,,,,,,,,,,
,,,,,,,,,,,,,,,,,,,,,,,,,,,,,,,,,,,,4,,,11852800,,,,,0.4,0,217.8,0,0.88,0.48,6.0,0,0,0.88,0.88,0,0.0
6,0,5.078001976013184,4,3,440,0,2016,11,0.011,1.3437824336191018,1,15549440,1484,3e-05,15,263.52,11852800,,,,,,,,,,,,,,,,,,,,,,,,,,,,,,,,,,,,,,,
6,0,5.069989204406738,,36,,0,2016,,,1.3437824336191018,2,15554560,280,,,264.4,,0.0702880859375,0.9467509388923645,24242,3e-05,0.08,-8.887853182386607e-05,-0.4646553836762905,0.11591601371765137,0.0013278814,1.2640638302080334,,,,,,,,,,,,,,,,,,,,,,,,,,,,,
6,0,4.911415100097656,,70,,0,2016,,,1.3437824336191018,3,15559680,218,,,271.81,,0.08408203125,0.028210513293743134,24250,3e-05,0.08,-0.00016274378285743296,-0.4611931306309998,0.12965255975723267,0.0015508926,1.3171553673921153,,,,,,,,,,,,,,,,,,,,,,,,,,,,,
6,6,4.786966800689697,,103,,6,2022,,,1.2421517732242744,4,15564800,198,,,277.53,,0.055712890625,0.20366153120994568,24258,3e-05,0.08,-0.0007721743240836076,-0.4937838937155902,0.20362848043441772,0.0011414391,1.0316371427790727,,,,,,,,,,,,,,,,,,,,,,,,,,,,,
6,0,4.754735946655273,,135,,0,2022,,,1.2421517732242744,5,15569920,188,,,279.48,,0.0583984375,0.6083714365959167,24266,3e-05,0.08,-0.00015778531233081594,-0.4517306164838374,0.11777609586715698,0.0007720359,1.1717010183056118,,,,,,,,,,,,,,,,,,,,,,,,,,,,,
6,0,,,,,,2022,,,1.2421517732242744,,,,,,,,0.0728515625,0.006927897222340107,24274,3e-05,0.08,-0.00011973958753515035,-0.4716206414625049,0.032351553440093994,0.0012073081,1.0054298716131598,18.75,305,0.005819222088064378,0.001341071367983393,0.5687670111656189,1925,0.4168836805555555,0.15844155844155844,,,,,,,,,,,,,,,,,,,,,
,,,,,,,,,,,,,,,,,,,,,,,,,,,,,,,,,,,,4,0.82,5.022627150416374,11878400,272.23,2.049673665383905,92.74199210713559,0,,,,,,,,,,,,,
,,,,,,,,,,,,,,,,,,,,,,,,,,,,,,,,,,,,4,0.49,4.104726407527924,11878400,317.99,2.911801643612531,126.61243975218233,1,,,,,,,,,,,,,
,,,,,,,,,,,,,,,,,,,,,,,,,,,,,,,,,,,,4,,,11878400,,,,,0.32999999999999996,0,217.8,0,0.82,0.49,6.0,0,0,0.82,0.82,0,0.0
6,0,4.775179862976074,4,3,440,0,2022,11,0.011,1.2421517732242744,1,15575040,1463,3e-05,15,279.69,11878400,,,,,,,,,,,,,,,,,,,,,,,,,,,,,,,,,,,,,,,
6,0,4.793763637542725,,37,,0,2022,,,1.2421517732242744,2,15580160,274,,,279.65,,0.0722412109375,1.3795902729034424,24282,3e-05,0.08,-0.000485295569524169,-0.4681311156600714,0.019862592220306396,0.0010401197,0.901341552278609,,,,,,,,,,,,,,,,,,,,,,,,,,,,,
6,6,4.819929122924805,,72,,6,2028,,,1.2767283928891022,3,15585280,211,,,279.34,,0.0921142578125,0.4164799153804779,24290,3e-05,0.08,0.00037415253464132545,-0.47119804508984087,0.06370073556900024,0.00193443,1.0598050048109144,,,,,,,,,,,,,,,,,,,,,,,,,,,,,
6,0,4.683924674987793,,106,,0,2028,,,1.2767283928891022,4,15590400,192,,,282.75,,0.0974853515625,0.5518178343772888,24298,3e-05,0.08,0.0004954015166731551,-0.479644669033587,0.15151101350784302,0.0015476003,0.999022313777823,,,,,,,,,,,,,,,,,,,,,,,,,,,,,
6,0,4.7543206214904785,,141,,0,2028,,,1.2767283928891022,5,15595520,181,,,279.3,,0.09638671875,0.06023702770471573,24306,3e-05,0.08,0.0009256348566850647,-0.47034779340028765,0.15502381324768066,0.0019774884,0.842838097580534,,,,,,,,,,,,,,,,,,,,,,,,,,,,,
6,0,,,,,,2028,,,1.2767283928891022,,,,,,,,0.0865966796875,0.011861891485750675,24314,3e-05,0.08,0.001729136347421445,-0.4749147351831198,0.20979315042495728,0.0015936382,0.989799651078647,18.666666666666668,305,0.005788268230713312,0.001305520206840822,0.5687900185585022,1925,0.41167534722222215,0.15844155844155844,,,,,,,,,,,,,,,,,,,,,
,,,,,,,,,,,,,,,,,,,,,,,,,,,,,,,,,,,,4,0.87,4.971609874740243,11904000,270.67,1.9701674606283448,84.69345370216048,0,,,,,,,,,,,,,
,,,,,,,,,,,,,,,,,,,,,,,,,,,,,,,,,,,,4,0.52,4.117879300992936,11904000,319.02,2.6334418138999975,119.66452941452617,1,,,,,,,,,,,,,
,,,,,,,,,,,,,,,,,,,,,,,,,,,,,,,,,,,,4,,,11904000,,,,,0.35,0,217.8,0,0.87,0.52,6.0,0,0,0.87,0.87,0,0.0
6,0,4.767651081085205,4,3,440,0,2028,11,0.011,1.2767283928891022,1,15600640,1446,3e-05,15,279.1,11904000,,,,,,,,,,,,,,,,,,,,,,,,,,,,,,,,,,,,,,,
6,6,4.735745429992676,,35,,6,2034,,,1.3234445278843243,2,15605760,287,,,280.01,,0.068896484375,1.0234980583190918,24322,3e-05,0.08,0.00013969264400657267,-0.46923278700560334,0.22351157665252686,0.0013117639,0.710173665455659,,,,,,,,,,,,,,,,,,,,,,,,,,,,,
6,0,4.853638172149658,,47,,0,2034,,,1.3234445278843243,3,15610880,324,,,275.68,,0.049360795454545456,1.103840708732605,24325,3e-05,0.08,0.0010499629001556473,-0.47615771198814566,0.2398364543914795,0.0053338762,0.8151910144264217,,,,,,,,,,,,,,,,,,,,,,,,,,,,,
6,0,5.097923278808594,,85,,0,2034,,,1.3234445278843243,4,15616000,238,,,267.22,,0.0888427734375,0.8054489493370056,24333,3e-05,0.08,0.0004521908762399107,-0.48066349774599076,0.3344729542732239,0.0017703598,0.8456349299405701,,,,,,,,,,,,,,,,,,,,,,,,,,,,,
6,0,5.182741165161133,,120,,0,2034,,,1.3234445278843243,5,15621120,211,,,262.81,,0.069580078125,0.26335883140563965,24341,3e-05,0.08,0.00033874475047923625,-0.45431535709649323,0.3491212725639343,0.0011866948,0.9339871375152142,,,,,,,,,,,,,,,,,,,,,,,,,,,,,
6,0,,,,,,2034,,,1.3234445278843243,,,,,,,,0.0877197265625,1.723352074623108,24349,3e-05,0.08,0.0008888517171726562,-0.467483813688159,0.3920881748199463,0.0022241373,0.8636504691443406,18.583333333333332,305,0.0058164610293777235,0.0013182443149698645,0.567241370677948,1925,0.41134982638888884,0.15844155844155844,,,,,,,,,,,,,,,,,,,,,
,,,,,,,,,,,,,,,,,,,,,,,,,,,,,,,,,,,,4,0.85,5.090637378096581,11929600,267.94,1.9899280306957405,89.16779912053453,0,,,,,,,,,,,,,
,,,,,,,,,,,,,,,,,,,,,,,,,,,,,,,,,,,,4,0.51,4.129635793566703,11929600,316.04,2.8293402440461524,123.4463381392903,1,,,,,,,,,,,,,
,,,,,,,,,,,,,,,,,,,,,,,,,,,,,,,,,,,,4,,,11929600,,,,,0.33999999999999997,0,217.8,0,0.85,0.51,6.0,0,0,0.85,0.85,0,0.0
6,6,5.181964874267578,4,3,440,6,2040,11,0.011,1.3455441271265347,1,15626240,1478,3e-05,15,261.5,11929600,,,,,,,,,,,,,,,,,,,,,,,,,,,,,,,,,,,,,,,
6,0,5.340565204620361,,38,,0,2040,,,1.3455441271265347,2,15631360,265,,,256.18,,0.0762939453125,0.7399112582206726,24357,3e-05,0.08,0.00042421283724252133,-0.4674433324486017,0.2348971962928772,0.0014631514,1.2379371028160677,,,,,,,,,,,,,,,,,,,,,,,,,,,,,
6,0,5.178172588348389,,73,,0,2040,,,1.3455441271265347,3,15636480,209,,,261.89,,0.073876953125,0.7288187146186829,24365,3e-05,0.08,9.468144562561066e-05,-0.4994111604988575,0.29966843128204346,0.0015946769,0.919300485716667,,,,,,,,,,,,,,,,,,,,,,,,,,,,,
6,0,5.177034854888916,,107,,0,2040,,,1.3455441271265347,4,15641600,189,,,261.18,,0.0745361328125,0.18480266630649567,24373,3e-05,0.08,0.00019093998853350058,-0.4750353365205228,0.3183555006980896,0.001059422,1.0560874033428262,,,,,,,,,,,,,,,,,,,,,,,,,,,,,
6,6,5.055968761444092,,141,,6,2046,,,1.4213464508454006,5,15646720,181,,,266.64,,0.0918701171875,0.09303758293390274,24381,3e-05,0.08,0.0007055683257931378,-0.4692003750242293,0.3388354182243347,0.0010684967,0.804752233083127,,,,,,,,,,,,,,,,,,,,,,,,,,,,,
6,6,,,,,,2046,,,1.4213464508454006,,,,,,,,0.0865966796875,0.6427584290504456,24389,3e-05,0.08,-8.239408198278398e-05,-0.48416709145531056,0.37301915884017944,0.0012295132,0.9788546708296053,18.5,305,0.005807066709524309,0.0012935143510650507,0.5677754282951355,1925,0.4110243055555555,0.15844155844155844,,,,,,,,,,,,,,,,,,,,,
,,,,,,,,,,,,,,,,,,,,,,,,,,,,,,,,,,,,4,0.98,5.635010520070791,11955200,239.73,1.6873397788336442,63.04281957526963,0,,,,,,,,,,,,,
,,,,,,,,,,,,,,,,,,,,,,,,,,,,,,,,,,,,4,0.58,4.5305460780859,11955200,295.09,3.0278604065487134,125.15175548109583,1,,,,,,,,,,,,,
,,,,,,,,,,,,,,,,,,,,,,,,,,,,,,,,,,,,4,,,11955200,,,,,0.4,0,217.8,1,0.98,0.58,6.0,0,0,0.98,0.98,0,0.0
6,0,5.242106914520264,4,3,440,0,2046,11,0.011,1.4213464508454006,1,15651840,1461,3e-05,15,260.35,11955200,,,,,,,,,,,,,,,,,,,,,,,,,,,,,,,,,,,,,,,
6,0,4.9676971435546875,,39,,0,2046,,,1.4213464508454006,2,15656960,260,,,269.54,,0.100390625,0.09221147000789642,24397,3e-05,0.08,3.488835354801267e-05,-0.5062250102870166,0.42014092206954956,0.0017143466,0.9244211205397732,,,,,,,,,,,,,,,,,,,,,,,,,,,,,
6,0,4.981107711791992,,73,,0,2046,,,1.4213464508454006,3,15662080,208,,,269.49,,0.0798828125,1.120803952217102,24405,3e-05,0.08,0.00027340419037500394,-0.5000655371695757,0.4525071382522583,0.00125956,1.0298314118059353,,,,,,,,,,,,,,,,,,,,,,,,,,,,,
6,6,5.002540111541748,,111,,6,2052,,,1.3708301472167175,4,15667200,184,,,269.34,,0.0597900390625,1.687706708908081,24413,3e-05,0.08,0.00027352242323104293,-0.4836652621626854,0.48935818672180176,0.0011761615,1.3478725010121706,,,,,,,,,,,,,,,,,,,,,,,,,,,,,
6,0,5.053297519683838,,145,,0,2052,,,1.3708301472167175,5,15672320,176,,,265.84,,0.0773193359375,0.770442545413971,24421,3e-05,0.08,-0.0006092302384786308,-0.49635271858423946,0.5527790784835815,0.0012651918,0.9423463203696884,,,,,,,,,,,,,,,,,,,,,,,,,,,,,
6,0,,,,,,2052,,,1.3708301472167175,,,,,,,,0.0644775390625,0.6849535703659058,24429,3e-05,0.08,-0.0005087119978270493,-0.4974000542424619,0.5362826585769653,0.0012308003,0.8531594069034327,18.333333333333332,305,0.005804977927938674,0.001299119181991253,0.5684170126914978,1925,0.41037326388888884,0.15844155844155844,,,,,,,,,,,,,,,,,,,,,
,,,,,,,,,,,,,,,,,,,,,,,,,,,,,,,,,,,,4,0.89,4.8595536933839325,11980800,272.85,2.1552061407672345,87.55516832260673,0,,,,,,,,,,,,,
,,,,,,,,,,,,,,,,,,,,,,,,,,,,,,,,,,,,4,0.52,4.3431071032583715,11980800,310.09,2.8482107435578583,126.26013583075222,1,,,,,,,,,,,,,
,,,,,,,,,,,,,,,,,,,,,,,,,,,,,,,,,,,,4,,,11980800,,,,,0.37,0,217.8,0,0.89,0.52,6.0,0,0,0.89,0.89,0,0.0
6,0,4.970003128051758,4,3,440,0,2052,11,0.011,1.3708301472167175,1,15677440,1501,3e-05,15,269.49,11980800,,,,,,,,,,,,,,,,,,,,,,,,,,,,,,,,,,,,,,,
6,0,5.194713115692139,,38,,0,2052,,,1.3708301472167175,2,15682560,264,,,261.77,,0.064697265625,0.1498478353023529,24437,3e-05,0.08,-0.00020821680809604003,-0.48983643148094413,0.4193446636199951,0.0010261547,0.7032842716609593,,,,,,,,,,,,,,,,,,,,,,,,,,,,,
6,6,5.232580661773682,,73,,6,2058,,,1.4539560824632645,3,15687680,208,,,261.42,,0.064794921875,0.019795812666416168,24445,3e-05,0.08,-4.397460143081844e-05,-0.49576799031347035,0.5244970321655273,0.00087947585,0.8761251950636506,,,,,,,,,,,,,,,,,,,,,,,,,,,,,
6,0,5.111323356628418,,112,,0,2058,,,1.4539560824632645,4,15692800,181,,,265.74,,0.0738525390625,0.40140026807785034,24453,3e-05,0.08,-0.00010801719035953283,-0.4873430228792131,0.5542659759521484,0.0011223768,0.9238920922914986,,,,,,,,,,,,,,,,,,,,,,,,,,,,,
6,0,5.1637492179870605,,144,,0,2058,,,1.4539560824632645,5,15697920,176,,,263.23,,0.09423828125,0.27934229373931885,24461,3e-05,0.08,0.0010772413705126382,-0.4849086753092706,0.42238837480545044,0.0020143844,0.6127654099545907,,,,,,,,,,,,,,,,,,,,,,,,,,,,,
6,0,,,,,,2058,,,1.4539560824632645,,,,,,,,0.0777099609375,0.44578373432159424,24469,3e-05,0.08,-3.424041497055441e-05,-0.471481005102396,0.5358174443244934,0.0015864212,0.710457380558364,18.25,305,0.005823312237641075,0.001297337691871542,0.5683688521385193,1925,0.4095052083333333,0.15844155844155844,,,,,,,,,,,,,,,,,,,,,
,,,,,,,,,,,,,,,,,,,,,,,,,,,,,,,,,,,,4,0.89,5.375092410445213,12006400,253.51,2.1463815398674977,86.92554227613424,0,,,,,,,,,,,,,
,,,,,,,,,,,,,,,,,,,,,,,,,,,,,,,,,,,,4,0.54,4.2972861844301224,12006400,307.21,2.9693169197773566,125.66911275249777,1,,,,,,,,,,,,,
,,,,,,,,,,,,,,,,,,,,,,,,,,,,,,,,,,,,4,,,12006400,,,,,0.35,0,217.8,0,0.89,0.54,6.0,0,0,0.89,0.89,0,0.0
6,0,5.139655590057373,4,3,440,0,2058,11,0.011,1.4539560824632645,1,15703040,1436,3e-05,15,263.08,12006400,,,,,,,,,,,,,,,,,,,,,,,,,,,,,,,,,,,,,,,
6,6,5.1944756507873535,,39,,6,2064,,,1.3760136291384697,2,15708160,258,,,259.75,,0.070166015625,0.8743652105331421,24477,3e-05,0.08,9.197595063596964e-05,-0.4848355817608535,0.5408797264099121,0.0011724166,0.9334887607168639,,,,,,,,,,,,,,,,,,,,,,,,,,,,,
6,0,5.1678948402404785,,75,,0,2064,,,1.3760136291384697,3,15713280,204,,,259.91,,0.0769775390625,1.4497205018997192,24485,3e-05,0.08,0.000455375413002912,-0.4717885780148208,0.5024732351303101,0.0011859026,1.166756427497603,,,,,,,,,,,,,,,,,,,,,,,,,,,,,
6,0,5.018896579742432,,110,,0,2064,,,1.3760136291384697,4,15718400,185,,,265.88,,0.0795654296875,0.5353174805641174,24493,3e-05,0.08,0.0002224917581770569,-0.4760485471226275,0.6792820692062378,0.0011810919,0.8678069771558512,,,,,,,,,,,,,,,,,,,,,,,,,,,,,
6,6,5.146377086639404,,142,,6,2070,,,1.3768804209927719,5,15723520,179,,,260.55,,0.0789794921875,1.041378378868103,24501,3e-05,0.08,0.0010174333910981659,-0.4432400050573051,0.6954367160797119,0.0017958693,1.0017456665227655,,,,,,,,,,,,,,,,,,,,,,,,,,,,,
6,6,,,,,,2070,,,1.3768804209927719,,,,,,,,0.074609375,0.6551538705825806,24509,3e-05,0.08,0.0005882515572011471,-0.4694297594949603,0.4896204471588135,0.0013852889,1.5645277340780013,18.083333333333332,305,0.0058217720578081335,0.0013044284941552077,0.5679863691329956,1925,0.4088541666666667,0.15844155844155844,,,,,,,,,,,,,,,,,,,,,
,,,,,,,,,,,,,,,,,,,,,,,,,,,,,,,,,,,,4,0.87,5.424178631454706,12032000,255.05,1.9383909795091756,86.00388072639512,0,,,,,,,,,,,,,
,,,,,,,,,,,,,,,,,,,,,,,,,,,,,,,,,,,,4,0.57,4.287837843783199,12032000,304.31,2.9586221564784996,121.88229526883714,1,,,,,,,,,,,,,
,,,,,,,,,,,,,,,,,,,,,,,,,,,,,,,,,,,,4,,,12032000,,,,,0.30000000000000004,0,217.8,0,0.87,0.57,6.0,0,0,0.87,0.87,0,0.0
6,0,5.183917045593262,4,3,440,0,2070,11,0.011,1.3768804209927719,1,15728640,1468,3e-05,15,260.49,12032000,,,,,,,,,,,,,,,,,,,,,,,,,,,,,,,,,,,,,,,
6,0,5.076263904571533,,39,,0,2070,,,1.3768804209927719,2,15733760,259,,,264.87,,0.089990234375,0.11069191992282867,24517,3e-05,0.08,0.0010167773230932652,-0.4528864555992186,0.5505863428115845,0.0011339467,0.6379566207295284,,,,,,,,,,,,,,,,,,,,,,,,,,,,,
6,0,5.124749183654785,,73,,0,2070,,,1.3768804209927719,3,15738880,207,,,264.66,,0.08720703125,0.09083215892314911,24525,3e-05,0.08,0.00047461806097999216,-0.47433626987040045,0.6212946176528931,0.0016248624,0.6444590540311765,,,,,,,,,,,,,,,,,,,,,,,,,,,,,
6,6,5.2479400634765625,,104,,6,2076,,,1.4324451064070065,4,15744000,195,,,258.99,,0.0800048828125,0.35492244362831116,24533,3e-05,0.08,0.00027728582645067943,-0.4441675767302513,0.689461886882782,0.0017142538,0.7462855216290336,,,,,,,,,,,,,,,,,,,,,,,,,,,,,
6,0,5.144003868103027,,142,,0,2076,,,1.4324451064070065,5,15749120,179,,,263.73,,0.0592529296875,0.056040577590465546,24541,3e-05,0.08,-0.0006728309192112647,-0.46629353854805233,0.6579421758651733,0.0007924036,1.085908453655429,,,,,,,,,,,,,,,,,,,,,,,,,,,,,
6,0,,,,,,2076,,,1.4324451064070065,,,,,,,,0.0735595703125,0.12776906788349152,24549,3e-05,0.08,0.00032697751303203406,-0.4637462987564504,0.713606059551239,0.0015083605,0.9017245441093109,18.0,305,0.005848280334114531,0.0013409345034601052,0.5669240951538086,1925,0.40798611111111116,0.15844155844155844,,,,,,,,,,,,,,,,,,,,,
,,,,,,,,,,,,,,,,,,,,,,,,,,,,,,,,,,,,4,0.9,5.117036961391568,12057600,263.29,2.023690170544652,83.62335738297045,0,,,,,,,,,,,,,
,,,,,,,,,,,,,,,,,,,,,,,,,,,,,,,,,,,,4,0.61,4.753222458958626,12057600,288.28,2.9063441754192256,125.11771097650406,1,,,,,,,,,,,,,
,,,,,,,,,,,,,,,,,,,,,,,,,,,,,,,,,,,,4,,,12057600,,,,,0.29000000000000004,0,217.8,0,0.9,0.61,6.0,0,0,0.9,0.9,0,0.0
6,0,5.103250980377197,4,3,440,0,2076,11,0.011,1.4324451064070065,1,15754240,1461,3e-05,15,265.72,12057600,,,,,,,,,,,,,,,,,,,,,,,,,,,,,,,,,,,,,,,
6,0,5.224884510040283,,39,,0,2076,,,1.4324451064070065,2,15759360,262,,,260.15,,0.0760986328125,0.1040450856089592,24557,3e-05,0.08,0.0004831465135794133,-0.4561320553533733,0.8094930648803711,0.0009905864,1.1676281865511555,,,,,,,,,,,,,,,,,,,,,,,,,,,,,
6,6,5.242373466491699,,75,,6,2082,,,1.4744501523673534,3,15764480,204,,,258.05,,0.0739990234375,0.6469550132751465,24565,3e-05,0.08,0.0002569584699813277,-0.45285790422931316,0.7780084609985352,0.00093496795,1.0270629832899432,,,,,,,,,,,,,,,,,,,,,,,,,,,,,
6,0,5.2576165199279785,,112,,0,2082,,,1.4744501523673534,4,15769600,181,,,258.15,,0.073486328125,0.04638685658574104,24573,3e-05,0.08,0.00047917555639287457,-0.45616296110674737,0.6423016786575317,0.001951223,1.517936276362161,,,,,,,,,,,,,,,,,,,,,,,,,,,,,
6,0,5.3674774169921875,,146,,0,2082,,,1.4744501523673534,5,15774720,174,,,254.88,,0.080224609375,2.5552892684936523,24581,3e-05,0.08,0.0012663365239859558,-0.4639842474833131,0.592454731464386,0.0012411575,1.5644520482048392,,,,,,,,,,,,,,,,,,,,,,,,,,,,,
6,0,,,,,,2082,,,1.4744501523673534,,,,,,,,0.0761474609375,1.2751500606536865,24589,3e-05,0.08,0.0005363917007343844,-0.4831074124202132,0.19335627555847168,0.0009927463,1.8726593672123273,17.916666666666668,305,0.005809102684701705,0.0013081589514317151,0.5669501423835754,1925,0.4071180555555555,0.15844155844155844,,,,,,,,,,,,,,,,,,,,,
,,,,,,,,,,,,,,,,,,,,,,,,,,,,,,,,,,,,4,0.89,5.1935408937186,12083200,259.95,2.013461292728109,83.00161143014031,0,,,,,,,,,,,,,
,,,,,,,,,,,,,,,,,,,,,,,,,,,,,,,,,,,,4,0.64,4.862639260068536,12083200,281.51,2.914426878518127,122.31357201880745,1,,,,,,,,,,,,,
,,,,,,,,,,,,,,,,,,,,,,,,,,,,,,,,,,,,4,,,12083200,,,,,0.25,0,217.8,0,0.89,0.64,6.0,0,0,0.89,0.89,0,0.0
6,0,5.284219741821289,4,3,440,0,2082,11,0.011,1.4744501523673534,1,15779840,1461,3e-05,15,256.15,12083200,,,,,,,,,,,,,,,,,,,,,,,,,,,,,,,,,,,,,,,
6,6,5.121458053588867,,34,,6,2088,,,1.3710129509369533,2,15784960,294,,,261.91,,0.07880859375,0.36299052834510803,24597,3e-05,0.08,0.0005541181264561601,-0.48432484176009893,0.5211727619171143,0.0015306959,0.8752025436842814,,,,,,,,,,,,,,,,,,,,,,,,,,,,,
6,0,5.03607177734375,,72,,0,2088,,,1.3710129509369533,3,15790080,212,,,265.12,,0.098681640625,0.39131906628608704,24605,3e-05,0.08,0.00041555038042133673,-0.4938224789686501,0.4472823739051819,0.0018600456,1.0529349752468988,,,,,,,,,,,,,,,,,,,,,,,,,,,,,
6,0,5.027468681335449,,105,,0,2088,,,1.3710129509369533,4,15795200,194,,,264.54,,0.0751220703125,0.5156750679016113,24613,3e-05,0.08,0.0005674830099451356,-0.49366731150075793,0.4971296787261963,0.0010260732,0.855167543963762,,,,,,,,,,,,,,,,,,,,,,,,,,,,,
6,0,5.007132053375244,,139,,0,2088,,,1.3710129509369533,5,15800320,183,,,265.37,,0.0784423828125,0.09281943738460541,24621,3e-05,0.08,0.00045365987170953304,-0.4822809759527445,0.47200530767440796,0.0015834451,0.9096930656640325,,,,,,,,,,,,,,,,,,,,,,,,,,,,,
6,0,,,,,,2088,,,1.3710129509369533,,,,,,,,0.0758544921875,0.9909605979919434,24629,3e-05,0.08,-0.00019161647360306234,-0.5023323307745159,0.42416417598724365,0.0012507396,1.1069197753618938,17.916666666666668,305,0.005785509619885077,0.0013018757127361126,0.5664265751838684,1925,0.4071180555555555,0.15844155844155844,,,,,,,,,,,,,,,,,,,,,
,,,,,,,,,,,,,,,,,,,,,,,,,,,,,,,,,,,,4,0.87,5.118804185315967,12108800,265.31,2.0380915560851083,87.91446923004197,0,,,,,,,,,,,,,
,,,,,,,,,,,,,,,,,,,,,,,,,,,,,,,,,,,,4,0.6,4.676255187988281,12108800,289.4,3.0209300831283175,126.03221810315013,1,,,,,,,,,,,,,
,,,,,,,,,,,,,,,,,,,,,,,,,,,,,,,,,,,,4,,,12108800,,,,,0.27,0,217.8,0,0.87,0.6,6.0,0,0,0.87,0.87,0,0.0
6,6,4.9645466804504395,4,3,440,6,2094,11,0.011,1.2685765139758587,1,15805440,1469,3e-05,15,266.47,12108800,,,,,,,,,,,,,,,,,,,,,,,,,,,,,,,,,,,,,,,
6,0,4.962106227874756,,37,,0,2094,,,1.2685765139758587,2,15810560,270,,,267.41,,0.0733154296875,0.6740450859069824,24637,3e-05,0.08,-0.0002739184274105355,-0.5069933095946908,0.5827158689498901,0.0014829051,0.9406066999014001,,,,,,,,,,,,,,,,,,,,,,,,,,,,,
6,0,4.896668434143066,,73,,0,2094,,,1.2685765139758587,3,15815680,209,,,269.94,,0.0680908203125,0.17578007280826569,24645,3e-05,0.08,0.00015382378187496216,-0.48343142149969937,0.49908846616744995,0.0013170831,1.4561709817004158,,,,,,,,,,,,,,,,,,,,,,,,,,,,,
6,0,4.943032264709473,,107,,0,2094,,,1.2685765139758587,4,15820800,190,,,268.37,,0.071142578125,0.5057269334793091,24653,3e-05,0.08,0.0005773740893346257,-0.5048396935686469,0.5802621841430664,0.00091514067,1.020065302666626,,,,,,,,,,,,,,,,,,,,,,,,,,,,,
6,6,4.870704174041748,,140,,6,2100,,,1.1965636536478996,5,15825920,182,,,272.79,,0.0865478515625,0.12473498284816742,24661,3e-05,0.08,0.0007444754941388964,-0.5007932623848319,0.49400466680526733,0.0012830266,1.172187769616721,,,,,,,,,,,,,,,,,,,,,,,,,,,,,
6,6,,,,,,2100,,,1.1965636536478996,,,,,,,,0.06767578125,1.6236718893051147,24669,3e-05,0.08,-0.00011201734305359423,-0.5319588590413332,0.3043401837348938,0.0008805916,1.466567089385353,18.0,305,0.00576314876881938,0.0012774432477758815,0.5646327137947083,1925,0.40744357638888884,0.15844155844155844,,,,,,,,,,,,,,,,,,,,,
,,,,,,,,,,,,,,,,,,,,,,,,,,,,,,,,,,,,4,0.91,5.048775342479348,12134400,264.65,1.9371876807497133,79.64262363835084,0,,,,,,,,,,,,,
,,,,,,,,,,,,,,,,,,,,,,,,,,,,,,,,,,,,4,0.56,4.4084480806067585,12134400,304.24,2.8099604851112723,122.91046497349198,1,,,,,,,,,,,,,
,,,,,,,,,,,,,,,,,,,,,,,,,,,,,,,,,,,,4,,,12134400,,,,,0.35,0,217.8,0,0.91,0.56,6.0,0,0,0.91,0.91,0,0.0
6,0,4.826651096343994,4,3,440,0,2100,11,0.011,1.1965636536478996,1,15831040,1448,3e-05,15,274.28,12134400,,,,,,,,,,,,,,,,,,,,,,,,,,,,,,,,,,,,,,,
6,0,5.02995491027832,,36,,0,2100,,,1.1965636536478996,2,15836160,278,,,266.26,,0.08046875,0.028329629451036453,24677,3e-05,0.08,-0.00044831783161498607,-0.5257183047011494,0.10227131843566895,0.0011385623,1.3951833556231577,,,,,,,,,,,,,,,,,,,,,,,,,,,,,
6,0,4.93955135345459,,73,,0,2100,,,1.1965636536478996,3,15841280,209,,,270.91,,0.0833740234375,0.9501734972000122,24685,3e-05,0.08,-0.0006230869053979404,-0.5238927758298815,0.018265604972839355,0.0018946879,1.0243294600048103,,,,,,,,,,,,,,,,,,,,,,,,,,,,,
6,6,4.873330593109131,,105,,6,2106,,,1.2182197843988736,4,15846400,193,,,274.68,,0.0822265625,1.4412450790405273,24693,3e-05,0.08,-0.0010479675416718236,-0.5023308587260544,-0.02138495445251465,0.0011210006,1.1971513862954453,,,,,,,,,,,,,,,,,,,,,,,,,,,,,
6,0,4.748920440673828,,139,,0,2106,,,1.2182197843988736,5,15851520,184,,,277.52,,0.0950439453125,0.20637623965740204,24701,3e-05,0.08,-0.0009191117103910073,-0.5094268362037837,0.03948712348937988,0.0020923247,0.93446658544417,,,,,,,,,,,,,,,,,,,,,,,,,,,,,
6,0,,,,,,2106,,,1.2182197843988736,,,,,,,,0.0766845703125,0.026809770613908768,24709,3e-05,0.08,-0.0008143165716319345,-0.5117272328585386,-0.016207575798034668,0.0011962613,1.1326862103829627,18.25,305,0.005761493665480661,0.0012996443575718955,0.5657086968421936,1925,0.4095052083333333,0.15844155844155844,,,,,,,,,,,,,,,,,,,,,
,,,,,,,,,,,,,,,,,,,,,,,,,,,,,,,,,,,,4,0.94,5.038382392972708,12160000,262.56,1.9561650620260849,75.33224011006179,0,,,,,,,,,,,,,
,,,,,,,,,,,,,,,,,,,,,,,,,,,,,,,,,,,,4,0.66,5.201341838389635,12160000,274.12,2.6489652262004624,121.19424738823209,1,,,,,,,,,,,,,
,,,,,,,,,,,,,,,,,,,,,,,,,,,,,,,,,,,,4,,,12160000,,,,,0.2799999999999999,0,217.8,1,0.94,0.66,6.0,0,0,0.94,0.94,0,0.0
6,0,4.762526035308838,4,3,440,0,2106,11,0.011,1.2182197843988736,1,15856640,1447,3e-05,15,278.05,12160000,,,,,,,,,,,,,,,,,,,,,,,,,,,,,,,,,,,,,,,
6,0,4.716297149658203,,35,,0,2106,,,1.2182197843988736,2,15861760,288,,,281.0,,0.071484375,0.9355505108833313,24717,3e-05,0.08,-0.0006415888463379815,-0.4883190868422389,0.09042346477508545,0.0009037562,0.8800160450395197,,,,,,,,,,,,,,,,,,,,,,,,,,,,,
6,6,4.679610729217529,,70,,6,2112,,,1.2400211934000254,3,15866880,217,,,283.24,,0.0861328125,1.3314670324325562,24725,3e-05,0.08,-0.0008117761404719204,-0.4932896548882127,0.07014304399490356,0.0014337611,0.9994130170962308,,,,,,,,,,,,,,,,,,,,,,,,,,,,,
6,0,4.713029384613037,,103,,0,2112,,,1.2400211934000254,4,15872000,197,,,279.78,,0.0635009765625,1.6335725784301758,24733,3e-05,0.08,0.00019233475031796843,-0.4856981473043561,-0.0006418228149414062,0.001036832,0.8682940654893173,,,,,,,,,,,,,,,,,,,,,,,,,,,,,
6,0,4.9282636642456055,,140,,0,2112,,,1.2400211934000254,5,15877120,181,,,271.97,,0.0693359375,1.6672567129135132,24741,3e-05,0.08,-0.00048019700625445694,-0.48233628924936056,0.0663718581199646,0.00077728846,1.208920949260937,,,,,,,,,,,,,,,,,,,,,,,,,,,,,
6,0,,,,,,2112,,,1.2400211934000254,,,,,,,,0.087109375,0.45596304535865784,24749,3e-05,0.08,7.233698561321944e-05,-0.5049819607287646,0.1686421036720276,0.0014348913,1.0149110913829644,18.333333333333332,305,0.005752447171604429,0.0012913899893543259,0.5650604367256165,1925,0.4098307291666667,0.15844155844155844,,,,,,,,,,,,,,,,,,,,,
,,,,,,,,,,,,,,,,,,,,,,,,,,,,,,,,,,,,4,0.88,5.024433379471302,12185600,268.02,2.0489385737638215,86.45530405938088,0,,,,,,,,,,,,,
,,,,,,,,,,,,,,,,,,,,,,,,,,,,,,,,,,,,4,0.63,4.60809150479734,12185600,289.26,2.9431963267593226,120.96731955367119,1,,,,,,,,,,,,,
,,,,,,,,,,,,,,,,,,,,,,,,,,,,,,,,,,,,4,,,12185600,,,,,0.25,0,217.8,0,0.88,0.63,6.0,0,0,0.88,0.88,0,0.0
6,0,4.966866970062256,4,3,440,0,2112,11,0.011,1.2400211934000254,1,15882240,1490,3e-05,15,269.31,12185600,,,,,,,,,,,,,,,,,,,,,,,,,,,,,,,,,,,,,,,
6,6,5.045693874359131,,37,,6,2118,,,1.3058901379505794,2,15887360,275,,,265.64,,0.0869873046875,0.04446227103471756,24757,3e-05,0.08,0.0006397176170139573,-0.49971884256228805,0.09456640481948853,0.0013864085,1.2162143838708288,,,,,,,,,,,,,,,,,,,,,,,,,,,,,
6,0,5.065012454986572,,71,,0,2118,,,1.3058901379505794,3,15892480,214,,,266.71,,0.0802978515625,0.6191086173057556,24765,3e-05,0.08,-0.0008235986781073735,-0.4801872835494578,0.2949734926223755,0.001487965,0.8853800774784759,,,,,,,,,,,,,,,,,,,,,,,,,,,,,
6,0,5.18106746673584,,105,,0,2118,,,1.3058901379505794,4,15897600,193,,,261.88,,0.0631591796875,0.2516959309577942,24773,3e-05,0.08,-0.00033039653062587603,-0.4856146102771163,0.4070513844490051,0.001204096,0.8138217479921878,,,,,,,,,,,,,,,,,,,,,,,,,,,,,
6,0,5.106694221496582,,140,,0,2118,,,1.3058901379505794,5,15902720,182,,,265.08,,0.072998046875,0.7641337513923645,24781,3e-05,0.08,-3.6676770832855254e-05,-0.49233467411249876,0.35266971588134766,0.0010261436,1.1378942361305235,,,,,,,,,,,,,,,,,,,,,,,,,,,,,
6,0,,,,,,2118,,,1.3058901379505794,,,,,,,,0.0828857421875,0.04310384765267372,24789,3e-05,0.08,0.0008000600719242357,-0.4581479678861797,0.44842231273651123,0.0015072165,0.731090326741105,18.25,305,0.005775074253318627,0.001304338796457186,0.5650943517684937,1925,0.4095052083333333,0.15844155844155844,,,,,,,,,,,,,,,,,,,,,
,,,,,,,,,,,,,,,,,,,,,,,,,,,,,,,,,,,,4,0.92,5.29692414522171,12211200,255.88,1.8853524336475387,78.03272134175509,0,,,,,,,,,,,,,
,,,,,,,,,,,,,,,,,,,,,,,,,,,,,,,,,,,,4,0.61,4.7025705825723705,12211200,291.1,2.8186236761854833,121.72933089440687,1,,,,,,,,,,,,,
,,,,,,,,,,,,,,,,,,,,,,,,,,,,,,,,,,,,4,,,12211200,,,,,0.31000000000000005,0,217.8,0,0.92,0.61,6.0,0,0,0.92,0.92,0,0.0
6,6,5.1722187995910645,4,3,440,6,2124,11,0.011,1.3337994354466598,1,15907840,1509,3e-05,15,263.4,12211200,,,,,,,,,,,,,,,,,,,,,,,,,,,,,,,,,,,,,,,
6,0,4.967616081237793,,41,,0,2124,,,1.3337994354466598,2,15912960,246,,,269.87,,0.073095703125,0.08092369139194489,24797,3e-05,0.08,0.00027081828302470966,-0.47867179978638885,0.3974839448928833,0.0010556455,1.1718297635030468,,,,,,,,,,,,,,,,,,,,,,,,,,,,,
6,0,4.919496059417725,,77,,0,2124,,,1.3337994354466598,3,15918080,198,,,271.43,,0.0728759765625,1.1408309936523438,24805,3e-05,0.08,0.0001549768407130614,-0.48071870012208817,0.3292853832244873,0.0010118497,1.4649881177116186,,,,,,,,,,,,,,,,,,,,,,,,,,,,,
6,0,4.666276931762695,,109,,0,2124,,,1.3337994354466598,4,15923200,187,,,281.34,,0.07138671875,0.14705504477024078,24813,3e-05,0.08,-0.0002504161180695519,-0.4806148562580347,0.40839332342147827,0.0012286876,1.126268736674683,,,,,,,,,,,,,,,,,,,,,,,,,,,,,
6,6,4.7935662269592285,,142,,6,2130,,,1.1380376207331817,5,15928320,179,,,276.23,,0.0833251953125,0.13382306694984436,24821,3e-05,0.08,0.0005887451785383746,-0.4807571361772716,0.39071500301361084,0.0012651838,0.9842857380077475,,,,,,,,,,,,,,,,,,,,,,,,,,,,,
6,6,,,,,,2130,,,1.1380376207331817,,,,,,,,0.0775390625,0.5118873715400696,24829,3e-05,0.08,0.0004941586637869477,-0.5131280765868723,0.11776691675186157,0.00203192,1.4938602560316212,18.333333333333332,305,0.005746313346439499,0.0012791457927418485,0.5652678608894348,1925,0.41037326388888884,0.15844155844155844,,,,,,,,,,,,,,,,,,,,,
,,,,,,,,,,,,,,,,,,,,,,,,,,,,,,,,,,,,4,0.9,4.552402161359787,12236800,282.36,2.127468753901202,83.75267398716295,0,,,,,,,,,,,,,
,,,,,,,,,,,,,,,,,,,,,,,,,,,,,,,,,,,,4,0.52,4.229806429892778,12236800,305.24,3.288401800672413,130.93464934844405,1,,,,,,,,,,,,,
,,,,,,,,,,,,,,,,,,,,,,,,,,,,,,,,,,,,4,,,12236800,,,,,0.38,0,217.8,0,0.9,0.52,6.0,0,0,0.9,0.9,0,0.0
6,0,4.673414707183838,4,3,440,0,2130,11,0.011,1.1380376207331817,1,15933440,1456,3e-05,15,279.71,12236800,,,,,,,,,,,,,,,,,,,,,,,,,,,,,,,,,,,,,,,
6,0,4.710134506225586,,36,,0,2130,,,1.1380376207331817,2,15938560,277,,,282.24,,0.082666015625,0.186080202460289,24837,3e-05,0.08,2.987243206007406e-05,-0.5215747563168407,0.18626660108566284,0.0014219809,1.3526834286283702,,,,,,,,,,,,,,,,,,,,,,,,,,,,,
6,0,4.804477214813232,,72,,0,2130,,,1.1380376207331817,3,15943680,212,,,277.55,,0.0986328125,0.019343633204698563,24845,3e-05,0.08,0.0003399910579901189,-0.5215664715506136,0.16268080472946167,0.0013987467,1.348356655135285,,,,,,,,,,,,,,,,,,,,,,,,,,,,,
6,6,4.92475700378418,,108,,6,2136,,,1.262601091216008,4,15948800,188,,,269.73,,0.0635986328125,1.1775457859039307,24853,3e-05,0.08,-0.0007479941996280104,-0.518611294683069,0.21103906631469727,0.0011578364,0.9371041909325868,,,,,,,,,,,,,,,,,,,,,,,,,,,,,
6,0,4.858870983123779,,142,,0,2136,,,1.262601091216008,5,15953920,179,,,271.31,,0.0564453125,0.012888367287814617,24861,3e-05,0.08,-0.00030206170049495995,-0.5334605779498816,0.2971893548965454,0.0010093757,0.9804819087963551,,,,,,,,,,,,,,,,,,,,,,,,,,,,,
6,0,,,,,,2136,,,1.262601091216008,,,,,,,,0.104931640625,0.3411206901073456,24869,3e-05,0.08,0.0004800506547326222,-0.5370597464032472,0.24553775787353516,0.0015735116,0.6898876301420387,18.416666666666668,305,0.005731346151521605,0.001299725039400802,0.5646989345550537,1925,0.4150390625,0.15844155844155844,,,,,,,,,,,,,,,,,,,,,
,,,,,,,,,,,,,,,,,,,,,,,,,,,,,,,,,,,,4,0.9,5.188695152997971,12262400,260.83,1.8756211244975314,80.13464356943257,0,,,,,,,,,,,,,
,,,,,,,,,,,,,,,,,,,,,,,,,,,,,,,,,,,,4,0.59,4.606857579946518,12262400,295.37,2.9130726188070653,125.15203993543213,1,,,,,,,,,,,,,
,,,,,,,,,,,,,,,,,,,,,,,,,,,,,,,,,,,,4,,,12262400,,,,,0.31000000000000005,0,217.8,0,0.9,0.59,6.0,0,0,0.9,0.9,0,0.0
6,0,5.01324462890625,4,3,440,0,2136,11,0.011,1.262601091216008,1,15959040,1483,3e-05,15,265.36,12262400,,,,,,,,,,,,,,,,,,,,,,,,,,,,,,,,,,,,,,,
6,6,4.851974964141846,,38,,6,2142,,,1.3176044126351674,2,15964160,264,,,270.99,,0.075390625,0.02741004340350628,24877,3e-05,0.08,-0.00020691356912720947,-0.5063787796534598,0.3797329068183899,0.0011074133,0.9286923792678863,,,,,,,,,,,,,,,,,,,,,,,,,,,,,
6,0,4.954283237457275,,74,,0,2142,,,1.3176044126351674,3,15969280,206,,,267.38,,0.09775390625,0.2477387934923172,24885,3e-05,0.08,0.0008124789848807268,-0.525259748287499,0.39856934547424316,0.002185035,0.780355585605139,,,,,,,,,,,,,,,,,,,,,,,,,,,,,
6,0,4.782644271850586,,111,,0,2142,,,1.3176044126351674,4,15974400,184,,,274.72,,0.083642578125,0.5918780565261841,24893,3e-05,0.08,0.00021134421258466317,-0.5256660347804427,0.5544107556343079,0.0015489019,0.8925662274472416,,,,,,,,,,,,,,,,,,,,,,,,,,,,,
6,0,4.711684226989746,,141,,0,2142,,,1.3176044126351674,5,15979520,181,,,280.3,,0.10146484375,0.008138701319694519,24901,3e-05,0.08,0.0016536239418201149,-0.5083035302348435,0.5121417045593262,0.001777409,0.8376096881489502,,,,,,,,,,,,,,,,,,,,,,,,,,,,,
6,0,,,,,,2142,,,1.3176044126351674,,,,,,,,0.106396484375,0.17481856048107147,24909,3e-05,0.08,0.001197037119709421,-0.5362064103595913,0.5170594453811646,0.0018449572,1.0663010334246792,18.083333333333332,305,0.005767190578208869,0.0013110806346517886,0.5632584095001221,1925,0.4083116319444445,0.15844155844155844,,,,,,,,,,,,,,,,,,,,,
,,,,,,,,,,,,,,,,,,,,,,,,,,,,,,,,,,,,4,0.9,4.97012811601162,12288000,268.26,2.0559736875199794,83.9984071277545,0,,,,,,,,,,,,,
,,,,,,,,,,,,,,,,,,,,,,,,,,,,,,,,,,,,4,0.51,4.194676591455936,12288000,310.51,3.0670871103570763,128.42067551605544,1,,,,,,,,,,,,,
,,,,,,,,,,,,,,,,,,,,,,,,,,,,,,,,,,,,4,,,12288000,,,,,0.39,0,217.8,0,0.9,0.51,6.0,0,0,0.9,0.9,0,0.0
6,6,4.850264549255371,4,3,440,6,2148,11,0.011,1.2655899946888287,1,15984640,1516,3e-05,15,275.32,12288000,,,,,,,,,,,,,,,,,,,,,,,,,,,,,,,,,,,,,,,
6,0,4.763298988342285,,39,,0,2148,,,1.2655899946888287,2,15989760,258,,,278.67,,0.0812744140625,0.9697595834732056,24917,3e-05,0.08,0.00017996286042034625,-0.512391476240009,0.27596157789230347,0.0018700442,1.4502845696464646,,,,,,,,,,,,,,,,,,,,,,,,,,,,,
6,0,4.779592514038086,,75,,0,2148,,,1.2655899946888287,3,15994880,204,,,276.56,,0.0630615234375,0.31495898962020874,24925,3e-05,0.08,-4.130042798351496e-05,-0.5142969560809434,0.1452866792678833,0.0013053579,1.26973274530028,,,,,,,,,,,,,,,,,,,,,,,,,,,,,
6,0,4.754391670227051,,109,,0,2148,,,1.2655899946888287,4,16000000,186,,,276.05,,0.0843017578125,0.0353953018784523,24933,3e-05,0.08,0.0009175943909212947,-0.5280363750644028,0.04916757345199585,0.0014485784,1.227258098637685,,,,,,,,,,,,,,,,,,,,,,,,,,,,,
6,6,4.910829067230225,,144,,6,2154,,,1.2055887629588444,5,16005120,176,,,267.84,,0.07978515625,0.7766038179397583,24941,3e-05,0.08,0.00032512288307771085,-0.5350424290634692,0.0007088184356689453,0.0011940629,1.0875598471146077,,,,,,,,,,,,,,,,,,,,,,,,,,,,,
6,6,,,,,,2154,,,1.2055887629588444,,,,,,,,0.1041748046875,0.041610367596149445,24949,3e-05,0.08,0.0004910413816105574,-0.527562512923032,-0.04297757148742676,0.0018445335,1.1781392784730997,18.333333333333332,305,0.0057596722086086525,0.0013141782755762823,0.564308762550354,1925,0.4098307291666667,0.15844155844155844,,,,,,,,,,,,,,,,,,,,,
,,,,,,,,,,,,,,,,,,,,,,,,,,,,,,,,,,,,4,0.91,5.105422706305981,12313600,263.14,1.8857542960155653,78.65430948142638,0,,,,,,,,,,,,,
,,,,,,,,,,,,,,,,,,,,,,,,,,,,,,,,,,,,4,0.53,4.257873894870281,12313600,309.73,2.9481165452996554,127.25406516099986,1,,,,,,,,,,,,,
,,,,,,,,,,,,,,,,,,,,,,,,,,,,,,,,,,,,4,,,12313600,,,,,0.38,0,217.8,0,0.91,0.53,6.0,0,0,0.91,0.91,0,0.0
6,0,4.955842971801758,4,3,440,0,2154,11,0.011,1.2055887629588444,1,16010240,1511,3e-05,15,266.27,12313600,,,,,,,,,,,,,,,,,,,,,,,,,,,,,,,,,,,,,,,
6,0,4.802278518676758,,34,,0,2154,,,1.2055887629588444,2,16015360,292,,,273.93,,0.067236328125,0.13438266515731812,24957,3e-05,0.08,-0.0007403410170809365,-0.5043671349994838,0.11630517244338989,0.00097421074,1.3072962649399416,,,,,,,,,,,,,,,,,,,,,,,,,,,,,
6,0,4.589978218078613,,71,,0,2154,,,1.2055887629588444,3,16020480,214,,,281.12,,0.070458984375,2.2840263843536377,24965,3e-05,0.08,4.0553121652919796e-05,-0.5362329826690256,0.12357968091964722,0.0012825738,1.230045646347571,,,,,,,,,,,,,,,,,,,,,,,,,,,,,
6,6,4.546564102172852,,100,,6,2160,,,1.206472735852003,4,16025600,203,,,282.48,,0.069482421875,0.052812010049819946,24973,3e-05,0.08,-0.0008877902742824517,-0.5152849421836436,0.3273410201072693,0.0011846429,0.8666350653016707,,,,,,,,,,,,,,,,,,,,,,,,,,,,,
6,0,4.608761787414551,,136,,0,2160,,,1.206472735852003,5,16030720,187,,,283.15,,0.07021484375,0.9368209838867188,24981,3e-05,0.08,-9.287811408285052e-05,-0.5281601647846401,0.2796025276184082,0.0010907833,1.2573103042348521,,,,,,,,,,,,,,,,,,,,,,,,,,,,,
6,0,,,,,,2160,,,1.206472735852003,,,,,,,,0.089697265625,0.42442935705184937,24989,3e-05,0.08,0.0010654062061803415,-0.5099245207384229,0.40558379888534546,0.0017548755,1.0257697540102526,18.416666666666668,305,0.005710774734320406,0.0012750516009636579,0.5640533566474915,1925,0.4150390625,0.15844155844155844,,,,,,,,,,,,,,,,,,,,,
,,,,,,,,,,,,,,,,,,,,,,,,,,,,,,,,,,,,4,0.94,4.876558242365718,12339200,267.73,2.093589155789615,79.94083499689005,0,,,,,,,,,,,,,
,,,,,,,,,,,,,,,,,,,,,,,,,,,,,,,,,,,,4,0.41,3.4661177580058573,12339200,336.57,3.184253770560017,125.56267399191529,1,,,,,,,,,,,,,
,,,,,,,,,,,,,,,,,,,,,,,,,,,,,,,,,,,,4,,,12339200,,,,,0.53,0,217.8,1,0.94,0.41,6.0,0,0,0.94,0.94,0,0.0
6,0,4.6519012451171875,4,3,440,0,2160,11,0.011,1.206472735852003,1,16035840,1485,3e-05,15,281.4,12339200,,,,,,,,,,,,,,,,,,,,,,,,,,,,,,,,,,,,,,,
6,0,4.760912895202637,,36,,0,2160,,,1.206472735852003,2,16040960,280,,,276.69,,0.0833251953125,1.1334590911865234,24997,3e-05,0.08,0.0007683197996811941,-0.517811783682555,0.3086792826652527,0.0015443203,1.2298144211294129,,,,,,,,,,,,,,,,,,,,,,,,,,,,,
6,6,4.867798328399658,,72,,6,2166,,,1.2456961597005527,3,16046080,210,,,272.38,,0.084619140625,0.7109639048576355,25005,3e-05,0.08,0.00043642556556733325,-0.5278745477087796,0.42230498790740967,0.001676465,0.910189714608714,,,,,,,,,,,,,,,,,,,,,,,,,,,,,
6,0,5.010943412780762,,106,,0,2166,,,1.2456961597005527,4,16051200,192,,,268.07,,0.0913330078125,0.07183138281106949,25013,3e-05,0.08,0.0008137693628668785,-0.5104663712903857,0.18815267086029053,0.0018272981,1.3355033762403763,,,,,,,,,,,,,,,,,,,,,,,,,,,,,
6,0,5.090428829193115,,139,,0,2166,,,1.2456961597005527,5,16056320,182,,,263.61,,0.0650390625,0.20519979298114777,25021,3e-05,0.08,-0.00029536540096160025,-0.4957801495678723,0.3856324553489685,0.00095171237,1.0596980917733163,,,,,,,,,,,,,,,,,,,,,,,,,,,,,
6,0,,,,,,2166,,,1.2456961597005527,,,,,,,,0.0837890625,0.03778661787509918,25029,3e-05,0.08,0.0010226069207419641,-0.5016425007954239,0.06182897090911865,0.0011623896,1.2928717720293208,18.416666666666668,305,0.0057387791572361705,0.0012845228435896306,0.5636544227600098,1925,0.4150390625,0.15844155844155844,,,,,,,,,,,,,,,,,,,,,
,,,,,,,,,,,,,,,,,,,,,,,,,,,,,,,,,,,,4,0.89,5.053923899382353,12364800,263.87,2.041944432646873,82.52837754372733,0,,,,,,,,,,,,,
,,,,,,,,,,,,,,,,,,,,,,,,,,,,,,,,,,,,4,0.5,4.093783900439739,12364800,312.09,3.1683726379504034,131.01519721009467,1,,,,,,,,,,,,,
,,,,,,,,,,,,,,,,,,,,,,,,,,,,,,,,,,,,4,,,12364800,,,,,0.39,0,217.8,0,0.89,0.5,6.0,0,0,0.89,0.89,0,0.0
6,0,4.913768768310547,4,3,440,0,2166,11,0.011,1.2456961597005527,1,16061440,1511,3e-05,15,269.6,12364800,,,,,,,,,,,,,,,,,,,,,,,,,,,,,,,,,,,,,,,
6,6,5.010741710662842,,38,,6,2172,,,1.224063894400994,2,16066560,262,,,263.79,,0.06865234375,1.5994750261306763,25037,3e-05,0.08,-0.000491353397956118,-0.521020472701639,0.09124225378036499,0.0010242092,0.9225830791459885,,,,,,,,,,,,,,,,,,,,,,,,,,,,,
6,0,5.0612568855285645,,74,,0,2172,,,1.224063894400994,3,16071680,204,,,263.04,,0.0774169921875,0.011939933523535728,25045,3e-05,0.08,0.0003192293748725206,-0.5061069091781973,-0.006152987480163574,0.0013602272,1.2324230016791262,,,,,,,,,,,,,,,,,,,,,,,,,,,,,
6,0,5.087690353393555,,107,,0,2172,,,1.224063894400994,4,16076800,191,,,261.66,,0.06953125,0.4168177545070648,25053,3e-05,0.08,-0.0003984598399256356,-0.5075164923444391,0.20287978649139404,0.00090500683,0.8228754722746089,,,,,,,,,,,,,,,,,,,,,,,,,,,,,
6,0,5.045918941497803,,142,,0,2172,,,1.224063894400994,5,16081920,179,,,263.37,,0.081494140625,0.23583877086639404,25061,3e-05,0.08,-0.0005903177370782942,-0.49083378808572886,0.2590739130973816,0.00094612426,0.8570809615936014,,,,,,,,,,,,,,,,,,,,,,,,,,,,,
6,0,,,,,,2172,,,1.224063894400994,,,,,,,,0.075439453125,0.6614199876785278,25069,3e-05,0.08,-0.00010292696533724666,-0.5029588852077722,0.3239803910255432,0.00088656414,0.7178770647733472,18.5,305,0.0057385509064237445,0.001301601685891188,0.562932014465332,1925,0.4169921875,0.15844155844155844,,,,,,,,,,,,,,,,,,,,,
,,,,,,,,,,,,,,,,,,,,,,,,,,,,,,,,,,,,4,0.86,4.9999410438537595,12390400,268.65,2.095333710483722,90.10253880995806,0,,,,,,,,,,,,,
,,,,,,,,,,,,,,,,,,,,,,,,,,,,,,,,,,,,4,0.53,4.179922782257199,12390400,305.12,3.2505154622455716,130.0982920718024,1,,,,,,,,,,,,,
,,,,,,,,,,,,,,,,,,,,,,,,,,,,,,,,,,,,4,,,12390400,,,,,0.32999999999999996,0,217.8,0,0.86,0.53,6.0,0,0,0.86,0.86,0,0.0
6,6,5.099066257476807,4,3,440,6,2178,11,0.011,1.346035961061716,1,16087040,1495,3e-05,15,263.13,12390400,,,,,,,,,,,,,,,,,,,,,,,,,,,,,,,,,,,,,,,
6,0,4.981372833251953,,38,,0,2178,,,1.346035961061716,2,16092160,266,,,269.16,,0.0599365234375,0.014009556733071804,25077,3e-05,0.08,-0.0004947141482261941,-0.4885146452113986,0.34858590364456177,0.0006016665,0.8588527658721432,,,,,,,,,,,,,,,,,,,,,,,,,,,,,
6,0,4.948375701904297,,69,,0,2178,,,1.346035961061716,3,16097280,219,,,273.09,,0.0683349609375,0.028062021359801292,25085,3e-05,0.08,-6.357590027619153e-05,-0.46203979598358275,0.18281549215316772,0.00095197436,0.8084216853021644,,,,,,,,,,,,,,,,,,,,,,,,,,,,,
6,0,5.046849250793457,,102,,0,2178,,,1.346035961061716,4,16102400,199,,,267.51,,0.067529296875,0.39012911915779114,25093,3e-05,0.08,-0.000725644183694385,-0.4812170491553843,0.3698842525482178,0.0013844647,0.6285873843822628,,,,,,,,,,,,,,,,,,,,,,,,,,,,,
6,6,5.100637912750244,,142,,6,2184,,,1.5081397878626983,5,16107520,179,,,264.1,,0.0739013671875,1.262205719947815,25101,3e-05,0.08,-0.0002527367942093406,-0.4664803482592106,0.44945192337036133,0.00110919,0.8200132416794077,,,,,,,,,,,,,,,,,,,,,,,,,,,,,
6,6,,,,,,2184,,,1.5081397878626983,,,,,,,,0.0885009765625,0.13401687145233154,25109,3e-05,0.08,0.0003601607430027798,-0.47229646425694227,0.619149923324585,0.0013526527,0.6661165464145598,18.333333333333332,305,0.005794934493256207,0.0013711659645127031,0.5621735453605652,1925,0.41525607638888884,0.15844155844155844,,,,,,,,,,,,,,,,,,,,,
,,,,,,,,,,,,,,,,,,,,,,,,,,,,,,,,,,,,4,0.92,5.2822074034810065,12416000,254.86,1.9916803388589008,80.2446284806653,0,,,,,,,,,,,,,
,,,,,,,,,,,,,,,,,,,,,,,,,,,,,,,,,,,,4,0.46,3.837135296999477,12416000,322.65,3.1562376462433948,128.51220759134128,1,,,,,,,,,,,,,
,,,,,,,,,,,,,,,,,,,,,,,,,,,,,,,,,,,,4,,,12416000,,,,,0.46,0,217.8,0,0.92,0.46,6.0,0,0,0.92,0.92,0,0.0
6,0,4.986635208129883,4,3,440,0,2184,11,0.011,1.5081397878626983,1,16112640,1527,3e-05,15,267.61,12416000,,,,,,,,,,,,,,,,,,,,,,,,,,,,,,,,,,,,,,,
6,0,5.022258758544922,,37,,0,2184,,,1.5081397878626983,2,16117760,269,,,265.73,,0.0775146484375,0.28351980447769165,25117,3e-05,0.08,0.00018047196499537677,-0.45119674149900674,0.6566671133041382,0.0011340268,0.6898120836121961,,,,,,,,,,,,,,,,,,,,,,,,,,,,,
6,0,5.19183349609375,,75,,0,2184,,,1.5081397878626983,3,16122880,203,,,257.45,,0.0726806640625,0.012429168447852135,25125,3e-05,0.08,0.00015637527540093287,-0.44606569977477195,0.693348228931427,0.0013495601,1.2334130743925926,,,,,,,,,,,,,,,,,,,,,,,,,,,,,
6,6,5.2914018630981445,,110,,6,2190,,,1.5433765724301338,4,16128000,185,,,253.28,,0.077099609375,0.391622394323349,25133,3e-05,0.08,-0.00018622698844410478,-0.4698187252506614,0.5750764608383179,0.0012658808,0.9551471173996106,,,,,,,,,,,,,,,,,,,,,,,,,,,,,
6,0,5.137263298034668,,145,,0,2190,,,1.5433765724301338,5,16133120,176,,,259.9,,0.0771240234375,0.23322246968746185,25141,3e-05,0.08,0.000442328916687984,-0.48737997747957706,0.5228354930877686,0.0014612146,0.707083886617329,,,,,,,,,,,,,,,,,,,,,,,,,,,,,
6,0,,,,,,2190,,,1.5433765724301338,,,,,,,,0.067578125,0.6633280515670776,25149,3e-05,0.08,0.0005945335724391043,-0.4587336201220751,0.702498197555542,0.001268382,0.8651352895365563,18.083333333333332,306,0.00579400999541399,0.0013546877397189972,0.5621565580368042,1925,0.4088541666666667,0.15896103896103897,,,,,,,,,,,,,,,,,,,,,
,,,,,,,,,,,,,,,,,,,,,,,,,,,,,,,,,,,,4,0.92,5.426265592575073,12441600,249.59,1.875331205846745,77.32956679045861,0,,,,,,,,,,,,,
,,,,,,,,,,,,,,,,,,,,,,,,,,,,,,,,,,,,4,0.54,4.354544020704925,12441600,301.42,3.1299180833724134,130.6775558387897,1,,,,,,,,,,,,,
,,,,,,,,,,,,,,,,,,,,,,,,,,,,,,,,,,,,4,,,12441600,,,,,0.38,0,217.8,0,0.92,0.54,6.0,0,0,0.92,0.92,0,0.0
6,0,5.312056064605713,4,3,440,0,2190,11,0.011,1.5433765724301338,1,16138240,1451,3e-05,15,252.76,12441600,,,,,,,,,,,,,,,,,,,,,,,,,,,,,,,,,,,,,,,
6,0,5.064184188842773,,39,,0,2190,,,1.5433765724301338,2,16143360,258,,,262.35,,0.055224609375,0.44818201661109924,25157,3e-05,0.08,0.00012029886856907978,-0.46393306870013473,0.6525917053222656,0.0008523973,1.0672065119608305,,,,,,,,,,,,,,,,,,,,,,,,,,,,,
6,6,5.068517684936523,,71,,6,2196,,,1.2940608685215313,3,16148480,213,,,262.01,,0.085791015625,0.1461872160434723,25165,3e-05,0.08,0.00017359712219331414,-0.47852583872154353,0.6447195410728455,0.0016618802,1.036467494640965,,,,,,,,,,,,,,,,,,,,,,,,,,,,,
6,0,4.897040367126465,,111,,0,2196,,,1.2940608685215313,4,16153600,183,,,269.85,,0.0837158203125,2.752971887588501,25173,3e-05,0.08,0.0005549706489546225,-0.47655449360609053,0.2565397024154663,0.0021186825,2.052775950310752,,,,,,,,,,,,,,,,,,,,,,,,,,,,,
6,0,4.969930171966553,,144,,0,2196,,,1.2940608685215313,5,16158720,177,,,268.06,,0.0791748046875,0.49622368812561035,25181,3e-05,0.08,9.967479854822159e-05,-0.504250172432512,0.32418978214263916,0.0016402791,0.8075809388537891,,,,,,,,,,,,,,,,,,,,,,,,,,,,,
6,0,,,,,,2196,,,1.2940608685215313,,,,,,,,0.0618408203125,0.031466852873563766,25189,3e-05,0.08,-0.0001458427432226017,-0.47843250874429943,0.407940149307251,0.0008981939,1.0941357353935017,18.25,306,0.005743358419547212,0.0013062431295203074,0.563208818435669,1925,0.4143880208333333,0.15896103896103897,,,,,,,,,,,,,,,,,,,,,
,,,,,,,,,,,,,,,,,,,,,,,,,,,,,,,,,,,,4,0.87,4.579286394566298,12467200,282.34,2.1875922710211495,87.69643322279418,0,,,,,,,,,,,,,
,,,,,,,,,,,,,,,,,,,,,,,,,,,,,,,,,,,,4,0.51,3.9578750709444286,12467200,315.94,3.1531531546770974,127.66290142402373,1,,,,,,,,,,,,,
,,,,,,,,,,,,,,,,,,,,,,,,,,,,,,,,,,,,4,,,12467200,,,,,0.36,0,217.8,0,0.87,0.51,6.0,0,0,0.87,0.87,0,0.0
6,0,5.053077697753906,4,3,440,0,2196,11,0.011,1.2940608685215313,1,16163840,1403,3e-05,15,263.89,12467200,,,,,,,,,,,,,,,,,,,,,,,,,,,,,,,,,,,,,,,
6,6,5.321773529052734,,41,,6,2202,,,1.4291656389832497,2,16168960,244,,,252.12,,0.082666015625,0.08651415258646011,25197,3e-05,0.08,-0.0002854176505934447,-0.4988935815170407,0.2836416959762573,0.0011650838,1.2066069762222469,,,,,,,,,,,,,,,,,,,,,,,,,,,,,
6,0,5.334039211273193,,79,,0,2202,,,1.4291656389832497,3,16174080,192,,,252.82,,0.06640625,1.1069751977920532,25205,3e-05,0.08,-0.0007057055350742303,-0.48116099098697307,0.37287968397140503,0.0010625588,0.8968687059707008,,,,,,,,,,,,,,,,,,,,,,,,,,,,,
6,0,5.268325328826904,,115,,0,2202,,,1.4291656389832497,4,16179200,178,,,254.62,,0.0753173828125,0.8553737998008728,25213,3e-05,0.08,-0.0003334427005029283,-0.4865937454625964,0.4848805069923401,0.0007827431,0.5781866593606537,,,,,,,,,,,,,,,,,,,,,,,,,,,,,
6,6,5.263865947723389,,147,,6,2208,,,1.3200875408947468,5,16184320,173,,,256.48,,0.075390625,0.4180333912372589,25221,3e-05,0.08,0.00016107185801956804,-0.47664608489722016,0.4569181799888611,0.0013130272,0.6680854799604277,,,,,,,,,,,,,,,,,,,,,,,,,,,,,
6,6,,,,,,2208,,,1.3200875408947468,,,,,,,,0.0900390625,0.40451347827911377,25229,3e-05,0.08,0.0005977169537800364,-0.4870901697315276,0.45857030153274536,0.0013851292,1.139557117287768,18.166666666666668,306,0.005746900035982927,0.001301543559315673,0.5631574392318726,1925,0.4091796875,0.15896103896103897,,,,,,,,,,,,,,,,,,,,,
,,,,,,,,,,,,,,,,,,,,,,,,,,,,,,,,,,,,4,0.91,5.027532929442823,12492800,264.17,1.9361896169521362,78.1311787956639,0,,,,,,,,,,,,,
,,,,,,,,,,,,,,,,,,,,,,,,,,,,,,,,,,,,4,0.51,4.03916842840612,12492800,312.0,3.2616704162877013,128.87862507025747,1,,,,,,,,,,,,,
,,,,,,,,,,,,,,,,,,,,,,,,,,,,,,,,,,,,4,,,12492800,,,,,0.4,0,217.8,0,0.91,0.51,6.0,0,0,0.91,0.91,0,0.0
6,0,5.024923801422119,4,3,440,0,2208,11,0.011,1.3200875408947468,1,16189440,1385,3e-05,15,268.33,12492800,,,,,,,,,,,,,,,,,,,,,,,,,,,,,,,,,,,,,,,
6,0,4.883189678192139,,36,,0,2208,,,1.3200875408947468,2,16194560,279,,,274.67,,0.08818359375,0.028815394267439842,25237,3e-05,0.08,0.0008358351013157516,-0.4792660193517804,0.5125609636306763,0.0015123892,1.0384749358170666,,,,,,,,,,,,,,,,,,,,,,,,,,,,,
6,0,4.881380081176758,,71,,0,2208,,,1.3200875408947468,3,16199680,214,,,274.45,,0.0639404296875,1.5508102178573608,25245,3e-05,0.08,7.608445594087243e-05,-0.5136616228148341,0.4087575674057007,0.0008120806,1.4256945351575268,,,,,,,,,,,,,,,,,,,,,,,,,,,,,
6,6,4.9192705154418945,,109,,6,2214,,,1.304262933631738,4,16204800,187,,,272.92,,0.0938232421875,0.7823746204376221,25253,3e-05,0.08,0.0008713214207091369,-0.47866890002042056,0.2985038161277771,0.0032740373,1.399716922879452,,,,,,,,,,,,,,,,,,,,,,,,,,,,,
6,0,4.953125476837158,,145,,0,2214,,,1.304262933631738,5,16209920,176,,,271.42,,0.074951171875,0.7303666472434998,25261,3e-05,0.08,0.000191820775216911,-0.4919278432615101,0.35242992639541626,0.0011639844,1.0220232974970713,,,,,,,,,,,,,,,,,,,,,,,,,,,,,
6,0,,,,,,2214,,,1.304262933631738,,,,,,,,0.07080078125,0.0014565782621502876,25269,3e-05,0.08,-0.0002482910640537739,-0.4688312247395515,0.4177634119987488,0.0010446887,1.0031702084845164,18.083333333333332,306,0.005729868738838707,0.0012761079537093646,0.5631592273712158,1925,0.4137369791666667,0.15896103896103897,,,,,,,,,,,,,,,,,,,,,
,,,,,,,,,,,,,,,,,,,,,,,,,,,,,,,,,,,,4,0.89,5.352533394396305,12518400,255.15,2.047691295500461,87.02659076397283,0,,,,,,,,,,,,,
,,,,,,,,,,,,,,,,,,,,,,,,,,,,,,,,,,,,4,0.61,4.837388734258711,12518400,283.79,2.994203682858144,126.74464840773358,1,,,,,,,,,,,,,
,,,,,,,,,,,,,,,,,,,,,,,,,,,,,,,,,,,,4,,,12518400,,,,,0.28,0,217.8,0,0.89,0.61,6.0,0,0,0.89,0.89,0,0.0
6,0,5.034910678863525,4,3,440,0,2214,11,0.011,1.304262933631738,1,16215040,1465,3e-05,15,265.97,12518400,,,,,,,,,,,,,,,,,,,,,,,,,,,,,,,,,,,,,,,
6,0,5.109600067138672,,39,,0,2214,,,1.304262933631738,2,16220160,259,,,262.67,,0.0582763671875,0.0030241254717111588,25277,3e-05,0.08,-0.0003844992650556378,-0.4690258572809398,0.27856022119522095,0.0006791285,1.2286436232971027,,,,,,,,,,,,,,,,,,,,,,,,,,,,,
6,6,5.1201090812683105,,74,,6,2220,,,1.3344342820346355,3,16225280,205,,,261.61,,0.0637939453125,0.009220503270626068,25285,3e-05,0.08,0.0005023257632274181,-0.44776274617761375,0.22742152214050293,0.0011550009,1.4300243273974047,,,,,,,,,,,,,,,,,,,,,,,,,,,,,
6,0,5.238363265991211,,110,,0,2220,,,1.3344342820346355,4,16230400,185,,,256.23,,0.0659423828125,0.43892961740493774,25293,3e-05,0.08,-5.585394683293999e-06,-0.48324830140918495,0.30877941846847534,0.00090409385,0.8822831231576856,,,,,,,,,,,,,,,,,,,,,,,,,,,,,
6,0,5.126979827880859,,148,,0,2220,,,1.3344342820346355,5,16235520,172,,,260.09,,0.083837890625,0.029037779197096825,25301,3e-05,0.08,0.00011234772391617298,-0.47520819855853913,0.31988847255706787,0.0015831381,1.0044402549305231,,,,,,,,,,,,,,,,,,,,,,,,,,,,,
6,0,,,,,,2220,,,1.3344342820346355,,,,,,,,0.083935546875,0.46956923604011536,25309,3e-05,0.08,0.0008220743329729885,-0.4707961698062718,0.2534433603286743,0.0012126742,0.6580754636437632,18.0,306,0.005734720047501179,0.0012707781153042871,0.5634049773216248,1925,0.4134114583333333,0.15896103896103897,,,,,,,,,,,,,,,,,,,,,
,,,,,,,,,,,,,,,,,,,,,,,,,,,,,,,,,,,,4,0.95,5.479038780115079,12544000,246.12,1.9701191640072888,76.16065650977544,0,,,,,,,,,,,,,
,,,,,,,,,,,,,,,,,,,,,,,,,,,,,,,,,,,,4,0.65,5.035483394898474,12544000,272.87,3.018627908829758,125.1807217585839,1,,,,,,,,,,,,,
,,,,,,,,,,,,,,,,,,,,,,,,,,,,,,,,,,,,4,,,12544000,,,,,0.29999999999999993,0,217.8,1,0.95,0.65,6.0,0,0,0.95,0.95,0,0.0
6,0,5.263421535491943,4,3,440,0,2220,11,0.011,1.3344342820346355,1,16240640,1461,3e-05,15,254.74,12544000,,,,,,,,,,,,,,,,,,,,,,,,,,,,,,,,,,,,,,,
6,6,5.171721935272217,,39,,6,2226,,,1.3913749183217685,2,16245760,256,,,258.71,,0.0772216796875,0.45485278964042664,25317,3e-05,0.08,0.001172831727308221,-0.4897674239240587,0.16288131475448608,0.0010094752,1.173409331351286,,,,,,,,,,,,,,,,,,,,,,,,,,,,,
6,0,5.163450717926025,,75,,0,2226,,,1.3913749183217685,3,16250880,203,,,259.25,,0.068994140625,0.5936525464057922,25325,3e-05,0.08,-0.0007269607871421613,-0.47679054802283644,0.13146615028381348,0.0015500847,0.9909706061065663,,,,,,,,,,,,,,,,,,,,,,,,,,,,,
6,0,4.945682048797607,,111,,0,2226,,,1.3913749183217685,4,16256000,184,,,268.96,,0.06591796875,0.8438340425491333,25333,3e-05,0.08,-7.254382944665849e-05,-0.47503670724108815,-0.0166395902633667,0.0014281872,0.8027356205158866,,,,,,,,,,,,,,,,,,,,,,,,,,,,,
6,0,5.0545125007629395,,145,,0,2226,,,1.3913749183217685,5,16261120,176,,,266.48,,0.0773681640625,0.3956141173839569,25341,3e-05,0.08,6.275183841353282e-05,-0.4837044649757445,0.016133666038513184,0.0016294436,0.9346849448833382,,,,,,,,,,,,,,,,,,,,,,,,,,,,,
6,0,,,,,,2226,,,1.3913749183217685,,,,,,,,0.066796875,1.2067856788635254,25349,3e-05,0.08,0.00011658036964945495,-0.5012050471268594,0.06562203168869019,0.00094355736,1.0071155097219162,18.0,306,0.005743245193835046,0.0012953551573474254,0.5617121458053589,1925,0.4090711805555555,0.15896103896103897,,,,,,,,,,,,,,,,,,,,,
,,,,,,,,,,,,,,,,,,,,,,,,,,,,,,,,,,,,4,0.93,5.311598825752736,12569600,253.66,1.951982541830284,77.92576210727746,0,,,,,,,,,,,,,
,,,,,,,,,,,,,,,,,,,,,,,,,,,,,,,,,,,,4,0.51,4.280692197009921,12569600,304.01,3.3108702928130826,134.22916933364374,1,,,,,,,,,,,,,
,,,,,,,,,,,,,,,,,,,,,,,,,,,,,,,,,,,,4,,,12569600,,,,,0.42000000000000004,0,217.8,1,0.93,0.51,6.0,0,0,0.93,0.93,0,0.0
6,6,5.051939010620117,4,3,440,6,2232,11,0.011,1.3735331917802494,1,16266240,1515,3e-05,15,267.18,12569600,,,,,,,,,,,,,,,,,,,,,,,,,,,,,,,,,,,,,,,
6,0,5.035233974456787,,36,,0,2232,,,1.3735331917802494,2,16271360,276,,,268.75,,0.0662353515625,0.03464591130614281,25357,3e-05,0.08,-0.0011899812758201732,-0.4450267249718308,0.08334171772003174,0.0014358392,1.0248470743652434,,,,,,,,,,,,,,,,,,,,,,,,,,,,,
6,0,5.052491664886475,,70,,0,2232,,,1.3735331917802494,3,16276480,218,,,270.31,,0.0730224609375,0.5771551728248596,25365,3e-05,0.08,-0.0004099070647498593,-0.4393868813756853,0.18377643823623657,0.0011219028,0.72412463229266,,,,,,,,,,,,,,,,,,,,,,,,,,,,,
6,0,5.276599884033203,,105,,0,2232,,,1.3735331917802494,4,16281600,193,,,261.16,,0.0690673828125,0.511859118938446,25373,3e-05,0.08,-0.0005551761161768809,-0.4511876251548529,0.1421290636062622,0.0009082962,0.8603485061292304,,,,,,,,,,,,,,,,,,,,,,,,,,,,,
6,6,5.282727241516113,,142,,6,2238,,,1.4514236350854237,5,16286720,179,,,258.92,,0.0645751953125,0.41883939504623413,25381,3e-05,0.08,-0.0005106986718601547,-0.453754202183336,0.17745858430862427,0.001038172,1.078396675568365,,,,,,,,,,,,,,,,,,,,,,,,,,,,,
6,6,,,,,,2238,,,1.4514236350854237,,,,,,,,0.0820556640625,0.08325676620006561,25389,3e-05,0.08,5.4829537111800165e-05,-0.4866596500389278,0.2827795147895813,0.0019493218,0.6988273914845194,18.083333333333332,306,0.0057426768535959625,0.0012972493675154216,0.5612452030181885,1925,0.41427951388888884,0.15896103896103897,,,,,,,,,,,,,,,,,,,,,
,,,,,,,,,,,,,,,,,,,,,,,,,,,,,,,,,,,,4,0.92,5.043972730487585,12595200,263.16,2.0055810835463848,79.9279325392569,0,,,,,,,,,,,,,
,,,,,,,,,,,,,,,,,,,,,,,,,,,,,,,,,,,,4,0.61,4.829572847187519,12595200,281.29,3.102309483485095,129.0679119688546,1,,,,,,,,,,,,,
,,,,,,,,,,,,,,,,,,,,,,,,,,,,,,,,,,,,4,,,12595200,,,,,0.31000000000000005,0,217.8,0,0.92,0.61,6.0,0,0,0.92,0.92,0,0.0
6,0,5.12940788269043,4,3,440,0,2238,11,0.011,1.4514236350854237,1,16291840,1417,3e-05,15,265.87,12595200,,,,,,,,,,,,,,,,,,,,,,,,,,,,,,,,,,,,,,,
6,0,5.14421272277832,,37,,0,2238,,,1.4514236350854237,2,16296960,272,,,265.34,,0.08251953125,0.31368449330329895,25397,3e-05,0.08,0.0005861297337105498,-0.4770847842097282,0.38023436069488525,0.0008491621,0.8763602910272311,,,,,,,,,,,,,,,,,,,,,,,,,,,,,
6,0,4.937808036804199,,69,,0,2238,,,1.4514236350854237,3,16302080,220,,,269.98,,0.0669921875,0.1338641345500946,25405,3e-05,0.08,-0.00014665026537841186,-0.4781730893068016,0.3819890022277832,0.0013626524,0.8842210620525293,,,,,,,,,,,,,,,,,,,,,,,,,,,,,
6,6,4.766103744506836,,102,,6,2244,,,1.327538429449002,4,16307200,199,,,275.2,,0.081103515625,0.028168581426143646,25413,3e-05,0.08,3.7929159589111807e-06,-0.4925115963444114,0.46268153190612793,0.0017871719,1.0424172983330209,,,,,,,,,,,,,,,,,,,,,,,,,,,,,
6,0,4.662161350250244,,135,,0,2244,,,1.327538429449002,5,16312320,188,,,280.25,,0.0884765625,0.24992048740386963,25421,3e-05,0.08,0.00024951701052486894,-0.48594484822824596,0.46524667739868164,0.0015290726,1.1512087418581358,,,,,,,,,,,,,,,,,,,,,,,,,,,,,
6,0,,,,,,2244,,,1.327538429449002,,,,,,,,0.08828125,2.581139326095581,25429,3e-05,0.08,0.00016414911078754812,-0.5107931364327669,0.5149492025375366,0.0009531019,1.0452499493956566,18.166666666666668,306,0.005725547868449848,0.001306384174142969,0.5599943399429321,1925,0.4102647569444445,0.15896103896103897,,,,,,,,,,,,,,,,,,,,,
,,,,,,,,,,,,,,,,,,,,,,,,,,,,,,,,,,,,4,0.87,5.400114399194718,12620800,253.97,2.0494369154052183,86.3599971051412,0,,,,,,,,,,,,,
,,,,,,,,,,,,,,,,,,,,,,,,,,,,,,,,,,,,4,0.5,4.166347422990948,12620800,311.63,3.127080360984278,129.68798363765242,1,,,,,,,,,,,,,
,,,,,,,,,,,,,,,,,,,,,,,,,,,,,,,,,,,,4,,,12620800,,,,,0.37,0,217.8,0,0.87,0.5,6.0,0,0,0.87,0.87,0,0.0
6,0,4.562213897705078,4,3,440,0,2244,11,0.011,1.327538429449002,1,16317440,1474,3e-05,15,286.86,12620800,,,,,,,,,,,,,,,,,,,,,,,,,,,,,,,,,,,,,,,
6,0,4.636031627655029,,36,,0,2244,,,1.327538429449002,2,16322560,278,,,282.84,,0.062255859375,1.1162214279174805,25437,3e-05,0.08,-0.0003533631417667493,-0.48613214306533337,0.6016808152198792,0.0011560554,0.9226597568253055,,,,,,,,,,,,,,,,,,,,,,,,,,,,,
6,6,4.821504592895508,,71,,6,2250,,,1.3576777117947738,3,16327680,213,,,275.49,,0.090380859375,0.45803558826446533,25445,3e-05,0.08,-0.00010320608707843348,-0.5096065057441592,0.4803963303565979,0.0019567222,1.3697804892668501,,,,,,,,,,,,,,,,,,,,,,,,,,,,,
6,0,5.231090068817139,,1344,,0,2250,,,1.3576777117947738,4,16332800,15,,,261.37,,0.07109375,0.044131744652986526,25453,3e-05,0.08,-0.0005690484744263813,-0.48514829790219666,0.4193155765533447,0.0009951292,1.15982755710138,,,,,,,,,,,,,,,,,,,,,,,,,,,,,
6,0,5.253999710083008,,1381,,0,2250,,,1.3576777117947738,5,16337920,18,,,259.57,,0.0927001953125,1.061302661895752,25461,3e-05,0.08,0.0012678494909778236,-0.5114900387823582,0.22047924995422363,0.0025708065,1.3350402418640441,,,,,,,,,,,,,,,,,,,,,,,,,,,,,
6,0,,,,,,2250,,,1.3576777117947738,,,,,,,,0.077880859375,0.3400675356388092,25469,3e-05,0.08,-0.00015615545125911013,-0.478108465205878,0.3945862054824829,0.0012662713,0.8480675940401852,18.0,306,0.005720971283593417,0.0012899810989393658,0.5604332089424133,1925,0.4090711805555555,0.15896103896103897,,,,,,,,,,,,,,,,,,,,,
,,,,,,,,,,,,,,,,,,,,,,,,,,,,,,,,,,,,4,0.92,5.2002680566906925,12646400,258.74,1.9190994944725746,78.93904230480629,0,,,,,,,,,,,,,
,,,,,,,,,,,,,,,,,,,,,,,,,,,,,,,,,,,,4,0.49,4.068868727888912,12646400,315.51,3.0785524705874745,129.0977532724718,1,,,,,,,,,,,,,
,,,,,,,,,,,,,,,,,,,,,,,,,,,,,,,,,,,,4,,,12646400,,,,,0.43000000000000005,0,217.8,0,0.92,0.49,6.0,0,0,0.92,0.92,0,0.0
6,0,5.210606575012207,4,3,440,0,2250,11,0.011,1.3576777117947738,1,16343040,1454,3e-05,15,258.25,12646400,,,,,,,,,,,,,,,,,,,,,,,,,,,,,,,,,,,,,,,
6,6,5.187438488006592,,35,,6,2256,,,1.3547634122272332,2,16348160,290,,,259.34,,0.089453125,0.5371939539909363,25477,3e-05,0.08,4.8674413119442764e-05,-0.48944980185478926,0.40090590715408325,0.0012679833,0.8293578526237979,,,,,,,,,,,,,,,,,,,,,,,,,,,,,
6,0,5.193716049194336,,72,,0,2256,,,1.3547634122272332,3,16353280,211,,,258.9,,0.0739501953125,0.07646328210830688,25485,3e-05,0.08,-0.0006344741603243164,-0.47163872271776197,0.5332842469215393,0.0017266001,0.9788678948068992,,,,,,,,,,,,,,,,,,,,,,,,,,,,,
6,0,4.920656681060791,,104,,0,2256,,,1.3547634122272332,4,16358400,195,,,271.24,,0.0852294921875,0.034239739179611206,25493,3e-05,0.08,0.0010424727224744856,-0.49856220027431847,0.45956695079803467,0.0012676365,0.6741566815413534,,,,,,,,,,,,,,,,,,,,,,,,,,,,,
6,0,4.899167060852051,,141,,0,2256,,,1.3547634122272332,5,16363520,180,,,274.19,,0.0751953125,0.24441027641296387,25501,3e-05,0.08,0.00023746866063447669,-0.4923054941929877,0.4221075177192688,0.0014167391,0.8957875893684104,,,,,,,,,,,,,,,,,,,,,,,,,,,,,
6,0,,,,,,2256,,,1.3547634122272332,,,,,,,,0.05625,0.7658988237380981,25509,3e-05,0.08,-0.0002614041019114666,-0.4864166697487235,0.4130171537399292,0.00087555184,0.9409625120169949,17.916666666666668,306,0.005723504257426322,0.001273436686454745,0.5603683590888977,1925,0.408203125,0.15896103896103897,,,,,,,,,,,,,,,,,,,,,
,,,,,,,,,,,,,,,,,,,,,,,,,,,,,,,,,,,,4,0.93,5.48104651376605,12672000,247.46,1.9363375340204012,77.88676652679838,0,,,,,,,,,,,,,
,,,,,,,,,,,,,,,,,,,,,,,,,,,,,,,,,,,,4,0.46,3.8223167902231214,12672000,323.1,3.1688287238561927,128.16813176449128,1,,,,,,,,,,,,,
,,,,,,,,,,,,,,,,,,,,,,,,,,,,,,,,,,,,4,,,12672000,,,,,0.47000000000000003,0,217.8,1,0.93,0.46,6.0,0,0,0.93,0.93,0,0.0
6,6,4.877452850341797,4,3,440,6,2262,11,0.011,1.3302171068886917,1,16368640,1495,3e-05,15,275.17,12672000,,,,,,,,,,,,,,,,,,,,,,,,,,,,,,,,,,,,,,,
6,0,4.7834391593933105,,36,,0,2262,,,1.3302171068886917,2,16373760,282,,,278.01,,0.0797119140625,0.020132921636104584,25517,3e-05,0.08,0.0001934591171448119,-0.4672608721069992,0.4060629606246948,0.0008277898,0.865327199670719,,,,,,,,,,,,,,,,,,,,,,,,,,,,,
6,0,4.815258026123047,,68,,0,2262,,,1.3302171068886917,3,16378880,223,,,277.76,,0.08798828125,0.10258117318153381,25525,3e-05,0.08,0.0007460308494046331,-0.49211321119219065,0.40627169609069824,0.0022918866,1.185261107858969,,,,,,,,,,,,,,,,,,,,,,,,,,,,,
6,0,4.88606071472168,,106,,0,2262,,,1.3302171068886917,4,16384000,192,,,273.76,,0.08740234375,0.12211894989013672,25533,3e-05,0.08,0.0007073848391883075,-0.4944359100423753,0.20039451122283936,0.0023453357,1.4944294484608691,,,,,,,,,,,,,,,,,,,,,,,,,,,,,
6,6,4.732434272766113,,141,,6,2268,,,1.3611897925535839,5,16389120,181,,,279.86,,0.071826171875,0.7029446363449097,25541,3e-05,0.08,-0.0008682308805873617,-0.4860560497269034,0.18460023403167725,0.00088206213,0.766002713087073,,,,,,,,,,,,,,,,,,,,,,,,,,,,,
6,6,,,,,,2268,,,1.3611897925535839,,,,,,,,0.069580078125,0.5587288737297058,25549,3e-05,0.08,-0.0005004376842407509,-0.46588052082806825,0.24444681406021118,0.0012409799,0.8105368793156231,18.083333333333332,306,0.00571613603071728,0.0012807249650238686,0.5595634579658508,1925,0.40939670138888884,0.15896103896103897,,,,,,,,,,,,,,,,,,,,,
,,,,,,,,,,,,,,,,,,,,,,,,,,,,,,,,,,,,4,0.87,5.125671297311783,12697600,262.89,2.0654811688245487,85.82201291044157,0,,,,,,,,,,,,,
,,,,,,,,,,,,,,,,,,,,,,,,,,,,,,,,,,,,4,0.58,4.6282258783280845,12697600,288.47,3.193587502537924,131.58704001534497,1,,,,,,,,,,,,,
,,,,,,,,,,,,,,,,,,,,,,,,,,,,,,,,,,,,4,,,12697600,,,,,0.29000000000000004,0,217.8,0,0.87,0.58,6.0,0,0,0.87,0.87,0,0.0
6,0,4.661664962768555,4,3,440,0,2268,11,0.011,1.3611897925535839,1,16394240,1466,3e-05,15,282.31,12697600,,,,,,,,,,,,,,,,,,,,,,,,,,,,,,,,,,,,,,,
6,0,4.9871697425842285,,40,,0,2268,,,1.3611897925535839,2,16399360,255,,,268.2,,0.074072265625,0.831542432308197,25557,3e-05,0.08,0.0008861844267812558,-0.49037543553859,0.2696107029914856,0.001031496,1.043978085910203,,,,,,,,,,,,,,,,,,,,,,,,,,,,,
6,6,5.113271713256836,,76,,6,2274,,,1.371100443104903,3,16404480,200,,,263.0,,0.0694580078125,0.04178428649902344,25565,3e-05,0.08,0.00010897976171690971,-0.48711382076144216,0.2655702233314514,0.0011676542,0.8759504181391093,,,,,,,,,,,,,,,,,,,,,,,,,,,,,
6,0,5.171114444732666,,112,,0,2274,,,1.371100443104903,4,16409600,182,,,261.72,,0.075,1.0985661745071411,25573,3e-05,0.08,-7.407984521705658e-05,-0.4833695919252932,0.4156114459037781,0.001085688,0.8392226068070159,,,,,,,,,,,,,,,,,,,,,,,,,,,,,
6,0,5.241692066192627,,149,,0,2274,,,1.371100443104903,5,16414720,171,,,257.87,,0.065966796875,1.2600948810577393,25581,3e-05,0.08,-0.00034524747752584517,-0.49235890340059996,0.38952648639678955,0.00097461126,0.9959186332707759,,,,,,,,,,,,,,,,,,,,,,,,,,,,,
6,0,,,,,,2274,,,1.371100443104903,,,,,,,,0.0716064453125,0.7231137156486511,25589,3e-05,0.08,-0.00025215449422830714,-0.5053556417115033,0.383766233921051,0.0009843532,0.9084818014060148,17.833333333333332,306,0.005732505561084057,0.0012866120917588663,0.5594114065170288,1925,0.4078776041666667,0.15896103896103897,,,,,,,,,,,,,,,,,,,,,
,,,,,,,,,,,,,,,,,,,,,,,,,,,,,,,,,,,,4,0.92,5.102253267914056,12723200,261.27,1.9501764190223145,78.4101849251741,0,,,,,,,,,,,,,
,,,,,,,,,,,,,,,,,,,,,,,,,,,,,,,,,,,,4,0.58,4.450920730531216,12723200,295.8,3.0688196270854613,126.95290465365493,1,,,,,,,,,,,,,
,,,,,,,,,,,,,,,,,,,,,,,,,,,,,,,,,,,,4,,,12723200,,,,,0.3400000000000001,0,217.8,0,0.92,0.58,6.0,0,0,0.92,0.92,0,0.0
6,0,5.217748641967773,4,3,440,0,2274,11,0.011,1.371100443104903,1,16419840,1423,3e-05,15,257.87,12723200,,,,,,,,,,,,,,,,,,,,,,,,,,,,,,,,,,,,,,,
6,6,5.115136623382568,,35,,6,2280,,,1.2817007588843505,2,16424960,290,,,264.46,,0.067236328125,0.08734091371297836,25597,3e-05,0.08,9.928125364240259e-05,-0.4778722062706947,0.5088409185409546,0.0010624597,0.6995892831910169,,,,,,,,,,,,,,,,,,,,,,,,,,,,,
6,0,5.119416236877441,,66,,0,2280,,,1.2817007588843505,3,16430080,229,,,263.69,,0.0623046875,0.012836437672376633,25605,3e-05,0.08,3.534696443239227e-05,-0.5128569935448468,0.5859770774841309,0.0008657068,1.0113743077323307,,,,,,,,,,,,,,,,,,,,,,,,,,,,,
6,0,4.997931957244873,,101,,0,2280,,,1.2817007588843505,4,16435200,202,,,267.25,,0.072412109375,0.062445640563964844,25613,3e-05,0.08,-0.0001462081985664554,-0.48184842579066756,0.3678492307662964,0.0011131049,1.468874743100605,,,,,,,,,,,,,,,,,,,,,,,,,,,,,
6,0,5.018576145172119,,131,,0,2280,,,1.2817007588843505,5,16440320,194,,,266.35,,0.0765380859375,0.0445154532790184,25621,3e-05,0.08,0.0005773044918896631,-0.4915410650894046,0.512168288230896,0.0011879767,1.026874171185773,,,,,,,,,,,,,,,,,,,,,,,,,,,,,
6,0,,,,,,2280,,,1.2817007588843505,,,,,,,,0.06533203125,0.018179304897785187,25629,3e-05,0.08,0.00020205122273182498,-0.48178022252395747,0.4296431541442871,0.0009149024,1.6865610693348572,17.833333333333332,307,0.005705116269175792,0.0012688043695258417,0.5576217770576477,1925,0.4078776041666667,0.15948051948051947,,,,,,,,,,,,,,,,,,,,,
,,,,,,,,,,,,,,,,,,,,,,,,,,,,,,,,,,,,4,0.94,5.526463470458984,12748800,244.11,1.8111185478518403,70.95729631264146,0,,,,,,,,,,,,,
,,,,,,,,,,,,,,,,,,,,,,,,,,,,,,,,,,,,4,0.57,4.655326999351383,12748800,290.64,3.1067153368890352,132.1489704840715,1,,,,,,,,,,,,,
,,,,,,,,,,,,,,,,,,,,,,,,,,,,,,,,,,,,4,,,12748800,,,,,0.37,0,217.8,1,0.94,0.57,6.0,0,0,0.94,0.94,0,0.0
6,6,5.141981601715088,4,3,440,6,2286,11,0.011,1.3362474739551544,1,16445440,1447,3e-05,15,261.3,12748800,,,,,,,,,,,,,,,,,,,,,,,,,,,,,,,,,,,,,,,
6,0,5.193622589111328,,40,,0,2286,,,1.3362474739551544,2,16450560,253,,,256.87,,0.072705078125,0.5906301736831665,25637,3e-05,0.08,0.0005785843663034029,-0.4894216241315007,0.48546451330184937,0.0009667229,0.8988670113030821,,,,,,,,,,,,,,,,,,,,,,,,,,,,,
6,0,5.188788414001465,,77,,0,2286,,,1.3362474739551544,3,16455680,198,,,258.17,,0.0603271484375,0.21923519670963287,25645,3e-05,0.08,-0.0004362170468084514,-0.4937736950814724,0.5247142910957336,0.0012288056,1.0504861145513131,,,,,,,,,,,,,,,,,,,,,,,,,,,,,
6,0,5.247661113739014,,113,,0,2286,,,1.3362474739551544,4,16460800,180,,,256.23,,0.07666015625,0.3671596944332123,25653,3e-05,0.08,0.0003882533521391451,-0.50309082493186,0.5950005054473877,0.0016882655,1.176204176270403,,,,,,,,,,,,,,,,,,,,,,,,,,,,,
6,6,5.147197246551514,,147,,6,2292,,,1.3629483704765637,5,16465920,173,,,260.71,,0.082861328125,0.2544575035572052,25661,3e-05,0.08,0.000269298767670989,-0.4966302772983909,0.4719200134277344,0.0010402531,0.9353553552471567,,,,,,,,,,,,,,,,,,,,,,,,,,,,,
6,6,,,,,,2292,,,1.3629483704765637,,,,,,,,0.0693359375,0.0520644411444664,25669,3e-05,0.08,0.0003226875342079438,-0.5161668449640274,0.4309736490249634,0.00142591,1.1471834466909059,17.666666666666668,307,0.0056887208386691545,0.0012524920341538575,0.5566424131393433,1925,0.40668402777777785,0.15948051948051947,,,,,,,,,,,,,,,,,,,,,
,,,,,,,,,,,,,,,,,,,,,,,,,,,,,,,,,,,,4,0.9,5.005281606744975,12774400,264.8,2.1313932926612584,83.65333227074699,0,,,,,,,,,,,,,
,,,,,,,,,,,,,,,,,,,,,,,,,,,,,,,,,,,,4,0.53,4.288841181993485,12774400,304.04,3.2736359043215097,130.21427878692873,1,,,,,,,,,,,,,
,,,,,,,,,,,,,,,,,,,,,,,,,,,,,,,,,,,,4,,,12774400,,,,,0.37,0,217.8,0,0.9,0.53,6.0,0,0,0.9,0.9,0,0.0
6,0,5.090743541717529,4,3,440,0,2292,11,0.011,1.3629483704765637,1,16471040,1419,3e-05,15,263.02,12774400,,,,,,,,,,,,,,,,,,,,,,,,,,,,,,,,,,,,,,,
6,0,5.139103889465332,,39,,0,2292,,,1.3629483704765637,2,16476160,261,,,262.1,,0.08955078125,0.3987063467502594,25677,3e-05,0.08,0.0005159189691767097,-0.5287379299290478,0.4972912669181824,0.0013394475,0.8059790049039293,,,,,,,,,,,,,,,,,,,,,,,,,,,,,
6,0,5.18565559387207,,79,,0,2292,,,1.3629483704765637,3,16481280,193,,,258.6,,0.0888916015625,1.3703399896621704,25685,3e-05,0.08,0.00024149154487531632,-0.5279315935447813,0.3640602231025696,0.001042328,1.170626614720095,,,,,,,,,,,,,,,,,,,,,,,,,,,,,
