time/total_timesteps,time/iterations,rollout/ep_len_mean,time/time_elapsed,time/fps,rollout/ep_rew_mean,train/loss,curriculum/stage,train/stage_learning_rate,train/learning_rate,train/clip_range,train/approx_kl,train/value_loss,train/explained_variance,curriculum/stage_timesteps,train/entropy_loss,train/n_updates,train/clip_fraction,curriculum/max_steps,curriculum/grid_size,train/policy_gradient_loss,train/ent_coef,curriculum/obs_quantity,eval/stage_timesteps,eval/mean_ep_length,eval/mean_reward,eval/full_coverage_rate,eval/stage,eval/std_reward,eval/deterministic,eval/std_ep_length
5120,1,160.5,3,1615,2.54703688621521,,,,,,,,,,,,,,,,,,,,,,,,,
10240,1,154.22222222222223,2,2069,2.883657693862915,1.4417482614517212,1,0.0001,0.0001,0.2,0.0008277772,3.1256130528450012,-0.025378108024597168,0,-1.0740133547782897,5,0.0,200,5,-0.0015052487282082438,0.02,3,,,,,,,,
15360,2,152.5979381443299,6,1592,2.7873592376708984,1.3815066814422607,,,0.0001,0.2,0.0063476325,2.6335912847518923,0.026424527168273926,,-1.066538348197937,10,0.026171875,,,-0.005619945386424661,,,,,,,,,,
20480,3,132.79,10,1469,4.059970855712891,0.8885380029678345,,,0.0001,0.2,0.005505188,2.0023077058792116,0.14099013805389404,,-1.008225190639496,15,0.0365625,,,-0.007333694626577198,,,,,,,,,,
25600,4,120.07,14,1431,4.741334915161133,1.0711541175842285,,,0.0001,0.2,0.007152289,2.2824420773983003,0.14454680681228638,,-1.016533792614937,20,0.024765625,,,-0.005168069861829281,,,,,,,,,,
30720,5,113.42,18,1408,4.880578994750977,0.6514199376106262,,,0.0001,0.2,0.008645149,1.7723502326011658,0.13706088066101074,,-1.0082466292381287,25,0.0660546875,,,-0.00962715560104698,,,,,,,,,,
35840,6,101.04,22,1392,5.410089492797852,0.759807825088501,,,0.0001,0.2,0.0086866,1.6721589410305022,0.07513552904129028,,-0.9891614580154419,30,0.1059765625,,,-0.009533353955484927,,,,,,,,,,
40960,7,87.07,25,1387,5.999584197998047,0.4940059185028076,,,0.0001,0.2,0.005936052,1.4097812831401826,0.11213994026184082,,-0.9629112374782562,35,0.048984375,,,-0.004989607180468738,,,,,,,,,,
46080,8,80.83,29,1387,6.061221122741699,0.5582947731018066,,,0.0001,0.2,0.008251977,1.2115883308649062,0.14861422777175903,,-0.949488200545311,40,0.077890625,,,-0.007482476294972003,,,,,,,,,,
51200,9,79.51,33,1388,6.127289295196533,0.36725324392318726,,,0.0001,0.2,0.008535158,0.9016155689954758,0.16514015197753906,,-0.9050132930278778,45,0.0806640625,,,-0.004685131022706628,,,,,,,,,,
56320,10,72.7,36,1391,6.488215446472168,0.34513306617736816,,,0.0001,0.2,0.0071656317,0.8402975100278854,0.21760761737823486,,-0.8990912991762161,50,0.0855859375,,,-0.004929527873173356,,,,,,,,,,
61440,1,67.82,2,2326,6.593624114990234,0.3445194661617279,1,0.0001,0.0001,0.2,0.006582491,0.7452292448282242,0.24183368682861328,51200,-0.8794959568977356,55,0.0809375,200,5,-0.0076059670560061935,0.010272,3,,,,,,,,
66560,2,63.84,5,1739,6.802363395690918,0.28139573335647583,,,0.0001,0.2,0.007259261,0.6414652737975121,0.29301345348358154,,-0.8789179855585099,60,0.077578125,,,-0.007045298279263079,,,,,,,,,,
71680,3,62.14,9,1613,6.727261543273926,0.2659686505794525,,,0.0001,0.2,0.0065979683,0.5249957230687141,0.31086307764053345,,-0.857858949303627,65,0.0683203125,,,-0.00572815824765712,,,,,,,,,,
76800,4,59.15,13,1560,6.928903579711914,0.21566234529018402,,,0.0001,0.2,0.0069063352,0.5131215074658394,0.39725059270858765,,-0.8369083654880524,70,0.0807421875,,,-0.007889002952724695,,,,,,,,,,
81920,5,52.88,17,1473,7.103772163391113,0.20196367800235748,,,0.0001,0.2,0.008512881,0.45942692905664445,0.28820353746414185,,-0.7906288015842438,75,0.0812109375,,,-0.007631565143819899,,,,,,,,,,
87040,6,50.7,21,1437,7.2131242752075195,0.14192534983158112,,,0.0001,0.2,0.007981518,0.35553964734077453,0.39652591943740845,,-0.7471764880418778,80,0.111640625,,,-0.009081391184590757,,,,,,,,,,
92160,7,59.23,25,1394,6.89167594909668,0.11210375279188156,,,0.0001,0.2,0.007874576,0.24864935532212257,0.4037136435508728,,-0.725288308262825,85,0.1137109375,,,-0.00683182873763144,,,,,,,,,,
97280,8,49.15,29,1384,7.197085380554199,0.1150226891040802,,,0.0001,0.2,0.008016094,0.2421378256380558,0.4819854497909546,,-0.7726814502477646,90,0.074375,,,-0.0058612415939569475,,,,,,,,,,
102400,9,45.63,33,1363,7.327177047729492,0.08600125461816788,,,0.0001,0.2,0.0064482046,0.25840242445468903,0.5209525227546692,,-0.7097602224349976,95,0.0898046875,,,-0.007479506745003164,,,,,,,,,,
107520,10,51.23,37,1359,7.053221225738525,0.06542187929153442,,,0.0001,0.2,0.006340754,0.19859626933932303,0.4654550552368164,,-0.6771124678850174,100,0.0646484375,,,-0.0017470201011747122,,,,,,,,,,
,,,,,,0.08062756061553955,,,0.0001,0.2,0.0050686644,0.2232104307413101,0.6900736093521118,,-0.6730398178100586,105,0.065234375,,,-0.004098448483273387,,,102400,52.54,6.917397274971008,0.97,1,1.8769315147162484,0,33.58792044768476
112640,1,47.43,3,1637,7.22683572769165,,1,0.0001,,,,,,102400,,,,200,5,,0.0010000000000000009,3,,,,,,,,
117760,2,45.56,7,1401,7.30247688293457,0.11069653928279877,,,0.0001,0.2,0.008612961,0.23370770052075385,0.5766267776489258,,-0.6423120921850205,110,0.08125,,,-0.004213058082386851,,,,,,,,,,
122880,3,48.75,11,1380,7.072403430938721,0.11882390081882477,,,0.0001,0.2,0.008374192,0.24363992601633072,0.6338837146759033,,-0.6333267438411713,115,0.0859375,,,-0.002843925287015736,,,,,,,,,,
128000,4,41.7,15,1364,7.380738735198975,0.10468028485774994,,,0.0001,0.2,0.0044294586,0.2388453060388565,0.6283650398254395,,-0.5856495779752732,120,0.06484375,,,-0.00220437943469733,,,,,,,,,,
133120,5,43.87,19,1334,7.3425397872924805,0.11137058585882187,,,0.0001,0.2,0.006073526,0.24777693927288055,0.49885857105255127,,-0.5641819459199905,125,0.0666796875,,,-0.0036152557143941523,,,,,,,,,,
138240,6,41.95,23,1334,7.3648576736450195,0.058115337044000626,,,0.0001,0.2,0.008574446,0.1595984950661659,0.5801535844802856,,-0.5426053711771965,130,0.0751171875,,,-0.005462455772794783,,,,,,,,,,
143360,7,38.82,26,1335,7.468647480010986,0.085471510887146,,,0.0001,0.2,0.006313823,0.17149847254157066,0.606598973274231,,-0.5037612995505333,135,0.0712109375,,,-0.0040986343752592806,,,,,,,,,,
148480,8,41.29,30,1331,7.3052544593811035,0.05660382658243179,,,0.0001,0.2,0.0063006887,0.13530138276517392,0.5661159753799438,,-0.47680575877428055,140,0.076484375,,,-0.0043825688771903515,,,,,,,,,,
153600,9,35.73,34,1331,7.519959926605225,0.06363323330879211,,,0.0001,0.2,0.0047319965,0.16379526033997535,0.6969467997550964,,-0.48491214513778685,145,0.064375,,,-0.0028276433516293766,,,,,,,,,,
158720,10,39.0,38,1336,7.370522499084473,0.05487954989075661,,,0.0001,0.2,0.007901646,0.10900065578520297,0.5979007482528687,,-0.4307072713971138,150,0.0853515625,,,-0.00528395623434335,,,,,,,,,,
,,,,,,0.033458154648542404,,,0.0001,0.2,0.006938578,0.10109003178775311,0.7444448471069336,,-0.4034168529510498,155,0.0744921875,,,-0.001879690457135439,,,153600,40.05,7.246778130531311,0.98,1,1.7286711014841358,0,27.331803818994455
163840,1,35.24,2,2126,7.525249481201172,,1,0.0001,,,,,,153600,,,,200,5,,0.0010000000000000009,3,,,,,,,,
168960,2,38.16,6,1629,7.380954742431641,0.03516855090856552,,,0.0001,0.2,0.0071516945,0.07254340164363385,0.6404914855957031,,-0.379828542470932,160,0.0630859375,,,-0.002139494237489998,,,,,,,,,,
174080,3,36.93,10,1517,7.384914398193359,0.05418883636593819,,,0.0001,0.2,0.0061864452,0.12303876101970673,0.7500972747802734,,-0.39840463250875474,165,0.066875,,,-0.0009799835830926896,,,,,,,,,,
179200,4,36.55,13,1478,7.344244003295898,0.06808184087276459,,,0.0001,0.2,0.0071877902,0.16603533580899238,0.7306433916091919,,-0.3885300296545029,170,0.0623046875,,,-0.0016089509800076484,,,,,,,,,,
184320,5,36.48,17,1449,7.374635696411133,0.0614175945520401,,,0.0001,0.2,0.007302613,0.13800097800791264,0.7301185131072998,,-0.3622266101837158,175,0.0594921875,,,-0.0033374028466641903,,,,,,,,,,
189440,6,34.61,21,1427,7.509550094604492,0.035916414111852646,,,0.0001,0.2,0.009382146,0.11135285884141922,0.7708612680435181,,-0.33414178222417834,180,0.0747265625,,,-0.006002755109220743,,,,,,,,,,
194560,7,38.24,25,1415,7.308682441711426,0.06307577341794968,,,0.0001,0.2,0.009913772,0.15572165094316007,0.7124655246734619,,-0.3302588877081871,185,0.0757421875,,,-0.0016744973557069897,,,,,,,,,,
199680,8,32.57,28,1414,7.574300765991211,0.07677926868200302,,,0.0001,0.2,0.0057218797,0.15360646769404412,0.7922286987304688,,-0.3295742052793503,190,0.055390625,,,-0.00033503768034279344,,,,,,,,,,
204800,9,36.59,32,1411,7.307857036590576,0.02703246660530567,,,0.0001,0.2,0.00637367,0.10254536263644695,0.7050089836120605,,-0.2838840928673744,195,0.0587109375,,,-0.0028347080387175084,,,,,,,,,,
209920,10,33.77,36,1412,7.51702880859375,0.05961357057094574,,,0.0001,0.2,0.010406337,0.11758213445544242,0.8049070835113525,,-0.2931652358174324,200,0.0649609375,,,-0.001509193447418511,,,,,,,,,,
,,,,,,0.10023666173219681,,,0.0001,0.2,0.0044639437,0.17301645159721374,0.7550742626190186,,-0.2770356570184231,205,0.0508984375,,,0.00016015570377931,,,204800,33.63,7.536039505004883,1.0,1,0.2893260421834755,0,11.755556133165287
,,,,,,,,,,,,,,,,,,,,,,,204800,34.1,7.507556562423706,1.0,1,0.42844368973321284,0,15.20690632574555
,,,,,,,,,,,,,,,,,,,,,,,204800,34.22,7.508988347053528,1.0,1,0.42604535877280997,0,15.741397650780568
215040,1,62.73,3,1600,7.347972869873047,,,,,,,,,,,,,,,,,,,,,,,,,
220160,1,106.53,2,1977,6.966319561004639,1.5064204931259155,2,0.0002,0.0002,0.2,0.013499873,2.3473365890979765,0.3220289945602417,0,-0.508216901421547,210,0.158984375,320,8,0.0019529422419145702,0.008,8,,,,,,,,
225280,2,139.44,6,1575,6.7746686935424805,0.7612269520759583,,,0.0002,0.2,0.012927646,1.1465906083583832,0.12203788757324219,,-0.47430752098560336,215,0.121328125,,,0.00013433404266834258,,,,,,,,,,
230400,3,128.68,10,1482,6.931342601776123,0.41477665305137634,,,0.0002,0.2,0.013460845,0.8549283421039582,0.09129506349563599,,-0.39822080940008164,220,0.1011328125,,,-0.0006563810189254581,,,,,,,,,,
235520,4,130.1,14,1438,6.906903266906738,0.33254504203796387,,,0.0002,0.2,0.011313699,0.7398923939466476,0.271709680557251,,-0.39716555893421174,225,0.1141796875,,,-0.0003380705369636416,,,,,,,,,,
240640,5,127.87,18,1420,6.999774932861328,0.24000129103660583,,,0.0002,0.2,0.015270984,0.4896873879432678,0.4437375068664551,,-0.3948379266262054,230,0.1113671875,,,-0.00015027152374386788,,,,,,,,,,
245760,6,127.22,21,1406,7.021510601043701,0.2608720660209656,,,0.0002,0.2,0.016865632,0.4815391913056374,0.41541051864624023,,-0.35578110575675964,235,0.1264453125,,,-0.001748308432288468,,,,,,,,,,
250880,7,133.1,25,1391,6.6651129722595215,0.16791440546512604,,,0.0002,0.2,0.011443962,0.356134215593338,0.4274243712425232,,-0.35509896367788313,240,0.0916015625,,,0.00222396585624665,,,,,,,,,,
256000,8,130.26,29,1382,6.524135112762451,0.12199150770902634,,,0.0002,0.2,0.014568342,0.3346997547149658,0.6245577931404114,,-0.3547436672449112,245,0.10125,,,0.0008160789357498288,,,,,,,,,,
261120,9,123.35,33,1378,6.874251842498779,0.18231233954429626,,,0.0002,0.2,0.014203588,0.38661289125680925,0.6972253918647766,,-0.3819491150975227,250,0.1015234375,,,0.00032921893522143365,,,,,,,,,,
266240,10,117.88,37,1358,7.044851303100586,0.20919090509414673,,,0.0002,0.2,0.011736709,0.40430096417665484,0.6569547653198242,,-0.32928342938423155,255,0.0902734375,,,0.0002795617189258337,,,,,,,,,,
271360,1,118.96,2,1828,7.017096996307373,0.16816549003124237,2,0.00016586666666666667,0.0002,0.2,0.014892255,0.34378604978322985,0.7433111667633057,51200,-0.35434736162424085,260,0.106015625,320,8,0.0009442778071388602,0.006805333333333333,8,,,,,,,,
276480,2,121.68,6,1486,6.937757968902588,0.18981482088565826,,,0.00016586666666666667,0.2,0.0075059854,0.3903451220691204,0.6993489265441895,,-0.3681753641366959,265,0.07921875,,,0.0017301237164065242,,,,,,,,,,
281600,3,121.22,11,1374,6.861787796020508,0.16298002004623413,,,0.00016586666666666667,0.2,0.009695193,0.3715121611952782,0.7952475547790527,,-0.35469615668058396,270,0.0819140625,,,0.0007411243440583348,,,,,,,,,,
286720,4,115.81,15,1317,6.968884468078613,0.16444814205169678,,,0.00016586666666666667,0.2,0.008611734,0.35085840463638307,0.8391914367675781,,-0.3645196187496185,275,0.0859765625,,,-0.002063433206640184,,,,,,,,,,
291840,5,119.63,19,1298,6.867265701293945,0.18883341550827026,,,0.00016586666666666667,0.2,0.009876048,0.35835590660572053,0.684798002243042,,-0.2894723588228226,280,0.0746875,,,-0.0005935133621096611,,,,,,,,,,
296960,6,119.58,23,1290,6.834247589111328,0.24785378575325012,,,0.00016586666666666667,0.2,0.006820687,0.4171450999379158,0.7853872776031494,,-0.3197021862864494,285,0.0765625,,,0.00023645819164812564,,,,,,,,,,
302080,7,126.43,27,1292,6.6894707679748535,0.26251184940338135,,,0.00016586666666666667,0.2,0.008650763,0.4968429458141327,0.8206550478935242,,-0.3437786027789116,290,0.092265625,,,-0.0015056717116385698,,,,,,,,,,
307200,8,124.15,31,1292,6.6719136238098145,0.24792347848415375,,,0.00016586666666666667,0.2,0.009298755,0.5588406386971474,0.7895596623420715,,-0.3312666472792625,295,0.068515625,,,0.0010077294614166022,,,,,,,,,,
312320,9,116.78,35,1287,6.926755905151367,0.23777790367603302,,,0.00016586666666666667,0.2,0.0055506914,0.411116695702076,0.7699466347694397,,-0.2842664957046509,300,0.0649609375,,,-0.0018974290182814002,,,,,,,,,,
317440,10,121.3,39,1286,6.820868015289307,0.19765275716781616,,,0.00016586666666666667,0.2,0.011281488,0.47637115806341174,0.7533984780311584,,-0.2707321372628212,305,0.0619140625,,,-0.0010888634622097015,,,,,,,,,,
,,,,,,0.3193970024585724,,,0.00016586666666666667,0.2,0.013315784,0.4867551189661026,0.7816334962844849,,-0.30154657512903216,310,0.09984375,,,0.0009841155353933573,,,102400,118.49,7.067593808472156,0.96,2,1.8909510740898712,0,59.940886713494656
,,,,,,,,,,,,,,,,,,,,,,,102400,109.7,7.240340812802315,0.96,2,1.654327624761534,0,53.31013036937726
,,,,,,,,,,,,,,,,,,,,,,,102400,121.28,7.045070687234402,0.95,2,1.8728351935387548,0,63.358358564596664
322560,1,116.22,2,1912,6.9968719482421875,,2,0.00013173333333333336,,,,,,102400,,,,320,8,,0.006610666666666667,8,,,,,,,,
327680,2,118.5,6,1496,7.009912490844727,0.1802009642124176,,,0.00013173333333333336,0.2,0.005129335,0.3268305517733097,0.7719363570213318,,-0.28097069293260574,315,0.0674609375,,,-0.00046158871613442896,,,,,,,,,,
332800,3,121.47,10,1414,6.861846923828125,0.24418295919895172,,,0.00013173333333333336,0.2,0.0064366236,0.37518831580877304,0.7926093935966492,,-0.34312608689069746,320,0.073984375,,,-0.0027226620353758336,,,,,,,,,,
337920,4,117.37,15,1359,6.940808296203613,0.20813743770122528,,,0.00013173333333333336,0.2,0.006649739,0.3880810059607029,0.7484397888183594,,-0.3224995321035385,325,0.0656640625,,,-0.00241849702084437,,,,,,,,,,
343040,5,115.38,18,1348,7.075778961181641,0.20167283713817596,,,0.00013173333333333336,0.2,0.0054635336,0.4103668391704559,0.7952180504798889,,-0.3235555106401444,330,0.0741015625,,,-0.0014076579222455621,,,,,,,,,,
348160,6,109.39,22,1342,7.229355335235596,0.27942314743995667,,,0.00013173333333333336,0.2,0.007878738,0.5090201368927956,0.7587894797325134,,-0.31410922795534135,335,0.0719140625,,,-0.0034443058446049692,,,,,,,,,,
353280,7,108.22,26,1340,7.231907367706299,0.21801437437534332,,,0.00013173333333333336,0.2,0.0055479207,0.39492160648107527,0.7135072946548462,,-0.2890531378984451,340,0.070703125,,,-0.0018372068088501692,,,,,,,,,,
358400,8,112.55,30,1336,7.181314468383789,0.12532007694244385,,,0.00013173333333333336,0.2,0.007702022,0.3549818164110184,0.8137366771697998,,-0.30881230473518373,345,0.0751953125,,,-0.0017788158217445017,,,,,,,,,,
363520,9,114.16,34,1335,7.064722061157227,0.20021112263202667,,,0.00013173333333333336,0.2,0.00620703,0.4600805360078812,0.7252123355865479,,-0.29284105479717254,350,0.0578515625,,,-0.001908528336789459,,,,,,,,,,
368640,10,117.29,38,1334,6.956656455993652,0.14509142935276031,,,0.00013173333333333336,0.2,0.007956392,0.368934690952301,0.8394606709480286,,-0.32218970894813537,355,0.0848828125,,,-0.002645369148813188,,,,,,,,,,
,,,,,,0.15308788418769836,,,0.00013173333333333336,0.2,0.0074914345,0.4221193417906761,0.7890645265579224,,-0.28925765603780745,360,0.070234375,,,-0.0024837409006431698,,,153600,105.62,7.373439039587975,0.98,2,1.4120697423731559,0,45.83050948876741
,,,,,,,,,,,,,,,,,,,,,,,153600,114.62,7.082318417727947,0.95,2,1.9818906446165663,0,59.42722944913384
373760,1,120.53,2,1940,6.845714569091797,,2,0.0001,,,,,,153600,,,,320,8,,0.006416,8,,,,,,,,
378880,2,117.86,6,1595,7.048037052154541,0.15571454167366028,,,0.0001,0.2,0.0042181783,0.47735668838024137,0.8019604682922363,,-0.3027176278829575,365,0.04578125,,,-0.0011045748600736261,,,,,,,,,,
384000,3,115.92,10,1520,7.1880974769592285,0.2192031443119049,,,0.0001,0.2,0.0052443827,0.5281732136011124,0.7822245359420776,,-0.3199599611759186,370,0.0566015625,,,-0.0017868497828021645,,,,,,,,,,
389120,4,111.85,13,1485,7.253139019012451,0.21681499481201172,,,0.0001,0.2,0.006652443,0.4065652573108673,0.6847906708717346,,-0.25898891866207124,375,0.0545703125,,,-0.00490536933299154,,,,,,,,,,
394240,5,114.32,17,1460,7.1066155433654785,0.20625969767570496,,,0.0001,0.2,0.0064741424,0.4252228030562401,0.7004331946372986,,-0.2639162327349186,380,0.052265625,,,-0.0016720021981745958,,,,,,,,,,
399360,6,116.23,21,1443,7.007511138916016,0.15065285563468933,,,0.0001,0.2,0.0062429975,0.35355221092700956,0.7664114236831665,,-0.27127829387784,385,0.06828125,,,-0.0036291815666481854,,,,,,,,,,
404480,7,122.18,24,1438,6.878268241882324,0.2954109013080597,,,0.0001,0.2,0.005279373,0.4761877343058586,0.7533730268478394,,-0.29087410390377044,390,0.0501171875,,,-0.0017928551812656224,,,,,,,,,,
409600,8,127.68,28,1432,6.707249164581299,0.20828089118003845,,,0.0001,0.2,0.004724053,0.5276698708534241,0.7736872434616089,,-0.3172521334886551,395,0.0571484375,,,0.0004313266836106777,,,,,,,,,,
414720,9,126.03,32,1422,6.845498085021973,0.23364350199699402,,,0.0001,0.2,0.006566358,0.6158443388342857,0.7258560657501221,,-0.3148589661717415,400,0.0584765625,,,-0.0016524566756561398,,,,,,,,,,
419840,10,127.11,36,1416,6.826958179473877,0.30582955479621887,,,0.0001,0.2,0.005459606,0.6412228012084961,0.6214625835418701,,-0.30077975034713744,405,0.0626171875,,,-0.0024713993817567824,,,,,,,,,,
,,,,,,0.1767965853214264,,,0.0001,0.2,0.0035735525,0.4342044022679329,0.7351604700088501,,-0.30832812041044233,410,0.048125,,,-0.0021374343149363996,,,204800,120.13,6.896294929981232,0.93,2,2.3136354576296143,0,67.97700419994985
424960,1,125.62,2,1826,6.847046375274658,,2,0.0001,,,,,,204800,,,,320,8,,0.006221333333333334,8,,,,,,,,
430080,2,117.94,6,1468,7.114867687225342,0.2264709174633026,,,0.0001,0.2,0.005672478,0.5477778422832489,0.7276155948638916,,-0.27533996775746344,415,0.0553515625,,,-0.003116690358147025,,,,,,,,,,
435200,3,119.15,10,1410,7.036479949951172,0.2053067535161972,,,0.0001,0.2,0.005597661,0.42321541279554364,0.5248897671699524,,-0.24996584936976432,420,0.053203125,,,-0.00037364854011684656,,,,,,,,,,
440320,4,114.02,14,1382,7.095430850982666,0.17434372007846832,,,0.0001,0.2,0.006508374,0.4100364962220192,0.6438853740692139,,-0.27027311295270917,425,0.060703125,,,-0.002991405711509287,,,,,,,,,,
445440,5,110.27,18,1362,7.2566142082214355,0.12680061161518097,,,0.0001,0.2,0.004647501,0.35724452406167984,0.5559812784194946,,-0.261427011936903,430,0.0430859375,,,-0.002743531330488622,,,,,,,,,,
450560,6,115.28,22,1345,7.091276168823242,0.16018187999725342,,,0.0001,0.2,0.009068771,0.3699754872918129,0.5914739370346069,,-0.25706943199038507,435,0.0591015625,,,-0.0034341008635237814,,,,,,,,,,
455680,7,109.28,26,1341,7.2776594161987305,0.15211674571037292,,,0.0001,0.2,0.0070504732,0.27262976378202436,0.7844219207763672,,-0.3020468482375145,440,0.0593359375,,,-0.0018231024406850339,,,,,,,,,,
460800,8,99.24,30,1338,7.557718276977539,0.09970233589410782,,,0.0001,0.2,0.0062218597,0.2767503045499325,0.7031991481781006,,-0.25750722527503966,445,0.0576171875,,,-0.001021766415797174,,,,,,,,,,
465920,9,102.7,34,1336,7.353899002075195,0.14450369775295258,,,0.0001,0.2,0.004336565,0.3466027657687664,0.5656599998474121,,-0.26071158349514006,450,0.0471484375,,,-0.0036423471570014953,,,,,,,,,,
471040,10,115.7,38,1336,7.032706260681152,0.13673162460327148,,,0.0001,0.2,0.0073123924,0.3471970635652542,0.6932355165481567,,-0.3096985507011414,455,0.0683203125,,,-0.00199867109535262,,,,,,,,,,
,,,,,,0.2023346722126007,,,0.0001,0.2,0.004860307,0.389901121109724,0.7139464020729065,,-0.2970493745803833,460,0.043359375,,,-0.0007398891821503639,,,256000,111.19,7.273324127197266,0.97,2,1.4762437058415943,0,52.768682947369456
,,,,,,,,,,,,,,,,,,,,,,,256000,114.22,6.928684507310391,0.92,2,2.3535890861233995,0,65.86586065633698
476160,1,127.13,2,1883,6.6853437423706055,,2,0.0001,,,,,,256000,,,,320,8,,0.006026666666666666,8,,,,,,,,
481280,2,127.29,6,1497,6.811612129211426,0.16278788447380066,,,0.0001,0.2,0.007881244,0.42942472189664843,0.6929639577865601,,-0.2860997249186039,465,0.0562890625,,,-0.0008732397621497512,,,,,,,,,,
486400,3,123.92,10,1433,6.911240100860596,0.23549340665340424,,,0.0001,0.2,0.006634579,0.5122677382826805,0.628711462020874,,-0.3061147430539131,470,0.0676953125,,,-0.0016845363937318324,,,,,,,,,,
491520,4,118.46,14,1404,7.037961006164551,0.2093050330877304,,,0.0001,0.2,0.0048221494,0.4600504076480865,0.6699270009994507,,-0.2758557943999767,475,0.0544140625,,,-0.0017420352855697274,,,,,,,,,,
496640,5,112.51,18,1397,7.070311069488525,0.17064933478832245,,,0.0001,0.2,0.0060399524,0.4238055431842804,0.7317826747894287,,-0.2951728528738022,480,0.056015625,,,-0.003344258638098836,,,,,,,,,,
501760,6,111.98,22,1366,7.12193489074707,0.17844350636005402,,,0.0001,0.2,0.003996131,0.39312734380364417,0.5915123224258423,,-0.25832856237888335,485,0.0425,,,-0.0018054120801389217,,,,,,,,,,
506880,7,105.16,26,1343,7.435361385345459,0.17965541779994965,,,0.0001,0.2,0.0074051423,0.4172753545641899,0.5793973207473755,,-0.28185400322079657,490,0.066328125,,,-0.001005307687446475,,,,,,,,,,
512000,8,102.24,30,1328,7.524481773376465,0.18689005076885223,,,0.0001,0.2,0.0041863797,0.3802552711963654,0.5827756524085999,,-0.23993658155202865,495,0.045546875,,,-0.0011958006909117103,,,,,,,,,,
517120,9,104.77,34,1333,7.496063232421875,0.18921102583408356,,,0.0001,0.2,0.00541826,0.3661931645870209,0.5668798685073853,,-0.23834100276231765,500,0.046328125,,,-0.0008989766659215092,,,,,,,,,,
522240,10,110.15,38,1335,7.294975757598877,0.15321125090122223,,,0.0001,0.2,0.0068086176,0.3526559713482857,0.5986705422401428,,-0.2450757546722889,505,0.054765625,,,-0.0007543724635615945,,,,,,,,,,
,,,,,,0.14707934856414795,,,0.0001,0.2,0.00894459,0.30044676586985586,0.6393946409225464,,-0.23542474761605262,510,0.059765625,,,-0.0022675681067630647,,,307200,108.35,7.22218588411808,0.96,2,1.7252112778671824,0,56.438528506685934
,,,,,,,,,,,,,,,,,,,,,,,307200,111.44,7.090865277647972,0.95,2,2.073102358348872,0,59.605087031225786
527360,1,111.32,2,1943,7.180423736572266,,2,0.0001,,,,,,307200,,,,320,8,,0.006,8,,,,,,,,
532480,2,106.96,6,1537,7.226276874542236,0.11269519478082657,,,0.0001,0.2,0.0042521614,0.2821968322992325,0.6392936110496521,,-0.2398451994359493,515,0.043203125,,,-0.0014316759537905456,,,,,,,,,,
537600,3,113.09,10,1480,7.163115978240967,0.10069335252046585,,,0.0001,0.2,0.00675627,0.27671730309724807,0.7085340023040771,,-0.23681773871183395,520,0.0490234375,,,-0.0008332162536680699,,,,,,,,,,
542720,4,111.21,14,1455,7.313227653503418,0.16709303855895996,,,0.0001,0.2,0.004706391,0.39848248183727264,0.5933531522750854,,-0.2256715926527977,525,0.0423828125,,,-0.0020551001955755057,,,,,,,,,,
547840,5,101.03,17,1436,7.545565605163574,0.17974182963371277,,,0.0001,0.2,0.0071480637,0.3452708128094673,0.48756587505340576,,-0.22139657497406007,530,0.04546875,,,-0.001259958203881979,,,,,,,,,,
552960,6,103.67,21,1414,7.442144870758057,0.15645933151245117,,,0.0001,0.2,0.007639161,0.32787532478570935,0.486278772354126,,-0.20830799430608749,535,0.046640625,,,-0.001969750886783004,,,,,,,,,,
558080,7,108.35,25,1408,7.2716498374938965,0.1561042219400406,,,0.0001,0.2,0.006867385,0.330479461401701,0.511904239654541,,-0.23396565556526183,540,0.062265625,,,-0.004480799529701472,,,,,,,,,,
563200,8,99.18,29,1401,7.5025954246521,0.12818802893161774,,,0.0001,0.2,0.004900117,0.2769463139772415,0.5162733793258667,,-0.1905508092045784,545,0.0421875,,,-0.001186704020947218,,,,,,,,,,
568320,9,102.31,33,1396,7.531761646270752,0.11711502820253372,,,0.0001,0.2,0.004171286,0.2756326708197594,0.5433700084686279,,-0.18237557932734488,550,0.0362109375,,,-0.0008696398371830583,,,,,,,,,,
573440,10,104.26,36,1390,7.401287078857422,0.1264021098613739,,,0.0001,0.2,0.0042426963,0.2621774649620056,0.44440585374832153,,-0.2084496021270752,555,0.0490625,,,-0.0012439351063221692,,,,,,,,,,
,,,,,,0.05406177043914795,,,0.0001,0.2,0.010365266,0.14629625543951988,0.4710034132003784,,-0.1902303870022297,560,0.0494140625,,,-0.0006372782401740551,,,358400,118.77,7.010928855538368,0.94,2,1.9983773635597966,0,61.58309102342949
578560,1,107.04,2,1905,7.250446796417236,,2,0.0001,,,,,,358400,,,,320,8,,0.007,8,,,,,,,,
583680,2,109.3,6,1538,7.226046085357666,0.11858862638473511,,,0.0001,0.2,0.005173176,0.22930811777710913,0.7205361127853394,,-0.2051548756659031,565,0.0471875,,,-0.0010034268954768777,,,,,,,,,,
588800,3,112.94,10,1450,7.119256019592285,0.1125686913728714,,,0.0001,0.2,0.005860435,0.22900694817304612,0.5295310020446777,,-0.18542574882507323,570,0.0541015625,,,0.00012121370527893305,,,,,,,,,,
593920,4,119.95,14,1423,6.858515739440918,0.09781213849782944,,,0.0001,0.2,0.0098209465,0.26237257197499275,0.7796095609664917,,-0.2125161050260067,575,0.0533203125,,,-0.001135250786319375,,,,,,,,,,
599040,5,118.04,18,1398,6.993780136108398,0.13782721757888794,,,0.0001,0.2,0.0061381864,0.2891711628437042,0.7522376775741577,,-0.2240736550092697,580,0.05078125,,,-0.0013997963117435574,,,,,,,,,,
604160,6,122.61,22,1384,6.823910713195801,0.10833489149808884,,,0.0001,0.2,0.0050064,0.2648844362795353,0.6062334775924683,,-0.19419498801231383,585,0.040546875,,,-0.002098618745803833,,,,,,,,,,
609280,7,121.63,26,1370,6.8422393798828125,0.11440860480070114,,,0.0001,0.2,0.006320768,0.26453486531972886,0.6847363710403442,,-0.2553443683683872,590,0.054765625,,,-0.0021024149423465133,,,,,,,,,,
614400,8,122.19,29,1365,6.85135555267334,0.10940727591514587,,,0.0001,0.2,0.0059799715,0.2840463002026081,0.6987086534500122,,-0.21105310261249544,595,0.048515625,,,-0.002509612096473575,,,,,,,,,,
619520,9,123.62,33,1358,6.816340446472168,0.18397437036037445,,,0.0001,0.2,0.0075504305,0.3606928731501102,0.7699155211448669,,-0.2818997426331043,600,0.058828125,,,-0.0020731586683541536,,,,,,,,,,
624640,10,124.59,37,1357,6.703873157501221,0.1556893289089203,,,0.0001,0.2,0.008926096,0.3588682574033737,0.7621328830718994,,-0.2618236584961414,605,0.054609375,,,-0.0016967503726482392,,,,,,,,,,
,,,,,,0.1592923104763031,,,0.0001,0.2,0.007156428,0.3242131219804287,0.758655309677124,,-0.2429336713254452,610,0.053828125,,,-0.0015144365467131139,,,409600,97.23,7.610141344070435,1.0,2,0.4025455039631459,0,30.616288148630947
,,,,,,,,,,,,,,,,,,,,,,,409600,126.69,6.613312515318394,0.9,2,2.7154326146342274,0,76.57828608685362
629760,1,113.57,2,1963,7.065330982208252,,2,0.0001,,,,,,409600,,,,320,8,,0.008,8,,,,,,,,
634880,2,107.97,6,1537,7.333277702331543,0.10805736482143402,,,0.0001,0.2,0.007699462,0.3198539999127388,0.7032079696655273,,-0.2220989027619362,615,0.056484375,,,-0.0025909230252727867,,,,,,,,,,
640000,3,108.02,10,1471,7.349975109100342,0.1792653203010559,,,0.0001,0.2,0.0057242573,0.36640257239341734,0.6344484090805054,,-0.23024631202220916,620,0.05453125,,,-0.0008732454525306821,,,,,,,,,,
645120,4,114.96,14,1430,7.018436431884766,0.16632847487926483,,,0.0001,0.2,0.0054795374,0.3097200612723827,0.7119985222816467,,-0.25463009625673294,625,0.0459375,,,-0.0016071230871602892,,,,,,,,,,
650240,5,113.92,18,1411,7.090427875518799,0.12452898919582367,,,0.0001,0.2,0.006104627,0.3267232865095139,0.7421631813049316,,-0.2722181260585785,630,0.0533203125,,,-0.0009196126973256469,,,,,,,,,,
655360,6,113.86,21,1397,7.166001796722412,0.13446268439292908,,,0.0001,0.2,0.006666227,0.3499837452173233,0.73668372631073,,-0.25626810804009437,635,0.0553125,,,-0.002318365713581443,,,,,,,,,,
660480,7,108.15,25,1386,7.239824295043945,0.14979997277259827,,,0.0001,0.2,0.0050828694,0.34432041496038435,0.6998977065086365,,-0.2514940893650055,640,0.0412109375,,,-0.0018219307996332646,,,,,,,,,,
665600,8,104.87,29,1381,7.2025837898254395,0.09927426278591156,,,0.0001,0.2,0.0048010144,0.2864055588841438,0.7486085891723633,,-0.23448209539055825,645,0.0483203125,,,-0.0028262816509231924,,,,,,,,,,
670720,9,105.25,33,1377,7.193187713623047,0.13505621254444122,,,0.0001,0.2,0.0037858214,0.35064015939831733,0.7447820901870728,,-0.22828206598758696,650,0.0440234375,,,0.0007827651780098676,,,,,,,,,,
675840,10,107.25,37,1374,7.178107738494873,0.188630610704422,,,0.0001,0.2,0.003455647,0.3632193520665169,0.7881289720535278,,-0.23665244325995446,655,0.036484375,,,-0.0019242540001869202,,,,,,,,,,
,,,,,,0.11338724195957184,,,0.0001,0.2,0.005113265,0.3285422044992447,0.8406242728233337,,-0.25273089468479154,660,0.03734375,,,-0.0008933639759197831,,,460800,99.95,7.413891284763813,0.97,2,1.4252032321682264,0,45.77147037183752
,,,,,,,,,,,,,,,,,,,,,,,460800,102.03,7.374998139739037,0.97,2,1.4508186751390433,0,46.95411696539505
,,,,,,,,,,,,,,,,,,,,,,,460800,122.49,6.845075952410698,0.93,2,2.275289841527509,0,70.2709748046802
680960,1,117.14,2,1896,6.92642068862915,,2,0.0001,,,,,,460800,,,,320,8,,0.008,8,,,,,,,,
686080,2,120.95,6,1582,6.828234672546387,0.2188674956560135,,,0.0001,0.2,0.003480304,0.5276994651556015,0.8195658326148987,,-0.2752773505449295,665,0.039296875,,,-0.0013051324430853129,,,,,,,,,,
691200,3,116.48,10,1504,6.890801906585693,0.24466964602470398,,,0.0001,0.2,0.006566192,0.46161345168948176,0.8686858415603638,,-0.29012940913438795,670,0.048046875,,,-0.002456882200203836,,,,,,,,,,
696320,4,105.17,14,1459,7.265661239624023,0.21444585919380188,,,0.0001,0.2,0.0039578043,0.5769778144359589,0.704276978969574,,-0.2462848326563835,675,0.0408203125,,,-0.0007892821915447712,,,,,,,,,,
701440,5,98.35,17,1425,7.4891767501831055,0.22035282850265503,,,0.0001,0.2,0.0043735816,0.4424936681985855,0.7108732461929321,,-0.23909101903438568,680,0.041171875,,,-0.00012690646573901176,,,,,,,,,,
706560,6,103.52,21,1398,7.358250141143799,0.21686671674251556,,,0.0001,0.2,0.0068470337,0.3582117962837219,0.5038405656814575,,-0.233544762134552,685,0.052578125,,,-0.0009916362189687788,,,,,,,,,,
711680,7,103.68,25,1391,7.347339630126953,0.10500878095626831,,,0.0001,0.2,0.0059766723,0.3016752265393734,0.7940617203712463,,-0.2596319301426411,690,0.05390625,,,-0.0035281745856627824,,,,,,,,,,
716800,8,98.25,29,1392,7.594513416290283,0.17371922731399536,,,0.0001,0.2,0.0036529521,0.34914707630872727,0.4126628041267395,,-0.22268472895026206,695,0.0417578125,,,-0.0014055844163522123,,,,,,,,,,
721920,9,101.46,33,1394,7.544188976287842,0.13248853385448456,,,0.0001,0.2,0.0047545256,0.28621942445635795,0.4673740267753601,,-0.21373532697558403,700,0.0453125,,,-0.00012115665478631854,,,,,,,,,,
727040,10,101.96,36,1394,7.538039684295654,0.10181781649589539,,,0.0001,0.2,0.0073042484,0.29162552565336225,0.5694305300712585,,-0.22222909286618234,705,0.04671875,,,-0.0017223181203007698,,,,,,,,,,
,,,,,,0.09502249956130981,,,0.0001,0.2,0.006677469,0.21682055696845054,0.33320605754852295,,-0.21559997126460076,710,0.05765625,,,-0.0014259546110406518,,,512000,108.79,7.234377601742745,0.96,2,1.6857423832421172,0,53.62206542086942
,,,,,,,,,,,,,,,,,,,,,,,512000,115.45,6.817915531992912,0.91,2,2.6188161376476904,0,71.14989458881861
732160,1,106.14,2,1996,7.377157688140869,,2,0.0001,,,,,,512000,,,,320,8,,0.008,8,,,,,,,,
737280,2,110.07,6,1516,7.276735305786133,0.08782897889614105,,,0.0001,0.2,0.011082141,0.2188104683160782,0.5152511596679688,,-0.2055067352950573,715,0.0651171875,,,-0.001597105385735631,,,,,,,,,,
742400,3,112.99,10,1403,7.173614501953125,0.11019621789455414,,,0.0001,0.2,0.00662054,0.23682112932205202,0.4947478771209717,,-0.2318221892416477,720,0.0469921875,,,-0.002570601743645966,,,,,,,,,,
747520,4,108.67,15,1349,7.282507419586182,0.11561060696840286,,,0.0001,0.2,0.0032967844,0.2268807063996792,0.5312244892120361,,-0.22208182647824287,725,0.038359375,,,-0.0005596241308376193,,,,,,,,,,
752640,5,107.15,19,1325,7.307908535003662,0.13611376285552979,,,0.0001,0.2,0.005343226,0.2650411404669285,0.49850791692733765,,-0.2385628941655159,730,0.0589453125,,,-0.0010641130432486534,,,,,,,,,,
757760,6,110.06,23,1307,7.213916778564453,0.11068413406610489,,,0.0001,0.2,0.006801645,0.2342728477716446,0.6314765810966492,,-0.27011620193719865,735,0.059453125,,,-0.0013331744726747274,,,,,,,,,,
762880,7,117.09,27,1286,6.89315128326416,0.14613884687423706,,,0.0001,0.2,0.0038472624,0.2952515909075737,0.6824162602424622,,-0.28937274038791655,740,0.0539453125,,,3.320601303130388e-05,,,,,,,,,,
768000,8,109.97,32,1278,7.040124893188477,0.12460348755121231,,,0.0001,0.2,0.008555191,0.2928926853835583,0.795581042766571,,-0.32152130097150805,745,0.0640234375,,,-0.0010023998143151402,,,,,,,,,,
773120,9,108.02,36,1279,7.062867641448975,0.1568901389837265,,,0.0001,0.2,0.007088578,0.30576869353652003,0.595852792263031,,-0.24897245436906815,750,0.04953125,,,-0.00023997327778488398,,,,,,,,,,
778240,10,118.13,39,1286,6.7423930168151855,0.10998912900686264,,,0.0001,0.2,0.0049502864,0.2853807303309441,0.8447043895721436,,-0.3069071382284164,755,0.0408203125,,,-0.0005237380508333444,,,,,,,,,,
,,,,,,0.1576520800590515,,,0.0001,0.2,0.00421388,0.3794810876250267,0.8428906202316284,,-0.30378968089818953,760,0.05734375,,,-5.9509482234716415e-05,,,563200,100.55,7.355083087086678,0.97,2,1.654640667976369,0,46.29522113566367
,,,,,,,,,,,,,,,,,,,,,,,563200,101.9,7.374131025373936,0.97,2,1.451149505599439,0,49.511311838811146
,,,,,,,,,,,,,,,,,,,,,,,563200,115.74,6.872300473451614,0.92,2,2.485666401672022,0,67.27638813134962
783360,1,119.01,2,1878,6.726294994354248,,2,0.0001,,,,,,563200,,,,320,8,,0.008,8,,,,,,,,
788480,2,104.98,6,1499,7.2130818367004395,0.16123206913471222,,,0.0001,0.2,0.004321182,0.41142205834388734,0.8405700922012329,,-0.2775785748660564,765,0.05203125,,,-0.0010812907759100198,,,,,,,,,,
793600,3,111.89,10,1445,6.9402852058410645,0.16607354581356049,,,0.0001,0.2,0.0035216156,0.3998313120007515,0.7129865288734436,,-0.22930161371827126,770,0.0391015625,,,-0.0006414720602333546,,,,,,,,,,
798720,4,113.04,14,1408,6.910722732543945,0.14878937602043152,,,0.0001,0.2,0.007860143,0.34712882459163663,0.8850561380386353,,-0.30583328753709793,775,0.0598046875,,,-0.0018444259231910108,,,,,,,,,,
803840,5,103.28,18,1390,7.221275806427002,0.21862150728702545,,,0.0001,0.2,0.004112971,0.4874785429239273,0.8607931733131409,,-0.30156812161207197,780,0.0571484375,,,-0.0040219771396368745,,,,,,,,,,
808960,6,103.22,22,1378,7.209099769592285,0.1789131462574005,,,0.0001,0.2,0.004543774,0.41519323229789734,0.7102515697479248,,-0.22055706411600112,785,0.03796875,,,-0.002700990536250174,,,,,,,,,,
814080,7,108.99,26,1366,7.079703330993652,0.17852571606636047,,,0.0001,0.2,0.0033939718,0.3766051858663559,0.8115676045417786,,-0.22868032783269882,790,0.037109375,,,-0.0016522907931357622,,,,,,,,,,
819200,8,115.05,30,1362,6.995369911193848,0.14799617230892181,,,0.0001,0.2,0.0035898476,0.48179163336753844,0.8536374568939209,,-0.2819588625431061,795,0.035703125,,,-0.0010478484351187944,,,,,,,,,,
824320,9,119.02,33,1358,6.9528093338012695,0.29747506976127625,,,0.0001,0.2,0.0045000673,0.5684657609462738,0.8192622065544128,,-0.27034486055374146,800,0.041328125,,,-0.0021445702388882635,,,,,,,,,,
829440,10,113.96,37,1348,7.087254047393799,0.25925981998443604,,,0.0001,0.2,0.0059627285,0.6245829513669015,0.6210437417030334,,-0.21874068781733513,805,0.0498046875,,,-0.0011834647809155286,,,,,,,,,,
,,,,,,0.20476937294006348,,,0.0001,0.2,0.005779662,0.46501323729753496,0.6805996298789978,,-0.2175064417719841,810,0.0494140625,,,-0.001505782213062048,,,614400,105.0,7.389325337409973,0.98,2,1.291138417041195,0,47.50515761472642
,,,,,,,,,,,,,,,,,,,,,,,614400,103.48,7.424173519611359,0.98,2,1.2245854312404927,0,46.22671954616724
,,,,,,,,,,,,,,,,,,,,,,,614400,105.55,7.317301715314389,0.97,2,1.538098541819916,0,54.60849292921386
834560,1,130.46,3,1597,7.23072624206543,,,,,,,,,,,,,,,,,,,,,,,,,
839680,1,157.8,2,1928,6.974573135375977,1.0377684831619263,3,0.0002,0.0002,0.2,0.01033689,2.129987086057663,0.42995017766952515,0,-0.27262674897909167,815,0.0844140625,440,11,-0.0007298483327031136,0.015,15,,,,,,,,
844800,2,187.79,6,1507,6.610598087310791,0.6122379302978516,,,0.0002,0.2,0.013366826,1.168823584318161,0.561445415019989,,-0.32083674281835556,820,0.1012890625,,,-0.0006623349571600556,,,,,,,,,,
849920,3,218.73,10,1417,6.280548095703125,0.5164754986763,,,0.0002,0.2,0.011352475,1.058406830430031,0.5105039477348328,,-0.31903047174215315,825,0.08078125,,,0.0011357952561229468,,,,,,,,,,
855040,4,254.2,14,1378,5.933295726776123,0.4280545711517334,,,0.0002,0.2,0.010480536,0.8673037683963776,0.6067174673080444,,-0.3332620018720627,830,0.083046875,,,-0.0005759210512042046,,,,,,,,,,
860160,5,272.59,18,1349,5.813021659851074,0.4076906144618988,,,0.0002,0.2,0.010071581,1.0589714646339417,0.4546729326248169,,-0.3001046794652939,835,0.071171875,,,2.133359666913748e-05,,,,,,,,,,
865280,6,265.94,23,1333,5.938121318817139,0.6652548313140869,,,0.0002,0.2,0.007903991,1.1809137618541719,0.28561240434646606,,-0.3220807737112045,840,0.0693359375,,,-0.00137760026846081,,,,,,,,,,
870400,7,271.03,27,1326,6.0215373039245605,0.5072339177131653,,,0.0002,0.2,0.0068733394,1.0443059772253036,0.103279709815979,,-0.3547804129123688,845,0.072421875,,,-2.3575513623654842e-05,,,,,,,,,,
875520,8,275.85,31,1316,5.934534072875977,0.296278178691864,,,0.0002,0.2,0.010327824,0.7757314372062684,0.027463912963867188,,-0.33510039061307906,850,0.080625,,,-0.0016038329433649778,,,,,,,,,,
880640,9,275.77,34,1337,5.857986927032471,0.37463611364364624,,,0.0002,0.2,0.009401284,0.5753345122704139,0.26502811908721924,,-0.31243043450208813,852,0.042868589743589744,,,0.0023255253998705973,,,,,,,,,,
885760,10,268.26,38,1334,5.915945053100586,0.18336892127990723,,,0.0002,0.2,0.015876483,0.511671567261219,0.38139742612838745,,-0.3502730840444565,857,0.0954296875,,,-0.0014868517499417066,,,,,,,,,,
890880,1,268.16,2,2075,5.913200855255127,0.33907201886177063,3,0.00018293333333333335,0.0002,0.2,0.010729021,0.8682512551546097,0.19689464569091797,51200,-0.37335296511650085,862,0.0750390625,440,11,0.00012398875318467617,0.014445333333333333,15,,,,,,,,
896000,2,266.25,6,1569,5.873325824737549,0.4494125247001648,,,0.00018293333333333335,0.2,0.007842011,0.8688921928405762,0.2819298505783081,,-0.3621417608857155,867,0.0746484375,,,-0.0008387872669845819,,,,,,,,,,
901120,3,264.91,10,1458,5.994480609893799,0.2756119966506958,,,0.00018293333333333335,0.2,0.007947241,0.7074451023340225,0.42593270540237427,,-0.3672453051805496,872,0.0742578125,,,-0.0012391839269548656,,,,,,,,,,
906240,4,260.82,14,1410,6.26680850982666,0.1705893874168396,,,0.00018293333333333335,0.2,0.013261628,0.5352605478465557,0.35186439752578735,,-0.370242937207222,877,0.0865625,,,-0.0012428390001878143,,,,,,,,,,
911360,5,271.81,18,1377,5.977953910827637,0.3858247995376587,,,0.00018293333333333335,0.2,0.020738851,0.7910507959127426,0.30485373735427856,,-0.3680916783213615,882,0.120390625,,,-0.001496937214396894,,,,,,,,,,
916480,6,276.79,22,1368,5.940749645233154,0.2856171727180481,,,0.00018293333333333335,0.2,0.010356954,0.6025354191660881,0.18469685316085815,,-0.34600058525800703,887,0.09296875,,,-0.002007255363278091,,,,,,,,,,
921600,7,279.41,26,1361,5.859221935272217,0.2383807897567749,,,0.00018293333333333335,0.2,0.007403516,0.6316246980428696,0.24754256010055542,,-0.3496580722928047,892,0.0736328125,,,-3.298727329820395e-05,,,,,,,,,,
926720,8,274.05,30,1347,5.94819450378418,0.2824939489364624,,,0.00018293333333333335,0.2,0.0054323496,0.5913184177875519,0.3100124001502991,,-0.3244736734032631,897,0.063125,,,-0.0004353441670536995,,,,,,,,,,
931840,9,269.1,34,1336,6.045510768890381,0.38860660791397095,,,0.00018293333333333335,0.2,0.012718348,0.6587806099653244,0.25789380073547363,,-0.33147202342748644,902,0.0883203125,,,-0.0027666933927685024,,,,,,,,,,
936960,10,263.0,38,1330,6.088181018829346,0.23378442227840424,,,0.00018293333333333335,0.2,0.009102432,0.6124706336855888,0.25150537490844727,,-0.3064206913113594,907,0.0778515625,,,0.00037944660522043705,,,,,,,,,,
942080,1,260.27,2,1962,6.116267204284668,0.29002657532691956,3,0.00016586666666666667,0.00018293333333333335,0.2,0.005379756,0.6170204475522041,0.39586180448532104,102400,-0.3189011666178703,912,0.0610546875,440,11,-0.00041236478835344315,0.013890666666666666,15,,,,,,,,
947200,2,258.52,6,1539,6.124823570251465,0.20634032785892487,,,0.00016586666666666667,0.2,0.006259852,0.5582911986112594,0.5371828675270081,,-0.31612165689468386,917,0.0623828125,,,0.00043338581919670103,,,,,,,,,,
952320,3,261.71,10,1444,6.090100288391113,0.21072715520858765,,,0.00016586666666666667,0.2,0.008256823,0.5795968425273895,0.5277349948883057,,-0.3307137253880501,922,0.067890625,,,-0.0010442353039979936,,,,,,,,,,
957440,4,261.37,14,1398,6.056406021118164,0.19372333586215973,,,0.00016586666666666667,0.2,0.007248707,0.5235978299379349,0.4024374485015869,,-0.29635347694158554,927,0.061640625,,,-0.00110326636582613,,,,,,,,,,
962560,5,262.0,18,1365,6.04793643951416,0.28421854972839355,,,0.00016586666666666667,0.2,0.0057986183,0.5450127699971199,0.5510534048080444,,-0.3113695043325424,932,0.057578125,,,-0.0023164038173854352,,,,,,,,,,
967680,6,254.53,22,1359,6.248687267303467,0.24112272262573242,,,0.00016586666666666667,0.2,0.006958019,0.6052769988775253,0.4593970775604248,,-0.3195295894145966,937,0.073984375,,,-0.00016421739477664231,,,,,,,,,,
972800,7,258.1,26,1350,6.257025241851807,0.28823813796043396,,,0.00016586666666666667,0.2,0.0076573947,0.5722764959931373,0.5951571464538574,,-0.3186706352233887,942,0.0709375,,,-0.0022728423541411758,,,,,,,,,,
977920,8,264.05,30,1348,6.035150527954102,0.23257870972156525,,,0.00016586666666666667,0.2,0.01056496,0.5691709138453007,0.7027239203453064,,-0.33543735861778257,947,0.0741015625,,,-0.0009954505460336804,,,,,,,,,,
983040,9,265.55,34,1340,6.141804218292236,0.2827940583229065,,,0.00016586666666666667,0.2,0.007975271,0.5838152858614921,0.5231773853302002,,-0.3355104821920395,952,0.0684375,,,-0.0007010016543790698,,,,,,,,,,
988160,10,257.1,38,1334,6.331998825073242,0.26649126410484314,,,0.00016586666666666667,0.2,0.0072124572,0.7111340409517288,0.24518150091171265,,-0.3161836263537407,957,0.068984375,,,-0.0029307380178943275,,,,,,,,,,
993280,1,270.29,2,1985,5.913999080657959,0.2635769546031952,3,0.0001488,0.00016586666666666667,0.2,0.007276212,0.6470523872971534,0.3528558015823364,153600,-0.30385618537664416,962,0.0729296875,440,11,-0.002259009969420731,0.013335999999999999,15,,,,,,,,
998400,2,266.23,6,1541,6.137806415557861,0.14347991347312927,,,0.0001488,0.2,0.006538406,0.4564830695092678,0.42808640003204346,,-0.3072435709834099,967,0.05578125,,,-0.0012771646678447724,,,,,,,,,,
1003520,3,266.53,10,1430,6.165255546569824,0.3530186712741852,,,0.0001488,0.2,0.008090698,0.6047594946622848,0.3153330683708191,,-0.30946883991360663,972,0.0578515625,,,-0.0009791671764105558,,,,,,,,,,
1008640,4,263.4,14,1381,6.08952522277832,0.2069697231054306,,,0.0001488,0.2,0.010511552,0.5561573797464371,0.4659968614578247,,-0.29758808881044385,977,0.0547265625,,,-0.001671217205002904,,,,,,,,,,
1013760,5,269.22,18,1352,5.9239726066589355,0.18263021111488342,,,0.0001488,0.2,0.0065597794,0.521338298022747,0.324968159198761,,-0.3368097272515297,982,0.049765625,,,-0.0010193245881237089,,,,,,,,,,
1018880,6,269.43,22,1336,6.0614333152771,0.2587219774723053,,,0.0001488,0.2,0.006085671,0.5437320947647095,0.46979445219039917,,-0.3235266774892807,987,0.0691015625,,,-0.0010668765148147941,,,,,,,,,,
1024000,7,265.71,27,1323,6.139388561248779,0.23742622137069702,,,0.0001488,0.2,0.0081937965,0.5924199041724205,0.5417568683624268,,-0.3171739888191223,992,0.0560546875,,,-0.0019040152849629521,,,,,,,,,,
1029120,8,274.68,31,1318,5.9067254066467285,0.23843783140182495,,,0.0001488,0.2,0.0065012276,0.56531753718853,0.4275549054145813,,-0.3242245385050774,997,0.065546875,,,-0.0030280394246801736,,,,,,,,,,
1034240,9,277.91,35,1314,5.821661472320557,0.3685729205608368,,,0.0001488,0.2,0.0043707993,0.6442070278525353,0.4431605339050293,,-0.31707247853279114,1002,0.0493359375,,,-0.001334719117730856,,,,,,,,,,
1039360,10,272.16,38,1313,5.949007034301758,0.25611138343811035,,,0.0001488,0.2,0.0069376836,0.5655202600359917,0.42113345861434937,,-0.3064386348426342,1007,0.0574609375,,,-0.0009796979278326034,,,,,,,,,,
,,,,,,0.20736736059188843,,,0.0001488,0.2,0.006262792,0.5799582850933075,0.47450584173202515,,-0.29822209268808364,1012,0.0590625,,,-0.0008493204880505801,,,204800,259.14,6.251552303358912,0.87,3,2.5097503597257234,0,95.15587422750104
1044480,1,268.32,2,1792,6.01998233795166,,3,0.00013173333333333336,,,,,,204800,,,,440,11,,0.014781333333333332,15,,,,,,,,
1049600,2,266.37,7,1452,5.877107620239258,0.28085267543792725,,,0.00013173333333333336,0.2,0.0056091556,0.7726007920503616,0.28465479612350464,,-0.2849711312353611,1017,0.055546875,,,-0.001987316790036857,,,,,,,,,,
1054720,3,266.03,11,1391,5.789459228515625,0.1618761271238327,,,0.00013173333333333336,0.2,0.0049959966,0.4367799311876297,0.49689966440200806,,-0.27620731621980665,1022,0.0579296875,,,-0.0018149895686656236,,,,,,,,,,
1059840,4,255.43,14,1366,6.069469451904297,0.22221271693706512,,,0.00013173333333333336,0.2,0.0051655057,0.5279887250065803,0.5832895636558533,,-0.28168860629200937,1027,0.055625,,,-0.0015439978148788214,,,,,,,,,,
1064960,5,269.76,19,1347,5.710636615753174,0.3174803853034973,,,0.00013173333333333336,0.2,0.0045472346,0.7650662696361542,0.34114307165145874,,-0.2952737122774124,1032,0.046328125,,,-0.001008238773792982,,,,,,,,,,
1070080,6,262.9,23,1327,5.808257579803467,0.3602467477321625,,,0.00013173333333333336,0.2,0.0038092094,0.6701195439696312,0.5272253155708313,,-0.3182002252340317,1037,0.053203125,,,-0.0018186998972669244,,,,,,,,,,
1075200,7,252.66,27,1316,6.255773544311523,0.4388812184333801,,,0.00013173333333333336,0.2,0.0044086967,0.7563103058934212,0.3917562961578369,,-0.2855482786893845,1042,0.046484375,,,-0.0013258250057697296,,,,,,,,,,
1080320,8,246.72,31,1315,6.446591377258301,0.23403695225715637,,,0.00013173333333333336,0.2,0.005051222,0.7021819186210633,0.34162724018096924,,-0.26315847113728524,1047,0.038046875,,,-0.0019510756991803647,,,,,,,,,,
1085440,9,249.68,35,1313,6.429437160491943,0.23298504948616028,,,0.00013173333333333336,0.2,0.003930427,0.5965226453542709,0.32152801752090454,,-0.29449370712041856,1052,0.04828125,,,-0.0004672242235392332,,,,,,,,,,
1090560,10,242.98,38,1314,6.6303863525390625,0.2811298668384552,,,0.00013173333333333336,0.2,0.00491821,0.6649042379856109,0.3240979313850403,,-0.30146799445152284,1057,0.0501953125,,,-0.0013042087270878256,,,,,,,,,,
,,,,,,0.30582869052886963,,,0.00013173333333333336,0.2,0.004526342,0.6122222897410393,0.3663085103034973,,-0.2943295302987099,1062,0.04484375,,,-0.001794365937821567,,,256000,268.42,5.835197985321283,0.8,3,2.842004001660554,0,103.89900673249963
1095680,1,253.56,2,1802,6.448490142822266,,3,0.00011466666666666667,,,,,,256000,,,,440,11,,0.015,15,,,,,,,,
1100800,2,260.08,6,1504,6.278420448303223,0.2633879482746124,,,0.00011466666666666667,0.2,0.0070284097,0.5633168104290962,0.36953556537628174,,-0.3110387501120567,1067,0.06125,,,-0.001809966517612338,,,,,,,,,,
1105920,3,269.82,10,1415,6.065985202789307,0.1997823417186737,,,0.00011466666666666667,0.2,0.0052659255,0.5740505942702293,0.4673922061920166,,-0.2987343513965607,1072,0.0521484375,,,-0.0010674429731443525,,,,,,,,,,
1111040,4,266.1,14,1391,5.995987415313721,0.3626096248626709,,,0.00011466666666666667,0.2,0.0032121465,0.6428107187151909,0.518753170967102,,-0.312897230386734,1077,0.045390625,,,-0.0017635008972138166,,,,,,,,,,
1116160,5,265.15,18,1374,5.962582588195801,0.2117319405078888,,,0.00011466666666666667,0.2,0.0046796193,0.5444521221518517,0.4913440942764282,,-0.297050676047802,1082,0.0425390625,,,-0.00197651828173548,,,,,,,,,,
1121280,6,265.79,22,1363,5.833726406097412,0.3432925045490265,,,0.00011466666666666667,0.2,0.004806122,0.6176216334104538,0.5678396224975586,,-0.319591366648674,1087,0.04453125,,,-0.0012404034519568085,,,,,,,,,,
1126400,7,268.34,26,1356,5.732783317565918,0.36946743726730347,,,0.00011466666666666667,0.2,0.00365137,0.6310628122091293,0.6389784812927246,,-0.3204438579082489,1092,0.04609375,,,-0.0017836696933954954,,,,,,,,,,
1131520,8,270.42,30,1348,5.621817588806152,0.2508387863636017,,,0.00011466666666666667,0.2,0.0031519823,0.5696609795093537,0.5961945056915283,,-0.30786349505186084,1097,0.0396875,,,-0.0016128988936543465,,,,,,,,,,
1136640,9,270.22,34,1342,5.860235214233398,0.31818684935569763,,,0.00011466666666666667,0.2,0.0048691714,0.7168801158666611,0.4713948369026184,,-0.32815960377454756,1102,0.05078125,,,-0.0025675992527976633,,,,,,,,,,
1141760,10,269.29,38,1333,5.91013240814209,0.41407233476638794,,,0.00011466666666666667,0.2,0.0038705296,0.7677898123860359,0.265643835067749,,-0.31136532574892045,1107,0.0359765625,,,-0.001428806041367352,,,,,,,,,,
,,,,,,0.3694496154785156,,,0.00011466666666666667,0.2,0.0041156225,0.745202221274376,0.39592456817626953,,-0.30506512224674226,1112,0.039453125,,,-0.001315985401161015,,,307200,267.06,6.1318164408952,0.85,3,2.53402873711204,0,96.59221707777496
1146880,1,271.59,2,1832,5.937833786010742,,3,0.0001,,,,,,307200,,,,440,11,,0.015,15,,,,,,,,
1152000,2,273.91,6,1508,5.858638763427734,0.18867070972919464,,,0.0001,0.2,0.0027164002,0.5800700333714485,0.6239852905273438,,-0.3096452933549881,1117,0.0268359375,,,-0.0008670412981882691,,,,,,,,,,
1157120,3,258.76,10,1421,6.235518932342529,0.27318406105041504,,,0.0001,0.2,0.004460107,0.7266908344626427,0.4666668176651001,,-0.3014936509728432,1122,0.0396484375,,,-0.0013836821541190147,,,,,,,,,,
1162240,4,263.57,14,1393,6.040825843811035,0.5918766856193542,,,0.0001,0.2,0.0028695925,0.9056962376832962,0.3266221880912781,,-0.28495927318930625,1127,0.025390625,,,-0.0015594896115362644,,,,,,,,,,
1167360,5,256.58,18,1378,6.144994735717773,0.452002614736557,,,0.0001,0.2,0.00378034,0.8330051952600479,0.2933146357536316,,-0.29752317786216737,1132,0.0398046875,,,-0.0011408483749255538,,,,,,,,,,
1172480,6,245.64,22,1375,6.576338291168213,0.21196353435516357,,,0.0001,0.2,0.0033330373,0.5705864027142524,0.20493268966674805,,-0.29764425396919253,1137,0.0340625,,,-0.0008633194817230105,,,,,,,,,,
1177600,7,236.09,26,1369,6.823338031768799,0.18617241084575653,,,0.0001,0.2,0.003333191,0.5010720106959343,0.3874826431274414,,-0.3023721638321877,1142,0.032578125,,,-0.002177804340608418,,,,,,,,,,
1182720,8,241.12,30,1361,6.70743465423584,0.1454160511493683,,,0.0001,0.2,0.0056341006,0.3410472433269024,0.5715112686157227,,-0.3220430490374565,1147,0.0608203125,,,0.00024300289805978537,,,,,,,,,,
1187840,9,247.52,33,1361,6.715120792388916,0.14539861679077148,,,0.0001,0.2,0.008507329,0.3402059902250767,0.6845870018005371,,-0.2881807954609394,1152,0.0506640625,,,-0.0023708509281277655,,,,,,,,,,
1192960,10,257.39,37,1361,6.541259765625,0.17504557967185974,,,0.0001,0.2,0.0028700028,0.39686197772622106,0.5192900896072388,,-0.3022415947914123,1157,0.04328125,,,-0.000671436721459031,,,,,,,,,,
,,,,,,0.1922357976436615,,,0.0001,0.2,0.005416476,0.4192121466994286,0.5616105794906616,,-0.30613227039575575,1162,0.04671875,,,-0.00115110055077821,,,358400,266.85,6.0465640258044,0.85,3,2.7515420896018936,0,91.54849807615633
1198080,1,255.52,2,1910,6.428279876708984,,3,0.0001,,,,,,358400,,,,440,11,,0.015,15,,,,,,,,
1203200,2,264.37,6,1522,6.0815815925598145,0.240284264087677,,,0.0001,0.2,0.0038316078,0.42862613052129744,0.6063277721405029,,-0.29516612261533737,1167,0.033359375,,,-0.0015792817110195756,,,,,,,,,,
1208320,3,263.28,10,1449,6.062216281890869,0.1855980008840561,,,0.0001,0.2,0.008126184,0.46017447859048843,0.6278606653213501,,-0.32903188169002534,1172,0.056015625,,,-3.854688256978988e-06,,,,,,,,,,
1213440,4,269.15,14,1368,5.773247241973877,0.22572755813598633,,,0.0001,0.2,0.006355775,0.5672529086470603,0.6023849248886108,,-0.33170895457267763,1177,0.0487890625,,,-0.00010288046207278966,,,,,,,,,,
1218560,5,267.27,19,1314,5.7089738845825195,0.16964532434940338,,,0.0001,0.2,0.005327857,0.6082990834116936,0.662554144859314,,-0.3540371140837669,1182,0.0555078125,,,-0.0013770072720944882,,,,,,,,,,
1223680,6,264.41,23,1286,5.854363441467285,0.25157809257507324,,,0.0001,0.2,0.007142339,0.6392906332015991,0.5770228505134583,,-0.36194686353206634,1187,0.0600390625,,,-0.002076223590411246,,,,,,,,,,
1228800,7,258.9,27,1287,6.121479511260986,0.3512844443321228,,,0.0001,0.2,0.0076783868,0.6000100454688072,0.6348401308059692,,-0.36378103733062744,1192,0.0479296875,,,-0.0013001379696652292,,,,,,,,,,
1233920,8,260.94,31,1284,6.113712787628174,0.31279265880584717,,,0.0001,0.2,0.008916309,0.6684930995106697,0.6818490028381348,,-0.37759184777736665,1197,0.0780859375,,,-0.0017573689064010979,,,,,,,,,,
1239040,9,269.21,35,1281,5.900302886962891,0.29592910408973694,,,0.0001,0.2,0.0071208747,0.5995149421691894,0.6603493690490723,,-0.37630187183618546,1202,0.0477734375,,,-0.0015228523313999176,,,,,,,,,,
1244160,10,263.65,39,1286,6.1530985832214355,0.34578898549079895,,,0.0001,0.2,0.0067499653,0.6229237005114555,0.6341284513473511,,-0.3855131259560585,1207,0.0491015625,,,0.0002175110182724893,,,,,,,,,,
,,,,,,0.2767111659049988,,,0.0001,0.2,0.004277651,0.6656250628829002,0.4751678705215454,,-0.36145399063825606,1212,0.0414453125,,,-0.0013980944734066725,,,409600,243.16,6.8516010618209835,0.95,3,1.6114894623644698,0,80.61311555820183
,,,,,,,,,,,,,,,,,,,,,,,409600,263.69,6.5529092100262645,0.92,3,1.9546427316652768,0,85.12669322838754
1249280,1,262.87,2,1843,6.203625679016113,,3,0.0001,,,,,,409600,,,,440,11,,0.015,15,,,,,,,,
1254400,2,266.87,6,1502,6.070309638977051,0.37456193566322327,,,0.0001,0.2,0.0064666183,0.8090951883792877,0.3524286150932312,,-0.36822855919599534,1217,0.0564453125,,,-0.002154281851835549,,,,,,,,,,
1259520,3,264.84,10,1485,6.236934661865234,0.2704926133155823,,,0.0001,0.2,0.007029982,0.6267874836921692,0.5192739367485046,,-0.38234419465065,1222,0.057421875,,,-0.0016598976030945778,,,,,,,,,,
1264640,4,255.71,13,1475,6.511211395263672,0.3089798092842102,,,0.0001,0.2,0.0057974765,0.6383609154820442,0.4131019711494446,,-0.38506269931793213,1227,0.0575390625,,,-0.0013531715283170342,,,,,,,,,,
1269760,5,259.4,17,1439,6.4901628494262695,0.3986862897872925,,,0.0001,0.2,0.004650281,0.6776388564705849,0.47241026163101196,,-0.3791298720240593,1232,0.050625,,,-0.0025889050681144,,,,,,,,,,
1274880,6,258.32,21,1413,6.505759239196777,0.4272758960723877,,,0.0001,0.2,0.0046416605,0.6100818935036659,0.46750181913375854,,-0.3669831159710884,1237,0.0457421875,,,-0.0017501301690936088,,,,,,,,,,
1280000,7,259.47,25,1395,6.465831756591797,0.2365609109401703,,,0.0001,0.2,0.003968891,0.5216916704177856,0.3745724558830261,,-0.3649063730239868,1242,0.04046875,,,-0.0024593334645032884,,,,,,,,,,
1285120,8,254.08,29,1378,6.560304641723633,0.22673732042312622,,,0.0001,0.2,0.0074731386,0.45378646820783614,0.441531240940094,,-0.39102898210287096,1247,0.0666015625,,,-0.0005983248027041554,,,,,,,,,,
1290240,9,250.21,33,1367,6.68491268157959,0.20420195162296295,,,0.0001,0.2,0.0049718004,0.4681470149755478,0.4531859755516052,,-0.3764097261428833,1252,0.0536328125,,,-0.0020934559591114523,,,,,,,,,,
1295360,10,254.34,37,1354,6.598896026611328,0.20769836008548737,,,0.0001,0.2,0.0047365325,0.44843113243579863,0.5627126693725586,,-0.3574344077706337,1257,0.0420703125,,,-0.0019290864607319235,,,,,,,,,,
,,,,,,0.20413628220558167,,,0.0001,0.2,0.005177119,0.45510276332497596,0.3702462315559387,,-0.39861113458871844,1262,0.051484375,,,-0.0024132432928308844,,,460800,262.76,6.447258745208383,0.91,3,2.2250693096811895,0,87.93351124571338
1300480,1,263.34,3,1302,6.260847091674805,,3,0.0001,,,,,,460800,,,,440,11,,0.015,15,,,,,,,,
1305600,2,260.49,8,1208,6.2637834548950195,0.10949262976646423,,,0.0001,0.2,0.0046737017,0.30046646028757096,0.5707508325576782,,-0.34606916815042493,1267,0.04984375,,,-0.002246879287995398,,,,,,,,,,
1310720,3,271.75,13,1148,5.966001510620117,0.1649925857782364,,,0.0001,0.2,0.006059647,0.46788827538490296,0.5305474996566772,,-0.36797442108392714,1272,0.0528515625,,,-0.0018966043507680297,,,,,,,,,,
1315840,4,277.18,18,1102,5.833094596862793,0.18267779052257538,,,0.0001,0.2,0.0051959488,0.511222283244133,0.41489702463150024,,-0.37350917756557467,1277,0.0473828125,,,-0.0010506558790802955,,,,,,,,,,
1320960,5,270.94,24,1054,5.922756195068359,0.20261308550834656,,,0.0001,0.2,0.007765868,0.5922848531603813,0.41451025009155273,,-0.3537302136421204,1282,0.068359375,,,-0.005183449531905353,,,,,,,,,,
1326080,6,272.98,29,1042,5.936403751373291,0.21092288196086884,,,0.0001,0.2,0.0038158633,0.6545122867822647,0.34753626585006714,,-0.37453303933143617,1287,0.044296875,,,-0.001520077302120626,,,,,,,,,,
1331200,7,274.26,34,1031,6.0035786628723145,0.19538608193397522,,,0.0001,0.2,0.005403008,0.5152030912041664,0.3629591464996338,,-0.3708580705523491,1292,0.054296875,,,-0.0018268712144345045,,,,,,,,,,
1336320,8,279.38,40,1009,5.815930366516113,0.28986796736717224,,,0.0001,0.2,0.005916388,0.5922872626781464,0.47822314500808716,,-0.3401352685689926,1297,0.0386328125,,,-0.0019393313070759177,,,,,,,,,,
1341440,9,275.84,46,997,5.8275251388549805,0.25650307536125183,,,0.0001,0.2,0.006114278,0.511951587498188,0.49646973609924316,,-0.36123394191265107,1302,0.0496875,,,-0.0029363125376403332,,,,,,,,,,
1346560,10,279.07,51,987,5.607536792755127,0.26911816000938416,,,0.0001,0.2,0.0056270743,0.577031920850277,0.3852109909057617,,-0.3364827015995979,1307,0.050390625,,,-0.001152716833166778,,,,,,,,,,
,,,,,,0.1651138812303543,,,0.0001,0.2,0.0065000737,0.5457558146119118,0.5887860059738159,,-0.3663416424393654,1312,0.0626953125,,,-0.0010004858253523708,,,512000,248.13,6.242840191870928,0.86,3,2.677766033539257,0,93.5845772550157
1351680,1,278.69,3,1542,5.701635360717773,,3,0.0001,,,,,,512000,,,,440,11,,0.015,15,,,,,,,,
1356800,2,267.76,8,1268,5.818884372711182,0.34352755546569824,,,0.0001,0.2,0.006528764,0.8538643050193787,0.41605448722839355,,-0.3461805695295334,1317,0.0586328125,,,-0.0029577081324532626,,,,,,,,,,
1361920,3,257.94,12,1209,6.143527984619141,0.24158188700675964,,,0.0001,0.2,0.004503871,0.6264303502440453,0.43768471479415894,,-0.35195167273283007,1322,0.0528125,,,-0.0028349851281382144,,,,,,,,,,
1367040,4,256.04,16,1245,6.150595188140869,0.3866420090198517,,,0.0001,0.2,0.0044087586,0.680002153813839,0.46342700719833374,,-0.35649104744195936,1327,0.048515625,,,-0.0017510221851989626,,,,,,,,,,
1372160,5,253.56,21,1198,6.2982258796691895,0.23993650078773499,,,0.0001,0.2,0.0043741493,0.5926416927576065,0.5538084506988525,,-0.3536046507954598,1332,0.0474609375,,,-0.0031945943413302304,,,,,,,,,,
1377280,6,252.65,25,1202,6.206216335296631,0.38506340980529785,,,0.0001,0.2,0.005480901,0.7108023598790169,0.4880027770996094,,-0.353432914018631,1337,0.053671875,,,-0.0030908164335414767,,,,,,,,,,
1382400,7,257.84,29,1208,6.052774429321289,0.2469010204076767,,,0.0001,0.2,0.0061229737,0.5991380611062049,0.6457694172859192,,-0.33117311835289004,1342,0.0634375,,,-0.0028492879029363392,,,,,,,,,,
1387520,8,250.5,33,1222,6.207230091094971,0.2808489203453064,,,0.0001,0.2,0.004076713,0.6434300038218498,0.6285606026649475,,-0.32731507360935214,1347,0.0358984375,,,-0.0008776181237772107,,,,,,,,,,
1392640,9,255.84,37,1225,6.032144069671631,0.33677938580513,,,0.0001,0.2,0.006526675,0.7220832285284996,0.5418309569358826,,-0.33560339629650116,1352,0.0565234375,,,-0.0018940958753228187,,,,,,,,,,
1397760,10,254.8,41,1220,6.040494918823242,0.21190926432609558,,,0.0001,0.2,0.0070722527,0.5320725962519646,0.7007242441177368,,-0.34543755143880844,1357,0.0560546875,,,-0.0028273429861292243,,,,,,,,,,
,,,,,,0.3045737147331238,,,0.0001,0.2,0.0052927667,0.7614787808060646,0.6075286269187927,,-0.3664875757694244,1362,0.054453125,,,-0.001979286773130298,,,563200,245.33,6.617172155231238,0.91,3,2.013799023320889,0,80.73946432817101
1402880,1,250.89,2,1853,6.259019374847412,,3,0.0001,,,,,,563200,,,,440,11,,0.015,15,,,,,,,,
1408000,2,244.96,6,1541,6.526799201965332,0.3398880958557129,,,0.0001,0.2,0.0053049745,0.7848462033271789,0.4494664669036865,,-0.3432260936498642,1367,0.0469921875,,,-0.0015988692687824368,,,,,,,,,,
1413120,3,262.77,10,1450,6.174928665161133,0.36756977438926697,,,0.0001,0.2,0.004174113,0.7568784815073013,0.27087342739105225,,-0.36263813346624374,1372,0.0408984375,,,-0.0022519229957833884,,,,,,,,,,
1418240,4,263.69,14,1403,6.215098857879639,0.24110212922096252,,,0.0001,0.2,0.004040092,0.548869206905365,0.3876168131828308,,-0.3737653607130051,1377,0.0483984375,,,-0.001035185381770134,,,,,,,,,,
1423360,5,262.16,18,1380,6.222840785980225,0.23175321519374847,,,0.0001,0.2,0.0051800483,0.5315900862216949,0.48454105854034424,,-0.35435377597808837,1382,0.050078125,,,-0.003243661834858358,,,,,,,,,,
1428480,6,256.8,22,1341,6.318936347961426,0.2571077346801758,,,0.0001,0.2,0.0044512292,0.6015135040879249,0.5259596109390259,,-0.3897173261642456,1387,0.058125,,,-0.001869697873480618,,,,,,,,,,
1433600,7,270.44,27,1325,6.008638858795166,0.3471982479095459,,,0.0001,0.2,0.002909633,0.6457593354582787,0.4823209047317505,,-0.36373870700597766,1392,0.03578125,,,-0.002280121622607112,,,,,,,,,,
1438720,8,262.56,31,1307,6.0998077392578125,0.2358095347881317,,,0.0001,0.2,0.0057416456,0.5435263139009475,0.5376719236373901,,-0.34808966040611267,1397,0.044765625,,,-0.0022466309648007153,,,,,,,,,,
1443840,9,254.12,35,1297,6.380643844604492,0.3026246428489685,,,0.0001,0.2,0.0047893054,0.6733634573221207,0.48677951097488403,,-0.36799386858940125,1402,0.0423046875,,,-0.0026550306705757976,,,,,,,,,,
1448960,10,257.83,39,1287,6.3499345779418945,0.25719964504241943,,,0.0001,0.2,0.005078521,0.7069233542680741,0.3953015208244324,,-0.3924837592244148,1407,0.04171875,,,-0.0016944452654570341,,,,,,,,,,
,,,,,,0.3480575680732727,,,0.0001,0.2,0.00666352,0.6842968365550042,0.30708569288253784,,-0.3884687229990959,1412,0.05375,,,-0.00168668819591403,,,614400,267.18,6.2591359034180645,0.87,3,2.3544568288335053,0,92.01645287664591
1454080,1,270.35,3,1618,6.027101516723633,,3,0.0001,,,,,,614400,,,,440,11,,0.015,15,,,,,,,,
1459200,2,257.44,7,1394,6.331758975982666,0.20361265540122986,,,0.0001,0.2,0.0040041097,0.503673337996006,0.5091131925582886,,-0.3574749377369881,1417,0.0502734375,,,-0.00027559871319681405,,,,,,,,,,
1464320,3,256.89,11,1346,6.51905632019043,0.3043035566806793,,,0.0001,0.2,0.0031318038,0.681828653216362,0.188681960105896,,-0.3899442407488823,1422,0.039140625,,,-0.00020897256676107644,,,,,,,,,,
1469440,4,262.76,15,1296,6.358098983764648,0.27914077043533325,,,0.0001,0.2,0.0074225524,0.6369536197185517,0.23390311002731323,,-0.3986858707666397,1427,0.061171875,,,-0.0028293524077162148,,,,,,,,,,
1474560,5,259.69,21,1218,6.485414505004883,0.18839909136295319,,,0.0001,0.2,0.0046762833,0.4305311566591263,0.3401980996131897,,-0.3587805268168449,1432,0.0482421875,,,-0.002421067776158452,,,,,,,,,,
1479680,6,250.64,26,1171,6.781529426574707,0.24621619284152985,,,0.0001,0.2,0.0043086046,0.6242092475295067,0.24227237701416016,,-0.3713090869784355,1437,0.0508984375,,,-0.0018663875572383403,,,,,,,,,,
1484800,7,269.88,30,1161,6.268362045288086,0.228853240609169,,,0.0001,0.2,0.0050864355,0.5351830154657364,0.30732297897338867,,-0.36932723194360734,1442,0.0591796875,,,-0.0001173811499029398,,,,,,,,,,
1489920,8,278.3,35,1158,6.081809043884277,0.21826466917991638,,,0.0001,0.2,0.0056674993,0.43485170871019363,0.2629396319389343,,-0.35471718817949294,1447,0.0545703125,,,-0.002007573381997645,,,,,,,,,,
1495040,9,271.91,40,1143,6.197877407073975,0.23057010769844055,,,0.0001,0.2,0.0036599047,0.5507762730121613,0.3598034381866455,,-0.36613567024469373,1452,0.050078125,,,-0.0010517422435805202,,,,,,,,,,
1500160,10,271.74,45,1137,6.020756721496582,0.17462888360023499,,,0.0001,0.2,0.0045317872,0.5623444068431854,0.5194522142410278,,-0.329698244035244,1457,0.0466015625,,,-0.002339032841846347,,,,,,,,,,
,,,,,,0.16453896462917328,,,0.0001,0.2,0.0072291866,0.4609198072552681,0.5526169538497925,,-0.331287767291069,1462,0.0538671875,,,-0.001147114969789982,,,665600,266.85,6.140054512768984,0.85,3,2.5502123277313373,0,94.33486895098758
1505280,1,275.79,3,1640,5.891449451446533,,3,0.0001,,,,,,665600,,,,440,11,,0.015,15,,,,,,,,
1510400,2,279.61,7,1388,5.8127946853637695,0.3973435163497925,,,0.0001,0.2,0.004107912,0.6240305784344673,0.4066534638404846,,-0.3442144778370857,1467,0.056328125,,,-0.002150096092373133,,,,,,,,,,
1515520,3,271.24,11,1330,6.01759147644043,0.23810291290283203,,,0.0001,0.2,0.006700667,0.5494279769062996,0.4867238402366638,,-0.3337818679213524,1472,0.06875,,,-0.002483183788135648,,,,,,,,,,
1520640,4,268.71,15,1305,6.104440212249756,0.3120952844619751,,,0.0001,0.2,0.0066050603,0.649103257060051,0.4190923571586609,,-0.32360435634851453,1477,0.06125,,,-0.0026547818491235377,,,,,,,,,,
1525760,5,270.13,19,1289,6.156283378601074,0.31084761023521423,,,0.0001,0.2,0.0050470405,0.7036020702123642,0.4120352268218994,,-0.31360134929418565,1482,0.045234375,,,-0.0021185443084686994,,,,,,,,,,
1530880,6,266.9,23,1281,6.221790313720703,0.2648217976093292,,,0.0001,0.2,0.0043252213,0.5642961388826371,0.44201070070266724,,-0.3249078747630119,1487,0.0478125,,,-0.0013743376499041914,,,,,,,,,,
1536000,7,258.67,28,1273,6.334821701049805,0.17611713707447052,,,0.0001,0.2,0.003113096,0.5344063338637352,0.39801955223083496,,-0.3174693116545677,1492,0.0349609375,,,-0.0016204955335706473,,,,,,,,,,
1541120,8,262.36,32,1267,6.2474236488342285,0.1898401975631714,,,0.0001,0.2,0.0034432542,0.576507263481617,0.3464691638946533,,-0.30221458107233046,1497,0.034453125,,,-0.00240595780313015,,,,,,,,,,
1546240,9,266.11,36,1258,6.1825151443481445,0.3546164333820343,,,0.0001,0.2,0.0036306619,0.6022705176472664,0.38297510147094727,,-0.30606848657131197,1502,0.0375390625,,,-0.0012509293854236602,,,,,,,,,,
1551360,10,267.7,40,1256,6.164205551147461,0.27403950691223145,,,0.0001,0.2,0.0032925145,0.6143749529123306,0.417760968208313,,-0.31750128537416455,1507,0.03453125,,,-0.0010946395760402083,,,,,,,,,,
,,,,,,0.3562943935394287,,,0.0001,0.2,0.0036774748,0.6597441560029984,0.37447595596313477,,-0.32639931976795195,1512,0.04796875,,,-0.0030802961951121688,,,716800,263.87,5.725444947853685,0.78,3,3.0766010517638165,0,108.18296122772753
1556480,1,265.61,3,1637,6.205756664276123,,3,0.0001,,,,,,716800,,,,440,11,,0.015,15,,,,,,,,
1561600,2,267.73,7,1401,6.180978298187256,0.24497771263122559,,,0.0001,0.2,0.0048145168,0.5606684923171997,0.3901575803756714,,-0.3015670889616013,1517,0.055390625,,,-0.0019709112541750075,,,,,,,,,,
1566720,3,269.79,11,1332,6.0392866134643555,0.2865965664386749,,,0.0001,0.2,0.005994657,0.6043662068247795,0.317141592502594,,-0.2734175492823124,1522,0.053359375,,,-0.002381553314626217,,,,,,,,,,
1571840,4,272.3,15,1302,6.043985366821289,0.24884089827537537,,,0.0001,0.2,0.004635073,0.49564852327108383,0.4638078808784485,,-0.2689568640291691,1527,0.0476953125,,,-0.00112167882733047,,,,,,,,,,
1576960,5,263.57,19,1291,6.193080425262451,0.3003529906272888,,,0.0001,0.2,0.005364489,0.6116970288753509,0.24728697538375854,,-0.28752736032009124,1532,0.0532421875,,,-0.0012648709374479949,,,,,,,,,,
1582080,6,268.06,23,1282,6.055786609649658,0.3016110956668854,,,0.0001,0.2,0.0040650596,0.5954016235470772,0.38587480783462524,,-0.28533566668629645,1537,0.0516015625,,,-0.0020386670297011735,,,,,,,,,,
1587200,7,280.07,28,1278,5.649271011352539,0.2497604340314865,,,0.0001,0.2,0.0047094384,0.4712994393706322,0.4969288110733032,,-0.2777241878211498,1542,0.0376171875,,,-0.0013116273330524564,,,,,,,,,,
1592320,8,275.2,32,1270,5.683115005493164,0.19326232373714447,,,0.0001,0.2,0.0048535923,0.523802078962326,0.5602519512176514,,-0.27473144471645355,1547,0.045234375,,,-0.0015681682573631406,,,,,,,,,,
1597440,9,270.32,36,1264,5.811686992645264,0.32023999094963074,,,0.0001,0.2,0.0056787776,0.7501975551247597,0.4260653257369995,,-0.2934190751612186,1552,0.043125,,,-0.0008916741563007235,,,,,,,,,,
1602560,10,270.71,40,1259,5.759720325469971,0.21793532371520996,,,0.0001,0.2,0.004980894,0.5762751936912537,0.6886911988258362,,-0.2661236366629601,1557,0.045390625,,,-0.0009969660779461265,,,,,,,,,,
,,,,,,0.36501407623291016,,,0.0001,0.2,0.0042150337,0.7048689523339271,0.5991735458374023,,-0.27421406731009484,1562,0.0403125,,,-0.0012466719234362244,,,768000,275.33,5.5495484011643565,0.76,3,3.0438994833779316,0,110.45605958932266
1607680,1,263.69,3,1606,5.8732194900512695,,3,0.0001,,,,,,768000,,,,440,11,,0.015,15,,,,,,,,
1612800,2,252.3,7,1350,6.251559257507324,0.22022220492362976,,,0.0001,0.2,0.0039264965,0.7039184406399727,0.5674259662628174,,-0.2703039760887623,1567,0.0365625,,,-0.0007482379162684083,,,,,,,,,,
1617920,3,250.16,11,1303,6.14687442779541,0.3177628517150879,,,0.0001,0.2,0.004449024,0.625137012898922,0.562482476234436,,-0.258695500344038,1572,0.0418359375,,,-0.0009348480822518468,,,,,,,,,,
1623040,4,253.33,15,1293,6.193360805511475,0.31582626700401306,,,0.0001,0.2,0.0035737767,0.5934749478101731,0.657498836517334,,-0.27585050284862517,1577,0.0373046875,,,-0.0004897903883829713,,,,,,,,,,
1628160,5,262.28,19,1281,5.891717433929443,0.3070427179336548,,,0.0001,0.2,0.0031581088,0.8051599037647247,0.4783925414085388,,-0.27279461339116096,1582,0.03015625,,,-0.001164936360437423,,,,,,,,,,
1633280,6,265.29,24,1273,5.9234113693237305,0.40795737504959106,,,0.0001,0.2,0.0042560208,0.6915488079190254,0.5918059349060059,,-0.31712042421102526,1587,0.0375,,,-0.0022918621357530355,,,,,,,,,,
1638400,7,267.25,28,1268,5.75520133972168,0.3505287170410156,,,0.0001,0.2,0.003361063,0.7634073114395141,0.4700404405593872,,-0.2752267748117447,1592,0.0267578125,,,-0.001450247336179018,,,,,,,,,,
1643520,8,273.21,32,1265,5.72469425201416,0.24966484308242798,,,0.0001,0.2,0.0033068345,0.5344828343391419,0.6418235301971436,,-0.2953395649790764,1597,0.0375,,,-0.0007361021544784308,,,,,,,,,,
1648640,9,273.38,36,1263,5.7716169357299805,0.18055680394172668,,,0.0001,0.2,0.0027022562,0.6129705423116684,0.41927802562713623,,-0.29408945590257646,1602,0.026953125,,,-0.0016994122788310051,,,,,,,,,,
1653760,10,266.54,40,1262,5.905661582946777,0.3204590678215027,,,0.0001,0.2,0.00369812,0.6728820353746414,0.4689255356788635,,-0.30099872589111326,1607,0.0473828125,,,-0.003174997242167592,,,,,,,,,,
,,,,,,0.22578459978103638,,,0.0001,0.2,0.006249464,0.6029067194461822,0.4440016746520996,,-0.31893503487110136,1612,0.0570703125,,,-0.004062957381829619,,,819200,249.03,6.544670213162899,0.91,3,2.2025922216872122,0,86.51953016515982
1658880,1,258.61,3,1588,6.020727634429932,,3,0.0001,,,,,,819200,,,,440,11,,0.015,15,,,,,,,,
1664000,2,256.78,7,1365,6.2543230056762695,0.3259263038635254,,,0.0001,0.2,0.0032243982,0.6372422134876251,0.5246925950050354,,-0.30294873744249345,1617,0.04609375,,,-0.0014262397354468702,,,,,,,,,,
1669120,3,250.44,11,1327,6.3589091300964355,0.338282972574234,,,0.0001,0.2,0.003694664,0.7041762045025826,0.4394108057022095,,-0.3199258786439896,1622,0.0384375,,,-0.0016395000694319605,,,,,,,,,,
1674240,4,252.25,15,1291,6.306597709655762,0.26900845766067505,,,0.0001,0.2,0.007959356,0.7558959084749222,0.46965616941452026,,-0.33702328711748125,1627,0.0509765625,,,-0.0026616497011855244,,,,,,,,,,
1679360,5,249.1,20,1267,6.4953389167785645,0.17006391286849976,,,0.0001,0.2,0.00926408,0.6605909296870232,0.4429512619972229,,-0.3512636920809746,1632,0.0577734375,,,-0.0022234082780778408,,,,,,,,,,
1684480,6,254.94,24,1260,6.405249118804932,0.4173164665699005,,,0.0001,0.2,0.0057303193,0.7358270761370659,0.183529794216156,,-0.37482733637094495,1637,0.05484375,,,-0.0022086604172363877,,,,,,,,,,
1689600,7,253.96,28,1257,6.364456653594971,0.28516244888305664,,,0.0001,0.2,0.0056089563,0.5329037648439408,0.3477894067764282,,-0.3728919962048531,1642,0.0507421875,,,-0.001976137021556497,,,,,,,,,,
1694720,8,265.48,32,1254,6.134843349456787,0.214735209941864,,,0.0001,0.2,0.004800027,0.5705825540423394,0.35199981927871704,,-0.3672618466615677,1647,0.0467578125,,,-0.0027169378660619257,,,,,,,,,,
1699840,9,265.22,36,1255,6.243317127227783,0.2917482852935791,,,0.0001,0.2,0.0064407983,0.5528550970554352,0.389559805393219,,-0.39012225091457364,1652,0.065859375,,,-0.0018822416057810187,,,,,,,,,,
1704960,10,268.72,40,1253,6.211297988891602,0.25501179695129395,,,0.0001,0.2,0.0053291153,0.5938034862279892,0.17929726839065552,,-0.3784739798307419,1657,0.0591015625,,,-0.0014695181278511881,,,,,,,,,,
,,,,,,0.29128310084342957,,,0.0001,0.2,0.005221245,0.5432652848958969,0.3789736032485962,,-0.393322027027607,1662,0.047265625,,,-0.001211605197750032,,,870400,261.69,6.158468435406685,0.84,3,2.5765486222467273,0,96.4619816300702
1710080,1,274.43,3,1617,5.9135870933532715,,3,0.0001,,,,,,870400,,,,440,11,,0.015,15,,,,,,,,
1715200,2,280.88,7,1394,5.812620162963867,0.1976429522037506,,,0.0001,0.2,0.0038348325,0.4358301103115082,0.43436580896377563,,-0.37842009514570235,1667,0.0441015625,,,-0.0016006995737552644,,,,,,,,,,
1720320,3,281.35,11,1332,5.8160223960876465,0.26189249753952026,,,0.0001,0.2,0.0054159653,0.47555915400385856,0.3530053496360779,,-0.39007852792739867,1672,0.040078125,,,-0.002086183591745794,,,,,,,,,,
1725440,4,275.64,15,1304,5.863007068634033,0.15825589001178741,,,0.0001,0.2,0.006436357,0.5183822718262673,0.4432641863822937,,-0.4036484360694885,1677,0.0679296875,,,-0.0029676331998780368,,,,,,,,,,
1730560,5,267.74,19,1292,5.974620342254639,0.17418329417705536,,,0.0001,0.2,0.005729285,0.6010386204719543,0.4609317183494568,,-0.38814542412757874,1682,0.04796875,,,-0.0032569743460044267,,,,,,,,,,
1735680,6,262.38,23,1282,6.257516860961914,0.33309853076934814,,,0.0001,0.2,0.005054704,0.6524345314502716,0.3342885375022888,,-0.37591650426387785,1687,0.048125,,,-0.001669983728788793,,,,,,,,,,
1740800,7,263.16,28,1266,6.319952964782715,0.38374167680740356,,,0.0001,0.2,0.004366013,0.6493232762813568,0.3599921464920044,,-0.3907187959551811,1692,0.044765625,,,-0.001080248081125319,,,,,,,,,,
1745920,8,268.21,32,1264,6.23438835144043,0.21492712199687958,,,0.0001,0.2,0.0033259206,0.5773082196712493,0.2766841650009155,,-0.39028961449861527,1697,0.051171875,,,-0.0006793576152995229,,,,,,,,,,
1751040,9,270.23,36,1259,6.149178504943848,0.19936814904212952,,,0.0001,0.2,0.007210642,0.6225064927339554,0.3111788034439087,,-0.3859676516056061,1702,0.0687890625,,,-0.002194658569060266,,,,,,,,,,
1756160,10,278.99,40,1256,6.027510166168213,0.15093185007572174,,,0.0001,0.2,0.0067543597,0.43082962423563004,0.4793434143066406,,-0.3822398194670677,1707,0.0670703125,,,-0.002421120817307383,,,,,,,,,,
,,,,,,0.2432427853345871,,,0.0001,0.2,0.007876897,0.7231972232460976,0.26100605726242065,,-0.386756711602211,1712,0.06421875,,,0.00043700137175619604,,,921600,270.42,6.061233254484832,0.83,3,2.5602976455599635,0,93.0826707824824
1761280,1,276.43,3,1661,5.988630771636963,,3,0.0001,,,,,,921600,,,,440,11,,0.015,15,,,,,,,,
1766400,2,270.85,7,1392,6.0787672996521,0.23875021934509277,,,0.0001,0.2,0.006752178,0.647317589521408,0.3752479553222656,,-0.38332601487636564,1717,0.053359375,,,-0.0032672470482066275,,,,,,,,,,
1771520,3,278.72,11,1339,5.91726541519165,0.35633185505867004,,,0.0001,0.2,0.0034805865,0.7011099627614021,0.33325570821762085,,-0.3842332962155342,1722,0.0355859375,,,-0.0004227612493559718,,,,,,,,,,
1776640,4,281.89,15,1321,5.914044380187988,0.276153028011322,,,0.0001,0.2,0.0033389505,0.49820985287427905,0.480343222618103,,-0.3825345265865326,1727,0.0350390625,,,-0.0006822273042052984,,,,,,,,,,
1781760,5,277.32,19,1302,6.0195183753967285,0.34161436557769775,,,0.0001,0.2,0.0049741706,0.6540902876853942,0.3395298719406128,,-0.3824441438913345,1732,0.0555078125,,,-0.002378400908783078,,,,,,,,,,
1786880,6,287.29,23,1280,5.74366569519043,0.2948217988014221,,,0.0001,0.2,0.0045795524,0.6411574032902717,0.3753221035003662,,-0.36926800429821016,1737,0.0543359375,,,-0.0010055041266605258,,,,,,,,,,
1792000,7,284.48,28,1275,5.7683563232421875,0.35291051864624023,,,0.0001,0.2,0.0035465092,0.6790712624788284,0.24533015489578247,,-0.3592801168560982,1742,0.0487109375,,,-0.0012192394863814115,,,,,,,,,,
1797120,8,279.65,32,1269,5.796445846557617,0.28624558448791504,,,0.0001,0.2,0.0057514734,0.5793725201487541,0.42203783988952637,,-0.36432084292173383,1747,0.0526171875,,,-0.004193511134944856,,,,,,,,,,
1802240,9,260.49,36,1260,6.188066005706787,0.2943512201309204,,,0.0001,0.2,0.0039822836,0.7042671233415604,0.41109317541122437,,-0.39166421711444854,1752,0.0329296875,,,-0.0005887668579816818,,,,,,,,,,
1807360,10,256.31,40,1256,6.262111186981201,0.25644972920417786,,,0.0001,0.2,0.0034787245,0.6701800075173378,0.5085710287094116,,-0.3940199914574623,1757,0.0421875,,,-0.001908243428915739,,,,,,,,,,
,,,,,,0.2785947322845459,,,0.0001,0.2,0.00557826,0.6021317523717881,0.5191582441329956,,-0.3891083070635796,1762,0.0545703125,,,-0.0030396195384673774,,,972800,267.01,6.202807554900646,0.86,3,2.4697556710701827,0,96.22624330191843
1812480,1,251.04,3,1668,6.398497104644775,,3,0.0001,,,,,,972800,,,,440,11,,0.015,15,,,,,,,,
1817600,2,257.42,7,1414,6.295590400695801,0.21484269201755524,,,0.0001,0.2,0.0046189246,0.4666412058472633,0.558010995388031,,-0.400180821120739,1767,0.0563671875,,,-0.001706853723153472,,,,,,,,,,
1822720,3,259.62,11,1372,6.197103500366211,0.18290407955646515,,,0.0001,0.2,0.0045173666,0.49246977910399437,0.5175831317901611,,-0.3796713197231293,1772,0.0551953125,,,-0.0028631678549572827,,,,,,,,,,
1827840,4,269.05,15,1337,6.029068470001221,0.14478744566440582,,,0.0001,0.2,0.0039107436,0.4801286333799362,0.46614640951156616,,-0.3538238146901131,1777,0.0373828125,,,-0.0010659471899271012,,,,,,,,,,
1832960,5,271.4,19,1318,5.931515693664551,0.24124804139137268,,,0.0001,0.2,0.0044914884,0.5479794201254845,0.40572816133499146,,-0.3724484521150589,1782,0.0377734375,,,-0.0007777744345366954,,,,,,,,,,
1838080,6,274.25,23,1303,5.814258575439453,0.21968074142932892,,,0.0001,0.2,0.005346817,0.418767369389534,0.4599382281303406,,-0.3494998049736023,1787,0.0450390625,,,-0.0007789952866733074,,,,,,,,,,
1843200,7,263.47,27,1287,6.050534725189209,0.18539252877235413,,,0.0001,0.2,0.004014726,0.4321075224876404,0.4706701636314392,,-0.34117022544145587,1792,0.057734375,,,-9.790440555661916e-05,,,,,,,,,,
1848320,8,264.33,31,1286,6.174987316131592,0.33056730031967163,,,0.0001,0.2,0.004993619,0.5168281787633896,0.45627379417419434,,-0.34192367881536484,1797,0.059921875,,,-0.0017314088880084455,,,,,,,,,,
1853440,9,266.98,36,1278,6.156251430511475,0.27709731459617615,,,0.0001,0.2,0.0054204217,0.627216634452343,0.4662427306175232,,-0.34623326420783995,1802,0.0538671875,,,-0.001290350027848035,,,,,,,,,,
1858560,10,253.71,40,1276,6.483035087585449,0.27005210518836975,,,0.0001,0.2,0.005049368,0.5804764622449875,0.4193245768547058,,-0.3495575460791588,1807,0.047578125,,,-3.071520943194628e-05,,,,,,,,,,
,,,,,,0.3180505633354187,,,0.0001,0.2,0.0056580594,0.6495819148421288,0.39598608016967773,,-0.3600384920835495,1812,0.047265625,,,-0.00329993505962193,,,1024000,273.56,6.198265652507543,0.86,3,2.3470911582037215,0,89.41558253458956
1863680,1,256.08,3,1660,6.4990010261535645,,3,0.0001,,,,,,1024000,,,,440,11,,0.015,15,,,,,,,,
1868800,2,269.04,7,1405,6.172276020050049,0.13202187418937683,,,0.0001,0.2,0.005590344,0.421771896481514,0.4047280550003052,,-0.3591971042752266,1817,0.06421875,,,-0.0036553004989400505,,,,,,,,,,
1873920,3,268.04,11,1336,6.185361862182617,0.201303631067276,,,0.0001,0.2,0.0072884755,0.5370416009426117,0.36894142627716064,,-0.351092983186245,1822,0.0551171875,,,-0.0029554692516103385,,,,,,,,,,
1879040,4,266.13,15,1309,6.201034069061279,0.191993847489357,,,0.0001,0.2,0.005965816,0.6247420954704285,0.36096900701522827,,-0.36294393092393873,1827,0.05359375,,,-0.0022984034940600395,,,,,,,,,,
1884160,5,272.24,19,1296,6.0327324867248535,0.2999369502067566,,,0.0001,0.2,0.004898762,0.6472078514099121,0.30053025484085083,,-0.3652757316827774,1832,0.0465234375,,,-0.0016141629731282591,,,,,,,,,,
1889280,6,279.25,23,1292,5.7856950759887695,0.2974773347377777,,,0.0001,0.2,0.005231519,0.541520716547966,0.39644479751586914,,-0.3811870101094246,1837,0.053984375,,,-0.0024925963487476112,,,,,,,,,,
1894400,7,264.01,28,1275,6.092490196228027,0.3764592409133911,,,0.0001,0.2,0.0033438497,0.5939333939552307,0.3106305003166199,,-0.3860153317451477,1842,0.0484375,,,-1.3823211193084716e-05,,,,,,,,,,
1899520,8,254.51,32,1263,6.275111675262451,0.27035099267959595,,,0.0001,0.2,0.004232695,0.5071746715903283,0.4359089136123657,,-0.40786344587802886,1847,0.05328125,,,-0.0017976264841854572,,,,,,,,,,
1904640,9,256.85,36,1255,6.1847662925720215,0.19160471856594086,,,0.0001,0.2,0.0043099537,0.5175865471363068,0.5404949188232422,,-0.39164995938539504,1852,0.0437109375,,,-0.002448350079357624,,,,,,,,,,
1909760,10,253.72,40,1252,6.302940845489502,0.24092485010623932,,,0.0001,0.2,0.0039157644,0.587387727200985,0.5750046968460083,,-0.3842505568265915,1857,0.0416015625,,,-0.0019567793421447276,,,,,,,,,,
,,,,,,0.31911805272102356,,,0.0001,0.2,0.00503468,0.5508889240026474,0.595022976398468,,-0.404237816631794,1862,0.047890625,,,-0.0020505475671961904,,,1075200,261.19,6.372351078912616,0.88,3,2.2693202378246364,0,85.54796257071236
1914880,1,249.76,3,1698,6.533020496368408,,3,0.0001,,,,,,1075200,,,,440,11,,0.015,15,,,,,,,,
1920000,2,254.29,7,1378,6.519585132598877,0.3689205050468445,,,0.0001,0.2,0.00641249,0.7045350521802902,0.3634418249130249,,-0.4196386057138443,1867,0.066640625,,,-0.00037875655107200146,,,,,,,,,,
1925120,3,262.15,11,1333,6.354822158813477,0.1902271956205368,,,0.0001,0.2,0.002947043,0.621815936267376,0.5617237687110901,,-0.4430099779367447,1872,0.0325,,,-0.0007262793881818653,,,,,,,,,,
1930240,4,260.78,15,1315,6.324026107788086,0.35406944155693054,,,0.0001,0.2,0.0049706837,0.6599384841322898,0.4010213613510132,,-0.3997384342551231,1877,0.0569921875,,,-0.0024161892849951985,,,,,,,,,,
1935360,5,264.72,19,1297,6.318294525146484,0.21235838532447815,,,0.0001,0.2,0.007763562,0.45542529940605164,0.4260178208351135,,-0.3958752024173737,1882,0.06875,,,-0.003108088835142553,,,,,,,,,,
1940480,6,270.03,23,1284,6.065822601318359,0.3268629312515259,,,0.0001,0.2,0.0037951402,0.6105887946486473,0.45655888319015503,,-0.42245172828435895,1887,0.0441015625,,,-0.0019657303555868566,,,,,,,,,,
1945600,7,270.57,28,1275,6.143731117248535,0.23245154321193695,,,0.0001,0.2,0.0041587814,0.47768617630004884,0.4909513592720032,,-0.42779338419437407,1892,0.0510546875,,,-0.0010321515542455017,,,,,,,,,,
1950720,8,270.58,32,1265,6.137967109680176,0.24714134633541107,,,0.0001,0.2,0.0067314664,0.5332286290824413,0.4345390796661377,,-0.427086238861084,1897,0.0512890625,,,-0.003283244143240154,,,,,,,,,,
1955840,9,273.35,36,1260,6.1391825675964355,0.15950101613998413,,,0.0001,0.2,0.0068799807,0.5037939357757568,0.3443145155906677,,-0.41238148242235184,1902,0.05828125,,,-0.0015481739863753318,,,,,,,,,,
1960960,10,274.21,40,1256,6.1354570388793945,0.3345053791999817,,,0.0001,0.2,0.0035450533,0.5800483477115631,0.4851236343383789,,-0.4067828381061554,1907,0.031875,,,-0.000881911045871675,,,,,,,,,,
,,,,,,0.3267675042152405,,,0.0001,0.2,0.00616612,0.5813734808564186,0.5109570026397705,,-0.4185002237558365,1912,0.0564453125,,,-0.0015649577463045716,,,1126400,276.94,5.929446383714676,0.82,3,2.7296240691586564,0,93.88427131314383
1966080,1,277.37,3,1587,6.0752434730529785,,3,0.0001,,,,,,1126400,,,,440,11,,0.015,15,,,,,,,,
1971200,2,279.9,7,1367,5.931480884552002,0.20153501629829407,,,0.0001,0.2,0.0043190094,0.4903141924738884,0.6219605207443237,,-0.4258031687140465,1917,0.0477734375,,,-0.0018624809058383107,,,,,,,,,,
1976320,3,279.8,11,1314,5.941321849822998,0.2998979687690735,,,0.0001,0.2,0.0036836464,0.6316127571463585,0.5412819385528564,,-0.43429017513990403,1922,0.0404296875,,,-0.0011274775257334112,,,,,,,,,,
1981440,4,284.9,15,1291,5.848512172698975,0.3523879051208496,,,0.0001,0.2,0.004971722,0.6849955135583877,0.5280452966690063,,-0.39568943411111834,1927,0.0475,,,-0.001386914630420506,,,,,,,,,,
1986560,5,283.89,19,1284,5.854551792144775,0.4471333920955658,,,0.0001,0.2,0.0051412536,0.8240462785959244,0.538889467716217,,-0.41640437841415406,1932,0.0603515625,,,-0.0030386230512522163,,,,,,,,,,
1991680,6,293.72,24,1276,5.620492458343506,0.3951244354248047,,,0.0001,0.2,0.005580871,0.8457616391777992,0.2777615785598755,,-0.39080997377634047,1937,0.051484375,,,-0.0010799715388566257,,,,,,,,,,
1996800,7,281.8,28,1274,5.8586015701293945,0.21027737855911255,,,0.0001,0.2,0.004471121,0.49696006789803504,0.38843417167663574,,-0.37864927381277086,1942,0.0519140625,,,-0.00031069821212440727,,,,,,,,,,
2001920,8,280.96,32,1265,5.9298272132873535,0.43550264835357666,,,0.0001,0.2,0.006387683,0.7395711636543274,0.3188161849975586,,-0.3894350901246071,1947,0.0528125,,,-0.0008954820269718766,,,,,,,,,,
2007040,9,268.94,36,1260,6.111616611480713,0.35721009969711304,,,0.0001,0.2,0.0048337416,0.6231821727752686,0.4066516160964966,,-0.3749582558870316,1952,0.051640625,,,-0.0012737045483663678,,,,,,,,,,
2012160,10,280.05,40,1258,5.629072666168213,0.2574538588523865,,,0.0001,0.2,0.0044853804,0.5936084461212158,0.500253438949585,,-0.36906806826591493,1957,0.0509765625,,,-0.002571403426118195,,,,,,,,,,
,,,,,,0.33875328302383423,,,0.0001,0.2,0.006027357,0.5322244647145271,0.5658973455429077,,-0.37395784974098206,1962,0.050703125,,,-0.001512478431686759,,,1177600,274.21,6.096060591265559,0.85,3,2.5560863197522314,0,93.71107671988408
2017280,1,275.95,3,1611,5.659598350524902,,3,0.0001,,,,,,1177600,,,,440,11,,0.015,15,,,,,,,,
2022400,2,277.63,7,1381,5.749666213989258,0.3281564712524414,,,0.0001,0.2,0.0048483973,0.7986063054203987,0.41832512617111206,,-0.3717113438248634,1967,0.0481640625,,,-0.00365696853492409,,,,,,,,,,
2027520,3,276.08,11,1334,5.870767116546631,0.40645843744277954,,,0.0001,0.2,0.0040102554,0.8270353028178214,0.4571573734283447,,-0.3705193084478378,1972,0.0413671875,,,-0.0013517350610345602,,,,,,,,,,
2032640,4,279.84,15,1301,5.847207546234131,0.5763877630233765,,,0.0001,0.2,0.0050417446,0.8874446153640747,0.15475618839263916,,-0.3983205386996269,1977,0.0526171875,,,-0.0034445242350921034,,,,,,,,,,
2037760,5,265.76,19,1290,6.398585319519043,0.3226735293865204,,,0.0001,0.2,0.0046223914,0.6526228752732277,0.24319082498550415,,-0.39411359816789626,1982,0.04203125,,,-0.002427884773351252,,,,,,,,,,
2042880,6,261.5,23,1285,6.591970443725586,0.30787378549575806,,,0.0001,0.2,0.0079780705,0.7650731784105301,0.3129945993423462,,-0.4133486342430115,1987,0.0669140625,,,-0.0015155941713601352,,,,,,,,,,
2048000,7,268.42,27,1282,6.482208251953125,0.2540380358695984,,,0.0001,0.2,0.0038247942,0.5968850836157799,0.2771562933921814,,-0.4021598067879677,1992,0.0466796875,,,-0.0010425371723249554,,,,,,,,,,
2053120,8,274.57,32,1277,6.180821418762207,0.21435225009918213,,,0.0001,0.2,0.004042548,0.5664178174734116,0.26753973960876465,,-0.40090413302183153,1997,0.0491796875,,,-0.0018200049968436361,,,,,,,,,,
2058240,9,275.97,36,1272,6.216003894805908,0.18520167469978333,,,0.0001,0.2,0.003562772,0.4637375968694687,0.3306875228881836,,-0.36801968306303023,2002,0.04125,,,-4.177019465714693e-05,,,,,,,,,,
2063360,10,283.28,40,1269,6.009152412414551,0.29219675064086914,,,0.0001,0.2,0.0050394107,0.6901408717036247,0.353343665599823,,-0.3569484093785286,2007,0.053125,,,-0.0024863106315024196,,,,,,,,,,
,,,,,,0.24272039532661438,,,0.0001,0.2,0.005361494,0.5621807792782784,0.4259040951728821,,-0.35822793155908583,2012,0.055,,,-0.0012034648982807994,,,1228800,258.53,6.447653225138783,0.89,3,2.1851392769492106,0,85.82079643070203
2068480,1,286.41,3,1651,5.870853900909424,,3,0.0001,,,,,,1228800,,,,440,11,,0.015,15,,,,,,,,
2073600,2,292.16,7,1380,5.653254985809326,0.3124900162220001,,,0.0001,0.2,0.0047076,0.5091030785441398,0.5401882529258728,,-0.37463397115468977,2017,0.0430078125,,,-0.0019429903943091631,,,,,,,,,,
2078720,3,289.39,11,1327,5.685585975646973,0.20974208414554596,,,0.0001,0.2,0.0042695575,0.5358759070932865,0.5680234432220459,,-0.36739061772823334,2022,0.03890625,,,-0.0018406208278611302,,,,,,,,,,
2083840,4,279.36,15,1301,5.854166030883789,0.24753700196743011,,,0.0001,0.2,0.004962531,0.6022963586449623,0.5202621221542358,,-0.33973038017749785,2027,0.04375,,,-0.0015591651131398976,,,,,,,,,,
2088960,5,277.96,19,1287,5.863142013549805,0.2226315438747406,,,0.0001,0.2,0.004705081,0.5830043944716453,0.5472249984741211,,-0.35012310057878493,2032,0.05375,,,-0.0016883555706590414,,,,,,,,,,
2094080,6,272.16,24,1277,6.0642242431640625,0.28578808903694153,,,0.0001,0.2,0.0034908396,0.6711081284284591,0.5691967010498047,,-0.3443938452005386,2037,0.0367578125,,,-0.0017897514207288624,,,,,,,,,,
2099200,7,274.6,28,1275,6.064291954040527,0.3618243932723999,,,0.0001,0.2,0.0060744053,0.7273379719257355,0.36829930543899536,,-0.34711496710777284,2042,0.05015625,,,-0.001403004634194076,,,,,,,,,,
2104320,8,271.95,32,1270,6.144254207611084,0.16138224303722382,,,0.0001,0.2,0.003813029,0.5407749161124229,0.46695566177368164,,-0.3755194902420044,2047,0.0508203125,,,-0.0010399114526808261,,,,,,,,,,
2109440,9,272.77,36,1268,6.134764194488525,0.17205949127674103,,,0.0001,0.2,0.004904033,0.43455029785633087,0.45314788818359375,,-0.3703672629594803,2052,0.05625,,,-0.002369802822358906,,,,,,,,,,
2114560,10,273.81,40,1266,6.055121898651123,0.18882450461387634,,,0.0001,0.2,0.006751769,0.5188776960968972,0.5351170301437378,,-0.38736570566892625,2057,0.0676953125,,,-0.003101050271652639,,,,,,,,,,
,,,,,,0.2734520137310028,,,0.0001,0.2,0.0042019486,0.5590544557571411,0.5558654069900513,,-0.3765841665863991,2062,0.0441796875,,,-0.002149986398871988,,,1280000,286.55,5.6177395106852055,0.78,3,2.9748409649374215,0,100.50794744695564
2119680,1,277.8,3,1591,5.982616424560547,,3,0.0001,,,,,,1280000,,,,440,11,,0.015,15,,,,,,,,
2124800,2,270.94,7,1359,6.090652942657471,0.3636030852794647,,,0.0001,0.2,0.006641364,0.6467738822102547,0.46255213022232056,,-0.3633560487627983,2067,0.067109375,,,-0.0013093279162421823,,,,,,,,,,
2129920,3,274.1,11,1314,5.887750148773193,0.4025135636329651,,,0.0001,0.2,0.008088082,0.7251181480288506,0.42385393381118774,,-0.37345607578754425,2072,0.0723828125,,,-0.0038081294018775225,,,,,,,,,,
2135040,4,274.16,15,1296,5.963079452514648,0.20339949429035187,,,0.0001,0.2,0.0057867267,0.5337519598007202,0.49272334575653076,,-0.33781198382377625,2077,0.0445703125,,,-0.0026860447973012925,,,,,,,,,,
2140160,5,280.66,19,1283,5.925500392913818,0.3412298858165741,,,0.0001,0.2,0.005024934,0.6274389117956162,0.45969152450561523,,-0.33791121780872346,2082,0.0429296875,,,-0.0028828721772879364,,,,,,,,,,
2145280,6,281.99,24,1278,6.016496658325195,0.29124534130096436,,,0.0001,0.2,0.003431913,0.7295123571157456,0.5643225908279419,,-0.3412478879094124,2087,0.045,,,-0.0017440616758540273,,,,,,,,,,
2150400,7,279.05,28,1274,6.052026748657227,0.26567113399505615,,,0.0001,0.2,0.0047238027,0.7910304602980613,0.31220269203186035,,-0.351846296787262,2092,0.0488671875,,,-0.0026085931342095135,,,,,,,,,,
2155520,8,277.8,32,1274,6.112616062164307,0.3258801996707916,,,0.0001,0.2,0.006885116,0.6295078590512275,0.33950185775756836,,-0.36291021287441255,2097,0.065390625,,,-0.0022083406057208776,,,,,,,,,,
2160640,9,280.1,36,1271,6.079855918884277,0.28822898864746094,,,0.0001,0.2,0.004544511,0.6635966396331787,0.4965967535972595,,-0.3397788283228874,2102,0.0494921875,,,-0.0024732362991198896,,,,,,,,,,
2165760,10,277.99,40,1266,6.008010387420654,0.29787012934684753,,,0.0001,0.2,0.004316888,0.7104483342170715,0.3740721344947815,,-0.330097599029541,2107,0.046015625,,,-0.001989202694967389,,,,,,,,,,
,,,,,,0.18539677560329437,,,0.0001,0.2,0.0045826724,0.578873585164547,0.5214663743972778,,-0.3301832023262978,2112,0.0489453125,,,-0.002998611470684409,,,1331200,252.21,6.592136094197631,0.91,3,2.0224886635628097,0,83.46296124629175
2170880,1,272.09,3,1593,6.106914043426514,,3,0.0001,,,,,,1331200,,,,440,11,,0.015,15,,,,,,,,
2176000,2,271.9,7,1359,6.151925086975098,0.4279656410217285,,,0.0001,0.2,0.003758495,0.7834457159042358,0.4036738872528076,,-0.33544528007507324,2117,0.0410546875,,,-0.0019475665548816324,,,,,,,,,,
2181120,3,271.43,11,1317,6.116165637969971,0.37610188126564026,,,0.0001,0.2,0.0057217437,0.7875755348801613,0.3214266300201416,,-0.3333060950040817,2122,0.0441015625,,,-0.0009070491977036,,,,,,,,,,
2186240,4,268.8,15,1300,6.22859001159668,0.3997267484664917,,,0.0001,0.2,0.0030136146,0.5796123051643371,0.5039056539535522,,-0.3408602198958397,2127,0.0383203125,,,-0.001432254994288087,,,,,,,,,,
2191360,5,270.92,19,1282,6.228219032287598,0.35614433884620667,,,0.0001,0.2,0.0038560193,0.7528253427147865,0.3424927592277527,,-0.3391989061236382,2132,0.03609375,,,-0.0014600492035970092,,,,,,,,,,
2196480,6,270.02,24,1271,6.198397636413574,0.2674492597579956,,,0.0001,0.2,0.00791133,0.6403634697198868,0.3862761855125427,,-0.35600836485624315,2137,0.054921875,,,-0.0013406148366630077,,,,,,,,,,
2201600,7,266.82,28,1266,6.225611686706543,0.26167812943458557,,,0.0001,0.2,0.005597825,0.5299082204699517,0.554070770740509,,-0.3479929465055466,2142,0.0656640625,,,-0.0027087961742654444,,,,,,,,,,
2206720,8,258.91,32,1263,6.332064151763916,0.30892783403396606,,,0.0001,0.2,0.009989604,0.6279238379001617,0.37217557430267334,,-0.34324743241071703,2147,0.0559375,,,-0.00077182003762573,,,,,,,,,,
2211840,9,258.38,36,1263,6.330239295959473,0.3537009656429291,,,0.0001,0.2,0.0049864473,0.5992321854829789,0.4629179835319519,,-0.36690511703491213,2152,0.0692578125,,,-0.0012854302860796452,,,,,,,,,,
2216960,10,252.37,40,1261,6.476163387298584,0.22369171679019928,,,0.0001,0.2,0.0048584393,0.5170709854364395,0.5057194828987122,,-0.35609650701284407,2157,0.0521875,,,-0.0022417691675946116,,,,,,,,,,
,,,,,,0.21262313425540924,,,0.0001,0.2,0.0036513812,0.5402835762500763,0.37803471088409424,,-0.37175233781337735,2162,0.04171875,,,-0.0013335484499111773,,,1382400,270.15,6.152585220336914,0.85,3,2.488546657394007,0,86.81098720784139
2222080,1,253.59,3,1636,6.605555534362793,,3,0.0001,,,,,,1382400,,,,440,11,,0.015,15,,,,,,,,
2227200,2,253.72,7,1392,6.586383819580078,0.202457994222641,,,0.0001,0.2,0.0055527776,0.4653988549113274,0.386646032333374,,-0.35393224596977235,2167,0.057734375,,,-0.0025071339076384903,,,,,,,,,,
2232320,3,261.87,11,1343,6.437495231628418,0.21262291073799133,,,0.0001,0.2,0.010902955,0.4599859529733658,0.43242233991622925,,-0.3443645426630974,2172,0.0635546875,,,-0.004123641597107053,,,,,,,,,,
2237440,4,253.02,15,1308,6.504354476928711,0.19889679551124573,,,0.0001,0.2,0.004142181,0.41654034838080406,0.4897746443748474,,-0.3504901134967804,2177,0.055546875,,,-0.0007076041074469686,,,,,,,,,,
2242560,5,258.32,19,1294,6.279957294464111,0.19028694927692413,,,0.0001,0.2,0.0061860913,0.3860819560289383,0.528130292892456,,-0.35521969735622405,2182,0.0512890625,,,-0.0016331679094582796,,,,,,,,,,
2247680,6,261.55,23,1288,6.227130889892578,0.20970210433006287,,,0.0001,0.2,0.0058013164,0.3897042475640774,0.509552001953125,,-0.33375053852796555,2187,0.0618359375,,,-0.001542267664335668,,,,,,,,,,
2252800,7,263.74,28,1279,6.095521926879883,0.2526811957359314,,,0.0001,0.2,0.0056530726,0.4408212998509407,0.5276455879211426,,-0.3630656844377518,2192,0.069296875,,,-0.0023916264716535808,,,,,,,,,,
2257920,8,261.17,32,1276,6.211879253387451,0.14764630794525146,,,0.0001,0.2,0.0046885223,0.5019982907176018,0.5359612703323364,,-0.3730106157064438,2197,0.042578125,,,-0.0014194955956190825,,,,,,,,,,
2263040,9,262.49,36,1272,6.259724140167236,0.23170478641986847,,,0.0001,0.2,0.004909187,0.5000242105126381,0.44847673177719116,,-0.37827585577964784,2202,0.053125,,,-0.0035740293888375163,,,,,,,,,,
2268160,10,263.06,40,1271,6.434972763061523,0.32924985885620117,,,0.0001,0.2,0.0073419735,0.522395991384983,0.45026886463165283,,-0.35476731091737745,2207,0.0466796875,,,-0.0022279694536700844,,,,,,,,,,
,,,,,,0.3219776153564453,,,0.0001,0.2,0.0048564775,0.6122643685340882,0.4419518709182739,,-0.34642920702695845,2212,0.041875,,,-0.0017579173715785146,,,1433600,251.64,6.486755437855609,0.89,3,2.230020102677826,0,82.26305610661446
2273280,1,258.35,3,1665,6.525401592254639,,3,0.0001,,,,,,1433600,,,,440,11,,0.015,15,,,,,,,,
2278400,2,256.09,7,1399,6.683491230010986,0.21099154651165009,,,0.0001,0.2,0.006271039,0.4523841941356659,0.32199543714523315,,-0.36541142225265505,2217,0.07125,,,-0.0013621521275490522,,,,,,,,,,
2283520,3,255.0,11,1329,6.634294509887695,0.20260845124721527,,,0.0001,0.2,0.0050805854,0.5155508202314377,0.4328755736351013,,-0.3618395736813545,2222,0.0494921875,,,-0.0024640273675322535,,,,,,,,,,
2288640,4,258.71,15,1304,6.493462562561035,0.21552664041519165,,,0.0001,0.2,0.005244001,0.5077830970287323,0.40891462564468384,,-0.35745337814092637,2227,0.048125,,,-0.0012921832827851177,,,,,,,,,,
2293760,5,258.74,19,1297,6.392519474029541,0.2271409034729004,,,0.0001,0.2,0.005360418,0.5004515531659126,0.4932144284248352,,-0.3735161355137825,2232,0.060234375,,,-0.002987255337648094,,,,,,,,,,
2298880,6,238.9,23,1289,6.6991472244262695,0.18748724460601807,,,0.0001,0.2,0.007586905,0.4276216799020767,0.5091396570205688,,-0.367745843231678,2237,0.06265625,,,-0.0029218458104878662,,,,,,,,,,
2304000,7,244.13,27,1286,6.546204090118408,0.1691596657037735,,,0.0001,0.2,0.0041526332,0.4228380870819092,0.5898897647857666,,-0.3724743977189064,2242,0.037265625,,,-0.0008200431615114212,,,,,,,,,,
2309120,8,255.12,31,1281,6.271124362945557,0.13990123569965363,,,0.0001,0.2,0.005711869,0.40963983833789824,0.6054611802101135,,-0.3869968268275261,2247,0.0479296875,,,-0.0008337807934731246,,,,,,,,,,
2314240,9,249.58,36,1278,6.534041881561279,0.25884392857551575,,,0.0001,0.2,0.006234427,0.532938412129879,0.5151363611221313,,-0.34674102246761324,2252,0.0523828125,,,-0.0012103696633130312,,,,,,,,,,
2319360,10,252.5,40,1273,6.354803562164307,0.24539785087108612,,,0.0001,0.2,0.0044629853,0.5690145951509475,0.4962669610977173,,-0.370514951646328,2257,0.0544921875,,,-0.0030848557967692613,,,,,,,,,,
,,,,,,0.160705104470253,,,0.0001,0.2,0.004256504,0.41034104764461515,0.5525672435760498,,-0.35942613512277605,2262,0.0440234375,,,-0.002398113994859159,,,1484800,283.88,5.805324696451425,0.81,3,2.7348162783592844,0,101.87406735769413
2324480,1,257.38,3,1697,6.2123918533325195,,3,0.0001,,,,,,1484800,,,,440,11,,0.015,15,,,,,,,,
2329600,2,261.68,7,1379,6.182855606079102,0.20355550944805145,,,0.0001,0.2,0.004120371,0.5119017067551613,0.5420781970024109,,-0.34868435382843016,2267,0.0433203125,,,-0.0014677977608516812,,,,,,,,,,
2334720,3,256.91,11,1326,6.248717784881592,0.21185867488384247,,,0.0001,0.2,0.0052517527,0.5277615469694138,0.5270836353302002,,-0.34875223398208616,2272,0.041953125,,,-0.0027812737692147495,,,,,,,,,,
2339840,4,263.42,15,1308,6.038535118103027,0.2846730649471283,,,0.0001,0.2,0.0064095072,0.5082204610109329,0.5755099058151245,,-0.3514509961009026,2277,0.05546875,,,-0.0018847597017884255,,,,,,,,,,
2344960,5,265.36,19,1296,6.058561325073242,0.295920729637146,,,0.0001,0.2,0.005488643,0.6055198353528977,0.49212080240249634,,-0.339409404695034,2282,0.055078125,,,-0.00024018780328333378,,,,,,,,,,
2350080,6,262.41,23,1289,6.130490303039551,0.26893359422683716,,,0.0001,0.2,0.0047151903,0.5414378723502159,0.5411287546157837,,-0.3342987951636314,2287,0.03859375,,,-0.002101586814969778,,,,,,,,,,
2355200,7,260.24,27,1282,6.108201503753662,0.3097127676010132,,,0.0001,0.2,0.0034032944,0.6249722364544869,0.5028666257858276,,-0.3430293440818787,2292,0.0455078125,,,-0.000584362642839551,,,,,,,,,,
2360320,8,247.28,31,1281,6.413028717041016,0.23632913827896118,,,0.0001,0.2,0.0043069376,0.5891350165009499,0.5776287317276001,,-0.3388917711377144,2297,0.04734375,,,-0.0012816361710429193,,,,,,,,,,
2365440,9,248.27,36,1274,6.36113166809082,0.16285069286823273,,,0.0001,0.2,0.004768883,0.47725287288427354,0.5004222989082336,,-0.3419973012804985,2302,0.043203125,,,-0.0010474585788324475,,,,,,,,,,
2370560,10,242.54,40,1272,6.463485240936279,0.19195806980133057,,,0.0001,0.2,0.0035908234,0.46543582558631896,0.5815631747245789,,-0.3313055530190468,2307,0.03953125,,,-0.0010002789134159684,,,,,,,,,,
,,,,,,0.22046852111816406,,,0.0001,0.2,0.0052124215,0.4160700699687004,0.6697869300842285,,-0.35997976958751676,2312,0.0545703125,,,-0.002064243769273162,,,1536000,266.33,6.068248794972897,0.83,3,2.620341457175035,0,96.2107119815668
2375680,1,249.95,3,1650,6.309386730194092,,3,0.0001,,,,,,1536000,,,,440,11,,0.015,15,,,,,,,,
2380800,2,249.4,7,1409,6.368873119354248,0.34275585412979126,,,0.0001,0.2,0.005408388,0.6653594103455543,0.5532045364379883,,-0.38297688215970993,2317,0.054921875,,,-0.0017793395556509495,,,,,,,,,,
2385920,3,253.8,11,1340,6.322270393371582,0.37353411316871643,,,0.0001,0.2,0.0072938814,0.5774283713102341,0.5740395188331604,,-0.3803899458050728,2322,0.0612890625,,,-0.0016471531800925732,,,,,,,,,,
2391040,4,257.64,15,1315,6.2831339836120605,0.25873932242393494,,,0.0001,0.2,0.006352684,0.558265573978424,0.6065771579742432,,-0.3522199380397797,2327,0.0572265625,,,-0.0014155655074864625,,,,,,,,,,
2396160,5,261.11,19,1298,6.316059589385986,0.21222485601902008,,,0.0001,0.2,0.0036815223,0.5382671064138412,0.569601833820343,,-0.39073571532964707,2332,0.0353515625,,,-0.002171904749702662,,,,,,,,,,
2401280,6,263.38,23,1291,6.230733871459961,0.26360827684402466,,,0.0001,0.2,0.0034193913,0.5405441024899482,0.5265069603919983,,-0.37010261744260786,2337,0.0428515625,,,-0.00034931497648358343,,,,,,,,,,
2406400,7,263.24,27,1290,6.321187973022461,0.14604012668132782,,,0.0001,0.2,0.005222983,0.4298557272553444,0.6705973148345947,,-0.3587742140889168,2342,0.0400390625,,,-0.0011143203545361758,,,,,,,,,,
2411520,8,267.12,31,1287,6.229788780212402,0.26543790102005005,,,0.0001,0.2,0.006051052,0.8090075349807739,0.36763662099838257,,-0.3668648025393486,2347,0.0455859375,,,-0.002049728916026652,,,,,,,,,,
2416640,9,277.68,35,1283,5.99611759185791,0.15277153253555298,,,0.0001,0.2,0.009745838,0.538042061328888,0.5329821109771729,,-0.3618475860357285,2352,0.0619921875,,,-0.004974333117716014,,,,,,,,,,
2421760,10,277.05,40,1278,5.901105880737305,0.3049542307853699,,,0.0001,0.2,0.0047211302,0.7206032428145409,0.4782564640045166,,-0.40030214458703994,2357,0.058203125,,,-0.00048006266821175813,,,,,,,,,,
,,,,,,0.21985039114952087,,,0.0001,0.2,0.0051632607,0.512174455523491,0.6194089651107788,,-0.4026094788312912,2362,0.0534765625,,,-0.0008881434705108405,,,1587200,255.22,6.364660427570343,0.87,3,2.3647048355163025,0,91.67328727606532
2426880,1,270.03,3,1611,5.9534173011779785,,3,0.0001,,,,,,1587200,,,,440,11,,0.015,15,,,,,,,,
2432000,2,273.7,7,1370,5.8389153480529785,0.3574063181877136,,,0.0001,0.2,0.005253689,0.7639513978362084,0.5088832378387451,,-0.4051577854156494,2367,0.0394140625,,,-0.0003984123654663563,,,,,,,,,,
2437120,3,268.0,11,1319,5.898561954498291,0.24744407832622528,,,0.0001,0.2,0.0076670647,0.6770921343564987,0.6000582575798035,,-0.4020804667472839,2372,0.0665234375,,,-0.0018696931796148418,,,,,,,,,,
2442240,4,269.78,15,1298,5.788891792297363,0.5187132954597473,,,0.0001,0.2,0.003773528,0.7563949233293533,0.5114251971244812,,-0.370427226126194,2377,0.034140625,,,-0.0012218434922397136,,,,,,,,,,
2447360,5,272.73,19,1288,5.709953784942627,0.3430672287940979,,,0.0001,0.2,0.006413935,0.6210894715785981,0.752390444278717,,-0.4386896961927414,2382,0.0724609375,,,-0.003331368309445679,,,,,,,,,,
2452480,6,274.61,24,1269,5.701009750366211,0.5103380680084229,,,0.0001,0.2,0.011169747,0.9665017640590667,0.5808008909225464,,-0.38584641724824903,2387,0.0824609375,,,-0.001566607989370823,,,,,,,,,,
2457600,7,280.93,28,1267,5.698431491851807,0.319380521774292,,,0.0001,0.2,0.0046280054,0.8728470921516418,0.6386728286743164,,-0.37549804389476776,2392,0.049296875,,,-0.004202474309131503,,,,,,,,,,
2462720,8,280.18,32,1260,5.75189208984375,0.5764164328575134,,,0.0001,0.2,0.004422216,0.9395217603445053,0.5538622140884399,,-0.33738037109375,2397,0.0483984375,,,-0.0025945577258244157,,,,,,,,,,
2467840,9,272.63,36,1259,6.068483352661133,0.6166906356811523,,,0.0001,0.2,0.006467371,1.0797808361053467,0.2957955002784729,,-0.34561049163341523,2402,0.045078125,,,-0.0013570624124258756,,,,,,,,,,
2472960,10,271.33,40,1257,6.024328231811523,0.4455677270889282,,,0.0001,0.2,0.0043343604,0.8751618802547455,0.245816171169281,,-0.350026516020298,2407,0.0503515625,,,0.0004609117424115539,,,,,,,,,,
,,,,,,0.2987537682056427,,,0.0001,0.2,0.0056107193,0.6233209809660911,0.5668817758560181,,-0.3820206320285797,2412,0.0551953125,,,-0.002342793238349259,,,1638400,268.97,6.270107338130474,0.87,3,2.2718016361252378,0,91.75145284953258
2478080,1,266.23,3,1620,6.16734504699707,,3,0.0001,,,,,,1638400,,,,440,11,,0.015,15,,,,,,,,
2483200,2,253.5,7,1381,6.367508411407471,0.2193308174610138,,,0.0001,0.2,0.0048613204,0.75172089189291,0.4778870940208435,,-0.3837046581506729,2417,0.0668359375,,,-0.0016698612319305539,,,,,,,,,,
2488320,3,251.72,11,1336,6.382678985595703,0.27567818760871887,,,0.0001,0.2,0.0050938013,0.6577583643794059,0.5346901416778564,,-0.3642721480131149,2422,0.0503125,,,-0.0015679365606047213,,,,,,,,,,
2493440,4,251.21,15,1313,6.383863925933838,0.3063896894454956,,,0.0001,0.2,0.005901818,0.6275301751494408,0.5145083069801331,,-0.35068724513053895,2427,0.0530859375,,,0.0003381897835060954,,,,,,,,,,
2498560,5,248.93,19,1298,6.362766265869141,0.26465803384780884,,,0.0001,0.2,0.0057814303,0.5059273016452789,0.38121670484542847,,-0.3530091169476509,2432,0.0570703125,,,-0.0033510828856378795,,,,,,,,,,
2503680,6,249.23,23,1288,6.357177257537842,0.16096749901771545,,,0.0001,0.2,0.007326641,0.4910746404528618,0.6092170476913452,,-0.42603059321641923,2437,0.0698046875,,,-0.0021988492575474084,,,,,,,,,,
2508800,7,259.15,27,1284,6.1804304122924805,0.2331744134426117,,,0.0001,0.2,0.007401783,0.5878957757353782,0.5944728851318359,,-0.42946686416864394,2442,0.0540234375,,,-0.002780937226489186,,,,,,,,,,
2513920,8,265.64,31,1283,6.123416900634766,0.2578349709510803,,,0.0001,0.2,0.005797335,0.5607377561926842,0.6067385673522949,,-0.43186903357505796,2447,0.05953125,,,0.0016502538742497563,,,,,,,,,,
2519040,9,268.82,36,1279,6.106759071350098,0.44203805923461914,,,0.0001,0.2,0.0046166615,0.8061135375499725,0.42740267515182495,,-0.42242586314678193,2452,0.0438671875,,,-0.0025321501912549138,,,,,,,,,,
2524160,10,264.51,40,1278,6.234777927398682,0.3151482343673706,,,0.0001,0.2,0.0042549428,0.8083771002292633,0.25417542457580566,,-0.38699189722537997,2457,0.0477734375,,,-0.00165355465374887,,,,,,,,,,
,,,,,,0.29672569036483765,,,0.0001,0.2,0.0047979075,0.6331146323680877,0.3412715196609497,,-0.38957970678806303,2462,0.0569140625,,,-0.0011912685493007302,,,1689600,249.77,6.674247238561511,0.92,3,1.9412003059012575,0,80.70710687417807
2529280,1,263.73,3,1619,6.392730236053467,,3,0.0001,,,,,,1689600,,,,440,11,,0.015,15,,,,,,,,
2534400,2,260.51,7,1338,6.4246697425842285,0.4642999768257141,,,0.0001,0.2,0.0051442026,0.7070392659306526,0.2191278338432312,,-0.42310262262821197,2467,0.0612109375,,,-0.0010021888837218286,,,,,,,,,,
2539520,3,251.86,11,1286,6.6065354347229,0.40026968717575073,,,0.0001,0.2,0.005174958,0.633990207016468,0.32006537914276123,,-0.4213746565580368,2472,0.053828125,,,-0.000565804848447442,,,,,,,,,,
2544640,4,251.95,16,1262,6.603781223297119,0.2162892073392868,,,0.0001,0.2,0.00833715,0.5640264433622361,0.38036423921585083,,-0.44391884475946425,2477,0.0683203125,,,-0.0027419022470712663,,,,,,,,,,
2549760,5,252.35,20,1248,6.7197394371032715,0.20954254269599915,,,0.0001,0.2,0.005836447,0.6138545480370522,0.34587007761001587,,-0.4395096266269684,2482,0.044921875,,,-0.0024556667916476728,,,,,,,,,,
2554880,6,259.02,24,1247,6.4676194190979,0.3440428078174591,,,0.0001,0.2,0.0039739087,0.6066973754763603,0.4023200273513794,,-0.447723970413208,2487,0.043203125,,,-0.0012630133749917149,,,,,,,,,,
2560000,7,253.66,28,1248,6.666158676147461,0.14110593497753143,,,0.0001,0.2,0.006577202,0.4981118547916412,0.4288278818130493,,-0.4491668125987053,2492,0.06390625,,,-0.0020603000652045012,,,,,,,,,,
2565120,8,264.64,32,1246,6.365512847900391,0.21839337050914764,,,0.0001,0.2,0.0056697926,0.5710515728592873,0.4224841594696045,,-0.42293516993522645,2497,0.0675390625,,,-0.0019384534144774078,,,,,,,,,,
2570240,9,262.33,36,1246,6.375339984893799,0.21011224389076233,,,0.0001,0.2,0.012509458,0.5478293535113334,0.46091681718826294,,-0.41847962826490404,2502,0.0710546875,,,-0.0014025546703487636,,,,,,,,,,
2575360,10,270.33,41,1248,6.257234573364258,0.1631927490234375,,,0.0001,0.2,0.004468864,0.502311620414257,0.37253278493881226,,-0.425744366645813,2507,0.05453125,,,-0.0012828089017421008,,,,,,,,,,
,,,,,,0.25628921389579773,,,0.0001,0.2,0.004821405,0.7265943771600724,0.34336382150650024,,-0.4031764388084412,2512,0.0458984375,,,-0.0018689989345148205,,,1740800,262.48,6.275441050902009,0.86,3,2.4005676439012316,0,94.73209382252669
2580480,1,266.45,3,1671,6.281964302062988,,3,0.0001,,,,,,1740800,,,,440,11,,0.015,15,,,,,,,,
2585600,2,264.24,7,1407,6.3328938484191895,0.2224208563566208,,,0.0001,0.2,0.0054345084,0.5957541170716286,0.3868286609649658,,-0.36795618951320647,2517,0.04265625,,,-0.0014546179212629796,,,,,,,,,,
2590720,3,265.65,11,1349,6.3164262771606445,0.3557095229625702,,,0.0001,0.2,0.0047826916,0.5413184356689453,0.3734605312347412,,-0.42714918196201324,2522,0.0485546875,,,-0.0019239116949029266,,,,,,,,,,
2595840,4,276.54,15,1313,5.996120452880859,0.333895206451416,,,0.0001,0.2,0.0054864837,0.5911818087100983,0.40937554836273193,,-0.40285673141479494,2527,0.057734375,,,-0.0024625409208238126,,,,,,,,,,
2600960,5,272.43,19,1297,6.035823822021484,0.22398218512535095,,,0.0001,0.2,0.010085646,0.4644530186057091,0.534302830696106,,-0.39155445277690887,2532,0.078046875,,,-0.0024959627771750093,,,,,,,,,,
2606080,6,266.18,23,1285,6.092684745788574,0.3893185257911682,,,0.0001,0.2,0.004010891,0.7281948870420456,0.3908919095993042,,-0.39716745644807816,2537,0.0482421875,,,-0.003498103688471019,,,,,,,,,,
2611200,7,265.62,27,1280,6.183294296264648,0.27654993534088135,,,0.0001,0.2,0.005414568,0.6259395676851273,0.4254576563835144,,-0.3720097693800926,2542,0.0496484375,,,-0.0008362283324822783,,,,,,,,,,
2616320,8,267.11,32,1271,6.137165069580078,0.4068391025066376,,,0.0001,0.2,0.0054198047,0.6768019542098045,0.417478084564209,,-0.37466767102479936,2547,0.0395703125,,,-0.0027426519943401216,,,,,,,,,,
2621440,9,259.75,36,1259,6.436093330383301,0.2467540055513382,,,0.0001,0.2,0.005306047,0.5901932114362717,0.40671420097351074,,-0.3837029322981834,2552,0.05703125,,,-0.0032590066082775595,,,,,,,,,,
2626560,10,255.71,40,1249,6.569052219390869,0.21756762266159058,,,0.0001,0.2,0.004119996,0.4574126136302948,0.4855266213417053,,-0.37775756150484086,2557,0.0530078125,,,-0.002503862720914185,,,,,,,,,,
,,,,,,0.369010865688324,,,0.0001,0.2,0.0073735556,0.7025289595127105,0.36510270833969116,,-0.36989491552114484,2562,0.06578125,,,-0.002017852854914963,,,1792000,279.79,6.124113937057555,0.86,3,2.4685435887005482,0,89.82586431535185
2631680,1,259.7,2,1791,6.585281848907471,,3,0.0001,,,,,,1792000,,,,440,11,,0.015,15,,,,,,,,
2636800,2,268.79,7,1448,6.242901802062988,0.22026792168617249,,,0.0001,0.2,0.0048426087,0.6680292138457298,0.4381996989250183,,-0.3830141058564186,2567,0.0555859375,,,-0.0022525840159505605,,,,,,,,,,
2641920,3,264.69,11,1292,6.4175496101379395,0.3088453710079193,,,0.0001,0.2,0.005919337,0.5269545724987984,0.40900754928588867,,-0.35884623020887374,2572,0.047421875,,,-0.0008399955695495009,,,,,,,,,,
2647040,4,269.85,16,1233,6.298257350921631,0.25460124015808105,,,0.0001,0.2,0.0037810404,0.7072522130608558,0.4427040219306946,,-0.3436360463500023,2577,0.0345703125,,,-0.0015061016194522381,,,,,,,,,,
2652160,5,281.86,20,1230,5.9984025955200195,0.16774003207683563,,,0.0001,0.2,0.0050509395,0.5182235738635064,0.37472641468048096,,-0.3530266833305359,2582,0.053984375,,,-0.0019889109069481494,,,,,,,,,,
2657280,6,279.57,24,1235,5.912031173706055,0.242311030626297,,,0.0001,0.2,0.004111781,0.580372094810009,0.27473825216293335,,-0.32781394124031066,2587,0.0398828125,,,-0.0016297300718724728,,,,,,,,,,
2662400,7,277.23,28,1251,5.970188617706299,0.20064818859100342,,,0.0001,0.2,0.0036249608,0.5169147846102714,0.27616971731185913,,-0.34158821940422057,2592,0.0378515625,,,-0.002251401348039508,,,,,,,,,,
2667520,8,278.62,32,1269,5.913059711456299,0.2979184091091156,,,0.0001,0.2,0.0040436937,0.5745132926106453,0.38037145137786865,,-0.345921117067337,2597,0.0402734375,,,-0.00170320020057261,,,,,,,,,,
2672640,9,293.16,35,1283,5.4656782150268555,0.180387482047081,,,0.0001,0.2,0.0046246164,0.5127071017026901,0.5131428241729736,,-0.3378435379266739,2602,0.0334375,,,-0.0016484498186036943,,,,,,,,,,
2677760,10,290.21,39,1295,5.354520320892334,0.12469957768917084,,,0.0001,0.2,0.0048130266,0.5380311653017997,0.6184823513031006,,-0.3526119235157967,2607,0.03578125,,,-0.0020837032701820136,,,,,,,,,,
,,,,,,0.27495279908180237,,,0.0001,0.2,0.0044108573,0.626313519179821,0.5554789304733276,,-0.3669985204935074,2612,0.043671875,,,-0.0012480583181604743,,,1843200,267.48,5.980528907477856,0.81,3,2.7105818857053294,0,96.98551232013986
2682880,1,285.73,2,1847,5.605966091156006,,3,0.0001,,,,,,1843200,,,,440,11,,0.015,15,,,,,,,,
2688000,2,283.78,6,1544,5.67043924331665,0.2787914574146271,,,0.0001,0.2,0.0031858166,0.779708639383316,0.1826344132423401,,-0.33645338505506517,2617,0.039765625,,,-0.0012756431242451072,,,,,,,,,,
2693120,3,290.23,10,1409,5.632030487060547,0.20020873844623566,,,0.0001,0.2,0.00419381,0.5496658909320832,0.2809849977493286,,-0.32650147259235385,2622,0.0416015625,,,-0.00177511814981699,,,,,,,,,,
2698240,4,283.45,14,1367,5.812272548675537,0.23842421174049377,,,0.0001,0.2,0.0059875743,0.6170638352632523,0.34951984882354736,,-0.3666554057598114,2627,0.0576171875,,,-0.001216503083705902,,,,,,,,,,
2703360,5,275.5,19,1330,6.131443023681641,0.20963899791240692,,,0.0001,0.2,0.0036158033,0.5312666121125221,0.4117233157157898,,-0.3555949577689171,2632,0.0459375,,,-0.0005685923760756851,,,,,,,,,,
2708480,6,267.96,24,1259,6.236957550048828,0.28767523169517517,,,0.0001,0.2,0.0059002913,0.6280509969592094,0.49332207441329956,,-0.36979213505983355,2637,0.0500390625,,,-0.0019472392927855253,,,,,,,,,,
2713600,7,265.39,28,1247,6.1529860496521,0.2878040373325348,,,0.0001,0.2,0.003904187,0.6382218393683433,0.47960078716278076,,-0.37597132444381715,2642,0.042265625,,,-0.002144152419641614,,,,,,,,,,
2718720,8,262.59,32,1252,6.127316951751709,0.2504393756389618,,,0.0001,0.2,0.005522296,0.536336704492569,0.5879651308059692,,-0.3877235239744186,2647,0.059140625,,,-0.002921741222962737,,,,,,,,,,
2723840,9,264.84,36,1263,6.1101226806640625,0.17482778429985046,,,0.0001,0.2,0.0039639394,0.4810443677008152,0.7485443353652954,,-0.3646587911248207,2652,0.0411328125,,,-0.0012928717327304183,,,,,,,,,,
2728960,10,264.51,40,1274,6.151107311248779,0.5637158751487732,,,0.0001,0.2,0.004465787,0.7925431299209594,0.5002157688140869,,-0.3875331026315689,2657,0.039296875,,,-0.0025531176337972284,,,,,,,,,,
,,,,,,0.3244074285030365,,,0.0001,0.2,0.0042512952,0.7481054055690766,0.5736243724822998,,-0.41569009512662886,2662,0.049609375,,,-0.00033181035425513985,,,1894400,259.17,6.203486031144857,0.85,3,2.606209174299994,0,88.88521305594087
2734080,1,274.44,2,1852,6.025208950042725,,3,0.0001,,,,,,1894400,,,,440,11,,0.015,15,,,,,,,,
2739200,2,281.91,6,1514,5.805609703063965,0.3355554938316345,,,0.0001,0.2,0.0040587652,0.7263257446885109,0.6632243394851685,,-0.41340368896722796,2667,0.0483984375,,,-0.0010531944129616021,,,,,,,,,,
2744320,3,286.83,10,1451,5.766557693481445,0.3163162171840668,,,0.0001,0.2,0.003098778,0.887044951915741,0.5240569114685059,,-0.4357986840605736,2672,0.0375,,,-0.0007048160536214709,,,,,,,,,,
2749440,4,282.38,14,1432,5.908652305603027,0.4779600501060486,,,0.0001,0.2,0.0038379063,0.9101810139417649,0.5381230115890503,,-0.41201048105955124,2677,0.0407421875,,,-0.0015467089368030428,,,,,,,,,,
2754560,5,278.69,17,1428,6.012834072113037,0.5224488973617554,,,0.0001,0.2,0.004378931,0.769510928094387,0.44259440898895264,,-0.4353345713019371,2682,0.0434375,,,-0.0018393956078216435,,,,,,,,,,
2759680,6,278.44,21,1423,6.01492977142334,0.34346944093704224,,,0.0001,0.2,0.0054980153,0.7071989053487777,0.48611384630203247,,-0.4320275276899338,2687,0.0639453125,,,-0.0024386681988835335,,,,,,,,,,
2764800,7,278.69,25,1422,6.076663017272949,0.3481673002243042,,,0.0001,0.2,0.005215836,0.7349167934060097,0.3194884657859802,,-0.417904706299305,2692,0.0521484375,,,-0.0012788870045915247,,,,,,,,,,
2769920,8,276.45,28,1418,6.0361127853393555,0.20568983256816864,,,0.0001,0.2,0.004513352,0.6694336593151092,0.44843125343322754,,-0.43725574493408204,2697,0.0473828125,,,-0.0021841274295002224,,,,,,,,,,
2775040,9,273.22,32,1419,6.100759506225586,0.22121860086917877,,,0.0001,0.2,0.0050275135,0.5616672533750534,0.6129075288772583,,-0.46099459677934645,2702,0.0434765625,,,7.875783368945122e-05,,,,,,,,,,
2780160,10,273.76,36,1415,6.1486124992370605,0.41323983669281006,,,0.0001,0.2,0.0053225174,0.6956224444508553,0.4009391665458679,,-0.3873464232683182,2707,0.0419921875,,,-0.0017725067539140582,,,,,,,,,,
,,,,,,0.3588506579399109,,,0.0001,0.2,0.003824662,0.7943965747952462,0.40840429067611694,,-0.4092928376793861,2712,0.0358203125,,,-0.0008827371476218105,,,1945600,246.78,6.755147227644921,0.93,3,1.8703492334300218,0,75.66301342135402
2785280,1,277.32,2,1799,5.9590935707092285,,3,0.0001,,,,,,1945600,,,,440,11,,0.015,15,,,,,,,,
2790400,2,278.56,7,1436,5.944485664367676,0.2920418679714203,,,0.0001,0.2,0.004694706,0.7317864605784417,0.5212545394897461,,-0.4072854173183441,2717,0.039765625,,,-0.0024454217590391637,,,,,,,,,,
2795520,3,275.03,11,1369,6.075183868408203,0.3167387843132019,,,0.0001,0.2,0.0047577126,0.6158751511573791,0.5924206972122192,,-0.40960039108991625,2722,0.052890625,,,-0.0021032486855983735,,,,,,,,,,
2800640,4,283.97,15,1358,5.840616226196289,0.3526630103588104,,,0.0001,0.2,0.0042396598,0.799093527495861,0.4950098991394043,,-0.3923190549015999,2727,0.0326953125,,,-0.0010179015807807446,,,,,,,,,,
2805760,5,290.64,18,1359,5.694157600402832,0.34740152955055237,,,0.0001,0.2,0.0042329906,0.7763910463452339,0.5844955444335938,,-0.3906353896856308,2732,0.049140625,,,-0.00034457688219845294,,,,,,,,,,
2810880,6,292.47,22,1364,5.587685585021973,0.4608544707298279,,,0.0001,0.2,0.006432236,0.8674262937903404,0.6032475233078003,,-0.408571318089962,2737,0.06359375,,,-0.001996633382514119,,,,,,,,,,
2816000,7,282.37,26,1351,5.921680927276611,0.277720183134079,,,0.0001,0.2,0.006889952,0.7956223100423813,0.5235955715179443,,-0.38401713013648986,2742,0.051328125,,,-0.000965183055959642,,,,,,,,,,
2821120,8,284.48,30,1333,5.796403408050537,0.2200060486793518,,,0.0001,0.2,0.0067646443,0.8525201505422593,0.4905155897140503,,-0.404242302775383,2747,0.0492578125,,,-0.001617181533947587,,,,,,,,,,
2826240,9,279.23,34,1335,5.8984503746032715,0.35093244910240173,,,0.0001,0.2,0.00601211,0.7745365309715271,0.573787271976471,,-0.4108022403717041,2752,0.0570703125,,,-0.002273391159251332,,,,,,,,,,
2831360,10,271.55,38,1336,6.1245317459106445,0.26730239391326904,,,0.0001,0.2,0.0058844853,0.9113829010725021,0.39968353509902954,,-0.39204482674598695,2757,0.0513671875,,,-0.0015623114397749305,,,,,,,,,,
,,,,,,0.2591016888618469,,,0.0001,0.2,0.0051699895,0.7951954436302185,0.2914476990699768,,-0.3870669639110565,2762,0.0457421875,,,-0.0013469038903713227,,,1996800,268.63,6.236875118389726,0.87,3,2.4352907153435472,0,88.91463940206921
2836480,1,275.51,2,1959,6.047659873962402,,3,0.0001,,,,,,1996800,,,,440,11,,0.015,15,,,,,,,,
2841600,2,270.02,6,1560,6.136709690093994,0.23768828809261322,,,0.0001,0.2,0.0041025,0.7255573132634163,0.24465537071228027,,-0.38181618124246597,2767,0.066953125,,,-0.0012063588947057724,,,,,,,,,,
2846720,3,266.03,10,1489,6.1634039878845215,0.3377009332180023,,,0.0001,0.2,0.0052920366,0.7443974474072457,0.3449106216430664,,-0.3838884410262108,2772,0.0458984375,,,-0.0018158502038568259,,,,,,,,,,
2851840,4,262.92,14,1439,6.23452091217041,0.2360503077507019,,,0.0001,0.2,0.005684647,0.5515518532693386,0.3623359203338623,,-0.36396396040916446,2777,0.050703125,,,-0.0011158900940790772,,,,,,,,,,
2856960,5,274.77,18,1418,6.016677379608154,0.45296144485473633,,,0.0001,0.2,0.006677552,0.7875042763352395,0.45810848474502563,,-0.34940710693597793,2782,0.051953125,,,-0.0025265639275312422,,,,,,,,,,
2862080,6,266.16,21,1411,6.170354843139648,0.43808019161224365,,,0.0001,0.2,0.005129182,0.7999760267138482,0.39969348907470703,,-0.35947760224342346,2787,0.0505078125,,,0.00010766085237264634,,,,,,,,,,
2867200,7,274.21,25,1401,5.888107776641846,0.6446576118469238,,,0.0001,0.2,0.005244614,0.7875155219435692,0.47189170122146606,,-0.36318383514881136,2792,0.055390625,,,-0.001113523840904236,,,,,,,,,,
2872320,8,277.95,29,1382,5.861812591552734,0.2067302167415619,,,0.0001,0.2,0.0050881086,0.590536407828331,0.5508021116256714,,-0.39655094891786574,2797,0.052734375,,,-0.0016811815998516977,,,,,,,,,,
2877440,9,276.67,33,1382,5.9360246658325195,0.5528818964958191,,,0.0001,0.2,0.004258936,1.002771360874176,0.32366180419921875,,-0.36444552570581434,2802,0.0390234375,,,-0.0025150575302541256,,,,,,,,,,
2882560,10,273.96,36,1385,5.896676540374756,0.2449283003807068,,,0.0001,0.2,0.0055350335,0.7998509535193443,0.41530781984329224,,-0.3769117793440819,2807,0.0503125,,,-0.0017963227164000273,,,,,,,,,,
,,,,,,0.28339481353759766,,,0.0001,0.2,0.0040147216,0.7491937857866288,0.4946489930152893,,-0.4000544226169586,2812,0.039921875,,,-0.0006298043392598629,,,2048000,249.47,6.579684409797192,0.9,3,2.121119737868782,0,78.38793976116479
2887680,1,262.11,2,1905,6.206681728363037,,3,0.0001,,,,,,2048000,,,,440,11,,0.015,15,,,,,,,,
2892800,2,259.34,6,1529,6.449182033538818,0.37650007009506226,,,0.0001,0.2,0.0049032574,0.8384256356954575,0.3031501770019531,,-0.38230765104293823,2817,0.042265625,,,-0.000970096169039607,,,,,,,,,,
2897920,3,263.48,10,1475,6.373901844024658,0.30139029026031494,,,0.0001,0.2,0.0050240573,0.6512748038768769,0.3351113796234131,,-0.3738723608851433,2822,0.0461328125,,,-0.0019739155331626535,,,,,,,,,,
