time/time_elapsed,time/total_timesteps,rollout/ep_len_mean,time/iterations,time/fps,rollout/ep_rew_mean,train/ent_coef,train/loss,curriculum/grid_size,train/entropy_loss,curriculum/preferred_eval_mode,curriculum/stage_timesteps,train/n_updates,curriculum/obs_quantity,curriculum/stage,train/approx_kl,train/learning_rate,train/stage_learning_rate,train/policy_gradient_loss,curriculum/max_steps,train/value_loss,train/explained_variance,train/clip_fraction,train/clip_range,eval/mean_reward,eval/std_reward,eval/deterministic,eval/stage,eval/std_ep_length,eval/full_coverage_rate,eval/mean_ep_length,eval/stage_timesteps,eval/promotion_full_coverage_rate,eval/stochastic_full_coverage_rate,eval/mode_gap,eval/deterministic_full_coverage_rate,eval/diagnostic_full_coverage_rate
2,5120,159.92592592592592,1,1717,2.910731554031372,,,,,,,,,,,,,,,,,,,,,,,,,,,,,,,
2,10240,156.73333333333332,1,1987,2.690643548965454,0.02,1.1065270900726318,5,-1.0583352971076965,0,0,5,3,1,0.004251207,0.0001,0.0001,-0.0028247547335922716,200,2.8903751027584077,-0.0839540958404541,0.0011328125,0.2,,,,,,,,,,,,,
6,15360,153.07368421052632,2,1574,2.9317574501037598,,1.0244592428207397,,-1.0703900599479674,,,10,,,0.010163816,0.0001,,-0.008099353956058621,,2.2227645456790923,0.02056562900543213,0.0519921875,0.2,,,,,,,,,,,,,
10,20480,148.8,3,1467,3.189135789871216,,0.6003334522247314,,-1.0590977931022645,,,15,,,0.0033767982,0.0001,,-0.0036997457966208456,,1.9887714302539825,0.033472537994384766,0.0030078125,0.2,,,,,,,,,,,,,
14,25600,138.54,4,1410,3.819169521331787,,1.182199478149414,,-1.0411712604761123,,,20,,,0.008699556,0.0001,,-0.008596076918765903,,1.8396409273147583,0.07668417692184448,0.049296875,0.2,,,,,,,,,,,,,
18,30720,122.4,5,1397,4.544044494628906,,0.8848289251327515,,-1.010916875600815,,,25,,,0.009514313,0.0001,,-0.009806842179968953,,1.9487553548812866,0.026423394680023193,0.0759375,0.2,,,,,,,,,,,,,
22,35840,100.38,6,1380,5.511714935302734,,0.9349087476730347,,-0.9751587754487991,,,30,,,0.007152687,0.0001,,-0.005976062617264688,,2.0272996830940246,0.0866740345954895,0.0281640625,0.2,,,,,,,,,,,,,
26,40960,92.18,7,1370,5.7625555992126465,,0.6533913612365723,,-0.9314663845300675,,,35,,,0.009036,0.0001,,-0.010483976872637867,,1.5730422830581665,0.08553069829940796,0.0763671875,0.2,,,,,,,,,,,,,
30,46080,81.84,8,1364,6.150817394256592,,0.6260359883308411,,-0.9208223766088486,,,40,,,0.0104093775,0.0001,,-0.009753813361749053,,1.3976150155067444,0.07869839668273926,0.1040234375,0.2,,,,,,,,,,,,,
33,51200,68.73,9,1359,6.586300849914551,,0.5645754933357239,,-0.9029051929712295,,,45,,,0.009126395,0.0001,,-0.011107572754845023,,1.1218808859586715,0.0914313793182373,0.10890625,0.2,,,,,,,,,,,,,
37,56320,65.65,10,1358,6.754641532897949,,0.39842522144317627,,-0.8650257295370102,,,50,,,0.008926176,0.0001,,-0.007381893172860146,,0.8198038178682328,0.160858154296875,0.0777734375,0.2,,,,,,,,,,,,,
2,61440,67.06,1,2185,6.704647064208984,0.010272,0.2961829602718353,5,-0.8295694994926452,0,51200,55,3,1,0.009382563,0.0001,0.0001,-0.007493899404071271,200,0.6231732589006423,0.24822431802749634,0.1101953125,0.2,,,,,,,,,,,,,
6,66560,64.09,2,1656,6.754892349243164,,0.2306232750415802,,-0.8230372899770737,,,60,,,0.0065089515,0.0001,,-0.0038260785536840558,,0.5606650203466416,0.3407527804374695,0.076953125,0.2,,,,,,,,,,,,,
10,71680,51.68,3,1530,7.0194091796875,,0.20906241238117218,,-0.8082947117090226,,,65,,,0.007719676,0.0001,,-0.006508144563995301,,0.48336305350065234,0.38872236013412476,0.105625,0.2,,,,,,,,,,,,,
13,76800,52.08,4,1468,6.9597272872924805,,0.19505180418491364,,-0.7391854441165924,,,70,,,0.005467064,0.0001,,-0.004442026242613793,,0.44793661296367643,0.3863711357116699,0.0625,0.2,,,,,,,,,,,,,
17,81920,57.91,5,1437,6.826379776000977,,0.13075803220272064,,-0.7272735273838044,,,75,,,0.00607934,0.0001,,-0.003888368571642786,,0.3540693122148514,0.43894606828689575,0.0608984375,0.2,,,,,,,,,,,,,
21,87040,51.22,6,1419,7.094783782958984,,0.16245907545089722,,-0.7301036870479584,,,80,,,0.006278001,0.0001,,-0.0035246289148926735,,0.3509054520726204,0.5347021818161011,0.0658984375,0.2,,,,,,,,,,,,,
25,92160,48.97,7,1406,7.184073448181152,,0.12477406859397888,,-0.6971370106935502,,,85,,,0.0073909573,0.0001,,-0.006530204489827156,,0.327305811047554,0.5272353291511536,0.075,0.2,,,,,,,,,,,,,
29,97280,47.14,8,1396,7.226101875305176,,0.120188869535923,,-0.6811530327796936,,,90,,,0.006926853,0.0001,,-0.007106596641242504,,0.28811194077134133,0.5394871234893799,0.0726171875,0.2,,,,,,,,,,,,,
33,102400,46.58,9,1382,7.160284042358398,,0.10481849312782288,,-0.6438998699188232,,,95,,,0.005993961,0.0001,,-0.005419902331195772,,0.24490289479494096,0.5778468251228333,0.0756640625,0.2,,,,,,,,,,,,,
37,107520,46.89,10,1355,7.141618728637695,,0.12232286483049393,,-0.6334587603807449,,,100,,,0.0070681707,0.0001,,-0.007316788122989237,,0.22639243677258492,0.5870497226715088,0.0821875,0.2,,,,,,,,,,,,,
,,,,,,,0.08826687932014465,,-0.5925693494081498,,,105,,,0.005939097,0.0001,,-0.005102975186891854,,0.21967166006565095,0.5918111205101013,0.0747265625,0.2,6.899721279144287,2.217001736898103,0,1,38.695574682384546,0.96,48.35,102400,,,,,
,,,,,,,,,,,,,,,,,,,,,,,,5.609937374591827,4.418318102768624,1,1,67.12729623632997,0.82,56.81,102400,,,,,
,,,,,,,,,,,,,,,,,,,,,,,,,,,1,,,,102400,0.82,0.96,0.14,0.82,0.96
2,112640,51.15,1,1844,6.8274030685424805,0.0010000000000000009,,5,,1,102400,,3,1,,,0.0001,,200,,,,,,,,,,,,,,,,,
7,117760,43.19,2,1452,7.121107578277588,,0.1256822794675827,,-0.6318470770120621,,,110,,,0.005138109,0.0001,,-0.0039791151229292155,,0.27556497856974604,0.6587240099906921,0.07046875,0.2,,,,,,,,,,,,,
11,122880,47.76,3,1358,6.977136135101318,,0.1101844385266304,,-0.557401487827301,,,115,,,0.0049711177,0.0001,,-0.0035691707022488116,,0.26831159070134164,0.6731643080711365,0.0683984375,0.2,,,,,,,,,,,,,
15,128000,42.36,4,1353,7.175022125244141,,0.15767662227153778,,-0.6335076224803925,,,120,,,0.0063566035,0.0001,,-0.004181175096891821,,0.32444550573825837,0.6491899490356445,0.0805078125,0.2,,,,,,,,,,,,,
18,133120,44.45,5,1349,7.035914421081543,,0.10290119796991348,,-0.5184045326709747,,,125,,,0.005940841,0.0001,,-0.0036897761514410377,,0.3052545103430748,0.6273883581161499,0.0682421875,0.2,,,,,,,,,,,,,
22,138240,42.18,6,1343,7.156965732574463,,0.14158464968204498,,-0.5613846153020858,,,130,,,0.0056435745,0.0001,,-0.004877215069718659,,0.3199639527499676,0.6243226528167725,0.0616015625,0.2,,,,,,,,,,,,,
26,143360,40.45,7,1340,7.285824775695801,,0.14261376857757568,,-0.5092739912867547,,,135,,,0.0043875542,0.0001,,-0.003826387119479477,,0.2778332459926605,0.6918926239013672,0.0554296875,0.2,,,,,,,,,,,,,
30,148480,38.19,8,1322,7.229766845703125,,0.09705419838428497,,-0.457224123775959,,,140,,,0.009895223,0.0001,,-0.004734452553093433,,0.24687511399388312,0.45964568853378296,0.075859375,0.2,,,,,,,,,,,,,
34,153600,34.53,9,1320,7.527688026428223,,0.046826474368572235,,-0.4793870013952255,,,145,,,0.007081838,0.0001,,-0.005447635445743799,,0.18070855781435965,0.6971535682678223,0.0825390625,0.2,,,,,,,,,,,,,
38,158720,36.63,10,1320,7.308380603790283,,0.07285316288471222,,-0.449254045188427,,,150,,,0.004492389,0.0001,,-0.003772020637989044,,0.17314223900437356,0.671654224395752,0.0584765625,0.2,,,,,,,,,,,,,
,,,,,,,0.05655471235513687,,-0.47883650988340376,,,155,,,0.0040856143,0.0001,,-0.002963212486356497,,0.15610475614666938,0.8024587631225586,0.057265625,0.2,7.476363389492035,0.6101649888182866,0,1,21.290373411474025,1.0,35.2,153600,,,,,
,,,,,,,,,,,,,,,,,,,,,,,,5.0906248998641965,4.655106293569044,1,1,72.61297129301347,0.78,67.42,153600,,,,,
,,,,,,,,,,,,,,,,,,,,,,,,,,,1,,,,153600,0.78,1.0,0.21999999999999997,0.78,1.0
2,163840,39.35,1,1761,7.307653427124023,0.0010000000000000009,,5,,1,153600,,3,1,,,0.0001,,200,,,,,,,,,,,,,,,,,
7,168960,37.76,2,1442,7.339818954467773,,0.09150764346122742,,-0.45603696316480635,,,160,,,0.0046545127,0.0001,,-0.003043951578438282,,0.21639802396297456,0.7587588429450989,0.051015625,0.2,,,,,,,,,,,,,
10,174080,33.75,3,1402,7.501107215881348,,0.09258323907852173,,-0.43781317889690397,,,165,,,0.004714805,0.0001,,-0.0020222893171012403,,0.20956171780824662,0.7525197863578796,0.0516796875,0.2,,,,,,,,,,,,,
14,179200,34.25,4,1375,7.508211612701416,,0.06279582530260086,,-0.4030231484770775,,,170,,,0.004516482,0.0001,,-0.004335643840022385,,0.1770752730220556,0.746001124382019,0.055390625,0.2,,,,,,,,,,,,,
18,184320,39.7,5,1362,7.210193634033203,,0.06418801844120026,,-0.3929627510905266,,,175,,,0.0045627896,0.0001,,-0.0036070212023332714,,0.18880778595805167,0.7294783592224121,0.0573046875,0.2,,,,,,,,,,,,,
22,189440,38.81,6,1355,7.370800018310547,,0.10192384570837021,,-0.42327305406332016,,,180,,,0.006638295,0.0001,,-0.0031011301185935734,,0.2160631164163351,0.8329244256019592,0.065859375,0.2,,,,,,,,,,,,,
26,194560,31.69,7,1353,7.573573589324951,,0.13676869869232178,,-0.409727081656456,,,185,,,0.006845791,0.0001,,-0.00396223190240562,,0.2620908707380295,0.6460461616516113,0.0658984375,0.2,,,,,,,,,,,,,
30,199680,34.94,8,1329,7.335897922515869,,0.06764261424541473,,-0.35486643671989443,,,190,,,0.00519869,0.0001,,-0.003641349570825696,,0.14801812142133713,0.6815119981765747,0.05890625,0.2,,,,,,,,,,,,,
34,204800,35.09,9,1332,7.4045515060424805,,0.05412790924310684,,-0.34539359003305437,,,195,,,0.005867728,0.0001,,-0.0029037118842825294,,0.13316792979836464,0.7555022239685059,0.0596484375,0.2,,,,,,,,,,,,,
38,209920,31.22,10,1327,7.50032901763916,,0.04966849461197853,,-0.36188544541597367,,,200,,,0.005543569,0.0001,,-0.004097156724892557,,0.1570793805271387,0.7529141306877136,0.0629296875,0.2,,,,,,,,,,,,,
,,,,,,,0.060348983854055405,,-0.3294041964411736,,,205,,,0.004048216,0.0001,,-0.0017634465079754591,,0.1439974879473448,0.7503020763397217,0.06234375,0.2,7.485789518356324,0.589300277916692,0,1,20.22715748690359,1.0,34.39,204800,,,,,
,,,,,,,,,,,,,,,,,,,,,,,,6.98353973865509,2.570679652277759,1,1,42.100939419447634,0.95,38.03,204800,,,,,
,,,,,,,,,,,,,,,,,,,,,,,,,,,1,,,,204800,0.95,1.0,0.050000000000000044,0.95,1.0
2,215040,35.19,1,2041,7.332789897918701,0.0010000000000000009,,5,,1,204800,,3,1,,,0.0001,,200,,,,,,,,,,,,,,,,,
6,220160,37.61,2,1561,7.225891590118408,,0.08338479697704315,,-0.35080969244241716,,,210,,,0.0047758506,0.0001,,-0.002892285604029894,,0.16822409868240357,0.7913182377815247,0.0663671875,0.2,,,,,,,,,,,,,
10,225280,32.11,3,1476,7.522676467895508,,0.0772765576839447,,-0.3725148123502731,,,215,,,0.0049379105,0.0001,,-0.0015889978408813476,,0.16025231815874577,0.8540183901786804,0.059765625,0.2,,,,,,,,,,,,,
14,230400,39.36,4,1437,7.0885910987854,,0.10051552206277847,,-0.33903238356113435,,,220,,,0.004629222,0.0001,,-0.002850778098218143,,0.18813650235533713,0.812282145023346,0.0575390625,0.2,,,,,,,,,,,,,
18,235520,32.02,5,1390,7.535467147827148,,0.1369846761226654,,-0.4095691469311714,,,225,,,0.006679809,0.0001,,-0.0008849772857502103,,0.260424575060606,0.8337918519973755,0.067265625,0.2,,,,,,,,,,,,,
22,240640,32.05,6,1375,7.548097133636475,,0.10128078609704971,,-0.3039074322581291,,,230,,,0.005662862,0.0001,,-0.0016297593479976057,,0.20494357198476792,0.6545416116714478,0.0623828125,0.2,,,,,,,,,,,,,
26,245760,35.32,7,1360,7.392750263214111,,0.09057974815368652,,-0.31781420797109605,,,235,,,0.008038478,0.0001,,0.0008110177796334028,,0.18358742877840994,0.666696310043335,0.07078125,0.2,,,,,,,,,,,,,
30,250880,36.12,8,1349,7.298295974731445,,0.07821745425462723,,-0.35786925464868546,,,240,,,0.0059385155,0.0001,,-0.0045557976490817964,,0.1674574077129364,0.7751628756523132,0.0650390625,0.2,,,,,,,,,,,,,
34,256000,34.85,9,1332,7.344141006469727,,0.07659468054771423,,-0.35607137471437456,,,245,,,0.0038416875,0.0001,,-0.0026561543624848125,,0.1917780351638794,0.8178482055664062,0.0712890625,0.2,,,,,,,,,,,,,
38,261120,34.61,10,1332,7.442278861999512,,0.09937881678342819,,-0.3432400518655777,,,250,,,0.0062218956,0.0001,,-0.004156227014027536,,0.21387791574001314,0.7850563526153564,0.071953125,0.2,,,,,,,,,,,,,
,,,,,,,0.06225627288222313,,-0.28550440818071365,,,255,,,0.006310596,0.0001,,-0.003462042952887714,,0.18925172552466393,0.7411165237426758,0.0758203125,0.2,7.466744108200073,1.1235037831501076,0,1,19.750592396178902,0.99,32.71,256000,,,,,
,,,,,,,,,,,,,,,,,,,,,,,,6.713545310497284,2.874495685281887,1,1,50.79856690891978,0.94,44.16,256000,,,,,
,,,,,,,,,,,,,,,,,,,,,,,,,,,1,,,,256000,0.94,0.99,0.050000000000000044,0.94,0.99
2,266240,32.29,1,1799,7.526641845703125,0.0010000000000000009,,5,,1,256000,,3,1,,,0.0001,,200,,,,,,,,,,,,,,,,,
7,271360,30.22,2,1434,7.586942672729492,,0.04542742297053337,,-0.2935320584475994,,,260,,,0.0044407253,0.0001,,-0.0033296735212206842,,0.15075192376971244,0.7787717580795288,0.0478515625,0.2,,,,,,,,,,,,,
11,276480,33.79,3,1392,7.472266674041748,,0.057463888078927994,,-0.27727279528975485,,,265,,,0.005866799,0.0001,,-0.003405739581212401,,0.13839071795344352,0.7501013278961182,0.0644140625,0.2,,,,,,,,,,,,,
14,281600,32.43,4,1379,7.458949089050293,,0.10323434323072433,,-0.32941038757562635,,,270,,,0.008023811,0.0001,,-0.0024999752594158054,,0.14187193639576434,0.8460234999656677,0.074140625,0.2,,,,,,,,,,,,,
18,286720,30.22,5,1367,7.580352783203125,,0.05148965120315552,,-0.2522761416435242,,,275,,,0.005516655,0.0001,,-0.004909322811290622,,0.13946384347975255,0.788662850856781,0.05125,0.2,,,,,,,,,,,,,
22,291840,32.11,6,1359,7.459585189819336,,0.06228761374950409,,-0.2505889093875885,,,280,,,0.005797128,0.0001,,-0.003539039860479534,,0.12287399135529994,0.6684670448303223,0.0552734375,0.2,,,,,,,,,,,,,
26,296960,35.64,7,1359,7.315840244293213,,0.0428617000579834,,-0.27857490986585615,,,285,,,0.00569002,0.0001,,-0.0038310815021395683,,0.10664275385439397,0.6806943416595459,0.0613671875,0.2,,,,,,,,,,,,,
30,302080,33.44,8,1357,7.481273174285889,,0.054324354976415634,,-0.3046053218841553,,,290,,,0.005463767,0.0001,,-0.0037666643038392067,,0.1359340476244688,0.7864964008331299,0.0549609375,0.2,,,,,,,,,,,,,
33,307200,32.5,9,1358,7.530284404754639,,0.04299425333738327,,-0.2810598063468933,,,295,,,0.0048917807,0.0001,,-0.0030560636753216384,,0.11974366284906864,0.7484723329544067,0.0581640625,0.2,,,,,,,,,,,,,
37,312320,31.85,10,1355,7.530027389526367,,0.04515340179204941,,-0.29636680632829665,,,300,,,0.0056442847,0.0001,,-0.0027090451586991547,,0.1334781004488468,0.738397479057312,0.0555078125,0.2,,,,,,,,,,,,,
,,,,,,,0.05555334687232971,,-0.24523044124245644,,,305,,,0.0060950667,0.0001,,-0.0025524043990299105,,0.11105837576091289,0.702171266078949,0.05125,0.2,7.6351930093765255,0.15398741352081072,0,1,6.90191277835355,1.0,27.94,307200,,,,,
,,,,,,,,,,,,,,,,,,,,,,,,6.814954328536987,2.473116474533426,1,1,46.69743461904519,0.95,44.64,307200,,,,,
,,,,,,,,,,,,,,,,,,,,,,,,,,,1,,,,307200,0.95,1.0,0.050000000000000044,0.95,1.0
2,317440,31.65,1,1805,7.54400634765625,0.0010000000000000009,,5,,1,307200,,3,1,,,0.0001,,200,,,,,,,,,,,,,,,,,
6,322560,33.67,2,1465,7.468790054321289,,0.05506431311368942,,-0.2549619224667549,,,310,,,0.008098672,0.0001,,-0.0044818258006125685,,0.09294461771845818,0.7215836048126221,0.0679296875,0.2,,,,,,,,,,,,,
10,327680,31.77,3,1424,7.524301052093506,,0.03799302875995636,,-0.2709419529139996,,,315,,,0.006668642,0.0001,,-0.004555177423171699,,0.10484965063631535,0.7778815031051636,0.06671875,0.2,,,,,,,,,,,,,
14,332800,37.55,4,1408,7.298222541809082,,0.06090960279107094,,-0.298632632791996,,,320,,,0.0050972085,0.0001,,-0.0017317371163517237,,0.14669028870761394,0.7621077299118042,0.079921875,0.2,,,,,,,,,,,,,
18,337920,37.3,5,1400,7.270420074462891,,0.05628199875354767,,-0.3306590905785561,,,325,,,0.005748268,0.0001,,-0.0016421889420598745,,0.12737857908010483,0.7816203832626343,0.0678515625,0.2,,,,,,,,,,,,,
22,343040,34.17,6,1390,7.420846939086914,,0.10943269729614258,,-0.33819455057382586,,,330,,,0.0056821657,0.0001,,-0.0030823234422132375,,0.1877618058025837,0.688633918762207,0.0746484375,0.2,,,,,,,,,,,,,
25,348160,30.51,7,1382,7.498812675476074,,0.08274386078119278,,-0.31164884120225905,,,335,,,0.004625603,0.0001,,-0.002285518245771527,,0.15945523902773856,0.7212197780609131,0.0595703125,0.2,,,,,,,,,,,,,
29,353280,31.12,8,1367,7.5606369972229,,0.04568271338939667,,-0.274004063308239,,,340,,,0.005437351,0.0001,,-0.0034851047629490496,,0.12379377946257591,0.7929438352584839,0.053203125,0.2,,,,,,,,,,,,,
33,358400,33.76,9,1364,7.3771820068359375,,0.029573164880275726,,-0.24761640563607215,,,345,,,0.0060085403,0.0001,,-0.0038358546700328587,,0.08612123109400273,0.8148067593574524,0.06640625,0.2,,,,,,,,,,,,,
37,363520,30.45,10,1363,7.558778762817383,,0.061788078397512436,,-0.2927175144851208,,,350,,,0.0066677257,0.0001,,-0.0013318251445889474,,0.13402323342859745,0.7831717729568481,0.07171875,0.2,,,,,,,,,,,,,
,,,,,,,0.030338259413838387,,-0.25110941618680954,,,355,,,0.005749979,0.0001,,-0.0022772456146776675,,0.12600613586604595,0.7544687986373901,0.061875,0.2,7.665164618492127,0.06526530377992237,0,1,4.582782997262689,1.0,26.09,358400,,,,,
,,,,,,,,,,,,,,,,,,,,,,,,7.052619132995606,2.1962836267062382,1,1,41.706799205884884,0.96,38.73,358400,,,,,
,,,,,,,,,,,,,,,,,,,,,,,,,,,1,,,,358400,0.96,1.0,0.040000000000000036,0.96,1.0
2,368640,30.02,1,1781,7.587057590484619,0.0010000000000000009,,5,,1,358400,,3,1,,,0.0001,,200,,,,,,,,,,,,,,,,,
6,373760,30.3,2,1487,7.573125839233398,,0.047319527715444565,,-0.22969384163618087,,,360,,,0.0056087333,0.0001,,-0.0018253779225051404,,0.10620167277753353,0.6658200025558472,0.043515625,0.2,,,,,,,,,,,,,
10,378880,32.73,3,1434,7.392483711242676,,0.05202636495232582,,-0.19209833785891534,,,365,,,0.007902221,0.0001,,-0.002877352428622544,,0.08404471058398486,0.6378223896026611,0.05140625,0.2,,,,,,,,,,,,,
14,384000,29.19,4,1405,7.603062629699707,,0.022313537076115608,,-0.26564205706119537,,,370,,,0.0072155297,0.0001,,-0.00345037289429456,,0.08357178498059512,0.7530757188796997,0.07078125,0.2,,,,,,,,,,,,,
18,389120,30.56,5,1390,7.550999641418457,,0.02248060144484043,,-0.21760107845067977,,,375,,,0.0046242666,0.0001,,-0.000722908778116107,,0.06995007865130902,0.780097484588623,0.0479296875,0.2,,,,,,,,,,,,,
22,394240,26.95,6,1383,7.651562690734863,,0.04627135396003723,,-0.22690151929855346,,,380,,,0.007343634,0.0001,,-0.0016552308946847915,,0.09706034682691098,0.7743774652481079,0.0663671875,0.2,,,,,,,,,,,,,
25,399360,28.33,7,1378,7.6093926429748535,,0.011730392463505268,,-0.16609053418040276,,,385,,,0.0068905554,0.0001,,-0.0023353161849081518,,0.03944511495530605,0.7728571891784668,0.0408203125,0.2,,,,,,,,,,,,,
29,404480,30.14,8,1373,7.563716411590576,,0.023120911791920662,,-0.21573135897517204,,,390,,,0.0052973456,0.0001,,-0.0027419972186908128,,0.06718348108232021,0.7904504537582397,0.06390625,0.2,,,,,,,,,,,,,
33,409600,31.37,9,1355,7.527937412261963,,0.016813060268759727,,-0.2098428276181221,,,395,,,0.006804692,0.0001,,-0.004774874961003661,,0.08097741831094027,0.7206281423568726,0.0559765625,0.2,,,,,,,,,,,,,
37,414720,32.76,10,1361,7.445613861083984,,0.01627957448363304,,-0.23921920329332352,,,400,,,0.009048931,0.0001,,-0.0095089729456231,,0.09438567854464054,0.7604257464408875,0.07125,0.2,,,,,,,,,,,,,
,,,,,,,0.03816039115190506,,-0.24207650005817413,,,405,,,0.0044086827,0.0001,,-0.0022853929130360485,,0.09128022622317075,0.7978976368904114,0.0532421875,0.2,7.518005502223969,1.0517826794556213,0,1,19.248612937040424,0.99,29.97,409600,,,,,
,,,,,,,,,,,,,,,,,,,,,,,,6.753295269012451,2.9487005534077997,1,1,48.244311581781325,0.92,40.92,409600,,,,,
,,,,,,,,,,,,,,,,,,,,,,,,,,,1,,,,409600,0.92,0.99,0.06999999999999995,0.92,0.99
2,419840,29.46,1,1911,7.59310245513916,0.0010000000000000009,,5,,1,409600,,3,1,,,0.0001,,200,,,,,,,,,,,,,,,,,
6,424960,29.63,2,1535,7.579221725463867,,0.0474976971745491,,-0.2253158238530159,,,410,,,0.0036129155,0.0001,,-0.0010606762440875173,,0.08137696474790573,0.7352572679519653,0.0476171875,0.2,,,,,,,,,,,,,
10,430080,30.17,3,1454,7.555210113525391,,0.027109269052743912,,-0.2115080462396145,,,415,,,0.0055955397,0.0001,,-0.006496308781206608,,0.08624117210507393,0.7861045598983765,0.0491015625,0.2,,,,,,,,,,,,,
14,435200,29.9,4,1423,7.5774431228637695,,0.033404652029275894,,-0.19763051971793175,,,420,,,0.0052736998,0.0001,,-0.0030548646673560142,,0.08458716098219156,0.7585827112197876,0.04171875,0.2,,,,,,,,,,,,,
18,440320,30.46,5,1405,7.569579601287842,,0.035078264772892,,-0.20076932698488237,,,425,,,0.0053598634,0.0001,,-0.003591790981590748,,0.06407955840229988,0.7538168430328369,0.047421875,0.2,,,,,,,,,,,,,
21,445440,30.85,6,1402,7.557642936706543,,0.018786855041980743,,-0.2089860789477825,,,430,,,0.005347972,0.0001,,-0.005096363173797727,,0.06346674714237452,0.7698637843132019,0.057578125,0.2,,,,,,,,,,,,,
25,450560,32.6,7,1393,7.353250026702881,,0.027025073766708374,,-0.21760998368263246,,,435,,,0.005394331,0.0001,,-0.002026000423356891,,0.08051058441400528,0.7682000398635864,0.0555859375,0.2,,,,,,,,,,,,,
29,455680,29.47,8,1380,7.578222751617432,,0.04012352600693703,,-0.2212562346458435,,,440,,,0.00682107,0.0001,,-0.0028623563749715685,,0.08251895610243082,0.7832350730895996,0.053671875,0.2,,,,,,,,,,,,,
33,460800,29.53,9,1368,7.581892013549805,,0.02654988318681717,,-0.19075963169336319,,,445,,,0.004971274,0.0001,,-0.0035458210622891784,,0.08338618464767933,0.7080091238021851,0.043515625,0.2,,,,,,,,,,,,,
37,465920,30.36,10,1365,7.543386936187744,,0.03708973154425621,,-0.19951545000076293,,,450,,,0.0041333274,0.0001,,-0.0026170687191188337,,0.07154723025858402,0.7571020126342773,0.05171875,0.2,,,,,,,,,,,,,
,,,,,,,0.026333048939704895,,-0.19051120221614837,,,455,,,0.00735903,0.0001,,-0.005202870573848486,,0.08510384153574706,0.7423913478851318,0.060703125,0.2,7.595596418380738,0.3200803941763451,0,1,11.766371573259109,1.0,28.85,460800,,,,,
,,,,,,,,,,,,,,,,,,,,,,,,6.308113579750061,3.587347918641586,1,1,58.72888216201633,0.89,48.28,460800,,,,,
,,,,,,,,,,,,,,,,,,,,,,,,,,,1,,,,460800,0.89,1.0,0.10999999999999999,0.89,1.0
3,471040,31.23,1,1602,7.510812759399414,0.0010000000000000009,,5,,1,460800,,3,1,,,0.0001,,200,,,,,,,,,,,,,,,,,
7,476160,29.96,2,1443,7.502204418182373,,0.04392710700631142,,-0.21913550183176994,,,460,,,0.004477058,0.0001,,-0.004308730191551149,,0.08815613210201263,0.7951188683509827,0.0482421875,0.2,,,,,,,,,,,,,
11,481280,29.63,3,1392,7.574222564697266,,0.03367185965180397,,-0.1843658635020256,,,465,,,0.0068159476,0.0001,,-0.002007971848361194,,0.08587251916527748,0.761900007724762,0.04734375,0.2,,,,,,,,,,,,,
14,486400,33.46,4,1372,7.469238758087158,,0.04049033299088478,,-0.17809822022914887,,,470,,,0.0073471256,0.0001,,-0.0030642252368852495,,0.08818203296512366,0.7457696199417114,0.049375,0.2,,,,,,,,,,,,,
18,491520,29.98,5,1347,7.582260608673096,,0.045415427535772324,,-0.21501714035868644,,,475,,,0.0053741606,0.0001,,-0.002261954420246184,,0.10844794735312462,0.8127419352531433,0.05671875,0.2,,,,,,,,,,,,,
22,496640,28.44,6,1344,7.613204479217529,,0.02313700132071972,,-0.1766813026368618,,,480,,,0.004197919,0.0001,,-0.0018616057478357106,,0.08657829388976097,0.7296306490898132,0.045625,0.2,,,,,,,,,,,,,
26,501760,28.31,7,1339,7.545017242431641,,0.0264535304158926,,-0.15813484504818917,,,485,,,0.003985731,0.0001,,-0.0035805570194497706,,0.07121664721518756,0.7297525405883789,0.041484375,0.2,,,,,,,,,,,,,
30,506880,30.24,8,1336,7.5637736320495605,,0.022291280329227448,,-0.1280609154701233,,,490,,,0.008035867,0.0001,,-0.0011221270076930522,,0.03485624058172107,0.8017854690551758,0.0390234375,0.2,,,,,,,,,,,,,
34,512000,31.2,9,1334,7.520908832550049,,0.04583919420838356,,-0.18177957125008107,,,495,,,0.006062693,0.0001,,-0.003316334681585431,,0.08888096269220114,0.7958539724349976,0.046640625,0.2,,,,,,,,,,,,,
38,517120,30.35,10,1330,7.505494594573975,,0.01842665486037731,,-0.20298830628395081,,,500,,,0.007446078,0.0001,,-0.005143340285867453,,0.09621148116886616,0.8055118918418884,0.0498828125,0.2,,,,,,,,,,,,,
,,,,,,,0.03196302801370621,,-0.18302511498332025,,,505,,,0.003078668,0.0001,,-0.0010268191248178481,,0.11413842990994454,0.7807838320732117,0.043125,0.2,7.633954396247864,0.1312613247852384,0,1,6.577415905961854,1.0,27.76,512000,,,,,
,,,,,,,,,,,,,,,,,,,,,,,,6.978295385837555,2.374562109456164,1,1,43.00441837765046,0.96,40.2,512000,,,,,
,,,,,,,,,,,,,,,,,,,,,,,,,,,1,,,,512000,0.96,1.0,0.040000000000000036,0.96,1.0
2,522240,30.32,1,1768,7.560182571411133,0.0010000000000000009,,5,,1,512000,,3,1,,,0.0001,,200,,,,,,,,,,,,,,,,,
7,527360,29.55,2,1455,7.57804012298584,,0.032328493893146515,,-0.18937351197004318,,,510,,,0.0054105157,0.0001,,-0.0006631989357993007,,0.10034441962838173,0.7756525278091431,0.062109375,0.2,,,,,,,,,,,,,
10,532480,27.61,3,1401,7.620347499847412,,0.04366392642259598,,-0.17272475808858873,,,515,,,0.0068136854,0.0001,,-0.006019250741228461,,0.08815347995609045,0.8059806227684021,0.0525,0.2,,,,,,,,,,,,,
15,537600,27.51,4,1362,7.639380931854248,,0.04454279690980911,,-0.1719955411553383,,,520,,,0.004302858,0.0001,,-0.0022506906557828187,,0.09980834569782018,0.8265018463134766,0.0396875,0.2,,,,,,,,,,,,,
19,542720,27.44,5,1327,7.641726493835449,,0.017236972227692604,,-0.1676906254887581,,,525,,,0.004026671,0.0001,,-0.0018747804407030343,,0.079838128387928,0.8259511590003967,0.0391015625,0.2,,,,,,,,,,,,,
23,547840,30.93,6,1322,7.477415084838867,,0.005725111812353134,,-0.15690691038966179,,,530,,,0.0062680384,0.0001,,-0.0021176089392974974,,0.0461566773802042,0.8656901717185974,0.0474609375,0.2,,,,,,,,,,,,,
27,552960,28.5,7,1319,7.598011493682861,,0.03794226795434952,,-0.18856269001960754,,,535,,,0.0055987076,0.0001,,-0.0024576876079663635,,0.07455763645470143,0.8307046890258789,0.0476171875,0.2,,,,,,,,,,,,,
31,558080,30.93,8,1317,7.4739155769348145,,0.014483853243291378,,-0.17858642995357513,,,540,,,0.0074867085,0.0001,,-0.00022314779460430145,,0.08287429612129926,0.8079889416694641,0.045546875,0.2,,,,,,,,,,,,,
34,563200,27.57,9,1316,7.628506660461426,,0.04377760738134384,,-0.19934401765465737,,,545,,,0.0038066756,0.0001,,-0.00030106868129223583,,0.10017411336302758,0.7994157075881958,0.0407421875,0.2,,,,,,,,,,,,,
38,568320,29.5,10,1317,7.57357931137085,,0.01821235939860344,,-0.14487196944653988,,,550,,,0.00597402,0.0001,,-0.0037118346989154817,,0.05057696444913745,0.8159736394882202,0.045390625,0.2,,,,,,,,,,,,,
,,,,,,,0.02085282653570175,,-0.15149913474917412,,,555,,,0.007601627,0.0001,,-0.004719795687124133,,0.05289633173495531,0.8106787800788879,0.045078125,0.2,7.5267611765861515,1.0507019140538594,0,1,18.920031712446995,0.99,29.18,563200,,,,,
,,,,,,,,,,,,,,,,,,,,,,,,7.344045467376709,1.8910722336475272,1,1,28.08034187826067,0.98,31.12,563200,,,,,
,,,,,,,,,,,,,,,,,,,,,,,,,,,1,,,,563200,0.98,0.99,0.010000000000000009,0.98,0.99
3,573440,30.0,1,1643,7.578183174133301,0.0010000000000000009,,5,,0,563200,,3,1,,,0.0001,,200,,,,,,,,,,,,,,,,,
7,578560,26.48,2,1348,7.6539106369018555,,0.037000030279159546,,-0.17276580780744552,,,560,,,0.0036328428,0.0001,,-0.004373136116191745,,0.08204851437360049,0.8028303980827332,0.0396484375,0.2,,,,,,,,,,,,,
12,583680,27.19,3,1275,7.639653205871582,,0.006236731074750423,,-0.12828259259462357,,,565,,,0.007770867,0.0001,,-0.0029194191610440613,,0.033107896912842986,0.7845218777656555,0.040703125,0.2,,,,,,,,,,,,,
15,588800,27.38,4,1287,7.629193305969238,,0.0097828833386302,,-0.1318496336042881,,,570,,,0.004334214,0.0001,,-0.004627635502256453,,0.0454606150649488,0.7768614292144775,0.0411328125,0.2,,,,,,,,,,,,,
19,593920,31.73,5,1300,7.396142482757568,,0.02443787269294262,,-0.14918855898082256,,,575,,,0.0037889883,0.0001,,-0.0010755386576056481,,0.06201573703438044,0.8239578604698181,0.04046875,0.2,,,,,,,,,,,,,
23,599040,28.92,6,1308,7.591432094573975,,0.04343593865633011,,-0.1882452456653118,,,580,,,0.0040935245,0.0001,,-0.0015970231872051955,,0.10418971888720989,0.8259050846099854,0.04984375,0.2,,,,,,,,,,,,,
27,604160,29.21,7,1312,7.594891548156738,,0.031326860189437866,,-0.15751899063587188,,,585,,,0.0035884127,0.0001,,-0.002136721685528755,,0.08405643425881863,0.8351850509643555,0.0370703125,0.2,,,,,,,,,,,,,
31,609280,26.36,8,1314,7.651113986968994,,0.02929147705435753,,-0.14364995718002319,,,590,,,0.005077646,0.0001,,-0.003593232948333025,,0.0658302241936326,0.5954123735427856,0.046171875,0.2,,,,,,,,,,,,,
35,614400,28.38,9,1314,7.622488498687744,,0.025057818740606308,,-0.1533728302270174,,,595,,,0.0060269623,0.0001,,-0.002592094554565847,,0.05690697409212589,0.8000917434692383,0.038515625,0.2,,,,,,,,,,,,,
38,619520,27.1,10,1315,7.641307353973389,,0.04033396393060684,,-0.14384262211620807,,,600,,,0.0073396615,0.0001,,-0.0018408017652109265,,0.05465768195688724,0.805261492729187,0.0476171875,0.2,,,,,,,,,,,,,
,,,,,,,0.003763362765312195,,-0.14280302681028842,,,605,,,0.0048966715,0.0001,,-0.0030004970403388143,,0.05309144295752048,0.7356586456298828,0.047265625,0.2,7.657289628982544,0.07505796731147113,0,1,5.0470882694876655,1.0,26.63,614400,,,,,
,,,,,,,,,,,,,,,,,,,,,,,,7.240420289039612,1.8741627959932168,1,1,33.621475279945706,0.97,34.58,614400,,,,,
,,,,,,,,,,,,,,,,,,,,,,,,,,,1,,,,614400,0.97,1.0,0.030000000000000027,0.97,1.0
2,624640,31.27,1,1740,7.414062976837158,0.0010000000000000009,,5,,1,614400,,3,1,,,0.0001,,200,,,,,,,,,,,,,,,,,
7,629760,26.97,2,1443,7.647256374359131,,0.02590588666498661,,-0.15757129415869714,,,610,,,0.004272459,0.0001,,-0.0036163232428953053,,0.059450085535645486,0.8091679215431213,0.0398828125,0.2,,,,,,,,,,,,,
11,634880,26.43,3,1394,7.649221897125244,,0.01668604463338852,,-0.11281889498233795,,,615,,,0.0061806957,0.0001,,-0.00446555866394192,,0.046630764715373516,0.7381551265716553,0.0387109375,0.2,,,,,,,,,,,,,
14,640000,28.36,4,1373,7.549931526184082,,0.004425558261573315,,-0.12436609961092472,,,620,,,0.0042727813,0.0001,,-0.002914936859160662,,0.037407855549827215,0.8454740643501282,0.03546875,0.2,,,,,,,,,,,,,
18,645120,28.38,5,1364,7.611807346343994,,-0.001192915253341198,,-0.12585209749639034,,,625,,,0.006052197,0.0001,,-0.0020837945723906157,,0.038209921773523094,0.8595394492149353,0.039140625,0.2,,,,,,,,,,,,,
22,650240,28.04,6,1347,7.6136579513549805,,0.018473006784915924,,-0.160229874253273,,,630,,,0.006042063,0.0001,,-0.005004854858852923,,0.07288663528859615,0.8042033910751343,0.055234375,0.2,,,,,,,,,,,,,
27,655360,30.41,7,1325,7.430710315704346,,0.018683426082134247,,-0.13036991730332376,,,635,,,0.0031206475,0.0001,,-0.0029660931695252657,,0.0523270046710968,0.8123924732208252,0.0336328125,0.2,,,,,,,,,,,,,
31,660480,27.84,8,1317,7.622637748718262,,0.03738899901509285,,-0.17866586834192277,,,640,,,0.0050289356,0.0001,,-0.0024237933615222575,,0.0794407695531845,0.8337990045547485,0.03984375,0.2,,,,,,,,,,,,,
35,665600,26.98,9,1304,7.642602920532227,,0.0434686578810215,,-0.16207083277404308,,,645,,,0.0062367087,0.0001,,-0.00412723412271589,,0.08790204711258412,0.7599601745605469,0.0519921875,0.2,,,,,,,,,,,,,
39,670720,26.78,10,1298,7.645898342132568,,-0.0003980211913585663,,-0.11521947629749775,,,650,,,0.004316386,0.0001,,-0.003703436888754368,,0.043162294663488865,0.8209241628646851,0.03890625,0.2,,,,,,,,,,,,,
,,,,,,,0.011516526341438293,,-0.13688943341374396,,,655,,,0.004289333,0.0001,,-0.0038917435985058547,,0.046333465371280906,0.8434309959411621,0.045078125,0.2,7.648244185447693,0.1525427708344151,0,1,7.048822596717838,1.0,26.71,665600,,,,,
,,,,,,,,,,,,,,,,,,,,,,,,6.7537101364135745,3.073796002844999,1,1,47.933173272797205,0.92,39.53,665600,,,,,
,,,,,,,,,,,,,,,,,,,,,,,,,,,1,,,,665600,0.92,1.0,0.07999999999999996,0.92,1.0
3,675840,29.46,1,1585,7.506829738616943,0.0010000000000000009,,5,,1,665600,,3,1,,,0.0001,,200,,,,,,,,,,,,,,,,,
7,680960,27.57,2,1379,7.640096664428711,,0.014231802895665169,,-0.1405208194255829,,,660,,,0.0064342306,0.0001,,-0.0008794837538152933,,0.0546637599915266,0.8535723090171814,0.03734375,0.2,,,,,,,,,,,,,
11,686080,26.55,3,1354,7.653380870819092,,0.013401665724813938,,-0.10049493975937367,,,665,,,0.005821339,0.0001,,-0.002565556629560888,,0.03807397710159421,0.7553800940513611,0.0407421875,0.2,,,,,,,,,,,,,
15,691200,28.04,4,1334,7.620023250579834,,0.010110799223184586,,-0.1251840664446354,,,670,,,0.003957645,0.0001,,-0.0007980307657271624,,0.05151979958638549,0.8368176817893982,0.037265625,0.2,,,,,,,,,,,,,
19,696320,26.21,5,1328,7.660459995269775,,0.02897130697965622,,-0.11793343648314476,,,675,,,0.003806661,0.0001,,-0.0018284513778053224,,0.05010298129171133,0.7168974876403809,0.0340625,0.2,,,,,,,,,,,,,
23,701440,29.91,6,1326,7.549381256103516,,-0.007762489840388298,,-0.1101736555993557,,,680,,,0.0061558736,0.0001,,-0.006482230243273079,,0.04135554745793343,0.8297468423843384,0.041171875,0.2,,,,,,,,,,,,,
27,706560,29.09,7,1323,7.584369659423828,,0.03086569532752037,,-0.15701359063386916,,,685,,,0.004866545,0.0001,,-0.00410927752032876,,0.07960049171000719,0.7901520729064941,0.0487890625,0.2,,,,,,,,,,,,,
30,711680,30.19,8,1322,7.500176906585693,,0.03602994233369827,,-0.14840697713196277,,,690,,,0.004386218,0.0001,,-0.0024591232370585205,,0.0841299144178629,0.7832924127578735,0.0355859375,0.2,,,,,,,,,,,,,
35,716800,28.65,9,1315,7.598438262939453,,0.04422991722822189,,-0.15350814007222652,,,695,,,0.0038224242,0.0001,,-0.003851338028907776,,0.07936136346310377,0.756093442440033,0.0425390625,0.2,,,,,,,,,,,,,
39,721920,28.72,10,1312,7.603590488433838,,0.01867569237947464,,-0.12571513876318932,,,700,,,0.0059935274,0.0001,,-0.003543561538681388,,0.0569862974062562,0.7904152274131775,0.0439453125,0.2,,,,,,,,,,,,,
,,,,,,,0.010567760095000267,,-0.11163946956396104,,,705,,,0.005412805,0.0001,,-0.0013686346355825663,,0.04261410465463996,0.7900168895721436,0.0463671875,0.2,7.615425972938538,0.2860637483794126,0,1,10.52461400717385,1.0,27.75,716800,,,,,
,,,,,,,,,,,,,,,,,,,,,,,,7.152909073829651,2.403188025523805,1,1,35.101851803003214,0.96,33.6,716800,,,,,
,,,,,,,,,,,,,,,,,,,,,,,,,,,1,,,,716800,0.96,1.0,0.040000000000000036,0.96,1.0
2,727040,27.22,1,1725,7.649102687835693,0.0010000000000000009,,5,,1,716800,,3,1,,,0.0001,,200,,,,,,,,,,,,,,,,,
7,732160,27.95,2,1448,7.622358322143555,,0.02320939674973488,,-0.13970479764044286,,,710,,,0.0045627877,0.0001,,-0.002218956779688597,,0.057922077178955075,0.7632853388786316,0.035234375,0.2,,,,,,,,,,,,,
11,737280,27.5,3,1396,7.644716739654541,,0.029096297919750214,,-0.11760372310876846,,,715,,,0.0036914342,0.0001,,-0.001221406445838511,,0.05797031700611115,0.7123039960861206,0.0298828125,0.2,,,,,,,,,,,,,
14,742400,30.61,4,1382,7.485641956329346,,0.01297721453011036,,-0.1000681753011094,,,720,,,0.009757329,0.0001,,-0.0034322629457090013,,0.03126473423362393,0.7419621348381042,0.040270618556701034,0.2,,,,,,,,,,,,,
18,747520,28.59,5,1362,7.606584548950195,,0.0021132640540599823,,-0.12351922228932381,,,725,,,0.0055185147,0.0001,,-0.0014248776575550438,,0.04075108677148819,0.7834032773971558,0.04453125,0.2,,,,,,,,,,,,,
22,752640,30.44,6,1353,7.477250576019287,,0.016183797270059586,,-0.1252095016092062,,,730,,,0.004516077,0.0001,,0.0010888513503596188,,0.04205770840868354,0.8028477430343628,0.0307421875,0.2,,,,,,,,,,,,,
26,757760,26.45,7,1345,7.650824546813965,,0.01887134090065956,,-0.1526365287601948,,,735,,,0.0037016713,0.0001,,-0.002043221150524914,,0.05982211004942656,0.7736624479293823,0.0427734375,0.2,,,,,,,,,,,,,
30,762880,28.1,8,1340,7.630739212036133,,0.01987413875758648,,-0.10796004883944989,,,740,,,0.0042008385,0.0001,,-0.0037094920268282293,,0.04613153032958508,0.7318545579910278,0.0351171875,0.2,,,,,,,,,,,,,
34,768000,27.19,9,1338,7.639880180358887,,0.021501431241631508,,-0.13915616683661938,,,745,,,0.0047067394,0.0001,,-0.0039041108265519143,,0.057548861429095266,0.7947211265563965,0.0446484375,0.2,,,,,,,,,,,,,
38,773120,26.34,10,1334,7.659284591674805,,0.03429843485355377,,-0.1181080224364996,,,750,,,0.0042882753,0.0001,,-0.001514650471508503,,0.04993637531995773,0.7528451681137085,0.0337890625,0.2,,,,,,,,,,,,,
,,,,,,,0.012739166617393494,,-0.11099776312708855,,,755,,,0.005712024,0.0001,,-0.006258861240930855,,0.04294678684324026,0.7377397418022156,0.0434375,0.2,7.657266893386841,0.12908511856366758,0,1,6.047635901738794,1.0,26.19,768000,,,,,
,,,,,,,,,,,,,,,,,,,,,,,,7.43052836894989,1.7631429538702472,1,1,24.67267922216799,0.98,28.33,768000,,,,,
,,,,,,,,,,,,,,,,,,,,,,,,,,,1,,,,768000,0.98,1.0,0.020000000000000018,0.98,1.0
2,778240,27.07,1,1747,7.638904571533203,0.0010000000000000009,,5,,0,768000,,3,1,,,0.0001,,200,,,,,,,,,,,,,,,,,
8,783360,28.12,2,1194,7.6064324378967285,,0.020740045234560966,,-0.09819638036191464,,,760,,,0.004172393,0.0001,,-0.0030009761219844224,,0.047641054652631284,0.6566690802574158,0.032421875,0.2,,,,,,,,,,,,,
13,788480,29.89,3,1115,7.4880051612854,,0.008481754921376705,,-0.09454813726246357,,,765,,,0.007597831,0.0001,,-0.002326969113200903,,0.034933957755565646,0.7278621196746826,0.0339453125,0.2,,,,,,,,,,,,,
18,793600,28.26,4,1125,7.617193222045898,,0.020122498273849487,,-0.11359149664640426,,,770,,,0.008547065,0.0001,,-0.00243073346093297,,0.04536053664982319,0.7724732756614685,0.0414453125,0.2,,,,,,,,,,,,,
22,798720,28.41,5,1138,7.540892124176025,,0.008825553581118584,,-0.10070131033658981,,,775,,,0.0056966646,0.0001,,0.00016264800215139985,,0.037979690451174976,0.6747117042541504,0.04171875,0.2,,,,,,,,,,,,,
26,803840,28.2,6,1166,7.5216593742370605,,0.016759119927883148,,-0.0970196096599102,,,780,,,0.0055500125,0.0001,,0.001842721882276237,,0.025156250670552254,0.7667134404182434,0.033671875,0.2,,,,,,,,,,,,,
29,808960,28.52,7,1196,7.539250373840332,,0.015941889956593513,,-0.11201841607689858,,,785,,,0.0077560423,0.0001,,-0.004517017770558596,,0.04321576235815883,0.8070599436759949,0.05046875,0.2,,,,,,,,,,,,,
33,814080,28.76,8,1213,7.531068801879883,,0.016489101573824883,,-0.11823108226060867,,,790,,,0.0047525275,0.0001,,-0.003566756001673639,,0.0541375146061182,0.7935063242912292,0.0401171875,0.2,,,,,,,,,,,,,
37,819200,29.38,9,1228,7.590101718902588,,0.013077432289719582,,-0.13912818826735018,,,795,,,0.008187523,0.0001,,-0.0027375159226357935,,0.05952505812048912,0.848004162311554,0.0516015625,0.2,,,,,,,,,,,,,
41,824320,26.17,10,1234,7.664982795715332,,0.02493402548134327,,-0.13289989575743674,,,800,,,0.008577014,0.0001,,-0.0032446006080135703,,0.07893127921968698,0.7843805551528931,0.0483984375,0.2,,,,,,,,,,,,,
,,,,,,,0.019761545583605766,,-0.09222135512710927,,,805,,,0.010098994,0.0001,,-5.081534426618408e-05,,0.026867535272306137,0.6941618919372559,0.034254807692307696,0.2,7.61154531955719,0.448489526496398,0,1,14.64013661138447,1.0,27.92,819200,,,,,
,,,,,,,,,,,,,,,,,,,,,,,,7.408255553245544,1.61467823832261,1,1,28.231009546241875,0.98,30.01,819200,,,,,
,,,,,,,,,,,,,,,,,,,,,,,,,,,1,,,,819200,0.98,1.0,0.020000000000000018,0.98,1.0
2,829440,27.83,1,2080,7.620698928833008,0.0010000000000000009,,5,,0,819200,,3,1,,,0.0001,,200,,,,,,,,,,,,,,,,,
6,834560,27.66,2,1641,7.622307300567627,,0.012676172889769077,,-0.11297204665839672,,,810,,,0.0041195513,0.0001,,-0.0024802087247371672,,0.03945559829473495,0.7789384126663208,0.03890625,0.2,,,,,,,,,,,,,
9,839680,26.4,3,1555,7.647728443145752,,0.03064780682325363,,-0.1347859201580286,,,815,,,0.00510448,0.0001,,-0.0040936774900183085,,0.06499482836574316,0.7833724617958069,0.041484375,0.2,,,,,,,,,,,,,
13,844800,27.24,4,1477,7.644567966461182,,0.013180173933506012,,-0.12184679485857487,,,820,,,0.0049237725,0.0001,,-0.002712510246783495,,0.06281084921211004,0.7470550537109375,0.0419140625,0.2,,,,,,,,,,,,,
17,849920,26.87,5,1443,7.631290912628174,,0.011351007036864758,,-0.08531476013362407,,,825,,,0.005501571,0.0001,,-0.003172321678139269,,0.030276528913527726,0.7072429060935974,0.0267578125,0.2,,,,,,,,,,,,,
21,855040,28.73,6,1434,7.592801570892334,,0.005156250670552254,,-0.11143599137663841,,,830,,,0.0061749993,0.0001,,-0.0026203074539080263,,0.03440411040559411,0.7972726821899414,0.0362109375,0.2,,,,,,,,,,,,,
25,860160,27.91,7,1420,7.61915397644043,,0.01266474649310112,,-0.1157444554567337,,,835,,,0.003703658,0.0001,,-0.0025167763512581585,,0.04369675200432539,0.7761870622634888,0.033359375,0.2,,,,,,,,,,,,,
29,865280,27.58,8,1393,7.6295342445373535,,0.0058623552322387695,,-0.1228191739320755,,,840,,,0.0035371003,0.0001,,-0.0014075146149843932,,0.034666274040937424,0.8429921269416809,0.029921875,0.2,,,,,,,,,,,,,
33,870400,27.32,9,1380,7.636659622192383,,0.06543401628732681,,-0.10564295455813408,,,845,,,0.0070827394,0.0001,,-0.00031181402038782835,,0.042607989590615035,0.7537148594856262,0.042265625,0.2,,,,,,,,,,,,,
37,875520,27.73,10,1373,7.631096839904785,,0.004027694929391146,,-0.08755213696509599,,,850,,,0.0073126666,0.0001,,-0.0034485787013545633,,0.029058832880109547,0.7257250547409058,0.035625,0.2,,,,,,,,,,,,,
,,,,,,,0.010644631460309029,,-0.11051695331931115,,,855,,,0.0040547876,0.0001,,-0.00164588144980371,,0.036848515216261146,0.8038901090621948,0.0320703125,0.2,7.516306643486023,1.0762660800474266,0,1,19.029019943234076,0.99,29.58,870400,,,,,
,,,,,,,,,,,,,,,,,,,,,,,,7.569005568027496,1.1383131221918843,1,1,17.583728273605686,0.99,26.45,870400,,,,,
,,,,,,,,,,,,,,,,,,,,,,,,,,,1,,,,870400,0.99,0.99,0.0,0.99,0.99
,,,,,,,,,,,,,,,,,,,,,,,,7.6571078205108645,0.0786247245092804,0,1,4.835897021236081,1.0,26.71,870400,,,,,
,,,,,,,,,,,,,,,,,,,,,,,,7.106710205078125,2.4290273290852182,1,1,39.59890276257664,0.96,35.13,870400,,,,,
,,,,,,,,,,,,,,,,,,,,,,,,,,,1,,,,870400,0.96,1.0,0.040000000000000036,0.96,1.0
3,880640,30.9,1,1608,7.404329776763916,0.0010000000000000009,,5,,1,870400,,3,1,,,0.0001,,200,,,,,,,,,,,,,,,,,
7,885760,29.02,2,1348,7.515307426452637,,0.013625621795654297,,-0.19738622918725013,,,860,,,0.005683734,0.0001,,-0.0010393116530030965,,0.05320029657334089,0.8240455985069275,0.0415234375,0.2,,,,,,,,,,,,,
11,890880,27.5,3,1346,7.638352870941162,,0.05043642595410347,,-0.16297972172498704,,,865,,,0.004016569,0.0001,,-0.0008862428832799197,,0.0949301727488637,0.8326958417892456,0.032265625,0.2,,,,,,,,,,,,,
15,896000,29.91,4,1334,7.500017166137695,,0.01229449175298214,,-0.09414447329938412,,,870,,,0.0049359845,0.0001,,-0.0033398935291916133,,0.04085186738520861,0.6679700016975403,0.031796875,0.2,,,,,,,,,,,,,
19,901120,28.73,5,1314,7.590983867645264,,0.014735456556081772,,-0.13076632894575596,,,875,,,0.004078547,0.0001,,-0.0022000556671991946,,0.04282315431162715,0.8206737041473389,0.037890625,0.2,,,,,,,,,,,,,
23,906240,27.73,6,1303,7.61746072769165,,0.014874111860990524,,-0.12952565662562848,,,880,,,0.004587032,0.0001,,-0.0022567129926756024,,0.05625984314829111,0.8238000273704529,0.033203125,0.2,,,,,,,,,,,,,
27,911360,26.96,7,1296,7.639410018920898,,0.042868394404649734,,-0.14289521530270577,,,885,,,0.004550237,0.0001,,-0.0006053351890295744,,0.07251108024269343,0.7994639873504639,0.0386328125,0.2,,,,,,,,,,,,,
31,916480,26.23,8,1294,7.6636528968811035,,0.011894140392541885,,-0.11350991755723953,,,890,,,0.0046244445,0.0001,,-0.0029943347768858074,,0.05715269047766924,0.7536901831626892,0.0303515625,0.2,,,,,,,,,,,,,
35,921600,27.85,9,1292,7.619347095489502,,0.0158676914870739,,-0.1344722855091095,,,895,,,0.005334686,0.0001,,-0.0015235727606341242,,0.05103110171854496,0.8127083778381348,0.0435546875,0.2,,,,,,,,,,,,,
39,926720,31.02,10,1296,7.4193525314331055,,0.0218081995844841,,-0.11241198487579823,,,900,,,0.0035977997,0.0001,,-0.0015770657453685998,,0.05405151095241308,0.7657455205917358,0.0287890625,0.2,,,,,,,,,,,,,
,,,,,,,0.003307754173874855,,-0.1379067151248455,,,905,,,0.006361297,0.0001,,-0.00425368963740766,,0.049218179807066914,0.831981360912323,0.0423046875,0.2,7.561374876499176,1.0638933478798815,0,1,17.85189065617421,0.99,27.7,921600,,,,,
,,,,,,,,,,,,,,,,,,,,,,,,6.954204463958741,2.7827509202673832,1,1,42.27801319835169,0.94,36.36,921600,,,,,
,,,,,,,,,,,,,,,,,,,,,,,,,,,1,,,,921600,0.94,0.99,0.050000000000000044,0.94,0.99
2,931840,27.47,1,1728,7.622540473937988,0.0010000000000000009,,5,,1,921600,,3,1,,,0.0001,,200,,,,,,,,,,,,,,,,,
7,936960,28.32,2,1408,7.5485453605651855,,0.029363662004470825,,-0.10734828494489193,,,910,,,0.009532222,0.0001,,-0.00369690858758986,,0.04063988031819463,0.7434500455856323,0.041015625,0.2,,,,,,,,,,,,,
11,942080,26.39,3,1334,7.648745059967041,,-0.00032018590718507767,,-0.11531041324138641,,,915,,,0.005133369,0.0001,,-0.005600533792749047,,0.03363274799659848,0.7875192165374756,0.0420703125,0.2,,,,,,,,,,,,,
15,947200,29.27,4,1330,7.585381507873535,,0.015245716087520123,,-0.10033990643918514,,,920,,,0.005262769,0.0001,,-0.003988713482394815,,0.023153703240677715,0.8012396097183228,0.033671875,0.2,,,,,,,,,,,,,
19,952320,30.23,5,1324,7.548427104949951,,0.0013433769345283508,,-0.13525598272681236,,,925,,,0.0071697854,0.0001,,-0.004206742402166128,,0.0440384391322732,0.7980583310127258,0.0406640625,0.2,,,,,,,,,,,,,
23,957440,28.06,6,1325,7.601170539855957,,0.026719262823462486,,-0.17575795143842698,,,930,,,0.0077836895,0.0001,,-0.003434642879292369,,0.0696733084321022,0.79156094789505,0.0533984375,0.2,,,,,,,,,,,,,
26,962560,27.48,7,1328,7.624932289123535,,0.05751242861151695,,-0.14090323902666568,,,935,,,0.005489789,0.0001,,-0.0005113107059150934,,0.06052028112113476,0.8035489320755005,0.0354296875,0.2,,,,,,,,,,,,,
30,967680,28.18,8,1330,7.614648342132568,,0.010997295379638672,,-0.1224706782400608,,,940,,,0.004207536,0.0001,,0.002172060227021575,,0.03991799989715219,0.8552581667900085,0.037265625,0.2,,,,,,,,,,,,,
34,972800,27.08,9,1322,7.645841598510742,,0.011420788243412971,,-0.13661756843328476,,,945,,,0.004176812,0.0001,,-0.0030238818004727362,,0.047717583812773225,0.8435280323028564,0.0414453125,0.2,,,,,,,,,,,,,
38,977920,27.69,10,1323,7.6103925704956055,,-0.003744330257177353,,-0.10872594781219959,,,950,,,0.0044454215,0.0001,,-0.004093384775333106,,0.035281797908246516,0.7466118335723877,0.0398828125,0.2,,,,,,,,,,,,,
,,,,,,,0.021929115056991577,,-0.1267099267989397,,,955,,,0.005951785,0.0001,,-0.0016909473482519387,,0.043004455231130126,0.780692994594574,0.038828125,0.2,7.639408917427063,0.12483114792902926,0,1,6.570418555921685,1.0,27.36,972800,,,,,
,,,,,,,,,,,,,,,,,,,,,,,,7.287210140228272,2.057732403960168,1,1,30.35941204964286,0.97,31.69,972800,,,,,
,,,,,,,,,,,,,,,,,,,,,,,,,,,1,,,,972800,0.97,1.0,0.030000000000000027,0.97,1.0
2,983040,28.53,1,1828,7.592006206512451,0.0010000000000000009,,5,,1,972800,,3,1,,,0.0001,,200,,,,,,,,,,,,,,,,,
7,988160,31.58,2,1453,7.388125419616699,,0.014936988241970539,,-0.12555965304374694,,,960,,,0.003705778,0.0001,,0.0029918465251103045,,0.04955399569123983,0.8037471175193787,0.038046875,0.2,,,,,,,,,,,,,
10,993280,29.75,3,1398,7.573835372924805,,0.052201200276613235,,-0.17615758031606674,,,965,,,0.005016069,0.0001,,-0.002513456498272717,,0.062021157853305336,0.8090168833732605,0.039140625,0.2,,,,,,,,,,,,,
14,998400,26.5,4,1374,7.652101993560791,,0.028625421226024628,,-0.1786451283097267,,,970,,,0.004418145,0.0001,,-0.006116283889859915,,0.07866717394441367,0.8354227542877197,0.051796875,0.2,,,,,,,,,,,,,
18,1003520,27.27,5,1360,7.633789539337158,,0.021085871383547783,,-0.1257236869633198,,,975,,,0.005479595,0.0001,,-0.003501245561055839,,0.05633219361305237,0.7970240116119385,0.0373828125,0.2,,,,,,,,,,,,,
22,1008640,27.65,6,1355,7.617414951324463,,0.007001720368862152,,-0.0969167273491621,,,980,,,0.004862615,0.0001,,-0.002471454641781747,,0.042942377738654613,0.6855114698410034,0.033828125,0.2,,,,,,,,,,,,,
26,1013760,33.1,7,1336,7.4155802726745605,,0.01395181380212307,,-0.10088713832199574,,,985,,,0.0071351468,0.0001,,-0.003993351941462606,,0.031603672485798595,0.7834017276763916,0.03578125,0.2,,,,,,,,,,,,,
30,1018880,25.85,8,1333,7.666619777679443,,0.01798706315457821,,-0.17486840069293977,,,990,,,0.005178744,0.0001,,-0.001865298778284341,,0.07024569191038608,0.8300062417984009,0.0451171875,0.2,,,,,,,,,,,,,
34,1024000,27.6,9,1328,7.623636245727539,,0.0008524945005774498,,-0.08040272299200296,,,995,,,0.0070719854,0.0001,,-0.001962480617221445,,0.024533080905675887,0.7030037641525269,0.02796875,0.2,,,,,,,,,,,,,
38,1029120,28.55,10,1328,7.589972496032715,,0.010078765451908112,,-0.13999887473881245,,,1000,,,0.004536177,0.0001,,-0.004252530261874199,,0.04607207681983709,0.8269641399383545,0.0463671875,0.2,,,,,,,,,,,,,
,,,,,,,0.026488352566957474,,-0.13400402188301086,,,1005,,,0.004711932,0.0001,,-0.004388564671389758,,0.05821983207017183,0.8330010175704956,0.0354296875,0.2,7.6199941825866695,0.22748574426962453,0,1,9.56587162782357,1.0,27.79,1024000,,,,,
,,,,,,,,,,,,,,,,,,,,,,,,6.929772613048553,2.4150796688425817,1,1,45.580917059664344,0.96,41.2,1024000,,,,,
,,,,,,,,,,,,,,,,,,,,,,,,,,,1,,,,1024000,0.96,1.0,0.040000000000000036,0.96,1.0
3,1034240,28.4,1,1702,7.613636016845703,0.0010000000000000009,,5,,1,1024000,,3,1,,,0.0001,,200,,,,,,,,,,,,,,,,,
7,1039360,27.2,2,1415,7.637955188751221,,0.004213966429233551,,-0.11528254047036171,,,1010,,,0.004426421,0.0001,,-0.005910946899093688,,0.048927972447127106,0.7420164346694946,0.0366796875,0.2,,,,,,,,,,,,,
11,1044480,34.94,3,1371,7.243216514587402,,0.02994883805513382,,-0.1252344660460949,,,1015,,,0.0050310986,0.0001,,-0.0024310290021821858,,0.048963093273341654,0.7906150221824646,0.0360546875,0.2,,,,,,,,,,,,,
15,1049600,28.58,4,1340,7.588057994842529,,0.019183434545993805,,-0.201573918312788,,,1020,,,0.004346964,0.0001,,-0.002368145869113505,,0.07323140766471624,0.8068652153015137,0.0432421875,0.2,,,,,,,,,,,,,
19,1054720,29.36,5,1311,7.573728084564209,,0.06016228720545769,,-0.19116926178336144,,,1025,,,0.004972918,0.0001,,-0.0035146944923326374,,0.09881508946418763,0.805138111114502,0.0376171875,0.2,,,,,,,,,,,,,
23,1059840,26.02,6,1318,7.661830425262451,,0.03552626445889473,,-0.15079367876052857,,,1030,,,0.0038702167,0.0001,,-0.0006810155743733049,,0.07382542882114648,0.7785456776618958,0.035625,0.2,,,,,,,,,,,,,
27,1064960,27.66,7,1307,7.630489349365234,,0.0018380498513579369,,-0.09032910212874412,,,1035,,,0.0040713185,0.0001,,-0.0018810330191627144,,0.018546583177521826,0.7122026681900024,0.03015625,0.2,,,,,,,,,,,,,
31,1070080,27.59,8,1303,7.561654090881348,,-0.0023977477103471756,,-0.0937705946713686,,,1040,,,0.0056171976,0.0001,,-0.0033721973514184355,,0.019374799719080328,0.8085595369338989,0.035078125,0.2,,,,,,,,,,,,,
35,1075200,26.6,9,1297,7.6469316482543945,,0.011589106172323227,,-0.12790081225335598,,,1045,,,0.004943015,0.0001,,-0.0018848297279328108,,0.03432932259514928,0.8075377345085144,0.039296875,0.2,,,,,,,,,,,,,
39,1080320,26.64,10,1297,7.649681568145752,,0.023046419024467468,,-0.10049752041697502,,,1050,,,0.004116668,0.0001,,-0.0026982375979423523,,0.02876404907554388,0.7943081855773926,0.034140625,0.2,,,,,,,,,,,,,
,,,,,,,0.007893689908087254,,-0.12738840587437153,,,1055,,,0.00410645,0.0001,,-0.0032156885415315626,,0.040458299685269594,0.8501766920089722,0.03796875,0.2,7.6504941654205325,0.1461849707204051,0,1,6.965708865578578,1.0,26.67,1075200,,,,,
,,,,,,,,,,,,,,,,,,,,,,,,7.090948865413666,2.59502260327387,1,1,38.29096368596643,0.95,33.39,1075200,,,,,
,,,,,,,,,,,,,,,,,,,,,,,,,,,1,,,,1075200,0.95,1.0,0.050000000000000044,0.95,1.0
2,1085440,25.45,1,1752,7.673666000366211,0.0010000000000000009,,5,,1,1075200,,3,1,,,0.0001,,200,,,,,,,,,,,,,,,,,
7,1090560,29.4,2,1446,7.565568447113037,,-0.004627266898751259,,-0.09226747557520866,,,1060,,,0.004740712,0.0001,,-0.0007434123614802956,,0.020749650606885554,0.621841549873352,0.0343359375,0.2,,,,,,,,,,,,,
11,1095680,28.2,3,1361,7.610795974731445,,0.008310163393616676,,-0.12309540905058385,,,1065,,,0.0060941866,0.0001,,-0.002234051791019738,,0.030263301357626914,0.7840960621833801,0.03609375,0.2,,,,,,,,,,,,,
15,1100800,29.11,4,1346,7.583245277404785,,0.0033345716074109077,,-0.12230721771717072,,,1070,,,0.0054586707,0.0001,,-0.004500871133059263,,0.041661708652973174,0.8036550879478455,0.0389453125,0.2,,,,,,,,,,,,,
19,1105920,31.13,5,1340,7.455846786499023,,0.012251980602741241,,-0.12715079076588154,,,1075,,,0.0047064666,0.0001,,-0.004666438181884587,,0.048677161987870934,0.8171371817588806,0.0402734375,0.2,,,,,,,,,,,,,
22,1111040,27.37,6,1336,7.6258931159973145,,0.026916349306702614,,-0.16380034305155278,,,1080,,,0.007062164,0.0001,,-0.001128555666655302,,0.07579349689185619,0.7857750654220581,0.043203125,0.2,,,,,,,,,,,,,
26,1116160,25.92,7,1338,7.664727687835693,,0.010971907526254654,,-0.1741281034052372,,,1085,,,0.0051082615,0.0001,,-0.003583464901894331,,0.06276324421167373,0.8492951989173889,0.03828125,0.2,,,,,,,,,,,,,
30,1121280,27.75,8,1338,7.625880718231201,,0.008396925404667854,,-0.1054470807313919,,,1090,,,0.003775344,0.0001,,-0.0030978961195796727,,0.030318136140704156,0.7561546564102173,0.0286328125,0.2,,,,,,,,,,,,,
34,1126400,30.11,9,1341,7.555403232574463,,0.020037179812788963,,-0.15677185960114,,,1095,,,0.0048902547,0.0001,,-0.0031327000772580506,,0.06008940979838371,0.8093731999397278,0.0397265625,0.2,,,,,,,,,,,,,
38,1131520,28.53,10,1341,7.533323764801025,,0.03228756785392761,,-0.1742789588868618,,,1100,,,0.0059974673,0.0001,,-0.0032465980062261223,,0.07922212399542332,0.8309329152107239,0.040546875,0.2,,,,,,,,,,,,,
,,,,,,,0.009843176230788231,,-0.14161486037075519,,,1105,,,0.0033283327,0.0001,,-0.0012582128401845694,,0.06258229151368142,0.8601738810539246,0.030625,0.2,7.602306666374207,0.26329352647716725,0,1,10.662476260231486,1.0,28.46,1126400,,,,,
,,,,,,,,,,,,,,,,,,,,,,,,6.962340865135193,2.7682437785507816,1,1,42.4852727424457,0.94,35.96,1126400,,,,,
,,,,,,,,,,,,,,,,,,,,,,,,,,,1,,,,1126400,0.94,1.0,0.06000000000000005,0.94,1.0
2,1136640,25.31,1,1785,7.671767711639404,0.0010000000000000009,,5,,1,1126400,,3,1,,,0.0001,,200,,,,,,,,,,,,,,,,,
7,1141760,29.95,2,1447,7.5553131103515625,,0.05113101750612259,,-0.08304846297949553,,,1110,,,0.00524861,0.0001,,-0.00025154493283480406,,0.03087218980304897,0.736128568649292,0.0230859375,0.2,,,,,,,,,,,,,
11,1146880,28.37,3,1325,7.598051071166992,,0.019518069922924042,,-0.15054207272827624,,,1115,,,0.0055916323,0.0001,,-0.0016996652213856578,,0.054406696520745756,0.853127121925354,0.0410546875,0.2,,,,,,,,,,,,,
16,1152000,29.7,4,1255,7.503420829772949,,0.0288601852953434,,-0.11254184365272522,,,1120,,,0.004719807,0.0001,,-0.0025571390008553864,,0.06382607717067003,0.794587254524231,0.0324609375,0.2,,,,,,,,,,,,,
20,1157120,26.43,5,1242,7.656267166137695,,0.012830553576350212,,-0.13572088584303857,,,1125,,,0.0044318093,0.0001,,-0.00016125361435115337,,0.06939400099217892,0.7942381501197815,0.042734375,0.2,,,,,,,,,,,,,
25,1162240,30.76,6,1220,7.480386734008789,,0.020281534641981125,,-0.10217019192874431,,,1130,,,0.0028928062,0.0001,,-0.0014216578216291963,,0.0422167625837028,0.7207696437835693,0.0288671875,0.2,,,,,,,,,,,,,
29,1167360,27.03,7,1234,7.6379714012146,,0.023520560935139656,,-0.1506092334538698,,,1135,,,0.0048856894,0.0001,,-0.0016685194615274667,,0.05974408000707626,0.8274540305137634,0.0412890625,0.2,,,,,,,,,,,,,
32,1172480,26.85,8,1246,7.639687538146973,,0.029770933091640472,,-0.12917399272322655,,,1140,,,0.0045825318,0.0001,,-0.001992318439297378,,0.05561983697116375,0.8033369779586792,0.0426953125,0.2,,,,,,,,,,,,,
36,1177600,29.26,9,1248,7.566170692443848,,0.015264496207237244,,-0.10992834232747555,,,1145,,,0.0033034072,0.0001,,-0.0019885727716609835,,0.0490359366312623,0.8170422911643982,0.0316796875,0.2,,,,,,,,,,,,,
40,1182720,29.01,10,1250,7.565688610076904,,0.023834779858589172,,-0.13454875588417053,,,1150,,,0.0033583802,0.0001,,0.00045749884098768236,,0.05558659501373768,0.861119270324707,0.02828125,0.2,,,,,,,,,,,,,
,,,,,,,0.031842298805713654,,-0.1461699491739273,,,1155,,,0.002490751,0.0001,,-0.002507660835981369,,0.0873667849227786,0.8195569515228271,0.0227734375,0.2,7.6373066711425786,0.24260778914165967,0,1,9.503704540861948,1.0,26.86,1177600,,,,,
,,,,,,,,,,,,,,,,,,,,,,,,6.998869190216064,2.4980782790632774,1,1,43.89434929464156,0.95,37.81,1177600,,,,,
,,,,,,,,,,,,,,,,,,,,,,,,,,,1,,,,1177600,0.95,1.0,0.050000000000000044,0.95,1.0
2,1187840,30.9,1,1823,7.486830234527588,0.0010000000000000009,,5,,1,1177600,,3,1,,,0.0001,,200,,,,,,,,,,,,,,,,,
7,1192960,29.58,2,1451,7.506988525390625,,0.0883629322052002,,-0.1504517050087452,,,1160,,,0.0033504139,0.0001,,-0.0012149644317105412,,0.13424031876027584,0.7284085750579834,0.030703125,0.2,,,,,,,,,,,,,
11,1198080,28.81,3,1382,7.5320281982421875,,0.06857608258724213,,-0.16817145600914954,,,1165,,,0.0052878447,0.0001,,-0.003182149827480316,,0.11581464871764183,0.8194334506988525,0.0390234375,0.2,,,,,,,,,,,,,
14,1203200,27.52,4,1365,7.614500522613525,,0.019757844507694244,,-0.13754920713603497,,,1170,,,0.0031983429,0.0001,,-0.002036410137079656,,0.06015607923269272,0.7991592288017273,0.0413671875,0.2,,,,,,,,,,,,,
19,1208320,28.27,5,1339,7.594813823699951,,0.02762741968035698,,-0.13378917321562767,,,1175,,,0.0039319177,0.0001,,-0.002699897438287735,,0.06525786008685827,0.8236722946166992,0.0335546875,0.2,,,,,,,,,,,,,
23,1213440,28.72,6,1335,7.585409641265869,,0.0211419016122818,,-0.1270236899703741,,,1180,,,0.006071125,0.0001,,-0.0025375423533841967,,0.05588092174381018,0.8145743608474731,0.0461328125,0.2,,,,,,,,,,,,,
27,1218560,27.73,7,1324,7.624278545379639,,0.026222869753837585,,-0.11527512274682522,,,1185,,,0.003957768,0.0001,,-0.003130532056093216,,0.06391881220042706,0.727542519569397,0.0367578125,0.2,,,,,,,,,,,,,
31,1223680,27.6,8,1316,7.63454532623291,,0.026017382740974426,,-0.15412411078810692,,,1190,,,0.004953134,0.0001,,-0.0036207617819309233,,0.07130446184426546,0.796314001083374,0.03796875,0.2,,,,,,,,,,,,,
35,1228800,31.19,9,1312,7.509654521942139,,0.024717045947909355,,-0.1521276405453682,,,1195,,,0.005491884,0.0001,,-0.00367988851852715,,0.05820923425257206,0.8413993120193481,0.0421484375,0.2,,,,,,,,,,,,,
39,1233920,27.01,10,1312,7.638187885284424,,0.02052737958729267,,-0.16047136299312115,,,1200,,,0.007993123,0.0001,,-0.0037734939018264414,,0.07333450596779585,0.7950670719146729,0.0508203125,0.2,,,,,,,,,,,,,
,,,,,,,0.031288936734199524,,-0.11972194105386734,,,1205,,,0.0058074123,0.0001,,-0.0003164165792986751,,0.05477680493146181,0.7583004832267761,0.039140625,0.2,7.632891893386841,0.1930166318181517,0,1,7.846394076262038,1.0,27.29,1228800,,,,,
,,,,,,,,,,,,,,,,,,,,,,,,7.1270623254776,2.1979346654470313,1,1,37.72380017972739,0.96,35.43,1228800,,,,,
,,,,,,,,,,,,,,,,,,,,,,,,,,,1,,,,1228800,0.96,1.0,0.040000000000000036,0.96,1.0
2,1239040,29.0,1,1764,7.538249969482422,0.0010000000000000009,,5,,1,1228800,,3,1,,,0.0001,,200,,,,,,,,,,,,,,,,,
7,1244160,27.31,2,1454,7.636767387390137,,0.04357593506574631,,-0.1334109240025282,,,1210,,,0.0061305133,0.0001,,-0.0037263217149302364,,0.052066939640790226,0.8341987729072571,0.04453125,0.2,,,,,,,,,,,,,
10,1249280,27.15,3,1412,7.627813339233398,,0.00656468840315938,,-0.09633068837225438,,,1215,,,0.0033592428,0.0001,,-0.0004902060329914093,,0.034374287128448484,0.7636628746986389,0.031953125,0.2,,,,,,,,,,,,,
14,1254400,30.76,4,1379,7.424886703491211,,0.043264757841825485,,-0.10785378247499466,,,1220,,,0.0066284314,0.0001,,-0.0016368637001141905,,0.03420272644609213,0.802325963973999,0.035390625,0.2,,,,,,,,,,,,,
18,1259520,29.18,5,1353,7.519715785980225,,0.04501429200172424,,-0.19056140780448913,,,1225,,,0.0040410524,0.0001,,-0.0028271592315286397,,0.0884960800036788,0.8514876365661621,0.0371484375,0.2,,,,,,,,,,,,,
23,1264640,27.05,6,1335,7.629119873046875,,0.01770251989364624,,-0.14334212355315684,,,1230,,,0.0041771214,0.0001,,-0.0011381593043915928,,0.07891984101384879,0.8350697159767151,0.0323828125,0.2,,,,,,,,,,,,,
26,1269760,31.88,7,1331,7.313251495361328,,0.027990834787487984,,-0.10375147402286529,,,1235,,,0.004497581,0.0001,,-0.0021167242527008055,,0.055698801428079606,0.7214397192001343,0.028828125,0.2,,,,,,,,,,,,,
30,1274880,28.09,8,1328,7.551938056945801,,0.021235983818769455,,-0.15316959120333196,,,1240,,,0.0046562753,0.0001,,-0.0028444986417889596,,0.057705023381859066,0.8388340473175049,0.04,0.2,,,,,,,,,,,,,
34,1280000,26.68,9,1322,7.646296501159668,,0.043443385511636734,,-0.15002303563058375,,,1245,,,0.006543266,0.0001,,-0.0014707930944859982,,0.0846962285041809,0.8559414148330688,0.0391015625,0.2,,,,,,,,,,,,,
38,1285120,28.84,10,1321,7.576841354370117,,0.014826071448624134,,-0.10784524954855441,,,1250,,,0.0041855895,0.0001,,-0.0035205499920994044,,0.06219481285661459,0.6754566431045532,0.036015625,0.2,,,,,,,,,,,,,
,,,,,,,0.01903901994228363,,-0.13636531256139278,,,1255,,,0.00686564,0.0001,,-0.0005435753520578146,,0.06276341833174229,0.8433258533477783,0.036328125,0.2,7.656312365531921,0.11467131125508453,0,1,5.583000985133354,1.0,26.51,1280000,,,,,
,,,,,,,,,,,,,,,,,,,,,,,,7.228312458992004,2.1519606887077107,1,1,32.059436988194285,0.97,33.15,1280000,,,,,
,,,,,,,,,,,,,,,,,,,,,,,,,,,1,,,,1280000,0.97,1.0,0.030000000000000027,0.97,1.0
2,1290240,26.47,1,1807,7.65651798248291,0.0010000000000000009,,5,,1,1280000,,3,1,,,0.0001,,200,,,,,,,,,,,,,,,,,
6,1295360,28.53,2,1500,7.609278678894043,,0.005526434630155563,,-0.10095752142369747,,,1260,,,0.0059460243,0.0001,,-0.0043255508271977305,,0.03174346724525094,0.7001636028289795,0.0421875,0.2,,,,,,,,,,,,,
10,1300480,28.48,3,1431,7.6080002784729,,0.016617005690932274,,-0.11042265132069588,,,1265,,,0.005185065,0.0001,,-0.0035903041344136,,0.03896578714251518,0.8147932291030884,0.0373828125,0.2,,,,,,,,,,,,,
14,1305600,27.03,4,1395,7.621153354644775,,0.016977371647953987,,-0.1188135401904583,,,1270,,,0.0036696233,0.0001,,-0.0007980356784537435,,0.044086678083986044,0.7701624631881714,0.0278515625,0.2,,,,,,,,,,,,,
18,1310720,29.51,5,1369,7.557107925415039,,0.003290526568889618,,-0.10269824385643006,,,1275,,,0.0057549705,0.0001,,-0.003412869111634791,,0.03534863950684666,0.7554417848587036,0.03890625,0.2,,,,,,,,,,,,,
22,1315840,28.17,6,1353,7.596574783325195,,0.03878714516758919,,-0.18028324201703072,,,1280,,,0.0086726295,0.0001,,-0.0031195550970733164,,0.06609955035150052,0.7893564701080322,0.05328125,0.2,,,,,,,,,,,,,
26,1320960,29.86,7,1342,7.503511905670166,,0.00864623486995697,,-0.1277303160727024,,,1285,,,0.005104384,0.0001,,-0.00542868668679148,,0.0487786091119051,0.7860915660858154,0.04359375,0.2,,,,,,,,,,,,,
30,1326080,27.28,8,1334,7.631636142730713,,0.028064703568816185,,-0.1587148441374302,,,1290,,,0.004774365,0.0001,,-0.0010337205929681658,,0.06486172605305911,0.8152481317520142,0.0389453125,0.2,,,,,,,,,,,,,
34,1331200,27.62,9,1327,7.619784355163574,,0.011072533205151558,,-0.10096418686211109,,,1295,,,0.004659605,0.0001,,-0.0013641150994226337,,0.03481890540570021,0.7335799932479858,0.0273828125,0.2,,,,,,,,,,,,,
38,1336320,26.7,10,1320,7.638124942779541,,0.022031916305422783,,-0.1235043703019619,,,1300,,,0.005816835,0.0001,,-0.0036101690912619232,,0.04503817524760961,0.8023015260696411,0.0404296875,0.2,,,,,,,,,,,,,
,,,,,,,0.007819904014468193,,-0.11843232721090317,,,1305,,,0.003992585,0.0001,,-0.0020633367402479053,,0.04781214267015457,0.7445483803749084,0.0330859375,0.2,7.523999838829041,1.081707449039654,0,1,19.63735216367013,0.99,29.12,1331200,,,,,
,,,,,,,,,,,,,,,,,,,,,,,,6.544039673805237,3.205665054734379,1,1,54.826025754198156,0.92,45.87,1331200,,,,,
,,,,,,,,,,,,,,,,,,,,,,,,,,,1,,,,1331200,0.92,0.99,0.06999999999999995,0.92,0.99
2,1341440,28.36,1,1787,7.619295597076416,0.0010000000000000009,,5,,1,1331200,,3,1,,,0.0001,,200,,,,,,,,,,,,,,,,,
6,1346560,29.25,2,1470,7.576052188873291,,0.008303625509142876,,-0.13043710313737392,,,1310,,,0.00642417,0.0001,,-0.004159109853208065,,0.04314213693141937,0.6996736526489258,0.048125,0.2,,,,,,,,,,,,,
10,1351680,28.72,3,1419,7.535136699676514,,0.05642328038811684,,-0.16083617717027665,,,1315,,,0.006520398,0.0001,,-0.0036686788592487575,,0.05226292692124843,0.7986668348312378,0.041171875,0.2,,,,,,,,,,,,,
14,1356800,30.35,4,1383,7.554631233215332,,0.015633903443813324,,-0.15158246524631977,,,1320,,,0.004858625,0.0001,,-0.004054592959582806,,0.04761886529624462,0.8358830213546753,0.042109375,0.2,,,,,,,,,,,,,
18,1361920,31.91,5,1361,7.490062713623047,,0.0374789796769619,,-0.16049578689038754,,,1325,,,0.0041095796,0.0001,,-0.0033896831935271623,,0.0735594978928566,0.8220129013061523,0.0400390625,0.2,,,,,,,,,,,,,
23,1367040,29.52,6,1329,7.507318019866943,,0.05918487161397934,,-0.18689306139945983,,,1330,,,0.004915807,0.0001,,-0.004368958654813468,,0.10804480470716954,0.78645920753479,0.0415625,0.2,,,,,,,,,,,,,
27,1372160,30.07,7,1310,7.481472015380859,,0.025981511920690536,,-0.1408537144213915,,,1335,,,0.006757711,0.0001,,-0.0042924764193594455,,0.07232151612639427,0.7546156644821167,0.0395703125,0.2,,,,,,,,,,,,,
32,1377280,28.81,8,1267,7.5284833908081055,,0.03728199005126953,,-0.14248765103518962,,,1340,,,0.006977064,0.0001,,-0.0017461989959701896,,0.07201610401272773,0.8011586666107178,0.0317578125,0.2,,,,,,,,,,,,,
36,1382400,28.16,9,1267,7.616001129150391,,0.037353966385126114,,-0.215447149425745,,,1345,,,0.0046148286,0.0001,,-0.0033842380717396736,,0.09215904239565134,0.8322594165802002,0.0421875,0.2,,,,,,,,,,,,,
40,1387520,29.3,10,1272,7.501830577850342,,0.023009201511740685,,-0.13038868837058545,,,1350,,,0.0038885227,0.0001,,-0.0026188552100211383,,0.0530845058709383,0.7164836525917053,0.0340234375,0.2,,,,,,,,,,,,,
,,,,,,,0.013849547132849693,,-0.17474254205822945,,,1355,,,0.0041251816,0.0001,,-0.004087028708308935,,0.05983423909172416,0.8292601108551025,0.0421484375,0.2,7.578232793807984,0.4215909316657353,0,1,15.08449203652546,1.0,29.09,1382400,,,,,
,,,,,,,,,,,,,,,,,,,,,,,,7.444863584041595,1.689675788604111,1,1,24.649819471955574,0.98,28.08,1382400,,,,,
,,,,,,,,,,,,,,,,,,,,,,,,,,,1,,,,1382400,0.98,1.0,0.020000000000000018,0.98,1.0
3,1392640,29.75,1,1349,7.553154468536377,0.0010000000000000009,,5,,0,1382400,,3,1,,,0.0001,,200,,,,,,,,,,,,,,,,,
8,1397760,29.24,2,1222,7.590249538421631,,0.021369095891714096,,-0.16566854014992713,,,1360,,,0.0046948087,0.0001,,-0.004449831400997937,,0.07450842481106519,0.7808679342269897,0.046953125,0.2,,,,,,,,,,,,,
12,1402880,28.04,3,1184,7.555886268615723,,0.007760709151625633,,-0.15917522162199021,,,1365,,,0.0029071486,0.0001,,-0.0030542388325557114,,0.06972194742411375,0.7893586754798889,0.0410546875,0.2,,,,,,,,,,,,,
17,1408000,29.51,4,1195,7.562335014343262,,0.025634702295064926,,-0.1483732958137989,,,1370,,,0.003456148,0.0001,,-0.002933654097141698,,0.05676830353215337,0.8608990907669067,0.0390625,0.2,,,,,,,,,,,,,
20,1413120,27.25,5,1222,7.629460334777832,,0.02713032253086567,,-0.15102462895214558,,,1375,,,0.00372677,0.0001,,-0.005150810987688601,,0.08053437944501639,0.8454058170318604,0.033046875,0.2,,,,,,,,,,,,,
24,1418240,30.2,6,1234,7.42911434173584,,0.023083649575710297,,-0.1010226096212864,,,1380,,,0.0035684914,0.0001,,-0.0008341724565252662,,0.05500876570120454,0.7476561069488525,0.0297265625,0.2,,,,,,,,,,,,,
28,1423360,28.59,7,1239,7.582040309906006,,0.02414941042661667,,-0.13525866016745566,,,1385,,,0.0056584165,0.0001,,-0.0031076746433973314,,0.060345212072134016,0.8356673121452332,0.045390625,0.2,,,,,,,,,,,,,
33,1428480,26.99,8,1229,7.636585235595703,,0.032014235854148865,,-0.11932391375303268,,,1390,,,0.0037669272,0.0001,,-0.0017300464818254112,,0.06674243118613958,0.7680644989013672,0.03546875,0.2,,,,,,,,,,,,,
37,1433600,26.17,9,1222,7.657710552215576,,0.02670321613550186,,-0.11794836290180682,,,1395,,,0.0054419274,0.0001,,-0.003573668613098562,,0.06024922322481871,0.7188934087753296,0.0423046875,0.2,,,,,,,,,,,,,
42,1438720,28.07,10,1194,7.624244213104248,,0.018709614872932434,,-0.09689857736229897,,,1400,,,0.0041410713,0.0001,,-0.002962405770085752,,0.03913788279518485,0.6986920833587646,0.0320703125,0.2,,,,,,,,,,,,,
,,,,,,,0.0031787417829036713,,-0.08611285232007504,,,1405,,,0.0052530346,0.0001,,-0.0012343257432803512,,0.031011776588857173,0.7474027276039124,0.0341796875,0.2,7.657658958435059,0.10438601755243952,0,1,5.306750418099575,1.0,26.28,1433600,,,,,
,,,,,,,,,,,,,,,,,,,,,,,,7.311136314868927,2.089639499207884,1,1,30.024323472811172,0.97,30.4,1433600,,,,,
,,,,,,,,,,,,,,,,,,,,,,,,,,,1,,,,1433600,0.97,1.0,0.030000000000000027,0.97,1.0
3,1443840,27.61,1,1609,7.607847213745117,0.0010000000000000009,,5,,1,1433600,,3,1,,,0.0001,,200,,,,,,,,,,,,,,,,,
8,1448960,27.18,2,1221,7.629534721374512,,0.01022815890610218,,-0.09466291777789593,,,1410,,,0.002921525,0.0001,,-0.0019387406809255481,,0.027941587585955857,0.8128374814987183,0.027421875,0.2,,,,,,,,,,,,,
12,1454080,27.38,3,1224,7.556466102600098,,0.01623108983039856,,-0.09683895096182824,,,1415,,,0.0067188786,0.0001,,-0.0045034858165308835,,0.04543363293632865,0.8294364809989929,0.0352734375,0.2,,,,,,,,,,,,,
16,1459200,26.92,4,1207,7.6477952003479,,-0.002529410645365715,,-0.09740964852273465,,,1420,,,0.004158075,0.0001,,-0.0019559194380417465,,0.03648455129936337,0.7486741542816162,0.0339453125,0.2,,,,,,,,,,,,,
21,1464320,27.13,5,1213,7.638937950134277,,0.01068103313446045,,-0.110852889418602,,,1425,,,0.0031829835,0.0001,,-0.003908061175607145,,0.039347208961844446,0.7954922914505005,0.0338671875,0.2,,,,,,,,,,,,,
25,1469440,29.02,6,1204,7.533034801483154,,0.011574607342481613,,-0.09212187603116036,,,1430,,,0.004733084,0.0001,,-0.0037828938383609057,,0.03227071875706315,0.7584149837493896,0.0361328125,0.2,,,,,,,,,,,,,
29,1474560,26.91,7,1208,7.642221450805664,,0.00905671902000904,,-0.10331442058086396,,,1435,,,0.0047887545,0.0001,,-0.0034580665733665228,,0.031602198258042336,0.8379180431365967,0.034609375,0.2,,,,,,,,,,,,,
34,1479680,27.44,8,1204,7.621273040771484,,0.005872488021850586,,-0.08992896668612957,,,1440,,,0.0045009786,0.0001,,-0.002160653085447848,,0.02260324401780963,0.7372008562088013,0.028671875,0.2,,,,,,,,,,,,,
37,1484800,26.64,9,1214,7.642636775970459,,-0.0034856311976909637,,-0.11619891241192817,,,1445,,,0.0056471163,0.0001,,-0.006114753833971917,,0.0275310224480927,0.7794618606567383,0.0405859375,0.2,,,,,,,,,,,,,
41,1489920,27.79,10,1223,7.619539737701416,,0.004773858468979597,,-0.09202917102724313,,,1450,,,0.0060221776,0.0001,,-0.0035076299495995045,,0.021969548212364316,0.748366117477417,0.034453125,0.2,,,,,,,,,,,,,
,,,,,,,-0.00048819649964571,,-0.11947919145226478,,,1455,,,0.003659473,0.0001,,-0.001571941189467907,,0.03512265333905816,0.7650178670883179,0.03125,0.2,7.610016903877258,0.3530668080512798,0,1,12.68215675664041,1.0,28.23,1484800,,,,,
,,,,,,,,,,,,,,,,,,,,,,,,7.558016903400421,1.0747803442200878,1,1,18.286440331568087,0.99,27.19,1484800,,,,,
,,,,,,,,,,,,,,,,,,,,,,,,,,,1,,,,1484800,0.99,1.0,0.010000000000000009,0.99,1.0
,,,,,,,,,,,,,,,,,,,,,,,,7.621590762138367,0.330284818351112,0,1,11.95156893466293,1.0,27.6,1484800,,,,,
,,,,,,,,,,,,,,,,,,,,,,,,7.3997441673278805,1.5969688689561665,1,1,27.62674609866316,0.98,30.23,1484800,,,,,
,,,,,,,,,,,,,,,,,,,,,,,,,,,1,,,,1484800,0.98,1.0,0.020000000000000018,0.98,1.0
2,1495040,25.71,1,1745,7.667677402496338,0.0010000000000000009,,5,,0,1484800,,3,1,,,0.0001,,200,,,,,,,,,,,,,,,,,
7,1500160,28.12,2,1409,7.540614128112793,,0.037769123911857605,,-0.10982033178210258,,,1460,,,0.006453912,0.0001,,-0.005499293617904186,,0.0318795146048069,0.8135253190994263,0.0342578125,0.2,,,,,,,,,,,,,
11,1505280,28.91,3,1382,7.569268226623535,,0.018925026059150696,,-0.12516166619956492,,,1465,,,0.0038678385,0.0001,,-0.0031492710579186676,,0.03474971702322364,0.8417820334434509,0.029921875,0.2,,,,,,,,,,,,,
15,1510400,29.05,4,1355,7.57752799987793,,0.011998776346445084,,-0.13013006165623664,,,1470,,,0.0070234463,0.0001,,-0.009988425127230584,,0.04603156678378582,0.6572001576423645,0.058828125,0.2,,,,,,,,,,,,,
19,1515520,31.66,5,1334,7.395442962646484,,0.02909424528479576,,-0.1417506031692028,,,1475,,,0.004393165,0.0001,,-0.0020318980887532234,,0.042121035233139995,0.7643234133720398,0.0319921875,0.2,,,,,,,,,,,,,
23,1520640,28.75,6,1325,7.5746307373046875,,0.015328052453696728,,-0.22133334904909133,,,1480,,,0.004162152,0.0001,,-0.0017179247760213913,,0.06253107309341431,0.7950054407119751,0.0474609375,0.2,,,,,,,,,,,,,
27,1525760,28.61,7,1317,7.604323863983154,,0.0244195107370615,,-0.14231565058231355,,,1485,,,0.0042887675,0.0001,,-0.004492961424402892,,0.056134363450109956,0.8587665557861328,0.035703125,0.2,,,,,,,,,,,,,
31,1530880,28.93,8,1311,7.540143013000488,,0.0005998034030199051,,-0.11495267786085606,,,1490,,,0.004238746,0.0001,,-0.0038157192012295126,,0.06132667928934097,0.8213086724281311,0.0305078125,0.2,,,,,,,,,,,,,
35,1536000,27.49,9,1303,7.622551918029785,,0.02224874123930931,,-0.1408613368868828,,,1495,,,0.0057825074,0.0001,,-0.005376421585679054,,0.056508703902363774,0.8387741446495056,0.0408984375,0.2,,,,,,,,,,,,,
39,1541120,29.13,10,1305,7.527073860168457,,0.026791345328092575,,-0.16623585686087608,,,1500,,,0.0034839232,0.0001,,-0.00191798466257751,,0.1020969058573246,0.8221746683120728,0.0328125,0.2,,,,,,,,,,,,,
,,,,,,,0.02750553749501705,,-0.12658095069229602,,,1505,,,0.00445751,0.0001,,-0.002748880381695926,,0.06982955314218998,0.8142300844192505,0.032109375,0.2,7.664761242866516,0.07013764881855544,0,1,4.370308913566637,1.0,25.98,1536000,,,,,
,,,,,,,,,,,,,,,,,,,,,,,,7.0356079912185665,2.692297316088966,1,1,38.722679401095164,0.95,34.71,1536000,,,,,
,,,,,,,,,,,,,,,,,,,,,,,,,,,1,,,,1536000,0.95,1.0,0.050000000000000044,0.95,1.0
3,1546240,27.73,1,1685,7.55923318862915,0.0010000000000000009,,5,,1,1536000,,3,1,,,0.0001,,200,,,,,,,,,,,,,,,,,
7,1551360,27.29,2,1401,7.618119716644287,,0.014829281717538834,,-0.10548407100141048,,,1510,,,0.00288624,0.0001,,-0.0029830213356763125,,0.036278960928320884,0.8797683119773865,0.02484375,0.2,,,,,,,,,,,,,
11,1556480,27.22,3,1352,7.6475114822387695,,0.014405657537281513,,-0.1007733030617237,,,1515,,,0.0036640689,0.0001,,-0.0034776694420725106,,0.04286668276414275,0.8266329765319824,0.02890625,0.2,,,,,,,,,,,,,
15,1561600,27.08,4,1339,7.6367506980896,,0.00640439847484231,,-0.09433172844350338,,,1520,,,0.0056825927,0.0001,,-0.002885656510479748,,0.02808529745787382,0.7220869064331055,0.03359375,0.2,,,,,,,,,,,,,
19,1566720,29.11,5,1338,7.5861992835998535,,-0.002947406843304634,,-0.08315546680241823,,,1525,,,0.0077255643,0.0001,,-0.0012572875851765274,,0.021921922471374273,0.7904672026634216,0.0278515625,0.2,,,,,,,,,,,,,
23,1571840,29.19,6,1334,7.573063373565674,,0.023157600313425064,,-0.09232991725206376,,,1530,,,0.0073152008,0.0001,,-0.0007382181100547314,,0.03417471580207348,0.7242165207862854,0.0330859375,0.2,,,,,,,,,,,,,
27,1576960,30.1,7,1320,7.545966148376465,,0.0004522567614912987,,-0.11763068325817586,,,1535,,,0.008032447,0.0001,,-0.002541047709528357,,0.04010264206677675,0.7963876724243164,0.043359375,0.2,,,,,,,,,,,,,
31,1582080,30.28,8,1311,7.4842047691345215,,0.02887989766895771,,-0.14523957535624504,,,1540,,,0.0037095577,0.0001,,-0.00289779479149729,,0.06784427165985107,0.8242829442024231,0.02953125,0.2,,,,,,,,,,,,,
35,1587200,26.25,9,1288,7.663210391998291,,0.03058174066245556,,-0.18380843222141266,,,1545,,,0.005055038,0.0001,,-0.0035753852082416413,,0.08951338477432728,0.8131159543991089,0.0490234375,0.2,,,,,,,,,,,,,
40,1592320,28.7,10,1263,7.5803985595703125,,0.029746823012828827,,-0.09671387396752834,,,1550,,,0.0045961123,0.0001,,-0.004509519776329398,,0.05563803223893046,0.7554969191551208,0.0375390625,0.2,,,,,,,,,,,,,
,,,,,,,0.02762092836201191,,-0.11029954366385937,,,1555,,,0.0029386017,0.0001,,-0.0016787665802985429,,0.04023655788972974,0.8121612668037415,0.0300390625,0.2,7.670335102081299,0.06509345411838216,0,1,4.519059636694342,1.0,25.59,1587200,,,,,
,,,,,,,,,,,,,,,,,,,,,,,,7.1944657945632935,2.1961067864078094,1,1,35.280527206945195,0.96,33.38,1587200,,,,,
,,,,,,,,,,,,,,,,,,,,,,,,,,,1,,,,1587200,0.96,1.0,0.040000000000000036,0.96,1.0
2,1597440,32.02,1,2241,7.375603199005127,0.0010000000000000009,,5,,1,1587200,,3,1,,,0.0001,,200,,,,,,,,,,,,,,,,,
6,1602560,27.88,2,1664,7.600841045379639,,0.02158702164888382,,-0.1784701330959797,,,1560,,,0.0062978603,0.0001,,-0.0009664772404357791,,0.07326891358941794,0.8536764979362488,0.047421875,0.2,,,,,,,,,,,,,
9,1607680,27.37,3,1558,7.628619194030762,,0.02782861329615116,,-0.1242122209072113,,,1565,,,0.0035002914,0.0001,,-0.0032974715949967504,,0.06299790481105447,0.8280164003372192,0.033125,0.2,,,,,,,,,,,,,
13,1612800,25.64,4,1500,7.667295455932617,,0.021953754127025604,,-0.11535972751677036,,,1570,,,0.0032360447,0.0001,,-0.001974179670214653,,0.07117894370108843,0.705105185508728,0.0296875,0.2,,,,,,,,,,,,,
17,1617920,28.46,5,1487,7.537489414215088,,0.025013405829668045,,-0.09859146006405353,,,1575,,,0.0059104213,0.0001,,-0.0034914952656254173,,0.05308781076222658,0.708893895149231,0.034453125,0.2,,,,,,,,,,,,,
21,1623040,28.05,6,1417,7.601052284240723,,0.01027627568691969,,-0.10937490917742253,,,1580,,,0.004096909,0.0001,,-0.0033001019665971397,,0.039276077095419165,0.7566455602645874,0.0340625,0.2,,,,,,,,,,,,,
25,1628160,29.26,7,1394,7.5170793533325195,,0.02337690256536007,,-0.15428515315055846,,,1585,,,0.005783161,0.0001,,-0.004339298121631145,,0.05338285207748413,0.8615750074386597,0.0359375,0.2,,,,,,,,,,,,,
29,1633280,29.77,8,1382,7.557710647583008,,0.015821970999240875,,-0.12461881056427955,,,1590,,,0.002937674,0.0001,,-0.0023513531452044843,,0.04650265723466873,0.7867463827133179,0.0266796875,0.2,,,,,,,,,,,,,
33,1638400,28.63,9,1376,7.5995635986328125,,0.0221623033285141,,-0.1491255684942007,,,1595,,,0.003913291,0.0001,,-0.0039045726507902145,,0.07798669677227736,0.8115715980529785,0.0334375,0.2,,,,,,,,,,,,,
37,1643520,26.38,10,1370,7.658852577209473,,0.02366056852042675,,-0.13386078029870987,,,1600,,,0.0037302237,0.0001,,-0.0037730550300329926,,0.058811183385550976,0.8370224833488464,0.028203125,0.2,,,,,,,,,,,,,
,,,,,,,0.016917865723371506,,-0.09389255240559578,,,1605,,,0.005095342,0.0001,,-0.005555545394308865,,0.05173664592206478,0.6552694439888,0.0319921875,0.2,7.626096439361572,0.21437618343540688,0,1,8.486288941581003,1.0,27.73,1638400,,,,,
,,,,,,,,,,,,,,,,,,,,,,,,7.439124834537506,1.310087520587748,1,1,30.046237701249723,0.99,30.94,1638400,,,,,
,,,,,,,,,,,,,,,,,,,,,,,,,,,1,,,,1638400,0.99,1.0,0.010000000000000009,0.99,1.0
,,,,,,,,,,,,,,,,,,,,,,,,7.62804530620575,0.20732698500483138,0,1,8.492961791978107,1.0,27.36,1638400,,,,,
,,,,,,,,,,,,,,,,,,,,,,,,7.1760112047195435,1.8952581233718946,1,1,42.723253621417925,0.98,37.06,1638400,,,,,
,,,,,,,,,,,,,,,,,,,,,,,,,,,1,,,,1638400,0.98,1.0,0.020000000000000018,0.98,1.0
3,1648640,30.46,1,1668,7.499535083770752,0.0010000000000000009,,5,,0,1638400,,3,1,,,0.0001,,200,,,,,,,,,,,,,,,,,
7,1653760,28.1,2,1436,7.610739231109619,,0.0285420473664999,,-0.13205848261713982,,,1610,,,0.0041080187,0.0001,,-0.0014745823806151747,,0.0599139354750514,0.8073604702949524,0.0337890625,0.2,,,,,,,,,,,,,
11,1658880,26.88,3,1396,7.639819145202637,,0.06551354378461838,,-0.1320418816059828,,,1615,,,0.008210455,0.0001,,-0.00549787800759077,,0.05924193862825632,0.75016188621521,0.0458984375,0.2,,,,,,,,,,,,,
14,1664000,27.43,4,1367,7.631153583526611,,0.021612491458654404,,-0.09912836037576199,,,1620,,,0.0055919634,0.0001,,-0.00225441855378449,,0.03488637141883373,0.7572108507156372,0.0348828125,0.2,,,,,,,,,,,,,
18,1669120,27.84,5,1355,7.621500015258789,,0.012868562713265419,,-0.10288985371589661,,,1625,,,0.0048637968,0.0001,,-0.0024311113776639103,,0.02989340864121914,0.7377207279205322,0.0359765625,0.2,,,,,,,,,,,,,
22,1674240,27.23,6,1349,7.631949424743652,,-0.00039044488221406937,,-0.10839484311640263,,,1630,,,0.0055459724,0.0001,,-0.006787502747029066,,0.035605960506945845,0.744262158870697,0.0394921875,0.2,,,,,,,,,,,,,
26,1679360,28.27,7,1345,7.609130859375,,-0.0025854799896478653,,-0.10943927645683288,,,1635,,,0.0035787914,0.0001,,-0.004474688870832324,,0.03170157078653574,0.814489483833313,0.0328125,0.2,,,,,,,,,,,,,
30,1684480,28.69,8,1346,7.5264153480529785,,0.015549099072813988,,-0.13910255402326585,,,1640,,,0.0023844135,0.0001,,-0.0019698609225451947,,0.0543629240244627,0.8043962717056274,0.035234375,0.2,,,,,,,,,,,,,
34,1689600,29.42,9,1341,7.578080654144287,,0.027729522436857224,,-0.1003914562612772,,,1645,,,0.0039469055,0.0001,,-0.004098136825487018,,0.03629077654331923,0.7101002931594849,0.0301953125,0.2,,,,,,,,,,,,,
38,1694720,26.88,10,1336,7.630728721618652,,0.018314529210329056,,-0.12319490686058998,,,1650,,,0.003866182,0.0001,,-0.000871328292414546,,0.03606785656884313,0.8136923313140869,0.030625,0.2,,,,,,,,,,,,,
,,,,,,,0.01021375972777605,,-0.10691200874745846,,,1655,,,0.0027873765,0.0001,,-0.0018812698731198907,,0.03326048308983445,0.8039560317993164,0.03,0.2,7.637283959388733,0.23694875245380984,0,1,9.241623234042818,1.0,26.82,1689600,,,,,
,,,,,,,,,,,,,,,,,,,,,,,,7.312005565166474,1.965191085103722,1,1,31.445907523873437,0.97,30.93,1689600,,,,,
,,,,,,,,,,,,,,,,,,,,,,,,,,,1,,,,1689600,0.97,1.0,0.030000000000000027,0.97,1.0
2,1699840,29.34,1,1755,7.572352409362793,0.0010000000000000009,,5,,1,1689600,,3,1,,,0.0001,,200,,,,,,,,,,,,,,,,,
7,1704960,27.23,2,1424,7.633995532989502,,0.03350836783647537,,-0.12862288869917393,,,1660,,,0.0040301317,0.0001,,-0.00089603679953143,,0.04062456849962473,0.8279658555984497,0.03515625,0.2,,,,,,,,,,,,,
11,1710080,28.77,3,1365,7.536096572875977,,0.008549008518457413,,-0.10219604849815368,,,1665,,,0.0036118333,0.0001,,-0.002835606588050723,,0.031408725082874296,0.6677582859992981,0.0271875,0.2,,,,,,,,,,,,,
15,1715200,29.55,4,1348,7.563722133636475,,-0.005189681425690651,,-0.1070723894238472,,,1670,,,0.004208685,0.0001,,-0.006254458874464035,,0.02702989909797907,0.7537305355072021,0.033671875,0.2,,,,,,,,,,,,,
19,1720320,27.68,5,1335,7.625955104827881,,0.014929568395018578,,-0.16147362038493157,,,1675,,,0.002571988,0.0001,,-0.003970803795382381,,0.05096117321401834,0.8224369883537292,0.0296875,0.2,,,,,,,,,,,,,
23,1725440,28.2,6,1332,7.599432468414307,,0.008365137502551079,,-0.1450541914999485,,,1680,,,0.007449709,0.0001,,-0.005894159018062055,,0.055414151661098004,0.7862433195114136,0.0401953125,0.2,,,,,,,,,,,,,
27,1730560,27.25,7,1325,7.62196159362793,,0.005639325827360153,,-0.11736308254301547,,,1685,,,0.004226163,0.0001,,-0.003903360073454678,,0.0478820725530386,0.7305228114128113,0.0403125,0.2,,,,,,,,,,,,,
31,1735680,28.0,8,1319,7.6186370849609375,,0.016121335327625275,,-0.15866026014089585,,,1690,,,0.003818021,0.0001,,-0.002882165014743805,,0.049602475073188546,0.8090693354606628,0.03421875,0.2,,,,,,,,,,,,,
34,1740800,26.17,9,1319,7.6595282554626465,,0.016818152740597725,,-0.13826257266104222,,,1695,,,0.004992545,0.0001,,-0.003119915956631303,,0.04485767701640725,0.8046521544456482,0.0396875,0.2,,,,,,,,,,,,,
39,1745920,26.91,10,1310,7.641085624694824,,0.011786448769271374,,-0.10352717414498329,,,1700,,,0.0032652274,0.0001,,-0.0032729970570653678,,0.03450317522510886,0.7108620405197144,0.0295703125,0.2,,,,,,,,,,,,,
,,,,,,,0.0004942510277032852,,-0.10392816841602326,,,1705,,,0.004482992,0.0001,,-0.004330407315865159,,0.02953043470159173,0.7668768167495728,0.0343359375,0.2,7.665136208534241,0.09112098093081027,0,1,5.212907058446371,1.0,25.84,1740800,,,,,
,,,,,,,,,,,,,,,,,,,,,,,,7.517744162082672,0.7483335648605036,1,1,24.128346400033305,1.0,30.23,1740800,,,,,
,,,,,,,,,,,,,,,,,,,,,,,,,,,1,,,,1740800,1.0,1.0,0.0,1.0,1.0
,,,,,,,,,,,,,,,,,,,,,,,,7.543499853610992,1.0741453391317477,0,1,18.412017814460206,0.99,28.24,1740800,,,,,
,,,,,,,,,,,,,,,,,,,,,,,,7.330624852180481,1.7037323427174647,1,1,32.07803609948714,0.98,32.14,1740800,,,,,
,,,,,,,,,,,,,,,,,,,,,,,,,,,1,,,,1740800,0.98,0.99,0.010000000000000009,0.98,0.99
2,1751040,27.02,1,1977,7.6310343742370605,0.0010000000000000009,,5,,0,1740800,,3,1,,,0.0001,,200,,,,,,,,,,,,,,,,,
6,1756160,26.35,2,1511,7.641449451446533,,0.004651505500078201,,-0.11727308593690396,,,1710,,,0.0043961294,0.0001,,-0.0019978082762099805,,0.038108902256935834,0.7811286449432373,0.0344921875,0.2,,,,,,,,,,,,,
12,1761280,27.31,3,1264,7.637903213500977,,0.015925921499729156,,-0.1573573999851942,,,1715,,,0.006193869,0.0001,,-0.0043103478197008376,,0.04636345434933901,0.8587732911109924,0.0426171875,0.2,,,,,,,,,,,,,
16,1766400,27.99,4,1242,7.553244113922119,,0.02001478709280491,,-0.15682230442762374,,,1720,,,0.004917269,0.0001,,-0.004014791492372751,,0.057509697545319795,0.8722631335258484,0.0359375,0.2,,,,,,,,,,,,,
20,1771520,26.75,5,1258,7.645540237426758,,0.03408091887831688,,-0.14433959230780602,,,1725,,,0.004172846,0.0001,,-0.004048405163921416,,0.04914289947599173,0.8471612930297852,0.03125,0.2,,,,,,,,,,,,,
24,1776640,30.5,6,1270,7.483875274658203,,0.013054762035608292,,-0.13916571505367756,,,1730,,,0.004173527,0.0001,,-0.004529458675533533,,0.05597873046994209,0.7932613492012024,0.0341015625,0.2,,,,,,,,,,,,,
28,1781760,28.78,7,1278,7.523125171661377,,0.055072564631700516,,-0.15325309336185455,,,1735,,,0.005768946,0.0001,,-0.0018609542632475496,,0.07915582325309516,0.8198722004890442,0.03296875,0.2,,,,,,,,,,,,,
31,1786880,27.84,8,1281,7.619227409362793,,0.001199459657073021,,-0.132470333352685,,,1740,,,0.003511247,0.0001,,-0.0004892565729096532,,0.058909853845834734,0.8458988666534424,0.0303125,0.2,,,,,,,,,,,,,
35,1792000,26.69,9,1286,7.637551307678223,,0.009974364191293716,,-0.11908175133168697,,,1745,,,0.0032504345,0.0001,,-0.00020763135515153408,,0.05280004613101483,0.7998452186584473,0.0314453125,0.2,,,,,,,,,,,,,
39,1797120,26.08,10,1288,7.65709114074707,,-0.0017536245286464691,,-0.10032723136246205,,,1750,,,0.0031356898,0.0001,,-0.004469478949904442,,0.024626422422006727,0.8509642481803894,0.0255859375,0.2,,,,,,,,,,,,,
,,,,,,,0.03958534449338913,,-0.10033441998064518,,,1755,,,0.0033447347,0.0001,,-0.00010471585672348738,,0.05105009419843554,0.7496120929718018,0.0296484375,0.2,7.649568042755127,0.11652211641786277,0,1,6.2011611815852685,1.0,26.84,1792000,,,,,
,,,,,,,,,,,,,,,,,,,,,,,,7.294806804656982,2.11910439056833,1,1,30.21211015470452,0.97,30.78,1792000,,,,,
,,,,,,,,,,,,,,,,,,,,,,,,,,,1,,,,1792000,0.97,1.0,0.030000000000000027,0.97,1.0
2,1802240,29.28,1,1810,7.4501824378967285,0.0010000000000000009,,5,,1,1792000,,3,1,,,0.0001,,200,,,,,,,,,,,,,,,,,
7,1807360,29.37,2,1455,7.494984149932861,,0.009464465081691742,,-0.14071067810058593,,,1760,,,0.0030286424,0.0001,,-0.004011469446122646,,0.0431828243099153,0.8248267769813538,0.0298046875,0.2,,,,,,,,,,,,,
10,1812480,27.36,3,1416,7.62895393371582,,0.0035570720210671425,,-0.16659985810518266,,,1765,,,0.0038226913,0.0001,,-0.0025013805041089656,,0.05176312340423465,0.8282244205474854,0.0380078125,0.2,,,,,,,,,,,,,
14,1817600,26.83,4,1399,7.6339945793151855,,0.029240768402814865,,-0.12374490857124329,,,1770,,,0.0037504858,0.0001,,-0.0008348058350384235,,0.0533711239695549,0.7272095680236816,0.0296484375,0.2,,,,,,,,,,,,,
18,1822720,27.8,5,1382,7.612387180328369,,0.013023151084780693,,-0.13376300536096097,,,1775,,,0.0032350805,0.0001,,-0.0014246711879968644,,0.05334455143660307,0.8353900909423828,0.0280078125,0.2,,,,,,,,,,,,,
22,1827840,31.54,6,1371,7.459920883178711,,0.011080016382038593,,-0.16780917406082152,,,1780,,,0.0043818345,0.0001,,-0.004123238930478692,,0.06041796907782555,0.839916467666626,0.0364453125,0.2,,,,,,,,,,,,,
26,1832960,26.36,7,1362,7.653841495513916,,0.050805967301130295,,-0.21309934258461,,,1785,,,0.006067057,0.0001,,-0.004190728962421417,,0.0844440658763051,0.843268871307373,0.041953125,0.2,,,,,,,,,,,,,
30,1838080,26.87,8,1353,7.635380744934082,,0.0233992338180542,,-0.10149991996586323,,,1790,,,0.0033765882,0.0001,,-0.002603733320720494,,0.04331728965044022,0.7503678798675537,0.0288671875,0.2,,,,,,,,,,,,,
34,1843200,27.68,9,1325,7.6225457191467285,,0.02109065279364586,,-0.13588962398469448,,,1795,,,0.003811445,0.0001,,-0.0019261083332821726,,0.05728464365005493,0.787243127822876,0.0358984375,0.2,,,,,,,,,,,,,
38,1848320,29.13,10,1322,7.575757026672363,,0.03247962146997452,,-0.11672991558909417,,,1800,,,0.0036217547,0.0001,,-0.002805902953259647,,0.04582879409193993,0.7539089322090149,0.0333203125,0.2,,,,,,,,,,,,,
,,,,,,,0.018818259239196777,,-0.13845481805503368,,,1805,,,0.0057006855,0.0001,,-0.0011508586769923568,,0.052756278850138186,0.7875274419784546,0.0311328125,0.2,7.618431668281556,0.2945881569139257,0,1,11.323886258701117,1.0,27.64,1843200,,,,,
,,,,,,,,,,,,,,,,,,,,,,,,7.123920493125915,2.5005226229448243,1,1,35.854868567601805,0.96,33.78,1843200,,,,,
,,,,,,,,,,,,,,,,,,,,,,,,,,,1,,,,1843200,0.96,1.0,0.040000000000000036,0.96,1.0
2,1853440,27.66,1,1832,7.618898391723633,0.0010000000000000009,,5,,1,1843200,,3,1,,,0.0001,,200,,,,,,,,,,,,,,,,,
6,1858560,26.91,2,1487,7.645176410675049,,0.024654388427734375,,-0.13990069732069968,,,1810,,,0.0033592354,0.0001,,-0.002184629300609231,,0.05183698933571577,0.7816781997680664,0.0305078125,0.2,,,,,,,,,,,,,
10,1863680,25.66,3,1430,7.66889762878418,,0.030475419014692307,,-0.1137331011891365,,,1815,,,0.004869816,0.0001,,-0.0014901959523558616,,0.03851299645379186,0.735468864440918,0.0338671875,0.2,,,,,,,,,,,,,
14,1868800,26.56,4,1394,7.647591590881348,,0.008520042523741722,,-0.10983083307743073,,,1820,,,0.0039937207,0.0001,,-0.0029927878081798553,,0.02573824828490615,0.8173308372497559,0.032734375,0.2,,,,,,,,,,,,,
18,1873920,26.72,5,1384,7.649045944213867,,0.013189568184316158,,-0.09342998072504997,,,1825,,,0.0046364483,0.0001,,-0.004127649595029652,,0.02990397561341524,0.7915024757385254,0.0316015625,0.2,,,,,,,,,,,,,
22,1879040,25.66,6,1368,7.667308330535889,,0.011690285056829453,,-0.1102362110465765,,,1830,,,0.004582277,0.0001,,-0.002515991288237274,,0.04150871805846691,0.7447970509529114,0.03796875,0.2,,,,,,,,,,,,,
26,1884160,27.95,7,1359,7.618039608001709,,0.012479227967560291,,-0.09205515630543232,,,1835,,,0.005194537,0.0001,,-0.0036960449954494836,,0.028885360099375246,0.7436468601226807,0.0341796875,0.2,,,,,,,,,,,,,
30,1889280,26.95,8,1358,7.648381233215332,,0.0060736676678061485,,-0.12700132071971892,,,1840,,,0.003346017,0.0001,,-0.000796912598889321,,0.044769901651889085,0.8009283542633057,0.03578125,0.2,,,,,,,,,,,,,
34,1894400,32.94,9,1352,7.284534931182861,,0.005391979590058327,,-0.09387860395014286,,,1845,,,0.0052815257,0.0001,,-0.003460384220816195,,0.02229675847105682,0.7471963763237,0.0334375,0.2,,,,,,,,,,,,,
37,1899520,26.66,10,1347,7.631739616394043,,-0.004154404625296593,,-0.1736888787150383,,,1850,,,0.007420027,0.0001,,-0.0062511535594239834,,0.04608235327526927,0.788563072681427,0.058125,0.2,,,,,,,,,,,,,
,,,,,,,0.02133437991142273,,-0.10195031985640526,,,1855,,,0.0049593667,0.0001,,-0.0049806918855756525,,0.03731814773753286,0.7875889539718628,0.0365625,0.2,7.612636227607727,0.44748787127482637,0,1,14.949461528764171,1.0,27.44,1894400,,,,,
,,,,,,,,,,,,,,,,,,,,,,,,6.548710343837738,3.5062008155006743,1,1,50.99850488004525,0.91,41.85,1894400,,,,,
,,,,,,,,,,,,,,,,,,,,,,,,,,,1,,,,1894400,0.91,1.0,0.08999999999999997,0.91,1.0
3,1904640,29.38,1,1620,7.56760311126709,0.0010000000000000009,,5,,1,1894400,,3,1,,,0.0001,,200,,,,,,,,,,,,,,,,,
7,1909760,26.83,2,1396,7.648767471313477,,0.020815439522266388,,-0.1305258885025978,,,1860,,,0.0056022247,0.0001,,-0.00311101583763957,,0.07372368339449167,0.8128750920295715,0.0351953125,0.2,,,,,,,,,,,,,
11,1914880,25.95,3,1373,7.6619038581848145,,0.014783335849642754,,-0.1042922430485487,,,1865,,,0.0037878528,0.0001,,-0.003902691872790456,,0.048274086397141217,0.7103849649429321,0.0280078125,0.2,,,,,,,,,,,,,
15,1920000,28.62,4,1360,7.579898834228516,,0.006167474202811718,,-0.08480874605476857,,,1870,,,0.0060576918,0.0001,,-0.004855566131882369,,0.028934830538928508,0.7573156356811523,0.03234375,0.2,,,,,,,,,,,,,
18,1925120,28.59,5,1355,7.592040538787842,,0.011842429637908936,,-0.11904183499515057,,,1875,,,0.0045970576,0.0001,,-0.002805801904760301,,0.04622606409713626,0.8049917221069336,0.0394140625,0.2,,,,,,,,,,,,,
22,1930240,26.42,6,1350,7.65023946762085,,0.025156892836093903,,-0.1472819896787405,,,1880,,,0.0037846107,0.0001,,-0.0027736923098564147,,0.053039073776453734,0.8447986841201782,0.039375,0.2,,,,,,,,,,,,,
26,1935360,26.93,7,1349,7.631096839904785,,0.0022320281714200974,,-0.08470278423279524,,,1885,,,0.0051307306,0.0001,,-0.005091791390441358,,0.033692561537027356,0.6881730556488037,0.0341796875,0.2,,,,,,,,,,,,,
30,1940480,25.55,8,1349,7.673948764801025,,0.0024047251790761948,,-0.11278898872435093,,,1890,,,0.00520942,0.0001,,-0.003615868012420833,,0.045803529508411885,0.8281700015068054,0.03484375,0.2,,,,,,,,,,,,,
34,1945600,25.11,9,1345,7.677562713623047,,0.003498283214867115,,-0.07222836665809154,,,1895,,,0.0049239034,0.0001,,-0.001658665374852717,,0.030125049808993935,0.7818977236747742,0.0271875,0.2,,,,,,,,,,,,,
38,1950720,27.86,10,1345,7.604466438293457,,0.02166008949279785,,-0.07169982794672251,,,1900,,,0.00473398,0.0001,,0.0014797670487314463,,0.02550898404791951,0.7409184575080872,0.023125,0.2,,,,,,,,,,,,,
,,,,,,,0.017437269911170006,,-0.10206807933747769,,,1905,,,0.007563719,0.0001,,-0.0024826945411041378,,0.043672820013016464,0.7908185720443726,0.04328125,0.2,7.646391892433167,0.19783976113567234,0,1,7.761926307302846,1.0,26.65,1945600,,,,,
,,,,,,,,,,,,,,,,,,,,,,,,7.090710141658783,2.523389996068395,1,1,38.5101272394678,0.95,34.01,1945600,,,,,
,,,,,,,,,,,,,,,,,,,,,,,,,,,1,,,,1945600,0.95,1.0,0.050000000000000044,0.95,1.0
2,1955840,27.03,1,1902,7.631835460662842,0.0010000000000000009,,5,,1,1945600,,3,1,,,0.0001,,200,,,,,,,,,,,,,,,,,
6,1960960,25.95,2,1492,7.6684956550598145,,0.020010538399219513,,-0.16236298091709614,,,1910,,,0.006476284,0.0001,,-0.000729547250084579,,0.0489814205467701,0.8041743040084839,0.036640625,0.2,,,,,,,,,,,,,
10,1966080,26.62,3,1431,7.648534774780273,,0.02200949378311634,,-0.10710492953658104,,,1915,,,0.002837611,0.0001,,-0.0009434998407959938,,0.04162235559895635,0.8188266754150391,0.0259765625,0.2,,,,,,,,,,,,,
14,1971200,28.0,4,1389,7.617273330688477,,0.0027593281120061874,,-0.10054278589785098,,,1920,,,0.0072450107,0.0001,,-0.0020624360255897044,,0.040224538426846264,0.8320690393447876,0.033359375,0.2,,,,,,,,,,,,,
19,1976320,27.09,5,1334,7.64118766784668,,0.02473609521985054,,-0.14098759911954403,,,1925,,,0.005294376,0.0001,,-0.0008607100974768401,,0.062696444503963,0.8046459555625916,0.0340625,0.2,,,,,,,,,,,,,
23,1981440,26.97,6,1313,7.639756679534912,,0.021251751109957695,,-0.1232008322328329,,,1930,,,0.0032364577,0.0001,,-0.001511372858658433,,0.04434599341824651,0.8505730032920837,0.03296875,0.2,,,,,,,,,,,,,
27,1986560,27.11,7,1316,7.635063648223877,,0.011274690739810467,,-0.12040362052619458,,,1935,,,0.0048267287,0.0001,,-0.0024182130536064507,,0.04399578019976616,0.7965497970581055,0.0335546875,0.2,,,,,,,,,,,,,
30,1991680,26.24,8,1321,7.646501064300537,,0.02553681842982769,,-0.12479671329259873,,,1940,,,0.00685759,0.0001,,-0.005314380638301372,,0.04519486865028739,0.8455246090888977,0.045625,0.2,,,,,,,,,,,,,
34,1996800,30.67,9,1320,7.481131553649902,,0.011333882808685303,,-0.08757413201034069,,,1945,,,0.0057547046,0.0001,,-0.000490700420923531,,0.026970551004633306,0.8004066348075867,0.031796875,0.2,,,,,,,,,,,,,
38,2001920,27.43,10,1319,7.627290725708008,,0.014706194400787354,,-0.13292834356427194,,,1950,,,0.005544676,0.0001,,-0.0023146499739959835,,0.0487062407284975,0.8482662439346313,0.04125,0.2,,,,,,,,,,,,,
,,,,,,,0.020512457937002182,,-0.09656259350478649,,,1955,,,0.003896032,0.0001,,-0.005032375864684582,,0.04020082192495465,0.7335669994354248,0.0296875,0.2,7.649846458435059,0.20901581620311968,0,1,8.135176703673988,1.0,26.33,1996800,,,,,
,,,,,,,,,,,,,,,,,,,,,,,,7.326926059722901,1.9564860147046432,1,1,30.294374065162664,0.97,30.47,1996800,,,,,
,,,,,,,,,,,,,,,,,,,,,,,,,,,1,,,,1996800,0.97,1.0,0.030000000000000027,0.97,1.0
2,2007040,27.81,1,1804,7.602733612060547,0.0010000000000000009,,5,,1,1996800,,3,1,,,0.0001,,200,,,,,,,,,,,,,,,,,
7,2012160,28.17,2,1462,7.603619575500488,,0.019857442006468773,,-0.08280472807586194,,,1960,,,0.0036194525,0.0001,,-0.001272367467172444,,0.0287497494276613,0.841218113899231,0.0258203125,0.2,,,,,,,,,,,,,
10,2017280,30.27,3,1409,7.549357891082764,,0.0180384311825037,,-0.09779223538935185,,,1965,,,0.0042026085,0.0001,,-0.0007755418797023594,,0.04670025996863842,0.8441805839538574,0.03328125,0.2,,,,,,,,,,,,,
15,2022400,27.46,4,1362,7.618557929992676,,0.02640935778617859,,-0.12649523831903933,,,1970,,,0.003777792,0.0001,,-0.003212306087370962,,0.07468196406960487,0.8194929957389832,0.0354296875,0.2,,,,,,,,,,,,,
18,2027520,26.91,5,1349,7.631314277648926,,0.012868707999587059,,-0.10289755322039128,,,1975,,,0.0050942767,0.0001,,-0.004488902473822236,,0.0496129771694541,0.833219051361084,0.0325,0.2,,,,,,,,,,,,,
22,2032640,25.85,6,1337,7.662301540374756,,0.010717437602579594,,-0.1369649625569582,,,1980,,,0.005263914,0.0001,,-0.0036187514662742613,,0.05136566773056984,0.7958841323852539,0.0357421875,0.2,,,,,,,,,,,,,
27,2037760,25.29,7,1293,7.675165176391602,,0.016435805708169937,,-0.13026252053678036,,,1985,,,0.0030368625,0.0001,,-0.002048161728307605,,0.05294517852365971,0.8287702798843384,0.02484375,0.2,,,,,,,,,,,,,
32,2042880,26.94,8,1276,7.639398097991943,,-0.006107511930167675,,-0.0760130975395441,,,1990,,,0.0028432156,0.0001,,-0.005103521384298802,,0.015402381038293243,0.8593430519104004,0.02546875,0.2,,,,,,,,,,,,,
36,2048000,26.87,9,1264,7.633108615875244,,-0.009976658970117569,,-0.09123768158257008,,,1995,,,0.007474599,0.0001,,-0.0021802295930683615,,0.023948720050975682,0.7436859607696533,0.0399609375,0.2,,,,,,,,,,,,,
40,2053120,26.48,10,1265,7.650955677032471,,-0.009215882048010826,,-0.07139380186796189,,,2000,,,0.0033045947,0.0001,,-0.005707609998062253,,0.020520560927689075,0.7571895122528076,0.02796875,0.2,,,,,,,,,,,,,
,,,,,,,0.0032544713467359543,,-0.08802998587489128,,,2005,,,0.0031249826,0.0001,,-0.0022004244569689036,,0.02472789346240461,0.8244099617004395,0.0241796875,0.2,7.649477128982544,0.14377957820112344,0,1,6.681137627679885,1.0,26.68,2048000,,,,,
,,,,,,,,,,,,,,,,,,,,,,,,7.519198718070984,1.193473046189635,1,1,23.73674577527425,0.99,28.63,2048000,,,,,
,,,,,,,,,,,,,,,,,,,,,,,,,,,1,,,,2048000,0.99,1.0,0.010000000000000009,0.99,1.0
,,,,,,,,,,,,,,,,,,,,,,,,7.506102125644684,1.1716497546197981,0,1,23.565899091696036,0.99,29.22,2048000,,,,,
,,,,,,,,,,,,,,,,,,,,,,,,7.133857944011688,2.420015349922071,1,1,37.196208140077935,0.96,34.11,2048000,,,,,
,,,,,,,,,,,,,,,,,,,,,,,,,,,1,,,,2048000,0.96,0.99,0.030000000000000027,0.96,0.99
2,2058240,28.82,1,1941,7.591376304626465,0.0010000000000000009,,5,,1,2048000,,3,1,,,0.0001,,200,,,,,,,,,,,,,,,,,
6,2063360,30.97,2,1585,7.519301891326904,,0.02559664100408554,,-0.11063489846885205,,,2010,,,0.0036732252,0.0001,,-0.0038982029492035507,,0.043264497555792335,0.7620266675949097,0.0338671875,0.2,,,,,,,,,,,,,
10,2068480,26.64,3,1527,7.648317813873291,,0.03075459785759449,,-0.12671739883720876,,,2015,,,0.004161408,0.0001,,-0.002531341160647571,,0.06755085699260235,0.8347442150115967,0.035859375,0.2,,,,,,,,,,,,,
13,2073600,26.59,4,1484,7.642040252685547,,0.03621769696474075,,-0.10450720734894275,,,2020,,,0.004209838,0.0001,,-0.0008944899775087834,,0.05684132620692253,0.6736857891082764,0.0387109375,0.2,,,,,,,,,,,,,
17,2078720,29.79,5,1457,7.485995292663574,,0.007318062242120504,,-0.0868342848867178,,,2025,,,0.0028957454,0.0001,,-0.0030435696616768837,,0.02077728427015245,0.8080770373344421,0.025390625,0.2,,,,,,,,,,,,,
21,2083840,26.57,6,1427,7.645437717437744,,0.014350594021379948,,-0.12964241705834867,,,2030,,,0.0033213324,0.0001,,-0.0038148088194429873,,0.04838112942874431,0.8008162379264832,0.0318359375,0.2,,,,,,,,,,,,,
26,2088960,26.86,7,1361,7.632988929748535,,0.002816237509250641,,-0.08943808536976576,,,2035,,,0.0047482415,0.0001,,-0.004203667137771845,,0.031138993911445142,0.7348600625991821,0.0363671875,0.2,,,,,,,,,,,,,
30,2094080,28.6,8,1346,7.528386116027832,,0.007849013432860374,,-0.09362018004059791,,,2040,,,0.005395922,0.0001,,-0.001057979571633041,,0.030977602023631333,0.842381477355957,0.0287109375,0.2,,,,,,,,,,,,,
34,2099200,29.25,9,1341,7.512505531311035,,0.016998376697301865,,-0.12083557985723019,,,2045,,,0.003757013,0.0001,,-0.0023297229362651706,,0.05493469916284084,0.8259287476539612,0.029609375,0.2,,,,,,,,,,,,,
38,2104320,26.52,10,1339,7.639841079711914,,0.019996250048279762,,-0.13506888069212436,,,2050,,,0.0060072537,0.0001,,-0.003447911199182272,,0.05961266353726387,0.8179149627685547,0.04140625,0.2,,,,,,,,,,,,,
,,,,,,,0.012981634587049484,,-0.08797934405505657,,,2055,,,0.0033363565,0.0001,,-0.001980789448134601,,0.03919806960970163,0.7357361316680908,0.0252734375,0.2,7.640283951759338,0.1795522130348266,0,1,7.760798927945498,1.0,26.9,2099200,,,,,
,,,,,,,,,,,,,,,,,,,,,,,,6.7054999780654905,3.201135332973048,1,1,49.0902597263449,0.92,39.92,2099200,,,,,
,,,,,,,,,,,,,,,,,,,,,,,,,,,1,,,,2099200,0.92,1.0,0.07999999999999996,0.92,1.0
2,2109440,28.62,1,1902,7.593989372253418,0.0010000000000000009,,5,,1,2099200,,3,1,,,0.0001,,200,,,,,,,,,,,,,,,,,
6,2114560,28.19,2,1496,7.5984039306640625,,0.016089510172605515,,-0.09678891651332379,,,2060,,,0.0036764205,0.0001,,-0.0038354517566040157,,0.0456685372069478,0.7796311378479004,0.0350390625,0.2,,,,,,,,,,,,,
10,2119680,26.59,3,1423,7.656813144683838,,0.021946346387267113,,-0.10315040409564973,,,2065,,,0.0054876916,0.0001,,-0.0055536420503631235,,0.04445120984688401,0.7539679408073425,0.0355078125,0.2,,,,,,,,,,,,,
14,2124800,26.81,4,1393,7.644210338592529,,0.007506488356739283,,-0.07663676865398884,,,2070,,,0.0043196557,0.0001,,-0.004405615846626461,,0.020740257911384105,0.8161162734031677,0.0287109375,0.2,,,,,,,,,,,,,
18,2129920,29.85,5,1374,7.476938247680664,,0.011407775804400444,,-0.09014200780540704,,,2075,,,0.0028286106,0.0001,,-0.0006528559979051352,,0.025218786969780922,0.8141795992851257,0.0259765625,0.2,,,,,,,,,,,,,
22,2135040,26.89,6,1372,7.647437572479248,,-0.003216579556465149,,-0.11412516258656978,,,2080,,,0.0064606518,0.0001,,-0.003434876278042793,,0.0359291435778141,0.8387301564216614,0.040546875,0.2,,,,,,,,,,,,,
26,2140160,26.3,7,1366,7.653352737426758,,0.01773836836218834,,-0.10356310307979584,,,2085,,,0.004473886,0.0001,,-0.001022695153951645,,0.04409163335338235,0.8245905041694641,0.033125,0.2,,,,,,,,,,,,,
30,2145280,27.59,8,1361,7.628745079040527,,0.019635580480098724,,-0.1331973910331726,,,2090,,,0.005141087,0.0001,,-0.0013358818623237312,,0.05174299525097013,0.8599410057067871,0.041015625,0.2,,,,,,,,,,,,,
33,2150400,26.93,9,1361,7.634960174560547,,0.03787428140640259,,-0.11952169187366962,,,2095,,,0.003179099,0.0001,,-0.0007191995671018958,,0.07143094532191753,0.6682028770446777,0.03796875,0.2,,,,,,,,,,,,,
37,2155520,27.86,10,1355,7.617648124694824,,0.0421595498919487,,-0.13051225274801254,,,2100,,,0.0038391396,0.0001,,-0.0023881995817646383,,0.06729876872152091,0.7737085819244385,0.0273046875,0.2,,,,,,,,,,,,,
,,,,,,,0.013989094644784927,,-0.13749715946614743,,,2105,,,0.004312397,0.0001,,-0.004022706369869411,,0.055008032768964765,0.8126420974731445,0.0379296875,0.2,7.675568032264709,0.03602259002110907,0,1,3.249615361854384,1.0,25.4,2150400,,,,,
,,,,,,,,,,,,,,,,,,,,,,,,7.440800983905792,1.5183164130984192,1,1,25.627194540175484,0.98,29.13,2150400,,,,,
,,,,,,,,,,,,,,,,,,,,,,,,,,,1,,,,2150400,0.98,1.0,0.020000000000000018,0.98,1.0
2,2160640,26.09,1,1929,7.660846710205078,0.0010000000000000009,,5,,0,2150400,,3,1,,,0.0001,,200,,,,,,,,,,,,,,,,,
6,2165760,25.63,2,1491,7.670586109161377,,0.018730875104665756,,-0.1091396712511778,,,2110,,,0.0026044974,0.0001,,-0.0017972223507240414,,0.042941846325993537,0.7466054558753967,0.0269140625,0.2,,,,,,,,,,,,,
10,2170880,27.78,3,1432,7.63123893737793,,0.003578871488571167,,-0.11009451121091843,,,2115,,,0.0041506276,0.0001,,-0.003178314911201596,,0.03870533935725689,0.7799632549285889,0.028984375,0.2,,,,,,,,,,,,,
14,2176000,31.34,4,1399,7.450034141540527,,0.006556774489581585,,-0.10857363775372506,,,2120,,,0.0038510524,0.0001,,-0.0037955373246222734,,0.03105848826467991,0.7591654658317566,0.03125,0.2,,,,,,,,,,,,,
18,2181120,26.72,5,1381,7.642454147338867,,0.014828513376414776,,-0.12877895206212997,,,2125,,,0.0039282558,0.0001,,-0.003758040452376008,,0.039893758539110424,0.8089479207992554,0.040859375,0.2,,,,,,,,,,,,,
22,2186240,31.46,6,1369,7.375148296356201,,0.016891077160835266,,-0.10373967848718166,,,2130,,,0.0031913607,0.0001,,-0.003599246321246028,,0.028930364418774845,0.7095323801040649,0.03171875,0.2,,,,,,,,,,,,,
26,2191360,27.64,7,1362,7.623659610748291,,0.01554000936448574,,-0.1750320562720299,,,2135,,,0.004518681,0.0001,,-0.0022397835832089186,,0.055282026790082456,0.7700978517532349,0.0427734375,0.2,,,,,,,,,,,,,
30,2196480,27.31,8,1359,7.626767635345459,,0.007925156503915787,,-0.09378322303295135,,,2140,,,0.0028782054,0.0001,,-0.0018090395396575332,,0.03679609084501863,0.7441176772117615,0.0252734375,0.2,,,,,,,,,,,,,
34,2201600,26.64,9,1353,7.636955738067627,,0.011594372801482677,,-0.10759917259216309,,,2145,,,0.004696494,0.0001,,-0.003054255151655525,,0.04336919743567705,0.7557727694511414,0.02875,0.2,,,,,,,,,,,,,
37,2206720,26.28,10,1351,7.653568744659424,,0.013265490531921387,,-0.08672228224575519,,,2150,,,0.0048689893,0.0001,,-0.0009008402796462178,,0.02747695518657565,0.7889957427978516,0.0266015625,0.2,,,,,,,,,,,,,
,,,,,,,0.0017161108553409576,,-0.0811225251108408,,,2155,,,0.0038321626,0.0001,,-0.0021713968040421605,,0.02088820212520659,0.7652468681335449,0.0287109375,0.2,7.672596459388733,0.04952760952562839,0,1,3.8788013612455075,1.0,25.57,2201600,,,,,
,,,,,,,,,,,,,,,,,,,,,,,,7.070136253833771,2.3300837733998248,1,1,42.85610341596632,0.96,37.12,2201600,,,,,
,,,,,,,,,,,,,,,,,,,,,,,,,,,1,,,,2201600,0.96,1.0,0.040000000000000036,0.96,1.0
2,2211840,28.51,1,1850,7.591540336608887,0.0010000000000000009,,5,,1,2201600,,3,1,,,0.0001,,200,,,,,,,,,,,,,,,,,
6,2216960,25.48,2,1550,7.663341522216797,,0.009124848991632462,,-0.10266758321405767,,,2160,,,0.011959077,0.0001,,-0.005097478075505613,,0.02616481704043818,0.8034645915031433,0.038590315934065936,0.2,,,,,,,,,,,,,
10,2222080,29.06,3,1486,7.538966178894043,,0.006796742789447308,,-0.10463611207902432,,,2165,,,0.0047267624,0.0001,,-0.0012965765735134483,,0.026936504961922764,0.7998689413070679,0.0307421875,0.2,,,,,,,,,,,,,
14,2227200,29.01,4,1459,7.5224609375,,0.007503783795982599,,-0.12016012065112591,,,2170,,,0.0034110162,0.0001,,-0.003427183977328241,,0.02802526919171214,0.8227976560592651,0.036796875,0.2,,,,,,,,,,,,,
17,2232320,27.23,5,1451,7.64399528503418,,0.01597362942993641,,-0.11303951114416122,,,2175,,,0.0053909975,0.0001,,-0.003897271794266999,,0.04073405740782619,0.8538122773170471,0.0412109375,0.2,,,,,,,,,,,,,
21,2237440,28.47,6,1438,7.5971999168396,,0.02554871328175068,,-0.09784985914826393,,,2180,,,0.004553725,0.0001,,-0.002897924007847905,,0.03726370768621564,0.771265983581543,0.0313671875,0.2,,,,,,,,,,,,,
25,2242560,27.45,7,1419,7.627528667449951,,-0.0024983352050185204,,-0.09011554434895515,,,2185,,,0.0039049522,0.0001,,-0.006475121290422976,,0.0385109181702137,0.7167879343032837,0.0348046875,0.2,,,,,,,,,,,,,
29,2247680,27.15,8,1395,7.638267993927002,,0.019499029964208603,,-0.08342342175543309,,,2190,,,0.0038238626,0.0001,,-0.0006786308670416474,,0.030271936506032944,0.7287077903747559,0.0288671875,0.2,,,,,,,,,,,,,
34,2252800,31.09,9,1355,7.528687000274658,,0.0024406197480857372,,-0.08246880445629358,,,2195,,,0.0040972,0.0001,,-0.0044591597141698,,0.024280967395752667,0.6992875933647156,0.0319140625,0.2,,,,,,,,,,,,,
37,2257920,25.58,10,1352,7.666807651519775,,0.02030204050242901,,-0.13160967096686363,,,2200,,,0.005213635,0.0001,,-0.0021775973541662097,,0.04036988489329815,0.7908247113227844,0.0473828125,0.2,,,,,,,,,,,,,
,,,,,,,0.029751669615507126,,-0.10377278059720993,,,2205,,,0.0034487944,0.0001,,-0.0017267087008804084,,0.04316126694902778,0.8014513850212097,0.025859375,0.2,7.642232809066773,0.19425914632660535,0,1,8.138126319982996,1.0,26.53,2252800,,,,,
,,,,,,,,,,,,,,,,,,,,,,,,7.326931746006012,2.010768720490822,1,1,29.949984974954496,0.97,30.28,2252800,,,,,
,,,,,,,,,,,,,,,,,,,,,,,,,,,1,,,,2252800,0.97,1.0,0.030000000000000027,0.97,1.0
2,2263040,27.92,1,1902,7.552182197570801,0.0010000000000000009,,5,,1,2252800,,3,1,,,0.0001,,200,,,,,,,,,,,,,,,,,
7,2268160,26.08,2,1440,7.659591197967529,,0.04039410501718521,,-0.1396583977341652,,,2210,,,0.0037106846,0.0001,,-0.003645714893937111,,0.05170190513134003,0.8714869022369385,0.0376953125,0.2,,,,,,,,,,,,,
10,2273280,29.54,3,1396,7.524921417236328,,0.013257062062621117,,-0.08963505730032921,,,2215,,,0.003391952,0.0001,,-0.00214106488507241,,0.0403029265999794,0.7774052619934082,0.022578125,0.2,,,,,,,,,,,,,
14,2278400,29.63,4,1389,7.503403186798096,,0.008208323270082474,,-0.13164950139820575,,,2220,,,0.0047415155,0.0001,,-0.004659559261053801,,0.04962266445159912,0.7918514013290405,0.0346484375,0.2,,,,,,,,,,,,,
18,2283520,30.09,5,1379,7.491938591003418,,0.03605177253484726,,-0.1592450261116028,,,2225,,,0.0047017084,0.0001,,-0.004243780211545527,,0.07252147637307643,0.8244313597679138,0.0429296875,0.2,,,,,,,,,,,,,
22,2288640,26.49,6,1375,7.648801803588867,,0.018187060952186584,,-0.11886597827076911,,,2230,,,0.003774222,0.0001,,-0.0022054310049861667,,0.052891992889344694,0.8335860967636108,0.0254296875,0.2,,,,,,,,,,,,,
26,2293760,27.16,7,1371,7.638613700866699,,0.0042818458750844,,-0.08677472431212664,,,2235,,,0.0030710273,0.0001,,0.00019733087159693241,,0.038783871829509736,0.764086127281189,0.0259375,0.2,,,,,,,,,,,,,
29,2298880,28.75,8,1367,7.594404220581055,,0.004965921863913536,,-0.09210232391953468,,,2240,,,0.004673391,0.0001,,-0.002858104701153934,,0.04328141024336219,0.7258688807487488,0.030625,0.2,,,,,,,,,,,,,
33,2304000,26.61,9,1364,7.647051811218262,,0.009082567878067493,,-0.10283934228122234,,,2245,,,0.0042375405,0.0001,,-0.003743751710280776,,0.04763750173151493,0.7839585542678833,0.0389453125,0.2,,,,,,,,,,,,,
37,2309120,27.18,10,1362,7.627262115478516,,-0.011576849967241287,,-0.11298947848379612,,,2250,,,0.004246526,0.0001,,-0.0030036962032318117,,0.029711672216653825,0.8017359972000122,0.04328125,0.2,,,,,,,,,,,,,
,,,,,,,0.004599316976964474,,-0.1224919106811285,,,2255,,,0.004088482,0.0001,,-0.005091428798623383,,0.04556523671373725,0.8071314096450806,0.0395703125,0.2,7.660619163513184,0.09262737766921467,0,1,5.3312193727139014,1.0,26.09,2304000,,,,,
,,,,,,,,,,,,,,,,,,,,,,,,7.356624853610993,1.821289705209674,1,1,30.07374270023603,0.97,30.3,2304000,,,,,
,,,,,,,,,,,,,,,,,,,,,,,,,,,1,,,,2304000,0.97,1.0,0.030000000000000027,0.97,1.0
2,2314240,27.38,1,1836,7.633285045623779,0.0010000000000000009,,5,,1,2304000,,3,1,,,0.0001,,200,,,,,,,,,,,,,,,,,
7,2319360,26.32,2,1451,7.654046058654785,,0.01696266606450081,,-0.10449712298810482,,,2260,,,0.003491827,0.0001,,-0.00370094477199018,,0.048727254271507266,0.6979103088378906,0.0265625,0.2,,,,,,,,,,,,,
10,2324480,25.26,3,1420,7.6766252517700195,,-0.0031861281022429466,,-0.07472582168877125,,,2265,,,0.0044340882,0.0001,,-0.002131335660815239,,0.020683450493961572,0.7509608864784241,0.0278125,0.2,,,,,,,,,,,,,
14,2329600,27.4,4,1399,7.558704853057861,,0.005818539764732122,,-0.062448464706540106,,,2270,,,0.0026990913,0.0001,,-0.0015901052439585327,,0.012780294772237539,0.8157126307487488,0.0197265625,0.2,,,,,,,,,,,,,
18,2334720,26.64,5,1391,7.641727924346924,,-7.050205022096634e-05,,-0.12604563772678376,,,2275,,,0.006185239,0.0001,,-0.0028900046553462745,,0.0313224071636796,0.7935065031051636,0.040625,0.2,,,,,,,,,,,,,
22,2339840,28.45,6,1386,7.542142391204834,,0.0070158145390450954,,-0.08138799861073494,,,2280,,,0.0029451638,0.0001,,-0.002771072122268379,,0.023891157396137716,0.8060760498046875,0.0215625,0.2,,,,,,,,,,,,,
25,2344960,26.17,7,1380,7.654983997344971,,0.029624078422784805,,-0.10587898910045623,,,2285,,,0.0038651028,0.0001,,-0.003952820133417845,,0.023966957796365023,0.8367627859115601,0.037421875,0.2,,,,,,,,,,,,,
29,2350080,29.27,8,1376,7.5883355140686035,,0.018432684242725372,,-0.11383980587124824,,,2290,,,0.0041393875,0.0001,,-0.0015327832661569118,,0.03904834564775229,0.8103120923042297,0.0299609375,0.2,,,,,,,,,,,,,
33,2355200,26.83,9,1377,7.633540630340576,,0.029397372156381607,,-0.15297824949026106,,,2295,,,0.004350365,0.0001,,-0.0053673310345038775,,0.07026644490659237,0.8069243431091309,0.041796875,0.2,,,,,,,,,,,,,
37,2360320,27.41,10,1361,7.626370906829834,,0.026827430352568626,,-0.15280782051384448,,,2300,,,0.0028620227,0.0001,,-0.002196583701297641,,0.07262872997671366,0.8399950861930847,0.0255078125,0.2,,,,,,,,,,,,,
,,,,,,,0.025756394490599632,,-0.1306603453308344,,,2305,,,0.004844569,0.0001,,-0.00453641464933753,,0.07663925714790822,0.8177041411399841,0.0333203125,0.2,7.510386211872101,1.1148755627752396,0,1,21.104369215875654,0.99,29.16,2355200,,,,,
,,,,,,,,,,,,,,,,,,,,,,,,6.9925851202011104,2.6404865752323707,1,1,41.94489122646523,0.94,36.19,2355200,,,,,
,,,,,,,,,,,,,,,,,,,,,,,,,,,1,,,,2355200,0.94,0.99,0.050000000000000044,0.94,0.99
2,2365440,27.96,1,1735,7.547114372253418,0.0010000000000000009,,5,,1,2355200,,3,1,,,0.0001,,200,,,,,,,,,,,,,,,,,
7,2370560,28.48,2,1398,7.5420451164245605,,0.017668766900897026,,-0.12415840528905392,,,2310,,,0.0037456206,0.0001,,-0.004792995848692954,,0.044647070933133366,0.8462545871734619,0.035234375,0.2,,,,,,,,,,,,,
11,2375680,26.31,3,1366,7.6511993408203125,,0.018239865079522133,,-0.11571857407689094,,,2315,,,0.0027028234,0.0001,,-0.0034781421534717085,,0.05156855197623372,0.8565172553062439,0.024609375,0.2,,,,,,,,,,,,,
15,2380800,29.11,4,1357,7.528653621673584,,0.017351515591144562,,-0.09660421013832092,,,2320,,,0.0036145528,0.0001,,-0.0015351108508184553,,0.045250777918845415,0.7942092418670654,0.022578125,0.2,,,,,,,,,,,,,
18,2385920,25.87,5,1353,7.666857719421387,,0.0017966348677873611,,-0.14546528473496437,,,2325,,,0.0046654386,0.0001,,-0.0045828991802409295,,0.05953767834231258,0.9039289355278015,0.03875,0.2,,,,,,,,,,,,,
22,2391040,28.94,6,1348,7.5232157707214355,,0.025377916172146797,,-0.0893505522608757,,,2330,,,0.002457905,0.0001,,-0.002472171010449529,,0.04754903022199869,0.7658594846725464,0.0194921875,0.2,,,,,,,,,,,,,
26,2396160,26.29,7,1343,7.654597759246826,,0.020038457587361336,,-0.10693272575736046,,,2335,,,0.004021686,0.0001,,-0.004111744922120124,,0.06473505839705468,0.7956627607345581,0.0334375,0.2,,,,,,,,,,,,,
30,2401280,26.97,8,1343,7.627711296081543,,0.004766868427395821,,-0.08991537392139434,,,2340,,,0.00518312,0.0001,,-0.0041157000279054045,,0.0348521918989718,0.7981013655662537,0.032265625,0.2,,,,,,,,,,,,,
34,2406400,26.49,9,1340,7.63743782043457,,0.0027975020930171013,,-0.08870749235153198,,,2345,,,0.0037864293,0.0001,,-0.005149259800091386,,0.033330110777169464,0.7913363575935364,0.0325,0.2,,,,,,,,,,,,,
38,2411520,26.51,10,1335,7.643812656402588,,0.03159967064857483,,-0.0944493779540062,,,2350,,,0.0054844897,0.0001,,-0.00466465724632144,,0.031167268324643373,0.7777103781700134,0.0385546875,0.2,,,,,,,,,,,,,
,,,,,,,0.01111159473657608,,-0.08827443957328797,,,2355,,,0.0035436742,0.0001,,-0.0025300552416592835,,0.03177045326679945,0.778506338596344,0.02515625,0.2,7.610732793807983,0.23408866741212628,0,1,10.286199492523952,1.0,28.29,2406400,,,,,
,,,,,,,,,,,,,,,,,,,,,,,,6.913204569816589,2.897873944376139,1,1,42.36841276233982,0.94,36.76,2406400,,,,,
,,,,,,,,,,,,,,,,,,,,,,,,,,,1,,,,2406400,0.94,1.0,0.06000000000000005,0.94,1.0
3,2416640,28.08,1,1609,7.6055006980896,0.0010000000000000009,,5,,1,2406400,,3,1,,,0.0001,,200,,,,,,,,,,,,,,,,,
7,2421760,28.4,2,1403,7.607955455780029,,0.01491822674870491,,-0.09927780255675316,,,2360,,,0.0028220788,0.0001,,-0.004386178515851498,,0.03852294920012355,0.7901201248168945,0.0300390625,0.2,,,,,,,,,,,,,
11,2426880,28.16,3,1359,7.5484538078308105,,0.0061167567037045956,,-0.10107056461274624,,,2365,,,0.004511903,0.0001,,-0.005939563349820673,,0.03596179386600852,0.7731435298919678,0.0391796875,0.2,,,,,,,,,,,,,
15,2432000,25.62,4,1346,7.665921211242676,,0.0027599050663411617,,-0.10154995389282703,,,2370,,,0.004085693,0.0001,,-0.004758577346801757,,0.02375186203978956,0.825046718120575,0.0343359375,0.2,,,,,,,,,,,,,
19,2437120,28.41,5,1337,7.602619647979736,,0.011954435147345066,,-0.09374428980052471,,,2375,,,0.003052435,0.0001,,8.26580822467804e-05,,0.027959897350519895,0.8089404106140137,0.026484375,0.2,,,,,,,,,,,,,
23,2442240,25.76,6,1326,7.667591571807861,,-0.010247064754366875,,-0.10137079760432244,,,2380,,,0.005812218,0.0001,,-0.0033354901615530253,,0.026566716935485603,0.8176769018173218,0.0357421875,0.2,,,,,,,,,,,,,
27,2447360,26.68,7,1326,7.641069412231445,,0.004461449105292559,,-0.06974129408597946,,,2385,,,0.0047265464,0.0001,,-0.002933272384107113,,0.011330992043949663,0.8070812225341797,0.028828125,0.2,,,,,,,,,,,,,
30,2452480,26.22,8,1325,7.652398109436035,,0.007293973118066788,,-0.08723493736237288,,,2390,,,0.0050676093,0.0001,,-0.003051730552688241,,0.02183801774866879,0.8117132186889648,0.033203125,0.2,,,,,,,,,,,,,
34,2457600,26.03,9,1322,7.657858371734619,,0.007867876440286636,,-0.09850758336484432,,,2395,,,0.0036491589,0.0001,,-0.002980308784171939,,0.02163543620146811,0.8360276222229004,0.0330859375,0.2,,,,,,,,,,,,,
38,2462720,25.65,10,1322,7.66014289855957,,0.008561714552342892,,-0.06808214213699103,,,2400,,,0.0036834027,0.0001,,-0.002505033249035478,,0.016559774717316032,0.8275851011276245,0.023125,0.2,,,,,,,,,,,,,
,,,,,,,0.0032093003392219543,,-0.07800366159528493,,,2405,,,0.0033063428,0.0001,,-0.002360438429750502,,0.02411006448790431,0.8211040496826172,0.0251953125,0.2,7.649499850273132,0.12402738416240866,0,1,6.081249871531345,1.0,26.72,2457600,,,,,
,,,,,,,,,,,,,,,,,,,,,,,,7.174448766708374,2.2849105033210555,1,1,36.59559946223043,0.96,33.39,2457600,,,,,
,,,,,,,,,,,,,,,,,,,,,,,,,,,1,,,,2457600,0.96,1.0,0.040000000000000036,0.96,1.0
2,2467840,25.83,1,1807,7.662972450256348,0.0010000000000000009,,5,,1,2457600,,3,1,,,0.0001,,200,,,,,,,,,,,,,,,,,
7,2472960,26.56,2,1453,7.650545597076416,,0.003361283801496029,,-0.07038896858692169,,,2410,,,0.005554545,0.0001,,-0.003043471593409777,,0.031039307042956352,0.7923852205276489,0.0266796875,0.2,,,,,,,,,,,,,
10,2478080,26.16,3,1411,7.649637222290039,,0.025225402787327766,,-0.07511308811604976,,,2415,,,0.0047913184,0.0001,,-0.0020190250943414867,,0.028724111542105676,0.7866346836090088,0.0295703125,0.2,,,,,,,,,,,,,
14,2483200,26.33,4,1379,7.655074596405029,,0.08066890388727188,,-0.10680205501616001,,,2420,,,0.005871802,0.0001,,-0.0010902438359335065,,0.02887645533308387,0.8139572143554688,0.0322265625,0.2,,,,,,,,,,,,,
18,2488320,26.91,5,1368,7.640176773071289,,-0.002588185016065836,,-0.06749221794307232,,,2425,,,0.0042323647,0.0001,,-0.0020278949523344636,,0.014689024966210128,0.7878899574279785,0.0219921875,0.2,,,,,,,,,,,,,
22,2493440,28.54,6,1357,7.6059889793396,,0.02317984215915203,,-0.10520803488790989,,,2430,,,0.005219644,0.0001,,-0.004235340505838394,,0.035472807344049215,0.819800615310669,0.03109375,0.2,,,,,,,,,,,,,
26,2498560,28.75,7,1350,7.513676166534424,,0.010285256430506706,,-0.09851703628897666,,,2435,,,0.0046704174,0.0001,,-0.004652877172920853,,0.03678504321724176,0.7750592827796936,0.03828125,0.2,,,,,,,,,,,,,
30,2503680,28.7,8,1340,7.529898166656494,,0.013928551226854324,,-0.12954888187348843,,,2440,,,0.003737614,0.0001,,-0.0031002979213371872,,0.04401522699743509,0.8443418741226196,0.0300390625,0.2,,,,,,,,,,,,,
34,2508800,28.0,9,1339,7.621591567993164,,0.015122019685804844,,-0.12893400706350802,,,2445,,,0.004321511,0.0001,,-0.0018073821719735862,,0.04718479605391621,0.8475711345672607,0.0312890625,0.2,,,,,,,,,,,,,
38,2513920,28.05,10,1338,7.611278057098389,,0.020068231970071793,,-0.11434564888477325,,,2450,,,0.003793725,0.0001,,-0.004290758159477263,,0.056579616628587244,0.7804950475692749,0.0359765625,0.2,,,,,,,,,,,,,
,,,,,,,0.02015378326177597,,-0.1454725707322359,,,2455,,,0.0036307364,0.0001,,-0.004201166070997715,,0.052381896693259475,0.8297562599182129,0.0348828125,0.2,7.484022545814514,1.1653505128744537,0,1,24.252224640226306,0.99,30.36,2508800,,,,,
,,,,,,,,,,,,,,,,,,,,,,,,6.9925339412689205,2.71708032734262,1,1,41.66009601525182,0.94,35.58,2508800,,,,,
,,,,,,,,,,,,,,,,,,,,,,,,,,,1,,,,2508800,0.94,0.99,0.050000000000000044,0.94,0.99
2,2519040,30.1,1,1759,7.473874568939209,0.0010000000000000009,,5,,1,2508800,,3,1,,,0.0001,,200,,,,,,,,,,,,,,,,,
7,2524160,28.55,2,1427,7.584744930267334,,0.04416810721158981,,-0.19433144554495813,,,2460,,,0.00434799,0.0001,,-0.0016623621108010412,,0.09222869042307139,0.8308901786804199,0.0388671875,0.2,,,,,,,,,,,,,
11,2529280,26.2,3,1362,7.659886360168457,,0.02210170030593872,,-0.18629895508289337,,,2465,,,0.0038300946,0.0001,,-0.004176486972719431,,0.07820446226745843,0.8720114231109619,0.0364453125,0.2,,,,,,,,,,,,,
15,2534400,27.55,4,1329,7.626903533935547,,0.010326063260436058,,-0.11353693515062332,,,2470,,,0.003529271,0.0001,,-0.00773950002156198,,0.05735063314437866,0.5778905153274536,0.039921875,0.2,,,,,,,,,,,,,
19,2539520,27.69,5,1321,7.620619297027588,,0.0072075678035616875,,-0.12354851119220257,,,2475,,,0.0037167794,0.0001,,-0.0024710554536432026,,0.04244768586009741,0.7416315078735352,0.0341015625,0.2,,,,,,,,,,,,,
23,2544640,27.04,6,1314,7.644681930541992,,0.017644161358475685,,-0.1252524833381176,,,2480,,,0.0034842663,0.0001,,-0.0023706495901569726,,0.032806605640798805,0.8014779090881348,0.0359765625,0.2,,,,,,,,,,,,,
27,2549760,27.08,7,1303,7.635613441467285,,0.005750603973865509,,-0.1408646021038294,,,2485,,,0.0053873574,0.0001,,-0.0014340238086879254,,0.03512194588780403,0.8453432321548462,0.03640625,0.2,,,,,,,,,,,,,
31,2554880,30.51,8,1298,7.530631065368652,,0.007160551846027374,,-0.11790276773273944,,,2490,,,0.0040051322,0.0001,,-0.005681922249495983,,0.031484398171305654,0.8555130362510681,0.0289453125,0.2,,,,,,,,,,,,,
35,2560000,27.0,9,1299,7.6423869132995605,,0.01903901994228363,,-0.18018400579690932,,,2495,,,0.0038013798,0.0001,,-0.0009501938102766871,,0.08154096487909555,0.8266735076904297,0.045078125,0.2,,,,,,,,,,,,,
39,2565120,27.85,10,1299,7.6150288581848145,,0.023265033960342407,,-0.11998709790408611,,,2500,,,0.0025771144,0.0001,,-0.0027664966182783246,,0.05942716993391514,0.7272703051567078,0.026484375,0.2,,,,,,,,,,,,,
,,,,,,,0.008522888645529747,,-0.12024546012282372,,,2505,,,0.0054830792,0.0001,,-0.0024062013905495404,,0.05633854888379574,0.7506259679794312,0.0376171875,0.2,7.627499861717224,0.3452614823526433,0,1,11.827933040053955,1.0,27.2,2560000,,,,,
,,,,,,,,,,,,,,,,,,,,,,,,6.844511277675629,2.9870594502429126,1,1,45.092575885615574,0.93,37.86,2560000,,,,,
,,,,,,,,,,,,,,,,,,,,,,,,,,,1,,,,2560000,0.93,1.0,0.06999999999999995,0.93,1.0
2,2570240,27.27,1,1829,7.637199878692627,0.0010000000000000009,,5,,1,2560000,,3,1,,,0.0001,,200,,,,,,,,,,,,,,,,,
7,2575360,26.84,2,1457,7.631615161895752,,0.03251942619681358,,-0.1347869785130024,,,2510,,,0.0053503816,0.0001,,-0.003917062170803547,,0.04367911526933312,0.8531591892242432,0.043125,0.2,,,,,,,,,,,,,
11,2580480,28.77,3,1366,7.52473258972168,,0.011435280553996563,,-0.10190457358956337,,,2515,,,0.0035310474,0.0001,,-0.00543332320638001,,0.05112708941102028,0.7980673313140869,0.036171875,0.2,,,,,,,,,,,,,
15,2585600,27.11,4,1342,7.6400628089904785,,0.009497558698058128,,-0.11778627812862397,,,2520,,,0.0050376607,0.0001,,-0.0020340085122734306,,0.04151644164696336,0.7702548503875732,0.03203125,0.2,,,,,,,,,,,,,
19,2590720,28.33,5,1312,7.612119197845459,,0.02551131322979927,,-0.09450973864644766,,,2525,,,0.0034402222,0.0001,,-0.003863681424409151,,0.03999286675825715,0.7438749670982361,0.0332421875,0.2,,,,,,,,,,,,,
23,2595840,30.52,6,1310,7.544159412384033,,0.02835717983543873,,-0.13537127800285817,,,2530,,,0.00321717,0.0001,,-0.0023529956536367537,,0.05949357833713293,0.7851952314376831,0.0357421875,0.2,,,,,,,,,,,,,
27,2600960,26.62,7,1307,7.641035556793213,,0.017423631623387337,,-0.13171782925724984,,,2535,,,0.004780074,0.0001,,-0.005290696672163904,,0.05429998088628054,0.8085199594497681,0.04375,0.2,,,,,,,,,,,,,
31,2606080,29.2,8,1307,7.525181770324707,,0.005652780644595623,,-0.09276705347001553,,,2540,,,0.0023106874,0.0001,,-0.0037243504682555797,,0.028644741661846638,0.707367479801178,0.0280859375,0.2,,,,,,,,,,,,,
35,2611200,26.7,9,1312,7.649716377258301,,0.0034838784486055374,,-0.12676746502518654,,,2545,,,0.0051086517,0.0001,,-0.0035056036291643976,,0.031535406112670895,0.8339205980300903,0.0348828125,0.2,,,,,,,,,,,,,
39,2616320,26.65,10,1304,7.657983303070068,,0.001157345250248909,,-0.10708301797509194,,,2550,,,0.0043622935,0.0001,,-0.0028296775463968514,,0.03590274715796113,0.8006997108459473,0.03125,0.2,,,,,,,,,,,,,
,,,,,,,0.016936128959059715,,-0.09047679003328085,,,2555,,,0.0038578373,0.0001,,-0.0013841050444170834,,0.027495927335694434,0.721766471862793,0.035234375,0.2,7.657897601127624,0.12268233371230994,0,1,6.140846847137616,1.0,26.3,2611200,,,,,
,,,,,,,,,,,,,,,,,,,,,,,,7.18701687335968,2.1710911117972724,1,1,37.11470193871965,0.96,33.83,2611200,,,,,
,,,,,,,,,,,,,,,,,,,,,,,,,,,1,,,,2611200,0.96,1.0,0.040000000000000036,0.96,1.0
3,2621440,27.67,1,1584,7.556699275970459,0.0010000000000000009,,5,,1,2611200,,3,1,,,0.0001,,200,,,,,,,,,,,,,,,,,
7,2626560,26.49,2,1392,7.642437934875488,,-0.007105158641934395,,-0.12026910670101643,,,2560,,,0.0047178376,0.0001,,0.001948683043010533,,0.027877046009525657,0.8404664993286133,0.0262890625,0.2,,,,,,,,,,,,,
11,2631680,28.85,3,1383,7.521596908569336,,0.020717695355415344,,-0.1082476557046175,,,2565,,,0.0038186666,0.0001,,-0.0035043832985684276,,0.040517213493585585,0.7913904190063477,0.0373828125,0.2,,,,,,,,,,,,,
14,2636800,27.11,4,1384,7.622790336608887,,0.005816820077598095,,-0.12065307423472404,,,2570,,,0.004646931,0.0001,,-0.003918446083553136,,0.03590426636859775,0.784760057926178,0.0315234375,0.2,,,,,,,,,,,,,
18,2641920,26.81,5,1364,7.6405744552612305,,0.004980592057108879,,-0.12045001082122325,,,2575,,,0.0037775629,0.0001,,-0.005117997014895082,,0.044087896309793,0.8179680705070496,0.0408984375,0.2,,,,,,,,,,,,,
22,2647040,29.61,6,1353,7.500210762023926,,0.014045260846614838,,-0.11823860719799996,,,2580,,,0.007203865,0.0001,,-0.003988905907608569,,0.05424687951803207,0.7904984951019287,0.0358203125,0.2,,,,,,,,,,,,,
26,2652160,25.94,7,1347,7.664965629577637,,0.024564683437347412,,-0.13143180064857007,,,2585,,,0.003271206,0.0001,,-0.0016150551848113537,,0.05456558462232351,0.7931588888168335,0.032109375,0.2,,,,,,,,,,,,,
30,2657280,27.47,8,1344,7.629131317138672,,0.01913962885737419,,-0.09239098265767097,,,2590,,,0.0028509977,0.0001,,-0.003024339727126062,,0.03695853877812624,0.7846285104751587,0.0251171875,0.2,,,,,,,,,,,,,
34,2662400,26.81,9,1340,7.636029243469238,,0.00018452946096658707,,-0.0950495832413435,,,2595,,,0.0058363667,0.0001,,-0.003878914345987141,,0.026421778742223977,0.8071872591972351,0.03546875,0.2,,,,,,,,,,,,,
38,2667520,28.38,10,1333,7.542670726776123,,0.005332070402801037,,-0.09474918961524964,,,2600,,,0.0036260816,0.0001,,0.00073690140619874,,0.03205644765868783,0.7544814348220825,0.0292578125,0.2,,,,,,,,,,,,,
,,,,,,,0.00891810841858387,,-0.09089637361466885,,,2605,,,0.004424197,0.0001,,-0.0037476044101640584,,0.028074560575187205,0.8121858835220337,0.032109375,0.2,7.647460083961487,0.14482984548162947,0,1,6.860692384883613,1.0,26.53,2662400,,,,,
,,,,,,,,,,,,,,,,,,,,,,,,7.354818022251129,1.6873777810631545,1,1,30.441747650225338,0.98,31.6,2662400,,,,,
,,,,,,,,,,,,,,,,,,,,,,,,,,,1,,,,2662400,0.98,1.0,0.020000000000000018,0.98,1.0
3,2672640,31.07,1,1664,7.462857723236084,0.0010000000000000009,,5,,0,2662400,,3,1,,,0.0001,,200,,,,,,,,,,,,,,,,,
7,2677760,28.8,2,1411,7.591818809509277,,0.013080616481602192,,-0.12438962645828724,,,2610,,,0.006672478,0.0001,,-0.004881856739521026,,0.04476315913721919,0.7877801060676575,0.047421875,0.2,,,,,,,,,,,,,
11,2682880,26.52,3,1355,7.637795925140381,,0.020260777324438095,,-0.11330733977258206,,,2615,,,0.004059558,0.0001,,-0.0023164358944632113,,0.0598600560054183,0.82661372423172,0.026171875,0.2,,,,,,,,,,,,,
15,2688000,27.22,4,1343,7.643192768096924,,0.013331295922398567,,-0.0890284127742052,,,2620,,,0.0027644583,0.0001,,-0.004530249782837927,,0.0358691949211061,0.8034232258796692,0.023203125,0.2,,,,,,,,,,,,,
19,2693120,27.27,5,1341,7.635380744934082,,0.01511693000793457,,-0.0909755714982748,,,2625,,,0.0031368516,0.0001,,-0.002497038152068853,,0.03786236029118299,0.758362889289856,0.02546875,0.2,,,,,,,,,,,,,
22,2698240,26.57,6,1340,7.645892143249512,,0.020727399736642838,,-0.09162457559257746,,,2630,,,0.0038083375,0.0001,,-0.0027316029323264956,,0.03289020478725433,0.7872323393821716,0.02640625,0.2,,,,,,,,,,,,,
26,2703360,28.29,7,1358,7.5909600257873535,,0.002343331463634968,,-0.0912643021612025,,,2634,,,0.0113745155,0.0001,,-0.003786846557493085,,0.03856691159307957,0.733328104019165,0.03492304104477612,0.2,,,,,,,,,,,,,
30,2708480,27.0,8,1353,7.638523101806641,,0.003228692337870598,,-0.11384736634790897,,,2639,,,0.005922341,0.0001,,-0.0028797338856384157,,0.0435820852778852,0.8028697967529297,0.03828125,0.2,,,,,,,,,,,,,
34,2713600,27.8,9,1348,7.613978385925293,,0.0059237731620669365,,-0.09074398703873157,,,2644,,,0.0046932385,0.0001,,-0.003670278824865818,,0.03530236149206758,0.7453776597976685,0.0306640625,0.2,,,,,,,,,,,,,
38,2718720,27.38,10,1344,7.632148265838623,,0.038355112075805664,,-0.13282931163907052,,,2649,,,0.004424316,0.0001,,-0.00414866637904197,,0.047708296086639165,0.8085247278213501,0.03015625,0.2,,,,,,,,,,,,,
,,,,,,,0.008693741634488106,,-0.0917493710666895,,,2654,,,0.004802621,0.0001,,-0.003045082641765475,,0.03212871823459864,0.8017720580101013,0.03359375,0.2,7.61061915397644,0.5480998180756931,0,1,17.879426724590473,1.0,27.69,2713600,,,,,
,,,,,,,,,,,,,,,,,,,,,,,,7.420448741912842,1.6228747448358836,1,1,25.647181131656556,0.98,29.39,2713600,,,,,
,,,,,,,,,,,,,,,,,,,,,,,,,,,1,,,,2713600,0.98,1.0,0.020000000000000018,0.98,1.0
3,2723840,25.71,1,1701,7.663813591003418,0.0010000000000000009,,5,,0,2713600,,3,1,,,0.0001,,200,,,,,,,,,,,,,,,,,
7,2728960,27.2,2,1401,7.632501125335693,,0.008754583075642586,,-0.10443213008344174,,,2659,,,0.003478167,0.0001,,-0.0038802563585340977,,0.03296816131100058,0.8222439289093018,0.0310546875,0.2,,,,,,,,,,,,,
11,2734080,25.83,3,1362,7.658198833465576,,0.0332338809967041,,-0.08901147700846196,,,2664,,,0.0041240645,0.0001,,-0.00370664793998003,,0.034568286035209894,0.7629948854446411,0.0308984375,0.2,,,,,,,,,,,,,
15,2739200,26.66,4,1344,7.644465923309326,,0.01701482944190502,,-0.08107339154928922,,,2669,,,0.008408401,0.0001,,-0.006728384462185204,,0.031670979075133804,0.7801671624183655,0.0312890625,0.2,,,,,,,,,,,,,
18,2744320,27.85,5,1351,7.544210910797119,,0.01748501881957054,,-0.08036451756954194,,,2674,,,0.003643124,0.0001,,-7.583403028547764e-05,,0.026269326293841003,0.7509996891021729,0.0289453125,0.2,,,,,,,,,,,,,
22,2749440,28.21,6,1365,7.590688705444336,,0.008126016706228256,,-0.10415133956819772,,,2679,,,0.0040954086,0.0001,,-0.0034157005976885556,,0.03604182630777359,0.8210710287094116,0.0325390625,0.2,,,,,,,,,,,,,
26,2754560,30.66,7,1365,7.4819207191467285,,0.011816591955721378,,-0.09954956725239754,,,2684,,,0.0038918634,0.0001,,-0.0035428708139806984,,0.047017772197723386,0.7214640378952026,0.0353515625,0.2,,,,,,,,,,,,,
30,2759680,26.0,8,1337,7.662955284118652,,0.008391841314733028,,-0.14711844466626645,,,2689,,,0.004621413,0.0001,,-0.005637136623263359,,0.04749209240078926,0.8396674394607544,0.046484375,0.2,,,,,,,,,,,,,
34,2764800,27.55,9,1329,7.6214494705200195,,-0.001588740386068821,,-0.08098669666796923,,,2694,,,0.004999243,0.0001,,-0.0013939749402925373,,0.01437533906660974,0.8288896083831787,0.0237890625,0.2,,,,,,,,,,,,,
38,2769920,28.52,10,1327,7.603022575378418,,0.03716772794723511,,-0.09535880573093891,,,2699,,,0.0057984376,0.0001,,-0.004112034300342202,,0.030872862506657838,0.8201308250427246,0.0355859375,0.2,,,,,,,,,,,,,
,,,,,,,0.01020035333931446,,-0.12550327733159064,,,2704,,,0.005830484,0.0001,,-0.0035666431253775954,,0.057110488191246984,0.8175768852233887,0.037734375,0.2,7.612227115631104,0.2885391675813271,0,1,10.92673784804962,1.0,27.92,2764800,,,,,
,,,,,,,,,,,,,,,,,,,,,,,,6.82167626619339,3.1400659325359466,1,1,44.792243748220514,0.93,37.07,2764800,,,,,
,,,,,,,,,,,,,,,,,,,,,,,,,,,1,,,,2764800,0.93,1.0,0.06999999999999995,0.93,1.0
3,2775040,26.84,1,1559,7.646842002868652,0.0010000000000000009,,5,,1,2764800,,3,1,,,0.0001,,200,,,,,,,,,,,,,,,,,
7,2780160,27.95,2,1351,7.611449718475342,,0.00973781943321228,,-0.11300155475735664,,,2709,,,0.0027823618,0.0001,,-0.003353926474228501,,0.05124954901635647,0.6984164714813232,0.029296875,0.2,,,,,,,,,,,,,
11,2785280,28.16,3,1307,7.592592239379883,,0.010819203220307827,,-0.1028535521030426,,,2714,,,0.0033630643,0.0001,,-0.0057764914212748405,,0.02882742216810584,0.7780357599258423,0.0376171875,0.2,,,,,,,,,,,,,
15,2790400,26.13,4,1293,7.65814208984375,,0.0106664402410388,,-0.13428910732269286,,,2719,,,0.0032851591,0.0001,,-0.00023645409382879733,,0.037707012072205545,0.7786676287651062,0.036875,0.2,,,,,,,,,,,,,
19,2795520,25.96,5,1290,7.666341781616211,,0.00468191085383296,,-0.0839402387663722,,,2724,,,0.0041194567,0.0001,,-0.0028567554987967013,,0.017971137957647442,0.7915388345718384,0.024609375,0.2,,,,,,,,,,,,,
23,2800640,26.73,6,1291,7.6434831619262695,,-0.011639431118965149,,-0.09506480313837529,,,2729,,,0.0034717575,0.0001,,-0.0032457678113132714,,0.023047730308026076,0.7957673072814941,0.030078125,0.2,,,,,,,,,,,,,
27,2805760,29.52,7,1286,7.564045429229736,,0.0074216453358531,,-0.10361422061920166,,,2734,,,0.0037761205,0.0001,,-0.003839024300687015,,0.03449566202238202,0.7879531383514404,0.0290625,0.2,,,,,,,,,,,,,
31,2810880,28.14,8,1284,7.541989803314209,,0.027255671098828316,,-0.12177204765379429,,,2739,,,0.002904702,0.0001,,-0.0017868563951924444,,0.04970507176592946,0.81717848777771,0.026484375,0.2,,,,,,,,,,,,,
35,2816000,26.97,9,1282,7.646120071411133,,0.00290563702583313,,-0.08517928838729859,,,2744,,,0.003993084,0.0001,,-0.001519902884028852,,0.029643066385760905,0.8042827844619751,0.0275390625,0.2,,,,,,,,,,,,,
40,2821120,27.17,10,1279,7.639642715454102,,0.0063082268461585045,,-0.11154570490121841,,,2749,,,0.0040679392,0.0001,,-0.002894519278779626,,0.030937874969094992,0.8339213132858276,0.0313671875,0.2,,,,,,,,,,,,,
,,,,,,,0.0162435844540596,,-0.09714368447661399,,,2754,,,0.004593605,0.0001,,-0.004941054051741957,,0.03436533980071545,0.786637544631958,0.034375,0.2,7.652857794761657,0.13919287407889405,0,1,6.507311272714714,1.0,26.43,2816000,,,,,
,,,,,,,,,,,,,,,,,,,,,,,,7.19155110836029,2.410266458082751,1,1,34.49851446077063,0.96,31.65,2816000,,,,,
,,,,,,,,,,,,,,,,,,,,,,,,,,,1,,,,2816000,0.96,1.0,0.040000000000000036,0.96,1.0
2,2826240,28.41,1,1740,7.590801239013672,0.0010000000000000009,,5,,1,2816000,,3,1,,,0.0001,,200,,,,,,,,,,,,,,,,,
7,2831360,28.46,2,1462,7.529989719390869,,0.014773051254451275,,-0.11275268398225308,,,2759,,,0.0037054992,0.0001,,-0.0059486458543688055,,0.048832583501935006,0.8056790828704834,0.0344921875,0.2,,,,,,,,,,,,,
10,2836480,27.45,3,1408,7.643437385559082,,0.030795829370617867,,-0.10814841590821743,,,2764,,,0.0032192296,0.0001,,-0.0021652101958170534,,0.04639899607747793,0.7798589468002319,0.0283203125,0.2,,,,,,,,,,,,,
14,2841600,28.98,4,1375,7.578739166259766,,0.02509986236691475,,-0.1188245365768671,,,2769,,,0.0035619289,0.0001,,-0.0051617842959240075,,0.04755771346390247,0.7714250087738037,0.043125,0.2,,,,,,,,,,,,,
18,2846720,27.08,5,1355,7.635385513305664,,0.015385075472295284,,-0.10849317580461502,,,2774,,,0.0024125364,0.0001,,-0.0028512175101786854,,0.04224876452237367,0.8195583820343018,0.025859375,0.2,,,,,,,,,,,,,
22,2851840,30.93,6,1343,7.4685516357421875,,0.00614573247730732,,-0.09371878933161497,,,2779,,,0.003844297,0.0001,,-0.004623490604571998,,0.03206403378397226,0.7106808423995972,0.027265625,0.2,,,,,,,,,,,,,
26,2856960,28.41,7,1336,7.530665874481201,,0.011464654467999935,,-0.14987449824810029,,,2784,,,0.0066725328,0.0001,,-0.0027453052345663307,,0.05563861925154925,0.795856773853302,0.041484375,0.2,,,,,,,,,,,,,
30,2862080,26.46,8,1329,7.653670787811279,,0.02691141702234745,,-0.14054717928171157,,,2789,,,0.0030789734,0.0001,,-0.0018842726340517401,,0.05082221820950508,0.798708438873291,0.02625,0.2,,,,,,,,,,,,,
34,2867200,29.14,9,1323,7.567921161651611,,0.026449404656887054,,-0.10966508522629738,,,2794,,,0.0042412807,0.0001,,-0.0031623155158013107,,0.045863768085837364,0.6396984457969666,0.0311328125,0.2,,,,,,,,,,,,,
38,2872320,26.4,10,1315,7.655455112457275,,0.024717099964618683,,-0.13757745400071145,,,2799,,,0.0050980453,0.0001,,-0.003201174628920853,,0.04469687467440963,0.7929503917694092,0.0386328125,0.2,,,,,,,,,,,,,
,,,,,,,-0.0008958037942647934,,-0.11526760816574097,,,2804,,,0.0028750817,0.0001,,-0.003069812087342143,,0.03353911438956857,0.8732524514198303,0.0280859375,0.2,7.647988481521606,0.11356963383692442,0,1,6.056434594709994,1.0,26.86,2867200,,,,,
,,,,,,,,,,,,,,,,,,,,,,,,7.293948752880096,1.9940055433223647,1,1,30.776112490046565,0.97,31.47,2867200,,,,,
,,,,,,,,,,,,,,,,,,,,,,,,,,,1,,,,2867200,0.97,1.0,0.030000000000000027,0.97,1.0
2,2877440,30.19,1,1766,7.540449619293213,0.0010000000000000009,,5,,1,2867200,,3,1,,,0.0001,,200,,,,,,,,,,,,,,,,,
7,2882560,28.23,2,1405,7.6102447509765625,,0.024745555594563484,,-0.17288127407431603,,,2809,,,0.0059211995,0.0001,,-0.006446371590718627,,0.07396662313491106,0.8507464528083801,0.0477734375,0.2,,,,,,,,,,,,,
11,2887680,26.93,3,1373,7.6374616622924805,,0.019404195249080658,,-0.1284123392403126,,,2814,,,0.0061008683,0.0001,,-0.004535639858804643,,0.059805492497980596,0.7645559310913086,0.0362109375,0.2,,,,,,,,,,,,,
15,2892800,26.09,4,1356,7.665165424346924,,0.007242348976433277,,-0.09863470532000065,,,2819,,,0.0038273302,0.0001,,-0.0026890477677807213,,0.03512477990239859,0.7189894318580627,0.0269921875,0.2,,,,,,,,,,,,,
18,2897920,28.07,5,1355,7.5467000007629395,,-0.0006196713075041771,,-0.07843546025454998,,,2824,,,0.0049460717,0.0001,,-0.004898243313655257,,0.015155957695096731,0.7379453182220459,0.0303515625,0.2,,,,,,,,,,,,,
22,2903040,25.46,6,1351,7.668557167053223,,-0.007587596774101257,,-0.11062567397952079,,,2829,,,0.005841607,0.0001,,-0.004083841945976019,,0.027371047362685204,0.8216375112533569,0.042578125,0.2,,,,,,,,,,,,,
26,2908160,26.44,7,1345,7.638659477233887,,0.006499536335468292,,-0.10108817562460899,,,2834,,,0.005612102,0.0001,,-0.0042398282838985325,,0.030384707152843474,0.8017827868461609,0.0341796875,0.2,,,,,,,,,,,,,
30,2913280,26.67,8,1337,7.648903846740723,,0.012735127471387386,,-0.13621355816721917,,,2839,,,0.0040057763,0.0001,,-0.0021110298018902542,,0.04786662470549345,0.8036091327667236,0.0342578125,0.2,,,,,,,,,,,,,
34,2918400,27.52,9,1326,7.623364448547363,,0.010214605368673801,,-0.13531219884753226,,,2844,,,0.0030040506,0.0001,,-0.0026983857015147805,,0.036829712148755786,0.8482085466384888,0.0356640625,0.2,,,,,,,,,,,,,
38,2923520,27.11,10,1323,7.640289306640625,,0.016468163579702377,,-0.11465430416166783,,,2849,,,0.0043234196,0.0001,,-0.004867381122894585,,0.04447447514161468,0.7778511047363281,0.0347265625,0.2,,,,,,,,,,,,,
,,,,,,,0.006392431445419788,,-0.11400819785892963,,,2854,,,0.00328172,0.0001,,-0.004347703652456403,,0.03501057406887412,0.7656664252281189,0.03,0.2,7.63675552368164,0.24967196358847665,0,1,9.890293221133536,1.0,26.89,2918400,,,,,
,,,,,,,,,,,,,,,,,,,,,,,,6.884670321941376,2.910276615601353,1,1,44.763489586939045,0.93,37.1,2918400,,,,,
,,,,,,,,,,,,,,,,,,,,,,,,,,,1,,,,2918400,0.93,1.0,0.06999999999999995,0.93,1.0
3,2928640,28.28,1,1486,7.599477767944336,0.0010000000000000009,,5,,1,2918400,,3,1,,,0.0001,,200,,,,,,,,,,,,,,,,,
7,2933760,25.54,2,1301,7.673376083374023,,0.011815059930086136,,-0.13478627763688564,,,2859,,,0.003836422,0.0001,,-0.0018935543484985828,,0.04255416302010417,0.8008715510368347,0.0294921875,0.2,,,,,,,,,,,,,
11,2938880,26.43,3,1308,7.6403584480285645,,0.004462215583771467,,-0.06398999713361263,,,2864,,,0.0042076935,0.0001,,-0.004606809755787253,,0.013646751753985881,0.761172890663147,0.02625,0.2,,,,,,,,,,,,,
15,2944000,29.91,4,1296,7.553699493408203,,0.01736241579055786,,-0.09387616500258446,,,2869,,,0.0066493535,0.0001,,-0.0025210413848981263,,0.029213469699025153,0.7703794240951538,0.0387109375,0.2,,,,,,,,,,,,,
19,2949120,27.97,5,1295,7.613505840301514,,0.014851812273263931,,-0.13323817506432534,,,2874,,,0.002998807,0.0001,,-0.00026823236141353845,,0.052989210523664954,0.795621931552887,0.0273828125,0.2,,,,,,,,,,,,,
23,2954240,29.28,6,1294,7.504319667816162,,0.02644956298172474,,-0.12513258993625642,,,2879,,,0.002795516,0.0001,,-0.0019656589766964315,,0.06760158237069845,0.8030065894126892,0.0288671875,0.2,,,,,,,,,,,,,
27,2959360,26.24,7,1295,7.655364513397217,,0.024229053407907486,,-0.11044567734003068,,,2884,,,0.005016048,0.0001,,-0.0038851235527545213,,0.05318458061665297,0.8164212703704834,0.034609375,0.2,,,,,,,,,,,,,
31,2964480,28.19,8,1296,7.60272216796875,,0.004034256562590599,,-0.08028596553951502,,,2889,,,0.0035449278,0.0001,,-0.003327515968121588,,0.02723624959588051,0.7240661978721619,0.0258203125,0.2,,,,,,,,,,,,,
35,2969600,26.17,9,1296,7.655665874481201,,0.028805870562791824,,-0.1021458714455366,,,2894,,,0.0037787538,0.0001,,-0.0023315501119941474,,0.03732097994536161,0.808143138885498,0.0298046875,0.2,,,,,,,,,,,,,
39,2974720,24.8,10,1296,7.678410053253174,,-0.0036560213193297386,,-0.07918135307729245,,,2899,,,0.003200754,0.0001,,-0.0032761262636631728,,0.024540549982339142,0.776068925857544,0.02953125,0.2,,,,,,,,,,,,,
,,,,,,,0.00229722261428833,,-0.06860153954476118,,,2904,,,0.002324565,0.0001,,-0.0019500242453068496,,0.019942438621073963,0.7842788696289062,0.0207421875,0.2,7.669840769767761,0.09012337976624199,0,1,4.707185995900311,1.0,25.32,2969600,,,,,
,,,,,,,,,,,,,,,,,,,,,,,,7.172880558967591,2.234956630392423,1,1,35.932184737363244,0.96,33.59,2969600,,,,,
,,,,,,,,,,,,,,,,,,,,,,,,,,,1,,,,2969600,0.96,1.0,0.040000000000000036,0.96,1.0
2,2979840,27.97,1,1789,7.623506546020508,0.0010000000000000009,,5,,1,2969600,,3,1,,,0.0001,,200,,,,,,,,,,,,,,,,,
7,2984960,25.32,2,1453,7.674841403961182,,0.025320734828710556,,-0.10372610785067081,,,2909,,,0.003329418,0.0001,,-0.0023445551702752708,,0.04099671792238951,0.7898712754249573,0.028671875,0.2,,,,,,,,,,,,,
10,2990080,26.07,3,1402,7.662653923034668,,0.003670218400657177,,-0.05450312051922083,,,2914,,,0.0040920456,0.0001,,-0.0033690937515348197,,0.010410640994086862,0.7790635228157043,0.0221875,0.2,,,,,,,,,,,,,
14,2995200,26.44,4,1378,7.637296199798584,,0.0020733876153826714,,-0.07114802051335573,,,2919,,,0.0047436925,0.0001,,-0.004066090970300138,,0.014660390354692935,0.8290294408798218,0.0315234375,0.2,,,,,,,,,,,,,
18,3000320,26.33,5,1368,7.657800674438477,,-0.008128223940730095,,-0.08072350408881902,,,2924,,,0.006105161,0.0001,,-0.005907663688994944,,0.026802079547196628,0.8281569480895996,0.033828125,0.2,,,,,,,,,,,,,
22,3005440,27.85,6,1358,7.601846218109131,,0.005299072712659836,,-0.10259364731609821,,,2929,,,0.0051153945,0.0001,,-0.004987520212307572,,0.033833363093435764,0.8166874647140503,0.0361328125,0.2,,,,,,,,,,,,,
26,3010560,25.95,7,1356,7.65963077545166,,0.0030268030241131783,,-0.1130345905572176,,,2934,,,0.0035023135,0.0001,,-0.0025295637734234332,,0.04445752406492829,0.8333505988121033,0.030546875,0.2,,,,,,,,,,,,,
30,3015680,27.09,8,1353,7.623233795166016,,0.011969365179538727,,-0.07584940701723099,,,2939,,,0.004709836,0.0001,,-0.0037063395185396074,,0.024820668175816536,0.7901376485824585,0.0262890625,0.2,,,,,,,,,,,,,
34,3020800,27.5,9,1349,7.628352642059326,,0.009002020582556725,,-0.08255958013236522,,,2944,,,0.003861885,0.0001,,-0.004463399592787028,,0.029124901313334704,0.7764867544174194,0.031953125,0.2,,,,,,,,,,,,,
38,3025920,26.06,10,1347,7.660488128662109,,0.02120395191013813,,-0.07820930380374193,,,2949,,,0.0032739122,0.0001,,-0.0023425619211047887,,0.029598795976489782,0.7928860187530518,0.023828125,0.2,,,,,,,,,,,,,
,,,,,,,0.01847442239522934,,-0.07521198958158493,,,2954,,,0.003279841,0.0001,,-0.0028081269282847644,,0.03012987969443202,0.7670477628707886,0.024375,0.2,7.657238483428955,0.09696378869357893,0,1,5.810714241812275,1.0,26.34,3020800,,,,,
,,,,,,,,,,,,,,,,,,,,,,,,7.5623748803138735,1.1491597159463405,1,1,17.929963747871884,0.99,26.58,3020800,,,,,
,,,,,,,,,,,,,,,,,,,,,,,,,,,1,,,,3020800,0.99,1.0,0.010000000000000009,0.99,1.0
,,,,,,,,,,,,,,,,,,,,,,,,7.6571703004837035,0.12081124930462533,0,1,6.100131146131204,1.0,26.22,3020800,,,,,
,,,,,,,,,,,,,,,,,,,,,,,,7.424999859333038,1.5450488354602847,1,1,27.471483396424013,0.98,29.76,3020800,,,,,
,,,,,,,,,,,,,,,,,,,,,,,,,,,1,,,,3020800,0.98,1.0,0.020000000000000018,0.98,1.0
3,3031040,26.93,1,1673,7.636778354644775,0.0010000000000000009,,5,,0,3020800,,3,1,,,0.0001,,200,,,,,,,,,,,,,,,,,
7,3036160,26.41,2,1400,7.6548919677734375,,0.006993996910750866,,-0.07563226956874132,,,2959,,,0.0037978378,0.0001,,-0.00021652251947671175,,0.028635942824184895,0.7994409799575806,0.028046875,0.2,,,,,,,,,,,,,
11,3041280,25.75,3,1376,7.668154239654541,,0.016461538150906563,,-0.09295630317181348,,,2964,,,0.0037859068,0.0001,,-0.002016803058795631,,0.0347568691894412,0.8066727519035339,0.03046875,0.2,,,,,,,,,,,,,
15,3046400,27.5,4,1338,7.62039852142334,,0.012475620023906231,,-0.06569238092750311,,,2969,,,0.0038294576,0.0001,,-0.0007826040545478463,,0.0160512260068208,0.7730885148048401,0.020859375,0.2,,,,,,,,,,,,,
19,3051520,25.84,5,1329,7.668773174285889,,0.001375017687678337,,-0.12005918487906456,,,2974,,,0.0054884944,0.0001,,-0.0035102404281497,,0.04381206475198269,0.8374512195587158,0.0357421875,0.2,,,,,,,,,,,,,
23,3056640,26.34,6,1292,7.643374443054199,,0.006181437522172928,,-0.080558747574687,,,2979,,,0.003189595,0.0001,,-0.001072208397090435,,0.018213527435436846,0.8230504989624023,0.023359375,0.2,,,,,,,,,,,,,
27,3061760,25.82,7,1312,7.668534755706787,,0.01209171675145626,,-0.09177231818437576,,,2984,,,0.0033719738,0.0001,,-0.0026277442649006843,,0.030759443156421186,0.8293778300285339,0.0293359375,0.2,,,,,,,,,,,,,
30,3066880,28.42,8,1332,7.526465892791748,,-0.0009555881842970848,,-0.08170338422060013,,,2989,,,0.0037112976,0.0001,,-0.004278333471156657,,0.02062358903698623,0.8513615131378174,0.0316015625,0.2,,,,,,,,,,,,,
34,3072000,28.56,9,1331,7.5923638343811035,,-0.006546488031744957,,-0.09260249808430672,,,2994,,,0.009641843,0.0001,,-0.0033579232124611737,,0.0331217054463923,0.8339869976043701,0.04140625,0.2,,,,,,,,,,,,,
38,3077120,26.14,10,1335,7.660534858703613,,-0.001357484608888626,,-0.11234374359250068,,,2999,,,0.0039816042,0.0001,,-0.002847189432941377,,0.04193628270179033,0.7858031988143921,0.0369921875,0.2,,,,,,,,,,,,,
,,,,,,,0.012988594360649586,,-0.1004548055678606,,,3004,,,0.0036304276,0.0001,,-0.002352959793061018,,0.043925380315631625,0.7523837089538574,0.0232421875,0.2,7.654744186401367,0.15375567692248074,0,1,6.810836952974282,1.0,26.15,3072000,,,,,
,,,,,,,,,,,,,,,,,,,,,,,,7.341642017364502,1.7863514248301064,1,1,30.6605593556282,0.98,31.49,3072000,,,,,
,,,,,,,,,,,,,,,,,,,,,,,,,,,1,,,,3072000,0.98,1.0,0.020000000000000018,0.98,1.0
2,3082240,27.75,1,1934,7.604745388031006,0.0010000000000000009,,5,,0,3072000,,3,1,,,0.0001,,200,,,,,,,,,,,,,,,,,
7,3087360,27.62,2,1460,7.612512111663818,,0.021668190136551857,,-0.12576677851378917,,,3009,,,0.007198315,0.0001,,-0.003536157417111099,,0.04756250066682696,0.8290857076644897,0.0354296875,0.2,,,,,,,,,,,,,
10,3092480,27.37,3,1403,7.631119251251221,,0.005209519527852535,,-0.08652995385229588,,,3014,,,0.0028951888,0.0001,,-0.00428378876298666,,0.04194947289302945,0.7680901885032654,0.0272265625,0.2,,,,,,,,,,,,,
