time/iterations,time/total_timesteps,time/time_elapsed,time/fps,train/n_updates,train/approx_kl,train/clip_fraction,train/clip_range,train/learning_rate,train/loss,train/explained_variance,train/entropy_loss,train/policy_gradient_loss,train/value_loss
1,5120,2,1709,,,,,,,,,,
2,10240,8,1183,10,0.006998857,0.0333203125,0.2,0.0003,1.5440086126327515,-0.0097503662109375,-1.057853661775589,-0.004230492354836315,3.3577829384803772
3,15360,13,1105,20,0.009540205,0.096875,0.2,0.0003,1.1040705442428589,0.030424654483795166,-1.0538291478157042,-0.010598056691233069,2.6538808238506317
4,20480,18,1088,30,0.011036819,0.12056640625,0.2,0.0003,1.3275245428085327,0.07662451267242432,-1.0383514711260795,-0.012786843101494014,2.245271064043045
5,25600,24,1063,40,0.0086176675,0.10865234375,0.2,0.0003,0.8635445833206177,0.035875558853149414,-1.0206120428442955,-0.009897742099128663,2.03698666870594
6,30720,29,1044,50,0.01037422,0.1241015625,0.2,0.0003,0.883797824382782,0.13979333639144897,-0.9812317216396331,-0.010888047304470093,1.8843249535560609
7,35840,34,1034,60,0.0095516145,0.12603515625,0.2,0.0003,0.7532665133476257,0.1946430802345276,-0.9397530019283294,-0.00934266712050885,1.569510428905487
8,40960,39,1024,70,0.010591222,0.14791015625,0.2,0.0003,0.39507609605789185,0.37061482667922974,-0.9560659551620483,-0.00989838942186907,1.2019971081614493
9,46080,44,1026,80,0.011099341,0.1532421875,0.2,0.0003,0.4048057496547699,0.3400949239730835,-0.8731843248009682,-0.00645648822421208,0.9819355061650277
10,51200,50,1023,90,0.0108736735,0.14791015625,0.2,0.0003,0.34049180150032043,0.4635559320449829,-0.8340509551763534,-0.00722431592643261,0.8990639817714691
1,56320,2,2216,100,0.010111881,0.15947265625,0.2,0.0003,0.3600578010082245,0.47777533531188965,-0.782560806274414,-0.009294965723529457,0.7334048461914062
2,61440,7,1317,110,0.011845121,0.153515625,0.2,0.0003,0.16761283576488495,0.3819301724433899,-0.7949941620230675,-0.007308120883535594,0.45002114757895467
3,66560,13,1139,120,0.012474496,0.13921875,0.2,0.0003,0.13272199034690857,0.5051702857017517,-0.7827905023097992,-0.005517646519001574,0.3513246655464172
4,71680,19,1061,130,0.01076824,0.14357421875,0.2,0.0003,0.14494800567626953,0.596775233745575,-0.7829110383987427,-0.006359080234542489,0.3413889667391777
5,76800,25,1020,140,0.009896012,0.1521484375,0.2,0.0003,0.1641303300857544,0.569764256477356,-0.7646862554550171,-0.007562880266923457,0.3473656918108463
6,81920,31,986,150,0.010113318,0.1389453125,0.2,0.0003,0.14871440827846527,0.6318999528884888,-0.75879049628973,-0.006398232594365254,0.3984375940263271
7,87040,37,966,160,0.00970372,0.1357421875,0.2,0.0003,0.14540791511535645,0.6596030592918396,-0.7499125683307648,-0.008036691793240607,0.3605347464978695
8,92160,42,957,170,0.013919505,0.1401953125,0.2,0.0003,0.16261598467826843,0.6359493732452393,-0.7013736042380333,-0.0050201856647618115,0.3487191367149353
9,97280,48,948,180,0.012088996,0.15193359375,0.2,0.0003,0.1397668570280075,0.6952021718025208,-0.6793274694681167,-0.00439346645027399,0.3162287919968367
10,102400,54,941,190,0.011683269,0.1671875,0.2,0.0003,0.1710359901189804,0.6820344924926758,-0.6462374013662339,-0.006059474039357155,0.39351555168628694
1,107520,2,2267,200,0.013942595,0.14494140625,0.2,0.0003,0.1318735033273697,0.550818920135498,-0.5923365670442581,-0.0031322211609221993,0.3136236844956875
2,112640,7,1353,210,0.015831795,0.16951171875,0.2,0.0003,0.0767677053809166,0.7024333477020264,-0.5672754999995232,-0.005885256612673402,0.23266169257462024
3,117760,12,1222,220,0.014384042,0.148515625,0.2,0.0003,0.0683845579624176,0.6627347469329834,-0.542017243951559,-0.008436798013281076,0.194258691072464
4,122880,17,1175,230,0.01736238,0.15408203125,0.2,0.0003,0.05018290877342224,0.6779420971870422,-0.5272809357941151,-0.008808848774060607,0.1553741106018424
5,128000,22,1147,240,0.02266769,0.163359375,0.2,0.0003,0.04191950336098671,0.7191702127456665,-0.496085085272789,-0.009976280506234616,0.16274465817958117
6,133120,27,1101,250,0.010869354,0.1203515625,0.2,0.0003,0.022622134536504745,0.6916936635971069,-0.44958911210298536,-0.008888642336241901,0.14485076639801264
7,138240,33,1058,260,0.009157493,0.1118359375,0.2,0.0003,0.05923117324709892,0.7084823846817017,-0.4404765446484089,-0.00864588173571974,0.17186369504779578
8,143360,40,1021,270,0.013224172,0.11841796875,0.2,0.0003,0.026229068636894226,0.5811434388160706,-0.39809938609600065,-0.009477897332981228,0.09598724627867342
9,148480,46,994,280,0.016054131,0.11404296875,0.2,0.0003,0.025165926665067673,0.7360424995422363,-0.3969650064408779,-0.006026840209960938,0.06126389546319842
10,153600,52,974,290,0.014248401,0.12625,0.2,0.0003,0.006081748753786087,0.7743604779243469,-0.42018852606415746,-0.005837263199500739,0.08344055820256471
1,158720,3,1683,300,0.012083998,0.11802734375,0.2,0.0003,0.00787501223385334,0.7783227562904358,-0.40708444759249685,-0.012594926252495498,0.0793070206604898
2,163840,9,1113,310,0.012082525,0.10892578125,0.2,0.0003,0.016514917835593224,0.7073497176170349,-0.3509047386050224,-0.007110424225684256,0.09159998962655663
3,168960,15,1006,320,0.011151357,0.104453125,0.2,0.0003,0.015031643211841583,0.7276829481124878,-0.37359306916594504,-0.010226665404625237,0.11613194901496172
4,174080,21,956,330,0.011763215,0.10580078125,0.2,0.0003,0.022604409605264664,0.7309471964836121,-0.3601517930626869,-0.01059593056794256,0.09253233328461646
5,179200,27,939,340,0.01212254,0.1151171875,0.2,0.0003,0.021914569661021233,0.7909147143363953,-0.36221864476799964,-0.010028900247998535,0.10241208449006081
6,184320,32,943,350,0.0109396335,0.0928125,0.2,0.0003,0.030162202194333076,0.7081078290939331,-0.3212613332271576,-0.004852671059779823,0.10014415528625249
7,189440,37,946,360,0.015579872,0.09357421875,0.2,0.0003,-0.0008469969034194946,0.6563195586204529,-0.29333555161952973,-0.007884952034801244,0.05908817123621702
8,194560,42,953,370,0.017482108,0.111015625,0.2,0.0003,0.008081389591097832,0.6692063808441162,-0.30463037580251695,-0.010166042463388293,0.040535996612161396
9,199680,47,962,380,0.015655864,0.10091796875,0.2,0.0003,0.006201861426234245,0.6484758853912354,-0.27302658997476104,-0.0015191787132062017,0.030850894693285228
10,204800,52,966,390,0.018425481,0.10708984375,0.2,0.0003,-0.024711687117815018,0.7725531458854675,-0.2852300582826138,-0.009945771158672869,0.035522530181333424
1,209920,2,2168,400,0.010365477,0.09615234375,0.2,0.0003,-7.473118603229523e-05,0.7737394571304321,-0.28041816525161267,-0.008927450161427259,0.05761497852392495
2,215040,7,1385,410,0.010600769,0.07919921875,0.2,0.0003,0.019109411165118217,0.792766273021698,-0.25822724007070064,-0.008671623249538242,0.052548537999391555
3,220160,12,1248,420,0.014404306,0.09962890625,0.2,0.0003,0.008467653766274452,0.8065968155860901,-0.2932217691093683,-0.009301066626794635,0.06283767381682992
4,225280,17,1185,430,0.013284242,0.09333984375,0.2,0.0003,0.01790894940495491,0.7342910766601562,-0.2567189721018076,-0.0076048093661665915,0.07567605821415782
5,230400,22,1150,440,0.013195826,0.0858203125,0.2,0.0003,0.008386079221963882,0.7484687566757202,-0.29987226650118826,-0.00951277480693534,0.08571562314406038
6,235520,27,1128,450,0.011757262,0.08796875,0.2,0.0003,0.019461173564195633,0.8238321542739868,-0.28171997785568237,-0.010570153950247914,0.09326922303065657
7,240640,32,1113,460,0.011556117,0.08083984375,0.2,0.0003,-0.006440635770559311,0.7458922863006592,-0.23174613758921622,-0.007951695246156305,0.05219754363410175
8,245760,36,1107,470,0.011859808,0.0817578125,0.2,0.0003,-0.0021750368177890778,0.7568723559379578,-0.2731669630855322,-0.0059934504376724365,0.06562953097745776
9,250880,41,1098,480,0.012985463,0.09134765625,0.2,0.0003,-0.008854441344738007,0.7458165287971497,-0.26121392197906973,-0.00697905350709334,0.05495574325323105
10,256000,46,1091,490,0.011424734,0.0822265625,0.2,0.0003,-0.007748980075120926,0.809377908706665,-0.23529483243823052,-0.00977216272149235,0.04818083167076111
1,261120,2,2246,500,0.012399559,0.08357421875,0.2,0.0003,-0.00252530537545681,0.7560763359069824,-0.25199988439679144,-0.007698348769918084,0.07130064705386757
2,266240,7,1369,510,0.012573834,0.0935546875,0.2,0.0003,0.056768711656332016,0.8114190101623535,-0.34060311362147333,-0.009814920325297863,0.12068115338683129
3,271360,12,1240,520,0.012977873,0.088203125,0.2,0.0003,0.045916587114334106,0.7487016916275024,-0.25019872330129145,-0.01001625285949558,0.08308933597058057
4,276480,17,1163,530,0.021622568,0.09162109375,0.2,0.0003,0.045771680772304535,0.7060245275497437,-0.3016735015809536,-0.009324400161858648,0.12089784380048513
5,281600,22,1114,540,0.01844945,0.123203125,0.2,0.0003,0.007582485675811768,0.6937267780303955,-0.36945400580763815,-0.012211425693240017,0.08876430492848159
6,286720,28,1094,550,0.012587046,0.10955078125,0.2,0.0003,0.004195366054773331,0.7425816059112549,-0.34845233127474784,-0.009929600451141597,0.08190503895282746
7,291840,32,1086,560,0.015013495,0.11591796875,0.2,0.0003,-0.005501052364706993,0.6167570948600769,-0.3361353062093258,-0.006886864812113345,0.05582119831815362
8,296960,38,1074,570,0.014016631,0.11365234375,0.2,0.0003,0.031003404408693314,0.6996152997016907,-0.31731419265270233,-0.010256896867649629,0.054246405959129336
9,302080,43,1064,580,0.014633454,0.08908203125,0.2,0.0003,-0.006301309913396835,0.6353805065155029,-0.24931353472173215,-0.009705762777011842,0.04008282364346087
10,307200,48,1063,590,0.0093797315,0.0805859375,0.2,0.0003,0.0029531680047512054,0.7369268536567688,-0.2710685381293297,-0.010276257547084243,0.04051185945048928
1,312320,2,2267,600,0.008223774,0.07013671875,0.2,0.0003,-0.01719166710972786,0.7571578025817871,-0.2758700728416443,-0.005772780266124755,0.05795028747990728
2,317440,7,1303,610,0.01337886,0.08501953125,0.2,0.0003,-0.01658794656395912,0.8293923735618591,-0.2506308181583881,-0.011775366091169416,0.04362134536728263
3,322560,12,1196,620,0.01109658,0.09099609375,0.2,0.0003,-0.0022033900022506714,0.834435224533081,-0.27090246878564356,-0.009465325919445605,0.06013321526348591
4,327680,17,1151,630,0.010083477,0.07509765625,0.2,0.0003,-0.0006196536123752594,0.8122751712799072,-0.2455186841636896,-0.010249646487645805,0.07117599159479142
5,332800,22,1125,640,0.0127029065,0.07740234375,0.2,0.0003,-0.012881701812148094,0.7190283536911011,-0.1909307111054659,-0.0076707793632522225,0.03631535313092172
6,337920,27,1101,650,0.016160099,0.09830078125,0.2,0.0003,0.005159642547369003,0.770237922668457,-0.2689835372567177,-0.011315016811713575,0.07192133141681552
7,343040,32,1098,660,0.009607933,0.07484375,0.2,0.0003,0.015427304431796074,0.8531885743141174,-0.2717898237705231,-0.00803373298374936,0.07395976899191738
8,348160,37,1088,670,0.013692282,0.0828125,0.2,0.0003,0.009227491915225983,0.8122224807739258,-0.247449142485857,-0.007728852415457368,0.10100785864517092
9,353280,42,1074,680,0.010474114,0.07841796875,0.2,0.0003,0.015009474009275436,0.8068222999572754,-0.23796877428889274,-0.008718752802815288,0.07532161220908165
10,358400,47,1069,690,0.013225814,0.08107421875,0.2,0.0003,0.00029002130031585693,0.8714524507522583,-0.23234665870666504,-0.011618080884218215,0.05002980384044349
1,363520,2,2151,700,0.011724925,0.07375,0.2,0.0003,0.02021346613764763,0.7095077633857727,-0.20018034636974336,-0.00690073445905,0.054341058125719426
2,368640,7,1369,710,0.01139045,0.08400390625,0.2,0.0003,-0.005188990384340286,0.7971429824829102,-0.24030720748007298,-0.011271724074613304,0.07462444931268691
3,373760,12,1250,720,0.012307374,0.0809375,0.2,0.0003,-0.009346609935164452,0.6239914298057556,-0.21204013139009475,-0.010099900770001113,0.04262242641299963
4,378880,17,1196,730,0.010734986,0.09451171875,0.2,0.0003,0.008532922714948654,0.7507476806640625,-0.28612975634634497,-0.011832304450217634,0.06778150830417871
5,384000,21,1171,740,0.009254026,0.07296875,0.2,0.0003,0.01682385429739952,0.7397183179855347,-0.24749328911304475,-0.009847313289064914,0.07007048074156046
6,389120,26,1142,750,0.011713796,0.083046875,0.2,0.0003,-0.0017368178814649582,0.6693447828292847,-0.23133474841713905,-0.008391787356231362,0.04051847721450031
7,394240,32,1119,760,0.013705136,0.08861328125,0.2,0.0003,-0.009544001892209053,0.7444579601287842,-0.26615391075611117,-0.008498199910391122,0.03713950647972524
8,399360,37,1099,770,0.013417041,0.0988671875,0.2,0.0003,0.013914301991462708,0.7676373720169067,-0.3111044213175774,-0.010813096223864704,0.0755305908806622
9,404480,42,1083,780,0.014713364,0.1001171875,0.2,0.0003,-0.006909362971782684,0.7785490155220032,-0.2595889815688133,-0.012706693548243492,0.05482044326141477
10,409600,48,1054,790,0.013862346,0.0884765625,0.2,0.0003,0.0004764646291732788,0.7200248837471008,-0.24724492363631725,-0.011611919074784965,0.04162958424538374
1,414720,2,1752,800,0.015075326,0.09421875,0.2,0.0003,0.001985848881304264,0.7454413175582886,-0.2550164079666138,-0.012706512929871678,0.022240016558207572
2,419840,8,1177,810,0.017444499,0.11322265625,0.2,0.0003,-0.0054739899933338165,0.7946053147315979,-0.30048116728663443,-0.011295893252827227,0.03876295040361583
3,424960,14,1088,820,0.008450006,0.083359375,0.2,0.0003,-2.9552727937698364e-05,0.7523140907287598,-0.28593826092779634,-0.010583228953182698,0.06252281310036778
4,430080,19,1069,830,0.010788288,0.0856640625,0.2,0.0003,-0.004668422043323517,0.7082551717758179,-0.254696162045002,-0.011634205719456076,0.04961906787008047
5,435200,24,1053,840,0.012143888,0.09078125,0.2,0.0003,-0.007077228277921677,0.7394145727157593,-0.27945633329451086,-0.007817630551289766,0.06047700501978397
6,440320,29,1050,850,0.013890481,0.10111328125,0.2,0.0003,-0.008489126339554787,0.7164695858955383,-0.26052938543260096,-0.013476000782102347,0.050710034603253004
7,445440,34,1051,860,0.013201612,0.0837890625,0.2,0.0003,-0.006756540387868881,0.7654910087585449,-0.2573279406130314,-0.01297265778761357,0.0395882455445826
8,450560,39,1049,870,0.019947704,0.12228515625,0.2,0.0003,-0.019439443945884705,0.7410814762115479,-0.2816889728605747,-0.013158942759037017,0.04523705454543233
9,455680,44,1045,880,0.012496089,0.0975390625,0.2,0.0003,0.004465613514184952,0.7896159887313843,-0.29807977482676506,-0.015687072277069093,0.06580023700371385
10,460800,49,1042,890,0.010921742,0.0920703125,0.2,0.0003,0.032878659665584564,0.7615691423416138,-0.27072428792715075,-0.011623383036348968,0.06804856551811099
1,465920,2,1972,900,0.0128080975,0.0725390625,0.2,0.0003,0.0016381535679101944,0.7046141624450684,-0.21218708842992784,-0.007995883596595376,0.04520286587998271
2,471040,7,1312,910,0.011340046,0.0964453125,0.2,0.0003,0.0005600433796644211,0.8047509789466858,-0.2863844708353281,-0.01350394926732406,0.05480729091912508
3,476160,12,1209,920,0.011754343,0.08576171875,0.2,0.0003,0.006022963672876358,0.8341888785362244,-0.2526669092476368,-0.009823525829706341,0.05498935162089765
4,481280,17,1157,930,0.010580844,0.09115234375,0.2,0.0003,0.0024101119488477707,0.7953389883041382,-0.251319732144475,-0.014380717962048949,0.058115364611148836
5,486400,22,1117,940,0.011390427,0.088359375,0.2,0.0003,0.015562977641820908,0.7644755840301514,-0.29403727270662783,-0.013793181360233575,0.08663352442905307
6,491520,28,1087,950,0.017954333,0.098203125,0.2,0.0003,0.0030481480062007904,0.7387966513633728,-0.3113022576272488,-0.012987685851985589,0.07714975088834762
7,496640,33,1076,960,0.014977289,0.10943359375,0.2,0.0003,-0.005005793645977974,0.6562236547470093,-0.33903104841709136,-0.014165850665885955,0.05850880058482289
8,501760,38,1064,970,0.016143143,0.10921875,0.2,0.0003,-0.01684742234647274,0.6593321561813354,-0.3513462160527706,-0.011991248726844787,0.039815127300098535
9,506880,43,1054,980,0.01683234,0.11318359375,0.2,0.0003,-0.014120616018772125,0.652953028678894,-0.34342004880309107,-0.012944776152726262,0.03657130803912878
10,512000,48,1050,990,0.015507293,0.11578125,0.2,0.0003,-0.015670333057641983,0.7276393175125122,-0.3572883884608746,-0.013836883526528254,0.039222733769565823
1,517120,2,2238,1000,0.013272541,0.11642578125,0.2,0.0003,0.005940193310379982,0.8026987314224243,-0.34813771829009055,-0.013605733485892415,0.05186647269874811
2,522240,7,1396,1010,0.014019391,0.09541015625,0.2,0.0003,-0.006978260353207588,0.7415837049484253,-0.311315882652998,-0.012193698856281117,0.04588473950512707
3,527360,12,1248,1020,0.0131915165,0.10423828125,0.2,0.0003,-0.011243928223848343,0.7415589094161987,-0.33939339891076087,-0.013082167063839734,0.06838620837777853
4,532480,17,1187,1030,0.013089128,0.1076953125,0.2,0.0003,0.006810123100876808,0.7360498905181885,-0.32539522722363473,-0.012372596501372755,0.05465636068955064
5,537600,22,1151,1040,0.019880936,0.111953125,0.2,0.0003,-0.0043029822409152985,0.7763155698776245,-0.31543919995427133,-0.012892016619443893,0.05758543252013624
6,542720,27,1119,1050,0.0108010415,0.096328125,0.2,0.0003,0.008540354669094086,0.7584995627403259,-0.2929261012375355,-0.014054858000017703,0.051655302587896586
7,547840,32,1105,1060,0.012190298,0.0984375,0.2,0.0003,0.013145405799150467,0.8290045261383057,-0.314919840246439,-0.01116101533640176,0.05711151754483581
8,552960,37,1094,1070,0.011869286,0.095703125,0.2,0.0003,0.008860604837536812,0.8075306415557861,-0.2701178102940321,-0.011982627951074392,0.04244725502096117
9,558080,42,1089,1080,0.015173336,0.102265625,0.2,0.0003,-0.0010630451142787933,0.8565689921379089,-0.3110416255891323,-0.010808025228325278,0.06368005882017315
10,563200,47,1079,1090,0.014681205,0.10552734375,0.2,0.0003,0.04194758087396622,0.7751789093017578,-0.3022082252800465,-0.011509024866390972,0.08201520567759872
1,568320,2,2260,1100,0.013028033,0.09287109375,0.2,0.0003,0.03629531338810921,0.7386974096298218,-0.28018846318125723,-0.011523565875831992,0.07221896637231112
2,573440,7,1377,1110,0.0153767895,0.10392578125,0.2,0.0003,-0.00653471052646637,0.7455352544784546,-0.31075369760394095,-0.012884666093159467,0.08007712859660387
3,578560,12,1239,1120,0.011181541,0.0973046875,0.2,0.0003,0.0074347322806715965,0.8118085861206055,-0.3211548402905464,-0.012370983872096985,0.04831114421598613
4,583680,17,1173,1130,0.0137423,0.10283203125,0.2,0.0003,-0.004361510276794434,0.6416451930999756,-0.3614829930663109,-0.01534137423383072,0.09886074727401137
5,588800,22,1139,1140,0.014562035,0.1020703125,0.2,0.0003,-0.0193234384059906,0.7323570251464844,-0.33968981698155404,-0.01269537623040378,0.05977647177875042
6,593920,27,1104,1150,0.012090841,0.1191015625,0.2,0.0003,0.0036829859018325806,0.7949726581573486,-0.34449308052659033,-0.014629386987071485,0.0626913060620427
7,599040,32,1089,1160,0.015547497,0.1013671875,0.2,0.0003,-0.0053939130157232285,0.7388625144958496,-0.32866368532180784,-0.012159495693631471,0.05987430357374251
8,604160,37,1078,1170,0.01663218,0.108984375,0.2,0.0003,-0.009029414504766464,0.7043534517288208,-0.3321455895900726,-0.014822794287465513,0.045956744188442825
9,609280,43,1067,1180,0.018435864,0.13021484375,0.2,0.0003,-0.019354596734046936,0.7837246060371399,-0.3433536820113659,-0.016364358169957995,0.04748074675910175
10,614400,48,1061,1190,0.015954752,0.11984375,0.2,0.0003,-0.0040132757276296616,0.7013789415359497,-0.3246169936656952,-0.012825616081245243,0.04773772807791829
1,619520,2,2141,1200,0.014206332,0.12216796875,0.2,0.0003,-0.00873309001326561,0.8446998596191406,-0.34751271083950996,-0.012895554800052196,0.04167004335671663
2,624640,7,1370,1210,0.0155983865,0.10576171875,0.2,0.0003,-0.026368411257863045,0.825551450252533,-0.2855234657227993,-0.013129348633810878,0.021010687733069064
3,629760,12,1233,1220,0.017175557,0.12443359375,0.2,0.0003,-0.02698844112455845,0.6958103179931641,-0.3289334450662136,-0.016190434962045402,0.035501287374645474
4,634880,17,1176,1230,0.016038058,0.12033203125,0.2,0.0003,0.0022200793027877808,0.8016043901443481,-0.33046636909246446,-0.015947704003192485,0.05406488506123423
5,640000,22,1154,1240,0.012165666,0.1021484375,0.2,0.0003,-0.02208646945655346,0.7893368005752563,-0.2981349391490221,-0.013917532518971711,0.05476412719115615
6,645120,27,1137,1250,0.016574465,0.1040625,0.2,0.0003,0.004343822598457336,0.7353977560997009,-0.2795757872611284,-0.01495748539455235,0.05083696526475251
7,650240,32,1113,1260,0.013691363,0.09564453125,0.2,0.0003,0.011701119132339954,0.8192005753517151,-0.28895238943398,-0.01495474066818133,0.038694351576268673
8,655360,37,1103,1270,0.018626152,0.10322265625,0.2,0.0003,0.013004929758608341,0.7446190118789673,-0.2604806622862816,-0.009305977576877922,0.04563320093788206
9,660480,42,1089,1280,0.01689609,0.1048046875,0.2,0.0003,-0.0055087171494960785,0.7674649953842163,-0.27323625355958936,-0.012272093365900218,0.040743792876601216
10,665600,47,1085,1290,0.013853451,0.09072265625,0.2,0.0003,-0.013075891882181168,0.7941040396690369,-0.24295622766017913,-0.011073181049432605,0.03992972538806498
1,670720,2,2238,1300,0.013904424,0.09728515625,0.2,0.0003,-0.009017396718263626,0.7874724864959717,-0.261667447835207,-0.013605837244540453,0.041916399067267775
2,675840,7,1418,1310,0.012435945,0.09583984375,0.2,0.0003,0.005269249901175499,0.8432462215423584,-0.27456726908683776,-0.014864069221075624,0.05775870133191347
3,680960,12,1270,1320,0.023329025,0.107421875,0.2,0.0003,-0.013507554307579994,0.8388547897338867,-0.2703736974298954,-0.016658838018774987,0.030709865558892487
4,686080,17,1200,1330,0.015131381,0.0919140625,0.2,0.0003,-0.013348122127354145,0.8043878078460693,-0.29403596475720406,-0.013089919281192124,0.0417357846070081
5,691200,22,1162,1340,0.01638009,0.1044140625,0.2,0.0003,-0.012248550541698933,0.7951658368110657,-0.2812801204621792,-0.001777500428725034,0.029406797722913325
6,696320,26,1138,1350,0.016469765,0.100234375,0.2,0.0003,-0.004970577545464039,0.8363333344459534,-0.2785867222398519,-0.013223062963224947,0.03593280754983425
7,701440,31,1123,1360,0.016310254,0.10291015625,0.2,0.0003,-0.0075729042291641235,0.8931694626808167,-0.28618111573159694,-0.0062049747887067495,0.029538420499302446
8,706560,37,1102,1370,0.017399088,0.095078125,0.2,0.0003,0.007525949273258448,0.8089984655380249,-0.21986636944115162,-0.00741603605914861,0.02204371288884431
9,711680,42,1086,1380,0.013543354,0.09404296875,0.2,0.0003,-0.011840310879051685,0.9020464420318604,-0.28005104020237925,-0.012346536749973894,0.03944977832958102
10,716800,47,1079,1390,0.013613217,0.093984375,0.2,0.0003,0.01753918081521988,0.861192524433136,-0.302392535507679,-0.01162809282541275,0.07427832249552012
1,721920,2,2180,1400,0.014913676,0.08818359375,0.2,0.0003,-0.002796778455376625,0.8577641248703003,-0.2693787124752998,-0.01266351408790797,0.054153620935976504
2,727040,7,1353,1410,0.012998855,0.08994140625,0.2,0.0003,0.03140287101268768,0.6620228290557861,-0.2831123984605074,-0.010729878665879369,0.09738021232187748
3,732160,12,1216,1420,0.013979319,0.1026953125,0.2,0.0003,0.006624726578593254,0.6849851608276367,-0.30319796830415724,-0.013504793432075531,0.0554033746663481
4,737280,17,1156,1430,0.015108539,0.09583984375,0.2,0.0003,0.008921271190047264,0.7826012969017029,-0.2770825097709894,-0.011640462257200852,0.035938633773475885
5,742400,22,1128,1440,0.019646505,0.1043359375,0.2,0.0003,-0.03078584000468254,0.8487802743911743,-0.2857920056581497,-0.012937739829067142,0.03331607691477984
6,747520,27,1113,1450,0.015479393,0.103984375,0.2,0.0003,-0.0009373156353831291,0.7335972785949707,-0.2791666478663683,-0.014577662127558143,0.03717759019695222
7,752640,32,1099,1460,0.013924174,0.111796875,0.2,0.0003,0.005585085600614548,0.7432511448860168,-0.31952368885278704,-0.01809036890277639,0.07391263078898191
8,757760,37,1092,1470,0.012347924,0.1073828125,0.2,0.0003,-0.01990431174635887,0.7214009761810303,-0.3094919814169407,-0.018012736577074976,0.04642648053355515
9,762880,42,1085,1480,0.014537993,0.11123046875,0.2,0.0003,-0.0004352964460849762,0.7434488534927368,-0.33659379959106445,-0.015369115902576596,0.05672808015719056
10,768000,47,1078,1490,0.0144531205,0.10826171875,0.2,0.0003,-0.027351869270205498,0.7942831516265869,-0.3131914599239826,-0.021856341790407897,0.026352464095689355
1,773120,2,2108,1500,0.013201895,0.09822265625,0.2,0.0003,-0.020493924617767334,0.8214898705482483,-0.3237536479532719,-0.016659782729111613,0.05494185010902584
2,778240,7,1361,1510,0.014144696,0.1038671875,0.2,0.0003,-0.005591545253992081,0.8012434244155884,-0.29820589542388914,-0.014499789285473526,0.044372677784413096
3,783360,12,1237,1520,0.016093504,0.105859375,0.2,0.0003,-0.01690971478819847,0.7019016742706299,-0.28271339148283003,-0.01412579241907224,0.04825983236543834
4,788480,17,1174,1530,0.016170437,0.11791015625,0.2,0.0003,-0.009845428168773651,0.8240846991539001,-0.3564961099624634,-0.015358984202612192,0.05330811060033738
5,793600,22,1138,1540,0.01840451,0.11296875,0.2,0.0003,-0.007812894880771637,0.7810107469558716,-0.31912113904953004,-0.01592206279048696,0.05871607495471835
6,798720,27,1110,1550,0.015426491,0.10947265625,0.2,0.0003,-0.00580872967839241,0.8329302668571472,-0.3074680607020855,-0.015746783374343067,0.05070346330292523
7,803840,32,1090,1560,0.01623168,0.10875,0.2,0.0003,-0.006064211949706078,0.7654151916503906,-0.3101325310766697,-0.016310315039008857,0.043162670554593205
8,808960,37,1081,1570,0.017008921,0.09978515625,0.2,0.0003,-0.019195223227143288,0.665992259979248,-0.2412571173161268,-0.013764467316213995,0.01745052171871066
9,814080,43,1070,1580,0.016386503,0.10853515625,0.2,0.0003,-0.03088068589568138,0.7466239929199219,-0.2705256080627441,-0.016200237986631692,0.020853177360258997
10,819200,48,1058,1590,0.018565556,0.09978515625,0.2,0.0003,-0.0013999734073877335,0.7822005152702332,-0.2595590839534998,-0.012060193819925189,0.029416765635833144
1,824320,2,2148,1600,0.0142101515,0.10396484375,0.2,0.0003,-0.0026153698563575745,0.7394025325775146,-0.2763602773100138,-0.014579179077409209,0.0336041918117553
2,829440,7,1378,1610,0.014541952,0.10423828125,0.2,0.0003,-0.0027854181826114655,0.8149980306625366,-0.29117895536124705,-0.013082834435626864,0.0460883074067533
3,834560,12,1236,1620,0.013963861,0.09421875,0.2,0.0003,0.005097446963191032,0.7464304566383362,-0.25918285712599753,-0.012578183377627283,0.033513355599716306
4,839680,17,1173,1630,0.020350942,0.1111328125,0.2,0.0003,-0.012960159219801426,0.7885617613792419,-0.27815932042896746,-0.014639776586554944,0.022544991113245486
5,844800,22,1130,1640,0.018723767,0.11521484375,0.2,0.0003,-0.03080708160996437,0.7518500089645386,-0.28974988758563996,-0.015317061939276755,0.016788237066939472
6,849920,27,1106,1650,0.0148378685,0.121015625,0.2,0.0003,-0.03682523965835571,0.7411308288574219,-0.3174595515429974,-0.019706804554443805,0.026214536228217185
7,855040,32,1096,1660,0.014675105,0.11306640625,0.2,0.0003,-0.010964944958686829,0.8211463689804077,-0.3248903153836727,-0.011948121916502715,0.03958459906280041
8,860160,37,1092,1670,0.01526989,0.10220703125,0.2,0.0003,-0.02572982758283615,0.820278525352478,-0.29091803908348085,-0.01281840584008023,0.034420366184785965
9,865280,42,1085,1680,0.014854382,0.11736328125,0.2,0.0003,-0.02639767900109291,0.8014999628067017,-0.30971086576581003,-0.019306478321086614,0.03538485296070576
10,870400,47,1076,1690,0.0127782,0.10138671875,0.2,0.0003,-0.018553871661424637,0.7290881872177124,-0.287244508266449,-0.014340042262338102,0.042668797681108116
1,875520,2,2156,1700,0.013069555,0.104375,0.2,0.0003,-0.008463980630040169,0.7310362458229065,-0.3011301858723164,-0.014393595897126943,0.03598053951747716
2,880640,7,1349,1710,0.014928974,0.1194921875,0.2,0.0003,-0.010329706594347954,0.7500308156013489,-0.31493425980210304,-0.017572471329476685,0.04059522783383727
3,885760,12,1206,1720,0.014262994,0.11966796875,0.2,0.0003,-0.0009958632290363312,0.7835642099380493,-0.3558128722012043,-0.01895909396465868,0.05176489991135895
4,890880,17,1153,1730,0.014593609,0.112890625,0.2,0.0003,-0.027986448258161545,0.772007167339325,-0.34068635269999503,-0.01881368248257786,0.04975291009992361
5,896000,22,1123,1740,0.014316934,0.10984375,0.2,0.0003,-0.008721981197595596,0.8116812109947205,-0.3563740140199661,-0.019964167613070457,0.045040619326755404
6,901120,27,1101,1750,0.015463108,0.10357421875,0.2,0.0003,-0.00468691810965538,0.6785288453102112,-0.2993928456306458,-0.01338606066070497,0.040728978803381326
7,906240,33,1081,1760,0.015857,0.1174609375,0.2,0.0003,-0.012841897085309029,0.8224694132804871,-0.3047807911038399,-0.017601323414128275,0.03770847828127444
8,911360,38,1072,1770,0.014778289,0.11505859375,0.2,0.0003,-0.019824335351586342,0.7469707727432251,-0.3079552385210991,-0.019592235502786933,0.049458700586110356
9,916480,43,1063,1780,0.015125115,0.1100390625,0.2,0.0003,-0.02608325518667698,0.7756250500679016,-0.3025882411748171,-0.014779503336176275,0.033932538013905285
10,921600,48,1053,1790,0.016366925,0.10669921875,0.2,0.0003,-0.009804920293390751,0.7534515857696533,-0.28068841017782686,-0.018364687687717377,0.030765987108461557
1,926720,2,2200,1800,0.0135781225,0.1051953125,0.2,0.0003,-0.015967313200235367,0.8149819374084473,-0.30915155217051504,-0.01521445379126817,0.04664441701956093
2,931840,7,1395,1810,0.014123155,0.102578125,0.2,0.0003,-0.015630707144737244,0.8702447414398193,-0.2903891704976559,-0.014070974185597152,0.043943622172810136
3,936960,12,1258,1820,0.012172876,0.0931640625,0.2,0.0003,-0.0004017874598503113,0.8455836176872253,-0.28126338869333267,-0.016775154192000628,0.06428179644979537
4,942080,17,1187,1830,0.01556879,0.1053125,0.2,0.0003,-0.011638082563877106,0.8588264584541321,-0.2562104620039463,-0.015737803052179516,0.038242708160541955
5,947200,22,1157,1840,0.019866694,0.1060546875,0.2,0.0003,-0.020808493718504906,0.8592621088027954,-0.24576509632170201,-0.012501310757361352,0.024939716942608357
6,952320,27,1132,1850,0.014917809,0.09416015625,0.2,0.0003,0.014378538355231285,0.8722291588783264,-0.27059828110039236,-0.011721458490937949,0.04017097274307162
7,957440,32,1109,1860,0.014805919,0.09828125,0.2,0.0003,0.0022611282765865326,0.7680624723434448,-0.3170820125937462,-0.01516653157537803,0.09779334204271435
8,962560,37,1099,1870,0.02365952,0.1282421875,0.2,0.0003,-0.0046558137983083725,0.7347872257232666,-0.3160283735394478,-0.017192995566874744,0.06077281738631427
9,967680,42,1089,1880,0.014946105,0.11923828125,0.2,0.0003,-0.0030170828104019165,0.7941433191299438,-0.357411190867424,-0.016733843309339136,0.06642411413602531
10,972800,47,1083,1890,0.015992245,0.1178125,0.2,0.0003,0.010385408997535706,0.784760057926178,-0.35063964277505877,-0.019518423047848045,0.06403442929498851
1,977920,2,2160,1900,0.017932396,0.103828125,0.2,0.0003,-0.011426123790442944,0.6381840109825134,-0.2874392534792423,-0.01637695827521384,0.034547715736553075
2,983040,7,1389,1910,0.015791234,0.12263671875,0.2,0.0003,-0.018154194578528404,0.7938888669013977,-0.32028379186987876,-0.015367881695274263,0.03149747590068728
3,988160,12,1252,1920,0.016299319,0.1148828125,0.2,0.0003,0.02506108582019806,0.8128777742385864,-0.32984072133898734,-0.019257608628831805,0.04094045606441796
4,993280,17,1198,1930,0.0112544475,0.09638671875,0.2,0.0003,-0.011102855205535889,0.8410593271255493,-0.3168398892879486,-0.016201674081385134,0.04096118011511862
5,998400,22,1157,1940,0.016480712,0.105859375,0.2,0.0003,-0.01683618314564228,0.8187770843505859,-0.28740849360823634,-0.01975736136548221,0.04029594940133393
6,1003520,27,1124,1950,0.017715644,0.11751953125,0.2,0.0003,-0.01397373154759407,0.7214139699935913,-0.29853878580033777,-0.017241894730832426,0.029633961357176303
7,1008640,32,1105,1960,0.016891597,0.11603515625,0.2,0.0003,-0.02081912010908127,0.7126520872116089,-0.3113249231129885,-0.020614861440844835,0.026318108956329526
8,1013760,37,1095,1970,0.019917212,0.12798828125,0.2,0.0003,-0.036441754549741745,0.7629141807556152,-0.31668020963668825,-0.017060274803079666,0.025491791814565658
9,1018880,42,1086,1980,0.016617429,0.1162109375,0.2,0.0003,-0.032564111053943634,0.8334599137306213,-0.3251837395131588,-0.02077807977097109,0.034326757118105886
10,1024000,47,1077,1990,0.01732848,0.1165625,0.2,0.0003,-0.024032583460211754,0.7810992002487183,-0.34499569684267045,-0.02075021059717983,0.05438118502497673
1,1029120,2,2192,2000,0.017422415,0.11958984375,0.2,0.0003,-0.02953198552131653,0.8166854977607727,-0.3095202262699604,-0.02039184401743114,0.030685331276617944
2,1034240,7,1355,2010,0.01616895,0.11615234375,0.2,0.0003,-0.020470600575208664,0.8209606409072876,-0.29789034992456437,-0.01736340227071196,0.03473115151748061
3,1039360,12,1227,2020,0.018087909,0.11416015625,0.2,0.0003,-0.0177210234105587,0.7624459862709045,-0.3019831332564354,-0.015431132537778468,0.057501565627753735
4,1044480,17,1171,2030,0.020493578,0.11587890625,0.2,0.0003,-0.014508669264614582,0.7352781295776367,-0.28313895225524904,-0.0171805495605804,0.04083139536902308
5,1049600,22,1136,2040,0.014774857,0.1170703125,0.2,0.0003,-0.024310855194926262,0.816778302192688,-0.3332492911815643,-0.019386157849803565,0.0382259021140635
6,1054720,27,1120,2050,0.015412825,0.110703125,0.2,0.0003,-0.006308618932962418,0.7178580164909363,-0.3035143081098795,-0.016856333159375937,0.05712034499272704
7,1059840,32,1107,2060,0.016256293,0.11568359375,0.2,0.0003,-0.00980248674750328,0.7511005401611328,-0.32519047051668165,-0.01629255027975887,0.03735027355141938
8,1064960,37,1095,2070,0.01385353,0.11490234375,0.2,0.0003,-0.02107412740588188,0.6795123815536499,-0.32926504805684087,-0.018520518222358076,0.050105419103056194
9,1070080,42,1085,2080,0.015845861,0.11951171875,0.2,0.0003,-0.021610647439956665,0.7620963454246521,-0.3394450488686562,-0.019272223087027668,0.04157791573554277
10,1075200,47,1071,2090,0.016319603,0.12416015625,0.2,0.0003,-0.025553470477461815,0.790111243724823,-0.34738630428910255,-0.019415550276171416,0.04730325202457607
1,1080320,2,2199,2100,0.017531093,0.1241796875,0.2,0.0003,-0.006399059668183327,0.7325252890586853,-0.3622288678586483,-0.02183344342280179,0.05428330874070525
2,1085440,7,1406,2110,0.018164236,0.12626953125,0.2,0.0003,-0.021457741037011147,0.6172772645950317,-0.3474557544291019,-0.02493199589662254,0.0368877290468663
3,1090560,12,1244,2120,0.018212792,0.1326953125,0.2,0.0003,-0.006988596171140671,0.733096718788147,-0.3536201496422291,-0.020011285222135484,0.04073790449649096
4,1095680,17,1176,2130,0.014208613,0.11953125,0.2,0.0003,-0.025861229747533798,0.8077981472015381,-0.38313721016049385,-0.020608380232006313,0.05384605715051293
5,1100800,22,1124,2140,0.0139418375,0.11947265625,0.2,0.0003,-0.011430714279413223,0.7905067205429077,-0.35511026620864866,-0.022277623859699815,0.05701610486023128
6,1105920,27,1104,2150,0.015236793,0.11603515625,0.2,0.0003,-0.030514653772115707,0.8329010605812073,-0.30389074616134165,-0.01956643642857671,0.03477371884975582
7,1111040,32,1089,2160,0.01838869,0.1248046875,0.2,0.0003,-0.024202056229114532,0.7796325087547302,-0.2812447103112936,-0.020633643995970487,0.03209045069757849
8,1116160,38,1068,2170,0.015114692,0.1076171875,0.2,0.0003,-0.027516694739460945,0.777884840965271,-0.2790674916654825,-0.018397903479635717,0.02140982443932444
9,1121280,43,1064,2180,0.019389737,0.11423828125,0.2,0.0003,-0.021954471245408058,0.7283049821853638,-0.2630142532289028,-0.017569656036794185,0.015767540507949887
10,1126400,48,1058,2190,0.017194029,0.108125,0.2,0.0003,-0.02694721147418022,0.769811749458313,-0.27578455574810506,-0.01776636900147423,0.013908906183205545
1,1131520,2,2218,2200,0.016737428,0.1078515625,0.2,0.0003,-0.023259736597537994,0.7937294244766235,-0.2838380704820156,-0.019608875345438717,0.01785229455679655
2,1136640,7,1369,2210,0.01371797,0.1034375,0.2,0.0003,-0.03218597173690796,0.8473803997039795,-0.2800855900347233,-0.01818735587410629,0.0165565438894555
3,1141760,12,1227,2220,0.012154607,0.10064453125,0.2,0.0003,0.00763593940064311,0.8487628698348999,-0.33582927465438844,-0.01664232966955751,0.050930145913735035
4,1146880,17,1178,2230,0.019382821,0.1151953125,0.2,0.0003,-0.0191500224173069,0.6978520154953003,-0.26723522409796713,-0.02058055839734152,0.023321597976610063
5,1152000,22,1148,2240,0.0146162165,0.1041796875,0.2,0.0003,-0.021569646894931793,0.6244025230407715,-0.27417294785380364,-0.015394586778711528,0.021333254049532114
6,1157120,27,1124,2250,0.016959261,0.1127734375,0.2,0.0003,-0.018764875829219818,0.7639334201812744,-0.27209323823452,-0.01876139944884926,0.021021327478811146
7,1162240,32,1113,2260,0.018337835,0.1238671875,0.2,0.0003,-0.03157029300928116,0.7477571964263916,-0.31178997293114663,-0.02000211073551327,0.028746612751856446
8,1167360,37,1101,2270,0.013049844,0.1104296875,0.2,0.0003,-0.03213405981659889,0.8066672086715698,-0.2795309216529131,-0.014961504647508263,0.011864383202046157
9,1172480,42,1092,2280,0.016069893,0.11099609375,0.2,0.0003,-0.024888157844543457,0.8016886711120605,-0.28401056669652464,-0.015007118685171008,0.0372161677852273
10,1177600,47,1087,2290,0.018653419,0.11677734375,0.2,0.0003,-0.011227048933506012,0.7433158159255981,-0.29871032044291496,-0.023196908542886377,0.047787968534976244
1,1182720,2,2172,2300,0.0142589705,0.10251953125,0.2,0.0003,-0.027191195636987686,0.8124568462371826,-0.267032145857811,-0.018058616635389626,0.03439487158320844
2,1187840,7,1398,2310,0.015805546,0.10609375,0.2,0.0003,-0.02156764082610607,0.7380267381668091,-0.2912774547189474,-0.01834121920983307,0.04527719004079699
3,1192960,12,1258,2320,0.016140884,0.11744140625,0.2,0.0003,-0.02510472573339939,0.7792621850967407,-0.3035658645629883,-0.022013721952680497,0.027961071291938425
4,1198080,17,1185,2330,0.015882347,0.11650390625,0.2,0.0003,0.01618092879652977,0.7759554386138916,-0.2940499630570412,-0.018190580268856137,0.02626463714055717
5,1203200,22,1139,2340,0.0166515,0.11791015625,0.2,0.0003,-0.025235308334231377,0.8366131782531738,-0.29091568358242514,-0.01968035191996023,0.030917103393003343
6,1208320,27,1108,2350,0.017536521,0.1140234375,0.2,0.0003,-0.021611995995044708,0.8247617483139038,-0.2957800707221031,-0.021812020502984523,0.0403372036293149
7,1213440,32,1086,2360,0.01555595,0.1052734375,0.2,0.0003,-0.020966291427612305,0.8555372953414917,-0.2899240508675575,-0.021121874283999205,0.029167229742743075
8,1218560,38,1075,2370,0.016312612,0.1184765625,0.2,0.0003,-0.01936165615916252,0.7518346309661865,-0.3009535253047943,-0.02111260948702693,0.050076279817149044
9,1223680,43,1064,2380,0.016690418,0.115625,0.2,0.0003,-0.013756627216935158,0.7849612236022949,-0.3032028729468584,-0.021671462894883007,0.06940437644720078
10,1228800,48,1059,2390,0.01812899,0.11287109375,0.2,0.0003,-0.018769746646285057,0.8305608034133911,-0.29854094073176385,-0.020338486910331993,0.04956881698220968
1,1233920,2,2016,2400,0.018487291,0.09876953125,0.2,0.0003,-0.017819471657276154,0.7967487573623657,-0.2779216078668833,-0.016633346774615348,0.032846905831247566
2,1239040,7,1285,2410,0.017811587,0.113359375,0.2,0.0003,-0.02057424746453762,0.7810391187667847,-0.30619015693664553,-0.01806210314622149,0.06278830647468567
3,1244160,13,1164,2420,0.016697122,0.1061328125,0.2,0.0003,-0.029935600236058235,0.658554196357727,-0.2811531163752079,-0.01444788340711966,0.0361245290748775
4,1249280,18,1126,2430,0.021209434,0.13365234375,0.2,0.0003,-0.009991265833377838,0.7851989269256592,-0.3345636147260666,-0.021890147884842007,0.056445758286863566
5,1254400,23,1107,2440,0.017606867,0.11626953125,0.2,0.0003,-0.004308408126235008,0.8147068619728088,-0.3205518853664398,-0.015461562767159194,0.05655985770747066
6,1259520,28,1094,2450,0.017558698,0.12291015625,0.2,0.0003,-0.03543565422296524,0.7296429872512817,-0.3095887851715088,-0.020490479876752943,0.03844604629091918
7,1264640,33,1085,2460,0.019501979,0.1194921875,0.2,0.0003,-0.011715767905116081,0.6574545502662659,-0.32712243735790253,-0.01832265457138419,0.04939591305330396
8,1269760,37,1078,2470,0.018458009,0.140859375,0.2,0.0003,0.0039280615746974945,0.8349289894104004,-0.4076051174104214,-0.02116284841671586,0.07857059597969056
9,1274880,42,1072,2480,0.021568831,0.1376171875,0.2,0.0003,0.0009252391755580902,0.8035143613815308,-0.34928144097328184,-0.021892848270945252,0.06377095681615173
10,1280000,47,1069,2490,0.02051962,0.1317578125,0.2,0.0003,-0.03155209869146347,0.7908812761306763,-0.33418527379631996,-0.022837682594545185,0.044004978891462085
1,1285120,2,2029,2500,0.017682137,0.1301953125,0.2,0.0003,-0.01344880647957325,0.7834925055503845,-0.37902236700057984,-0.0220028182817623,0.09745448179543019
2,1290240,7,1318,2510,0.018615982,0.12634765625,0.2,0.0003,-0.010158982127904892,0.7309466600418091,-0.3803590425848961,-0.019264862732961775,0.07889642924070359
3,1295360,12,1200,2520,0.023892226,0.16240234375,0.2,0.0003,-0.008471570909023285,0.7906795740127563,-0.49106577843427657,-0.026306670890189707,0.12144979093223811
4,1300480,17,1151,2530,0.023270106,0.1661328125,0.2,0.0003,0.008669277653098106,0.7355647087097168,-0.4518135558068752,-0.0219936800096184,0.07297180534340442
5,1305600,22,1125,2540,0.021308932,0.15357421875,0.2,0.0003,-0.027023743838071823,0.7505602240562439,-0.45862058535218236,-0.02130835658404976,0.06793256124481559
6,1310720,27,1112,2550,0.019744327,0.1578125,0.2,0.0003,-0.01435263454914093,0.8231691122055054,-0.4897019897401333,-0.024460193833801894,0.07686651587486266
7,1315840,32,1105,2560,0.022949092,0.16763671875,0.2,0.0003,-0.020908603444695473,0.7247730493545532,-0.45309509307146073,-0.023252255718689413,0.05003621818497777
8,1320960,37,1094,2570,0.019593826,0.15642578125,0.2,0.0003,-0.032335713505744934,0.791438639163971,-0.5008240859210491,-0.02127252743113786,0.07511628413572907
9,1326080,42,1085,2580,0.021260524,0.16177734375,0.2,0.0003,-0.006991822272539139,0.6662852764129639,-0.47299022510647776,-0.02599108080379665,0.08257013803347946
10,1331200,47,1076,2590,0.02179799,0.16314453125,0.2,0.0003,-0.020287517458200455,0.7777903079986572,-0.4497292949259281,-0.026462083142250778,0.048956902613863346
1,1336320,2,2219,2600,0.025196781,0.173046875,0.2,0.0003,-0.019631076604127884,0.8183521628379822,-0.434465836584568,-0.02340917249908671,0.043494335860013965
2,1341440,7,1339,2610,0.019161575,0.14306640625,0.2,0.0003,-0.006933808326721191,0.7805855870246887,-0.47097810357809067,-0.025007648076862097,0.12228090446442366
3,1346560,12,1206,2620,0.026853994,0.15791015625,0.2,0.0003,0.007796652615070343,0.6419752836227417,-0.4449921953678131,-0.027479332354851067,0.12984508115798235
4,1351680,17,1157,2630,0.025253039,0.15607421875,0.2,0.0003,-0.024289201945066452,0.7736403346061707,-0.4959397312998772,-0.027524417536333202,0.09754611279815435
5,1356800,22,1132,2640,0.024148833,0.17646484375,0.2,0.0003,0.02441415935754776,0.7741272449493408,-0.5446801982820034,-0.027293223452288656,0.11904655124992132
6,1361920,27,1110,2650,0.021405913,0.17630859375,0.2,0.0003,-0.011131063103675842,0.8469568490982056,-0.5376620830595493,-0.026459175159689038,0.10237004932016135
7,1367040,32,1099,2660,0.021185342,0.1741796875,0.2,0.0003,-0.005716003477573395,0.7975839376449585,-0.5235345405340195,-0.029134646269958465,0.11668167483061552
8,1372160,37,1079,2670,0.021723734,0.16791015625,0.2,0.0003,0.0035866424441337585,0.7740649580955505,-0.5420829184353352,-0.027945030371192843,0.14120412662625312
9,1377280,43,1070,2680,0.02152686,0.1734375,0.2,0.0003,-0.017274050042033195,0.7960970401763916,-0.517870105355978,-0.026807966788765042,0.08963703231886029
10,1382400,48,1064,2690,0.020115674,0.15623046875,0.2,0.0003,-0.003391016274690628,0.7382691502571106,-0.49880814775824545,-0.024193722074851393,0.10810252126306295
1,1387520,2,1825,2700,0.02198361,0.170625,0.2,0.0003,-0.03696351870894432,0.8355091214179993,-0.5161669760942459,-0.030784738867077978,0.07659874487668276
2,1392640,8,1277,2710,0.023807634,0.1730859375,0.2,0.0003,0.015911724418401718,0.6878371238708496,-0.5290950322151184,-0.025543605030979962,0.09915588961914182
3,1397760,12,1192,2720,0.025359571,0.1879296875,0.2,0.0003,0.0020547062158584595,0.6514276266098022,-0.5653663155436516,-0.030039308478590102,0.11750808212906122
4,1402880,18,1120,2730,0.01913163,0.1743359375,0.2,0.0003,-0.013984046876430511,0.6812676191329956,-0.6022466340661049,-0.03164912605891004,0.11491887059062719
5,1408000,23,1097,2740,0.023975002,0.17818359375,0.2,0.0003,-0.01691858097910881,0.5312182903289795,-0.5680400621891022,-0.030133903683163224,0.11773946564644575
6,1413120,28,1088,2750,0.027621731,0.19376953125,0.2,0.0003,-0.020727254450321198,0.7340222597122192,-0.5746615055203438,-0.03503019402502105,0.09845450958237052
7,1418240,33,1074,2760,0.02452841,0.2039453125,0.2,0.0003,-0.01224476844072342,0.7486981153488159,-0.6035012352466583,-0.03452227008761838,0.11047805305570364
8,1423360,38,1070,2770,0.024102148,0.18943359375,0.2,0.0003,-0.023520834743976593,0.804306149482727,-0.5697842046618462,-0.03042472166707739,0.11232236173003912
9,1428480,43,1061,2780,0.02733467,0.1958984375,0.2,0.0003,-0.001527983695268631,0.7672903537750244,-0.6104097932577133,-0.03382593198679387,0.12700626026839018
10,1433600,48,1053,2790,0.022955174,0.18287109375,0.2,0.0003,-0.0075606368482112885,0.7712221145629883,-0.5555831816792488,-0.033578399119433014,0.13202888276427985
1,1438720,2,2083,2800,0.025748033,0.196640625,0.2,0.0003,-0.019650056958198547,0.711631178855896,-0.5692038601636886,-0.03444654492195696,0.14167099177837372
2,1443840,7,1296,2810,0.023628863,0.190078125,0.2,0.0003,0.023282986134290695,0.7542489767074585,-0.5656591418385506,-0.032602925749961285,0.15170693144202232
3,1448960,12,1183,2820,0.025211355,0.18439453125,0.2,0.0003,-0.006626911461353302,0.6438300609588623,-0.4941557241976261,-0.034571904819458724,0.11340629983693361
4,1454080,18,1128,2830,0.029299084,0.19193359375,0.2,0.0003,-0.02654586359858513,0.8189743161201477,-0.5656392163038254,-0.033111441449727864,0.09888749528676272
5,1459200,23,1111,2840,0.023346212,0.1923046875,0.2,0.0003,-0.008643042296171188,0.8537642359733582,-0.5666392332315445,-0.033217226637061684,0.10800945803523064
6,1464320,28,1088,2850,0.025936212,0.20248046875,0.2,0.0003,-0.00753026083111763,0.8512407541275024,-0.5528683151304722,-0.03376139349071309,0.13178973812609912
7,1469440,33,1065,2860,0.024986517,0.17576171875,0.2,0.0003,-0.000651530921459198,0.8420122861862183,-0.5025983238220215,-0.03053327528759837,0.14025787610560655
8,1474560,38,1056,2870,0.026191723,0.17955078125,0.2,0.0003,-0.020342014729976654,0.8816266655921936,-0.5333609895408153,-0.03029614779166877,0.13277252800762654
9,1479680,43,1048,2880,0.023634192,0.17416015625,0.2,0.0003,0.008065227419137955,0.7949467897415161,-0.4566600939631462,-0.033727035052143035,0.16566461373120547
10,1484800,49,1039,2890,0.025441077,0.1728125,0.2,0.0003,-0.009640242904424667,0.8794224262237549,-0.44314602002501485,-0.02995781841687858,0.10758781963959337
1,1489920,2,2086,2900,0.023639867,0.179375,0.2,0.0003,0.029363177716732025,0.7454848289489746,-0.5194179880619049,-0.029726327168755232,0.1809133879467845
2,1495040,7,1352,2910,0.0269887,0.18189453125,0.2,0.0003,-0.0066619738936424255,0.8273569345474243,-0.5042614112794399,-0.030427555344067513,0.13800148516893387
3,1500160,12,1234,2920,0.02600808,0.19322265625,0.2,0.0003,-0.004124000668525696,0.8331470489501953,-0.48550471276044843,-0.03424410921987146,0.13304287705570458
4,1505280,17,1165,2930,0.028189342,0.19392578125,0.2,0.0003,0.00044888630509376526,0.8612697720527649,-0.5006077572703361,-0.030691963946446778,0.1262016848102212
5,1510400,22,1134,2940,0.025657525,0.18568359375,0.2,0.0003,0.02863750234246254,0.7581373453140259,-0.5046350084245205,-0.031219933736138045,0.19941091254353524
6,1515520,27,1111,2950,0.02692753,0.17146484375,0.2,0.0003,0.0010729432106018066,0.7930499911308289,-0.4574423955380917,-0.029844312556087972,0.13147234182804823
7,1520640,32,1104,2960,0.026435515,0.17900390625,0.2,0.0003,-0.00011416152119636536,0.8308924436569214,-0.5122016710042954,-0.030189478781539946,0.15363546080887316
8,1525760,37,1091,2970,0.028632417,0.19025390625,0.2,0.0003,0.015396259725093842,0.7514292001724243,-0.5311368273198604,-0.029201719388365747,0.15040869519114494
9,1530880,42,1082,2980,0.023449533,0.188046875,0.2,0.0003,-0.0102962926030159,0.8045198321342468,-0.5557115110754967,-0.033882933291606604,0.1646538757532835
10,1536000,47,1074,2990,0.026242465,0.21240234375,0.2,0.0003,-0.0021897554397583008,0.7853882312774658,-0.6322169780731202,-0.03530482836067676,0.19422001227736474
1,1541120,2,2138,3000,0.030602181,0.23001953125,0.2,0.0003,0.04612285643815994,0.7953670024871826,-0.6163089603185654,-0.036698444364592436,0.20579071436077356
2,1546240,7,1313,3010,0.02541173,0.19703125,0.2,0.0003,0.0033364593982696533,0.8075040578842163,-0.58497907102108,-0.03297872786875814,0.17726961087435483
3,1551360,12,1204,3020,0.028113943,0.20912109375,0.2,0.0003,0.01791366934776306,0.8277122974395752,-0.5496589364111424,-0.03356745933881029,0.1672931307926774
4,1556480,17,1163,3030,0.027900448,0.20224609375,0.2,0.0003,-0.0039005205035209656,0.7953697443008423,-0.5334228880703449,-0.035451047986280175,0.15093433022499084
5,1561600,22,1124,3040,0.029018486,0.19228515625,0.2,0.0003,0.004041176289319992,0.6452770233154297,-0.48729688733816146,-0.032854910944588485,0.12637689985334874
6,1566720,27,1107,3050,0.028334698,0.205234375,0.2,0.0003,-0.010263696312904358,0.7081220149993896,-0.5454831895232201,-0.03642766480334103,0.12185290850698947
7,1571840,32,1097,3060,0.028320393,0.2176953125,0.2,0.0003,-0.03676988184452057,0.6828831434249878,-0.5722207623720169,-0.03550588032696396,0.11905186546966434
8,1576960,37,1090,3070,0.02856774,0.20884765625,0.2,0.0003,-0.0012946166098117828,0.6031033992767334,-0.6029149973392487,-0.03951417369069531,0.14474862482398748
9,1582080,42,1083,3080,0.03145228,0.22138671875,0.2,0.0003,-0.022606246173381805,0.7197886109352112,-0.6330447164177895,-0.04043941327370703,0.14638075921684504
10,1587200,47,1079,3090,0.031042323,0.2154296875,0.2,0.0003,0.005896460264921188,0.6773352026939392,-0.5575642743706704,-0.03994449556572363,0.128091911226511
1,1592320,2,2148,3100,0.029062271,0.2137890625,0.2,0.0003,0.00761718675494194,0.4977824091911316,-0.6042557361721993,-0.03780406913720071,0.14694181885570287
2,1597440,7,1357,3110,0.029546246,0.2236328125,0.2,0.0003,-0.031743504106998444,0.6089235544204712,-0.6239061257243157,-0.038728656605817376,0.11828375857323409
3,1602560,12,1221,3120,0.029669117,0.22677734375,0.2,0.0003,-0.024385102093219757,0.6143450736999512,-0.6417112937569618,-0.038961051693186165,0.13296111531555652
4,1607680,17,1168,3130,0.028203562,0.23068359375,0.2,0.0003,-0.02857349067926407,0.7273211479187012,-0.6404198685288429,-0.04078181429766119,0.12134748734533787
5,1612800,22,1133,3140,0.026749695,0.21044921875,0.2,0.0003,-0.012102942913770676,0.6145063638687134,-0.5998135647177696,-0.039281820696778595,0.12195437114685774
6,1617920,27,1117,3150,0.029901078,0.23361328125,0.2,0.0003,-0.03696708753705025,0.647571325302124,-0.6171005868911743,-0.03868565955432132,0.11160246144980192
7,1623040,32,1103,3160,0.0330313,0.22958984375,0.2,0.0003,-0.042964838445186615,0.7597071528434753,-0.6275150582194329,-0.04304165981011465,0.11155691845342516
8,1628160,37,1093,3170,0.030727416,0.23869140625,0.2,0.0003,-0.026309728622436523,0.8087998628616333,-0.5894173255562782,-0.04028748747659847,0.10563832622021437
9,1633280,42,1088,3180,0.030474568,0.220546875,0.2,0.0003,-0.02495090663433075,0.7488802075386047,-0.5861700320243836,-0.037573406524024903,0.13267205849289895
10,1638400,47,1083,3190,0.031617932,0.2299609375,0.2,0.0003,-0.020276978611946106,0.8280977606773376,-0.6110994064807892,-0.03752676214557141,0.1287504167854786
1,1643520,2,2166,3200,0.033484496,0.2271875,0.2,0.0003,-0.02617596834897995,0.49065107107162476,-0.5801706200838089,-0.03983317825710401,0.13699027378112077
2,1648640,7,1306,3210,0.029709652,0.2087109375,0.2,0.0003,-0.009338337928056717,0.6559873819351196,-0.5940662389993667,-0.035148383961059154,0.14083375193178654
3,1653760,12,1184,3220,0.032529976,0.22646484375,0.2,0.0003,-0.0049017369747161865,0.6778770685195923,-0.6008668681979179,-0.03864322669804096,0.1357138990983367
4,1658880,18,1136,3230,0.031998787,0.22107421875,0.2,0.0003,-0.015236824750900269,0.6504278182983398,-0.5993101441860199,-0.03877146019600332,0.13644117809832096
5,1664000,23,1105,3240,0.032834604,0.24927734375,0.2,0.0003,-0.03245273977518082,0.7618710398674011,-0.6322588118910789,-0.04124332461971789,0.1178501432389021
6,1669120,28,1089,3250,0.032893814,0.2227734375,0.2,0.0003,-0.01489241048693657,0.590296745300293,-0.5509742805361748,-0.03715353990904987,0.11550312031060457
7,1674240,33,1078,3260,0.034366727,0.251015625,0.2,0.0003,-0.03334248065948486,0.7075337171554565,-0.6005107489228249,-0.044355343421921135,0.12213268730789423
8,1679360,38,1067,3270,0.032666333,0.22353515625,0.2,0.0003,-0.026704922318458557,0.5436315536499023,-0.5675030425190926,-0.040057178633287546,0.1146535312384367
9,1684480,43,1061,3280,0.030742925,0.23041015625,0.2,0.0003,-0.006938256323337555,0.6061185598373413,-0.6051469039916992,-0.03754590379539877,0.1458185150846839
10,1689600,48,1053,3290,0.032684144,0.2261328125,0.2,0.0003,-0.03221365809440613,0.6598727703094482,-0.5884009596705436,-0.03700443051755428,0.12290889229625464
1,1694720,2,2010,3300,0.035315488,0.226015625,0.2,0.0003,-0.025511160492897034,0.7100352048873901,-0.5577998957037926,-0.03743884080089629,0.11913700979202986
2,1699840,7,1318,3310,0.02934732,0.22439453125,0.2,0.0003,-0.029436662793159485,0.7425852417945862,-0.6021581584215164,-0.03550138040911406,0.1301636153459549
3,1704960,12,1216,3320,0.03588648,0.2338671875,0.2,0.0003,-0.020510785281658173,0.6776611804962158,-0.5766035607457161,-0.03977061945479363,0.11975709989666938
4,1710080,17,1146,3330,0.031104892,0.22833984375,0.2,0.0003,-0.028758294880390167,0.76777583360672,-0.6041890189051629,-0.03931641445029527,0.12269128654152155
5,1715200,23,1072,3340,0.03540737,0.23693359375,0.2,0.0003,-0.028049156069755554,0.7403417229652405,-0.5838022750616073,-0.03971958462614566,0.14032583720982075
6,1720320,29,1032,3350,0.036529392,0.23412109375,0.2,0.0003,-0.028604157269001007,0.5897958874702454,-0.5906073957681656,-0.039563160084653645,0.13799420105293392
7,1725440,34,1031,3360,0.03449951,0.2419140625,0.2,0.0003,-0.02439403533935547,0.66488116979599,-0.6013195198774338,-0.04022489830153063,0.1375946981087327
8,1730560,39,1033,3370,0.03315697,0.24486328125,0.2,0.0003,-0.02431435137987137,0.7420639991760254,-0.6119989043474198,-0.039514124379493296,0.14117832612246276
9,1735680,45,1006,3380,0.032739688,0.25318359375,0.2,0.0003,-0.004733763635158539,0.7545437812805176,-0.6087614086270332,-0.038488048654980955,0.15432039201259612
10,1740800,51,998,3390,0.038217165,0.2353125,0.2,0.0003,-0.036500751972198486,0.7053555250167847,-0.5338901917636395,-0.039802488272544,0.12237481402233243
1,1745920,3,1497,3400,0.03777736,0.2246875,0.2,0.0003,-0.00047672539949417114,0.5927218794822693,-0.5508159679174424,-0.040556624757591635,0.14222051650285722
2,1751040,12,845,3410,0.035382085,0.24412109375,0.2,0.0003,-0.02689504623413086,0.6903972625732422,-0.5859315186738968,-0.04474246589932591,0.15226559866219758
3,1756160,18,827,3420,0.03354349,0.2298046875,0.2,0.0003,-0.00910048559308052,0.6063417196273804,-0.5864367404580116,-0.03722464117221534,0.15056940518319606
4,1761280,25,816,3430,0.040519968,0.2314453125,0.2,0.0003,-0.023439913988113403,0.5032913088798523,-0.5566092623770237,-0.043263072008267046,0.13189304158091544
5,1766400,31,815,3440,0.040577896,0.249921875,0.2,0.0003,-0.036764271557331085,0.47611796855926514,-0.6096851378679276,-0.039346746441442516,0.14051634542644023
6,1771520,37,819,3450,0.036122188,0.242578125,0.2,0.0003,-0.021495170891284943,0.5399258136749268,-0.6157172191143035,-0.04235292297322303,0.12365437753498554
7,1776640,43,824,3460,0.034694918,0.24802734375,0.2,0.0003,-0.03331027552485466,0.47948282957077026,-0.6475012096762657,-0.040168490707874295,0.1524664644151926
8,1781760,49,831,3470,0.03327696,0.2558984375,0.2,0.0003,-0.022609885782003403,0.46715205907821655,-0.6543255564570427,-0.041454718413297086,0.13173875484615563
9,1786880,55,836,3480,0.03874085,0.25865234375,0.2,0.0003,-0.025487661361694336,0.46513086557388306,-0.6421209844946861,-0.04403694503009319,0.12188608545809984
10,1792000,61,838,3490,0.0426889,0.2752734375,0.2,0.0003,-0.024020683020353317,0.393110990524292,-0.6765122663974762,-0.044588694823905824,0.12572866797447205
1,1797120,2,1998,3500,0.0371244,0.2800390625,0.2,0.0003,-0.04456998407840729,0.4508194327354431,-0.687011208832264,-0.04500079064629972,0.11942386170849204
2,1802240,7,1298,3510,0.03936373,0.27703125,0.2,0.0003,-0.023525625467300415,0.5204782485961914,-0.6503453493118286,-0.04525106228189543,0.12496925108134746
3,1807360,13,1172,3520,0.039199956,0.2543359375,0.2,0.0003,-0.0258493572473526,0.5263492465019226,-0.6032681587338448,-0.04562824449734762,0.13317737992852927
4,1812480,18,1128,3530,0.039250445,0.26259765625,0.2,0.0003,-0.03826412186026573,0.5755866169929504,-0.6117388010025024,-0.043353788703680035,0.11600264813750982
5,1817600,23,1108,3540,0.040012263,0.258515625,0.2,0.0003,-0.036230623722076416,0.6536387801170349,-0.6008653920888901,-0.04841848233249038,0.09411582298576832
6,1822720,28,1090,3550,0.036478914,0.2669140625,0.2,0.0003,-0.06538869440555573,0.7261840105056763,-0.6320436096191406,-0.04670149659737945,0.10502945065498352
7,1827840,33,1076,3560,0.03967199,0.2541015625,0.2,0.0003,-0.02127261459827423,0.7301909923553467,-0.5848735028505325,-0.04403660425450653,0.12128845604136586
8,1832960,38,1063,3570,0.036368452,0.2546484375,0.2,0.0003,-0.015972793102264404,0.7119861245155334,-0.6264606896042824,-0.04199574787635356,0.14983602408319713
9,1838080,43,1054,3580,0.039351314,0.251171875,0.2,0.0003,-0.02101687341928482,0.7157806158065796,-0.579378129541874,-0.042446011842694135,0.12387531064450741
10,1843200,48,1048,3590,0.041263558,0.25419921875,0.2,0.0003,-0.005577929317951202,0.686343789100647,-0.600022981762886,-0.04582314369035885,0.13657029710710047
1,1848320,2,2151,3600,0.03687312,0.26619140625,0.2,0.0003,-0.022855408489704132,0.7020562291145325,-0.6211392751336098,-0.04543500239495188,0.12239775547757745
2,1853440,7,1358,3610,0.046536084,0.27515625,0.2,0.0003,-0.04945504665374756,0.5940711498260498,-0.5805086967349052,-0.04265984813217074,0.10995227675884962
3,1858560,12,1220,3620,0.04289582,0.2833203125,0.2,0.0003,-0.042579784989356995,0.7108579874038696,-0.6380313703417778,-0.04665786004159599,0.12505727522075177
4,1863680,17,1174,3630,0.03868295,0.26603515625,0.2,0.0003,-0.03160560876131058,0.728382408618927,-0.6267384415864945,-0.04550384151749313,0.14054070472717284
5,1868800,22,1136,3640,0.044365577,0.25380859375,0.2,0.0003,-0.027257032692432404,0.3748536705970764,-0.5580005967617034,-0.04547526532318443,0.15336746886372565
6,1873920,27,1108,3650,0.043296758,0.25876953125,0.2,0.0003,-0.050246722996234894,0.5445184707641602,-0.606156338751316,-0.04279615504667163,0.12229083683341742
7,1879040,32,1092,3660,0.042759996,0.27501953125,0.2,0.0003,-0.02939702570438385,0.5802503228187561,-0.6163480770587921,-0.041743174586445095,0.11735646408051252
8,1884160,38,1075,3670,0.047952965,0.26322265625,0.2,0.0003,-0.03345918655395508,0.5490310192108154,-0.5661722455918788,-0.04500322118401527,0.11600538587197662
9,1889280,43,1061,3680,0.048956618,0.28130859375,0.2,0.0003,-0.03244374692440033,0.5827874541282654,-0.6102875301241875,-0.045806808779016134,0.1266940050572157
10,1894400,48,1053,3690,0.0429821,0.26416015625,0.2,0.0003,-0.040018048137426376,0.44771385192871094,-0.593505400121212,-0.044115858748555184,0.13206198658794166
1,1899520,2,2220,3700,0.047840845,0.2633203125,0.2,0.0003,-0.041375547647476196,0.5429397821426392,-0.5758226308226585,-0.044568553767167035,0.12411574654281139
2,1904640,7,1324,3710,0.044106375,0.26861328125,0.2,0.0003,-0.0345575287938118,0.5261541604995728,-0.5854045602679253,-0.04535650786943734,0.11521981067955495
3,1909760,12,1182,3720,0.04880918,0.28125,0.2,0.0003,-0.04716780409216881,0.5468785762786865,-0.6160985201597213,-0.04374301815172657,0.11339794768020511
4,1914880,18,1127,3730,0.043912284,0.2750390625,0.2,0.0003,-0.037687063217163086,0.5915412902832031,-0.6221312874555588,-0.04359951851190999,0.11515488930046558
5,1920000,23,1083,3740,0.0459811,0.28203125,0.2,0.0003,-0.029376938939094543,0.639667272567749,-0.6144403585791588,-0.04668363495729864,0.10280279492959381
6,1925120,28,1070,3750,0.0474928,0.26353515625,0.2,0.0003,-0.04531064257025719,0.5643781423568726,-0.5524348975718021,-0.042111345161683855,0.11966196913272142
7,1930240,33,1070,3760,0.04321936,0.2595703125,0.2,0.0003,-0.03694142773747444,0.6231805086135864,-0.5709099274873733,-0.04172189497156069,0.11389492429792882
8,1935360,38,1070,3770,0.047056742,0.26869140625,0.2,0.0003,-0.026729509234428406,0.6387720108032227,-0.6020626264810562,-0.04645231736358255,0.12214176747947932
9,1940480,43,1070,3780,0.04379306,0.25435546875,0.2,0.0003,-0.0431380532681942,0.5635241270065308,-0.5565164293348789,-0.04179749618982896,0.11367868829518557
10,1945600,47,1068,3790,0.04839781,0.2746875,0.2,0.0003,-0.051795657724142075,0.5695460438728333,-0.5854931917786598,-0.04695851515047252,0.09983794076368213
1,1950720,2,2316,3800,0.04693998,0.2703515625,0.2,0.0003,-0.04733245074748993,0.5531895160675049,-0.5897745165228844,-0.04763273276388645,0.10417645514011382
2,1955840,7,1373,3810,0.050105758,0.2846875,0.2,0.0003,-0.04688611626625061,0.7334471940994263,-0.5776471124589443,-0.047789564512204376,0.09334431843832135
3,1960960,12,1223,3820,0.04279301,0.2541796875,0.2,0.0003,-0.040481142699718475,0.6925183534622192,-0.5492325049638748,-0.04320445585995913,0.11807290533557534
4,1966080,17,1160,3830,0.05129373,0.243671875,0.2,0.0003,-0.03166434168815613,0.5823119878768921,-0.49846028998494146,-0.04283779833931476,0.11274882173165679
5,1971200,22,1123,3840,0.04398458,0.25783203125,0.2,0.0003,-0.02140546590089798,0.6626375913619995,-0.5726658749580383,-0.043755027670413255,0.13546834390610457
6,1976320,27,1100,3850,0.043158457,0.25490234375,0.2,0.0003,-0.04021156579256058,0.5914239883422852,-0.5373466873168945,-0.04313014298677444,0.12564603034406902
7,1981440,33,1085,3860,0.045854576,0.25234375,0.2,0.0003,-0.05109934136271477,0.5710011720657349,-0.5509186993539333,-0.04468805274460465,0.0994166449457407
8,1986560,38,1072,3870,0.052966617,0.294765625,0.2,0.0003,-0.03792254626750946,0.32888805866241455,-0.5964381739497184,-0.04447689104825258,0.1010608159378171
9,1991680,43,1066,3880,0.045491345,0.2918359375,0.2,0.0003,-0.03889857977628708,0.4728816747665405,-0.642303496003151,-0.04734762474428862,0.09640854837372899
10,1996800,48,1060,3890,0.045003317,0.29197265625,0.2,0.0003,-0.04471779242157936,0.5876299142837524,-0.6544178086519241,-0.049130590111017225,0.10971085725352168
1,2001920,2,2268,3900,0.045185685,0.257265625,0.2,0.0003,-0.03943789005279541,0.5964250564575195,-0.5567457866668701,-0.04290288868593052,0.09635004874318838
2,2007040,7,1351,3910,0.043425333,0.27109375,0.2,0.0003,-0.0456681102514267,0.6158191561698914,-0.586983032822609,-0.04517429970670492,0.10547163031995296
3,2012160,12,1236,3920,0.039882783,0.27099609375,0.2,0.0003,-0.04806152731180191,0.559764564037323,-0.6338890215754509,-0.04534742161398753,0.10723875703290105
4,2017280,17,1179,3930,0.049795367,0.28708984375,0.2,0.0003,-0.04393649101257324,0.6442290544509888,-0.6443694373965263,-0.042174670319072904,0.12042322348803282
5,2022400,22,1154,3940,0.046734672,0.279609375,0.2,0.0003,-0.03532341122627258,0.6079226732254028,-0.6210923293232917,-0.04543411831837148,0.13671378675848245
6,2027520,27,1134,3950,0.044114478,0.27283203125,0.2,0.0003,-0.0451112762093544,0.6016769409179688,-0.5954987451434135,-0.047132822158746424,0.1226543578132987
7,2032640,31,1125,3960,0.050132163,0.24841796875,0.2,0.0003,-0.031090259552001953,0.4448414444923401,-0.5295025031268596,-0.03969048866070807,0.12172924665734172
8,2037760,36,1117,3970,0.04832095,0.260859375,0.2,0.0003,-0.036782633513212204,0.5788708925247192,-0.5441401258111,-0.04832848685327917,0.11070666939020157
9,2042880,41,1098,3980,0.044851784,0.26134765625,0.2,0.0003,-0.03453073650598526,0.5255770683288574,-0.546776439845562,-0.04598871474154294,0.11171435404568911
10,2048000,47,1088,3990,0.04900998,0.2780859375,0.2,0.0003,-0.05327235162258148,0.6679812669754028,-0.555154809653759,-0.04605161894345656,0.10780793255195022
1,2053120,2,2130,4000,0.046020508,0.26484375,0.2,0.0003,-0.01456502079963684,0.5236842632293701,-0.5327173313498497,-0.045510367199312896,0.14283667393028737
2,2058240,7,1328,4010,0.046009645,0.26498046875,0.2,0.0003,-0.026412680745124817,0.5898170471191406,-0.534681984782219,-0.03988305427366868,0.1120945150963962
3,2063360,13,1179,4020,0.06203232,0.261796875,0.2,0.0003,-0.044926997274160385,0.5911600589752197,-0.5038041819632053,-0.04338137304876,0.11792216576635837
4,2068480,18,1127,4030,0.048647873,0.268828125,0.2,0.0003,-0.03875391185283661,0.4607505798339844,-0.5700860205292702,-0.046547525636851786,0.12977795150130988
5,2073600,23,1096,4040,0.051924773,0.27841796875,0.2,0.0003,-0.05194255709648132,0.480896532535553,-0.5558585393428802,-0.04710024669999257,0.12021207941696048
6,2078720,28,1081,4050,0.052790076,0.27439453125,0.2,0.0003,-0.032448701560497284,0.45652538537979126,-0.5477799221873283,-0.04520405833609402,0.12096176402643323
7,2083840,33,1071,4060,0.04848945,0.27216796875,0.2,0.0003,-0.03313065320253372,0.5238231420516968,-0.5417151500284672,-0.04576548146316781,0.10266715481877327
8,2088960,38,1064,4070,0.05102072,0.25451171875,0.2,0.0003,-0.04934591427445412,0.5315396785736084,-0.5009522545337677,-0.04321127864997834,0.10605809988453985
9,2094080,43,1055,4080,0.057226997,0.2866015625,0.2,0.0003,-0.052965108305215836,0.5410531759262085,-0.5854994353652,-0.04887179559562355,0.12228813707828522
10,2099200,48,1053,4090,0.05345019,0.28169921875,0.2,0.0003,-0.01773407682776451,0.6030406355857849,-0.5523645992577076,-0.04505110994912684,0.11012738581746817
1,2104320,2,1851,4100,0.054030515,0.27041015625,0.2,0.0003,-0.03394891321659088,0.47836029529571533,-0.5202860634028912,-0.03547784003894776,0.10982821341603995
2,2109440,8,1244,4110,0.04939849,0.27005859375,0.2,0.0003,-0.05058601126074791,0.6484062671661377,-0.5485242357850075,-0.04527443090220913,0.08542071709409356
3,2114560,13,1171,4120,0.049054895,0.26986328125,0.2,0.0003,-0.03511357307434082,0.7159639596939087,-0.5856197905540467,-0.041009111700113864,0.11713466363027691
4,2119680,18,1122,4130,0.04736059,0.26541015625,0.2,0.0003,-0.04407761991024017,0.6157300472259521,-0.5631535589694977,-0.044813058744184675,0.10329676942899824
5,2124800,23,1092,4140,0.04820848,0.26578125,0.2,0.0003,-0.039311207830905914,0.5800569653511047,-0.5766573537886143,-0.04503363099647686,0.11723044255748391
6,2129920,28,1077,4150,0.045552373,0.2736328125,0.2,0.0003,-0.0294609684497118,0.659437894821167,-0.6169636699557305,-0.0431334338337183,0.11723199106752873
7,2135040,33,1065,4160,0.048620246,0.26373046875,0.2,0.0003,-0.031015586107969284,0.6689772605895996,-0.5913288852572441,-0.04465068994089961,0.11599220905452967
8,2140160,38,1057,4170,0.050199293,0.287578125,0.2,0.0003,-0.03294402360916138,0.6469419598579407,-0.6221629855036735,-0.046110729896463455,0.12987580200657248
9,2145280,43,1052,4180,0.053641148,0.294375,0.2,0.0003,-0.0643928200006485,0.713330864906311,-0.6397082820534706,-0.044221223378553984,0.1303154383599758
10,2150400,49,1038,4190,0.055666495,0.27912109375,0.2,0.0003,-0.028062492609024048,0.5135735273361206,-0.588875626027584,-0.04435827191453427,0.13943085703998803
1,2155520,2,2197,4200,0.053255577,0.31427734375,0.2,0.0003,-0.027025025337934494,0.6236363649368286,-0.6387239909172058,-0.04296773322392255,0.1207472482509911
2,2160640,7,1353,4210,0.048840266,0.29822265625,0.2,0.0003,-0.050300613045692444,0.6505136489868164,-0.6666418561339378,-0.044776732395403085,0.12121728831902147
3,2165760,13,1168,4220,0.05107699,0.2765234375,0.2,0.0003,-0.04276314377784729,0.5523116588592529,-0.6297957015037536,-0.04842465698719025,0.1368966844305396
4,2170880,18,1133,4230,0.049662985,0.30052734375,0.2,0.0003,-0.04111001640558243,0.4378793239593506,-0.6591187363862991,-0.047491518342867495,0.16123565021902322
5,2176000,22,1122,4240,0.04931716,0.29876953125,0.2,0.0003,-0.027860064059495926,0.4511756896972656,-0.6892890709638596,-0.04506485964404419,0.15087510515004396
6,2181120,28,1093,4250,0.052975357,0.305703125,0.2,0.0003,-0.04203116521239281,0.580283522605896,-0.6838600590825081,-0.04372097809333354,0.13260783806443213
7,2186240,33,1078,4260,0.051470112,0.32099609375,0.2,0.0003,-0.022146858274936676,0.49072885513305664,-0.7001688104867935,-0.048608351796865464,0.15519429486244918
8,2191360,38,1069,4270,0.051882844,0.31529296875,0.2,0.0003,-0.03693173825740814,0.38260382413864136,-0.6870886731147766,-0.0454833516292274,0.1369993069767952
9,2196480,43,1063,4280,0.058397513,0.33697265625,0.2,0.0003,-0.028403528034687042,0.40211671590805054,-0.7304171979427337,-0.0474821211071685,0.14847673907876013
10,2201600,48,1056,4290,0.057279952,0.323671875,0.2,0.0003,-0.03508000820875168,0.30584800243377686,-0.6950309750437736,-0.047741311867721375,0.16611006494611502
1,2206720,2,2259,4300,0.0572266,0.324375,0.2,0.0003,-0.049942076206207275,0.3150032162666321,-0.6951968041062355,-0.0437418215489015,0.12080719793215394
2,2211840,7,1363,4310,0.049431995,0.31265625,0.2,0.0003,-0.04614093899726868,0.3570212125778198,-0.7164615911245346,-0.04440609567333013,0.10921979337930679
3,2216960,12,1233,4320,0.049653232,0.323046875,0.2,0.0003,-0.025023050606250763,0.5147877931594849,-0.7187438336014748,-0.041902620270848276,0.1297521846368909
4,2222080,17,1183,4330,0.05683758,0.32703125,0.2,0.0003,-0.031004518270492554,0.44342565536499023,-0.6979352563619614,-0.04681026658974588,0.11653009897097945
5,2227200,22,1162,4340,0.051179826,0.316484375,0.2,0.0003,-0.05560024455189705,0.3699544668197632,-0.7069417402148247,-0.048321930770762266,0.10132546588778496
6,2232320,26,1146,4350,0.053763457,0.31587890625,0.2,0.0003,-0.03860233724117279,0.3957067131996155,-0.697988152205944,-0.04829095327295363,0.12190683107823133
7,2237440,31,1136,4360,0.05861339,0.338671875,0.2,0.0003,-0.049437347799539566,0.4899775981903076,-0.6960591620206833,-0.05096815370954573,0.09699562165886164
8,2242560,37,1104,4370,0.05253476,0.3070703125,0.2,0.0003,-0.05601958930492401,0.4343928098678589,-0.6496001943945885,-0.04779171186964959,0.11497906479984522
9,2247680,42,1080,4380,0.052459348,0.32607421875,0.2,0.0003,-0.046494800597429276,0.4582909345626831,-0.6728511402010917,-0.05121818211860955,0.12826524410396814
10,2252800,48,1059,4390,0.048674785,0.32083984375,0.2,0.0003,-0.04045150801539421,0.5220015645027161,-0.6753195032477379,-0.049119692142121495,0.13914890369400382
1,2257920,2,2318,4400,0.055445474,0.29451171875,0.2,0.0003,-0.04897363483905792,0.439650297164917,-0.6287108182907104,-0.05142274341545999,0.13127167776226997
2,2263040,7,1374,4410,0.05319072,0.33400390625,0.2,0.0003,-0.06173568591475487,0.3398438096046448,-0.6913817876577377,-0.05509453113656491,0.11150513552129268
3,2268160,12,1239,4420,0.050231673,0.31681640625,0.2,0.0003,-0.03478318452835083,0.25603294372558594,-0.6890439507365227,-0.04769244906958193,0.11010065641254187
4,2273280,17,1191,4430,0.054557245,0.30125,0.2,0.0003,-0.03949045389890671,0.35175901651382446,-0.6631585967540741,-0.046385655379854146,0.13100229540839792
5,2278400,22,1154,4440,0.05235524,0.31470703125,0.2,0.0003,-0.0593753345310688,0.34250032901763916,-0.6793651443719864,-0.048792510945349934,0.12416008789092302
6,2283520,27,1130,4450,0.049810134,0.30876953125,0.2,0.0003,-0.033775996416807175,0.49382466077804565,-0.6583412975072861,-0.047940692093688994,0.11964768748730421
7,2288640,32,1115,4460,0.05139742,0.31248046875,0.2,0.0003,-0.05795660242438316,0.52506422996521,-0.6999690866470337,-0.04590535921510309,0.11614972066134215
8,2293760,37,1103,4470,0.050922744,0.30609375,0.2,0.0003,-0.04178006574511528,0.5318132638931274,-0.6652174812555313,-0.050586173217743634,0.11558874279260635
9,2298880,42,1092,4480,0.052291155,0.29431640625,0.2,0.0003,-0.04385839030146599,0.40742164850234985,-0.6300235828757286,-0.047221299579832704,0.11678047863766551
10,2304000,47,1083,4490,0.054487325,0.33505859375,0.2,0.0003,-0.05304013565182686,0.5264174938201904,-0.7070818516612053,-0.04291528780478984,0.12462625663727522
1,2309120,2,2262,4500,0.05224677,0.303984375,0.2,0.0003,-0.02613557130098343,0.5339111089706421,-0.6350467416644097,-0.04470742586068809,0.15475982438772917
2,2314240,7,1372,4510,0.050109446,0.3052734375,0.2,0.0003,-0.04356313496828079,0.5300019383430481,-0.649548458456993,-0.04463061176938936,0.14157961869612337
3,2319360,13,1149,4520,0.049744237,0.3003125,0.2,0.0003,-0.05706118792295456,0.40581244230270386,-0.66477628916502,-0.04641113161342218,0.14010861154645682
4,2324480,19,1050,4530,0.05803896,0.310390625,0.2,0.0003,-0.06061471253633499,0.5669641494750977,-0.6266138285398484,-0.05016381139867008,0.1251438374631107
5,2329600,25,996,4540,0.051651336,0.2906640625,0.2,0.0003,-0.03552130609750748,0.23654907941818237,-0.6536839264631271,-0.03924365726299584,0.136537657212466
6,2334720,31,967,4550,0.058576353,0.327265625,0.2,0.0003,-0.05326176807284355,0.4014052152633667,-0.6699598944187164,-0.04658257633913308,0.11041287738829851
7,2339840,37,946,4560,0.051423628,0.31900390625,0.2,0.0003,-0.0648839920759201,0.4616994857788086,-0.6912477642297745,-0.0425789239583537,0.10426865821704269
8,2344960,43,935,4570,0.05190451,0.306171875,0.2,0.0003,-0.048697493970394135,0.3704795241355896,-0.6632478365302086,-0.04543597561772913,0.13009300153702497
9,2350080,49,928,4580,0.050381254,0.30962890625,0.2,0.0003,-0.05755196139216423,0.5122156143188477,-0.6704416081309319,-0.04395365385105834,0.11685994124040007
10,2355200,55,925,4590,0.05235762,0.299140625,0.2,0.0003,-0.029754742980003357,0.41045618057250977,-0.5944405779242515,-0.04703688989859074,0.13657624525949358
1,2360320,2,2102,4600,0.046412162,0.28654296875,0.2,0.0003,-0.04692733287811279,0.4613991975784302,-0.5890487310290337,-0.04901491351891309,0.15546910658478738
2,2365440,7,1326,4610,0.055768855,0.29423828125,0.2,0.0003,-0.040777821093797684,0.3149459958076477,-0.6195869359374047,-0.04533484855666756,0.12868503998965025
3,2370560,13,1180,4620,0.05261758,0.30828125,0.2,0.0003,-0.04845472052693367,0.4118160605430603,-0.663192387521267,-0.04694830964319408,0.11319419283419847
4,2375680,18,1118,4630,0.061910708,0.3212890625,0.2,0.0003,-0.05087805911898613,0.4334219694137573,-0.6314099097251892,-0.04860691680805758,0.11537883499637246
5,2380800,23,1083,4640,0.058392286,0.30646484375,0.2,0.0003,-0.02621031552553177,0.2710132598876953,-0.6178890562057495,-0.045164840468205514,0.1453319764137268
6,2385920,29,1054,4650,0.060347985,0.31220703125,0.2,0.0003,-0.04674554616212845,0.36902767419815063,-0.6320722171664238,-0.05016650640405715,0.11007435167208314
7,2391040,34,1029,4660,0.05861935,0.31650390625,0.2,0.0003,-0.05239453911781311,0.4548525810241699,-0.6319531354308129,-0.049356133507099005,0.10790215652436018
8,2396160,40,1010,4670,0.047723364,0.32998046875,0.2,0.0003,-0.037740640342235565,0.44857239723205566,-0.6961344790458679,-0.04373206873191521,0.12533418023958803
9,2401280,46,994,4680,0.052042775,0.31318359375,0.2,0.0003,-0.04091031104326248,0.4455229640007019,-0.6535283687710762,-0.04904356498736888,0.13165416033938526
10,2406400,52,982,4690,0.0539257,0.321171875,0.2,0.0003,-0.043454401195049286,0.48680609464645386,-0.6736733031272888,-0.048910725903697314,0.15199709903448821
1,2411520,2,1768,4700,0.058030315,0.3186328125,0.2,0.0003,-0.027407944202423096,0.580715537071228,-0.6525868716835975,-0.04731886244844645,0.12826330054551363
2,2416640,8,1145,4710,0.05931995,0.32966796875,0.2,0.0003,-0.04159696400165558,0.46431583166122437,-0.6465507939457893,-0.04909422295168042,0.15132950592786074
3,2421760,14,1043,4720,0.05492907,0.29630859375,0.2,0.0003,-0.045334070920944214,0.5237599611282349,-0.591621001958847,-0.04476025414187461,0.13301695365458727
4,2426880,20,978,4730,0.058184333,0.2910546875,0.2,0.0003,-0.04107973724603653,0.42862826585769653,-0.61539844840765,-0.045114430068060755,0.14321476636454464
5,2432000,26,956,4740,0.053666435,0.27595703125,0.2,0.0003,-0.018918119370937347,0.6011430025100708,-0.573004552423954,-0.043797689015045764,0.12786225248128175
6,2437120,32,939,4750,0.05678908,0.287890625,0.2,0.0003,-0.06727742403745651,0.22934848070144653,-0.5614750868082047,-0.04537275541108102,0.11988011255860329
7,2442240,38,927,4760,0.059948605,0.31576171875,0.2,0.0003,-0.0614263154566288,0.2063543200492859,-0.6225147023797035,-0.051284783754963426,0.09212057035416364
8,2447360,44,918,4770,0.0608513,0.31466796875,0.2,0.0003,-0.047976329922676086,0.45874643325805664,-0.6016702318191528,-0.044279767656698825,0.10053290829062461
9,2452480,50,908,4780,0.05670581,0.296796875,0.2,0.0003,-0.04752502590417862,0.6014022827148438,-0.5951255652308464,-0.04837398716248572,0.12283461760729551
10,2457600,56,906,4790,0.052286036,0.29953125,0.2,0.0003,-0.05859393626451492,0.5202553272247314,-0.6049852579832077,-0.044406920364126565,0.1302946529723704
1,2462720,2,2113,4800,0.06328135,0.31947265625,0.2,0.0003,-0.06352637708187103,0.4967770576477051,-0.6068946760892868,-0.04644828246207908,0.11636915044859052
2,2467840,7,1326,4810,0.061166335,0.3310546875,0.2,0.0003,-0.019734222441911697,0.3843344449996948,-0.6190941616892814,-0.04361492520198226,0.12564278474077584
3,2472960,12,1187,4820,0.054312088,0.28861328125,0.2,0.0003,-0.00370132178068161,0.455516517162323,-0.5832764545083046,-0.04295903282240033,0.1716419552266598
4,2478080,17,1138,4830,0.053412445,0.2988671875,0.2,0.0003,-0.04225620627403259,0.5172716379165649,-0.6371767872571945,-0.04188963520340622,0.12705926425755024
5,2483200,23,1107,4840,0.053279776,0.2993359375,0.2,0.0003,-0.061225954443216324,0.5740621089935303,-0.6077905496954918,-0.04500127685256303,0.12898443635553122
6,2488320,28,1089,4850,0.05061532,0.28931640625,0.2,0.0003,-0.04333040490746498,0.6146928071975708,-0.6152957728505135,-0.04359250420937315,0.14702261198312044
7,2493440,33,1079,4860,0.053132735,0.291171875,0.2,0.0003,-0.03486984223127365,0.6124529838562012,-0.5910582745075226,-0.041368764841463415,0.14852403204888107
8,2498560,38,1072,4870,0.05808404,0.31578125,0.2,0.0003,-0.053749486804008484,0.5687214136123657,-0.6264883914589882,-0.043061548289842905,0.15253309413790703
9,2503680,43,1065,4880,0.06096474,0.31193359375,0.2,0.0003,-0.027931474149227142,0.31042349338531494,-0.5759593963623046,-0.04900026874849573,0.17369767673313619
10,2508800,48,1060,4890,0.06471529,0.3196484375,0.2,0.0003,-0.05024714767932892,0.2727113962173462,-0.6108506426215172,-0.046642501973547044,0.1472779124043882
1,2513920,2,2073,4900,0.063051835,0.33181640625,0.2,0.0003,-0.05255526304244995,0.453294575214386,-0.6489530858397484,-0.04529429473914206,0.12408405845984817
2,2519040,7,1320,4910,0.062322218,0.3291015625,0.2,0.0003,-0.06363940238952637,0.44273293018341064,-0.6441520535945893,-0.04555615074001253,0.11480004204437137
3,2524160,12,1191,4920,0.060914308,0.334609375,0.2,0.0003,-0.041792456060647964,0.44004881381988525,-0.6468972185254097,-0.045780230867676436,0.11245800536125898
4,2529280,17,1138,4930,0.061320525,0.31146484375,0.2,0.0003,-0.039749108254909515,0.4111790060997009,-0.6172056579589844,-0.04467536522308364,0.10706647990271449
5,2534400,23,1110,4940,0.06829474,0.3102734375,0.2,0.0003,-0.0492243692278862,0.47164344787597656,-0.5811593294143677,-0.04993905400624499,0.11918617270886898
6,2539520,28,1088,4950,0.05699764,0.31244140625,0.2,0.0003,-0.05072694271802902,0.4737509489059448,-0.6471953696012497,-0.04528692336753011,0.13362915696576239
7,2544640,33,1079,4960,0.052150488,0.29298828125,0.2,0.0003,-0.05528437718749046,0.5127677917480469,-0.6390034070611,-0.05078889479395002,0.12476466301828623
8,2549760,38,1070,4970,0.05789145,0.3319921875,0.2,0.0003,-0.039904672652482986,0.47126954793930054,-0.7040379846096039,-0.04715047457255423,0.10324305709451437
9,2554880,43,1063,4980,0.05891477,0.33599609375,0.2,0.0003,-0.038323190063238144,0.4801137447357178,-0.6571637031435966,-0.04632532155141234,0.1387832411006093
10,2560000,48,1060,4990,0.06536017,0.33580078125,0.2,0.0003,-0.04576265811920166,0.4269421696662903,-0.7073225483298302,-0.049130389303900304,0.1126499935798347
1,2565120,2,2169,5000,0.059077155,0.3401953125,0.2,0.0003,-0.039532363414764404,0.5382198095321655,-0.7096149882674218,-0.046108480892144144,0.12586763611063362
2,2570240,7,1345,5010,0.060367025,0.326796875,0.2,0.0003,-0.05318814888596535,0.4039096236228943,-0.6901307314634323,-0.04498513095779345,0.1376254460029304
3,2575360,12,1226,5020,0.0654463,0.33875,0.2,0.0003,-0.0537288635969162,0.39067476987838745,-0.6908813089132309,-0.050212134681642054,0.13419171897694468
4,2580480,17,1170,5030,0.05625952,0.3384375,0.2,0.0003,-0.0425150990486145,0.5046608448028564,-0.7266996484994889,-0.04782199493143707,0.12539932349696756
5,2585600,22,1138,5040,0.058321316,0.32724609375,0.2,0.0003,-0.037962015718221664,0.35209834575653076,-0.6898279976844788,-0.04543254010612145,0.15196571679785847
6,2590720,27,1114,5050,0.06835072,0.356171875,0.2,0.0003,-0.04827834665775299,0.11851704120635986,-0.6971523985266685,-0.046290181977674365,0.140086578335613
7,2595840,32,1095,5060,0.05997306,0.36404296875,0.2,0.0003,-0.052928924560546875,0.15023505687713623,-0.7530513298511505,-0.046420309278182685,0.1093096012622118
8,2600960,37,1083,5070,0.05685228,0.3444140625,0.2,0.0003,-0.03856363147497177,-0.04409193992614746,-0.7375925880670547,-0.04138654163805768,0.12987115496769547
9,2606080,42,1074,5080,0.062067706,0.36732421875,0.2,0.0003,-0.04123568534851074,0.21612447500228882,-0.7809261500835418,-0.04268176138866693,0.10727931562811137
10,2611200,48,1066,5090,0.06169976,0.348515625,0.2,0.0003,-0.03475802019238472,0.0525972843170166,-0.7577902808785438,-0.04381202358752489,0.12315156497061253
1,2616320,2,1982,5100,0.06617238,0.36646484375,0.2,0.0003,-0.06683112680912018,0.16236436367034912,-0.7443062686920165,-0.046684196302667264,0.10857860799878835
2,2621440,7,1295,5110,0.06472627,0.36072265625,0.2,0.0003,-0.07102149724960327,0.15075725317001343,-0.7553762474656105,-0.047948334531392904,0.11994451362639666
3,2626560,13,1178,5120,0.067256145,0.35333984375,0.2,0.0003,-0.062354277819395065,0.07629501819610596,-0.7324822932481766,-0.04800775369396433,0.10318360256031156
4,2631680,18,1130,5130,0.061632097,0.355859375,0.2,0.0003,-0.061888620257377625,0.08133858442306519,-0.7448722070455551,-0.04924064366146922,0.11173090988770128
5,2636800,23,1103,5140,0.066188805,0.35767578125,0.2,0.0003,-0.06558014452457428,0.046449482440948486,-0.7063900220394135,-0.04889638631604612,0.10323114218190313
6,2641920,28,1083,5150,0.058850788,0.34296875,0.2,0.0003,-0.04999690130352974,0.16610246896743774,-0.7448351863026619,-0.04183383469935507,0.10274321164935828
7,2647040,33,1067,5160,0.065024376,0.35248046875,0.2,0.0003,-0.04921937733888626,0.16217201948165894,-0.7196687284111977,-0.0475902667734772,0.10349101865664125
8,2652160,38,1054,5170,0.06383939,0.36826171875,0.2,0.0003,-0.06878665089607239,0.17379122972488403,-0.7806770440936088,-0.043876943711657075,0.07253171899355948
9,2657280,43,1048,5180,0.053987145,0.33494140625,0.2,0.0003,-0.048911310732364655,0.3270067572593689,-0.7567197230458259,-0.03964449615683407,0.08869516681879759
10,2662400,48,1045,5190,0.054170318,0.3474609375,0.2,0.0003,-0.037473179399967194,0.3376305103302002,-0.7307522416114807,-0.04490034935530275,0.10065570833161473
1,2667520,2,2104,5200,0.05835078,0.34833984375,0.2,0.0003,-0.05057229846715927,0.3654104471206665,-0.7114883843064308,-0.0450079924473539,0.12183296114206314
2,2672640,7,1332,5210,0.06242727,0.3410546875,0.2,0.0003,-0.05373641848564148,0.23465919494628906,-0.7319448763132095,-0.04357224308187142,0.10689411809667945
3,2677760,12,1213,5220,0.059793442,0.34552734375,0.2,0.0003,-0.04732581973075867,0.33303624391555786,-0.7254143771529198,-0.04615781505359337,0.10201896194368601
4,2682880,17,1155,5230,0.060910773,0.35759765625,0.2,0.0003,-0.0680452287197113,0.0653754472732544,-0.7404804632067681,-0.04397992323618382,0.12819789987057448
5,2688000,22,1121,5240,0.064874254,0.35314453125,0.2,0.0003,-0.05863284319639206,0.21206408739089966,-0.6987863063812256,-0.04864797649206594,0.09516181571409106
6,2693120,27,1098,5250,0.0709755,0.35853515625,0.2,0.0003,-0.05841143801808357,0.12195414304733276,-0.7097553297877311,-0.044839952965267,0.09616993037052453
7,2698240,33,1081,5260,0.0651853,0.36470703125,0.2,0.0003,-0.05487917736172676,0.2029097080230713,-0.7307212832570076,-0.04392301679821685,0.08910294445231556
8,2703360,38,1068,5270,0.056790598,0.34509765625,0.2,0.0003,-0.06177607923746109,0.15136879682540894,-0.7423625063896179,-0.04437496180413291,0.09554813954979181
9,2708480,43,1061,5280,0.060895074,0.34646484375,0.2,0.0003,-0.04362590238451958,0.24642813205718994,-0.7214492136240005,-0.04693739649374038,0.08194311475381255
10,2713600,48,1055,5290,0.06101663,0.36080078125,0.2,0.0003,-0.0662977546453476,0.1687391996383667,-0.7332678097486496,-0.04501821808051318,0.07027387076988817
1,2718720,2,1883,5300,0.058104374,0.33908203125,0.2,0.0003,-0.05348632112145424,0.10243934392929077,-0.7348975175619126,-0.04565196963958442,0.09463452262803912
2,2723840,8,1202,5310,0.064435765,0.33279296875,0.2,0.0003,-0.04710196703672409,0.1258750557899475,-0.6674405434727668,-0.04411347401794046,0.09877573208883404
3,2728960,14,1087,5320,0.06267191,0.3451953125,0.2,0.0003,-0.06419992446899414,0.19965332746505737,-0.7090545338392258,-0.04647681094706058,0.10240068897604943
4,2734080,19,1034,5330,0.060680576,0.35158203125,0.2,0.0003,-0.05869482457637787,0.1606774926185608,-0.7475454568862915,-0.04959311726503074,0.0963050520606339
5,2739200,25,995,5340,0.05793088,0.3357421875,0.2,0.0003,-0.07676611840724945,0.12627851963043213,-0.7318716070055962,-0.04582239570096135,0.09745515548624098
6,2744320,31,968,5350,0.067243494,0.3576171875,0.2,0.0003,-0.06408806145191193,0.24821346998214722,-0.726307093501091,-0.04651496207574382,0.09589516109786927
7,2749440,37,950,5360,0.060332187,0.33330078125,0.2,0.0003,-0.05146395415067673,0.29068928956985474,-0.6874017348885536,-0.04347413203213364,0.09190846495330333
8,2754560,43,936,5370,0.06272566,0.33287109375,0.2,0.0003,-0.02706025540828705,0.359610915184021,-0.6811343932151794,-0.03775223592761904,0.12697724685072898
9,2759680,49,927,5380,0.05692795,0.32671875,0.2,0.0003,-0.03499037027359009,0.2112215757369995,-0.659688646197319,-0.044011570285074415,0.11798093315213919
10,2764800,55,919,5390,0.05903722,0.3053515625,0.2,0.0003,-0.06819838285446167,0.36012381315231323,-0.6071797341108323,-0.041478569158352914,0.10461767705157399
1,2769920,2,2089,5400,0.06742781,0.33171875,0.2,0.0003,-0.03785870969295502,0.36867475509643555,-0.6496392312645912,-0.04359476111130789,0.09465178651735187
2,2775040,7,1293,5410,0.061610855,0.309296875,0.2,0.0003,-0.04555527865886688,-0.024532079696655273,-0.594676416516304,-0.043411333276890215,0.12656403511762618
3,2780160,13,1176,5420,0.059057154,0.3148828125,0.2,0.0003,-0.04005047306418419,0.06314164400100708,-0.6210916510224342,-0.04037092386512086,0.11230800319463015
4,2785280,18,1128,5430,0.06359581,0.3340234375,0.2,0.0003,-0.06394167244434357,0.15982723236083984,-0.6468426734209061,-0.04369671089109033,0.1079795790463686
5,2790400,23,1107,5440,0.06214676,0.3287109375,0.2,0.0003,-0.030629701912403107,0.23150789737701416,-0.6188805368542671,-0.042294860361143945,0.11288047520443797
6,2795520,28,1092,5450,0.06223805,0.30970703125,0.2,0.0003,-0.046936504542827606,0.15492212772369385,-0.6167622357606888,-0.037747883880510924,0.11298979448154568
7,2800640,33,1078,5460,0.062099606,0.33861328125,0.2,0.0003,-0.05709650367498398,0.3133470416069031,-0.6368899714946746,-0.041968892165459695,0.10108376992866397
8,2805760,38,1068,5470,0.057812892,0.3255078125,0.2,0.0003,-0.04908382147550583,0.19062024354934692,-0.6341778621077537,-0.04294184717349708,0.10455062435939907
9,2810880,43,1054,5480,0.05865542,0.31669921875,0.2,0.0003,-0.030231840908527374,0.18570280075073242,-0.6170432975888253,-0.040486947412136945,0.12131998896598815
10,2816000,49,1040,5490,0.053103976,0.29015625,0.2,0.0003,-0.04194021224975586,0.23134499788284302,-0.6016724041104317,-0.04134913107845932,0.12804896980524064
1,2821120,2,2092,5500,0.062810086,0.3244140625,0.2,0.0003,-0.03743712231516838,0.23243337869644165,-0.6488090720772743,-0.043173130939248947,0.09523997167125345
2,2826240,7,1319,5510,0.063147,0.32400390625,0.2,0.0003,-0.0672408789396286,0.22324496507644653,-0.6504765871167183,-0.04276632694527507,0.08779863696545362
3,2831360,12,1185,5520,0.0640275,0.3074609375,0.2,0.0003,-0.05029292404651642,-0.1772679090499878,-0.6495117762684822,-0.03950105295982212,0.09286120409145951
4,2836480,18,1130,5530,0.05807229,0.323828125,0.2,0.0003,-0.045544762164354324,-0.0424114465713501,-0.6300904560089111,-0.04551878942176699,0.10524703815579414
5,2841600,23,1102,5540,0.05843296,0.30857421875,0.2,0.0003,-0.058185603469610214,0.08146387338638306,-0.6464575853943825,-0.04450100386282429,0.10344364192336798
6,2846720,28,1090,5550,0.06729052,0.306328125,0.2,0.0003,-0.03475464880466461,0.1303272247314453,-0.5780119660496712,-0.043278860901482405,0.12626454774290324
7,2851840,33,1078,5560,0.06798218,0.31015625,0.2,0.0003,-0.04313117638230324,0.11056017875671387,-0.5721317604184151,-0.04543879298958928,0.11428996246308089
8,2856960,38,1068,5570,0.06287052,0.295703125,0.2,0.0003,-0.03174327313899994,0.11468619108200073,-0.5661161264777184,-0.04332320768153295,0.11152410171926022
9,2862080,43,1059,5580,0.071607664,0.32345703125,0.2,0.0003,-0.02759459614753723,0.35731804370880127,-0.605358412861824,-0.04473608598811552,0.11110645039007068
10,2867200,48,1051,5590,0.062108047,0.30755859375,0.2,0.0003,-0.045756157487630844,0.32356661558151245,-0.5920879362523556,-0.03984227837063372,0.09169341669417917
1,2872320,2,2078,5600,0.05785978,0.27193359375,0.2,0.0003,-0.040003735572099686,0.15506994724273682,-0.5176418216526508,-0.04063448349945247,0.13317702058702707
2,2877440,7,1327,5610,0.066057615,0.30322265625,0.2,0.0003,-0.0525655671954155,0.24229437112808228,-0.5906524357199668,-0.04320851002354175,0.0991287443600595
3,2882560,12,1198,5620,0.061969697,0.308046875,0.2,0.0003,-0.061508916318416595,0.20537513494491577,-0.5712552353739738,-0.0449822237319313,0.11261922406032682
4,2887680,17,1142,5630,0.05671513,0.2814453125,0.2,0.0003,-0.04142707958817482,0.2909625768661499,-0.5349886992573738,-0.042201737770810724,0.11886114558205009
5,2892800,23,1106,5640,0.0554849,0.2987109375,0.2,0.0003,-0.052982576191425323,0.47369009256362915,-0.5841898909211158,-0.044160912157967684,0.10205045439302922
6,2897920,28,1085,5650,0.063392535,0.297578125,0.2,0.0003,-0.04482031986117363,0.40820056200027466,-0.5568506176769733,-0.0474913779925555,0.11803395906463265
7,2903040,33,1075,5660,0.06474261,0.29484375,0.2,0.0003,-0.04195073992013931,0.26758551597595215,-0.5234086295962334,-0.043410118673928084,0.1095392112992704
8,2908160,38,1069,5670,0.0674581,0.29060546875,0.2,0.0003,-0.031659889966249466,0.4288914203643799,-0.5188292655348777,-0.04719463377725333,0.11104315279051662
9,2913280,43,1060,5680,0.059535105,0.284765625,0.2,0.0003,-0.03813038021326065,0.4415857791900635,-0.4956829285621643,-0.045344099216163156,0.11540674982592464
10,2918400,48,1056,5690,0.059778143,0.2819921875,0.2,0.0003,-0.038798052817583084,0.48762136697769165,-0.5029443344473838,-0.042387215811759235,0.10674681205302478
1,2923520,2,2081,5700,0.06935074,0.29369140625,0.2,0.0003,-0.03782295808196068,0.4688817858695984,-0.5058992591500282,-0.047150331791490314,0.11523472517728806
2,2928640,7,1311,5710,0.058502007,0.2960546875,0.2,0.0003,-0.040530748665332794,0.5538243055343628,-0.5521032729744911,-0.04719127743504942,0.10099066125229
3,2933760,12,1190,5720,0.05822873,0.2927734375,0.2,0.0003,-0.02682676911354065,0.5852625370025635,-0.5649019572138786,-0.046010063164867464,0.11384620849043131
4,2938880,18,1131,5730,0.05313871,0.28619140625,0.2,0.0003,-0.051068294793367386,0.6275679469108582,-0.5634989979863166,-0.043717198693193494,0.11489782461896539
5,2944000,23,1097,5740,0.057392,0.28923828125,0.2,0.0003,-0.04123301804065704,0.41781944036483765,-0.5589184564352035,-0.042538024010136725,0.12444188229739667
6,2949120,28,1074,5750,0.06407307,0.30810546875,0.2,0.0003,-0.04626862704753876,0.5433706045150757,-0.5734511572122574,-0.045160100827924904,0.11097106315195561
7,2954240,33,1056,5760,0.061748963,0.29619140625,0.2,0.0003,-0.04263162612915039,0.7055454254150391,-0.5400356432795524,-0.04551722975447774,0.12648723095655443
8,2959360,39,1042,5770,0.06639746,0.2740625,0.2,0.0003,-0.017521429806947708,0.591491162776947,-0.5310150374472141,-0.04403745289891958,0.1497062186896801
9,2964480,44,1029,5780,0.060008567,0.291875,0.2,0.0003,-0.03810955584049225,0.5822197198867798,-0.5480255058407784,-0.0412962051294744,0.1233328677713871
10,2969600,50,1018,5790,0.06677711,0.30720703125,0.2,0.0003,-0.03703521192073822,0.6597656011581421,-0.5647989886999131,-0.04455091523006558,0.11752585535869002
1,2974720,2,1875,5800,0.06654002,0.29916015625,0.2,0.0003,-0.028370477259159088,0.6018468141555786,-0.5409879730641842,-0.041385789820924404,0.12009886616840959
2,2979840,8,1196,5810,0.058097076,0.30888671875,0.2,0.0003,-0.01755792275071144,0.42156118154525757,-0.5821947464346886,-0.040074360300786795,0.125027063395828
3,2984960,14,1079,5820,0.063550904,0.29673828125,0.2,0.0003,-0.05361645668745041,0.4922894835472107,-0.5587090384960175,-0.03930136049864814,0.11323981521651148
4,2990080,20,1019,5830,0.06297063,0.31216796875,0.2,0.0003,-0.03475608304142952,0.39178746938705444,-0.5563778872787952,-0.04167008011601865,0.13373815855011345
5,2995200,25,988,5840,0.060015608,0.3103125,0.2,0.0003,-0.04798755794763565,0.3700277805328369,-0.5989605742692947,-0.042956179422326386,0.10029556909576058
6,3000320,31,967,5850,0.06419231,0.32658203125,0.2,0.0003,-0.03368086367845535,0.4735703468322754,-0.6309388104081154,-0.04538296787068248,0.12510448543354868
7,3005440,37,951,5860,0.06429682,0.3184375,0.2,0.0003,-0.048472315073013306,0.44547098875045776,-0.5946948644518852,-0.04387298964895308,0.14524510454386472
8,3010560,43,938,5870,0.06290252,0.330234375,0.2,0.0003,-0.046404190361499786,0.43625468015670776,-0.6305635061860084,-0.045558424363844094,0.12202474122866988
9,3015680,49,926,5880,0.06594915,0.3285546875,0.2,0.0003,-0.03877903148531914,0.4748428463935852,-0.6048747292160987,-0.04170523175038397,0.13108507996425034
10,3020800,55,917,5890,0.06717892,0.32666015625,0.2,0.0003,-0.05437098443508148,0.463270902633667,-0.6192173194885254,-0.044344436689279974,0.1237936088256538
1,3025920,2,2014,5900,0.055696614,0.31458984375,0.2,0.0003,-0.04960609972476959,0.5236535668373108,-0.6239017075300217,-0.04559145494364202,0.12653732899576425
2,3031040,8,1269,5910,0.069334626,0.29841796875,0.2,0.0003,-0.030127227306365967,0.39947324991226196,-0.5491328273713588,-0.04166113748913631,0.12625713570043445
3,3036160,13,1162,5920,0.06505785,0.32365234375,0.2,0.0003,-0.055783819407224655,0.5142350196838379,-0.6075419685244561,-0.04065506350249052,0.12186145624145865
4,3041280,18,1110,5930,0.057214893,0.31890625,0.2,0.0003,-0.04667039215564728,0.40146404504776,-0.626510566174984,-0.04469870251370594,0.12736504571512341
5,3046400,23,1087,5940,0.0610047,0.3108984375,0.2,0.0003,-0.027177035808563232,0.2944825291633606,-0.5723185697197914,-0.0414843924343586,0.1350731354020536
6,3051520,28,1069,5950,0.0652547,0.29734375,0.2,0.0003,-0.019780509173870087,0.5645215511322021,-0.568652032315731,-0.04372199560515583,0.1457781197503209
7,3056640,33,1057,5960,0.06412202,0.327578125,0.2,0.0003,-0.04551584646105766,0.4747852087020874,-0.6178818055987358,-0.04492038762196898,0.15942959260195494
8,3061760,38,1050,5970,0.0645313,0.31248046875,0.2,0.0003,-0.009501919150352478,0.5114922523498535,-0.6128739577531814,-0.039457215869333595,0.19262527717277408
9,3066880,44,1044,5980,0.05857719,0.3035546875,0.2,0.0003,-0.04276185482740402,0.5116047263145447,-0.5708645430207252,-0.03959263803903013,0.1336094718053937
10,3072000,49,1039,5990,0.06267011,0.30822265625,0.2,0.0003,-0.05213673412799835,0.4951355457305908,-0.5923903658986092,-0.04415080239996314,0.13042216073721646
1,3077120,2,2055,6000,0.07446693,0.33380859375,0.2,0.0003,-0.0499991849064827,0.2797982692718506,-0.619873371720314,-0.04220698065124452,0.14469287248328327
2,3082240,7,1311,6010,0.07407811,0.344453125,0.2,0.0003,-0.0530424527823925,0.3438771367073059,-0.6161226943135262,-0.042821141951717434,0.10844359872862697
3,3087360,12,1190,6020,0.06843908,0.34826171875,0.2,0.0003,-0.05361449345946312,0.07246363162994385,-0.6401296910643578,-0.04144728566519916,0.10228258093819022
4,3092480,17,1140,6030,0.07500547,0.3508203125,0.2,0.0003,-0.05138218775391579,0.11332380771636963,-0.6272546824812889,-0.03864093568176031,0.11629984060302377
5,3097600,22,1114,6040,0.06917412,0.3387109375,0.2,0.0003,-0.05501331016421318,0.11775487661361694,-0.6174035230278969,-0.0412980906595476,0.09563778547570109
6,3102720,28,1096,6050,0.07152756,0.3393359375,0.2,0.0003,-0.0681440532207489,0.2353951334953308,-0.6276177826523781,-0.0440860775928013,0.09589245751500129
7,3107840,33,1084,6060,0.07295427,0.33962890625,0.2,0.0003,-0.06275755167007446,0.21246486902236938,-0.6238600245118141,-0.04313036980573088,0.09988102734088898
8,3112960,38,1074,6070,0.061213814,0.33169921875,0.2,0.0003,-0.049221280962228775,0.30861759185791016,-0.6428852674365043,-0.041685347245074805,0.08860072242096066
9,3118080,43,1066,6080,0.06409109,0.352578125,0.2,0.0003,-0.05658739060163498,0.3958573341369629,-0.6466679713129997,-0.0380597341619432,0.10666877415031195
10,3123200,48,1060,6090,0.06779976,0.338359375,0.2,0.0003,-0.048413243144750595,0.39688748121261597,-0.6385295140743256,-0.042302503453101964,0.08942549681290984
1,3128320,2,2143,6100,0.06818242,0.34689453125,0.2,0.0003,-0.05598553270101547,0.2425633668899536,-0.6443819469213485,-0.04446941125672311,0.09891750860027969
2,3133440,7,1291,6110,0.06355409,0.32666015625,0.2,0.0003,-0.034965842962265015,0.08926135301589966,-0.5984408447146415,-0.04134502401575446,0.1288879865780473
3,3138560,13,1158,6120,0.07933459,0.35513671875,0.2,0.0003,-0.04017258808016777,0.3312414288520813,-0.6178052079677582,-0.04912985873874277,0.1148712519928813
4,3143680,18,1095,6130,0.06425852,0.334765625,0.2,0.0003,-0.05271165445446968,0.21775084733963013,-0.6151601779460907,-0.04404698342550546,0.109999218005687
5,3148800,24,1063,6140,0.07571259,0.3350390625,0.2,0.0003,-0.03833000361919403,0.12955260276794434,-0.5951826557517051,-0.04455323254223913,0.11260168511420489
6,3153920,29,1042,6150,0.07481159,0.32568359375,0.2,0.0003,-0.056525036692619324,0.3148224949836731,-0.5753140819072723,-0.044524234074633566,0.10930846082046627
7,3159040,34,1036,6160,0.07325649,0.349140625,0.2,0.0003,-0.06453306972980499,0.3613991141319275,-0.5907973834872245,-0.04654805310536176,0.09491848966106772
8,3164160,39,1034,6170,0.067584075,0.30689453125,0.2,0.0003,-0.03375343233346939,0.521133303642273,-0.548671398460865,-0.039329764684662226,0.09662073481827975
9,3169280,44,1030,6180,0.06742786,0.31765625,0.2,0.0003,-0.03184857591986656,0.48030227422714233,-0.5549106740951538,-0.04190967529080808,0.1109877148270607
10,3174400,49,1027,6190,0.06459229,0.3237109375,0.2,0.0003,-0.03996006026864052,0.5350880026817322,-0.5794254866242409,-0.044005335457623,0.11519899353384971
1,3179520,2,2014,6200,0.06881457,0.29830078125,0.2,0.0003,-0.043247025460004807,0.4377334713935852,-0.5331814527511597,-0.04184788117185235,0.13430380932986735
2,3184640,8,1271,6210,0.06602326,0.299765625,0.2,0.0003,0.004889387637376785,0.49182063341140747,-0.5492264403402806,-0.037934612645767626,0.13317524131387473
3,3189760,13,1144,6220,0.063076176,0.30845703125,0.2,0.0003,-0.06377094238996506,0.4636147618293762,-0.5871100303530693,-0.04478606346994638,0.12435904964804649
4,3194880,18,1090,6230,0.0690889,0.3255078125,0.2,0.0003,-0.03804696351289749,0.5188337564468384,-0.5730164429545402,-0.041663017699029296,0.1262807784229517
5,3200000,23,1066,6240,0.07040443,0.31974609375,0.2,0.0003,-0.026075534522533417,0.4207386374473572,-0.5721299698948861,-0.04273541801376268,0.1409783879108727
6,3205120,29,1045,6250,0.07206352,0.30650390625,0.2,0.0003,-0.0454053059220314,0.33881449699401855,-0.5188137133419514,-0.04266255325637758,0.12945477629080415
7,3210240,34,1028,6260,0.06554787,0.30048828125,0.2,0.0003,-0.04467713460326195,0.39776378870010376,-0.544387658983469,-0.03982827224768698,0.12125693069770932
8,3215360,40,1013,6270,0.06960701,0.29822265625,0.2,0.0003,-0.04682574048638344,0.5676853060722351,-0.5302743656933308,-0.04054361970629543,0.11209979290142655
9,3220480,46,998,6280,0.068341106,0.30365234375,0.2,0.0003,-0.030718255788087845,0.5505959987640381,-0.5464377900958062,-0.04012618075124919,0.14168526215478777
10,3225600,51,986,6290,0.066733144,0.30515625,0.2,0.0003,-0.028499707579612732,0.48760634660720825,-0.5652007257938385,-0.03842033573426306,0.15312500067055226
1,3230720,2,2046,6300,0.06874625,0.30470703125,0.2,0.0003,-0.03424506634473801,0.44587916135787964,-0.5586746332049369,-0.04073812635615468,0.144712740983814
2,3235840,8,1275,6310,0.074461766,0.3241796875,0.2,0.0003,-0.04462825134396553,0.5277155041694641,-0.5769715854525566,-0.0437319814809598,0.12647909501567484
3,3240960,13,1157,6320,0.065274835,0.3252734375,0.2,0.0003,-0.03701819106936455,0.4537118673324585,-0.5886326852440834,-0.04605851226020605,0.11672789288684726
4,3246080,18,1097,6330,0.06638173,0.30666015625,0.2,0.0003,-0.02353142946958542,0.3341299891471863,-0.5411397258937359,-0.03821814113529399,0.14719525296241046
5,3251200,24,1066,6340,0.075457074,0.32212890625,0.2,0.0003,-0.03439214080572128,0.28029966354370117,-0.5603645780682563,-0.044572894421871755,0.13388530002906918
6,3256320,29,1044,6350,0.0719763,0.32787109375,0.2,0.0003,-0.054641760885715485,0.40910154581069946,-0.59162114828825,-0.04483570591080934,0.10424450738355517
7,3261440,34,1025,6360,0.05975772,0.303671875,0.2,0.0003,-0.05261281132698059,0.3253198266029358,-0.5853480836749076,-0.045299287689849733,0.13479668641462922
8,3266560,40,1014,6370,0.06593467,0.3158984375,0.2,0.0003,-0.03992890566587448,0.305000364780426,-0.5817194998264312,-0.04396336955484003,0.10971532387658954
9,3271680,45,1008,6380,0.06972642,0.3410546875,0.2,0.0003,-0.05340450257062912,0.4377453923225403,-0.6494216486811638,-0.0415081371832639,0.11052924282848835
10,3276800,51,1001,6390,0.071809016,0.3379296875,0.2,0.0003,-0.04203377291560173,0.3381640911102295,-0.6147540426254272,-0.04427306063706055,0.1102036862820387
1,3281920,2,2088,6400,0.069337085,0.32888671875,0.2,0.0003,-0.0416855625808239,0.40639418363571167,-0.5848934304714203,-0.042725291152019056,0.10492560548707842
2,3287040,7,1333,6410,0.07209964,0.335390625,0.2,0.0003,-0.03947754576802254,0.3592914342880249,-0.618681515455246,-0.04286005415022373,0.10880615185946226
3,3292160,12,1211,6420,0.05962037,0.31693359375,0.2,0.0003,-0.032617196440696716,0.317995548248291,-0.6040413650870323,-0.0418618861050345,0.1243516056612134
4,3297280,17,1152,6430,0.066959664,0.32515625,0.2,0.0003,-0.04565948247909546,0.278221070766449,-0.628602747619152,-0.04388155219610781,0.1259956882894039
5,3302400,22,1120,6440,0.06753145,0.33166015625,0.2,0.0003,-0.043784722685813904,0.1791297197341919,-0.6331869703531265,-0.04363072567619383,0.13390761502087117
6,3307520,27,1102,6450,0.076151684,0.34138671875,0.2,0.0003,-0.04667215794324875,0.1403590440750122,-0.6445056208968163,-0.044387093654368076,0.11736909072846174
7,3312640,32,1089,6460,0.07949488,0.3603515625,0.2,0.0003,-0.03823287412524223,0.19048869609832764,-0.6375587847828865,-0.044910186929628254,0.1010731776431203
8,3317760,37,1078,6470,0.0702603,0.3728515625,0.2,0.0003,-0.06396966427564621,0.20507538318634033,-0.6691968104243279,-0.04544034801889211,0.11890053052455186
9,3322880,43,1069,6480,0.06826506,0.34845703125,0.2,0.0003,-0.056646399199962616,0.13929122686386108,-0.6715488472580909,-0.042537614875473084,0.09969151757657528
10,3328000,48,1056,6490,0.08029426,0.35955078125,0.2,0.0003,-0.05560135096311569,0.274949848651886,-0.6460146299004554,-0.04452425934839994,0.0931000061891973
1,3333120,2,1826,6500,0.078681104,0.36197265625,0.2,0.0003,-0.051664575934410095,0.06821572780609131,-0.6766359430551528,-0.04388332118280232,0.0922356703877449
2,3338240,8,1160,6510,0.06971386,0.35134765625,0.2,0.0003,-0.058684587478637695,0.20839965343475342,-0.6461632430553437,-0.04626420442713425,0.0924225390329957
3,3343360,14,1049,6520,0.07813729,0.3378515625,0.2,0.0003,-0.05804406851530075,0.2849525213241577,-0.6331732657551765,-0.04498305714223534,0.10372754419222474
4,3348480,20,1001,6530,0.06493216,0.343125,0.2,0.0003,-0.06209851801395416,0.26465803384780884,-0.6589412543177605,-0.046615053270943466,0.08682390969246626
5,3353600,26,969,6540,0.07178983,0.33880859375,0.2,0.0003,-0.041483547538518906,0.3433956503868103,-0.6432070043683052,-0.045947055448777974,0.09623685102909803
6,3358720,32,953,6550,0.07104249,0.3219921875,0.2,0.0003,-0.0488213375210762,0.40666913986206055,-0.6184413310885429,-0.04358747189864516,0.11560792865231634
7,3363840,37,949,6560,0.07272011,0.35744140625,0.2,0.0003,-0.06694526225328445,0.3207768201828003,-0.6535426011681557,-0.04306588205974549,0.0769369878154248
8,3368960,43,948,6570,0.06664196,0.32474609375,0.2,0.0003,-0.06934656947851181,0.36598145961761475,-0.6324546495079995,-0.0443065401725471,0.08070485183037818
9,3374080,48,949,6580,0.06996509,0.323359375,0.2,0.0003,-0.052289772778749466,0.26863086223602295,-0.5997043499350547,-0.04460947203449905,0.11586797375231982
10,3379200,53,951,6590,0.0657009,0.33826171875,0.2,0.0003,-0.054126985371112823,0.21076244115829468,-0.6212702193856239,-0.044804997115861625,0.10217064572498202
1,3384320,2,2096,6600,0.06929019,0.3347265625,0.2,0.0003,-0.05504176765680313,0.3224785327911377,-0.6321533769369125,-0.04739576694089919,0.10453330406919122
2,3389440,7,1306,6610,0.074272715,0.3299609375,0.2,0.0003,-0.045842140913009644,0.451094388961792,-0.5976795974373817,-0.04323809416033328,0.09557219423353672
3,3394560,12,1196,6620,0.06726043,0.3208203125,0.2,0.0003,-0.0489228293299675,0.31396162509918213,-0.621726642549038,-0.042497664685361085,0.09605916704982519
4,3399680,17,1142,6630,0.06589931,0.31916015625,0.2,0.0003,-0.05284159630537033,0.40048325061798096,-0.5944434824585915,-0.04027623730478808,0.10286485413089394
5,3404800,22,1116,6640,0.060279183,0.301484375,0.2,0.0003,-0.03460371121764183,0.47120147943496704,-0.5785308840870858,-0.03691577871562913,0.10715032935142517
6,3409920,28,1094,6650,0.07257154,0.3122265625,0.2,0.0003,-0.04356176033616066,0.3844948410987854,-0.571577381491661,-0.039371266909874976,0.12192127149552107
7,3415040,33,1077,6660,0.06953258,0.3065625,0.2,0.0003,-0.03242113068699837,0.38582515716552734,-0.563746475726366,-0.040260683223605154,0.14903936678543686
8,3420160,38,1067,6670,0.06875454,0.320625,0.2,0.0003,-0.05278969556093216,0.3253638744354248,-0.6103850358724594,-0.040040265042334794,0.12241170009598136
9,3425280,43,1063,6680,0.07329762,0.32384765625,0.2,0.0003,-0.03790052980184555,0.48397713899612427,-0.6028626725077629,-0.03850982374045998,0.11019064312800765
10,3430400,48,1058,6690,0.070059285,0.3116796875,0.2,0.0003,-0.03806509077548981,0.27476954460144043,-0.5792926707863808,-0.04100654230918735,0.1468430800177157
1,3435520,2,2061,6700,0.06895585,0.342734375,0.2,0.0003,-0.05431889742612839,0.3495331406593323,-0.638780075609684,-0.041608176920562984,0.11761000281199813
2,3440640,7,1330,6710,0.06597921,0.33400390625,0.2,0.0003,-0.05301929637789726,0.33024150133132935,-0.5973117694258689,-0.04154779388103634,0.14182629872113467
3,3445760,12,1207,6720,0.0768514,0.34345703125,0.2,0.0003,-0.029352087527513504,0.29500627517700195,-0.5976141756772995,-0.0442327108932659,0.1416425383836031
4,3450880,17,1153,6730,0.05972923,0.30453125,0.2,0.0003,-0.05219024419784546,0.23481345176696777,-0.5530556160211563,-0.04294821272604168,0.1370798858627677
5,3456000,22,1121,6740,0.078381136,0.33935546875,0.2,0.0003,-0.0399293452501297,0.3383858799934387,-0.5961634212732315,-0.045723977009765805,0.1378839640133083
6,3461120,27,1097,6750,0.0752036,0.33333984375,0.2,0.0003,-0.04413760453462601,0.2994886636734009,-0.592477143406868,-0.04447828605305403,0.12938252978026868
7,3466240,32,1086,6760,0.07614928,0.32923828125,0.2,0.0003,-0.033281661570072174,0.4684503674507141,-0.592768215239048,-0.041503572603687644,0.11181243779137731
8,3471360,38,1075,6770,0.07076679,0.33080078125,0.2,0.0003,-0.04453276842832565,0.39361077547073364,-0.6138064923882485,-0.043031673743389544,0.1111791367456317
9,3476480,43,1065,6780,0.06676738,0.3260546875,0.2,0.0003,-0.04810277000069618,0.21507281064987183,-0.6004404312372208,-0.04238277655094862,0.12379337172955275
10,3481600,48,1058,6790,0.078382865,0.32693359375,0.2,0.0003,-0.038625601679086685,0.2628669738769531,-0.5673287765681744,-0.0459318569325842,0.12729706063866617
1,3486720,2,2102,6800,0.08240102,0.32935546875,0.2,0.0003,-0.045351751148700714,0.37432974576950073,-0.5507092589139938,-0.04835593271767721,0.12581208620220422
2,3491840,7,1343,6810,0.08120862,0.33498046875,0.2,0.0003,-0.04165485501289368,0.406518816947937,-0.5993869054317474,-0.04689016305375844,0.12123239116743206
3,3496960,12,1212,6820,0.07352346,0.3487109375,0.2,0.0003,-0.043566688895225525,0.4057687520980835,-0.6243541243672371,-0.04447751550003886,0.11092503363266587
4,3502080,17,1156,6830,0.084098026,0.338984375,0.2,0.0003,-0.045626986771821976,0.2225695252418518,-0.5935677579045295,-0.04348293639253825,0.12743653858080506
5,3507200,22,1118,6840,0.086100414,0.3544140625,0.2,0.0003,-0.04299244284629822,0.2739065885543823,-0.6122730365395546,-0.04387981964508072,0.13086892861872912
6,3512320,27,1098,6850,0.081915244,0.35822265625,0.2,0.0003,-0.050835415720939636,0.16712814569473267,-0.6434301224350929,-0.04550910232355818,0.10035403244197369
7,3517440,33,1084,6860,0.07804017,0.372265625,0.2,0.0003,-0.06790757179260254,0.2665402889251709,-0.6858521831035614,-0.04655826711561531,0.08326502257958054
8,3522560,38,1074,6870,0.0777268,0.36212890625,0.2,0.0003,-0.037856053560972214,0.16751116514205933,-0.6539680486917496,-0.038881383545231074,0.11479776637628675
9,3527680,43,1066,6880,0.090039365,0.373359375,0.2,0.0003,-0.061203986406326294,0.3599562644958496,-0.6551661005616188,-0.043274055713554846,0.0808242442086339
10,3532800,48,1062,6890,0.08429159,0.373203125,0.2,0.0003,-0.04610428959131241,0.3034519553184509,-0.651982637643814,-0.04213179857935757,0.10621569287031889
1,3537920,2,2140,6900,0.079759076,0.35412109375,0.2,0.0003,-0.03358892723917961,0.176375150680542,-0.6347059324383736,-0.04550890490878373,0.11023935561999679
2,3543040,7,1357,6910,0.08274637,0.34830078125,0.2,0.0003,-0.0709640234708786,0.06366837024688721,-0.6361621922254562,-0.043505941475741564,0.11349821042269469
3,3548160,12,1226,6920,0.07449365,0.36205078125,0.2,0.0003,-0.05541966110467911,0.07726877927780151,-0.6594101282954216,-0.044012557226233186,0.09849204171448946
4,3553280,17,1165,6930,0.07209105,0.36453125,0.2,0.0003,-0.07074020802974701,0.037833213806152344,-0.6728259643912315,-0.0467429852229543,0.07941191332414746
5,3558400,22,1131,6940,0.06646017,0.33869140625,0.2,0.0003,-0.04893755167722702,0.32611095905303955,-0.667351248562336,-0.04189364856341854,0.08607617417350412
6,3563520,28,1092,6950,0.08287487,0.34548828125,0.2,0.0003,-0.036926813423633575,0.061874449253082275,-0.6643327850103379,-0.0416326803364791,0.10882830670103431
7,3568640,33,1073,6960,0.06684218,0.33966796875,0.2,0.0003,-0.07340861856937408,0.38177675008773804,-0.6768871149420739,-0.04553941460326314,0.09335002286359667
8,3573760,38,1067,6970,0.06555393,0.32984375,0.2,0.0003,-0.05184755101799965,0.22011220455169678,-0.6427422627806664,-0.040612791045568884,0.12068216392770409
9,3578880,43,1063,6980,0.07400374,0.3498828125,0.2,0.0003,-0.060426004230976105,0.2437974214553833,-0.6196645721793175,-0.043509217426180836,0.12198107512667775
10,3584000,48,1059,6990,0.071765825,0.34140625,0.2,0.0003,-0.06680608540773392,0.3538064956665039,-0.6527908301353454,-0.04221956902183592,0.09663588637486101
1,3589120,2,2165,7000,0.068369,0.34224609375,0.2,0.0003,-0.05575462430715561,0.316928505897522,-0.6266738173365592,-0.04465809850720689,0.1199607153609395
2,3594240,7,1327,7010,0.074721254,0.34669921875,0.2,0.0003,-0.05645320564508438,0.470442533493042,-0.6186456418037415,-0.04126816099742427,0.12476649133488536
3,3599360,12,1202,7020,0.06795953,0.33783203125,0.2,0.0003,-0.04267493635416031,0.318050742149353,-0.6584609168767929,-0.04243174843722954,0.13736626718193293
4,3604480,17,1150,7030,0.06861906,0.3496875,0.2,0.0003,-0.04085136950016022,0.3827242851257324,-0.6359664815664291,-0.04150583654642105,0.1218892315775156
5,3609600,22,1116,7040,0.07933253,0.35322265625,0.2,0.0003,-0.0474567636847496,0.37749338150024414,-0.6456066945195198,-0.04471629682811908,0.135050916261971
6,3614720,28,1096,7050,0.077615455,0.3555078125,0.2,0.0003,-0.05813802778720856,0.3880113959312439,-0.6559633237123489,-0.04805917114950717,0.12490167465060949
7,3619840,33,1078,7060,0.07835247,0.362109375,0.2,0.0003,-0.06371133029460907,0.21077555418014526,-0.6622245845198631,-0.04696593901608139,0.12802562395110725
8,3624960,38,1063,7070,0.08252227,0.35451171875,0.2,0.0003,-0.04075228050351143,0.17386257648468018,-0.6398292508721352,-0.04441449958365411,0.12769917806610465
9,3630080,43,1050,7080,0.0738491,0.34845703125,0.2,0.0003,-0.04135673865675926,0.17625105381011963,-0.6705331870913506,-0.04509333073627204,0.12125725775957108
10,3635200,49,1041,7090,0.07925184,0.38048828125,0.2,0.0003,-0.0562935546040535,0.23469454050064087,-0.6820965740084648,-0.04206150623969734,0.1050650784559548
1,3640320,2,2059,7100,0.07433615,0.366328125,0.2,0.0003,-0.05828229710459709,0.11720508337020874,-0.701403389275074,-0.039646558058448134,0.11917283188551664
2,3645440,7,1290,7110,0.07160558,0.35978515625,0.2,0.0003,-0.03941451013088226,0.1158071756362915,-0.7105326479673386,-0.04133099213242531,0.09443994224071503
3,3650560,13,1172,7120,0.071610115,0.3548828125,0.2,0.0003,-0.038524411618709564,0.18596524000167847,-0.6810244518518448,-0.04068828093353659,0.11856896653771401
4,3655680,18,1124,7130,0.079254195,0.3680859375,0.2,0.0003,-0.03165321424603462,0.21707546710968018,-0.6774634087085724,-0.04348509017378092,0.10791163988411427
5,3660800,23,1092,7140,0.07506143,0.360703125,0.2,0.0003,-0.03426358476281166,0.24405789375305176,-0.6717743876576424,-0.04424368611886166,0.11603613771498203
6,3665920,28,1072,7150,0.07964699,0.3591796875,0.2,0.0003,-0.057605862617492676,0.05833226442337036,-0.6557766142487526,-0.04808240484679118,0.11235355826094746
7,3671040,33,1061,7160,0.069342166,0.35359375,0.2,0.0003,-0.043067026883363724,0.27191346883773804,-0.6433754479885101,-0.047516034774016586,0.10368140211328863
8,3676160,38,1053,7170,0.06840342,0.3402734375,0.2,0.0003,-0.0609547384083271,0.2291080355644226,-0.641767061650753,-0.04501164007699117,0.11672071056440472
9,3681280,43,1049,7180,0.07220034,0.35216796875,0.2,0.0003,-0.04730767756700516,0.20220541954040527,-0.6542401772737503,-0.04536451345309615,0.10818199153989554
10,3686400,48,1045,7190,0.0770775,0.3402734375,0.2,0.0003,-0.044118378311395645,0.2005181908607483,-0.6191253218054772,-0.04093845855910331,0.11008770944550633
1,3691520,2,1965,7200,0.07568216,0.3440234375,0.2,0.0003,-0.03759237751364708,0.2213079333305359,-0.6271022787690163,-0.0439115626225248,0.14399524565786123
2,3696640,8,1252,7210,0.071961716,0.3331640625,0.2,0.0003,-0.053297512233257294,0.2529478669166565,-0.6198020803928376,-0.046721533597446976,0.12364678034558892
3,3701760,13,1123,7220,0.082352854,0.3682421875,0.2,0.0003,-0.05565589293837547,0.020030319690704346,-0.6432284131646157,-0.04383554581552744,0.09879880264401436
4,3706880,19,1063,7230,0.063630864,0.33201171875,0.2,0.0003,-0.07044923305511475,0.26163244247436523,-0.634882302582264,-0.042785483552142976,0.1043219711817801
5,3712000,25,1022,7240,0.08582027,0.3575,0.2,0.0003,-0.04448368400335312,-0.08164036273956299,-0.6182653456926346,-0.04312597244977951,0.11438018664717674
6,3717120,30,996,7250,0.074821085,0.35966796875,0.2,0.0003,-0.058481331914663315,0.2657870650291443,-0.6658454549312591,-0.04498234072234482,0.09618318270891905
7,3722240,36,979,7260,0.07999572,0.3642578125,0.2,0.0003,-0.071462482213974,0.36242198944091797,-0.6184212473034859,-0.04572231345577166,0.1072792112454772
8,3727360,42,965,7270,0.07969968,0.3583984375,0.2,0.0003,-0.06705056875944138,0.387053906917572,-0.6551807969808578,-0.04618728951783851,0.08667325175367296
9,3732480,48,955,7280,0.07317236,0.3462109375,0.2,0.0003,-0.056128017604351044,0.250013530254364,-0.6167152425646782,-0.044536673175171015,0.11661705568432808
10,3737600,53,948,7290,0.07726524,0.357265625,0.2,0.0003,-0.055393628776073456,0.16411787271499634,-0.6383954912424088,-0.04673937257146463,0.10187411403283476
1,3742720,2,2100,7300,0.07807872,0.34017578125,0.2,0.0003,-0.045866064727306366,0.3590346574783325,-0.6038981428742409,-0.04580138933146372,0.09943975793197751
2,3747840,7,1314,7310,0.06876782,0.31830078125,0.2,0.0003,-0.055883921682834625,0.27371978759765625,-0.6026846361160278,-0.047100696517154574,0.10368015602231026
3,3752960,12,1202,7320,0.072182864,0.321953125,0.2,0.0003,-0.047433964908123016,0.14083611965179443,-0.5865939119458199,-0.045904342390131206,0.11135122897103429
4,3758080,17,1153,7330,0.07693292,0.33708984375,0.2,0.0003,-0.05602925270795822,0.4187849760055542,-0.5922215104103088,-0.04170787826646119,0.10648209262639284
5,3763200,22,1122,7340,0.07606407,0.31271484375,0.2,0.0003,-0.04639742523431778,0.15949857234954834,-0.5417167441546917,-0.04518345708493143,0.11358925784006715
6,3768320,27,1103,7350,0.07621924,0.3301953125,0.2,0.0003,-0.04546326771378517,0.4372268319129944,-0.5989483830332756,-0.043852156188804656,0.1135039166547358
7,3773440,32,1088,7360,0.07775324,0.34552734375,0.2,0.0003,-0.07144995033740997,0.35158056020736694,-0.5867573058605194,-0.04363301541423425,0.0864258361980319
8,3778560,38,1076,7370,0.07006471,0.34,0.2,0.0003,-0.04549138993024826,0.3252947926521301,-0.6222248297929763,-0.045200467742979526,0.10031798979267478
9,3783680,43,1067,7380,0.07194501,0.31705078125,0.2,0.0003,-0.06101340427994728,0.2829402685165405,-0.5755385440587998,-0.0430352065898478,0.09393791982904076
10,3788800,48,1062,7390,0.08052796,0.3276171875,0.2,0.0003,-0.04740647226572037,0.40748751163482666,-0.6005757832527161,-0.045225685951299964,0.09279493873938918
1,3793920,2,2013,7400,0.07217684,0.31564453125,0.2,0.0003,-0.04395691305398941,0.46887099742889404,-0.5864824384450913,-0.04201424574945122,0.10926783761009574
2,3799040,8,1253,7410,0.07661779,0.29705078125,0.2,0.0003,-0.044591281563043594,0.34432703256607056,-0.5322873525321483,-0.04542419631499797,0.11037143040448427
3,3804160,13,1135,7420,0.07483103,0.2954296875,0.2,0.0003,-0.04614618793129921,0.41667234897613525,-0.5179387560486793,-0.04112004090100527,0.09926506558433175
4,3809280,18,1078,7430,0.08084903,0.3150390625,0.2,0.0003,-0.03286951780319214,0.4137200713157654,-0.5573360221087933,-0.03763989604311064,0.11439004613086581
5,3814400,24,1047,7440,0.0717499,0.30337890625,0.2,0.0003,-0.07373983412981033,0.6000348329544067,-0.5612683536112308,-0.04059742712182924,0.0776083541661501
6,3819520,30,1023,7450,0.075069144,0.303515625,0.2,0.0003,-0.04743151366710663,0.5854108333587646,-0.5405748142302036,-0.04423879551934078,0.09488121883943677
7,3824640,35,1003,7460,0.07179123,0.29208984375,0.2,0.0003,-0.052150286734104156,0.5452126264572144,-0.5671612253785133,-0.03795170098310337,0.09887011362239718
8,3829760,41,984,7470,0.076191574,0.308828125,0.2,0.0003,-0.05608072131872177,0.5449331998825073,-0.5631119570136071,-0.04440533997491002,0.11583907589316368
9,3834880,47,964,7480,0.07587688,0.3104296875,0.2,0.0003,-0.050698116421699524,0.48992758989334106,-0.5510744328796864,-0.044106033153366295,0.11637066137045622
10,3840000,53,952,7490,0.07503988,0.31310546875,0.2,0.0003,-0.056431420147418976,0.4396441578865051,-0.5606218931078911,-0.042283358429558576,0.1208198431879282
1,3845120,2,2046,7500,0.06815875,0.30662109375,0.2,0.0003,-0.045797742903232574,0.388519287109375,-0.5474949640035629,-0.045785991200245915,0.11798614118248224
2,3850240,7,1303,7510,0.06982675,0.31390625,0.2,0.0003,-0.059389904141426086,0.3405631184577942,-0.5672958767414094,-0.04376635624561459,0.10469588262960315
3,3855360,12,1186,7520,0.07509394,0.31685546875,0.2,0.0003,-0.041056979447603226,0.36633437871932983,-0.617294830083847,-0.04309919035062194,0.08513883625157177
4,3860480,17,1138,7530,0.07903291,0.30072265625,0.2,0.0003,-0.0341918058693409,0.3836941123008728,-0.527132340669632,-0.04308565235231072,0.10795185899361968
5,3865600,23,1111,7540,0.08329574,0.3021484375,0.2,0.0003,-0.06192385405302048,0.25500351190567017,-0.5449267978966236,-0.04205731825903058,0.09577987488359213
6,3870720,28,1092,7550,0.07570131,0.30140625,0.2,0.0003,-0.06416216492652893,0.2989881634712219,-0.5579988637566566,-0.0426284964219667,0.09860054366290569
7,3875840,33,1077,7560,0.070371784,0.30224609375,0.2,0.0003,-0.06181833893060684,0.1590510606765747,-0.5432670342922211,-0.04332544990815222,0.10096132589504123
8,3880960,38,1067,7570,0.083305724,0.30630859375,0.2,0.0003,-0.033686764538288116,0.36679327487945557,-0.520070306956768,-0.04613359217299148,0.11422981420531869
9,3886080,43,1061,7580,0.08652582,0.3222265625,0.2,0.0003,-0.05776514485478401,0.2656993269920349,-0.5705583241581916,-0.04199714224319905,0.07911554614081978
10,3891200,48,1055,7590,0.07255049,0.3103515625,0.2,0.0003,-0.05136144161224365,0.3235885500907898,-0.5398266705870628,-0.04396128099528141,0.08148625323548914
1,3896320,2,2166,7600,0.073909245,0.30033203125,0.2,0.0003,-0.05971292406320572,0.3289267420768738,-0.5214946991205216,-0.040675064465031024,0.09029122024774551
2,3901440,7,1317,7610,0.06929283,0.30736328125,0.2,0.0003,-0.047528620809316635,0.35427749156951904,-0.5485291576385498,-0.04659570378717035,0.10301453907042742
3,3906560,12,1194,7620,0.08168947,0.31037109375,0.2,0.0003,-0.06350186467170715,0.48957234621047974,-0.556713947057724,-0.04491447907406837,0.10071595743298531
4,3911680,17,1142,7630,0.0804822,0.344609375,0.2,0.0003,-0.056876055896282196,0.45272183418273926,-0.6393056866526604,-0.04591068682959303,0.09716878480277956
5,3916800,22,1113,7640,0.07625706,0.31732421875,0.2,0.0003,-0.06202798709273338,0.5187962055206299,-0.50986074000597,-0.046594809577800336,0.10307454835623503
6,3921920,28,1093,7650,0.07209434,0.29814453125,0.2,0.0003,-0.05938919261097908,0.31658387184143066,-0.5211934308707714,-0.04583816522732377,0.11011476062238217
7,3927040,33,1079,7660,0.077913344,0.31654296875,0.2,0.0003,-0.05904661864042282,0.37046629190444946,-0.5784878194332123,-0.0464331754297018,0.10368767419829965
8,3932160,38,1067,7670,0.074470535,0.3274609375,0.2,0.0003,-0.05589645728468895,0.4072262644767761,-0.6134995570778847,-0.041068085599690676,0.10535736747086048
9,3937280,43,1059,7680,0.08251283,0.32634765625,0.2,0.0003,-0.02175202965736389,0.43486809730529785,-0.5627564606070519,-0.04192553425207734,0.09970481326803565
10,3942400,48,1048,7690,0.072098166,0.3238671875,0.2,0.0003,-0.04224805161356926,0.38684719800949097,-0.5813711553812027,-0.04443443977274,0.10935292301699519
1,3947520,2,1958,7700,0.072759874,0.33580078125,0.2,0.0003,-0.05805589631199837,0.3370545506477356,-0.6141634455323219,-0.045195170352235435,0.09341285755857826
2,3952640,8,1226,7710,0.07239415,0.3305078125,0.2,0.0003,-0.04773128032684326,0.293876588344574,-0.6007272246479988,-0.045412913917098195,0.10365811262279749
3,3957760,13,1127,7720,0.082459524,0.31224609375,0.2,0.0003,-0.029727019369602203,0.27763229608535767,-0.5682154861092568,-0.04262326313648373,0.11881671722978354
4,3962880,18,1088,7730,0.07097197,0.316328125,0.2,0.0003,-0.05115724727511406,0.08881711959838867,-0.6126221257448197,-0.04156458866316825,0.09800997002050281
5,3968000,24,1065,7740,0.07559951,0.34158203125,0.2,0.0003,-0.05869846045970917,0.07224017381668091,-0.6293186277151108,-0.04826841559959576,0.08336226413957774
6,3973120,29,1053,7750,0.07116644,0.32451171875,0.2,0.0003,-0.044197309762239456,0.10989993810653687,-0.6172057980298996,-0.0398100746050477,0.08296411836519837
7,3978240,34,1046,7760,0.07282852,0.3194921875,0.2,0.0003,-0.05073139816522598,0.2317284345626831,-0.5878934779763222,-0.045367541762534526,0.09778705375269055
8,3983360,39,1039,7770,0.07296331,0.32224609375,0.2,0.0003,-0.0634937658905983,0.3891938328742981,-0.5854111194610596,-0.04331234049750492,0.08662959573790431
9,3988480,44,1031,7780,0.07910912,0.3408984375,0.2,0.0003,-0.07568097114562988,0.25377362966537476,-0.621132668852806,-0.048573765174951405,0.09685895656235516
10,3993600,49,1025,7790,0.0691596,0.33068359375,0.2,0.0003,-0.0694059431552887,0.33582109212875366,-0.6067915099859238,-0.04075549149885774,0.1160138045065105
1,3998720,2,2011,7800,0.0774769,0.31900390625,0.2,0.0003,-0.05661475285887718,0.5304457545280457,-0.5952547171711922,-0.04105450469767675,0.10344382852315903
2,4003840,8,1244,7810,0.080789365,0.322109375,0.2,0.0003,-0.05762942135334015,0.42235779762268066,-0.5731097023189068,-0.04296327664982527,0.13437104677781464
3,4008960,13,1124,7820,0.070359334,0.3251171875,0.2,0.0003,-0.05607827007770538,0.3713340759277344,-0.6019644749164581,-0.03897156971041113,0.132063440810889
4,4014080,19,1067,7830,0.07585749,0.3226953125,0.2,0.0003,-0.04664842411875725,0.46067970991134644,-0.5914457404613495,-0.0427683431468904,0.12551632603630425
5,4019200,24,1031,7840,0.0896233,0.3208203125,0.2,0.0003,-0.061435867100954056,0.3704279661178589,-0.5552565884590149,-0.04383261111099273,0.11356437535956503
6,4024320,30,1002,7850,0.06874867,0.32189453125,0.2,0.0003,-0.056397221982479095,0.27987152338027954,-0.5801894080638885,-0.04394335774006322,0.11063158953562378
7,4029440,36,981,7860,0.07476121,0.3343359375,0.2,0.0003,-0.06455852091312408,0.42158204317092896,-0.606275477707386,-0.04641585872042924,0.1170542918331921
8,4034560,42,967,7870,0.086864784,0.320234375,0.2,0.0003,-0.055454060435295105,0.2988733649253845,-0.5553725582361221,-0.041265955418348314,0.10473488941788674
9,4039680,48,956,7880,0.08300991,0.32248046875,0.2,0.0003,-0.05511043220758438,0.16157501935958862,-0.5533133824169636,-0.04033726642373949,0.09730337124317884
10,4044800,54,946,7890,0.07567113,0.3436328125,0.2,0.0003,-0.051844801753759384,0.07164710760116577,-0.6146898764371872,-0.045003894888795914,0.08211632406339049
1,4049920,2,2018,7900,0.08155784,0.3338671875,0.2,0.0003,-0.0607273206114769,0.031759023666381836,-0.5995061501860619,-0.04730781879741699,0.08556745851412416
2,4055040,8,1253,7910,0.08434348,0.36,0.2,0.0003,-0.08089195936918259,0.31782984733581543,-0.6351298967003822,-0.04784837315324694,0.06858905685134233
3,4060160,13,1142,7920,0.07699466,0.33171875,0.2,0.0003,-0.06056886166334152,0.345275342464447,-0.5817590889334678,-0.04439815128687769,0.07523594840429723
4,4065280,18,1092,7930,0.074485555,0.32896484375,0.2,0.0003,-0.049067430198192596,0.5262680053710938,-0.5931994339823723,-0.043167036538943646,0.09976485423743725
5,4070400,24,1062,7940,0.08820407,0.34154296875,0.2,0.0003,-0.06082611158490181,0.4762517809867859,-0.5868895202875137,-0.04659461804432794,0.0957468140963465
6,4075520,29,1050,7950,0.07601838,0.32234375,0.2,0.0003,-0.06825770437717438,0.4039257764816284,-0.5502327202260494,-0.043266951013356446,0.09316068205982447
7,4080640,34,1042,7960,0.06849073,0.31359375,0.2,0.0003,-0.033058661967515945,0.4549241065979004,-0.5800297579169273,-0.04433877793606371,0.10488526714965701
8,4085760,39,1037,7970,0.07900722,0.30875,0.2,0.0003,-0.05621372535824776,0.4742380380630493,-0.5510450194776059,-0.044750231730286034,0.09843957901000977
9,4090880,44,1035,7980,0.08206772,0.31341796875,0.2,0.0003,-0.05101582407951355,0.27455705404281616,-0.5321245381236076,-0.04164401520043612,0.10403579691424966
10,4096000,49,1028,7990,0.0833316,0.313359375,0.2,0.0003,-0.05925722047686577,0.34783560037612915,-0.5256683997809887,-0.045806518690660596,0.1098188777640462
1,4101120,2,2116,8000,0.074886814,0.29828125,0.2,0.0003,-0.05353357642889023,0.2253381609916687,-0.517291309684515,-0.042535786740481855,0.1079081491753459
2,4106240,7,1322,8010,0.08134122,0.30771484375,0.2,0.0003,-0.04569002240896225,0.535447359085083,-0.5496808324754238,-0.042488125255331397,0.10241166159510612
3,4111360,12,1199,8020,0.07796174,0.2893359375,0.2,0.0003,-0.04627687484025955,0.3910844326019287,-0.48433793216943744,-0.046144459922797976,0.10092259077355266
4,4116480,17,1144,8030,0.07513173,0.308203125,0.2,0.0003,-0.06064222753047943,0.4792253375053406,-0.5319603231549263,-0.046591015859739855,0.10633308488875627
5,4121600,23,1112,8040,0.07027038,0.3280859375,0.2,0.0003,-0.03537854552268982,0.6336421966552734,-0.5849494051933288,-0.04243739618454129,0.10261093162000179
6,4126720,28,1093,8050,0.074427135,0.293359375,0.2,0.0003,-0.05645394325256348,0.4667065739631653,-0.518004170358181,-0.038207229329273104,0.12660481065511703
7,4131840,33,1081,8060,0.065985166,0.28138671875,0.2,0.0003,-0.046907272189855576,0.3858671188354492,-0.5142986634373665,-0.04152053317986429,0.1544990187510848
8,4136960,38,1071,8070,0.08064047,0.29884765625,0.2,0.0003,-0.05390939116477966,0.3635231852531433,-0.4944308339059353,-0.03968893510755152,0.12468265609815717
9,4142080,43,1063,8080,0.08342035,0.33458984375,0.2,0.0003,-0.061361297965049744,0.5501784086227417,-0.5783359777927398,-0.047174350880086424,0.10608281379565597
10,4147200,48,1056,8090,0.07870649,0.3199609375,0.2,0.0003,-0.05777335911989212,0.6904457211494446,-0.5584088383615017,-0.041868865280412136,0.09175683012232184
1,4152320,2,2167,8100,0.071580864,0.2894921875,0.2,0.0003,-0.03494512289762497,0.5889432430267334,-0.48011198654770854,-0.04147266739513725,0.13858890615403652
2,4157440,7,1315,8110,0.07391147,0.2930078125,0.2,0.0003,-0.03449223190546036,0.5462863445281982,-0.5235048440098763,-0.042529208634514364,0.11420362100005149
3,4162560,12,1194,8120,0.067547545,0.309921875,0.2,0.0003,-0.04227755218744278,0.5832417607307434,-0.541936489790678,-0.039194995178841056,0.12449979772791267
4,4167680,17,1147,8130,0.08256613,0.31859375,0.2,0.0003,-0.04752854257822037,0.6467221975326538,-0.5582576513290405,-0.03931358405388892,0.15553162096068263
5,4172800,22,1119,8140,0.07047947,0.29837890625,0.2,0.0003,-0.03600472956895828,0.5299750566482544,-0.5043004390597343,-0.04189941203221679,0.14622792130336165
6,4177920,27,1101,8150,0.07684987,0.31013671875,0.2,0.0003,-0.03322756290435791,0.29601991176605225,-0.5543609045445919,-0.04098150835372508,0.14444747215136886
7,4183040,32,1089,8160,0.08612442,0.332421875,0.2,0.0003,-0.0447314977645874,0.3720206022262573,-0.5655672246217728,-0.042081518988125025,0.13336938042193652
8,4188160,38,1077,8170,0.0793705,0.34546875,0.2,0.0003,-0.0595339760184288,0.39708268642425537,-0.5774305075407028,-0.041854318785481154,0.09749631045386195
9,4193280,43,1066,8180,0.081830055,0.29970703125,0.2,0.0003,-0.041129983961582184,0.43459123373031616,-0.5327670793235302,-0.0396678452193737,0.12473266448825598
10,4198400,48,1058,8190,0.08466292,0.3075,0.2,0.0003,-0.047731541097164154,0.3583318591117859,-0.535396094173193,-0.038487554648891094,0.11374880084767938
1,4203520,2,2146,8200,0.077473745,0.305,0.2,0.0003,-0.04117870703339577,0.41654491424560547,-0.5269996599853038,-0.04087406029459089,0.12250202031806111
2,4208640,7,1346,8210,0.09731729,0.3193359375,0.2,0.0003,-0.028454065322875977,0.16863608360290527,-0.5123984639346599,-0.04213568545645103,0.11689043190330267
3,4213760,12,1216,8220,0.08104171,0.31130859375,0.2,0.0003,-0.0453135222196579,0.24872326850891113,-0.5699589368700981,-0.04011867611669004,0.1117873226851225
4,4218880,17,1161,8230,0.0836025,0.31177734375,0.2,0.0003,-0.05137871950864792,0.1902371048927307,-0.5339582934975624,-0.04382537920959294,0.12071420708671213
5,4224000,22,1132,8240,0.07352898,0.323125,0.2,0.0003,-0.04111342504620552,0.47031790018081665,-0.564560241997242,-0.04421156254829839,0.11177431574091315
6,4229120,27,1108,8250,0.07972855,0.3333984375,0.2,0.0003,-0.03172379732131958,0.45309555530548096,-0.565836081802845,-0.04349416870623827,0.10345608139410616
7,4234240,32,1089,8260,0.07906073,0.30861328125,0.2,0.0003,-0.04138891398906708,0.30438441038131714,-0.563670754134655,-0.03692188888788223,0.10493099413812161
8,4239360,37,1078,8270,0.080231845,0.30978515625,0.2,0.0003,-0.027500316500663757,0.24378752708435059,-0.5444839090108872,-0.040441320617683234,0.09832728277891874
9,4244480,43,1070,8280,0.085323855,0.308046875,0.2,0.0003,-0.032722342759370804,0.40927547216415405,-0.5460535414516926,-0.03966101501602679,0.10797077992931009
10,4249600,48,1063,8290,0.07928368,0.32609375,0.2,0.0003,-0.055298879742622375,0.22473466396331787,-0.5734604382514954,-0.04430107602849603,0.10229181542992592
1,4254720,2,1863,8300,0.08346047,0.3130078125,0.2,0.0003,-0.04029066115617752,0.43026894330978394,-0.5317930811643601,-0.0408713947609067,0.10998099982738495
2,4259840,8,1217,8310,0.079594314,0.32171875,0.2,0.0003,-0.04705646261572838,0.42809873819351196,-0.5415715228021145,-0.04824121069395915,0.09273032236844302
3,4264960,13,1102,8320,0.0706793,0.3213671875,0.2,0.0003,-0.05535187944769859,0.42347729206085205,-0.5927187475562096,-0.04438498066738248,0.09458147537894547
4,4270080,19,1045,8330,0.086858846,0.31291015625,0.2,0.0003,-0.036953382194042206,0.4338778257369995,-0.5665541157126427,-0.04183145017363131,0.09302822908386588
5,4275200,25,1006,8340,0.08832745,0.3083203125,0.2,0.0003,-0.0632881373167038,0.28050315380096436,-0.5306417591869831,-0.04214834590442479,0.10367817839607596
6,4280320,31,983,8350,0.07332607,0.31064453125,0.2,0.0003,-0.05358310788869858,0.4414762854576111,-0.5978472429513931,-0.0407059247745201,0.10122839067131281
7,4285440,36,969,8360,0.07378665,0.31408203125,0.2,0.0003,-0.05803639069199562,0.3930394649505615,-0.5684472069144249,-0.0418637910974212,0.08715346468612552
8,4290560,42,957,8370,0.08748697,0.29646484375,0.2,0.0003,-0.05663583427667618,0.3713340759277344,-0.4832189199328423,-0.04167486977763474,0.10547315092757344
9,4295680,48,946,8380,0.08350687,0.28095703125,0.2,0.0003,-0.037623051553964615,0.11872053146362305,-0.4693614986538887,-0.04149302654433996,0.1128874434158206
10,4300800,54,935,8390,0.07477472,0.28470703125,0.2,0.0003,-0.05888336896896362,0.3425258994102478,-0.4987922644615173,-0.04331292459042743,0.10130500767379999
1,4305920,2,2080,8400,0.07774226,0.30095703125,0.2,0.0003,-0.030660899356007576,0.388589084148407,-0.5166721719503403,-0.039137259759008884,0.08777585443109275
2,4311040,7,1301,8410,0.063982666,0.30255859375,0.2,0.0003,-0.03288591653108597,0.4673989415168762,-0.5796759569644928,-0.03783797949552536,0.10071051230654121
3,4316160,12,1191,8420,0.06847326,0.303125,0.2,0.0003,-0.05011679232120514,0.6015017628669739,-0.5720636548101902,-0.03954806977882981,0.09045238639228045
4,4321280,17,1141,8430,0.06529985,0.2785546875,0.2,0.0003,-0.03796829283237457,0.5494725108146667,-0.5477539701759815,-0.04029185875318944,0.12277353007346392
5,4326400,23,1108,8440,0.06124293,0.28126953125,0.2,0.0003,-0.04239170625805855,0.6043540239334106,-0.5050454293191433,-0.038001659135334195,0.11059808725491166
6,4331520,28,1091,8450,0.06972799,0.28443359375,0.2,0.0003,-0.0366877019405365,0.5332072973251343,-0.5204570911824703,-0.03608134134206921,0.12292785506695508
7,4336640,33,1079,8460,0.069878526,0.28064453125,0.2,0.0003,-0.04848066717386246,0.484277606010437,-0.5069436946511269,-0.03628752609482035,0.13709474550560116
8,4341760,38,1068,8470,0.06677746,0.29234375,0.2,0.0003,-0.013060946017503738,0.4129056930541992,-0.5237201350927353,-0.04039713709615171,0.1428530334122479
9,4346880,43,1060,8480,0.078913465,0.3128125,0.2,0.0003,-0.06031762808561325,0.5462746620178223,-0.5696710112690926,-0.04231132015585899,0.12326756330206991
10,4352000,48,1054,8490,0.074507646,0.3020703125,0.2,0.0003,-0.03787161409854889,0.6698510646820068,-0.5708435286581516,-0.037684370549395683,0.12343127084895969
1,4357120,2,2147,8500,0.07438658,0.31427734375,0.2,0.0003,-0.04454616457223892,0.5813182592391968,-0.6102907541394234,-0.03446143175009638,0.11288377149030566
2,4362240,7,1321,8510,0.06988886,0.29462890625,0.2,0.0003,-0.04996086284518242,0.641476571559906,-0.5307096841931344,-0.03728470197413117,0.12994526589289307
3,4367360,12,1204,8520,0.0678974,0.2861328125,0.2,0.0003,-0.0320904441177845,0.4195781350135803,-0.4903734955191612,-0.03958761026617139,0.15673219051212073
4,4372480,17,1154,8530,0.06794904,0.298671875,0.2,0.0003,-0.038266509771347046,0.629249632358551,-0.5441473896801472,-0.03905636731768027,0.13775552205741406
5,4377600,22,1125,8540,0.075320795,0.29201171875,0.2,0.0003,-0.031930938363075256,0.5042159557342529,-0.504142963886261,-0.041723650079220534,0.18041323240846396
6,4382720,27,1107,8550,0.079397134,0.30330078125,0.2,0.0003,-0.012203916907310486,0.5480732917785645,-0.5050479152798653,-0.039403459876775744,0.19530820552259684
7,4387840,32,1094,8560,0.068544164,0.29783203125,0.2,0.0003,-0.026573024690151215,0.6874120831489563,-0.5146634276211262,-0.039336322925519196,0.1830502600222826
8,4392960,37,1083,8570,0.07614376,0.30185546875,0.2,0.0003,-0.033188022673130035,0.6596707105636597,-0.5322247521579265,-0.03904846294317395,0.12650313587859274
9,4398080,42,1075,8580,0.071595505,0.28611328125,0.2,0.0003,-0.040204137563705444,0.5844879150390625,-0.4925299671292305,-0.03826550745870918,0.14809023221954704
10,4403200,47,1068,8590,0.08813682,0.2954296875,0.2,0.0003,-0.031033385545015335,0.4074321985244751,-0.48636556282639504,-0.041896989569067955,0.15143706172704696
1,4408320,2,2126,8600,0.07463525,0.29994140625,0.2,0.0003,-0.03945481404662132,0.45406216382980347,-0.529646068662405,-0.039242475810460746,0.13502717411145568
2,4413440,7,1303,8610,0.07664071,0.3050390625,0.2,0.0003,-0.054883334785699844,0.4666896462440491,-0.5343149365484714,-0.04157074116170406,0.11924420904368162
3,4418560,12,1191,8620,0.084761076,0.3025390625,0.2,0.0003,-0.026820210739970207,0.42056018114089966,-0.5023943074047565,-0.040726577169261875,0.12500252084806562
4,4423680,17,1138,8630,0.09484254,0.3260546875,0.2,0.0003,-0.048197027295827866,0.3851618766784668,-0.5630625209212303,-0.03978728874120861,0.1082417786680162
5,4428800,23,1110,8640,0.06933826,0.3306640625,0.2,0.0003,-0.05586839094758034,0.5365387201309204,-0.5998320975899696,-0.042054083780385554,0.09370121937245131
6,4433920,28,1095,8650,0.07491193,0.3165625,0.2,0.0003,-0.034020498394966125,0.5428601503372192,-0.5879649561643601,-0.03791717972839251,0.13769178802147508
7,4439040,33,1083,8660,0.07116834,0.3162890625,0.2,0.0003,-0.03329548239707947,0.4954656958580017,-0.5666681903600693,-0.03915970456320792,0.13984832448884846
8,4444160,38,1070,8670,0.09463387,0.3272265625,0.2,0.0003,-0.05872584134340286,0.31270909309387207,-0.5542887276411057,-0.04456431764177978,0.1300186663493514
9,4449280,43,1063,8680,0.072377846,0.3263671875,0.2,0.0003,-0.048442333936691284,0.4304596781730652,-0.5900697869062423,-0.04152495494112372,0.13633030854165554
10,4454400,48,1059,8690,0.07933928,0.33421875,0.2,0.0003,-0.031575266271829605,0.422684907913208,-0.621328644156456,-0.04247598467860371,0.12342890873551368
1,4459520,2,2127,8700,0.09389518,0.33935546875,0.2,0.0003,-0.05735492333769798,0.36316978931427,-0.5893039539456367,-0.042256544451229276,0.12503361143171787
2,4464640,7,1318,8710,0.08743595,0.35494140625,0.2,0.0003,-0.06724728643894196,0.49099063873291016,-0.6066598635911942,-0.043146917161066084,0.10506733441725373
3,4469760,12,1201,8720,0.08104202,0.34224609375,0.2,0.0003,-0.05827873572707176,0.3864104151725769,-0.6483291485905647,-0.04301777933025733,0.0905434656701982
4,4474880,17,1147,8730,0.08041076,0.3466015625,0.2,0.0003,-0.059556882828474045,0.2461395263671875,-0.6380346125364303,-0.04563094161916524,0.09550588412210345
5,4480000,22,1114,8740,0.08319308,0.34755859375,0.2,0.0003,-0.06793589144945145,0.19405925273895264,-0.5973980203270912,-0.0436950661148876,0.10327578496187925
6,4485120,28,1095,8750,0.08547403,0.35560546875,0.2,0.0003,-0.05514008551836014,0.3062892556190491,-0.6740461820363999,-0.039876323663629594,0.08182188545353711
7,4490240,33,1079,8760,0.07538813,0.3417578125,0.2,0.0003,-0.0654355138540268,0.2295514941215515,-0.6380447226762772,-0.04422572381328791,0.10632223585620522
8,4495360,38,1068,8770,0.06452587,0.32064453125,0.2,0.0003,-0.0518227145075798,0.12185561656951904,-0.6343647494912148,-0.03889411522075534,0.09470624560490251
9,4500480,43,1063,8780,0.083542146,0.3380078125,0.2,0.0003,-0.04086395725607872,0.26873886585235596,-0.6109083154797554,-0.04207165797008201,0.13010183196514846
10,4505600,48,1059,8790,0.08956404,0.35052734375,0.2,0.0003,-0.054502688348293304,0.26616400480270386,-0.608262206017971,-0.046184061062522236,0.08961238557472825
1,4510720,2,2113,8800,0.088750206,0.35626953125,0.2,0.0003,-0.050315357744693756,-0.11180484294891357,-0.6324135023355484,-0.04222374115604907,0.09900129163637757
2,4515840,7,1343,8810,0.07216414,0.3553125,0.2,0.0003,-0.07300590723752975,0.10560184717178345,-0.6969274553656578,-0.045806875862181184,0.0735278121009469
3,4520960,12,1217,8820,0.08092384,0.35423828125,0.2,0.0003,-0.07055560499429703,0.2546647787094116,-0.6671109917759895,-0.04708708342630416,0.07397500074468553
4,4526080,17,1161,8830,0.08659057,0.35296875,0.2,0.0003,-0.06670147180557251,0.21429097652435303,-0.6515619140863419,-0.03951767372433096,0.07568366872146726
5,4531200,22,1123,8840,0.07314555,0.34611328125,0.2,0.0003,-0.0656479075551033,0.07736510038375854,-0.6509778627753258,-0.04127049122937024,0.07538522835820913
6,4536320,27,1104,8850,0.07015809,0.34099609375,0.2,0.0003,-0.044067274779081345,0.1546146273612976,-0.6717884358763695,-0.04218487602192909,0.08020121175795794
7,4541440,32,1090,8860,0.07975594,0.3377734375,0.2,0.0003,-0.06523731350898743,0.24365639686584473,-0.6567833751440049,-0.04400366897229105,0.0827929680608213
8,4546560,37,1080,8870,0.072772995,0.3289453125,0.2,0.0003,-0.05615592747926712,0.2717861533164978,-0.6560137718915939,-0.04169071600073949,0.1001759760454297
9,4551680,43,1068,8880,0.08323299,0.34189453125,0.2,0.0003,-0.051868803799152374,0.24722617864608765,-0.6381538406014442,-0.04432302268687636,0.09592396913096309
10,4556800,48,1059,8890,0.07297595,0.338046875,0.2,0.0003,-0.04902860149741173,-0.07673215866088867,-0.6816378149390221,-0.04214249103795737,0.09596222212538123
1,4561920,2,2113,8900,0.07474683,0.330703125,0.2,0.0003,-0.03461634740233421,0.27968770265579224,-0.6050809076428414,-0.041339212919119746,0.1074964695237577
2,4567040,7,1319,8910,0.08287178,0.339609375,0.2,0.0003,-0.04864121600985527,0.1590503454208374,-0.6430723485350609,-0.04165059719234705,0.11099471701309085
3,4572160,12,1198,8920,0.07122355,0.32095703125,0.2,0.0003,-0.05950634181499481,0.22761940956115723,-0.6131343957781792,-0.04447764981538058,0.11133903753012418
4,4577280,17,1147,8930,0.074792564,0.3251953125,0.2,0.0003,-0.037795357406139374,0.4108812212944031,-0.6098144775629044,-0.04033605268225074,0.11218245901167392
5,4582400,22,1119,8940,0.07837992,0.3116015625,0.2,0.0003,-0.05394202470779419,0.3771185874938965,-0.5903778380155563,-0.03655274768359959,0.09717118583619594
6,4587520,27,1100,8950,0.084518865,0.3109375,0.2,0.0003,-0.039011795073747635,0.5029309988021851,-0.5966954743862152,-0.04142811160068959,0.10408751081675291
7,4592640,33,1081,8960,0.07560383,0.3188671875,0.2,0.0003,-0.03426188603043556,0.2267739176750183,-0.5823246088624,-0.04092586131999269,0.1348054158873856
8,4597760,38,1072,8970,0.08096187,0.333828125,0.2,0.0003,-0.061554621905088425,0.0809398889541626,-0.6064190742373466,-0.040680381502024826,0.11584169974550605
9,4602880,43,1068,8980,0.08776978,0.3202734375,0.2,0.0003,-0.035887353122234344,0.42594414949417114,-0.607716406583786,-0.04094043765217066,0.1114447975344956
10,4608000,48,1064,8990,0.080622785,0.33138671875,0.2,0.0003,-0.03536076098680496,0.3375928997993469,-0.611893467605114,-0.03902831127168611,0.12403907557949424
1,4613120,2,2065,9000,0.07553788,0.34029296875,0.2,0.0003,-0.05326908081769943,0.35893160104751587,-0.6282919430732727,-0.04267659215722233,0.11706800665706396
2,4618240,7,1319,9010,0.06942565,0.312265625,0.2,0.0003,-0.04950343817472458,0.557158350944519,-0.6295819312334061,-0.04036157401744276,0.0987417939864099
3,4623360,12,1205,9020,0.080903225,0.32583984375,0.2,0.0003,-0.06353394687175751,0.3735482692718506,-0.626616413295269,-0.039159442856907846,0.1296040361188352
4,4628480,17,1157,9030,0.0697729,0.32349609375,0.2,0.0003,-0.03378799557685852,0.3802891969680786,-0.606173441708088,-0.04050808359403163,0.10560892662033439
5,4633600,22,1126,9040,0.07359129,0.32263671875,0.2,0.0003,-0.04952290654182434,0.3290277123451233,-0.6079955676198006,-0.03793299277545884,0.13551326602697372
6,4638720,27,1103,9050,0.079495,0.32806640625,0.2,0.0003,-0.04851297289133072,0.27338773012161255,-0.6018648880720139,-0.03975883954903111,0.12534161899238824
7,4643840,33,1085,9060,0.06869094,0.33326171875,0.2,0.0003,-0.031699288636446,0.22224533557891846,-0.6325868186354637,-0.0403577483119443,0.10599099865183234
8,4648960,38,1070,9070,0.07644458,0.3260546875,0.2,0.0003,-0.03901689499616623,0.2604578137397766,-0.5787952941656113,-0.04360720247263089,0.10316000977531076
9,4654080,43,1058,9080,0.079769015,0.3134765625,0.2,0.0003,-0.049789682030677795,0.14791184663772583,-0.5418527090549469,-0.038949996093288065,0.10844919237308204
10,4659200,48,1046,9090,0.07207017,0.33564453125,0.2,0.0003,-0.05590140074491501,0.3619811534881592,-0.6228832483291626,-0.03949429444037378,0.1019230315182358
1,4664320,2,1979,9100,0.07988323,0.33443359375,0.2,0.0003,-0.042070817202329636,0.5218251347541809,-0.5977605000138283,-0.04346916527720168,0.10527896549552679
2,4669440,8,1259,9110,0.07431831,0.304375,0.2,0.0003,-0.021978218108415604,0.4482654333114624,-0.5463505999743938,-0.03729281879961491,0.14656130079180002
3,4674560,13,1129,9120,0.06564975,0.3105859375,0.2,0.0003,-0.04101881384849548,0.5098503828048706,-0.5709837281703949,-0.04095586653100327,0.12311218101531267
4,4679680,18,1081,9130,0.09299085,0.3318359375,0.2,0.0003,-0.02528013475239277,0.4618658423423767,-0.5584775009751319,-0.038161053974181416,0.1453745822235942
5,4684800,24,1049,9140,0.073575094,0.31560546875,0.2,0.0003,-0.05444430932402611,0.4121673107147217,-0.5982362586259842,-0.04204353963490576,0.12074649203568696
6,4689920,29,1024,9150,0.087647974,0.343515625,0.2,0.0003,-0.05714208632707596,0.30633318424224854,-0.6178907653689385,-0.0416488721431233,0.14929576935246586
7,4695040,35,1007,9160,0.06927683,0.35130859375,0.2,0.0003,-0.03560895472764969,0.20872217416763306,-0.686548475921154,-0.03770553770242259,0.13580334097146987
8,4700160,41,993,9170,0.09605718,0.3619140625,0.2,0.0003,-0.0640476793050766,0.2032080888748169,-0.6213249772787094,-0.04238928176928312,0.12154906990006566
9,4705280,47,979,9180,0.084841475,0.36548828125,0.2,0.0003,-0.03692521154880524,0.39424753189086914,-0.6477660042047501,-0.040954534383490684,0.12464211823418736
10,4710400,53,953,9190,0.081269965,0.36322265625,0.2,0.0003,-0.04627367854118347,0.24035727977752686,-0.6742098060250282,-0.042416597492992876,0.09832298181019723
1,4715520,2,2073,9200,0.081868164,0.36548828125,0.2,0.0003,-0.06068994104862213,0.18407660722732544,-0.6825442263484001,-0.03877827622927725,0.10861715529114008
2,4720640,7,1280,9210,0.0757478,0.35203125,0.2,0.0003,-0.05711773410439491,0.2537503242492676,-0.6263021752238274,-0.04180657351389527,0.11726699473336338
3,4725760,13,1160,9220,0.08250329,0.349296875,0.2,0.0003,-0.0575440376996994,0.1491001844406128,-0.6259673899412155,-0.04362266066018492,0.13508047595620154
4,4730880,18,1080,9230,0.07089517,0.3435546875,0.2,0.0003,-0.06311191618442535,0.33249908685684204,-0.6526070848107338,-0.04604257748927921,0.10962819995358586
5,4736000,24,1059,9240,0.08775293,0.3578125,0.2,0.0003,-0.04150669276714325,0.3117715120315552,-0.6248224401473998,-0.040637324196286496,0.10942601651884615
6,4741120,29,1047,9250,0.07492053,0.35330078125,0.2,0.0003,-0.05361974984407425,0.034565746784210205,-0.6167803874611855,-0.042555679641664027,0.1283007805235684
7,4746240,34,1037,9260,0.07492841,0.361171875,0.2,0.0003,-0.056310106068849564,0.16572171449661255,-0.6857123419642448,-0.04010758410440758,0.11502259967848659
8,4751360,39,1032,9270,0.08176454,0.36177734375,0.2,0.0003,-0.040139418095350266,0.17968106269836426,-0.6537462016940117,-0.03621505657210946,0.11683444574475288
9,4756480,44,1026,9280,0.07458941,0.34140625,0.2,0.0003,-0.06867092847824097,0.2507057785987854,-0.6470887017250061,-0.03383157734759152,0.11109624743461609
10,4761600,50,1020,9290,0.07403072,0.3414453125,0.2,0.0003,-0.021532949060201645,0.45762890577316284,-0.6577528136968612,-0.03696918030269444,0.11079449106007815
1,4766720,2,2005,9300,0.07052665,0.350859375,0.2,0.0003,-0.0329522006213665,0.45907890796661377,-0.683346494436264,-0.038772260022815315,0.09642986992374063
2,4771840,8,1270,9310,0.076732,0.34099609375,0.2,0.0003,-0.0460430383682251,0.3433767557144165,-0.6553051206469536,-0.03927554397145286,0.13912701077759265
3,4776960,13,1154,9320,0.079411685,0.34640625,0.2,0.0003,-0.04763508960604668,0.3889123797416687,-0.6718227151036262,-0.03764130779542029,0.12962154595181347
4,4782080,18,1106,9330,0.06661974,0.34853515625,0.2,0.0003,-0.04123196378350258,0.5141560435295105,-0.7107746294140815,-0.039568270556628704,0.11678211022168399
5,4787200,23,1072,9340,0.07023744,0.35580078125,0.2,0.0003,-0.035192884504795074,0.3883731961250305,-0.691681621670723,-0.04011153386440128,0.1165841611661017
6,4792320,29,1054,9350,0.07470929,0.35083984375,0.2,0.0003,-0.02134520560503006,0.2635878324508667,-0.7050713565945625,-0.032836616947315635,0.1596594275534153
7,4797440,34,1042,9360,0.07549651,0.36859375,0.2,0.0003,-0.049782246351242065,0.17728716135025024,-0.7355578023195267,-0.036262389505282044,0.12703952366486193
8,4802560,39,1035,9370,0.09037714,0.3823828125,0.2,0.0003,-0.05834386870265007,0.06126368045806885,-0.7050665187835693,-0.037372649013996125,0.1284138644859195
9,4807680,44,1031,9380,0.06887363,0.350546875,0.2,0.0003,-0.05753415822982788,0.07163077592849731,-0.683794649541378,-0.03470539497444406,0.1106755501497537
10,4812800,49,1028,9390,0.07138033,0.365625,0.2,0.0003,-0.039715442806482315,0.16240215301513672,-0.7250391221046448,-0.03787607935722917,0.10028222700580955
1,4817920,2,2062,9400,0.07922343,0.37744140625,0.2,0.0003,-0.05307511240243912,0.2512601613998413,-0.7101148483157158,-0.041868635250721126,0.12246592665091156
2,4823040,7,1325,9410,0.08095724,0.38515625,0.2,0.0003,-0.06320620328187943,0.24311870336532593,-0.7159205296635628,-0.03942985358182341,0.12340893644839525
3,4828160,12,1203,9420,0.07326728,0.37759765625,0.2,0.0003,-0.05476708710193634,0.30931520462036133,-0.7182500717043877,-0.03829639449249953,0.10110761161893606
4,4833280,17,1155,9430,0.08358546,0.38109375,0.2,0.0003,-0.05661781504750252,0.16284072399139404,-0.69265576004982,-0.043342524692416194,0.10892350355163216
5,4838400,22,1129,9440,0.069848746,0.36203125,0.2,0.0003,-0.04785645753145218,0.2993888258934021,-0.696883599460125,-0.04129329056944698,0.11364671867340803
6,4843520,27,1110,9450,0.06675533,0.36388671875,0.2,0.0003,-0.057919345796108246,0.23363661766052246,-0.6937322425842285,-0.04405061493162066,0.10866718508303165
7,4848640,32,1095,9460,0.075579084,0.3616796875,0.2,0.0003,-0.03713110461831093,0.3993239402770996,-0.7017177459597588,-0.038518790658563375,0.08891034387983382
8,4853760,37,1084,9470,0.07790831,0.3702734375,0.2,0.0003,-0.0601935014128685,0.1727910041809082,-0.6846177610754967,-0.04487363453488797,0.10994320526719094
9,4858880,42,1075,9480,0.07574575,0.36591796875,0.2,0.0003,-0.058199673891067505,0.3180443048477173,-0.6839105281233787,-0.04211126571986824,0.10554949836805463
10,4864000,47,1067,9490,0.07405593,0.35322265625,0.2,0.0003,-0.05646543204784393,0.2688911557197571,-0.6500935101509094,-0.04056441875640303,0.11642027557827532
1,4869120,2,2069,9500,0.07415673,0.35029296875,0.2,0.0003,-0.04103879630565643,0.1849346160888672,-0.6567225795984268,-0.0400956157152541,0.11124610641039907
2,4874240,8,1278,9510,0.07968017,0.35912109375,0.2,0.0003,-0.05068255960941315,0.16425174474716187,-0.6566439515352249,-0.04348577828379348,0.089014641540125
3,4879360,13,1174,9520,0.07714555,0.3612890625,0.2,0.0003,-0.05055684596300125,-0.0006132125854492188,-0.6813195145130158,-0.04260646782815456,0.11738087551668286
4,4884480,18,1128,9530,0.07686407,0.3596484375,0.2,0.0003,-0.060645557940006256,0.16369324922561646,-0.661978954076767,-0.04441363892285153,0.10820130987092852
5,4889600,23,1101,9540,0.09387447,0.3673046875,0.2,0.0003,-0.05364490672945976,0.19895422458648682,-0.6692847540974617,-0.043342326623387634,0.09869946621358394
6,4894720,28,1086,9550,0.07191563,0.327734375,0.2,0.0003,-0.038858335465192795,0.21755200624465942,-0.6003651249408722,-0.04243876421125606,0.12188194265589118
7,4899840,33,1070,9560,0.06875314,0.3316796875,0.2,0.0003,-0.03847223147749901,0.3725775480270386,-0.6396417510509491,-0.03912770505994558,0.12958735601976515
8,4904960,38,1054,9570,0.0749851,0.31966796875,0.2,0.0003,-0.03874671459197998,0.32988691329956055,-0.6044126871228218,-0.039915425716899336,0.12217313967645169
9,4910080,44,1045,9580,0.07143621,0.31267578125,0.2,0.0003,-0.01899397373199463,0.28783082962036133,-0.5927634620666504,-0.03763684769161046,0.17023819740861654
10,4915200,49,1039,9590,0.07563241,0.349609375,0.2,0.0003,-0.06250738352537155,0.35679662227630615,-0.6411763218045234,-0.0443970170780085,0.11741352716460823
1,4920320,2,2079,9600,0.070461385,0.3267578125,0.2,0.0003,-0.03623952716588974,0.34462326765060425,-0.6035236176848412,-0.040650353031232954,0.1706696899794042
2,4925440,7,1319,9610,0.07980497,0.3369921875,0.2,0.0003,-0.03943309560418129,0.3875389099121094,-0.5931537601351738,-0.0423622196726501,0.13196869125589727
3,4930560,12,1195,9620,0.07556567,0.34021484375,0.2,0.0003,-0.03495382145047188,0.3247971534729004,-0.6201762825250625,-0.04383778012823313,0.159439144898206
4,4935680,17,1140,9630,0.07393277,0.3205859375,0.2,0.0003,-0.056744471192359924,0.30681735277175903,-0.6103647410869598,-0.03879432794172317,0.16120354544371365
5,4940800,23,1108,9640,0.07268926,0.3403125,0.2,0.0003,-0.029356710612773895,0.3901044726371765,-0.6728478366136551,-0.04204514161217958,0.1412397576123476
6,4945920,28,1090,9650,0.076943874,0.34337890625,0.2,0.0003,-0.03392083942890167,0.4328882694244385,-0.6334164264798164,-0.04194789804983884,0.10351582268252969
7,4951040,33,1075,9660,0.080114216,0.32689453125,0.2,0.0003,-0.02784131094813347,0.149367094039917,-0.5743921887874603,-0.039259468775708226,0.1850721639022231
8,4956160,38,1068,9670,0.09153329,0.3484765625,0.2,0.0003,-0.06037093326449394,0.30669671297073364,-0.6188040333986282,-0.04170277479570359,0.1317502655275166
9,4961280,43,1061,9680,0.08449756,0.35216796875,0.2,0.0003,-0.04794987663626671,0.36976104974746704,-0.620409659743309,-0.0396908851293847,0.13782548299059272
10,4966400,48,1056,9690,0.08780483,0.34912109375,0.2,0.0003,-0.04768112301826477,0.3145495653152466,-0.6018404856324195,-0.04730360543821007,0.12558192305266858
1,4971520,2,2113,9700,0.07592511,0.35783203125,0.2,0.0003,-0.05696141719818115,0.3307884931564331,-0.6512217074632645,-0.040744488073978576,0.11273635594174265
2,4976640,7,1325,9710,0.079837844,0.339765625,0.2,0.0003,-0.03756382316350937,0.35332250595092773,-0.6071356004476547,-0.04307046008761972,0.15675245949998498
3,4981760,12,1189,9720,0.08620453,0.3611328125,0.2,0.0003,-0.02825697511434555,0.3692687153816223,-0.6264391699433327,-0.040479348576627674,0.12702700588852167
4,4986880,18,1132,9730,0.089872316,0.3644921875,0.2,0.0003,-0.048771992325782776,0.21625512838363647,-0.6533158466219902,-0.040577242544386535,0.11723836595192552
5,4992000,23,1097,9740,0.08985068,0.351328125,0.2,0.0003,-0.04102431237697601,0.20797735452651978,-0.6103245484828949,-0.04165929351933301,0.14808363793417811
6,4997120,28,1071,9750,0.073413394,0.359453125,0.2,0.0003,-0.039481792598962784,0.17503464221954346,-0.6368776047229767,-0.038380121565423905,0.13443772722035646
7,5002240,33,1055,9760,0.08136831,0.36587890625,0.2,0.0003,-0.03498552367091179,0.09133917093276978,-0.629187422990799,-0.040355612579733136,0.12619142182171345
8,5007360,39,1042,9770,0.097901195,0.36060546875,0.2,0.0003,-0.06827612221240997,0.2834256887435913,-0.5940710654854775,-0.045058205393143,0.12210386542603374
9,5012480,44,1026,9780,0.08330554,0.35583984375,0.2,0.0003,-0.052036136388778687,0.3194320797920227,-0.611561952829361,-0.03888583167921752,0.10454484289512038
10,5017600,50,1014,9790,0.08828488,0.3612109375,0.2,0.0003,-0.06762218475341797,0.39644134044647217,-0.644028594493866,-0.04716721755452454,0.10431869328022003
1,5022720,2,2154,9800,0.08753021,0.37046875,0.2,0.0003,-0.056494101881980896,0.409621000289917,-0.653086234331131,-0.04574370238697156,0.09535121480934322
2,5027840,7,1333,9810,0.07572363,0.34673828125,0.2,0.0003,-0.053673576563596725,0.35762161016464233,-0.61755913823843,-0.04446934118866921,0.10252196975052356
3,5032960,12,1201,9820,0.08413405,0.35345703125,0.2,0.0003,-0.05892983824014664,0.3518562316894531,-0.6300636488199234,-0.04319506323896349,0.11549722559750081
4,5038080,17,1148,9830,0.08710499,0.35740234375,0.2,0.0003,-0.03399808332324028,0.23275011777877808,-0.649162965118885,-0.04144315559417009,0.1239239308051765
5,5043200,22,1120,9840,0.08031942,0.3350390625,0.2,0.0003,-0.05509514361619949,0.31878870725631714,-0.5969466218352317,-0.04136289764661342,0.12346626408398151
6,5048320,27,1102,9850,0.0750653,0.31810546875,0.2,0.0003,-0.047916240990161896,0.21637332439422607,-0.557787783741951,-0.0432513727247715,0.1113697050884366
7,5053440,32,1091,9860,0.07322973,0.3257421875,0.2,0.0003,-0.04171370714902878,0.32620662450790405,-0.5627722522616386,-0.04198761135805398,0.13585562225431203
8,5058560,37,1079,9870,0.06890534,0.32177734375,0.2,0.0003,-0.03423628211021423,0.18620580434799194,-0.5940098518133163,-0.04143881249241531,0.13149389773607253
9,5063680,43,1070,9880,0.087631084,0.3392578125,0.2,0.0003,-0.04285714775323868,0.25477904081344604,-0.5768898791074752,-0.04409776529762894,0.12279606467112898
10,5068800,48,1063,9890,0.085305415,0.3287890625,0.2,0.0003,-0.040636610239744186,0.21003389358520508,-0.5419098973274231,-0.04303153369110078,0.10719317128881813
1,5073920,2,2111,9900,0.0727126,0.33798828125,0.2,0.0003,-0.02398347109556198,0.16450834274291992,-0.5858728724718094,-0.04285216099582612,0.12525866536423563
2,5079040,7,1329,9910,0.08198999,0.34138671875,0.2,0.0003,-0.0456768199801445,0.2733755111694336,-0.5813547158241272,-0.047539034707006066,0.10500233139842749
3,5084160,12,1206,9920,0.09496175,0.34208984375,0.2,0.0003,-0.052887290716171265,0.29981034994125366,-0.5799483707547188,-0.046922516990453,0.11338284060359001
4,5089280,17,1147,9930,0.0844633,0.34462890625,0.2,0.0003,-0.04880417138338089,0.3028748631477356,-0.6098943153023719,-0.04392122279154137,0.12042598163709045
5,5094400,23,1110,9940,0.078316495,0.32953125,0.2,0.0003,-0.03285779058933258,0.48833179473876953,-0.5986094927787781,-0.03893192154122516,0.11362635476514697
6,5099520,28,1087,9950,0.0749659,0.323203125,0.2,0.0003,-0.0418572835624218,0.4252924919128418,-0.6010920533537865,-0.04338437448255718,0.13059392923489213
7,5104640,33,1072,9960,0.08207773,0.32759765625,0.2,0.0003,-0.05019018054008484,0.4098038077354431,-0.5794331893324852,-0.0433106139395386,0.11918762519955635
8,5109760,38,1060,9970,0.072769724,0.337421875,0.2,0.0003,-0.025848980993032455,0.3596287965774536,-0.616267429292202,-0.0404221158567816,0.11817740110680461
9,5114880,43,1050,9980,0.066407636,0.33224609375,0.2,0.0003,-0.043162837624549866,0.35790979862213135,-0.6326845264434815,-0.03698109676130116,0.11478518830612301
10,5120000,49,1041,9990,0.08068819,0.347421875,0.2,0.0003,-0.02966136485338211,0.5129297971725464,-0.656124632358551,-0.035348096885718404,0.10976730832830071
1,5125120,2,1967,10000,0.08298908,0.3453515625,0.2,0.0003,-0.032822828739881516,0.3890259861946106,-0.6034135746955872,-0.04059518395923078,0.13931071549654006
2,5130240,8,1230,10010,0.0716293,0.3321875,0.2,0.0003,-0.046247612684965134,0.24634575843811035,-0.6111805406212807,-0.041444225779268894,0.11751376621425152
3,5135360,13,1122,10020,0.07181036,0.3238671875,0.2,0.0003,-0.04413744434714317,0.07680827379226685,-0.5695630666613579,-0.03913529770914465,0.12032724741846323
4,5140480,19,1063,10030,0.08488722,0.321015625,0.2,0.0003,-0.04058218374848366,0.2742213010787964,-0.5780921313166618,-0.04171921420842409,0.11553397106006741
5,5145600,24,1036,10040,0.0749719,0.316328125,0.2,0.0003,-0.041192080825567245,0.22926557064056396,-0.5595427606999874,-0.04052686036098749,0.11237707160413266
6,5150720,29,1030,10050,0.08665477,0.32984375,0.2,0.0003,-0.05361001193523407,0.40294259786605835,-0.5743387949466705,-0.03856735748238862,0.09811896894127131
7,5155840,35,1021,10060,0.07983478,0.3330859375,0.2,0.0003,-0.044511206448078156,0.1902197003364563,-0.5860353761911392,-0.04141106690745801,0.10929539453238249
8,5160960,40,1014,10070,0.069271505,0.336796875,0.2,0.0003,-0.06008400768041611,-0.0024758577346801758,-0.6142526119947433,-0.04256450715009123,0.0774158339947462
9,5166080,45,1011,10080,0.078952834,0.32638671875,0.2,0.0003,-0.05356484651565552,0.15818637609481812,-0.6090777298808098,-0.04263760559493676,0.10122014889493584
10,5171200,50,1009,10090,0.083881214,0.31326171875,0.2,0.0003,-0.047890421003103256,0.23385578393936157,-0.5176523597538472,-0.04566163373179734,0.10641668003052474
1,5176320,2,2080,10100,0.07929327,0.3199609375,0.2,0.0003,-0.05462136119604111,0.3433833122253418,-0.5705229495465756,-0.03875911611132324,0.111111627407372
2,5181440,7,1315,10110,0.078881904,0.3098828125,0.2,0.0003,-0.03636476397514343,0.4380881190299988,-0.5441427081823349,-0.04018124797847122,0.13098924076184632
3,5186560,12,1196,10120,0.08339198,0.32580078125,0.2,0.0003,-0.026560287922620773,0.4878125786781311,-0.565045762360096,-0.03970251247286796,0.13491616509854792
4,5191680,17,1138,10130,0.08225443,0.31412109375,0.2,0.0003,-0.03631867468357086,0.3919256329536438,-0.542830393910408,-0.04197226734366268,0.14126829419285059
5,5196800,23,1109,10140,0.0791795,0.31966796875,0.2,0.0003,-0.04444624483585358,0.4735352396965027,-0.5860584932565689,-0.03858331545256078,0.1537177701666951
6,5201920,28,1091,10150,0.08822884,0.32171875,0.2,0.0003,-0.05068143084645271,0.48837804794311523,-0.5396646124124527,-0.03957075527869165,0.1274691976606846
7,5207040,33,1078,10160,0.087835215,0.31509765625,0.2,0.0003,-0.032456886023283005,0.45873111486434937,-0.5762197291851043,-0.0386143788928166,0.12666929846629502
8,5212160,38,1069,10170,0.083783865,0.3221484375,0.2,0.0003,-0.057129453867673874,0.5233940482139587,-0.565857015401125,-0.040106932339258494,0.12571140674874187
9,5217280,43,1063,10180,0.08358681,0.2938671875,0.2,0.0003,-0.042590588331222534,0.4032673239707947,-0.45699080467224124,-0.036639256975613536,0.15550177451223135
10,5222400,48,1057,10190,0.0768608,0.30421875,0.2,0.0003,-0.04147407412528992,0.41161417961120605,-0.5074638244509697,-0.037915476569905876,0.15387691032141448
1,5227520,2,2122,10200,0.07459544,0.335625,0.2,0.0003,-0.05438660830259323,0.5721743106842041,-0.5909746667742729,-0.0408880710368976,0.10315908811986446
2,5232640,7,1342,10210,0.08939644,0.31853515625,0.2,0.0003,-0.05719272419810295,0.3267670273780823,-0.5142450986802578,-0.04266949167940766,0.1161158580891788
3,5237760,12,1209,10220,0.0884971,0.30482421875,0.2,0.0003,-0.034207262098789215,0.09282791614532471,-0.5069265976548195,-0.03932343753054738,0.1320178600586951
4,5242880,17,1147,10230,0.07279273,0.32025390625,0.2,0.0003,-0.05653005838394165,0.43048095703125,-0.5974164578318596,-0.03812954355031252,0.1044571391865611
5,5248000,22,1114,10240,0.087649964,0.33400390625,0.2,0.0003,-0.04386209324002266,0.4244436025619507,-0.5579344919323921,-0.04133460459066555,0.12064051192253827
6,5253120,28,1089,10250,0.09977686,0.321953125,0.2,0.0003,-0.037768036127090454,0.47535794973373413,-0.5355930306017399,-0.03972036920487881,0.12450964098796248
7,5258240,33,1070,10260,0.08328703,0.31185546875,0.2,0.0003,-0.0487176850438118,0.4219822883605957,-0.5188163968920708,-0.04070092608686537,0.12804781544953583
8,5263360,38,1055,10270,0.08483068,0.32697265625,0.2,0.0003,-0.04646261781454086,0.5600652694702148,-0.5812151849269866,-0.04211755712982267,0.11494767598807812
9,5268480,44,1042,10280,0.073967576,0.32373046875,0.2,0.0003,-0.0679013580083847,0.42505836486816406,-0.5858023059368134,-0.041452746279537676,0.11404068088158965
10,5273600,49,1029,10290,0.07852224,0.3362109375,0.2,0.0003,-0.05557440593838692,0.5030810832977295,-0.5804536390304565,-0.04544367082882673,0.11737554460763931
1,5278720,2,1992,10300,0.071235076,0.30982421875,0.2,0.0003,-0.03737441450357437,0.5198839902877808,-0.5449416396021843,-0.039245496911462396,0.12735138902440668
2,5283840,8,1275,10310,0.07928904,0.28146484375,0.2,0.0003,-0.04449005424976349,0.587293267250061,-0.504746417850256,-0.03417509518796578,0.1243081714771688
3,5288960,13,1153,10320,0.07516976,0.3059375,0.2,0.0003,-0.04264548420906067,0.5643422603607178,-0.5369295126199722,-0.04226097649661824,0.12997979048639535
4,5294080,18,1095,10330,0.068088174,0.28662109375,0.2,0.0003,-0.04678235203027725,0.5298458337783813,-0.5160796634852887,-0.03825778485275805,0.11942523969337344
5,5299200,24,1059,10340,0.07862957,0.3080078125,0.2,0.0003,-0.056355662643909454,0.42786216735839844,-0.5315128213167191,-0.041098778154701,0.12034531252458691
6,5304320,29,1035,10350,0.07419409,0.30888671875,0.2,0.0003,-0.05433967709541321,0.6303225755691528,-0.5327757719159126,-0.03824506990145892,0.12764561915770173
7,5309440,35,1017,10360,0.07285727,0.30478515625,0.2,0.0003,-0.04021322727203369,0.394220232963562,-0.5106082925200462,-0.037118878019973635,0.1462841375172138
8,5314560,40,1004,10370,0.07768826,0.315390625,0.2,0.0003,-0.05475575476884842,0.5400639772415161,-0.5682715433835983,-0.039174806624650955,0.13115843890234827
9,5319680,46,994,10380,0.0890056,0.30025390625,0.2,0.0003,-0.02248454838991165,0.6534004211425781,-0.5217269997298718,-0.037260477588279176,0.12698592754080892
10,5324800,51,990,10390,0.091206595,0.30326171875,0.2,0.0003,-0.030766069889068604,0.5423187017440796,-0.5156401786208152,-0.03916252197697759,0.12441699305549264
1,5329920,2,2027,10400,0.07943967,0.338125,0.2,0.0003,-0.037500131875276566,0.606144905090332,-0.5969167131185532,-0.04137039075838402,0.1253561207279563
2,5335040,7,1299,10410,0.08350938,0.31798828125,0.2,0.0003,-0.04140084609389305,0.6584855318069458,-0.5336290067434311,-0.03958731641992927,0.1440595012716949
3,5340160,13,1175,10420,0.08217551,0.33587890625,0.2,0.0003,-0.06179581955075264,0.6935775876045227,-0.5607139289379119,-0.045313080688938495,0.12026418887078762
4,5345280,18,1126,10430,0.096875064,0.3233203125,0.2,0.0003,-0.036191556602716446,0.6842808127403259,-0.5192394262552261,-0.035791687266901136,0.15042542068287731
5,5350400,23,1097,10440,0.07781346,0.33478515625,0.2,0.0003,-0.0033097825944423676,0.5696194171905518,-0.5918518844246864,-0.03396335260942578,0.20379365485161544
6,5355520,28,1074,10450,0.06663907,0.31162109375,0.2,0.0003,0.0005382820963859558,0.7056277990341187,-0.6044770437479019,-0.03765687457751483,0.1697639988362789
7,5360640,33,1056,10460,0.09270113,0.32615234375,0.2,0.0003,-0.05645471811294556,0.6436429023742676,-0.5599860632419587,-0.04013525491580367,0.1376163105852902
8,5365760,39,1040,10470,0.09261359,0.350078125,0.2,0.0003,-0.04220505803823471,0.5047051906585693,-0.6034257239103318,-0.03872782666003331,0.16124282624572517
9,5370880,44,1026,10480,0.08797885,0.32201171875,0.2,0.0003,-0.04990039020776749,0.5247162580490112,-0.5307697153091431,-0.042673547433223574,0.16200897961854935
10,5376000,50,1016,10490,0.090710655,0.35234375,0.2,0.0003,-0.0567941777408123,0.436134934425354,-0.5866816180944443,-0.04020531264366582,0.15525390630587935
1,5381120,2,2164,10500,0.08499209,0.35095703125,0.2,0.0003,-0.03890591114759445,0.323098361492157,-0.5769662004709244,-0.04228083127178252,0.1712566565349698
2,5386240,7,1301,10510,0.08988274,0.33341796875,0.2,0.0003,-0.046843938529491425,0.37651675939559937,-0.5673371478915215,-0.04096253317547962,0.14596620632335544
3,5391360,12,1187,10520,0.083960354,0.33734375,0.2,0.0003,-0.05923152714967728,0.14947444200515747,-0.5677944549918175,-0.04032091124448925,0.14705578073859216
4,5396480,17,1141,10530,0.09207989,0.31666015625,0.2,0.0003,-0.03640881925821304,0.043441176414489746,-0.5454141229391098,-0.036750463934149595,0.12837973829358817
5,5401600,22,1116,10540,0.08699161,0.34857421875,0.2,0.0003,-0.035457175225019455,0.32023513317108154,-0.596247233748436,-0.04121784595772624,0.11572417674586177
6,5406720,28,1095,10550,0.085192904,0.3333984375,0.2,0.0003,-0.03927460312843323,0.2867482900619507,-0.5710183528065681,-0.04125126964878291,0.10995723515748977
7,5411840,33,1076,10560,0.08093248,0.34,0.2,0.0003,-0.04329386353492737,0.1963050365447998,-0.6109745106101037,-0.04317984855733812,0.11516560945659876
8,5416960,38,1063,10570,0.07861248,0.33412109375,0.2,0.0003,-0.04377856105566025,0.2248280644416809,-0.6129174628853797,-0.038379037594422696,0.11234123475849628
9,5422080,43,1051,10580,0.0827834,0.35166015625,0.2,0.0003,-0.057983048260211945,0.22209960222244263,-0.6174889063835144,-0.042820867903064934,0.11348444921895862
10,5427200,49,1038,10590,0.086568445,0.34017578125,0.2,0.0003,-0.03533782809972763,0.3447307348251343,-0.5686795949935913,-0.04382559759542346,0.10701309842988849
1,5432320,2,2084,10600,0.1000036,0.3382421875,0.2,0.0003,-0.038535844534635544,0.4633442163467407,-0.5546606819331646,-0.04043933752458542,0.11460244586691261
2,5437440,7,1305,10610,0.08259992,0.31166015625,0.2,0.0003,-0.06226915866136551,0.33749479055404663,-0.5403784549236298,-0.03787840513046831,0.09919535146094859
3,5442560,12,1184,10620,0.09432654,0.325859375,0.2,0.0003,-0.05506603792309761,0.31274163722991943,-0.5256233830749989,-0.042460589231923224,0.11065400389954448
4,5447680,18,1135,10630,0.08345578,0.33146484375,0.2,0.0003,-0.05456791818141937,0.3476908802986145,-0.5763406354188919,-0.0432301882118918,0.11027013810351491
5,5452800,23,1106,10640,0.0748709,0.29009765625,0.2,0.0003,-0.041161857545375824,0.3031248450279236,-0.4866734205186367,-0.03981175501830876,0.12370762990787626
6,5457920,28,1086,10650,0.07975474,0.33587890625,0.2,0.0003,-0.06009528040885925,0.28454017639160156,-0.5880217096209526,-0.04391077748499811,0.11936858104541898
7,5463040,33,1076,10660,0.07814331,0.347734375,0.2,0.0003,-0.05454880744218826,0.4211210608482361,-0.6293496236205101,-0.0445743437577039,0.09849387157708406
8,5468160,38,1066,10670,0.081129506,0.3358984375,0.2,0.0003,-0.025843927636742592,0.4439427852630615,-0.5777906343340874,-0.039103461420163514,0.11676917472854256
9,5473280,43,1058,10680,0.07789888,0.3351953125,0.2,0.0003,-0.04808681830763817,0.4650474786758423,-0.6127221345901489,-0.03943926588632166,0.1463360029272735
10,5478400,48,1051,10690,0.083989374,0.3162109375,0.2,0.0003,-0.03657573461532593,0.22110438346862793,-0.5528100819885731,-0.03883573142811656,0.1257822604291141
1,5483520,2,2055,10700,0.08144246,0.3258984375,0.2,0.0003,-0.04506843537092209,0.3813316822052002,-0.5786728970706463,-0.03995526911690831,0.13696247139945628
2,5488640,7,1295,10710,0.08767472,0.32349609375,0.2,0.0003,-0.05523579195141792,0.1771579384803772,-0.5598653584718705,-0.036491512609645727,0.10645424356684088
3,5493760,13,1176,10720,0.10389085,0.31537109375,0.2,0.0003,-0.06073470413684845,0.44983166456222534,-0.5086959852278232,-0.04057028027251363,0.11861409224569798
4,5498880,18,1128,10730,0.08811021,0.351171875,0.2,0.0003,-0.03819411247968674,0.3409672975540161,-0.615839674770832,-0.04366429377812892,0.10352035105228424
5,5504000,23,1102,10740,0.08470751,0.344765625,0.2,0.0003,-0.06272571533918381,0.3286147117614746,-0.607271973490715,-0.04280484376475215,0.10160031044855714
6,5509120,28,1088,10750,0.08043239,0.33544921875,0.2,0.0003,-0.052742455154657364,0.17426717281341553,-0.5814355236291885,-0.043481475366279485,0.10441025318577886
7,5514240,33,1079,10760,0.09235637,0.329140625,0.2,0.0003,-0.020590294152498245,0.2742924690246582,-0.5434964211285114,-0.03998733972432092,0.11343325313180685
8,5519360,38,1070,10770,0.090794235,0.34796875,0.2,0.0003,-0.058181922882795334,0.35846763849258423,-0.6051525112986564,-0.04349167087115347,0.08983004342764617
9,5524480,43,1060,10780,0.080259904,0.3469921875,0.2,0.0003,-0.038135163486003876,0.1831674575805664,-0.6018149077892303,-0.04210472941864282,0.11023120237514376
10,5529600,48,1051,10790,0.08105016,0.34578125,0.2,0.0003,-0.03815484419465065,0.3417433500289917,-0.6351958984136581,-0.04319627397460863,0.09332916866987943
1,5534720,2,2055,10800,0.079791375,0.3408984375,0.2,0.0003,-0.04126099869608879,0.5114051103591919,-0.6258275583386421,-0.04026512790005654,0.0996006722562015
2,5539840,7,1311,10810,0.07539398,0.3404296875,0.2,0.0003,-0.04287762567400932,0.4332321286201477,-0.6176737406849862,-0.040316344052553174,0.11122057348489761
3,5544960,12,1186,10820,0.08776296,0.32185546875,0.2,0.0003,-0.05545741319656372,0.45939624309539795,-0.580571825504303,-0.04135064771864563,0.10909239834174514
4,5550080,18,1128,10830,0.07101984,0.31314453125,0.2,0.0003,-0.026764392852783203,0.5037049651145935,-0.597899711728096,-0.03402261542622,0.142529372908175
5,5555200,23,1093,10840,0.07629956,0.31833984375,0.2,0.0003,-0.04541971907019615,0.4684949517250061,-0.5829674315452575,-0.03723193185869604,0.13036918794736266
6,5560320,28,1069,10850,0.08041394,0.31880859375,0.2,0.0003,-0.058538854122161865,0.5576276779174805,-0.5716820201277732,-0.04153180229244754,0.124184964094311
7,5565440,34,1049,10860,0.07163727,0.31716796875,0.2,0.0003,-0.05258039012551308,0.5259720087051392,-0.5547857370972633,-0.04291942943353206,0.17869980502873659
8,5570560,39,1026,10870,0.076196305,0.3133203125,0.2,0.0003,-0.05092468485236168,0.43998783826828003,-0.5667325946688652,-0.03816618248354644,0.1519229811988771
9,5575680,45,1007,10880,0.0721328,0.31763671875,0.2,0.0003,-0.041472818702459335,0.4405399560928345,-0.6029715615510941,-0.04223326276289299,0.1309312691539526
10,5580800,51,991,10890,0.08483027,0.32505859375,0.2,0.0003,-0.03719106316566467,0.5481753349304199,-0.5626126544177532,-0.03779795457143337,0.16914152763783932
1,5585920,2,2111,10900,0.090607606,0.33021484375,0.2,0.0003,-0.03523755073547363,0.336159884929657,-0.5678417697548866,-0.03981763213407248,0.16650364810600876
2,5591040,7,1313,10910,0.0889987,0.335859375,0.2,0.0003,-0.03561188280582428,0.45753026008605957,-0.5486065520346165,-0.03980989929288626,0.13545686148107053
3,5596160,12,1193,10920,0.07912587,0.33142578125,0.2,0.0003,-0.05052824318408966,0.4888712763786316,-0.6000120696425438,-0.041172435088083145,0.12937494717538356
4,5601280,17,1138,10930,0.083701715,0.31431640625,0.2,0.0003,-0.02848276123404503,0.6042243838310242,-0.5459143806993961,-0.03873421790543943,0.13215149739757182
5,5606400,23,1108,10940,0.07475597,0.2965625,0.2,0.0003,-0.03429632633924484,0.512156069278717,-0.5366414871811866,-0.0387712194386404,0.15243665989488364
6,5611520,28,1087,10950,0.09177621,0.3190234375,0.2,0.0003,-0.02591530978679657,0.5385414361953735,-0.5306303784251213,-0.03737633348675445,0.14636342834681274
7,5616640,33,1073,10960,0.08399605,0.302421875,0.2,0.0003,-0.02639937400817871,0.563937783241272,-0.5308289694786071,-0.0369138477020897,0.15454879010096192
8,5621760,38,1064,10970,0.07275331,0.31833984375,0.2,0.0003,-0.05794863402843475,0.6516103744506836,-0.561277131140232,-0.039461062387563285,0.13722722809761762
9,5626880,43,1054,10980,0.08630474,0.290703125,0.2,0.0003,-0.020299755036830902,0.5347602367401123,-0.45956873551011085,-0.03672650985885412,0.15016397492960096
10,5632000,49,1043,10990,0.071561195,0.3258203125,0.2,0.0003,-0.06744858622550964,0.6720470190048218,-0.5882115778326988,-0.03917338171508163,0.14174843145534397
1,5637120,2,2083,11000,0.07652569,0.311796875,0.2,0.0003,-0.023266777396202087,0.5436223745346069,-0.54316665828228,-0.03654226420563646,0.18497264377772807
2,5642240,8,1263,11010,0.07267739,0.307890625,0.2,0.0003,-0.03100387006998062,0.5289609432220459,-0.5674104455113411,-0.041793985194526616,0.17982531026005744
3,5647360,13,1150,11020,0.08769442,0.33021484375,0.2,0.0003,-0.03766190633177757,0.6191849708557129,-0.5934927287697792,-0.038893836229108275,0.15621295249089598
4,5652480,18,1103,11030,0.084042996,0.32759765625,0.2,0.0003,-0.040265098214149475,0.6050006747245789,-0.573600614964962,-0.040071309064514934,0.14644643891602754
5,5657600,23,1081,11040,0.075351536,0.33375,0.2,0.0003,-0.0375119186937809,0.6572185754776001,-0.5906269443035126,-0.03733280177228153,0.15929799227043986
6,5662720,28,1064,11050,0.08457354,0.34078125,0.2,0.0003,-0.03214651346206665,0.5932154655456543,-0.6252321252226829,-0.037874945141375065,0.17966334721073507
7,5667840,34,1052,11060,0.0911018,0.33859375,0.2,0.0003,-0.019904639571905136,0.4568555951118469,-0.5662530870735645,-0.03703301284462213,0.19779105858877302
8,5672960,39,1041,11070,0.07514463,0.34072265625,0.2,0.0003,-0.03902684152126312,0.4591606855392456,-0.6169767153263092,-0.03925669305957854,0.14302129972726108
9,5678080,44,1030,11080,0.095654756,0.3528515625,0.2,0.0003,-0.015394486486911774,0.4713286757469177,-0.6255975645780564,-0.03839945095591247,0.17729292757809162
10,5683200,50,1016,11090,0.082817174,0.3531640625,0.2,0.0003,-0.03583468869328499,0.44295763969421387,-0.6440644094347954,-0.03818738825619221,0.1439587053656578
1,5688320,2,1956,11100,0.085870996,0.3398828125,0.2,0.0003,-0.035708773881196976,0.3510857820510864,-0.613114837706089,-0.03751789104891941,0.1535091996192932
2,5693440,8,1244,11110,0.08944041,0.35626953125,0.2,0.0003,-0.02864331752061844,0.18400263786315918,-0.656418443620205,-0.04029234622605145,0.11207138612866402
3,5698560,13,1119,11120,0.07506963,0.34853515625,0.2,0.0003,-0.03206811100244522,0.15873920917510986,-0.6039173352718353,-0.038554630768485365,0.12481796493753791
4,5703680,19,1062,11130,0.08011793,0.34673828125,0.2,0.0003,-0.046852968633174896,0.378680944442749,-0.6390089267492294,-0.03514539976604283,0.14761461256071925
5,5708800,24,1025,11140,0.08486444,0.33912109375,0.2,0.0003,-0.03879036381840706,0.45989352464675903,-0.6037262251973152,-0.039280556002631785,0.14816968630999328
6,5713920,30,997,11150,0.088514596,0.36390625,0.2,0.0003,-0.047190114855766296,0.494279682636261,-0.6397459474205971,-0.04087883836822584,0.12543764172121882
7,5719040,36,973,11160,0.08325389,0.34421875,0.2,0.0003,-0.009148724377155304,0.48400402069091797,-0.6013228356838226,-0.039368004673160616,0.1415195439569652
8,5724160,42,956,11170,0.08966433,0.34572265625,0.2,0.0003,-0.0334172286093235,0.2986794114112854,-0.6156130507588387,-0.03755082778632641,0.16095091884955764
9,5729280,48,943,11180,0.08654011,0.3404296875,0.2,0.0003,-0.02883041277527809,0.5126382112503052,-0.6252692753076553,-0.03992719703121111,0.12631482139229774
10,5734400,54,934,11190,0.08677006,0.3442578125,0.2,0.0003,-0.04263455420732498,0.4514438509941101,-0.6109162613749504,-0.04134587354492396,0.12536312507465483
1,5739520,2,1773,11200,0.08545606,0.331484375,0.2,0.0003,-0.013570476323366165,0.19961762428283691,-0.616731960773468,-0.03652707960922271,0.16862658262252808
2,5744640,8,1150,11210,0.083465494,0.3384765625,0.2,0.0003,-0.04771120101213455,0.3654780983924866,-0.6104594159126282,-0.041056841814424844,0.12860971182584763
3,5749760,14,1042,11220,0.0885521,0.337109375,0.2,0.0003,-0.03970590606331825,0.3819328546524048,-0.588447467982769,-0.04293880441924557,0.13037502769380807
4,5754880,20,993,11230,0.07067496,0.33658203125,0.2,0.0003,-0.04453852027654648,0.38731545209884644,-0.6106966891884804,-0.03990761913359165,0.12234304495155811
5,5760000,26,961,11240,0.083662316,0.32771484375,0.2,0.0003,-0.0421326719224453,0.45686769485473633,-0.62866839915514,-0.0358503387181554,0.1623617509379983
6,5765120,32,947,11250,0.08161135,0.32255859375,0.2,0.0003,-0.05038744956254959,0.3141058683395386,-0.5474963420629502,-0.03824316381942481,0.1599914713203907
7,5770240,38,936,11260,0.08693047,0.3165625,0.2,0.0003,-0.02612421289086342,0.23906755447387695,-0.552387822419405,-0.03844208317808807,0.16301228400319814
8,5775360,44,924,11270,0.083956346,0.32447265625,0.2,0.0003,-0.02467675879597664,0.3879624605178833,-0.5379510681331158,-0.03865295819705352,0.14306336285546423
9,5780480,50,915,11280,0.093563266,0.32998046875,0.2,0.0003,-0.034693699330091476,0.4335451126098633,-0.5763428118824959,-0.04314547799993306,0.12676645191386343
10,5785600,56,908,11290,0.08846349,0.33720703125,0.2,0.0003,-0.06150864064693451,0.2777700424194336,-0.5924084776639938,-0.03742181663634256,0.1231053857319057
1,5790720,2,2089,11300,0.07956621,0.31576171875,0.2,0.0003,-0.03872848302125931,0.3300101161003113,-0.5464285270869732,-0.04097043318673968,0.14464050475507975
2,5795840,8,1260,11310,0.07981422,0.31525390625,0.2,0.0003,-0.02726370096206665,0.4976586103439331,-0.5596558001637458,-0.033559333449229595,0.13052356315776706
3,5800960,13,1142,11320,0.09072327,0.324140625,0.2,0.0003,-0.02786283940076828,0.4181314706802368,-0.5570637619495392,-0.03684467871906236,0.140195876006037
4,5806080,18,1099,11330,0.0842959,0.3266015625,0.2,0.0003,-0.031970810145139694,0.3615991473197937,-0.5614875575900078,-0.041849288009107116,0.13404257252812385
5,5811200,23,1075,11340,0.08500229,0.32685546875,0.2,0.0003,-0.04662708193063736,0.4204217791557312,-0.5820323967933655,-0.04270741972140968,0.15244337014853954
6,5816320,28,1059,11350,0.08462863,0.31927734375,0.2,0.0003,-0.027662459760904312,0.3068090081214905,-0.5517784281075001,-0.03425442541949451,0.12288172999396921
7,5821440,34,1052,11360,0.07666646,0.29494140625,0.2,0.0003,-0.01809174381196499,0.2703478932380676,-0.5327379861474038,-0.033925273050554094,0.11941300388425588
8,5826560,39,1048,11370,0.08703889,0.32828125,0.2,0.0003,-0.011352475732564926,0.45931607484817505,-0.5525960981845855,-0.035269233495928344,0.13406605510041117
9,5831680,44,1045,11380,0.087951034,0.30599609375,0.2,0.0003,-0.03894328325986862,0.3755069971084595,-0.5460646909475326,-0.03463049432262778,0.13632316322997212
10,5836800,49,1042,11390,0.0823322,0.3098828125,0.2,0.0003,-0.03276409953832626,0.06290304660797119,-0.5238516442477703,-0.036260209924075755,0.1313995955698192
1,5841920,2,2056,11400,0.078218184,0.32818359375,0.2,0.0003,-0.02374681457877159,0.21471315622329712,-0.5504883553087712,-0.0368296457012184,0.12344962602481246
2,5847040,7,1335,11410,0.087767996,0.33224609375,0.2,0.0003,-0.051826439797878265,0.3367709517478943,-0.5544278436899185,-0.03705196508206427,0.11592533631250262
3,5852160,12,1207,11420,0.089904435,0.3221484375,0.2,0.0003,-0.03478609025478363,0.25423210859298706,-0.5200623844563961,-0.036651067924685775,0.13144378818571567
4,5857280,17,1156,11430,0.06969316,0.30869140625,0.2,0.0003,-0.027159862220287323,0.12199991941452026,-0.5577192993462086,-0.03576898133615032,0.11805770576000213
5,5862400,22,1127,11440,0.08554475,0.33044921875,0.2,0.0003,-0.040320541709661484,0.31709522008895874,-0.5605308687686921,-0.033421530046034605,0.10416422411799431
6,5867520,27,1109,11450,0.08115102,0.3164453125,0.2,0.0003,-0.04951004311442375,0.3458731174468994,-0.5581000456213951,-0.039068308097776026,0.0982397604547441
7,5872640,32,1087,11460,0.08427895,0.3234765625,0.2,0.0003,-0.05338720232248306,0.48590922355651855,-0.5524828214943409,-0.03988812065683305,0.11512986565008759
8,5877760,38,1071,11470,0.08536574,0.30763671875,0.2,0.0003,-0.029912598431110382,0.42782652378082275,-0.5050909481942654,-0.03827168548014015,0.1226410536468029
9,5882880,43,1060,11480,0.0801217,0.321015625,0.2,0.0003,-0.05807976797223091,0.42144203186035156,-0.5744037753343583,-0.03643205386586487,0.10649190941825509
10,5888000,48,1055,11490,0.08185437,0.33314453125,0.2,0.0003,-0.05151471495628357,0.4476636052131653,-0.5497156117856502,-0.039459699066355824,0.12414569173008204
1,5893120,2,2104,11500,0.07686485,0.31044921875,0.2,0.0003,-0.046754226088523865,0.3798335790634155,-0.5713318455219268,-0.04067802369827404,0.15062640432268382
2,5898240,7,1318,11510,0.07177229,0.31791015625,0.2,0.0003,-0.04364994540810585,0.6103653311729431,-0.5925515845417977,-0.03654949422460049,0.1310907094925642
3,5903360,12,1195,11520,0.0825066,0.3160546875,0.2,0.0003,-0.032815419137477875,0.5602911114692688,-0.5470575812458992,-0.041747673274949194,0.14886009108275175
4,5908480,18,1134,11530,0.086347595,0.32689453125,0.2,0.0003,-0.02086694911122322,0.5021101832389832,-0.53281075283885,-0.038958991398103535,0.12433835403993726
5,5913600,23,1098,11540,0.08303728,0.336328125,0.2,0.0003,-0.029303446412086487,0.6326431035995483,-0.5928274071216584,-0.037988794520497325,0.12188271334394812
6,5918720,28,1074,11550,0.08335283,0.3240625,0.2,0.0003,-0.032503921538591385,0.465365469455719,-0.5840690258145332,-0.03544862987473607,0.16062344225123526
7,5923840,33,1056,11560,0.079301715,0.3322265625,0.2,0.0003,-0.01975604146718979,0.4751284718513489,-0.5736849166452884,-0.03739145004190505,0.1560837208107114
8,5928960,39,1040,11570,0.09013198,0.3226171875,0.2,0.0003,-0.04013025388121605,0.4196400046348572,-0.5524690699577331,-0.03362660163431428,0.146854376681149
9,5934080,44,1025,11580,0.08801682,0.31888671875,0.2,0.0003,-0.03323774039745331,0.3028203845024109,-0.5618498533964157,-0.03172202387824655,0.16420142233371735
10,5939200,50,1009,11590,0.09277647,0.34478515625,0.2,0.0003,-0.0320209264755249,0.2865440845489502,-0.6089462998509407,-0.03766145955771208,0.13306276177987456
1,5944320,2,2110,11600,0.08665464,0.34802734375,0.2,0.0003,-0.037495821714401245,0.2535337805747986,-0.6108462193608284,-0.03752540788380429,0.13831362143158912
2,5949440,7,1332,11610,0.09082424,0.350859375,0.2,0.0003,-0.04732479900121689,0.35943031311035156,-0.6017400035262108,-0.037015322130173445,0.10675467984750867
3,5954560,12,1199,11620,0.083075106,0.35759765625,0.2,0.0003,-0.0737343281507492,0.3393594026565552,-0.6404759481549263,-0.039742608878295865,0.09451766522601247
4,5959680,17,1143,11630,0.079549655,0.34759765625,0.2,0.0003,-0.040336526930332184,0.4570523500442505,-0.6381226029992103,-0.03598853945033625,0.11464767560362815
5,5964800,23,1108,11640,0.07796976,0.35794921875,0.2,0.0003,-0.04384520649909973,0.3109824061393738,-0.6403303009271621,-0.03852404396981001,0.15667694443836808
6,5969920,28,1089,11650,0.090347864,0.34650390625,0.2,0.0003,-0.025252342224121094,0.2771521210670471,-0.5905383294820785,-0.03317474830430001,0.16295985950157046
7,5975040,33,1064,11660,0.07908414,0.33638671875,0.2,0.0003,-0.051265813410282135,0.3941211700439453,-0.6262553548812866,-0.03325011674780399,0.14527095165103673
8,5980160,39,1048,11670,0.09249631,0.3326953125,0.2,0.0003,-0.014697112143039703,0.31707608699798584,-0.5985943323373795,-0.03321962470188737,0.15065513042733072
9,5985280,44,1036,11680,0.08221449,0.354375,0.2,0.0003,-0.022353261709213257,0.4226883053779602,-0.6096959018707275,-0.03601762513630092,0.13695947717875243
10,5990400,50,1021,11690,0.09648343,0.34818359375,0.2,0.0003,-0.04653516411781311,0.272635817527771,-0.5887950983643532,-0.04122181123588234,0.15409431977197527
1,5995520,2,1955,11700,0.08706407,0.35435546875,0.2,0.0003,-0.07194439321756363,0.4530419707298279,-0.5875434857606888,-0.03941581944702193,0.11693127784878016
2,6000640,7,1305,11710,0.083045885,0.33685546875,0.2,0.0003,-0.0275488942861557,0.3319092392921448,-0.6025286081433296,-0.03763401367235929,0.1429238783195615
3,6005760,13,1177,11720,0.08212529,0.33798828125,0.2,0.0003,-0.04200111702084541,0.34188276529312134,-0.6229952204227448,-0.040565955215133724,0.12372975876554847
4,6010880,18,1123,11730,0.08785484,0.343203125,0.2,0.0003,-0.04044674336910248,0.4234679341316223,-0.5973753169178962,-0.039332793331705036,0.12965822089463472
5,6016000,23,1086,11740,0.08454214,0.3545703125,0.2,0.0003,-0.02429947257041931,0.4168124198913574,-0.616529011130333,-0.03980717635247857,0.12372059499844909
6,6021120,28,1061,11750,0.085885644,0.3427734375,0.2,0.0003,-0.04173862189054489,0.34061384201049805,-0.5984429973363876,-0.038896912881173196,0.13424805965274572
7,6026240,34,1045,11760,0.09231217,0.346171875,0.2,0.0003,-0.050621338188648224,0.32967084646224976,-0.5786446106433868,-0.040909164501354095,0.12457983000203968
8,6031360,39,1028,11770,0.08506572,0.35,0.2,0.0003,-0.029168903827667236,0.36616015434265137,-0.6348764976859093,-0.038846769687952476,0.1252423999272287
9,6036480,45,1012,11780,0.08242543,0.3743359375,0.2,0.0003,-0.059782154858112335,0.6245335340499878,-0.6400799167156219,-0.04210813419893384,0.08791721110232174
10,6041600,51,996,11790,0.0737285,0.32560546875,0.2,0.0003,-0.039148978888988495,0.43732988834381104,-0.6262671509385109,-0.038197288447991015,0.17129080375656486
1,6046720,2,1929,11800,0.08318182,0.33583984375,0.2,0.0003,-0.025985941290855408,0.38460928201675415,-0.6126766002178192,-0.0350145710259676,0.17980024799704553
2,6051840,8,1253,11810,0.09286017,0.33626953125,0.2,0.0003,-0.030407436192035675,0.41386592388153076,-0.5613811358809471,-0.03791491798590869,0.14644569544121622
3,6056960,13,1120,11820,0.08466778,0.33802734375,0.2,0.0003,-0.057662609964609146,0.35433560609817505,-0.5959265369176865,-0.03216990601969883,0.14100329553708435
4,6062080,19,1059,11830,0.083804265,0.3310546875,0.2,0.0003,-0.04118828475475311,0.42299884557724,-0.5372142581641675,-0.035322532374411825,0.14433197811245918
5,6067200,25,1020,11840,0.08935581,0.33244140625,0.2,0.0003,-0.03246086463332176,0.34783774614334106,-0.5619447872042656,-0.03679220093879849,0.11897039521485567
6,6072320,30,996,11850,0.087901674,0.32869140625,0.2,0.0003,-0.04550077021121979,0.5040861368179321,-0.5543122172355652,-0.03531825392507017,0.12398698829114436
7,6077440,36,976,11860,0.078477785,0.32984375,0.2,0.0003,-0.036559537053108215,0.4689280390739441,-0.5831226670742035,-0.03812284986488521,0.12474408874288201
8,6082560,42,964,11870,0.07944552,0.31509765625,0.2,0.0003,-0.04414090886712074,0.5897560715675354,-0.558889532983303,-0.04180033316835761,0.12235772861167789
9,6087680,48,952,11880,0.08082918,0.3362109375,0.2,0.0003,-0.04107000306248665,0.43746888637542725,-0.5814519894123077,-0.04079971462022513,0.14118185663595795
10,6092800,54,941,11890,0.08898446,0.30126953125,0.2,0.0003,-0.04709532856941223,0.417424738407135,-0.5243477953970432,-0.0355978318490088,0.12623512014746666
1,6097920,2,2116,11900,0.080323055,0.34353515625,0.2,0.0003,-0.047330327332019806,0.5022140741348267,-0.6179099157452583,-0.039671998997218905,0.11714672179892659
2,6103040,7,1319,11910,0.09224578,0.34064453125,0.2,0.0003,-0.048848748207092285,0.3820991516113281,-0.5782309558987617,-0.035657491078600285,0.12655155474320054
3,6108160,12,1184,11920,0.079919234,0.3348828125,0.2,0.0003,-0.062661312520504,0.4539991021156311,-0.5726218809187412,-0.03821665886323899,0.1238868516497314
4,6113280,18,1133,11930,0.099828035,0.31560546875,0.2,0.0003,-0.03183341026306152,0.3744317293167114,-0.5379192177951336,-0.03860898360144347,0.13666397942230105
5,6118400,23,1104,11940,0.07578888,0.31705078125,0.2,0.0003,-0.028102844953536987,0.3418756127357483,-0.562038147598505,-0.03396588797448203,0.13600079040974378
6,6123520,28,1085,11950,0.08132859,0.30767578125,0.2,0.0003,-0.022347938269376755,0.17586469650268555,-0.5386185063421727,-0.037676864347886294,0.11954931719228626
7,6128640,33,1075,11960,0.080559805,0.3282421875,0.2,0.0003,-0.02760406956076622,0.1555309295654297,-0.5540957909822464,-0.03206428435165435,0.1086152064613998
8,6133760,38,1066,11970,0.08878547,0.32552734375,0.2,0.0003,-0.01844862848520279,0.3738064765930176,-0.536106246560812,-0.03646700689336285,0.10567228706553579
9,6138880,43,1058,11980,0.08848809,0.325859375,0.2,0.0003,-0.05462077260017395,0.44516807794570923,-0.537905791848898,-0.039260930358432235,0.10593031957745552
10,6144000,48,1053,11990,0.07448138,0.325703125,0.2,0.0003,-0.04264543205499649,0.4292147159576416,-0.5460150703787804,-0.03699175604619086,0.0996485449001193
1,6149120,2,2142,12000,0.078038715,0.31482421875,0.2,0.0003,-0.03096836805343628,0.36070191860198975,-0.5408637620508671,-0.03386209142860025,0.09035473612137139
2,6154240,7,1315,12010,0.1236345,0.30505859375,0.2,0.0003,-0.0460955947637558,0.25145620107650757,-0.5244585420191288,-0.03437166105955839,0.10057480800896883
3,6159360,13,1176,12020,0.09056197,0.33951171875,0.2,0.0003,-0.046693094074726105,0.45786333084106445,-0.5776099354028702,-0.036492420244030654,0.10226068081334233
4,6164480,18,1129,12030,0.07383483,0.32697265625,0.2,0.0003,-0.05134642496705055,0.5842364430427551,-0.5911172115802765,-0.04021351074334234,0.09626816994510591
5,6169600,23,1095,12040,0.07134728,0.2983203125,0.2,0.0003,-0.02349446713924408,0.548708975315094,-0.5239562095701694,-0.033860750368330625,0.1295151837170124
6,6174720,28,1078,12050,0.08578704,0.30642578125,0.2,0.0003,-0.02855723351240158,0.5786351561546326,-0.49939393892884254,-0.03526952834799886,0.1381772599928081
7,6179840,33,1070,12060,0.0761414,0.3048828125,0.2,0.0003,-0.04418807849287987,0.39729732275009155,-0.5554368303716183,-0.03494342886842787,0.13831955974921584
8,6184960,38,1062,12070,0.080608726,0.320703125,0.2,0.0003,-0.011653143912553787,0.3086364269256592,-0.5633857943117618,-0.03481076128780842,0.12088481841608882
9,6190080,43,1056,12080,0.09190871,0.33154296875,0.2,0.0003,-0.03795582056045532,0.28865426778793335,-0.5518688817322254,-0.04084840421099216,0.1299205683171749
10,6195200,48,1051,12090,0.06807868,0.2909375,0.2,0.0003,-0.04432658106088638,0.39246219396591187,-0.5162816260755062,-0.031681266324594615,0.11674442308023572
1,6200320,2,2148,12100,0.08362521,0.325546875,0.2,0.0003,-0.02565919980406761,0.2456270456314087,-0.566118081510067,-0.03370410781819373,0.13567970322445036
2,6205440,7,1341,12110,0.07516663,0.29705078125,0.2,0.0003,-0.005572743713855743,0.20812523365020752,-0.5023222149908543,-0.029573160358704626,0.13051691325381398
3,6210560,12,1219,12120,0.08264966,0.32509765625,0.2,0.0003,-0.04613844305276871,0.4004262089729309,-0.5684610930085182,-0.03610751911532134,0.10656948134303093
4,6215680,17,1167,12130,0.07226909,0.30787109375,0.2,0.0003,-0.030640780925750732,0.32404249906539917,-0.5636771512031555,-0.03553516499698162,0.12693995226174593
5,6220800,22,1136,12140,0.08404696,0.30861328125,0.2,0.0003,-0.02638619765639305,0.49418365955352783,-0.520607450157404,-0.03365193343255669,0.12649039931595327
6,6225920,27,1116,12150,0.08581805,0.32478515625,0.2,0.0003,-0.04234939068555832,0.5233767032623291,-0.5693113526701927,-0.03610571817029268,0.11209341656416655
7,6231040,32,1101,12160,0.07761787,0.30728515625,0.2,0.0003,-0.03675680607557297,0.48940789699554443,-0.5654400542378426,-0.03377225887961686,0.12795697279274465
8,6236160,37,1090,12170,0.07543127,0.31751953125,0.2,0.0003,-0.023767519742250443,0.5209351181983948,-0.5721700203418731,-0.03467061833711341,0.13785965852439402
9,6241280,42,1080,12180,0.08342943,0.31419921875,0.2,0.0003,-0.04178601875901222,0.3124561309814453,-0.552265408039093,-0.038444372529629615,0.13612638726830484
10,6246400,47,1074,12190,0.078278676,0.30908203125,0.2,0.0003,-0.06411374360322952,0.5056321620941162,-0.5774779690802098,-0.03705218468792736,0.12379217276349663
1,6251520,2,2047,12200,0.08413346,0.3169921875,0.2,0.0003,-0.01957862079143524,0.5136999487876892,-0.5629255521297455,-0.0361961976182647,0.11539641162380576
2,6256640,7,1328,12210,0.09115227,0.33982421875,0.2,0.0003,-0.039695434272289276,0.6155258417129517,-0.5899335831403733,-0.03657927482854575,0.11649965461343527
3,6261760,12,1203,12220,0.09497043,0.3148828125,0.2,0.0003,-0.028831731528043747,0.4494470953941345,-0.5595122107863426,-0.034468870130367577,0.14758375726640224
4,6266880,17,1149,12230,0.09894583,0.33455078125,0.2,0.0003,-0.044011399149894714,0.3668087124824524,-0.5912039348483086,-0.03225937508279458,0.13539537094533444
5,6272000,22,1119,12240,0.07957184,0.3239453125,0.2,0.0003,-0.026883859187364578,0.5085185766220093,-0.5896199369430541,-0.034898218917660415,0.10853119933977723
6,6277120,28,1095,12250,0.086654626,0.32775390625,0.2,0.0003,-0.02716854214668274,0.27628952264785767,-0.57395976126194,-0.038291637669317424,0.1484985388815403
7,6282240,33,1082,12260,0.09239877,0.33912109375,0.2,0.0003,-0.05519453436136246,0.4203934669494629,-0.5958246496319771,-0.03739818863803521,0.11372193751856685
8,6287360,38,1074,12270,0.0913542,0.322421875,0.2,0.0003,-0.027249528095126152,0.508126437664032,-0.524950391203165,-0.03179909966420382,0.14149542724713682
9,6292480,43,1067,12280,0.084052905,0.31685546875,0.2,0.0003,-0.03429301083087921,0.5500997304916382,-0.5590453544259071,-0.029113970331382008,0.1401963785290718
10,6297600,48,1060,12290,0.08260758,0.3053125,0.2,0.0003,-0.036455102264881134,0.5490092039108276,-0.5641107662022113,-0.03238587928004563,0.11860902877524496
1,6302720,2,1933,12300,0.09197133,0.32119140625,0.2,0.0003,-0.007773697376251221,0.5897917151451111,-0.567681653946638,-0.034127922118641435,0.14332791343331336
2,6307840,8,1210,12310,0.09153239,0.31677734375,0.2,0.0003,-0.017780985683202744,0.4217815399169922,-0.572081313431263,-0.038247993234544996,0.14228383477777243
3,6312960,14,1089,12320,0.0741847,0.2973828125,0.2,0.0003,-0.014828141778707504,0.4722878932952881,-0.5338258714973927,-0.03490440433844924,0.13025159956887364
4,6318080,19,1024,12330,0.08691327,0.30013671875,0.2,0.0003,-0.03827551752328873,0.4366820454597473,-0.5325434517860412,-0.03468442733632401,0.1203537449426949
5,6323200,25,986,12340,0.07697864,0.31861328125,0.2,0.0003,-0.036502428352832794,0.5134977102279663,-0.572539519071579,-0.034433465050533414,0.1274885359965265
6,6328320,31,961,12350,0.09104385,0.30146484375,0.2,0.0003,-0.031015679240226746,0.5525825023651123,-0.504512970149517,-0.03183344298042357,0.12115878984332085
7,6333440,37,946,12360,0.07498867,0.3300390625,0.2,0.0003,-0.032616183161735535,0.4610576033592224,-0.6145889791846275,-0.033914788619149476,0.150845737606287
8,6338560,43,936,12370,0.07896594,0.31466796875,0.2,0.0003,-0.022538084536790848,0.5702289342880249,-0.5657977578043938,-0.025911631118506192,0.14784383000805973
9,6343680,49,933,12380,0.083505616,0.30833984375,0.2,0.0003,-0.02457652986049652,0.6489660739898682,-0.589353554546833,-0.03173185002291575,0.1373148525878787
10,6348800,55,928,12390,0.080033705,0.3170703125,0.2,0.0003,0.0046611204743385315,0.6787610054016113,-0.5927930119633674,-0.032865654074121266,0.15926964521408082
1,6353920,2,2139,12400,0.090414226,0.329609375,0.2,0.0003,-0.010082114487886429,0.5664912462234497,-0.588449380993843,-0.028947484637610613,0.24261851293966175
2,6359040,7,1333,12410,0.08235331,0.33505859375,0.2,0.0003,-0.028965558856725693,0.465853214263916,-0.5924214094877243,-0.035489101740531624,0.1961921477690339
3,6364160,12,1207,12420,0.08253382,0.33724609375,0.2,0.0003,-0.04442639276385307,0.13735520839691162,-0.5839953362941742,-0.03341009248630144,0.13786798510700465
4,6369280,17,1148,12430,0.09157272,0.3375,0.2,0.0003,-0.029119785875082016,-0.08669984340667725,-0.5975827795267105,-0.027000263808295132,0.17559856539592147
5,6374400,22,1114,12440,0.08219797,0.332109375,0.2,0.0003,-0.0365263968706131,0.15525400638580322,-0.5973303028941155,-0.03593616026453674,0.1056367814168334
6,6379520,28,1088,12450,0.076279275,0.3374609375,0.2,0.0003,-0.024085838347673416,0.16568827629089355,-0.6324995708465576,-0.03299484703689814,0.13736368471756577
7,6384640,33,1069,12460,0.08348772,0.34837890625,0.2,0.0003,-0.05950174108147621,0.35468196868896484,-0.6141415277123451,-0.036561683639884,0.10832915423437953
8,6389760,38,1052,12470,0.08020939,0.36048828125,0.2,0.0003,-0.043061401695013046,0.31474071741104126,-0.6410798737406731,-0.03427953256294131,0.13329892555251718
9,6394880,44,1037,12480,0.09411047,0.3666015625,0.2,0.0003,-0.03550703451037407,0.30323541164398193,-0.6352203899621963,-0.03145327447447926,0.13085651315748692
10,6400000,50,1022,12490,0.09162746,0.33435546875,0.2,0.0003,-0.02151956409215927,0.37182551622390747,-0.6092584410309791,-0.03202248415676877,0.1467079663090408
1,6405120,2,2095,12500,0.08764242,0.3514453125,0.2,0.0003,-0.012174442410469055,0.44549310207366943,-0.6224716860055923,-0.03590707541210577,0.1312448795698583
2,6410240,7,1299,12510,0.09011704,0.3359765625,0.2,0.0003,-0.023732110857963562,0.33956456184387207,-0.5901197645068169,-0.030516822242643685,0.16714238181710242
3,6415360,13,1167,12520,0.082657404,0.3116015625,0.2,0.0003,-0.021537575870752335,0.1197432279586792,-0.5462432228028774,-0.0288541125273332,0.14966308951377869
4,6420480,18,1115,12530,0.08132158,0.334765625,0.2,0.0003,-0.044114045798778534,0.07201838493347168,-0.6014587333798409,-0.030514480038546024,0.12441247534006834
5,6425600,23,1090,12540,0.07364038,0.31669921875,0.2,0.0003,-0.03313906490802765,0.19962310791015625,-0.5882887557148934,-0.03250066864769906,0.12983800731599332
6,6430720,28,1065,12550,0.0920307,0.3326953125,0.2,0.0003,-0.016837041825056076,0.2623170018196106,-0.5572259341180325,-0.02960015184711665,0.14484456777572632
7,6435840,34,1047,12560,0.075380094,0.3248828125,0.2,0.0003,-0.009834922850131989,0.30653929710388184,-0.591038915514946,-0.030532864436972885,0.12565956555306912
8,6440960,39,1034,12570,0.10827403,0.31982421875,0.2,0.0003,-0.040059659630060196,0.5220394134521484,-0.4817423656582832,-0.02928297535283491,0.11691017573699355
9,6446080,44,1031,12580,0.08414035,0.3150390625,0.2,0.0003,-0.03046778403222561,0.40360158681869507,-0.5305653198063374,-0.035252099584322426,0.11932225568220019
10,6451200,49,1028,12590,0.08269925,0.3086328125,0.2,0.0003,-0.02207598090171814,0.44491881132125854,-0.5088919861614705,-0.02943852110300213,0.1304509692452848
1,6456320,2,1918,12600,0.08337672,0.3065625,0.2,0.0003,-0.0537068247795105,0.4746817350387573,-0.5259853582084179,-0.032588416887447236,0.10214245053008199
2,6461440,8,1232,12610,0.0821614,0.2975,0.2,0.0003,-0.024461716413497925,0.5096293687820435,-0.49493103370070457,-0.03141900493297726,0.12758396554738283
3,6466560,13,1114,12620,0.0984017,0.33634765625,0.2,0.0003,-0.02455916441977024,0.5003752708435059,-0.6017365458607674,-0.03796691989991814,0.09937763312831521
4,6471680,19,1061,12630,0.070282914,0.30169921875,0.2,0.0003,-0.026353441178798676,0.437946617603302,-0.5694247844815254,-0.031152862682938577,0.12107642134651542
5,6476800,24,1026,12640,0.08989979,0.31314453125,0.2,0.0003,-0.01814921200275421,0.27551013231277466,-0.5150467865169048,-0.03248708898201585,0.12458047583699226
6,6481920,30,1001,12650,0.1015057,0.3229296875,0.2,0.0003,-0.01079719141125679,0.4218432903289795,-0.5029693029820919,-0.03040055273566395,0.11659757249057293
7,6487040,36,981,12660,0.080277056,0.32234375,0.2,0.0003,-0.038893118500709534,0.5126000642776489,-0.5373401619493962,-0.03059030027128756,0.10998408202081919
8,6492160,42,966,12670,0.08690007,0.32810546875,0.2,0.0003,-0.03207971528172493,0.4726388454437256,-0.5392186164855957,-0.03613472234457731,0.10656755913048982
9,6497280,48,952,12680,0.081649676,0.32560546875,0.2,0.0003,-0.0385996513068676,0.4454612731933594,-0.5875528295338154,-0.035321698661427946,0.09058140378445387
10,6502400,54,940,12690,0.07713978,0.3233203125,0.2,0.0003,-0.03707772120833397,0.5360308885574341,-0.5836133566498757,-0.031440670625306665,0.08602962149307132
1,6507520,2,2056,12700,0.08356048,0.32451171875,0.2,0.0003,-0.03608787804841995,0.5922561287879944,-0.5707701566815376,-0.03316140065900981,0.0914329572673887
2,6512640,7,1281,12710,0.08821266,0.33767578125,0.2,0.0003,-0.029403414577245712,0.5620824098587036,-0.5711041286587715,-0.030025055781006813,0.1126521784812212
3,6517760,13,1174,12720,0.07197275,0.33087890625,0.2,0.0003,-0.041106872260570526,0.4735267758369446,-0.5866822084784508,-0.03473664808319882,0.11798044197261333
4,6522880,18,1132,12730,0.07866036,0.31087890625,0.2,0.0003,-0.030634064227342606,0.5233274698257446,-0.5545151534676552,-0.026855935477651655,0.11598158840090037
5,6528000,23,1106,12740,0.07693234,0.30984375,0.2,0.0003,-0.04425070434808731,0.43917328119277954,-0.5472354239225388,-0.035250181783922016,0.1133392247185111
6,6533120,28,1089,12750,0.12129907,0.30736328125,0.2,0.0003,-0.027138926088809967,0.4953916668891907,-0.561273148804903,-0.033469268665649,0.1290736036002636
7,6538240,33,1076,12760,0.07278107,0.32095703125,0.2,0.0003,-0.04934991896152496,0.5265159606933594,-0.5701499643921852,-0.0314214509469457,0.1030929721146822
8,6543360,38,1065,12770,0.06934731,0.31818359375,0.2,0.0003,-0.03259644657373428,0.63651043176651,-0.5623344239592553,-0.03719611972104758,0.098148936573416
9,6548480,43,1058,12780,0.09169683,0.32974609375,0.2,0.0003,-0.03751715272665024,0.4305835962295532,-0.5484825751185417,-0.03521021542139351,0.12466877654194831
10,6553600,48,1054,12790,0.0829698,0.3319140625,0.2,0.0003,-0.057289570569992065,0.5659950971603394,-0.614840971827507,-0.038225577841512856,0.09848341269418598
1,6558720,2,2107,12800,0.08224566,0.31767578125,0.2,0.0003,-0.03515032306313515,0.37097054719924927,-0.5577715247869491,-0.03181970064761117,0.11099836014211178
2,6563840,7,1316,12810,0.09738092,0.3283984375,0.2,0.0003,-0.04451857507228851,0.43098872900009155,-0.5629354317486286,-0.03458341066492721,0.11781459614634514
3,6568960,12,1188,12820,0.087742664,0.31265625,0.2,0.0003,-0.04637753590941429,0.39079511165618896,-0.5878776842355729,-0.03350763249211013,0.1365505800396204
4,6574080,17,1141,12830,0.09214462,0.345078125,0.2,0.0003,-0.048323504626750946,0.4587886929512024,-0.5780426412820816,-0.039784819539636376,0.12756210973486304
5,6579200,22,1117,12840,0.07608337,0.30541015625,0.2,0.0003,-0.051019906997680664,0.21014147996902466,-0.5585974085330964,-0.031582266078330576,0.10188253179192543
6,6584320,27,1098,12850,0.08583367,0.318359375,0.2,0.0003,-0.0446469783782959,0.35406625270843506,-0.5636184865236282,-0.040687717935070394,0.0938280394859612
7,6589440,33,1084,12860,0.089942835,0.3226171875,0.2,0.0003,-0.0470704510807991,0.464871346950531,-0.5619945554435253,-0.037310447315685454,0.10766584105789662
8,6594560,38,1062,12870,0.0765606,0.34146484375,0.2,0.0003,-0.046959877014160156,0.507623553276062,-0.6321056205034256,-0.03541425291216001,0.09727882247418165
9,6599680,43,1047,12880,0.099177726,0.3059765625,0.2,0.0003,-0.035187117755413055,0.5435216426849365,-0.5152536991238594,-0.02410732221789658,0.11915297191590071
10,6604800,49,1036,12890,0.09645279,0.3173828125,0.2,0.0003,-0.015804659575223923,0.5346019268035889,-0.5377812764048576,-0.034667140292003754,0.10702183289453387
1,6609920,2,2100,12900,0.07698332,0.303359375,0.2,0.0003,-0.04785921797156334,0.544302225112915,-0.5233248254656792,-0.03485731292050332,0.10876942049711942
2,6615040,7,1285,12910,0.08430142,0.30671875,0.2,0.0003,-0.04751226678490639,0.3858453631401062,-0.5348825716972351,-0.037706021117046476,0.08859708634205163
3,6620160,13,1158,12920,0.08436118,0.32765625,0.2,0.0003,-0.03310933709144592,0.3959009647369385,-0.54415894895792,-0.03361360894050449,0.10165105571970344
4,6625280,18,1110,12930,0.08024722,0.3302734375,0.2,0.0003,-0.0655476301908493,0.5127770900726318,-0.5895834797620774,-0.04059241227805614,0.08970239273272455
5,6630400,23,1078,12940,0.079858795,0.32873046875,0.2,0.0003,-0.07052651792764664,0.5477426648139954,-0.5697793734073638,-0.039450484386179596,0.08735982036218047
6,6635520,29,1055,12950,0.096931376,0.331875,0.2,0.0003,-0.02809135802090168,0.45248985290527344,-0.5261937713623047,-0.037620356995612385,0.10787931060418486
7,6640640,34,1044,12960,0.0796618,0.31244140625,0.2,0.0003,-0.03645554929971695,0.41970306634902954,-0.5723826742172241,-0.03598954395391047,0.08956540463492274
8,6645760,39,1040,12970,0.07862426,0.32099609375,0.2,0.0003,-0.0626787394285202,0.5808420777320862,-0.5709796342253685,-0.034530524355359374,0.09866051551885903
9,6650880,44,1036,12980,0.097392336,0.3196484375,0.2,0.0003,-0.05163479223847389,0.6067219972610474,-0.5739739724993705,-0.03499775619478896,0.11477939682081342
10,6656000,49,1034,12990,0.07746969,0.30046875,0.2,0.0003,-0.03431973606348038,0.40216439962387085,-0.5048693151772022,-0.036678949552588165,0.11207807576283813
1,6661120,2,2098,13000,0.08726035,0.29919921875,0.2,0.0003,-0.03446263447403908,0.5434516668319702,-0.5174085210263729,-0.03672006336040795,0.1320728380419314
2,6666240,7,1323,13010,0.10060881,0.30654296875,0.2,0.0003,-0.037315733730793,0.5806617736816406,-0.48797712832689283,-0.029194199324119836,0.136953152641654
3,6671360,12,1198,13020,0.077604294,0.29779296875,0.2,0.0003,-0.035385195165872574,0.6089712381362915,-0.5186315007507801,-0.03752169592306018,0.13396902818232775
4,6676480,18,1134,13030,0.082146354,0.3168359375,0.2,0.0003,-0.04041832685470581,0.6219278573989868,-0.5515556919574738,-0.03547371705528349,0.12464045407250524
5,6681600,23,1106,13040,0.07858862,0.31015625,0.2,0.0003,-0.04297700524330139,0.6148918867111206,-0.5258453457057476,-0.03180935938144103,0.13409927198663354
6,6686720,28,1085,13050,0.08230992,0.30669921875,0.2,0.0003,-0.014958888292312622,0.4681743383407593,-0.5200412660837174,-0.028569118599407375,0.15035648308694363
7,6691840,33,1068,13060,0.08725741,0.31109375,0.2,0.0003,-0.04304990544915199,0.5868018865585327,-0.5369524264335632,-0.03166841798694804,0.10427131844684481
8,6696960,38,1057,13070,0.08933472,0.3128515625,0.2,0.0003,-0.030959002673625946,0.6232104301452637,-0.5259115883708,-0.035309710130095484,0.12466834247112274
9,6702080,43,1049,13080,0.081528075,0.32123046875,0.2,0.0003,-0.03528020530939102,0.6231933832168579,-0.5848810508847236,-0.03468904752517119,0.11756839007139205
10,6707200,49,1041,13090,0.075327404,0.29458984375,0.2,0.0003,-0.029320809990167618,0.6997405886650085,-0.5120573131740094,-0.033297971454448995,0.11227771770209075
1,6712320,2,2117,13100,0.08016713,0.303046875,0.2,0.0003,-0.046054545789957047,0.7407746315002441,-0.5287826390564442,-0.03604259760584682,0.13317300748080016
2,6717440,7,1290,13110,0.076565444,0.287109375,0.2,0.0003,-0.03535597398877144,0.8023252487182617,-0.5322477799654007,-0.0330310066556558,0.12269622921943664
3,6722560,13,1160,13120,0.07508718,0.300390625,0.2,0.0003,-0.037528857588768005,0.78326815366745,-0.5491172182559967,-0.030900567881762982,0.14201641405001283
4,6727680,18,1108,13130,0.09701643,0.287734375,0.2,0.0003,-0.042411524802446365,0.7451748847961426,-0.49845621690154074,-0.030870370597112923,0.14511721586808563
5,6732800,23,1088,13140,0.081344284,0.31216796875,0.2,0.0003,-0.030493181198835373,0.6343075037002563,-0.548717173486948,-0.03540736529510468,0.1644010289385915
6,6737920,28,1075,13150,0.09346281,0.31552734375,0.2,0.0003,-0.004750482738018036,0.5812258720397949,-0.5157980200648308,-0.027337890490889548,0.18055512569844723
7,6743040,33,1062,13160,0.0961927,0.3034375,0.2,0.0003,-0.03555949032306671,0.6270709037780762,-0.4858424732089043,-0.03391380961984396,0.12337877387180925
8,6748160,38,1051,13170,0.08413984,0.31166015625,0.2,0.0003,-0.03759102523326874,0.558590292930603,-0.5951218247413635,-0.03424885238986462,0.14562748394906522
9,6753280,44,1042,13180,0.08324535,0.30787109375,0.2,0.0003,-0.03621188551187515,0.6666138768196106,-0.5590369932353496,-0.03561733293579891,0.1407985918596387
10,6758400,49,1033,13190,0.09132181,0.30298828125,0.2,0.0003,-0.04169847071170807,0.585147500038147,-0.5093864211440087,-0.03327732014236972,0.14796941479668022
1,6763520,2,1792,13200,0.092774436,0.2719921875,0.2,0.0003,0.008476201444864273,0.705463171005249,-0.4746174994111061,-0.0287468091561459,0.12109917500987649
2,6768640,8,1201,13210,0.08893889,0.3184375,0.2,0.0003,-0.039485860615968704,0.7052838802337646,-0.5523095020651817,-0.03260369579540565,0.14281842967495323
3,6773760,14,1076,13220,0.109313086,0.2880078125,0.2,0.0003,-0.021041732281446457,0.6001806855201721,-0.4765276890993118,-0.034313177834264935,0.16752881756052374
4,6778880,19,1030,13230,0.08059949,0.30568359375,0.2,0.0003,-0.044732142239809036,0.6661732196807861,-0.5346086756885051,-0.033232005203608424,0.1178951201401651
5,6784000,25,1009,13240,0.09260138,0.31767578125,0.2,0.0003,-0.023312807083129883,0.5579242706298828,-0.5056998243927956,-0.02897439673775807,0.11367048310115933
6,6789120,30,993,13250,0.10420825,0.32955078125,0.2,0.0003,-0.05081285163760185,0.5877690315246582,-0.5225052969157695,-0.031637654225341975,0.10719374844804407
7,6794240,36,975,13260,0.085125536,0.30765625,0.2,0.0003,-0.04889560863375664,0.5785385966300964,-0.5303595219552517,-0.03189004426123574,0.11044769868254661
8,6799360,42,957,13270,0.09192229,0.31748046875,0.2,0.0003,-0.030931703746318817,0.5524976253509521,-0.5198466403782368,-0.02987447165651247,0.11764106016606092
9,6804480,48,943,13280,0.08462222,0.31767578125,0.2,0.0003,-0.04767855256795883,0.6076202392578125,-0.5342582269012928,-0.03725449732504785,0.09666504826396703
10,6809600,54,933,13290,0.09514817,0.3282421875,0.2,0.0003,-0.03665854036808014,0.6985776424407959,-0.5165626086294651,-0.040186778164934364,0.07475319766439498
1,6814720,2,2035,13300,0.111476764,0.32337890625,0.2,0.0003,-0.023211486637592316,0.6839785575866699,-0.5136310787498951,-0.028625144832767548,0.10056688884273171
2,6819840,8,1276,13310,0.076266184,0.3180859375,0.2,0.0003,-0.047571420669555664,0.6659729480743408,-0.5763491645455361,-0.04057913578115404,0.10948194039985537
3,6824960,13,1164,13320,0.083125725,0.3100390625,0.2,0.0003,-0.048251014202833176,0.7205842733383179,-0.565755295753479,-0.032310058609582484,0.1083894800208509
4,6830080,18,1114,13330,0.07910343,0.30751953125,0.2,0.0003,-0.033161092549562454,0.541318416595459,-0.5709330409765243,-0.03130842325976119,0.12320641117170453
5,6835200,23,1088,13340,0.07817695,0.3225,0.2,0.0003,-0.02322876825928688,0.6370595693588257,-0.5618871702253818,-0.03559872520156205,0.11063716365024448
6,6840320,28,1070,13350,0.09136968,0.3028125,0.2,0.0003,-0.039045464247465134,0.6020922660827637,-0.548740848749876,-0.03287592059699818,0.13102107226848603
7,6845440,33,1057,13360,0.09671418,0.3004296875,0.2,0.0003,-0.02837168052792549,0.6525576114654541,-0.5431366042792797,-0.03155145157128572,0.14203169871121646
8,6850560,38,1050,13370,0.08275138,0.31677734375,0.2,0.0003,-0.03249640762805939,0.6272635459899902,-0.591449334025383,-0.03288325324188918,0.1276024964079261
9,6855680,44,1046,13380,0.0976115,0.2970703125,0.2,0.0003,-0.03305210918188095,0.5901482105255127,-0.5261892633140087,-0.030120433466508986,0.1565923682227731
10,6860800,49,1041,13390,0.07574046,0.29369140625,0.2,0.0003,-0.06078549474477768,0.7361422777175903,-0.5591424660384655,-0.03420590911293402,0.1226537704281509
1,6865920,2,1904,13400,0.07832681,0.311953125,0.2,0.0003,-0.007315780967473984,0.6589921712875366,-0.5479973684251308,-0.03270597555907443,0.1324170408770442
2,6871040,8,1227,13410,0.081212975,0.2958984375,0.2,0.0003,-0.04173249006271362,0.6722177267074585,-0.5332310675084591,-0.03460739479865879,0.16762267978861928
3,6876160,14,1086,13420,0.091066435,0.31666015625,0.2,0.0003,-0.02967974916100502,0.6621535420417786,-0.5776901167631149,-0.03309878864558414,0.1426330915465951
4,6881280,19,1032,13430,0.07758509,0.3188671875,0.2,0.0003,-0.03655945509672165,0.6657414436340332,-0.5981730297207832,-0.03287230784539133,0.12011085718870163
5,6886400,25,1006,13440,0.07839504,0.31451171875,0.2,0.0003,-0.04589885100722313,0.5737757682800293,-0.5581141877174377,-0.029233583947643638,0.13716198820620776
6,6891520,31,989,13450,0.07586171,0.31998046875,0.2,0.0003,-0.028865382075309753,0.5181908011436462,-0.610701023042202,-0.030404050177894534,0.1271968852542341
7,6896640,36,980,13460,0.09216832,0.32119140625,0.2,0.0003,-0.01240498572587967,0.4783969521522522,-0.526419133245945,-0.03205578946974128,0.13265803776681423
8,6901760,42,972,13470,0.08071544,0.335234375,0.2,0.0003,-0.04501596465706825,0.5809249877929688,-0.6200094678997994,-0.036816680803895,0.12965139620006083
9,6906880,47,969,13480,0.08521397,0.34251953125,0.2,0.0003,-0.04147002100944519,0.4122748374938965,-0.6015280589461327,-0.03739195072557777,0.13790857760235667
10,6912000,53,965,13490,0.08126463,0.34056640625,0.2,0.0003,-0.03235870599746704,0.4856204390525818,-0.5990942639112472,-0.03460154427448288,0.1391860550828278
1,6917120,2,2051,13500,0.078882046,0.33095703125,0.2,0.0003,-0.017495442181825638,0.512984573841095,-0.5841187569499016,-0.032592424692120404,0.12460025627166033
2,6922240,7,1294,13510,0.091121934,0.33017578125,0.2,0.0003,-0.050257354974746704,0.6016466617584229,-0.6140439447760582,-0.03922851440496743,0.11563760295510292
3,6927360,13,1168,13520,0.07909033,0.33583984375,0.2,0.0003,-0.031228672713041306,0.5514465570449829,-0.5967082840204239,-0.03200717020081356,0.1416066656447947
4,6932480,18,1115,13530,0.071903,0.30888671875,0.2,0.0003,-0.014541510492563248,0.5234391689300537,-0.5531569132208825,-0.03332091568037868,0.14231958493590355
5,6937600,23,1080,13540,0.08789926,0.32958984375,0.2,0.0003,-0.014955198392271996,0.5394476652145386,-0.6127435001730919,-0.03658726755063981,0.16228503819555043
6,6942720,29,1058,13550,0.073535524,0.32130859375,0.2,0.0003,-0.04406218230724335,0.5420105457305908,-0.5980518797039985,-0.03437305219937116,0.18327990345656872
7,6947840,34,1039,13560,0.07526605,0.31876953125,0.2,0.0003,-0.021791692823171616,0.653315544128418,-0.5802982425689698,-0.03528777523199096,0.1475301358476281
8,6952960,39,1024,13570,0.06786003,0.30623046875,0.2,0.0003,-0.010753776878118515,0.596443772315979,-0.5644476027786731,-0.032006163550540805,0.1435319073870778
9,6958080,45,1008,13580,0.07685753,0.31904296875,0.2,0.0003,-0.019379660487174988,0.5370124578475952,-0.5893990570306777,-0.03090037893038243,0.14685267817229034
10,6963200,51,995,13590,0.07881189,0.32541015625,0.2,0.0003,-0.042655836790800095,0.5335373878479004,-0.6272940814495087,-0.029138190066441895,0.14009780690073967
1,6968320,2,2078,13600,0.079927355,0.325546875,0.2,0.0003,-0.029396958649158478,0.4930141568183899,-0.5606786340475083,-0.0341617565182969,0.13678525930270552
2,6973440,7,1295,13610,0.079304434,0.3305859375,0.2,0.0003,-0.05683679133653641,0.47578275203704834,-0.5889809307456016,-0.035333788860589264,0.12232631634920836
3,6978560,13,1172,13620,0.07770007,0.336484375,0.2,0.0003,-0.045893073081970215,0.6334160566329956,-0.6044445323944092,-0.0327264153631404,0.11939058490097523
4,6983680,18,1126,13630,0.08149681,0.3482421875,0.2,0.0003,-0.03253354877233505,0.60317462682724,-0.6323535138368607,-0.036779502576682714,0.12327525779604911
5,6988800,23,1097,13640,0.067669995,0.30875,0.2,0.0003,-0.033404555171728134,0.544655442237854,-0.6021054819226265,-0.032070703699719164,0.15235531765967608
6,6993920,28,1080,13650,0.07859051,0.325859375,0.2,0.0003,-0.016742289066314697,0.5161740779876709,-0.5749798196554184,-0.03167017251253128,0.14562272669747472
7,6999040,33,1066,13660,0.086278416,0.32025390625,0.2,0.0003,-0.0365615114569664,0.4613190293312073,-0.5502669841051102,-0.02981417503207922,0.14854024877771735
8,7004160,38,1056,13670,0.065495804,0.3369140625,0.2,0.0003,-0.06184370070695877,0.5089377760887146,-0.6509054917097091,-0.0374856676813215,0.11931157026439905
9,7009280,43,1048,13680,0.07577358,0.3116796875,0.2,0.0003,-0.03741556778550148,0.5790902376174927,-0.5812259796261787,-0.0301449467940256,0.12301979908719658
10,7014400,49,1041,13690,0.068277195,0.3265625,0.2,0.0003,-0.03612596169114113,0.46325361728668213,-0.6097417852282524,-0.03144189476501197,0.1439451540634036
1,7019520,2,1981,13700,0.081265725,0.32861328125,0.2,0.0003,-0.016732241958379745,0.5013573169708252,-0.5957156923413277,-0.03109419104177505,0.1436365382373333
2,7024640,8,1223,13710,0.07344123,0.33259765625,0.2,0.0003,-0.035418130457401276,0.4263293743133545,-0.628088338971138,-0.033770099286921325,0.1535212011449039
3,7029760,14,1097,13720,0.08745186,0.352578125,0.2,0.0003,-0.005949161946773529,0.4461601972579956,-0.6340864342451096,-0.034686945537105204,0.14558102611452342
4,7034880,19,1049,13730,0.08688748,0.34654296875,0.2,0.0003,-0.0262640118598938,0.3605167269706726,-0.6530073466897011,-0.029482044149190187,0.19036980118602514
5,7040000,24,1025,13740,0.09183951,0.3530078125,0.2,0.0003,-0.03393600508570671,0.5452218055725098,-0.6473698422312737,-0.03206792026758194,0.1914476539567113
6,7045120,30,1017,13750,0.09878577,0.3496875,0.2,0.0003,-0.007904566824436188,0.39213287830352783,-0.647990642786026,-0.03088742951862514,0.18892765510827303
7,7050240,35,1016,13760,0.08390565,0.3590625,0.2,0.0003,-0.03560388460755348,0.44132184982299805,-0.6524825179576874,-0.03508309619734064,0.127379733286798
8,7055360,40,1013,13770,0.0765266,0.3573828125,0.2,0.0003,-0.040923360735177994,0.4579753279685974,-0.6536912107467652,-0.03206867522094399,0.1355658871307969
9,7060480,45,1011,13780,0.07614537,0.35765625,0.2,0.0003,-0.04175663739442825,0.1880720853805542,-0.6589870917797088,-0.03736189837800339,0.11588857676833868
10,7065600,50,1010,13790,0.08200908,0.36509765625,0.2,0.0003,-0.04305977746844292,0.3035317659378052,-0.693778854906559,-0.032676042718812824,0.11824865920469164
1,7070720,2,2049,13800,0.0833547,0.35650390625,0.2,0.0003,-0.023856431245803833,0.19040769338607788,-0.6597905227541924,-0.03230628837132826,0.12085353566333651
2,7075840,7,1322,13810,0.08447929,0.34732421875,0.2,0.0003,-0.014364879578351974,0.3064531087875366,-0.6664078956842423,-0.0334092547185719,0.14387867718935013
3,7080960,12,1194,13820,0.076989084,0.35177734375,0.2,0.0003,-0.02848701924085617,0.11877024173736572,-0.6547447404265404,-0.03407781457994133,0.1356441859342158
4,7086080,18,1126,13830,0.07721262,0.36171875,0.2,0.0003,-0.0379885658621788,0.3235718607902527,-0.695600320994854,-0.02898593891877681,0.10976552130654454
5,7091200,23,1091,13840,0.08417962,0.3526171875,0.2,0.0003,-0.03173000365495682,0.07530903816223145,-0.6359638378024102,-0.035012067288625985,0.14173248484730722
6,7096320,28,1073,13850,0.091877565,0.34353515625,0.2,0.0003,-0.03615971654653549,0.4132204055786133,-0.6372186806797981,-0.03302732705138624,0.12005334308370948
7,7101440,34,1053,13860,0.085959084,0.36140625,0.2,0.0003,-0.03670945018529892,0.4947175979614258,-0.6699898892641067,-0.03522152581019327,0.11508664112538099
8,7106560,39,1044,13870,0.09283536,0.35763671875,0.2,0.0003,-0.035688672214746475,0.44170427322387695,-0.672941267490387,-0.028778847912326454,0.11287810660898685
9,7111680,44,1038,13880,0.0757846,0.34755859375,0.2,0.0003,-0.047383882105350494,0.36590486764907837,-0.6428815448284149,-0.03474492136389017,0.1289953665807843
10,7116800,49,1034,13890,0.08664161,0.35291015625,0.2,0.0003,-0.03685242682695389,0.43876123428344727,-0.6394281083345413,-0.03705623568734154,0.12987954173237085
1,7121920,2,2081,13900,0.086095735,0.3451171875,0.2,0.0003,-0.03866954892873764,0.23272055387496948,-0.6648843547701836,-0.033359136800281707,0.13211324835196137
2,7127040,7,1317,13910,0.092970364,0.339765625,0.2,0.0003,-0.05997391790151596,0.28070199489593506,-0.6058177345991135,-0.03609059333568439,0.10621418133378029
3,7132160,12,1191,13920,0.10242975,0.346640625,0.2,0.0003,-0.030429106205701828,0.3261597752571106,-0.6016788253188133,-0.03268158406717703,0.12701495435088872
4,7137280,17,1142,13930,0.09131167,0.35615234375,0.2,0.0003,-0.06145038455724716,0.2589495778083801,-0.673504613339901,-0.0359864222118631,0.09611162330955267
5,7142400,23,1110,13940,0.088192284,0.34697265625,0.2,0.0003,-0.03460191190242767,0.26402759552001953,-0.638771393597126,-0.03626760590588674,0.1320763098448515
6,7147520,27,1098,13950,0.08287002,0.33568359375,0.2,0.0003,-0.0522107370197773,0.2258625626564026,-0.6757514867186546,-0.03653380932984874,0.10586218894459307
7,7152640,32,1086,13960,0.08245756,0.3286328125,0.2,0.0003,-0.011983342468738556,0.400989830493927,-0.6176379004120827,-0.03332669446361251,0.12678974775597454
8,7157760,38,1075,13970,0.08561401,0.33564453125,0.2,0.0003,-0.04294676333665848,0.16105210781097412,-0.6124644887447357,-0.03680365452310071,0.12331367148086429
9,7162880,43,1069,13980,0.07369099,0.33181640625,0.2,0.0003,-0.06307162344455719,0.45606863498687744,-0.6282093864679337,-0.03721119829686358,0.10522331744432449
10,7168000,48,1063,13990,0.076520965,0.33431640625,0.2,0.0003,-0.02490983158349991,0.315970242023468,-0.6157114845514298,-0.029467402058653534,0.13534385519102216
1,7173120,2,1777,14000,0.07106396,0.32408203125,0.2,0.0003,-0.04575716704130173,0.434279203414917,-0.5956224778294563,-0.0370999760646373,0.12961403597146273
2,7178240,8,1153,14010,0.07307629,0.307734375,0.2,0.0003,-0.038379326462745667,0.4682503938674927,-0.5576732257008552,-0.035454397117719055,0.14109061036258935
3,7183360,14,1046,14020,0.09331827,0.334140625,0.2,0.0003,-0.009891800582408905,0.38910001516342163,-0.6029059791564941,-0.03477398038608953,0.1403142462298274
4,7188480,20,999,14030,0.071761504,0.3268359375,0.2,0.0003,-0.04279734194278717,0.4510371685028076,-0.5901092383265495,-0.03600792815443128,0.12091725705191493
5,7193600,26,970,14040,0.07422511,0.32279296875,0.2,0.0003,-0.05053270235657692,0.38025104999542236,-0.5843189731240273,-0.039452514192089436,0.12279470182955265
6,7198720,32,951,14050,0.07193931,0.32673828125,0.2,0.0003,-0.045252058655023575,0.4200178384780884,-0.5918610548973083,-0.03684119317214936,0.11586968103423714
7,7203840,38,941,14060,0.07922109,0.33107421875,0.2,0.0003,-0.052536625415086746,0.48686760663986206,-0.5579764434695244,-0.03779949255287647,0.1113299266435206
8,7208960,43,932,14070,0.08456777,0.31158203125,0.2,0.0003,-0.046985357999801636,0.24438244104385376,-0.5596478319168091,-0.03553201731061563,0.09319623108953237
9,7214080,49,924,14080,0.08022023,0.33298828125,0.2,0.0003,-0.039555009454488754,0.4533138871192932,-0.5810215148329735,-0.02909044960513711,0.08582947634160519
10,7219200,55,917,14090,0.069019094,0.3135546875,0.2,0.0003,-0.026046939194202423,0.3712114691734314,-0.6045484390854835,-0.036577102488372475,0.11561104413121939
1,7224320,2,1951,14100,0.06875763,0.3085546875,0.2,0.0003,-0.025077898055315018,0.4327062964439392,-0.5774526895582676,-0.035927458417136224,0.15641100289300083
2,7229440,8,1264,14110,0.07320194,0.3176171875,0.2,0.0003,-0.060077108442783356,0.48243093490600586,-0.5852278879284859,-0.03871281773317605,0.11430719587951899
3,7234560,13,1160,14120,0.072773285,0.32189453125,0.2,0.0003,-0.027389008551836014,0.46147215366363525,-0.5986019626259804,-0.030596753316931426,0.12505590045824647
4,7239680,18,1117,14130,0.076400705,0.31259765625,0.2,0.0003,-0.039529550820589066,0.39748257398605347,-0.5595490220189094,-0.041300921824295074,0.12585503386333585
5,7244800,23,1091,14140,0.06939901,0.31185546875,0.2,0.0003,-0.031029120087623596,0.4998455047607422,-0.55692672342062,-0.03833621379686519,0.12536277828738093
6,7249920,28,1075,14150,0.07181033,0.3094140625,0.2,0.0003,-0.0342077761888504,0.5180245637893677,-0.5554800829291344,-0.03442593212239444,0.11565012129023672
7,7255040,33,1066,14160,0.075502865,0.30326171875,0.2,0.0003,-0.023098234087228775,0.48661553859710693,-0.5587972338497639,-0.035333385462872686,0.1362361055612564
8,7260160,38,1058,14170,0.07176896,0.30783203125,0.2,0.0003,-0.03786473348736763,0.67585289478302,-0.5940370607376099,-0.03619826667476445,0.12153518989682198
9,7265280,43,1050,14180,0.065039136,0.28248046875,0.2,0.0003,-0.02606067806482315,0.5918735265731812,-0.5227642892301083,-0.03276794917648658,0.17329459313303233
10,7270400,48,1045,14190,0.067283645,0.2892578125,0.2,0.0003,-0.033447980880737305,0.5606094598770142,-0.5661425510048866,-0.02663625612622127,0.1714271255210042
1,7275520,2,2141,14200,0.06339928,0.29669921875,0.2,0.0003,-0.04339766129851341,0.5133869647979736,-0.5603738480806351,-0.03659307233756408,0.16092464599758385
2,7280640,7,1311,14210,0.0782031,0.329609375,0.2,0.0003,-0.04215984791517258,0.5829147100448608,-0.5916837638616562,-0.037188148936256764,0.14145517632365226
3,7285760,13,1168,14220,0.0767722,0.31369140625,0.2,0.0003,-0.029110629111528397,0.4400305151939392,-0.5628198501467705,-0.03354905567597598,0.17111822620034217
4,7290880,18,1113,14230,0.08908436,0.30779296875,0.2,0.0003,-0.028173577040433884,0.5482325553894043,-0.5372572639584541,-0.03429846543353051,0.14033632665872575
5,7296000,23,1081,14240,0.07590991,0.29171875,0.2,0.0003,-0.0351172499358654,0.5487526655197144,-0.5074204251170158,-0.03618323302129284,0.13321657780557872
6,7301120,28,1060,14250,0.07895102,0.319765625,0.2,0.0003,-0.03161126375198364,0.48546820878982544,-0.5928134372830391,-0.02602596364216879,0.13883331432938575
7,7306240,34,1044,14260,0.07811817,0.303828125,0.2,0.0003,-0.03210752457380295,0.28705573081970215,-0.5163662315905094,-0.03798323850147426,0.15699466548860072
8,7311360,39,1029,14270,0.084069,0.323828125,0.2,0.0003,-0.028076201677322388,0.4328555464744568,-0.5704967588186264,-0.03541955310385674,0.12666680406779052
9,7316480,45,1016,14280,0.07799922,0.30927734375,0.2,0.0003,-0.033430155366659164,0.48724567890167236,-0.547307517081499,-0.0357339569600299,0.10979694126173854
10,7321600,51,1001,14290,0.07865422,0.31921875,0.2,0.0003,-0.0339978002011776,0.4420051574707031,-0.5620401293039322,-0.03804368705721572,0.10021201144903898
1,7326720,2,1766,14300,0.08162691,0.3431640625,0.2,0.0003,-0.04041223227977753,0.5630202889442444,-0.626296513080597,-0.035021887775510546,0.11201243136078119
2,7331840,8,1158,14310,0.07678834,0.3258203125,0.2,0.0003,-0.04533036798238754,0.5243514776229858,-0.5906323233246803,-0.036340931253507736,0.10066157134249806
3,7336960,14,1047,14320,0.08953657,0.31748046875,0.2,0.0003,-0.040449149906635284,0.4204842448234558,-0.5640123352408409,-0.03720696132979356,0.10874728070572019
4,7342080,20,992,14330,0.07484984,0.3045703125,0.2,0.0003,-0.029803214594721794,0.5430934429168701,-0.584361437857151,-0.03465178196784109,0.12181586472317577
5,7347200,26,967,14340,0.0757806,0.3228515625,0.2,0.0003,-0.03867936506867409,0.33511894941329956,-0.5718045699596405,-0.03344896259717643,0.11907489195466042
6,7352320,32,951,14350,0.08054532,0.3271484375,0.2,0.0003,-0.03478467836976051,0.42007458209991455,-0.6142637059092522,-0.03381619836902246,0.10413577969186008
7,7357440,38,936,14360,0.098538294,0.3335546875,0.2,0.0003,-0.028594769537448883,0.4300731420516968,-0.6032953342795372,-0.032337725488469006,0.13260757997632028
8,7362560,44,925,14370,0.07945565,0.30888671875,0.2,0.0003,-0.02312491089105606,0.3976885676383972,-0.5801318249106407,-0.035078456541523334,0.1637807280756533
9,7367680,50,914,14380,0.07870345,0.3338671875,0.2,0.0003,-0.051792651414871216,0.2935882806777954,-0.6240367856621742,-0.03699060378363356,0.10134456239640713
10,7372800,56,906,14390,0.11919657,0.3390625,0.2,0.0003,-0.03200364112854004,0.2582252025604248,-0.6123471352458,-0.025512512840796264,0.1023068874515593
1,7377920,2,1881,14400,0.10191327,0.35125,0.2,0.0003,-0.05463384836912155,0.28586745262145996,-0.6057274463772774,-0.035299351653084156,0.10441479448229074
2,7383040,8,1254,14410,0.07367637,0.3180078125,0.2,0.0003,-0.050186850130558014,0.31851398944854736,-0.6007341623306275,-0.03526115813292563,0.14061514906585215
3,7388160,13,1151,14420,0.06937362,0.32400390625,0.2,0.0003,-0.04765060916543007,0.3264278173446655,-0.6241590121388435,-0.034122457997873425,0.11078943718224764
4,7393280,18,1108,14430,0.08236614,0.3505078125,0.2,0.0003,-0.06171249598264694,0.5060200691223145,-0.6434516409039497,-0.03645275896415114,0.1008209291473031
5,7398400,23,1088,14440,0.076346025,0.32177734375,0.2,0.0003,-0.05183326452970505,0.6693698167800903,-0.5979193356633187,-0.03855191751383245,0.09171338557265699
6,7403520,28,1075,14450,0.0672141,0.30689453125,0.2,0.0003,-0.05981812626123428,0.6404422521591187,-0.5580826383829117,-0.03715421571861952,0.09824934396892786
7,7408640,33,1069,14460,0.069122404,0.31001953125,0.2,0.0003,-0.04079853743314743,0.6556556820869446,-0.6029994523525238,-0.03669043957721442,0.15290041610598565
8,7413760,38,1063,14470,0.09122975,0.29544921875,0.2,0.0003,-0.032953210175037384,0.5972838997840881,-0.5418295423686504,-0.03639749844791368,0.16124689605087042
9,7418880,43,1057,14480,0.07416709,0.32322265625,0.2,0.0003,-0.03040625900030136,0.6454778909683228,-0.6076409757137299,-0.0345209707506001,0.12610247746109962
10,7424000,48,1053,14490,0.08022907,0.31373046875,0.2,0.0003,-0.015454687178134918,0.6199285984039307,-0.5605119675397873,-0.031922315149568024,0.17137844117358328
1,7429120,2,2155,14500,0.08590464,0.316171875,0.2,0.0003,-0.011465921998023987,0.6380184888839722,-0.6078266477584839,-0.027688704868778585,0.18866707287728787
2,7434240,7,1306,14510,0.08130941,0.303203125,0.2,0.0003,-0.04445135220885277,0.6322920918464661,-0.5307787124812603,-0.03614654382225126,0.12837515655905007
3,7439360,13,1168,14520,0.08448397,0.30443359375,0.2,0.0003,-0.03438575565814972,0.5953465700149536,-0.5455650541186333,-0.02965158264618367,0.17047832917422057
4,7444480,18,1112,14530,0.0671319,0.296328125,0.2,0.0003,-0.03780722618103027,0.5998789072036743,-0.5817259550094604,-0.033994712475687264,0.1851522646099329
5,7449600,23,1088,14540,0.06366462,0.293671875,0.2,0.0003,-0.007016032934188843,0.6124796867370605,-0.529234497398138,-0.03459474259056151,0.1610551042482257
6,7454720,28,1076,14550,0.067593485,0.30037109375,0.2,0.0003,-0.016356512904167175,0.4191141128540039,-0.574091959297657,-0.03229941262165084,0.17560967968776822
7,7459840,33,1068,14560,0.08939002,0.31720703125,0.2,0.0003,-0.0290023535490036,0.3069106936454773,-0.5526796773076057,-0.03165274060331285,0.17919905353337526
8,7464960,38,1059,14570,0.13050915,0.31330078125,0.2,0.0003,-0.03305394947528839,0.5215896368026733,-0.5933071166276932,-0.034080271078273654,0.15408811513334514
9,7470080,43,1052,14580,0.093881674,0.324765625,0.2,0.0003,-0.02237561345100403,0.5975038409233093,-0.5686366039514542,-0.03594415583647788,0.13057236794382335
10,7475200,48,1045,14590,0.077880666,0.333984375,0.2,0.0003,-0.039096005260944366,0.6399881839752197,-0.6256029963493347,-0.03198021599790082,0.13019672265276314
1,7480320,2,1758,14600,0.094298,0.307265625,0.2,0.0003,-0.018353931605815887,0.6713935136795044,-0.5596900321543217,-0.030082513361703603,0.13321756264194845
2,7485440,8,1185,14610,0.078869574,0.32666015625,0.2,0.0003,-0.03052539750933647,0.5880105495452881,-0.5941845640540123,-0.03053278232458979,0.1525106617808342
3,7490560,14,1053,14620,0.113618754,0.321171875,0.2,0.0003,-0.03774956613779068,0.5089341998100281,-0.5672514076530933,-0.03124458817765117,0.15063235377892853
4,7495680,20,1001,14630,0.07970418,0.3164453125,0.2,0.0003,-0.0386357456445694,0.4104483127593994,-0.5483206248283387,-0.040910604784730825,0.14058183185756207
5,7500800,26,967,14640,0.08221478,0.3192578125,0.2,0.0003,-0.03180985152721405,0.582184910774231,-0.5294747167825699,-0.03519641031976789,0.13145847946405412
6,7505920,32,952,14650,0.08209778,0.30380859375,0.2,0.0003,-0.03177198767662048,0.5662200450897217,-0.5421128572523594,-0.032328822873532774,0.13574556389823556
7,7511040,38,936,14660,0.08612783,0.31462890625,0.2,0.0003,-0.046564482152462006,0.5129368305206299,-0.5557502983510494,-0.036519317391794176,0.12028053371235728
8,7516160,44,912,14670,0.097132094,0.30349609375,0.2,0.0003,-0.029738247394561768,0.6704444885253906,-0.5151746778190136,-0.030871100013609976,0.13673218617215752
9,7521280,50,904,14680,0.09401359,0.30478515625,0.2,0.0003,-0.035837508738040924,0.6241356134414673,-0.5339828863739967,-0.03376034965738654,0.1361640532873571
10,7526400,56,899,14690,0.09450738,0.3155078125,0.2,0.0003,-0.04048604518175125,0.5993350744247437,-0.5640283443033696,-0.03166215905919671,0.15561739334836602
1,7531520,2,2036,14700,0.098066956,0.32091796875,0.2,0.0003,-0.03810682147741318,0.6486501693725586,-0.5412637709081173,-0.03487714591668919,0.11352918872609735
2,7536640,7,1286,14710,0.08406468,0.301875,0.2,0.0003,-0.03399742394685745,0.5482208728790283,-0.5133177809417248,-0.03488412455888465,0.1525380177050829
3,7541760,13,1171,14720,0.09560337,0.3140625,0.2,0.0003,-0.04412093013525009,0.5055925250053406,-0.5296661719679833,-0.030254869379568845,0.10784124022349716
4,7546880,18,1122,14730,0.09641906,0.31861328125,0.2,0.0003,-0.033328671008348465,0.6102117300033569,-0.5326026427745819,-0.03279801443219185,0.13785542069002987
5,7552000,23,1095,14740,0.10348197,0.317109375,0.2,0.0003,-0.027896039187908173,0.5633131265640259,-0.5382342477142811,-0.039249119954183696,0.11613354397937656
6,7557120,28,1085,14750,0.07781282,0.32431640625,0.2,0.0003,-0.058770984411239624,0.5518050193786621,-0.5638469485938549,-0.03299655308714136,0.11335703864693641
7,7562240,33,1071,14760,0.082315706,0.31126953125,0.2,0.0003,-0.03730590268969536,0.6013739109039307,-0.5194176256656646,-0.039801666880957785,0.11649221125990153
8,7567360,38,1052,14770,0.09619165,0.32537109375,0.2,0.0003,-0.04986665025353432,0.49231308698654175,-0.5365678299963474,-0.03618183637969196,0.13775959011167288
9,7572480,44,1040,14780,0.096825406,0.30060546875,0.2,0.0003,-0.031988777220249176,0.4137011766433716,-0.5335666018724442,-0.03249176691286266,0.1313910448923707
10,7577600,49,1030,14790,0.10164118,0.3096875,0.2,0.0003,-0.044438205659389496,0.23182129859924316,-0.5334471681714058,-0.03691890704445541,0.10770289056003093
1,7582720,2,2027,14800,0.08380792,0.3082421875,0.2,0.0003,-0.019711434841156006,0.4074421525001526,-0.5632337985932827,-0.03607849777210504,0.12166252071037889
2,7587840,8,1249,14810,0.08041033,0.3059375,0.2,0.0003,-0.02652905136346817,0.44152748584747314,-0.5206161713600159,-0.03522859087213874,0.10762198206037282
3,7592960,13,1124,14820,0.07572069,0.295234375,0.2,0.0003,-0.02587614208459854,0.5497756600379944,-0.5140158146619797,-0.03484603410353884,0.12338344689458608
4,7598080,19,1071,14830,0.08866854,0.303984375,0.2,0.0003,-0.031945813447237015,0.4764379858970642,-0.5264636777341366,-0.03190747580025345,0.09375539606437087
5,7603200,24,1032,14840,0.08340974,0.293203125,0.2,0.0003,-0.040231429040431976,0.4568992257118225,-0.5208778630197048,-0.03043563021812588,0.1071809072420001
6,7608320,30,1004,14850,0.08591043,0.29037109375,0.2,0.0003,-0.04242908954620361,0.404140830039978,-0.4848284187912941,-0.036309642374981195,0.09294102352112532
7,7613440,36,982,14860,0.089854926,0.30916015625,0.2,0.0003,-0.030083980411291122,0.5150831937789917,-0.5226873894035816,-0.03752553160302341,0.094683573897928
8,7618560,42,967,14870,0.09063293,0.29767578125,0.2,0.0003,-0.03156421706080437,0.608345091342926,-0.491382866948843,-0.03262677436694503,0.09404652174562216
9,7623680,48,959,14880,0.08194761,0.296171875,0.2,0.0003,-0.04164596274495125,0.4853631258010864,-0.5180727185308933,-0.03883044754620642,0.13086986886337398
10,7628800,53,954,14890,0.06718014,0.29189453125,0.2,0.0003,-0.06179358810186386,0.44857800006866455,-0.508310586810112,-0.035537261520512405,0.11590744171291589
1,7633920,2,1927,14900,0.085656784,0.2809375,0.2,0.0003,-0.043699465692043304,0.5637729167938232,-0.4857142072916031,-0.035754283480346205,0.11749392870813608
2,7639040,8,1222,14910,0.073450215,0.27984375,0.2,0.0003,-0.03247038275003433,0.582782506942749,-0.5189737722277641,-0.03360898695187643,0.10488696968182921
3,7644160,13,1122,14920,0.09148978,0.2976953125,0.2,0.0003,-0.027566147968173027,0.42473936080932617,-0.5376906223595143,-0.03604748099343851,0.12478941895067691
4,7649280,18,1082,14930,0.08976262,0.27689453125,0.2,0.0003,-0.03518068790435791,0.44710713624954224,-0.4666174864768982,-0.03449037599610165,0.1098563439771533
5,7654400,24,1055,14940,0.07803733,0.285859375,0.2,0.0003,-0.05349620431661606,0.43335336446762085,-0.4908806647360325,-0.04003557309042662,0.0826808325946331
6,7659520,29,1042,14950,0.08200226,0.305546875,0.2,0.0003,-0.03706107661128044,0.5546184778213501,-0.5075524689257145,-0.03695156143978238,0.08229433531872928
7,7664640,34,1034,14960,0.09039935,0.30361328125,0.2,0.0003,-0.043107666075229645,0.6490237712860107,-0.5220886024832726,-0.037060194443911315,0.10536512183025479
8,7669760,39,1028,14970,0.088754684,0.28796875,0.2,0.0003,-0.02684342861175537,0.5868513584136963,-0.4956860293447971,-0.0354122522007674,0.11992673192173242
9,7674880,45,1023,14980,0.07770177,0.27560546875,0.2,0.0003,-0.03379209339618683,0.5742058753967285,-0.45798292100429533,-0.03429497865028679,0.10546354243531823
10,7680000,50,1018,14990,0.10225006,0.3049609375,0.2,0.0003,-0.04157507047057152,0.46180325746536255,-0.5408144599199295,-0.034483188297599554,0.12253989582881332
1,7685120,2,2091,15000,0.09465651,0.30908203125,0.2,0.0003,-0.0439445935189724,0.44630134105682373,-0.5563396880030632,-0.034137847535312175,0.11325437176972628
2,7690240,7,1288,15010,0.083656624,0.31310546875,0.2,0.0003,-0.03239234536886215,0.3290102481842041,-0.52793197914958,-0.037061681349296126,0.12382853269577027
3,7695360,13,1164,15020,0.07917868,0.30763671875,0.2,0.0003,-0.03620899096131325,0.49204134941101074,-0.5323342931270599,-0.03361400900175795,0.11514873011037707
4,7700480,18,1113,15030,0.08981832,0.31904296875,0.2,0.0003,-0.04633687436580658,0.4821619391441345,-0.5420844529569149,-0.033668746107723566,0.12150429807603359
5,7705600,23,1091,15040,0.07872051,0.3155859375,0.2,0.0003,-0.03606974333524704,0.5315995216369629,-0.5407794243097306,-0.03415260016452521,0.10855313345789909
6,7710720,28,1079,15050,0.09235023,0.314140625,0.2,0.0003,-0.04440349340438843,0.4425011873245239,-0.5602386817336082,-0.03329356250120327,0.11539275204762817
7,7715840,33,1065,15060,0.09456682,0.30326171875,0.2,0.0003,-0.03819689154624939,0.378301739692688,-0.5334757697582245,-0.03055980637669563,0.13422657418996095
8,7720960,38,1057,15070,0.07728739,0.3147265625,0.2,0.0003,-0.013282589614391327,0.25822877883911133,-0.5382278634607792,-0.031170333721674978,0.12384725505486131
9,7726080,43,1052,15080,0.08575808,0.31841796875,0.2,0.0003,-0.03567273169755936,0.45178747177124023,-0.5188541761040688,-0.03880006913561374,0.10135744327679276
10,7731200,48,1048,15090,0.082578674,0.3390234375,0.2,0.0003,-0.051246415823698044,0.5036263465881348,-0.5456158857047558,-0.03610013831406832,0.10142956161871552
1,7736320,2,2157,15100,0.091729715,0.31859375,0.2,0.0003,-0.04184459149837494,0.4947587251663208,-0.5103638130426407,-0.02923576820641756,0.10292345616966486
2,7741440,7,1354,15110,0.08906718,0.29958984375,0.2,0.0003,-0.03725627064704895,0.5112367868423462,-0.5013149510324001,-0.032471065637655554,0.0989318299293518
3,7746560,12,1216,15120,0.09299648,0.30935546875,0.2,0.0003,-0.04136711359024048,0.5031720399856567,-0.5477502465248107,-0.03239122163038701,0.115470031183213
4,7751680,17,1151,15130,0.09064094,0.3076953125,0.2,0.0003,-0.019543901085853577,0.5975924730300903,-0.5338783460855484,-0.03567643606569618,0.09805644849315286
5,7756800,22,1119,15140,0.119467355,0.32685546875,0.2,0.0003,-0.03203088417649269,0.6122466325759888,-0.5426527613401413,-0.023432237764354796,0.10613020891323685
6,7761920,27,1099,15150,0.10110213,0.319609375,0.2,0.0003,-0.04193483293056488,0.6242668628692627,-0.5498460222780704,-0.03412893588189036,0.10448436317965389
7,7767040,32,1087,15160,0.08191506,0.304453125,0.2,0.0003,-0.050067514181137085,0.6437456607818604,-0.5253447122871876,-0.03023161864373833,0.11505832673981786
8,7772160,37,1079,15170,0.08475779,0.3074609375,0.2,0.0003,-0.02308708243072033,0.6285143494606018,-0.5230315972864628,-0.0277101954491809,0.12078848339617253
9,7777280,42,1072,15180,0.11383802,0.2929296875,0.2,0.0003,-0.03161154314875603,0.6400123834609985,-0.45564480051398276,-0.029598440383560954,0.09935256257653237
10,7782400,48,1066,15190,0.08338994,0.2894140625,0.2,0.0003,-0.047221481800079346,0.669378399848938,-0.4947913786768913,-0.033989488631486896,0.12671584364026786
1,7787520,2,2127,15200,0.07629619,0.3006640625,0.2,0.0003,-0.03300074487924576,0.5244717597961426,-0.5392075608670711,-0.03127663866383955,0.12867123790085316
2,7792640,7,1318,15210,0.07836775,0.2940625,0.2,0.0003,-0.03387763351202011,0.4832814931869507,-0.4922217884659767,-0.03449409056454897,0.1167048237286508
3,7797760,12,1199,15220,0.097977966,0.3185546875,0.2,0.0003,-0.027452778071165085,0.4729963541030884,-0.517083038687706,-0.038911132658831775,0.11615023644641041
4,7802880,18,1123,15230,0.1044333,0.311640625,0.2,0.0003,-0.0446779727935791,0.4094730019569397,-0.5292650949954987,-0.03347461437573657,0.1053940523788333
5,7808000,23,1097,15240,0.093932845,0.3317578125,0.2,0.0003,-0.03178505599498749,0.32797813415527344,-0.5891688266396522,-0.03649468917166814,0.1070185623690486
6,7813120,28,1081,15250,0.08546961,0.31537109375,0.2,0.0003,-0.04526960477232933,0.5309624075889587,-0.5219857224822044,-0.03478444763692096,0.0999977064318955
7,7818240,33,1068,15260,0.0855353,0.3190234375,0.2,0.0003,-0.041896361857652664,0.2953791618347168,-0.5401803970336914,-0.029493943771813066,0.12117449326440692
8,7823360,38,1055,15270,0.09802485,0.32376953125,0.2,0.0003,-0.033812958747148514,0.531335175037384,-0.5374260576069355,-0.03592301152879372,0.1070008591376245
9,7828480,44,1047,15280,0.10800443,0.31849609375,0.2,0.0003,-0.03552723675966263,0.547069787979126,-0.5209052036702633,-0.02947243191767484,0.09819395082071423
10,7833600,49,1038,15290,0.077650055,0.3166796875,0.2,0.0003,-0.05983215570449829,0.5791950225830078,-0.5529477277398109,-0.03388618808239698,0.1174082724750042
1,7838720,2,1992,15300,0.090047956,0.29556640625,0.2,0.0003,-0.04820225387811661,0.6262025833129883,-0.5045787790417671,-0.036221583210863176,0.10258639691397547
2,7843840,8,1241,15310,0.09042062,0.30232421875,0.2,0.0003,0.0031144842505455017,0.5214213132858276,-0.524172885864973,-0.03244906065054238,0.13530636416748165
3,7848960,13,1119,15320,0.07787402,0.300703125,0.2,0.0003,-0.040776509791612625,0.6042636632919312,-0.5261473517119885,-0.034050392196513714,0.09706471821293235
4,7854080,19,1058,15330,0.0940923,0.32001953125,0.2,0.0003,-0.03530633822083473,0.5029135942459106,-0.530843699425459,-0.03327697593253106,0.1222177636064589
5,7859200,24,1029,15340,0.09447169,0.30005859375,0.2,0.0003,-0.04373331367969513,0.5457231998443604,-0.5041434367001056,-0.032217490000184625,0.12849955882877112
6,7864320,30,1007,15350,0.08107749,0.31294921875,0.2,0.0003,-0.026684284210205078,0.331251859664917,-0.5396090827882289,-0.03300136465812102,0.1154455517604947
7,7869440,36,986,15360,0.09299361,0.30107421875,0.2,0.0003,-0.030919715762138367,0.5163716673851013,-0.47714696273207663,-0.03406965005910024,0.12002724977210164
8,7874560,42,968,15370,0.09424832,0.30740234375,0.2,0.0003,-0.03807013854384422,0.35083431005477905,-0.5141917672753334,-0.0349269551364705,0.1257254210487008
9,7879680,48,952,15380,0.08064244,0.32453125,0.2,0.0003,-0.03017851710319519,0.46518659591674805,-0.54766456797719,-0.03201644072891213,0.10639572044834494
10,7884800,54,940,15390,0.11510165,0.316484375,0.2,0.0003,-0.053827881813049316,0.6173030138015747,-0.49695116430521014,-0.03360543078044429,0.09378906132653356
1,7889920,2,2120,15400,0.083143935,0.31869140625,0.2,0.0003,-0.037286609411239624,0.49687474966049194,-0.5593834130465984,-0.02983384620398283,0.09303201591596007
2,7895040,7,1305,15410,0.09116599,0.31650390625,0.2,0.0003,-0.04296428710222244,0.5333876609802246,-0.5415894675254822,-0.03677608269266784,0.11526834987103939
3,7900160,13,1175,15420,0.08317347,0.30173828125,0.2,0.0003,-0.03124448098242283,0.6265944242477417,-0.5026157218217849,-0.03733647590037435,0.08328052170574665
4,7905280,18,1120,15430,0.08003901,0.29435546875,0.2,0.0003,-0.02683323621749878,0.656096875667572,-0.509804750084877,-0.03567718251142651,0.10612058609724045
5,7910400,23,1084,15440,0.0750341,0.2926953125,0.2,0.0003,-0.043793946504592896,0.5955972671508789,-0.541720418781042,-0.03500510381301865,0.1156794616766274
6,7915520,29,1056,15450,0.08008372,0.278203125,0.2,0.0003,-0.020101141184568405,0.5653561353683472,-0.5133360807597637,-0.032122095213271674,0.11539359634742141
7,7920640,34,1036,15460,0.07972585,0.28423828125,0.2,0.0003,-0.057032860815525055,0.5572233200073242,-0.5736175814270973,-0.034782158592715856,0.1147827292792499
8,7925760,40,1017,15470,0.10630649,0.2946484375,0.2,0.0003,-0.03353254124522209,0.4352017045021057,-0.4815848718583584,-0.03379858294967562,0.12114917948842048
9,7930880,45,1002,15480,0.08769533,0.29271484375,0.2,0.0003,0.004164466634392738,0.5455548763275146,-0.507727710455656,-0.02556380748283118,0.12605314699932932
10,7936000,51,990,15490,0.096961096,0.2968359375,0.2,0.0003,-0.028280481696128845,0.530342698097229,-0.5030056583881378,-0.026958776926621793,0.14272725926712154
1,7941120,2,2057,15500,0.08558308,0.312265625,0.2,0.0003,-0.04346989467740059,0.5532422661781311,-0.547194164544344,-0.03440305682830513,0.13678620735183358
2,7946240,8,1245,15510,0.085763246,0.32369140625,0.2,0.0003,-0.027217162773013115,0.5218703746795654,-0.5423255003988743,-0.032098007001914085,0.10401207568123937
3,7951360,13,1118,15520,0.17543408,0.32787109375,0.2,0.0003,-0.006295010447502136,0.621488094329834,-0.5463798049092293,-0.022490938459523022,0.09884977057576179
4,7956480,19,1055,15530,0.10784502,0.32373046875,0.2,0.0003,-0.018101654946804047,0.4988245964050293,-0.5196312603354454,-0.026666831892216577,0.12448164496570825
5,7961600,25,1018,15540,0.09851454,0.30521484375,0.2,0.0003,-0.013897005468606949,0.6494171619415283,-0.5504005675017833,-0.02505159853724763,0.1320333987660706
6,7966720,31,984,15550,0.08571585,0.3000390625,0.2,0.0003,-0.033313505351543427,0.543261706829071,-0.5163283535838127,-0.032626876007998365,0.12589296229183675
7,7971840,37,968,15560,0.09539131,0.3144921875,0.2,0.0003,-0.02811356633901596,0.6080524921417236,-0.5717011106014251,-0.026927183419466018,0.12524848645552994
8,7976960,43,951,15570,0.15562852,0.30443359375,0.2,0.0003,-0.017949026077985764,0.4567059278488159,-0.5226810389757156,-0.028211579569615425,0.11817917009815573
9,7982080,49,936,15580,0.097307086,0.3200390625,0.2,0.0003,-0.011323519051074982,0.44499528408050537,-0.5445626792311669,-0.02875357891898602,0.13809129420667887
10,7987200,55,929,15590,0.11475444,0.311484375,0.2,0.0003,-0.03897674009203911,0.3408321142196655,-0.5846674624085426,-0.03517259423620999,0.08923304615542292
1,7992320,2,2143,15600,0.10254079,0.32318359375,0.2,0.0003,-0.03394955396652222,0.5178432464599609,-0.5561661966145038,-0.033262912314385176,0.11737037122249604
2,7997440,7,1315,15610,0.13077909,0.30712890625,0.2,0.0003,-0.028915099799633026,0.500295877456665,-0.5656902343034744,-0.030712765296921133,0.1248347113095224
3,8002560,12,1190,15620,0.10789336,0.31669921875,0.2,0.0003,-0.03330650553107262,0.5240742564201355,-0.5646709808707238,-0.033425935704726725,0.1216032355092466
4,8007680,18,1130,15630,0.09580246,0.31884765625,0.2,0.0003,-0.04712196812033653,0.44630366563796997,-0.5899968165159225,-0.03638437232235447,0.12480391195043922
5,8012800,23,1093,15640,0.09979056,0.32310546875,0.2,0.0003,-0.045507632195949554,0.452797532081604,-0.5784590083360672,-0.031666717450134454,0.12520024368539454
6,8017920,28,1069,15650,0.090020515,0.3441015625,0.2,0.0003,-0.026594003662467003,0.11028176546096802,-0.6048234736919403,-0.0328039823891595,0.13954447902739048
7,8023040,34,1050,15660,0.091297165,0.348359375,0.2,0.0003,-0.05656401813030243,0.17749303579330444,-0.5970442491769791,-0.03249110715696588,0.1359130109101534
8,8028160,39,1032,15670,0.09657163,0.3468359375,0.2,0.0003,-0.01924765855073929,0.3073844909667969,-0.6101490890979767,-0.03599355562124401,0.12273770624771714
9,8033280,45,1022,15680,0.09508393,0.348359375,0.2,0.0003,-0.04302285239100456,0.22063761949539185,-0.6170465624332429,-0.03462215380277485,0.13177658593282104
10,8038400,50,1012,15690,0.12819263,0.33650390625,0.2,0.0003,-0.030825920403003693,0.1850886344909668,-0.5878466746211052,-0.034716603921260684,0.11447520732879639
1,8043520,2,1931,15700,0.08753796,0.35822265625,0.2,0.0003,-0.033439040184020996,0.30272066593170166,-0.6658069384098053,-0.03557515940396115,0.10110158315859735
2,8048640,8,1236,15710,0.087279975,0.35876953125,0.2,0.0003,-0.05140707269310951,0.18994218111038208,-0.6163679322600365,-0.03509861887898296,0.10160665990784765
3,8053760,13,1108,15720,0.07582326,0.33529296875,0.2,0.0003,-0.05200463533401489,0.21342557668685913,-0.6249419099092484,-0.03534952920861542,0.103526681791991
4,8058880,19,1063,15730,0.092570916,0.34484375,0.2,0.0003,-0.044230639934539795,0.23960357904434204,-0.6486190265417099,-0.03495446905959398,0.10574171332642436
5,8064000,24,1043,15740,0.09210841,0.3509375,0.2,0.0003,-0.04241224750876427,0.14918231964111328,-0.5911074185371399,-0.030974652259610592,0.12287826631218195
6,8069120,29,1032,15750,0.08092933,0.3242578125,0.2,0.0003,-0.041087422519922256,0.2182798981666565,-0.5980932381749153,-0.034435654582921416,0.11117990599945188
7,8074240,34,1024,15760,0.084638804,0.33607421875,0.2,0.0003,-0.03806654363870621,0.32714754343032837,-0.5969061267375946,-0.03078513910062611,0.11843407759442925
8,8079360,40,1019,15770,0.08361253,0.32248046875,0.2,0.0003,-0.0484040267765522,0.18955624103546143,-0.560652381926775,-0.036827570274472234,0.10623691577464342
9,8084480,45,1015,15780,0.094495,0.34228515625,0.2,0.0003,-0.023462679237127304,0.42673593759536743,-0.5735462236404419,-0.03148688108660281,0.12907448325306178
10,8089600,50,1011,15790,0.10651021,0.32212890625,0.2,0.0003,-0.036700792610645294,0.4041714072227478,-0.5406524161994457,-0.029391134132165462,0.1488426631875336
1,8094720,2,2067,15800,0.10206737,0.348515625,0.2,0.0003,-0.03406967222690582,0.4544398784637451,-0.5745982521772385,-0.03304799989797175,0.11666811067610978
2,8099840,7,1286,15810,0.09145245,0.30736328125,0.2,0.0003,-0.03819708526134491,0.49228668212890625,-0.5418711341917515,-0.03535584495402873,0.12041814947500824
3,8104960,13,1154,15820,0.09493711,0.33021484375,0.2,0.0003,-0.0363488644361496,0.3555813431739807,-0.5641435801982879,-0.02874543547164649,0.13802912218496202
4,8110080,18,1093,15830,0.088432245,0.31505859375,0.2,0.0003,-0.0356672964990139,0.07076376676559448,-0.5688609907031059,-0.03323499144753441,0.13673271976411341
5,8115200,24,1056,15840,0.078172006,0.31888671875,0.2,0.0003,-0.047162141650915146,0.27851665019989014,-0.5893496224284172,-0.03320797238964587,0.1279016617499292
6,8120320,29,1028,15850,0.08071966,0.32931640625,0.2,0.0003,-0.0359560027718544,0.34242916107177734,-0.6135664302110672,-0.03755996998399496,0.10719225035980344
7,8125440,35,1004,15860,0.08749886,0.3260546875,0.2,0.0003,-0.04547512158751488,0.32532477378845215,-0.5906481805443764,-0.03387065303744748,0.10218957067467273
8,8130560,41,986,15870,0.115189955,0.340546875,0.2,0.0003,-0.03397579491138458,0.08475726842880249,-0.5426245598495006,-0.03281248071230948,0.1340308484993875
9,8135680,47,969,15880,0.081343204,0.32591796875,0.2,0.0003,-0.040153294801712036,-0.15462970733642578,-0.6046423071622848,-0.03388110828120262,0.094520690664649
10,8140800,53,953,15890,0.09398638,0.33421875,0.2,0.0003,-0.03608712553977966,0.36424559354782104,-0.6098182424902916,-0.032290143372956666,0.10957352045923471
1,8145920,2,1960,15900,0.09486681,0.33830078125,0.2,0.0003,-0.038059014827013016,0.32196736335754395,-0.6118125787377358,-0.03213799542281777,0.1155655993334949
2,8151040,8,1279,15910,0.08979505,0.3195703125,0.2,0.0003,-0.03329421579837799,0.38712388277053833,-0.5642075327038765,-0.034392649913206695,0.10878252485767007
3,8156160,12,1185,15920,0.097179696,0.30712890625,0.2,0.0003,-0.015850678086280823,0.3588656187057495,-0.5459815593063831,-0.03197663180762902,0.12377135010436177
4,8161280,18,1135,15930,0.10874168,0.306484375,0.2,0.0003,-0.0045977383852005005,0.39061611890792847,-0.5475815145671368,-0.027785317250527443,0.15772668642923235
5,8166400,23,1106,15940,0.09623854,0.31029296875,0.2,0.0003,-0.017426542937755585,0.2885690927505493,-0.553186287432909,-0.028288338496349753,0.138513493090868
6,8171520,28,1085,15950,0.10044752,0.323515625,0.2,0.0003,-0.0300285667181015,0.5211613178253174,-0.5552338334918022,-0.03145731467287988,0.13894060825929044
7,8176640,33,1074,15960,0.090414904,0.322265625,0.2,0.0003,-0.03418639674782753,0.5725237131118774,-0.5574089351296425,-0.03442661214619875,0.10737154364585877
8,8181760,38,1059,15970,0.090521514,0.3184375,0.2,0.0003,-0.024577632546424866,0.34688591957092285,-0.5824363544583321,-0.03286443257238716,0.12266706159338354
9,8186880,43,1047,15980,0.08507915,0.31734375,0.2,0.0003,-0.026615917682647705,0.40493422746658325,-0.5662682354450226,-0.030972593245096505,0.1420629820600152
10,8192000,49,1037,15990,0.11059071,0.3371875,0.2,0.0003,-0.039523929357528687,0.6506063938140869,-0.5970763283967971,-0.030709974709898235,0.12733832389116287
1,8197120,2,2104,16000,0.083015956,0.3121875,0.2,0.0003,-0.020719431340694427,0.4940529465675354,-0.5458872905373573,-0.03318432167172432,0.156208159904927
2,8202240,7,1311,16010,0.10768066,0.340078125,0.2,0.0003,-0.046009611338377,0.49307042360305786,-0.5576200756430626,-0.035580951436422766,0.12314697995781898
3,8207360,12,1191,16020,0.078113355,0.3255859375,0.2,0.0003,-0.03912857919931412,0.4423086643218994,-0.597918638586998,-0.03589989039581269,0.14059324137866497
4,8212480,17,1142,16030,0.0921356,0.35173828125,0.2,0.0003,-0.058717209845781326,0.3752709627151489,-0.620665834248066,-0.03746856208890677,0.14189462481066584
5,8217600,23,1112,16040,0.09598185,0.34328125,0.2,0.0003,-0.042385369539260864,0.490852952003479,-0.6050796836614609,-0.03553098418051377,0.13946122324094176
6,8222720,28,1093,16050,0.080460995,0.32234375,0.2,0.0003,-0.02795502543449402,0.45627427101135254,-0.5478061401844024,-0.03456227567978203,0.13437123242765664
7,8227840,33,1081,16060,0.0818256,0.33947265625,0.2,0.0003,-0.04370371997356415,0.46020710468292236,-0.5830468854308128,-0.0349028136418201,0.13078473223373294
8,8232960,38,1071,16070,0.09326463,0.356875,0.2,0.0003,-0.032381631433963776,0.3289644718170166,-0.6351265758275986,-0.0368923022528179,0.14492751650512217
9,8238080,43,1059,16080,0.108175516,0.32927734375,0.2,0.0003,-0.04253171384334564,0.44478267431259155,-0.5745650699734688,-0.03403392354724929,0.1239331760071218
10,8243200,48,1049,16090,0.08243418,0.33685546875,0.2,0.0003,-0.03334426134824753,0.4321659207344055,-0.589499214887619,-0.03678124835714698,0.14511905198916794
1,8248320,2,2104,16100,0.10659623,0.33654296875,0.2,0.0003,-0.02857770398259163,0.3595955967903137,-0.5629771843552589,-0.03524180979467929,0.13635369135066866
2,8253440,7,1304,16110,0.09508023,0.34921875,0.2,0.0003,-0.04392252117395401,0.420002281665802,-0.6314382180571556,-0.04026672288309783,0.11177674885839224
3,8258560,12,1183,16120,0.1063844,0.33873046875,0.2,0.0003,-0.045798469334840775,0.4094829559326172,-0.5781092020869255,-0.03636973553802818,0.12049123197793961
4,8263680,18,1134,16130,0.0912457,0.3596484375,0.2,0.0003,-0.033229853957891464,0.4584166407585144,-0.6196727910637856,-0.03785581132862717,0.13350240357220172
5,8268800,23,1105,16140,0.09817826,0.35130859375,0.2,0.0003,-0.038493432104587555,0.5816168785095215,-0.589735340476036,-0.03899215572047979,0.09565737441182137
6,8273920,28,1088,16150,0.09778303,0.35171875,0.2,0.0003,-0.042954158037900925,0.5303367376327515,-0.5921703734993935,-0.037371942745521664,0.10241805145516991
7,8279040,33,1073,16160,0.083054714,0.32625,0.2,0.0003,-0.04528418928384781,0.5069103240966797,-0.6062557902932167,-0.03780695184133947,0.11743641704320908
8,8284160,38,1061,16170,0.082245104,0.32755859375,0.2,0.0003,-0.053185805678367615,0.6272754669189453,-0.5735522758960724,-0.040160989472642544,0.12902233386412262
9,8289280,43,1048,16180,0.08348447,0.3330859375,0.2,0.0003,-0.009334586560726166,0.6853405237197876,-0.6071454954147338,-0.03478686927352101,0.11148469580337406
10,8294400,49,1034,16190,0.08673383,0.3212109375,0.2,0.0003,-0.03476580232381821,0.5747929811477661,-0.5518130609393119,-0.03810587908141315,0.13821688409894706
1,8299520,2,2104,16200,0.08437902,0.3298046875,0.2,0.0003,-0.025316964834928513,0.44897592067718506,-0.5481529460847377,-0.0381371120782569,0.15431650068610905
2,8304640,7,1280,16210,0.08499108,0.34193359375,0.2,0.0003,-0.03521259129047394,0.5647170543670654,-0.6141545197367668,-0.03637050669407472,0.12919338243082165
3,8309760,13,1154,16220,0.08863071,0.3271875,0.2,0.0003,-0.03428637608885765,0.39474982023239136,-0.5486434364318847,-0.03488083857577294,0.13643526040017606
4,8314880,18,1100,16230,0.090784386,0.3426953125,0.2,0.0003,-0.03361310064792633,0.4063330888748169,-0.569900376200676,-0.034066329528577625,0.11885607078671455
5,8320000,24,1060,16240,0.09070158,0.3523828125,0.2,0.0003,-0.03921070322394371,0.49145084619522095,-0.5991588318347931,-0.03368480397271924,0.1283499857224524
6,8325120,29,1034,16250,0.07952322,0.33173828125,0.2,0.0003,-0.04538837820291519,0.4850660562515259,-0.5705835431814194,-0.03745245733764022,0.1333784213103354
7,8330240,35,1010,16260,0.08906921,0.34376953125,0.2,0.0003,-0.04057692736387253,0.4183807969093323,-0.5970348110795021,-0.03445230368990451,0.11996834222227334
8,8335360,41,991,16270,0.09898037,0.34587890625,0.2,0.0003,-0.029496831819415092,0.38983601331710815,-0.5583304296433925,-0.035060111081693324,0.11899772813543677
9,8340480,47,974,16280,0.07953831,0.32125,0.2,0.0003,-0.05273294448852539,0.5086227655410767,-0.5933491840958596,-0.03690105159999803,0.13644535617902875
10,8345600,53,955,16290,0.08764653,0.34380859375,0.2,0.0003,-0.043306320905685425,0.286526083946228,-0.6239063230156898,-0.03634301846381277,0.1263710755854845
1,8350720,2,2066,16300,0.083012305,0.343671875,0.2,0.0003,-0.03888248652219772,0.2972756624221802,-0.6153994461894036,-0.03756845057243481,0.11236495226621628
2,8355840,7,1291,16310,0.07166268,0.3117578125,0.2,0.0003,-0.046245526522397995,0.44488340616226196,-0.6166295555233955,-0.036364676220109686,0.10092884034849703
3,8360960,13,1173,16320,0.09129925,0.31990234375,0.2,0.0003,-0.02303977683186531,0.4804392457008362,-0.5640079656243324,-0.036637809900566934,0.09738347232341767
4,8366080,18,1122,16330,0.08029894,0.3228125,0.2,0.0003,-0.03682005777955055,0.5531573295593262,-0.6000662621855736,-0.031879760921001435,0.1103128664009273
5,8371200,23,1092,16340,0.08118912,0.31998046875,0.2,0.0003,-0.03354495018720627,0.488178551197052,-0.5538198637962342,-0.03583618751727045,0.1074894774518907
6,8376320,28,1074,16350,0.08641489,0.34251953125,0.2,0.0003,-0.033310092985630035,0.39613282680511475,-0.6065593189001084,-0.03680533888982609,0.10355800928547979
7,8381440,33,1062,16360,0.0934708,0.33919921875,0.2,0.0003,-0.059777986258268356,0.43934088945388794,-0.593957357108593,-0.03502115783048794,0.1001917995326221
8,8386560,38,1052,16370,0.09366405,0.317109375,0.2,0.0003,-0.04971998184919357,0.5024498701095581,-0.5323435820639133,-0.03641733733937144,0.10839150222018361
9,8391680,44,1046,16380,0.094018474,0.33833984375,0.2,0.0003,-0.0605572871863842,0.5285474061965942,-0.5798321700096131,-0.03931283388286829,0.09647107236087323
10,8396800,49,1042,16390,0.07705386,0.31380859375,0.2,0.0003,-0.039068929851055145,0.5621434450149536,-0.569774454832077,-0.03292348799761385,0.13897114554420115
1,8401920,2,2162,16400,0.08497468,0.30958984375,0.2,0.0003,-0.022828657180070877,0.5097842216491699,-0.5433168631792068,-0.03317302211653441,0.13348360994830727
2,8407040,7,1313,16410,0.08721586,0.356484375,0.2,0.0003,-0.027293086051940918,0.406308650970459,-0.6445134851336479,-0.036004264568910004,0.13424845417961478
3,8412160,13,1166,16420,0.10057312,0.3222265625,0.2,0.0003,-0.06834609806537628,0.542756199836731,-0.5328223842382431,-0.03719288186868653,0.12828320978209376
4,8417280,18,1110,16430,0.08809975,0.33,0.2,0.0003,-0.045311085879802704,0.5751204490661621,-0.5827942579984665,-0.03737076753284782,0.12046084262430667
5,8422400,23,1086,16440,0.08582957,0.32798828125,0.2,0.0003,-0.03273163363337517,0.5906809568405151,-0.5938191962242126,-0.032885469109751285,0.1208563593775034
6,8427520,28,1072,16450,0.0745729,0.32708984375,0.2,0.0003,-0.04497168958187103,0.4648600220680237,-0.5883249685168266,-0.03686995547497645,0.13910627480596305
7,8432640,33,1060,16460,0.09073409,0.33275390625,0.2,0.0003,-0.05217970907688141,0.3756364583969116,-0.5815368881821632,-0.0377872539171949,0.13892516693100332
8,8437760,38,1052,16470,0.08479591,0.33259765625,0.2,0.0003,-0.044344205409288406,0.5997847318649292,-0.628055463731289,-0.03271926205372438,0.12337492883205414
9,8442880,43,1047,16480,0.08760939,0.3245703125,0.2,0.0003,-0.013757649809122086,0.632714033126831,-0.5913829278945922,-0.033843400804325935,0.1359875141456723
10,8448000,49,1043,16490,0.08817504,0.32599609375,0.2,0.0003,-0.018115296959877014,0.47696173191070557,-0.583375768661499,-0.03467668117489666,0.1733937084302306
1,8453120,2,2096,16500,0.080773935,0.31826171875,0.2,0.0003,-0.029462400823831558,0.4882303476333618,-0.5569641858339309,-0.03219597260467708,0.14721666546538473
2,8458240,7,1342,16510,0.08359784,0.340234375,0.2,0.0003,-0.04559529572725296,0.673857569694519,-0.5975257432460785,-0.03401965126162395,0.13854274885728957
3,8463360,12,1214,16520,0.0869331,0.32080078125,0.2,0.0003,-0.027414068579673767,0.43909507989883423,-0.5550080685317517,-0.036562555455602705,0.16521345764398576
4,8468480,17,1159,16530,0.105514154,0.347578125,0.2,0.0003,-0.019485369324684143,0.3373579978942871,-0.5577796055376529,-0.036121814143843946,0.15148649614304305
5,8473600,22,1131,16540,0.10327587,0.336640625,0.2,0.0003,-0.061104997992515564,0.4858319163322449,-0.5770209166407585,-0.04046873437706381,0.11479712089523673
6,8478720,27,1113,16550,0.100475036,0.34197265625,0.2,0.0003,-0.0469607412815094,0.49059081077575684,-0.5565297585725785,-0.03801086321705952,0.11570709601044654
7,8483840,32,1100,16560,0.08536993,0.32798828125,0.2,0.0003,-0.02699585258960724,0.534267783164978,-0.5650852528214455,-0.03825040145311505,0.12736246367916465
8,8488960,37,1089,16570,0.08178851,0.34025390625,0.2,0.0003,-0.06600514054298401,0.5397977828979492,-0.5897506070137024,-0.03938700505299494,0.10023393616080284
9,8494080,42,1081,16580,0.09247159,0.3309375,0.2,0.0003,-0.042372625321149826,0.4332326650619507,-0.5458473028242588,-0.032257654811255636,0.14105633612722157
10,8499200,47,1073,16590,0.08191611,0.32125,0.2,0.0003,-0.045243605971336365,0.5012363195419312,-0.5942073458433151,-0.03529039265122265,0.09931698855012655
1,8504320,2,1922,16600,0.077675864,0.3428125,0.2,0.0003,-0.043399155139923096,0.3526683449745178,-0.6074385830760002,-0.03953143870923668,0.13995894227176905
2,8509440,8,1235,16610,0.0801933,0.3356640625,0.2,0.0003,-0.049614205956459045,0.47315263748168945,-0.6033407083153725,-0.03843426666921004,0.1375356574356556
3,8514560,13,1111,16620,0.08288225,0.33265625,0.2,0.0003,-0.042132869362831116,0.46415233612060547,-0.5794846045970917,-0.04097719805780798,0.11313932709395885
4,8519680,19,1042,16630,0.08941106,0.33046875,0.2,0.0003,-0.03542790561914444,0.4361976385116577,-0.5379547521471977,-0.03344883190002292,0.13288963079452515
5,8524800,25,1005,16640,0.093690924,0.3462890625,0.2,0.0003,-0.05033529922366142,0.21202147006988525,-0.5842701181769371,-0.03797024456318468,0.12917736522853374
6,8529920,31,988,16650,0.07266007,0.327890625,0.2,0.0003,-0.05228712037205696,0.44677817821502686,-0.6131756189465523,-0.03739242676179856,0.11899400774389506
7,8535040,36,972,16660,0.08750921,0.33,0.2,0.0003,-0.03958259895443916,0.4311184287071228,-0.5583362618088722,-0.03570410011801869,0.14535593515262007
8,8540160,42,964,16670,0.08331485,0.33865234375,0.2,0.0003,-0.0427035316824913,0.4990714192390442,-0.6267324993014336,-0.03575809809844941,0.11244562704116107
9,8545280,48,955,16680,0.07794221,0.3178125,0.2,0.0003,-0.045586615800857544,0.3264646530151367,-0.5761307004094124,-0.03642286501824856,0.13472469201311468
10,8550400,53,949,16690,0.07902748,0.33158203125,0.2,0.0003,-0.0337027981877327,0.2746361494064331,-0.6112363612651825,-0.03267212338745594,0.17905707811936736
1,8555520,2,2148,16700,0.08287694,0.3223046875,0.2,0.0003,-0.03694780915975571,0.3950651288032532,-0.5653752383589744,-0.03669644281733781,0.1328687332198024
2,8560640,8,1264,16710,0.083619334,0.3388671875,0.2,0.0003,-0.048956699669361115,0.42300885915756226,-0.597846951186657,-0.03841312615899369,0.12441231166943907
3,8565760,13,1138,16720,0.07062491,0.30681640625,0.2,0.0003,-0.026251427829265594,0.4449716806411743,-0.5703216269612312,-0.03885623938404024,0.15847191389650106
4,8570880,20,1006,16730,0.09470401,0.31640625,0.2,0.0003,-0.040116094052791595,0.36865234375,-0.5552971474826336,-0.03550279967021197,0.12140472508966922
5,8576000,28,904,16740,0.08794214,0.3612890625,0.2,0.0003,-0.06790252029895782,0.4109218716621399,-0.6305741822719574,-0.04002562248846516,0.12679808845743537
6,8581120,35,853,16750,0.08669327,0.3253125,0.2,0.0003,-0.042970992624759674,0.5142361521720886,-0.5673004743456841,-0.0371641400270164,0.1365693375468254
7,8586240,41,859,16760,0.08577939,0.3331640625,0.2,0.0003,-0.024230152368545532,0.3837258815765381,-0.6131046622991562,-0.036411334262229506,0.1372877876088023
8,8591360,47,869,16770,0.08938037,0.338125,0.2,0.0003,-0.03770013153553009,0.4450278878211975,-0.5925395599007607,-0.035551772555336356,0.11181815905496478
9,8596480,52,874,16780,0.09117281,0.3382421875,0.2,0.0003,-0.04895290359854698,0.2365627884864807,-0.5923935112357139,-0.03378396178595722,0.13731022257357836
10,8601600,58,873,16790,0.07691781,0.32923828125,0.2,0.0003,-0.06479224562644958,0.38195765018463135,-0.6027308827638627,-0.04091176776681096,0.10585727326571942
1,8606720,2,2171,16800,0.08604894,0.3498828125,0.2,0.0003,-0.05559831112623215,0.26433807611465454,-0.6121169996261596,-0.04016918864101172,0.1116178303770721
2,8611840,7,1337,16810,0.092490785,0.33830078125,0.2,0.0003,-0.04276366904377937,0.2652471661567688,-0.5844740438461303,-0.03240697540808469,0.11710814852267504
3,8616960,12,1204,16820,0.08420859,0.3363671875,0.2,0.0003,-0.04747990891337395,0.3149229884147644,-0.5891307094693183,-0.04042890463490039,0.1269542870298028
4,8622080,17,1147,16830,0.0812989,0.34189453125,0.2,0.0003,-0.03455076366662979,0.27598774433135986,-0.6202915757894516,-0.035474124113097784,0.14267377162352204
5,8627200,23,1112,16840,0.08831512,0.32765625,0.2,0.0003,-0.028666682541370392,0.376711905002594,-0.5611838001012802,-0.038841584427282215,0.12662794299423694
6,8632320,28,1091,16850,0.08172889,0.331875,0.2,0.0003,-0.045080896466970444,0.43361419439315796,-0.5736997827887536,-0.03839066318119876,0.13076155873015524
7,8637440,33,1079,16860,0.08360312,0.3473828125,0.2,0.0003,-0.0504520982503891,0.37999528646469116,-0.6313812899589538,-0.040228953703772274,0.10988443318754434
8,8642560,38,1071,16870,0.07547182,0.30607421875,0.2,0.0003,-0.04022924602031708,0.4856192469596863,-0.5709979364275932,-0.03724390692310408,0.13065047951415182
9,8647680,43,1060,16880,0.07519639,0.32759765625,0.2,0.0003,-0.01793287694454193,0.28951573371887207,-0.596863628923893,-0.037019939525052906,0.16467586051672697
10,8652800,48,1049,16890,0.074012384,0.32197265625,0.2,0.0003,-0.029963435605168343,0.38529664278030396,-0.6111779004335404,-0.03614228460472077,0.12647436132654546
1,8657920,2,2041,16900,0.07534042,0.3315234375,0.2,0.0003,-0.04614744335412979,0.5014175772666931,-0.5997821193933487,-0.03190277312882245,0.13377875549718737
2,8663040,7,1283,16910,0.0822442,0.33712890625,0.2,0.0003,-0.05118124932050705,0.4327296018600464,-0.6235744926333427,-0.03590459094848484,0.09420387769117951
3,8668160,13,1158,16920,0.07810488,0.33380859375,0.2,0.0003,-0.05888070538640022,0.3939073085784912,-0.6140067580342293,-0.035877703314181414,0.13644708190113305
4,8673280,18,1103,16930,0.09387149,0.334609375,0.2,0.0003,-0.04481654241681099,0.6294533014297485,-0.584818040728569,-0.03630895892390981,0.12308830354362726
5,8678400,24,1066,16940,0.08301393,0.33384765625,0.2,0.0003,-0.034688983112573624,0.43318653106689453,-0.5855562138557434,-0.03783871323801577,0.14558088075369596
6,8683520,29,1037,16950,0.08684225,0.32859375,0.2,0.0003,-0.02660282701253891,0.4652119278907776,-0.5779426163434982,-0.04025270235259086,0.11252246098592877
7,8688640,35,1019,16960,0.07987894,0.3471875,0.2,0.0003,-0.053585369139909744,0.38743728399276733,-0.6407116097211838,-0.037490178151056174,0.12763872146606445
8,8693760,40,999,16970,0.08797377,0.33177734375,0.2,0.0003,-0.05966716632246971,0.3845481872558594,-0.6060860395431519,-0.03770235368050635,0.12929358905181287
9,8698880,46,980,16980,0.09142001,0.348828125,0.2,0.0003,-0.04512961581349373,0.41639453172683716,-0.5899263116717338,-0.03262525029014796,0.11538100415840745
10,8704000,53,965,16990,0.08209731,0.34373046875,0.2,0.0003,-0.04265861213207245,0.39359647035598755,-0.6206835320591927,-0.03702708836877719,0.12311581099405884
1,8709120,2,2143,17000,0.090246156,0.34228515625,0.2,0.0003,-0.05820257589221001,0.390724778175354,-0.5769405736029148,-0.04057173331268132,0.11396195862442254
2,8714240,7,1318,17010,0.09658585,0.323125,0.2,0.0003,-0.05384780466556549,0.4813660979270935,-0.5451296302676201,-0.0410910903243348,0.11826189143583178
3,8719360,12,1193,17020,0.08278471,0.32474609375,0.2,0.0003,-0.05571115016937256,0.5450719594955444,-0.5685506367683411,-0.04198808517307043,0.12075924037024378
4,8724480,17,1145,17030,0.08157506,0.3246484375,0.2,0.0003,-0.05854641646146774,0.5115586519241333,-0.591972451210022,-0.03849982864689082,0.12120643645524978
5,8729600,22,1114,17040,0.08319738,0.337109375,0.2,0.0003,-0.04208702966570854,0.26374655961990356,-0.5861064195632935,-0.039512142303865405,0.14100114734843372
6,8734720,28,1093,17050,0.085231155,0.3425,0.2,0.0003,-0.029402010142803192,0.4682292342185974,-0.605946915447712,-0.037754840604029595,0.10709085665643216
7,8739840,33,1079,17060,0.08463855,0.31732421875,0.2,0.0003,-0.03791577368974686,0.4002813696861267,-0.5503170439600944,-0.03639963731635362,0.0988142666965723
8,8744960,38,1065,17070,0.07540647,0.33388671875,0.2,0.0003,-0.03625688701868057,0.5449148416519165,-0.5943124595284462,-0.03878126404248178,0.07965080017223954
9,8750080,43,1055,17080,0.08196591,0.3353125,0.2,0.0003,-0.05249228700995445,0.3598077893257141,-0.5955066072940827,-0.037841403218917546,0.11924575421959162
10,8755200,48,1045,17090,0.08891016,0.33076171875,0.2,0.0003,-0.04963921383023262,0.43850892782211304,-0.5745043650269508,-0.039841479104943574,0.10678265826776624
1,8760320,2,2109,17100,0.077402815,0.31873046875,0.2,0.0003,-0.06797768175601959,0.3345041275024414,-0.5706910726428032,-0.04045990070328116,0.09910847131162882
2,8765440,7,1321,17110,0.081601486,0.31400390625,0.2,0.0003,-0.03858789801597595,0.47264987230300903,-0.5389564324915409,-0.03587621122598648,0.11156376851722598
3,8770560,12,1197,17120,0.0784597,0.31681640625,0.2,0.0003,-0.03117840550839901,0.3210678696632385,-0.5462803412973881,-0.03899111711652949,0.10857858590781688
4,8775680,17,1150,17130,0.081384,0.316484375,0.2,0.0003,-0.05609919875860214,0.3962341547012329,-0.5797216150164605,-0.03519109349232167,0.08224101306870579
5,8780800,22,1121,17140,0.07663869,0.3169921875,0.2,0.0003,-0.03765027970075607,0.3311862349510193,-0.5740734606981277,-0.03754291255259887,0.11810598576441407
6,8785920,27,1100,17150,0.082440615,0.317890625,0.2,0.0003,-0.047325413674116135,0.5194792747497559,-0.5741368240118027,-0.0392998272832483,0.09930537186563015
7,8791040,32,1086,17160,0.07815535,0.3151171875,0.2,0.0003,-0.05135584995150566,0.5769315958023071,-0.5285346002876758,-0.03768349278252572,0.08523542242124676
8,8796160,38,1076,17170,0.07394688,0.299453125,0.2,0.0003,-0.02012370526790619,0.6790990829467773,-0.5506117893755436,-0.033896211409009995,0.09717755550518632
9,8801280,43,1068,17180,0.07608986,0.30421875,0.2,0.0003,-0.04371881112456322,0.6816153526306152,-0.5265608149766922,-0.03853083747904748,0.09401857174932957
10,8806400,48,1059,17190,0.073613904,0.31671875,0.2,0.0003,-0.04791679233312607,0.6969857215881348,-0.5693165437877178,-0.03917348669609055,0.11139969427138567
1,8811520,2,2032,17200,0.075956635,0.3066796875,0.2,0.0003,-0.062225304543972015,0.536545991897583,-0.5348260208964348,-0.04014229997061193,0.10595330238342285
2,8816640,8,1268,17210,0.07090019,0.31568359375,0.2,0.0003,-0.049307480454444885,0.6268763542175293,-0.5483750012516976,-0.03690438472665846,0.10812656704336404
3,8821760,13,1147,17220,0.08431261,0.298125,0.2,0.0003,-0.04032760113477707,0.48947811126708984,-0.49032985538244245,-0.03511703513329849,0.12062613537535072
4,8826880,18,1090,17230,0.08758471,0.31296875,0.2,0.0003,-0.05100839585065842,0.5512328743934631,-0.5114842404425144,-0.03687315615825355,0.11187426865100861
5,8832000,24,1049,17240,0.084216,0.3175390625,0.2,0.0003,-0.05259215831756592,0.5408272743225098,-0.5366130992770195,-0.0388613032666035,0.13231982445344329
6,8837120,30,1019,17250,0.08192834,0.31140625,0.2,0.0003,-0.027185240760445595,0.36982131004333496,-0.5378072264790535,-0.03565956625388935,0.1388256652466953
7,8842240,36,992,17260,0.076431915,0.30296875,0.2,0.0003,-0.03117854706943035,0.4582347273826599,-0.5294801688194275,-0.0366596570936963,0.11649569932371379
8,8847360,42,973,17270,0.07936017,0.31484375,0.2,0.0003,-0.054138243198394775,0.4846327304840088,-0.5352751666307449,-0.040875905654393134,0.1079797649383545
9,8852480,48,957,17280,0.07702062,0.3251171875,0.2,0.0003,-0.03943575918674469,0.4903784394264221,-0.5717029812932014,-0.03686184337595478,0.11814435275271534
10,8857600,54,945,17290,0.07575238,0.3140234375,0.2,0.0003,-0.04605232551693916,0.5488535165786743,-0.5417047084867954,-0.038207827070727944,0.11462147375568747
1,8862720,2,1778,17300,0.07547573,0.302734375,0.2,0.0003,-0.05193900316953659,0.5203677415847778,-0.5309865207970142,-0.03554142601555213,0.09667318757623435
2,8867840,8,1171,17310,0.080365,0.2985546875,0.2,0.0003,-0.0408138670027256,0.47056227922439575,-0.4907924515008926,-0.038142591840587554,0.10990501204505562
3,8872960,14,1083,17320,0.08367334,0.29779296875,0.2,0.0003,-0.032058656215667725,0.4796651601791382,-0.5049201279878617,-0.0386694100103341,0.11541062278673053
4,8878080,19,1052,17330,0.09291797,0.31017578125,0.2,0.0003,-0.0398227721452713,0.5967507362365723,-0.5070126108825207,-0.03611627290956676,0.11439934926107526
5,8883200,24,1026,17340,0.0767438,0.31818359375,0.2,0.0003,-0.03497213497757912,0.45253241062164307,-0.558059201836586,-0.03503668359480798,0.12352676719427108
6,8888320,30,1011,17350,0.08919575,0.31734375,0.2,0.0003,-0.051769010722637177,0.5196242332458496,-0.5354206755757331,-0.03941660719690845,0.10538124904036522
7,8893440,35,1002,17360,0.07881923,0.3209375,0.2,0.0003,-0.04754108935594559,0.5631812810897827,-0.5673493093252182,-0.0385332169290632,0.09747336955741048
8,8898560,41,996,17370,0.08611657,0.3176953125,0.2,0.0003,-0.04153428226709366,0.4506261944770813,-0.5246272692084313,-0.03828607721952722,0.09802934031933547
9,8903680,46,991,17380,0.082172975,0.31685546875,0.2,0.0003,-0.034269314259290695,0.49322742223739624,-0.5346886382997036,-0.0402544674789533,0.108889523986727
10,8908800,51,988,17390,0.073938124,0.32244140625,0.2,0.0003,-0.05284356325864792,0.5146842002868652,-0.5637514647841454,-0.03697762242984027,0.0900259527284652
1,8913920,2,2010,17400,0.09012578,0.31029296875,0.2,0.0003,-0.03831333667039871,0.6031376123428345,-0.513963570445776,-0.03924534811638296,0.10573791053146124
2,8919040,8,1245,17410,0.08702402,0.31388671875,0.2,0.0003,-0.04426674544811249,0.6347624063491821,-0.5857783219218254,-0.04000118844676763,0.10535391230136155
3,8924160,13,1123,17420,0.0837567,0.29853515625,0.2,0.0003,-0.0361594557762146,0.5569615364074707,-0.49588066786527635,-0.04101440364029259,0.11108639920130373
4,8929280,19,1069,17430,0.072447106,0.29591796875,0.2,0.0003,-0.04234703257679939,0.5710824728012085,-0.4665893641114235,-0.03644947309512645,0.09443146744742989
5,8934400,24,1036,17440,0.08168369,0.30580078125,0.2,0.0003,-0.028947191312909126,0.46574896574020386,-0.4777370452880859,-0.0372794643137604,0.09452957432717085
6,8939520,30,1012,17450,0.08044179,0.30576171875,0.2,0.0003,-0.03740476071834564,0.5340533256530762,-0.5435601422190666,-0.03687187563627958,0.10581087244674564
7,8944640,36,992,17460,0.08396944,0.31041015625,0.2,0.0003,-0.04612496867775917,0.5079503655433655,-0.4867045719921589,-0.03883432689588517,0.10261582022532821
8,8949760,42,972,17470,0.09111861,0.30388671875,0.2,0.0003,-0.05128111690282822,0.5705322027206421,-0.5141216538846493,-0.03675873191328719,0.09668083129450679
9,8954880,48,958,17480,0.084356464,0.30146484375,0.2,0.0003,-0.024865616112947464,0.5195996165275574,-0.4948949807882309,-0.03626356528140604,0.10382777886465192
10,8960000,54,947,17490,0.078547135,0.2862109375,0.2,0.0003,-0.05398649722337723,0.5328490734100342,-0.475929122120142,-0.03529228227213025,0.10852884422987699
1,8965120,2,2081,17500,0.08243436,0.28853515625,0.2,0.0003,-0.05852033942937851,0.5759746432304382,-0.46735104590654375,-0.03670754483435303,0.09689712705090642
2,8970240,7,1329,17510,0.077076964,0.2940625,0.2,0.0003,-0.04568120464682579,0.49390119314193726,-0.5132743884623051,-0.03861407244112343,0.1036107381992042
3,8975360,12,1196,17520,0.07961391,0.2851171875,0.2,0.0003,-0.03513920307159424,0.5788698792457581,-0.45940386816859247,-0.03383303023409098,0.10122971074655653
4,8980480,17,1139,17530,0.07140757,0.29466796875,0.2,0.0003,-0.04281425476074219,0.5578118562698364,-0.5352142044901848,-0.03735743396449834,0.11096885627135634
5,8985600,23,1103,17540,0.06816201,0.28109375,0.2,0.0003,-0.03406233340501785,0.533002495765686,-0.5001106429100036,-0.03168319640681148,0.12048523396253585
6,8990720,28,1078,17550,0.08001013,0.28166015625,0.2,0.0003,-0.033775024116039276,0.5323556065559387,-0.4725748534500599,-0.03447402602061629,0.12387134712189436
7,8995840,33,1060,17560,0.07193119,0.29861328125,0.2,0.0003,-0.04186397045850754,0.5086933374404907,-0.5175889927148819,-0.038887112946249545,0.11124619819223881
8,9000960,39,1047,17570,0.09895752,0.3126171875,0.2,0.0003,-0.050069957971572876,0.3950337767601013,-0.524531249254942,-0.034463104782626035,0.09944801062345504
9,9006080,44,1036,17580,0.0803222,0.31634765625,0.2,0.0003,-0.04289216548204422,0.43861109018325806,-0.5278871269524097,-0.03860454819630831,0.1326956808939576
10,9011200,49,1024,17590,0.087479115,0.314921875,0.2,0.0003,-0.033182017505168915,0.46554017066955566,-0.5292341555655002,-0.0348103201109916,0.12345494357869029
1,9016320,2,2104,17600,0.07988964,0.3058984375,0.2,0.0003,-0.013975732028484344,0.28853654861450195,-0.516941240131855,-0.035157739201094954,0.12847443882375956
2,9021440,7,1333,17610,0.08122857,0.2993359375,0.2,0.0003,-0.02382364124059677,0.462773859500885,-0.5102922728657723,-0.03488364904653281,0.14046861322596668
3,9026560,12,1203,17620,0.09251766,0.2950390625,0.2,0.0003,-0.056283727288246155,0.40370678901672363,-0.48834786340594294,-0.03684192305663601,0.11500379411503672
4,9031680,17,1148,17630,0.08082079,0.30626953125,0.2,0.0003,-0.030335694551467896,0.30648601055145264,-0.5168760783970356,-0.03608488008379936,0.14183623041957616
5,9036800,22,1115,17640,0.085311696,0.3020703125,0.2,0.0003,-0.044303733855485916,0.40998953580856323,-0.4975235879421234,-0.037119866809807715,0.13465114869177341
6,9041920,28,1092,17650,0.09071887,0.338359375,0.2,0.0003,-0.045123856514692307,0.2710774540901184,-0.5720869445800781,-0.039848504795227196,0.10445547828450799
7,9047040,33,1079,17660,0.0826375,0.31390625,0.2,0.0003,-0.03850855678319931,0.4677063226699829,-0.5525460575520992,-0.03412291662069038,0.1206256308965385
8,9052160,38,1067,17670,0.07945826,0.29498046875,0.2,0.0003,-0.048381246626377106,0.48945873975753784,-0.4978239537775517,-0.03704986269818619,0.10858806733042002
9,9057280,43,1061,17680,0.07522158,0.30990234375,0.2,0.0003,-0.03631947934627533,0.5571029186248779,-0.554520183801651,-0.036163946902379396,0.12109457071870565
10,9062400,48,1056,17690,0.08573278,0.31787109375,0.2,0.0003,-0.030956720933318138,0.644716739654541,-0.5331681203842163,-0.036849175542593,0.10109104584902524
1,9067520,2,2137,17700,0.07742154,0.3081640625,0.2,0.0003,-0.042611487209796906,0.7016639709472656,-0.5371668003499508,-0.03654298421693966,0.10852013973519206
2,9072640,7,1321,17710,0.09358297,0.286015625,0.2,0.0003,-0.01933342218399048,0.6127803325653076,-0.4616755127906799,-0.02965794663876295,0.12456487255170941
3,9077760,12,1193,17720,0.08051421,0.30908203125,0.2,0.0003,-0.0288908202201128,0.49014729261398315,-0.5216081115603447,-0.0348821880761534,0.1474334158562124
4,9082880,17,1139,17730,0.075479016,0.3126171875,0.2,0.0003,-0.027185533195734024,0.5852155089378357,-0.5299166983366013,-0.038033344550058246,0.13970902159810067
5,9088000,23,1111,17740,0.084179714,0.3030859375,0.2,0.0003,-0.029686391353607178,0.34854239225387573,-0.5160162307322025,-0.03725744847441092,0.13911112725734712
6,9093120,28,1090,17750,0.08746817,0.2844140625,0.2,0.0003,-0.02538265660405159,0.3625704050064087,-0.4721941548585892,-0.032325914930552244,0.1406437236443162
7,9098240,33,1078,17760,0.077038,0.29908203125,0.2,0.0003,-0.03832484781742096,0.5127774477005005,-0.5105710056424141,-0.029481688970699905,0.12327793220058084
8,9103360,38,1069,17770,0.0711347,0.30888671875,0.2,0.0003,-0.031214207410812378,0.2956458330154419,-0.5639698207378387,-0.03602286430075765,0.13150752052664758
9,9108480,43,1061,17780,0.08468208,0.32291015625,0.2,0.0003,-0.03997648507356644,0.3677127957344055,-0.5490460234880448,-0.038355359393171966,0.1285492430627346
10,9113600,48,1056,17790,0.08293506,0.3093359375,0.2,0.0003,-0.029203064739704132,0.44810765981674194,-0.5480011652410031,-0.03500070206820965,0.12004737034440041
1,9118720,2,1879,17800,0.08643876,0.31326171875,0.2,0.0003,-0.0508272722363472,0.39571917057037354,-0.5386438022553921,-0.036146078491583467,0.09295530781149865
2,9123840,8,1216,17810,0.08513577,0.3028515625,0.2,0.0003,-0.042620252817869186,0.41718775033950806,-0.4776214878261089,-0.039052508268505336,0.10656695751473308
3,9128960,14,1087,17820,0.07632421,0.32171875,0.2,0.0003,-0.03275801241397858,0.3562813401222229,-0.5447177766263485,-0.04074909784598276,0.1110270225442946
4,9134080,19,1024,17830,0.09042112,0.29748046875,0.2,0.0003,-0.03480499982833862,0.5621612668037415,-0.5089996157586575,-0.03169605861417949,0.10141301613301039
5,9139200,26,983,17840,0.09997068,0.30740234375,0.2,0.0003,-0.04336016997694969,0.4619141221046448,-0.5026484990119934,-0.03435755148297176,0.11662620875984431
6,9144320,31,964,17850,0.09072005,0.3072265625,0.2,0.0003,-0.043955594301223755,0.48582297563552856,-0.5283473981916904,-0.036290194059256466,0.10772612856701017
7,9149440,37,948,17860,0.0782204,0.28306640625,0.2,0.0003,-0.03358781710267067,0.5864169597625732,-0.4963192127645016,-0.03687708819517866,0.10484271248802543
8,9154560,43,938,17870,0.084510796,0.2887109375,0.2,0.0003,-0.015571322292089462,0.5124989748001099,-0.4773868928849697,-0.03475568823050708,0.13224452519789337
9,9159680,49,928,17880,0.08980046,0.28478515625,0.2,0.0003,-0.0430152602493763,0.5439373254776001,-0.4539815327525139,-0.030937954061664642,0.116768799982965
10,9164800,55,919,17890,0.08252812,0.31087890625,0.2,0.0003,-0.03877149149775505,0.3988853096961975,-0.5552251499891281,-0.03692519170464948,0.11715046264231205
1,9169920,2,2171,17900,0.085857086,0.2941015625,0.2,0.0003,-0.04663984104990959,0.65057373046875,-0.47393924966454504,-0.03491441134829074,0.09220622649416327
2,9175040,7,1334,17910,0.08267838,0.30416015625,0.2,0.0003,-0.014958756044507027,0.5981869101524353,-0.5002887962758541,-0.03933454869082197,0.10750842405483127
3,9180160,12,1205,17920,0.08844797,0.2971484375,0.2,0.0003,-0.04643000289797783,0.5990568995475769,-0.5030740569531917,-0.037122172685340044,0.10103794695809483
4,9185280,17,1148,17930,0.09806417,0.2908984375,0.2,0.0003,-0.050655726343393326,0.36727452278137207,-0.4600782690942287,-0.035550873565953225,0.12966538751497864
5,9190400,23,1102,17940,0.086365655,0.29650390625,0.2,0.0003,-0.038752228021621704,0.381864070892334,-0.47588278248906135,-0.035599795458838346,0.11679851906374097
6,9195520,28,1085,17950,0.08307453,0.2919140625,0.2,0.0003,-0.04272618144750595,0.32739806175231934,-0.4787178584933281,-0.03143895116169006,0.12218928307294846
7,9200640,33,1072,17960,0.091194905,0.31943359375,0.2,0.0003,-0.011381249874830246,0.3773655295372009,-0.5282812528312206,-0.03718436315888539,0.11656340157613158
8,9205760,38,1065,17970,0.09080984,0.29728515625,0.2,0.0003,-0.021558204665780067,0.29007089138031006,-0.4808671997487545,-0.03553653386305086,0.11522877437993884
9,9210880,43,1060,17980,0.08493955,0.31892578125,0.2,0.0003,-0.013100389391183853,0.4264349937438965,-0.5306727848947048,-0.035021318506915124,0.10730638038367032
10,9216000,48,1055,17990,0.069522165,0.3035546875,0.2,0.0003,-0.03916572406888008,0.4974818229675293,-0.5086211878061294,-0.036738978861831126,0.12199123565107584
1,9221120,2,2097,18000,0.09335335,0.29783203125,0.2,0.0003,-0.03883308917284012,0.38817715644836426,-0.45916136249899864,-0.036120480438694355,0.11418831691145898
2,9226240,7,1325,18010,0.07880891,0.313359375,0.2,0.0003,-0.05185440182685852,0.49957913160324097,-0.5583782494068146,-0.0355237036710605,0.11538578672334551
3,9231360,12,1205,18020,0.081962965,0.31255859375,0.2,0.0003,-0.05053221434354782,0.5620287656784058,-0.5187250515818596,-0.03904127790592611,0.09729793163016438
4,9236480,17,1147,18030,0.07845636,0.3071484375,0.2,0.0003,-0.04208995774388313,0.3419773578643799,-0.5275194941461087,-0.036834207586944105,0.10134788446128368
5,9241600,23,1109,18040,0.084752694,0.31873046875,0.2,0.0003,-0.047676071524620056,0.3296883702278137,-0.5318770234286785,-0.03619538224069402,0.1120417544990778
6,9246720,28,1088,18050,0.085097395,0.3001171875,0.2,0.0003,-0.035742126405239105,0.17550110816955566,-0.5002159754931926,-0.03327386780641973,0.10714624766260386
7,9251840,33,1071,18060,0.08041913,0.3085546875,0.2,0.0003,-0.041488926857709885,0.3925577402114868,-0.5136962130665779,-0.03945227553602308,0.11337076779454947
8,9256960,38,1058,18070,0.08385366,0.316171875,0.2,0.0003,-0.053165502846241,0.3739738464355469,-0.5381626504659652,-0.039539372832514345,0.08253131300210953
9,9262080,44,1044,18080,0.08637704,0.3204296875,0.2,0.0003,-0.04293301701545715,0.4586830139160156,-0.5200530618429184,-0.03790193029679358,0.09659234856255353
10,9267200,49,1028,18090,0.08558954,0.3086328125,0.2,0.0003,-0.04461352154612541,0.4849996566772461,-0.4820044605433941,-0.03807950219605118,0.11456051668152213
1,9272320,2,2099,18100,0.08250992,0.29115234375,0.2,0.0003,-0.02824925258755684,0.4172254800796509,-0.498833709359169,-0.03619851644150913,0.12838736318051816
2,9277440,7,1281,18110,0.09185563,0.3045703125,0.2,0.0003,-0.02303607016801834,0.5720648169517517,-0.5186272291839122,-0.03517312214709818,0.13042561411857606
3,9282560,13,1175,18120,0.09476451,0.3090625,0.2,0.0003,-0.06027516350150108,0.4871671199798584,-0.5215700323879718,-0.038367330809123815,0.10878672800958157
4,9287680,18,1128,18130,0.07706689,0.308515625,0.2,0.0003,-0.058174069970846176,0.4173244833946228,-0.5039049392938614,-0.03608792439103126,0.12613760739564894
5,9292800,23,1101,18140,0.09972104,0.30201171875,0.2,0.0003,-0.02339438535273075,0.4306371808052063,-0.45969204008579256,-0.03595684777013958,0.12821999363601208
6,9297920,28,1080,18150,0.10304548,0.31703125,0.2,0.0003,-0.0477980338037014,0.392100989818573,-0.4940112255513668,-0.03724182422738522,0.11181865667924284
7,9303040,33,1066,18160,0.0739798,0.31283203125,0.2,0.0003,-0.04329304024577141,0.4833812117576599,-0.5550517009198666,-0.03444924035808072,0.10957582699134946
8,9308160,38,1061,18170,0.07877373,0.3104296875,0.2,0.0003,-0.043802276253700256,0.5748160481452942,-0.5507171152532101,-0.03571010661078617,0.1259943176433444
9,9313280,43,1056,18180,0.08663858,0.3141796875,0.2,0.0003,-0.031542979180812836,0.5585390329360962,-0.5222111809253692,-0.038267217008396984,0.1332333951257169
10,9318400,48,1053,18190,0.07961444,0.30744140625,0.2,0.0003,-0.042860403656959534,0.4931224584579468,-0.5471066465973854,-0.03842555740382522,0.13222075371071695
1,9323520,2,2164,18200,0.077850975,0.3091796875,0.2,0.0003,-0.03876417130231857,0.5809763669967651,-0.5150754135847092,-0.03599467949708924,0.1317416626214981
2,9328640,7,1356,18210,0.071677245,0.3185546875,0.2,0.0003,-0.02496223896741867,0.6391541957855225,-0.6135368886590004,-0.03326445185346529,0.14367708265781404
3,9333760,13,1178,18220,0.084200725,0.29142578125,0.2,0.0003,-0.04204409569501877,0.42604130506515503,-0.5149287243187427,-0.03861415440915152,0.15292708538472652
4,9338880,18,1129,18230,0.091307566,0.3108203125,0.2,0.0003,-0.0298418290913105,0.3403801918029785,-0.5290115445852279,-0.033419565816875545,0.15648955358192324
5,9344000,23,1094,18240,0.07725945,0.305,0.2,0.0003,-0.026995718479156494,0.4284440279006958,-0.5339855152368546,-0.03615545504493639,0.14094672521576285
6,9349120,28,1076,18250,0.0990542,0.31767578125,0.2,0.0003,-0.041417647153139114,0.4070178270339966,-0.5181313902139664,-0.03575997313251719,0.14387720404192805
7,9354240,33,1064,18260,0.077020235,0.31947265625,0.2,0.0003,-0.03503147512674332,0.38864392042160034,-0.5685107788443565,-0.03338229089044034,0.1338441452011466
8,9359360,38,1055,18270,0.082874194,0.32572265625,0.2,0.0003,-0.04316770285367966,0.43556809425354004,-0.576430005133152,-0.03756816631415859,0.1473645956069231
9,9364480,43,1050,18280,0.09765737,0.33541015625,0.2,0.0003,-0.038851961493492126,0.3798198103904724,-0.5442456595599652,-0.04206340898759663,0.11769166367128492
10,9369600,48,1045,18290,0.10184936,0.32697265625,0.2,0.0003,-0.02959110587835312,0.483547568321228,-0.5343027001619339,-0.03571678698062897,0.13628515662625432
1,9374720,2,2090,18300,0.082622744,0.31615234375,0.2,0.0003,-0.01351887360215187,0.456656277179718,-0.550572557747364,-0.03045594582334161,0.1832836726307869
2,9379840,7,1326,18310,0.07545606,0.31208984375,0.2,0.0003,-0.03632324934005737,0.3950626850128174,-0.5531386226415634,-0.03632147665135563,0.18066209053620697
3,9384960,12,1203,18320,0.07608229,0.3119921875,0.2,0.0003,-0.02595653384923935,0.45072174072265625,-0.5265757618844509,-0.03438264996977523,0.1334362937323749
4,9390080,17,1151,18330,0.08294295,0.2991015625,0.2,0.0003,-0.056965894997119904,0.34989452362060547,-0.5065030071139336,-0.03543991904705763,0.12544081516563893
5,9395200,23,1111,18340,0.09050549,0.34521484375,0.2,0.0003,-0.017485886812210083,0.5991501808166504,-0.5451861943304539,-0.03658350806683302,0.09860866205766797
6,9400320,28,1088,18350,0.09220536,0.311640625,0.2,0.0003,-0.006985902786254883,0.2752668261528015,-0.48287511080503465,-0.03453224335797131,0.13167172653600573
7,9405440,33,1070,18360,0.083388984,0.30927734375,0.2,0.0003,-0.05062483251094818,0.42741769552230835,-0.4868708814680576,-0.03338690300472081,0.10594062209129333
8,9410560,38,1058,18370,0.078604914,0.31576171875,0.2,0.0003,-0.021757621318101883,0.4894567131996155,-0.5366648341715335,-0.036208366882055996,0.11449517851695418
9,9415680,43,1050,18380,0.082702264,0.32236328125,0.2,0.0003,-0.049656230956315994,0.5596261620521545,-0.5245361208915711,-0.03274810896255076,0.11686535319313407
10,9420800,49,1043,18390,0.086008266,0.30345703125,0.2,0.0003,-0.048942770808935165,0.5923754572868347,-0.5001856523752213,-0.03501137022627518,0.10489783795550466
1,9425920,2,2075,18400,0.08423952,0.3098828125,0.2,0.0003,-0.039814338088035583,0.38220804929733276,-0.5130428750813008,-0.0341117384750396,0.12770148735493422
2,9431040,7,1293,18410,0.08187518,0.3126953125,0.2,0.0003,-0.04385862499475479,0.34520256519317627,-0.514862885773182,-0.033699977102223784,0.10118529101833701
3,9436160,13,1168,18420,0.082141005,0.31294921875,0.2,0.0003,-0.04736791551113129,0.38275521993637085,-0.5107039609551429,-0.041905658505856994,0.09867000017315149
4,9441280,18,1106,18430,0.07799083,0.31337890625,0.2,0.0003,-0.06529225409030914,0.5720105767250061,-0.5557082031667232,-0.0385054914560169,0.10643049193546177
5,9446400,23,1070,18440,0.07031867,0.326796875,0.2,0.0003,-0.039152272045612335,0.5820881128311157,-0.6183510422706604,-0.04070037489989772,0.14126403817906977
6,9451520,29,1043,18450,0.07631065,0.28193359375,0.2,0.0003,-0.03907093405723572,0.5771488547325134,-0.49009095653891566,-0.037461098465137184,0.11880015896633267
7,9456640,35,1019,18460,0.08953749,0.31224609375,0.2,0.0003,-0.04400886595249176,0.4039194583892822,-0.4990301914513111,-0.03336447882931679,0.12067154807969928
8,9461760,40,1002,18470,0.087589785,0.3038671875,0.2,0.0003,-0.040091097354888916,0.5049120187759399,-0.4751142716407776,-0.03905703737633303,0.12679048305377363
9,9466880,46,988,18480,0.081896976,0.293125,0.2,0.0003,-0.0335032194852829,0.6510014533996582,-0.492631815969944,-0.03616446323227138,0.13135041508823633
10,9472000,52,975,18490,0.074211195,0.27896484375,0.2,0.0003,-0.04298251122236252,0.5874555110931396,-0.4720288378000259,-0.036890985146164894,0.15300734892487525
1,9477120,2,2193,18500,0.0806111,0.31029296875,0.2,0.0003,-0.04804382100701332,0.684110701084137,-0.5338031190633774,-0.03640237381216139,0.14262878781184554
2,9482240,7,1342,18510,0.086176164,0.30982421875,0.2,0.0003,-0.050497718155384064,0.7143591046333313,-0.5115045680105686,-0.03892486325930804,0.13084060283377766
3,9487360,12,1201,18520,0.07852584,0.301328125,0.2,0.0003,-0.026829246431589127,0.6207318305969238,-0.5337857227027416,-0.03593671789392829,0.152559035141021
4,9492480,17,1150,18530,0.09293404,0.29388671875,0.2,0.0003,-0.02910011261701584,0.6469893455505371,-0.4727337144315243,-0.03623907151632011,0.13596609560772777
5,9497600,22,1122,18540,0.097962126,0.31140625,0.2,0.0003,-0.03634730726480484,0.49855148792266846,-0.4726436138153076,-0.03638167182914913,0.12471539687365293
6,9502720,27,1101,18550,0.091404036,0.3201953125,0.2,0.0003,-0.05141581594944,0.5333621501922607,-0.542516946643591,-0.037815782530233266,0.10768640896305443
7,9507840,32,1087,18560,0.094046354,0.32564453125,0.2,0.0003,-0.05461319163441658,0.49558091163635254,-0.544281959682703,-0.04128231726819649,0.0992095123231411
8,9512960,38,1074,18570,0.08525516,0.323984375,0.2,0.0003,-0.038614414632320404,0.5158752202987671,-0.5499681848287582,-0.03815373261459172,0.10248848333954812
9,9518080,43,1063,18580,0.0928634,0.32923828125,0.2,0.0003,-0.024879688397049904,0.600353479385376,-0.5698082184791565,-0.03676503507886082,0.11459254190325736
10,9523200,48,1053,18590,0.09098956,0.31375,0.2,0.0003,-0.05881432816386223,0.606060802936554,-0.5366942165791988,-0.03845598205924034,0.11093959437683225
1,9528320,2,1834,18600,0.09090862,0.2975,0.2,0.0003,-0.040842946618795395,0.295624315738678,-0.4896080955862999,-0.03433821636950597,0.15223988687619566
2,9533440,8,1138,18610,0.08726983,0.31466796875,0.2,0.0003,-0.0296713188290596,0.42660850286483765,-0.5133920237421989,-0.03571171154268086,0.09070651782676578
3,9538560,14,1030,18620,0.0827284,0.3057421875,0.2,0.0003,-0.058675043284893036,0.495233952999115,-0.5149836018681526,-0.03812742835842073,0.09563498994335533
4,9543680,20,977,18630,0.084675565,0.31388671875,0.2,0.0003,-0.03219751641154289,0.4292011857032776,-0.5437089073657989,-0.03668296305928379,0.11645166911184787
5,9548800,26,958,18640,0.07018836,0.31095703125,0.2,0.0003,-0.04282570257782936,0.5772234201431274,-0.5869918876886367,-0.03449447060935199,0.11478091407567263
6,9553920,32,945,18650,0.09250089,0.2975390625,0.2,0.0003,-0.028957247734069824,0.430573046207428,-0.49609905868768694,-0.03577532301656902,0.13296368157491087
7,9559040,38,942,18660,0.08420439,0.31869140625,0.2,0.0003,-0.04246723651885986,0.6323394775390625,-0.578586070984602,-0.03749303202843293,0.1171419414319098
8,9564160,43,937,18670,0.07379185,0.30673828125,0.2,0.0003,-0.04410505294799805,0.6184270977973938,-0.5194654923677444,-0.03296316744061187,0.13288507666438817
9,9569280,49,936,18680,0.08582236,0.292109375,0.2,0.0003,-0.040690869092941284,0.545749306678772,-0.4898249538242817,-0.0344427817245014,0.12945243213325738
10,9574400,54,935,18690,0.09199843,0.319375,0.2,0.0003,-0.04174181446433067,0.6026501655578613,-0.5472209855914116,-0.03449942223727703,0.1677378921583295
1,9579520,2,2124,18700,0.07403426,0.30296875,0.2,0.0003,-0.03464261442422867,0.6722365617752075,-0.5099040867388248,-0.035929662566632034,0.17848074764013291
2,9584640,7,1353,18710,0.0868663,0.28953125,0.2,0.0003,-0.03772599250078201,0.6214331388473511,-0.4745045965909958,-0.0344728507171385,0.13727947942912577
3,9589760,12,1225,18720,0.07156408,0.2943359375,0.2,0.0003,-0.02886480838060379,0.6033366322517395,-0.49650142818689347,-0.03243628706783056,0.15481395969167352
4,9594880,17,1171,18730,0.0682541,0.29072265625,0.2,0.0003,-0.03701721504330635,0.66922527551651,-0.49934459194540975,-0.03515744430013001,0.1587008585035801
5,9600000,22,1140,18740,0.073260546,0.29580078125,0.2,0.0003,-0.04511185362935066,0.6623451113700867,-0.515734523832798,-0.03455999448895455,0.14351243196055294
6,9605120,27,1114,18750,0.0784747,0.304453125,0.2,0.0003,-0.030630767345428467,0.6180421113967896,-0.5168942320346832,-0.03951628393027931,0.12306266272440552
7,9610240,32,1098,18760,0.09081064,0.29677734375,0.2,0.0003,-0.012186229228973389,0.5470940470695496,-0.5168626672029495,-0.030371056818403304,0.18317297250032424
8,9615360,37,1085,18770,0.09513997,0.2929296875,0.2,0.0003,-0.04307306557893753,0.5911375880241394,-0.5023664472997189,-0.03674413267988712,0.15343586945906282
9,9620480,42,1076,18780,0.07853074,0.294765625,0.2,0.0003,-0.03487948700785637,0.6092634797096252,-0.5383283942937851,-0.030317928639706223,0.15821370225399733
10,9625600,47,1068,18790,0.080324024,0.30806640625,0.2,0.0003,-0.030826758593320847,0.47959816455841064,-0.5877408236265182,-0.03528241370338946,0.15773403642699121
1,9630720,2,1974,18800,0.09476129,0.31111328125,0.2,0.0003,-0.03321799635887146,0.5298051834106445,-0.5353315044939518,-0.03450774809578434,0.14461242619901896
2,9635840,7,1288,18810,0.102537975,0.311171875,0.2,0.0003,-0.034065864980220795,0.5206451416015625,-0.5071255718171597,-0.03460496811196208,0.16475197032094002
3,9640960,12,1183,18820,0.08036574,0.3151171875,0.2,0.0003,-0.035297151654958725,0.556686282157898,-0.5695623087882996,-0.03533770787063986,0.14447152184322476
4,9646080,18,1135,18830,0.08953209,0.3224609375,0.2,0.0003,-0.0374804362654686,0.5141300559043884,-0.5353953741490841,-0.034785254222806546,0.16018650600686668
5,9651200,23,1108,18840,0.10030004,0.33693359375,0.2,0.0003,-0.03399686515331268,0.5078545808792114,-0.5496746654808521,-0.0322306735930033,0.13618749426677823
6,9656320,28,1093,18850,0.10755099,0.35125,0.2,0.0003,-0.030401036143302917,0.5295361280441284,-0.5626998314261437,-0.03442389769712463,0.1830147859454155
7,9661440,33,1081,18860,0.095571786,0.32451171875,0.2,0.0003,-0.043635252863168716,0.48994648456573486,-0.5191481591761112,-0.03775142640341073,0.12044095130637288
8,9666560,38,1070,18870,0.09379443,0.339140625,0.2,0.0003,-0.03848851099610329,0.7125268578529358,-0.6206904292106629,-0.03657923304243013,0.12818616138771177
9,9671680,43,1057,18880,0.086617574,0.3134375,0.2,0.0003,-0.02009885385632515,0.43041157722473145,-0.5039527343213558,-0.03120834129396826,0.14550819601863624
10,9676800,48,1049,18890,0.0872316,0.31728515625,0.2,0.0003,-0.02785400114953518,0.4659877419471741,-0.5381591728329659,-0.034018761441111565,0.12090714106336237
1,9681920,2,2118,18900,0.08842011,0.3422265625,0.2,0.0003,-0.0389193594455719,0.5692641735076904,-0.6037663879990578,-0.037505569383502003,0.1271462735161185
2,9687040,8,1269,18910,0.08253657,0.32197265625,0.2,0.0003,-0.0374923013150692,0.4787033796310425,-0.5553556655347347,-0.032993799285031856,0.14418126171454787
3,9692160,13,1148,18920,0.08286278,0.30607421875,0.2,0.0003,-0.03269916772842407,0.373335599899292,-0.5103813120722771,-0.03740236359415576,0.1544896190240979
4,9697280,18,1099,18930,0.08347937,0.31958984375,0.2,0.0003,-0.04409409686923027,0.3885437846183777,-0.5228105571866035,-0.03306088164448738,0.14520250473171473
5,9702400,23,1073,18940,0.102428615,0.32658203125,0.2,0.0003,-0.0351434126496315,0.4798555374145508,-0.5765807700157165,-0.03817059991881251,0.12183920158073307
6,9707520,28,1066,18950,0.08522857,0.32984375,0.2,0.0003,-0.05921366065740585,0.6167060136795044,-0.5689723280072212,-0.03779513224493712,0.12077222988009453
7,9712640,33,1059,18960,0.08529352,0.31654296875,0.2,0.0003,-0.062440160661935806,0.6627577543258667,-0.5578433805704117,-0.03475756567902863,0.11727395674213767
8,9717760,38,1051,18970,0.0848427,0.32330078125,0.2,0.0003,-0.034914784133434296,0.535983681678772,-0.5755216792225838,-0.036433187434449794,0.14009575666859747
9,9722880,43,1047,18980,0.07905433,0.305703125,0.2,0.0003,-0.05307124927639961,0.5516074895858765,-0.5377007113397121,-0.03762508369516581,0.13474262790754438
10,9728000,49,1043,18990,0.10754887,0.32783203125,0.2,0.0003,-0.04295199364423752,0.40454840660095215,-0.5177652576565742,-0.03345586127601564,0.13136354323476554
1,9733120,2,2105,19000,0.0857082,0.3265625,0.2,0.0003,-0.046314552426338196,0.5615686178207397,-0.5728860802948474,-0.03441006623674184,0.1403926122933626
2,9738240,7,1324,19010,0.08208681,0.29982421875,0.2,0.0003,-0.035547852516174316,0.45214784145355225,-0.4991000892221928,-0.03387646121438593,0.1688969529233873
3,9743360,12,1194,19020,0.09023248,0.32908203125,0.2,0.0003,-0.014756694436073303,0.5619730353355408,-0.574412182867527,-0.03421259459573776,0.15796037629246712
4,9748480,17,1142,19030,0.07963367,0.3207421875,0.2,0.0003,-0.022458776831626892,0.6614072322845459,-0.58099783629179,-0.03446212133159861,0.18591199852526188
5,9753600,23,1110,19040,0.08120743,0.31900390625,0.2,0.0003,-0.011009011417627335,0.6794635653495789,-0.5525570453703403,-0.03403679201146588,0.17867908034473656
6,9758720,28,1092,19050,0.08826123,0.342421875,0.2,0.0003,-0.0334349051117897,0.62906414270401,-0.618251528441906,-0.03633242990123108,0.19791477154940368
7,9763840,33,1076,19060,0.073256806,0.29984375,0.2,0.0003,-0.018287871032953262,0.5808899402618408,-0.5472423285245895,-0.03282852208707482,0.16614400809630753
8,9768960,38,1066,19070,0.09715869,0.31451171875,0.2,0.0003,-0.022731352597475052,0.45553523302078247,-0.5300575052201748,-0.03277826880570501,0.17889668883755802
9,9774080,43,1058,19080,0.110484004,0.34423828125,0.2,0.0003,-0.054329339414834976,0.5419365167617798,-0.5497229935228825,-0.03511475166771561,0.14458816489204765
10,9779200,48,1051,19090,0.079849005,0.32306640625,0.2,0.0003,-0.023094266653060913,0.5722160339355469,-0.5852266794443131,-0.03299358364660293,0.17773109897971154
1,9784320,2,2026,19100,0.089808375,0.326875,0.2,0.0003,-0.05321664363145828,0.49297744035720825,-0.5505935849249363,-0.03503081628121436,0.16251309389248492
2,9789440,7,1287,19110,0.08730133,0.33037109375,0.2,0.0003,-0.0454741008579731,0.45134228467941284,-0.5759461852908134,-0.036678499234840276,0.14884350262582302
3,9794560,13,1165,19120,0.08746518,0.315859375,0.2,0.0003,-0.02640024572610855,0.450435996055603,-0.5251563297212124,-0.033626431692391635,0.15325631000101567
4,9799680,18,1105,19130,0.07901182,0.315546875,0.2,0.0003,-0.039328448474407196,0.6721284985542297,-0.5673432999849319,-0.03421770809683949,0.1390245371311903
5,9804800,23,1068,19140,0.10242031,0.31591796875,0.2,0.0003,-0.04853815585374832,0.4660496115684509,-0.5491438576579094,-0.03631639763712883,0.16069879204034807
6,9809920,30,1009,19150,0.07824323,0.3123828125,0.2,0.0003,-0.030131414532661438,0.553012490272522,-0.5542681740224361,-0.034206225592643025,0.16394361771643162
7,9815040,36,987,19160,0.09305613,0.320078125,0.2,0.0003,-0.026691270992159843,0.653118371963501,-0.5421531644463539,-0.03746751672588289,0.09450574588961899
8,9820160,42,970,19170,0.095379844,0.32623046875,0.2,0.0003,-0.016266437247395515,0.34443676471710205,-0.5171548214554786,-0.036801879899576305,0.13301490616053344
9,9825280,47,961,19180,0.08920882,0.3175,0.2,0.0003,-0.04432729259133339,0.5185371041297913,-0.5398584486544132,-0.037856439352035524,0.12881187280640005
10,9830400,53,954,19190,0.094071254,0.330390625,0.2,0.0003,-0.038670435547828674,0.5434495210647583,-0.5545873214304448,-0.035107643119990824,0.1266236910223961
1,9835520,2,2111,19200,0.09188506,0.33318359375,0.2,0.0003,-0.0387224406003952,0.5437833070755005,-0.5535656771063805,-0.034594166667666286,0.1084087205119431
2,9840640,7,1310,19210,0.09009711,0.33359375,0.2,0.0003,-0.04745960235595703,0.6188697814941406,-0.5871484750509262,-0.03383059537038207,0.11589236039668321
3,9845760,12,1191,19220,0.09092664,0.32650390625,0.2,0.0003,-0.04040952026844025,0.4702184796333313,-0.5490427902340889,-0.03312772470526397,0.12775202058255672
4,9850880,17,1141,19230,0.09258814,0.345234375,0.2,0.0003,-0.05284956842660904,0.5369888544082642,-0.5948572686314583,-0.038221657066605984,0.12265579655766487
5,9856000,23,1096,19240,0.09475688,0.336484375,0.2,0.0003,-0.03477049991488457,0.4876244068145752,-0.5591216605901718,-0.03327190664596855,0.12983131611719728
6,9861120,28,1078,19250,0.088952936,0.350234375,0.2,0.0003,-0.036429595202207565,0.3460506796836853,-0.6009718880057335,-0.03200424994342029,0.1285604757629335
7,9866240,33,1070,19260,0.079060644,0.35037109375,0.2,0.0003,-0.03758522868156433,0.3547019362449646,-0.6143591257929802,-0.03579772544791922,0.11970311133190989
8,9871360,38,1062,19270,0.0974082,0.35544921875,0.2,0.0003,-0.020962689071893692,0.27706897258758545,-0.5965012386441231,-0.03222990304930136,0.12347548261284828
9,9876480,43,1055,19280,0.08746752,0.34767578125,0.2,0.0003,-0.04459759220480919,0.4952418804168701,-0.6080990901589394,-0.03568042785511352,0.08804818110540509
10,9881600,48,1049,19290,0.08356636,0.3463671875,0.2,0.0003,-0.034775786101818085,0.45434069633483887,-0.6103906065225602,-0.039066311849746856,0.11871934259310364
1,9886720,2,1891,19300,0.08676715,0.35826171875,0.2,0.0003,-0.04532099515199661,0.46600550413131714,-0.6073337516188622,-0.037475334437331184,0.10152860188856722
2,9891840,8,1194,19310,0.08261371,0.32671875,0.2,0.0003,-0.03727535158395767,0.4604880213737488,-0.5762337827682495,-0.033788050848525014,0.10507389741018415
3,9896960,14,1097,19320,0.08103931,0.31703125,0.2,0.0003,-0.05199270695447922,0.3945773243904114,-0.5422243100404739,-0.03917969676898792,0.1251349542848766
4,9902080,19,1065,19330,0.078066334,0.32015625,0.2,0.0003,-0.03233625739812851,0.4705115556716919,-0.6131133034825325,-0.03267245511058718,0.12526577977463604
5,9907200,24,1045,19340,0.08546469,0.32322265625,0.2,0.0003,-0.02431032806634903,0.3385556936264038,-0.5503718835115433,-0.035446551996283236,0.13579683665186168
6,9912320,29,1039,19350,0.08578405,0.32482421875,0.2,0.0003,-0.049072954803705215,0.44425106048583984,-0.579985631108284,-0.03680899528320879,0.1048250013589859
7,9917440,34,1035,19360,0.07941015,0.30857421875,0.2,0.0003,-0.030436363071203232,0.5045832395553589,-0.5260931612551212,-0.03165195036912337,0.13097653770819306
8,9922560,39,1030,19370,0.08096563,0.322890625,0.2,0.0003,-0.04465029761195183,0.5399624109268188,-0.5590103253722191,-0.035965638509951534,0.13455274254083632
9,9927680,44,1027,19380,0.08859673,0.30546875,0.2,0.0003,-0.03552493453025818,0.536885142326355,-0.5172775247693062,-0.034615947678685186,0.1338580025918782
10,9932800,49,1025,19390,0.076899245,0.3217578125,0.2,0.0003,-0.04142126813530922,0.5747686624526978,-0.5409726332128048,-0.03340880585135892,0.14226713294163346
1,9937920,2,2095,19400,0.08599245,0.3242578125,0.2,0.0003,-0.026765771210193634,0.5529770851135254,-0.5559675732254982,-0.03621827217983082,0.11827217780053616
2,9943040,7,1285,19410,0.076392844,0.29982421875,0.2,0.0003,-0.01771920919418335,0.5479973554611206,-0.5088169270753861,-0.03307998958276585,0.13186119379475714
3,9948160,13,1174,19420,0.08718919,0.3363671875,0.2,0.0003,-0.021195348352193832,0.4950863718986511,-0.5493263010680676,-0.03441667976789176,0.13718783888965846
4,9953280,18,1127,19430,0.08329684,0.32333984375,0.2,0.0003,-0.032834626734256744,0.5811818838119507,-0.5293998965620994,-0.03589402850251645,0.14561792820692063
5,9958400,23,1099,19440,0.0937445,0.31259765625,0.2,0.0003,-0.032443318516016006,0.44590866565704346,-0.5235262908041477,-0.0342362841241993,0.1332827470265329
6,9963520,28,1085,19450,0.082005545,0.31546875,0.2,0.0003,-0.0574803501367569,0.5317269563674927,-0.5094427341222763,-0.04030161408707499,0.10744114531204105
7,9968640,33,1072,19460,0.0877795,0.316171875,0.2,0.0003,-0.050475239753723145,0.5858893990516663,-0.540952474027872,-0.036634624199941755,0.11744966834783555
8,9973760,38,1062,19470,0.07867643,0.3144921875,0.2,0.0003,-0.03741738945245743,0.6536599397659302,-0.5446080680191517,-0.03867159508168697,0.1418304424919188
9,9978880,43,1055,19480,0.094141565,0.30064453125,0.2,0.0003,-0.019501950591802597,0.6215729713439941,-0.49044459253549577,-0.03596511534880847,0.13469123857095838
10,9984000,48,1051,19490,0.09127791,0.3073828125,0.2,0.0003,-0.036012690514326096,0.5996633172035217,-0.5066446256637573,-0.03586442365776747,0.13087912825867534
1,9989120,2,2084,19500,0.0871388,0.30876953125,0.2,0.0003,-0.05621993914246559,0.5147661566734314,-0.49387395098805426,-0.03750090328976512,0.1286674826964736
2,9994240,7,1310,19510,0.08844703,0.3005078125,0.2,0.0003,-0.02357349917292595,0.5899991989135742,-0.47252469941973685,-0.034621889505069704,0.13027795232832431
3,9999360,12,1183,19520,0.076572694,0.28255859375,0.2,0.0003,-0.011980850249528885,0.5478233098983765,-0.4635428690910339,-0.033465794143266975,0.17149223115295173
4,10004480,18,1131,19530,0.09028604,0.295,0.2,0.0003,-0.031185343861579895,0.5420120358467102,-0.45495905101299283,-0.03206123714335263,0.1412315709143877
5,10009600,23,1107,19540,0.08746864,0.31626953125,0.2,0.0003,-0.03980785980820656,0.5612438321113586,-0.5595006076991558,-0.03471566979540512,0.13255822954699398
6,10014720,28,1087,19550,0.085152656,0.31224609375,0.2,0.0003,-0.03011331334710121,0.5214464068412781,-0.514654294103384,-0.03596352077787742,0.14196088565513493
7,10019840,33,1078,19560,0.09044601,0.3270703125,0.2,0.0003,-0.027486175298690796,0.45435279607772827,-0.5374412813782692,-0.03732057647313922,0.1332135242782533
8,10024960,38,1068,19570,0.09015949,0.3223828125,0.2,0.0003,-0.038753703236579895,0.5706125497817993,-0.5267439566552639,-0.03697167156729847,0.10055536413565277
9,10030080,43,1062,19580,0.07360189,0.296015625,0.2,0.0003,-0.04110599309206009,0.6014479398727417,-0.4874823786318302,-0.03087271559983492,0.10767564857378602
10,10035200,48,1056,19590,0.07886715,0.28890625,0.2,0.0003,-0.033799171447753906,0.6308568716049194,-0.45987848192453384,-0.03452820859150961,0.11015598811209201
1,10040320,2,2094,19600,0.0830781,0.31560546875,0.2,0.0003,-0.045646168291568756,0.6188511848449707,-0.5304879891872406,-0.033366190760862086,0.10920984106138348
2,10045440,7,1293,19610,0.09452156,0.3048828125,0.2,0.0003,-0.03827918320894241,0.7809603214263916,-0.4787829467654228,-0.03615058798342943,0.09232711400836706
3,10050560,13,1142,19620,0.08912553,0.308984375,0.2,0.0003,-0.03421361744403839,0.5479627847671509,-0.5048136386275291,-0.03633142673410475,0.12880820466205478
4,10055680,19,1069,19630,0.08836441,0.31759765625,0.2,0.0003,-0.030244911089539528,0.5844193696975708,-0.5281203673779964,-0.03692782751051709,0.15777409303933382
5,10060800,24,1031,19640,0.084747344,0.31166015625,0.2,0.0003,-0.03805484622716904,0.5735275745391846,-0.5056212559342385,-0.03251951510319486,0.1314022758230567
6,10065920,30,999,19650,0.08499181,0.30609375,0.2,0.0003,-0.052623994648456573,0.6203905344009399,-0.48595126420259477,-0.04014417661353946,0.12383436016738415
7,10071040,36,983,19660,0.09856219,0.31560546875,0.2,0.0003,-0.05396718531847,0.6525752544403076,-0.5072400061786175,-0.0386980820633471,0.1217153862863779
8,10076160,42,971,19670,0.075333,0.27994140625,0.2,0.0003,-0.03850283846259117,0.6963582038879395,-0.4851858241856098,-0.03550777480006218,0.12058613551780581
9,10081280,47,962,19680,0.086187094,0.300625,0.2,0.0003,-0.01629658415913582,0.6242611408233643,-0.502904091924429,-0.03024758830200881,0.1330116973258555
10,10086400,53,950,19690,0.07789551,0.280390625,0.2,0.0003,-0.03360907360911369,0.542568564414978,-0.4572336122393608,-0.030063751223497092,0.1335470070503652
1,10091520,2,1963,19700,0.08289841,0.2813671875,0.2,0.0003,-0.02292480133473873,0.5403520464897156,-0.4600801984965801,-0.035869313311995936,0.12176998000591993
2,10096640,8,1252,19710,0.07252201,0.28265625,0.2,0.0003,-0.005440976470708847,0.5509864091873169,-0.4787427814304829,-0.03124550445470959,0.14675620576366782
3,10101760,13,1141,19720,0.0962015,0.29734375,0.2,0.0003,-0.05979125574231148,0.678653359413147,-0.48248169660568235,-0.03261151801329106,0.12557513810694218
4,10106880,18,1098,19730,0.09924559,0.31181640625,0.2,0.0003,-0.01740253157913685,0.46839386224746704,-0.4965305081009865,-0.033160537604708225,0.14542844953015446
5,10112000,23,1076,19740,0.09071437,0.32083984375,0.2,0.0003,-0.03170540928840637,0.49393075704574585,-0.5574011968076229,-0.034309624871239064,0.12443204874172807
6,10117120,28,1061,19750,0.07487647,0.29271484375,0.2,0.0003,-0.014670640230178833,0.5823072195053101,-0.504468090236187,-0.03445085231214762,0.13898961773142218
7,10122240,34,1050,19760,0.09670432,0.28763671875,0.2,0.0003,-0.02520054206252098,0.46005678176879883,-0.4585640387237072,-0.03201353892916813,0.14848902249708773
8,10127360,39,1040,19770,0.08592284,0.27748046875,0.2,0.0003,-0.04628588631749153,0.5763392448425293,-0.4425522771477699,-0.03199585343478248,0.10785063721239567
9,10132480,44,1031,19780,0.08790134,0.28642578125,0.2,0.0003,-0.024164464324712753,0.6162896156311035,-0.4478042063117027,-0.03545576106756926,0.11199769828468562
10,10137600,50,1016,19790,0.086027846,0.28900390625,0.2,0.0003,-0.04384487867355347,0.6874337196350098,-0.4766459189355373,-0.03248257514322177,0.14908322056755424
1,10142720,2,1770,19800,0.082733616,0.287421875,0.2,0.0003,-0.04515102133154869,0.6661168336868286,-0.49295617669820785,-0.036022589500062166,0.13243490083143114
2,10147840,8,1187,19810,0.0929012,0.289921875,0.2,0.0003,-0.03865085542201996,0.7213706970214844,-0.4541938179731369,-0.03168666660320014,0.11120177868753672
3,10152960,14,1065,19820,0.1000306,0.305078125,0.2,0.0003,-0.028940532356500626,0.5714293718338013,-0.4832308542728424,-0.032856372050009665,0.1424519119784236
4,10158080,20,1011,19830,0.0916814,0.294140625,0.2,0.0003,-0.032801203429698944,0.5494897365570068,-0.4576119001209736,-0.032957476447336376,0.11236461255699397
5,10163200,26,983,19840,0.07355245,0.29083984375,0.2,0.0003,-0.037398044019937515,0.6727172136306763,-0.5249954961240292,-0.03546356725972146,0.1279884885251522
6,10168320,31,963,19850,0.088999964,0.309375,0.2,0.0003,-0.024424314498901367,0.5656832456588745,-0.507391445338726,-0.03225046775303781,0.14571933027356862
7,10173440,37,950,19860,0.090326265,0.3173046875,0.2,0.0003,-0.03485947474837303,0.4395413398742676,-0.5247034300863743,-0.033544596442952754,0.11605902349576354
8,10178560,43,939,19870,0.091592535,0.31220703125,0.2,0.0003,-0.0320957787334919,0.43138623237609863,-0.5014486081898213,-0.033711565607227385,0.11676501682028174
9,10183680,49,924,19880,0.08806669,0.31224609375,0.2,0.0003,-0.0632709413766861,0.5121923685073853,-0.5359492686390877,-0.03749935023020953,0.11054772568866611
10,10188800,55,919,19890,0.09874338,0.3088671875,0.2,0.0003,-0.04769206419587135,0.4575157165527344,-0.5200778867304325,-0.031905505732866005,0.11358867848291992
1,10193920,2,2122,19900,0.08973397,0.31474609375,0.2,0.0003,-0.03779349476099014,0.4373452067375183,-0.5244338463246823,-0.037373661168385294,0.11523348981514574
2,10199040,7,1330,19910,0.09560336,0.32087890625,0.2,0.0003,-0.036547575145959854,0.4556536078453064,-0.5281089875102043,-0.03518945390824228,0.13094395427033306
3,10204160,12,1201,19920,0.08276928,0.31107421875,0.2,0.0003,-0.03547050803899765,0.5492416620254517,-0.5141044889390468,-0.035011987399775533,0.08969472963362932
4,10209280,17,1149,19930,0.08433978,0.301328125,0.2,0.0003,-0.04231315851211548,0.43151259422302246,-0.5055715817213059,-0.035839239088818434,0.11211833076551557
5,10214400,22,1123,19940,0.08560222,0.30248046875,0.2,0.0003,-0.043651383370161057,0.5635782480239868,-0.5000852403044701,-0.03496519139967859,0.10068203693255783
6,10219520,27,1103,19950,0.08050023,0.3134765625,0.2,0.0003,-0.04838091880083084,0.537253201007843,-0.5350351539254189,-0.040390368329826745,0.11137688612565398
7,10224640,33,1081,19960,0.08148327,0.31318359375,0.2,0.0003,-0.059156857430934906,0.5836278200149536,-0.5831832894682885,-0.03924813988618553,0.12415406212210656
8,10229760,38,1067,19970,0.078681245,0.29904296875,0.2,0.0003,-0.03497311472892761,0.5631036162376404,-0.5226830859482289,-0.03605704842833802,0.12519798615016042
9,10234880,43,1055,19980,0.082375094,0.31853515625,0.2,0.0003,-0.03916897624731064,0.5409735441207886,-0.5453610475361347,-0.034994189275894316,0.13157243134453891
10,10240000,48,1046,19990,0.08752581,0.29677734375,0.2,0.0003,-0.026694778352975845,0.5258774161338806,-0.49393667533993724,-0.032788087059743704,0.09879550337791443
1,10245120,2,2090,20000,0.07833232,0.31708984375,0.2,0.0003,-0.049668602645397186,0.5578552484512329,-0.5403417697548867,-0.04219839067198336,0.09621386727318168
2,10250240,7,1308,20010,0.07735133,0.30189453125,0.2,0.0003,-0.04190729558467865,0.6151273846626282,-0.5411543315649032,-0.03674980868818238,0.10579211117699742
3,10255360,12,1187,20020,0.08839029,0.3324609375,0.2,0.0003,-0.04333499073982239,0.5572856068611145,-0.5745938977599144,-0.03791739953681827,0.12058907942846417
4,10260480,18,1133,20030,0.09173251,0.30052734375,0.2,0.0003,-0.0300302691757679,0.5294885039329529,-0.5174410305917263,-0.030244691618718206,0.15312092179432513
5,10265600,23,1108,20040,0.078767024,0.3048046875,0.2,0.0003,-0.03915926069021225,0.5931980013847351,-0.5310781510174274,-0.03441135472618043,0.11620807386934758
6,10270720,28,1081,20050,0.09331533,0.3316796875,0.2,0.0003,-0.030093135312199593,0.6699952483177185,-0.5650516793131828,-0.0357200838229619,0.11234811639413238
7,10275840,33,1067,20060,0.078612335,0.30140625,0.2,0.0003,-0.036339931190013885,0.6096140742301941,-0.5132883810997009,-0.03448814983246848,0.11835279894992709
8,10280960,38,1055,20070,0.08992367,0.30271484375,0.2,0.0003,-0.04029010981321335,0.642744779586792,-0.5228701828420163,-0.035924849631264806,0.11279068879783154
9,10286080,44,1044,20080,0.08877293,0.32951171875,0.2,0.0003,-0.022773459553718567,0.5272384881973267,-0.5285551798343658,-0.034010638378094885,0.14358737584203482
10,10291200,49,1034,20090,0.08705862,0.33244140625,0.2,0.0003,-0.03360302001237869,0.4585930109024048,-0.5784829658269882,-0.03495805475395173,0.13093191239982843
1,10296320,2,2069,20100,0.09346618,0.3366015625,0.2,0.0003,-0.03364797681570053,0.6251042485237122,-0.5756356734037399,-0.03973291845526546,0.11709461873397231
2,10301440,7,1309,20110,0.13790056,0.33068359375,0.2,0.0003,-0.03511624410748482,0.4767482876777649,-0.5747235423326492,-0.03301247525960207,0.12827310062944888
3,10306560,12,1189,20120,0.07226345,0.33466796875,0.2,0.0003,-0.04903693497180939,0.5750542879104614,-0.5753993022441865,-0.036970362714491785,0.10365160064771771
4,10311680,18,1134,20130,0.085208274,0.33724609375,0.2,0.0003,-0.046943970024585724,0.5263278484344482,-0.5669544105231762,-0.033607683535665275,0.1286379847675562
5,10316800,23,1097,20140,0.09520558,0.32947265625,0.2,0.0003,-0.05379433184862137,0.36209458112716675,-0.55067851126194,-0.03591065113898367,0.15070723766461014
6,10321920,28,1067,20150,0.090152405,0.34818359375,0.2,0.0003,-0.042052436619997025,0.4201756715774536,-0.6154694077372551,-0.03540650987997651,0.13409450601786374
7,10327040,34,1052,20160,0.09246456,0.34794921875,0.2,0.0003,-0.03128761053085327,0.3936002254486084,-0.6029724252223968,-0.03527733952272683,0.15572703789919615
8,10332160,39,1040,20170,0.08804054,0.35564453125,0.2,0.0003,-0.04122445359826088,0.5188280940055847,-0.6428668862581253,-0.03703732398804277,0.11343829490244389
9,10337280,44,1032,20180,0.09339818,0.3542578125,0.2,0.0003,-0.04978425055742264,0.5382030010223389,-0.5902012449502945,-0.03310727852862328,0.14417252527549862
10,10342400,49,1028,20190,0.10723716,0.35041015625,0.2,0.0003,-0.032497383654117584,0.45599567890167236,-0.5804346802830697,-0.0365911814942956,0.14588931877166034
1,10347520,2,2094,20200,0.09384244,0.35853515625,0.2,0.0003,-0.052304401993751526,0.5362721085548401,-0.5902229422330856,-0.03766074860701338,0.11360832890495658
2,10352640,7,1314,20210,0.10045551,0.36224609375,0.2,0.0003,-0.045725926756858826,0.5095069408416748,-0.6060699394345284,-0.041157788364216685,0.10940609090030193
3,10357760,12,1194,20220,0.09342854,0.33671875,0.2,0.0003,-0.05810245871543884,0.4735034108161926,-0.5682834547758102,-0.03857615568675101,0.11612461481243372
4,10362880,17,1148,20230,0.0983083,0.3401953125,0.2,0.0003,-0.03301924467086792,0.546362042427063,-0.5468047472834587,-0.037292021829634904,0.13105491938069463
5,10368000,22,1121,20240,0.09751764,0.34005859375,0.2,0.0003,-0.026012249290943146,0.5470483899116516,-0.535811149328947,-0.031111162058077752,0.11458320576697588
6,10373120,27,1097,20250,0.092656925,0.355234375,0.2,0.0003,-0.05677974969148636,0.619874119758606,-0.6045615956187248,-0.04093461809679866,0.10729900144040584
7,10378240,33,1082,20260,0.07434689,0.32861328125,0.2,0.0003,-0.03219202533364296,0.6582693457603455,-0.5617827399075032,-0.030576827011536807,0.14205755656585098
8,10383360,38,1072,20270,0.10017109,0.34107421875,0.2,0.0003,-0.03958451747894287,0.5120800733566284,-0.563152269423008,-0.0354542220919393,0.12809890862554313
9,10388480,43,1062,20280,0.09011586,0.3395703125,0.2,0.0003,-0.03062180057168007,0.6366567015647888,-0.613956298828125,-0.03678914153482765,0.16824561905115842
10,10393600,48,1055,20290,0.08240923,0.32583984375,0.2,0.0003,-0.043370556086301804,0.47930681705474854,-0.5867036265134812,-0.03655779860448092,0.17063603518530726
1,10398720,2,1996,20300,0.09505569,0.3369921875,0.2,0.0003,-0.03815305978059769,0.5984631180763245,-0.5746614834666253,-0.03647351556224748,0.15976582365110517
2,10403840,8,1259,20310,0.08606501,0.31828125,0.2,0.0003,-0.00799708440899849,0.5106549263000488,-0.5731802129745484,-0.02934786121593788,0.18580524574965238
3,10408960,13,1126,20320,0.08799726,0.33595703125,0.2,0.0003,-0.02333887293934822,0.4984326958656311,-0.5521443936228753,-0.03522398627363146,0.16597130965441464
4,10414080,19,1065,20330,0.097621515,0.3271484375,0.2,0.0003,-0.0356900617480278,0.4480510354042053,-0.5484404730796814,-0.03399390457198024,0.16352604880928992
5,10419200,25,1023,20340,0.09367019,0.32189453125,0.2,0.0003,-0.024995405226945877,0.20292747020721436,-0.5084293407201766,-0.029678366710431874,0.15740756630897523
6,10424320,30,998,20350,0.0863901,0.3519140625,0.2,0.0003,-0.03159244358539581,0.43923479318618774,-0.579534156024456,-0.03298788944957778,0.12247943926602602
7,10429440,36,982,20360,0.08512126,0.3415234375,0.2,0.0003,-0.04592828452587128,0.4624653458595276,-0.5584188231825828,-0.03349317627027631,0.12499864796176553
8,10434560,42,973,20370,0.0908039,0.35830078125,0.2,0.0003,-0.0495479553937912,0.48649758100509644,-0.5826437431573868,-0.03643317586509511,0.1157959215156734
9,10439680,47,962,20380,0.08174213,0.3190234375,0.2,0.0003,-0.0438196025788784,0.3618251085281372,-0.543338308930397,-0.03327637307811528,0.11000766459852457
10,10444800,53,957,20390,0.101853,0.3208984375,0.2,0.0003,-0.020952917635440826,0.5339007377624512,-0.5043761985003948,-0.03499555762624368,0.10940686346963048
1,10449920,2,2093,20400,0.10006356,0.3360546875,0.2,0.0003,-0.05337706208229065,0.5771442651748657,-0.5604277437925339,-0.03767315411940217,0.10011587148532271
2,10455040,7,1288,20410,0.090927936,0.31841796875,0.2,0.0003,-0.03546851873397827,0.4003634452819824,-0.5250591106712819,-0.03681566348532215,0.12495355971157551
3,10460160,13,1163,20420,0.08240678,0.3165625,0.2,0.0003,-0.05031558498740196,0.3859674334526062,-0.5274196600914002,-0.03762439711485058,0.1334094801917672
4,10465280,18,1104,20430,0.08043449,0.2987109375,0.2,0.0003,-0.027158312499523163,0.39608341455459595,-0.4847545151412487,-0.02772144621703774,0.10983616665005684
5,10470400,23,1068,20440,0.08897809,0.314765625,0.2,0.0003,-0.04305059462785721,0.5126873254776001,-0.5230653646588326,-0.03486108091659844,0.11925545265898109
6,10475520,29,1044,20450,0.09224314,0.31125,0.2,0.0003,-0.03299003466963768,0.5105515122413635,-0.4856007678806782,-0.03494403815828264,0.09632683793082833
7,10480640,35,1022,20460,0.09151328,0.33830078125,0.2,0.0003,-0.04268968850374222,0.5942169427871704,-0.5553543621301651,-0.0401148109533824,0.10210302744060755
8,10485760,40,1002,20470,0.0901637,0.325078125,0.2,0.0003,-0.030409008264541626,0.6225593686103821,-0.5577598403394223,-0.03474547993857414,0.08621577177196742
9,10490880,46,983,20480,0.08066904,0.3148046875,0.2,0.0003,-0.047200966626405716,0.48294597864151,-0.5737828281521797,-0.036801668854895976,0.13715365247800945
10,10496000,52,970,20490,0.07751916,0.3121484375,0.2,0.0003,-0.034574590623378754,0.5857101678848267,-0.5380483509600162,-0.03535754486918449,0.12488847564905882
1,10501120,2,1798,20500,0.0761915,0.32701171875,0.2,0.0003,-0.040043801069259644,0.5909430980682373,-0.5838704308867455,-0.03271079168189317,0.09861710401251912
2,10506240,8,1170,20510,0.07353713,0.29669921875,0.2,0.0003,-0.04370353743433952,0.6344314813613892,-0.5452369450032711,-0.0331099299993366,0.1088570518232882
3,10511360,14,1064,20520,0.087109946,0.29962890625,0.2,0.0003,-0.044022005051374435,0.4502970576286316,-0.5129902485013008,-0.035049791429191825,0.14315862817689776
4,10516480,19,1032,20530,0.10494272,0.316640625,0.2,0.0003,-0.04136132448911667,0.4896840453147888,-0.5404821939766407,-0.03366093351971358,0.11348126575350762
5,10521600,25,1017,20540,0.09151374,0.32390625,0.2,0.0003,-0.03821023926138878,0.5517503023147583,-0.5615219838917256,-0.04266258100513369,0.10027293629944324
6,10526720,30,1006,20550,0.08551556,0.32400390625,0.2,0.0003,-0.04896050691604614,0.6836500763893127,-0.5475698299705982,-0.03767850416945293,0.08368529403582216
7,10531840,35,1002,20560,0.07182767,0.31328125,0.2,0.0003,-0.0439486987888813,0.6861279606819153,-0.5976716023683548,-0.038754546034615485,0.11859009945765138
8,10536960,40,1000,20570,0.096192576,0.2731640625,0.2,0.0003,-0.032185934484004974,0.7107540965080261,-0.4565368640422821,-0.032395885484293105,0.1145673830807209
9,10542080,46,998,20580,0.07700646,0.28908203125,0.2,0.0003,-0.0308740995824337,0.6476927995681763,-0.5239636847376823,-0.036391120278276505,0.14535916157066822
10,10547200,51,999,20590,0.08045095,0.30501953125,0.2,0.0003,-0.035151757299900055,0.5969458818435669,-0.5209700047969819,-0.03278593246359378,0.1332141564413905
1,10552320,2,2027,20600,0.090446584,0.28341796875,0.2,0.0003,-0.040249645709991455,0.7144571542739868,-0.48361494749784467,-0.035902204150334,0.1375590923987329
2,10557440,7,1301,20610,0.09514966,0.32333984375,0.2,0.0003,-0.036448556929826736,0.6210193634033203,-0.5542624947428704,-0.03567634391831234,0.13002272931858896
3,10562560,13,1169,20620,0.092449926,0.322109375,0.2,0.0003,-0.045113705098629,0.6238971948623657,-0.5171300449967384,-0.03630893367808312,0.12137422982603312
4,10567680,18,1112,20630,0.08120648,0.30783203125,0.2,0.0003,-0.04217618703842163,0.693393349647522,-0.5175433255732059,-0.03516528095118701,0.10850832417607308
5,10572800,23,1084,20640,0.082773656,0.30025390625,0.2,0.0003,-0.030021579936146736,0.6902755498886108,-0.5239960996806622,-0.0344460225966759,0.13281995648518205
6,10577920,28,1072,20650,0.09204669,0.28763671875,0.2,0.0003,-0.029667995870113373,0.6690546274185181,-0.4766193345189095,-0.028751435088925064,0.12869072888046504
7,10583040,33,1063,20660,0.10154073,0.2989453125,0.2,0.0003,-0.025636274367570877,0.5928285121917725,-0.47608839109539985,-0.03236434566788375,0.14852477714419365
8,10588160,38,1054,20670,0.11001841,0.32255859375,0.2,0.0003,-0.029466839507222176,0.5959748029708862,-0.5074887868762016,-0.035457583451643584,0.13025381231680513
9,10593280,44,1046,20680,0.09025374,0.3193359375,0.2,0.0003,-0.0506022572517395,0.6435893177986145,-0.5411549113690853,-0.03538774639368057,0.11308997206389904
10,10598400,49,1042,20690,0.083168395,0.30025390625,0.2,0.0003,-0.03447210416197777,0.6045169234275818,-0.535557184368372,-0.034489017259329555,0.11110770512372255
1,10603520,2,2083,20700,0.08705301,0.30078125,0.2,0.0003,-0.022260259836912155,0.44945448637008667,-0.49297601222991944,-0.033949079597368835,0.13673947812989354
2,10608640,7,1314,20710,0.10604714,0.2858984375,0.2,0.0003,-0.03211282566189766,0.717832624912262,-0.489529462903738,-0.02936383502557874,0.1018112924322486
3,10613760,12,1194,20720,0.075360335,0.27333984375,0.2,0.0003,-0.03361775726079941,0.5919567942619324,-0.4653531800210476,-0.03384516336489469,0.10981392189860344
4,10618880,17,1143,20730,0.086977854,0.29412109375,0.2,0.0003,-0.04414112865924835,0.5121507048606873,-0.49423385947942733,-0.034849421372637156,0.096916125677526
5,10624000,22,1116,20740,0.08422163,0.2942578125,0.2,0.0003,-0.03290288522839546,0.6468587517738342,-0.5055779914557934,-0.03455227487720549,0.08879771203733981
6,10629120,27,1098,20750,0.08154556,0.3058203125,0.2,0.0003,-0.05916581675410271,0.6039838790893555,-0.5324478302896023,-0.03727764886803925,0.10090199761092662
7,10634240,32,1086,20760,0.10216527,0.29744140625,0.2,0.0003,-0.02715366706252098,0.6081897020339966,-0.4918444240093231,-0.03370801370125264,0.12439109038561583
8,10639360,38,1074,20770,0.0735632,0.2925,0.2,0.0003,-0.026199236512184143,0.5905700922012329,-0.5111718536913394,-0.028119756798259912,0.13320889353752136
9,10644480,43,1067,20780,0.07746563,0.2886328125,0.2,0.0003,-0.04287762939929962,0.5377135276794434,-0.5006564611196518,-0.03324298485647887,0.1209725559130311
10,10649600,48,1061,20790,0.07610241,0.3015234375,0.2,0.0003,-0.031052671372890472,0.5291272401809692,-0.5252391052246094,-0.03589317462639883,0.1407344715669751
1,10654720,2,2144,20800,0.081194624,0.30921875,0.2,0.0003,-0.03315964341163635,0.41849684715270996,-0.5343220168352127,-0.033016865816898645,0.15189540904015303
2,10659840,7,1321,20810,0.09060344,0.3257421875,0.2,0.0003,-0.015351850539445877,0.46214258670806885,-0.5626494452357292,-0.033328720587305724,0.16470070101320744
3,10664960,13,1180,20820,0.08003952,0.31427734375,0.2,0.0003,-0.04950142651796341,0.4901750087738037,-0.577674669623375,-0.034893723013810815,0.11722735807299614
4,10670080,18,1125,20830,0.086140096,0.318046875,0.2,0.0003,-0.02334759384393692,0.48199355602264404,-0.6002592423558235,-0.034034508150070905,0.14498165614902972
5,10675200,23,1099,20840,0.08784433,0.341640625,0.2,0.0003,-0.02043391391634941,0.5344980359077454,-0.6154544857144356,-0.04148163026198745,0.1644878713041544
6,10680320,28,1086,20850,0.08966046,0.315078125,0.2,0.0003,-0.025299347937107086,0.5164763927459717,-0.5300356602668762,-0.036107497895136474,0.11927290633320808
7,10685440,33,1077,20860,0.10205287,0.30818359375,0.2,0.0003,-0.04363797605037689,0.5676169395446777,-0.5188023647665978,-0.03337643289472908,0.1539143067970872
8,10690560,38,1071,20870,0.07353403,0.3147265625,0.2,0.0003,-0.0392824150621891,0.6012668609619141,-0.5186415915191174,-0.03309579686727375,0.12292807193472982
9,10695680,43,1064,20880,0.09092798,0.31302734375,0.2,0.0003,-0.04791683331131935,0.6394615173339844,-0.5242547024786472,-0.04304271390661597,0.10697494383901357
10,10700800,48,1059,20890,0.07533055,0.3073828125,0.2,0.0003,-0.048643603920936584,0.6591324806213379,-0.5543525445461274,-0.030508544370532034,0.1144673685543239
1,10705920,2,2140,20900,0.08240185,0.29892578125,0.2,0.0003,-0.024478383362293243,0.637958288192749,-0.5130296339094639,-0.03474245395511389,0.16111172484233977
2,10711040,7,1304,20910,0.08019687,0.3134375,0.2,0.0003,-0.014250006526708603,0.5922977924346924,-0.5380467639863491,-0.034869575400371104,0.1381396782398224
3,10716160,13,1178,20920,0.07786095,0.30580078125,0.2,0.0003,-0.05803931504487991,0.5716975927352905,-0.5399477173388004,-0.036964937627781184,0.13119702100753783
4,10721280,18,1127,20930,0.08255324,0.30376953125,0.2,0.0003,-0.04536081850528717,0.5977785587310791,-0.5562573167681694,-0.03607981335837394,0.14705653388053178
5,10726400,23,1099,20940,0.075589366,0.27474609375,0.2,0.0003,-0.043073467910289764,0.606732189655304,-0.48905316010117533,-0.03307432730216533,0.1339949134364724
6,10731520,28,1078,20950,0.08489743,0.309609375,0.2,0.0003,-0.047829098999500275,0.630419135093689,-0.5298053632676601,-0.038709822252858433,0.11575784675776958
7,10736640,33,1062,20960,0.07847141,0.3014453125,0.2,0.0003,-0.0190904401242733,0.5880537033081055,-0.5059183835983276,-0.0370462276507169,0.14867201225832105
8,10741760,39,1048,20970,0.07715844,0.3092578125,0.2,0.0003,-0.02796046808362007,0.6467512249946594,-0.5683386084437371,-0.039953497420065105,0.11673583487048746
9,10746880,44,1035,20980,0.08551818,0.3303125,0.2,0.0003,-0.04347671568393707,0.5711326599121094,-0.5640226337313652,-0.03771647132001817,0.13365290265530347
10,10752000,50,1021,20990,0.09168887,0.327578125,0.2,0.0003,-0.03035915642976761,0.6103175282478333,-0.6063915133476258,-0.0390792138222605,0.157502108104527
1,10757120,2,1780,21000,0.081728846,0.31953125,0.2,0.0003,-0.03807435184717178,0.44020575284957886,-0.5576840035617352,-0.03443010217510164,0.17101369513198733
2,10762240,8,1146,21010,0.08340083,0.3011328125,0.2,0.0003,-0.038701869547367096,0.5764430165290833,-0.5039085666835308,-0.03476049017161131,0.14249106001108885
3,10767360,14,1040,21020,0.08059537,0.3066015625,0.2,0.0003,-0.04272514954209328,0.527675211429596,-0.532629192918539,-0.034484480624087155,0.1448549454472959
4,10772480,20,988,21030,0.087274924,0.2900390625,0.2,0.0003,-0.03965604677796364,0.535240650177002,-0.4738112109899521,-0.03334625453921035,0.12612830139696599
5,10777600,26,960,21040,0.078853056,0.3146484375,0.2,0.0003,-0.03261663392186165,0.5682610869407654,-0.5449589486420154,-0.035282599972561,0.12867333540692927
6,10782720,32,947,21050,0.0789738,0.305,0.2,0.0003,-0.03471960872411728,0.5613393783569336,-0.5216197258234024,-0.03517271554563194,0.11680364646017552
7,10787840,38,935,21060,0.08559135,0.311640625,0.2,0.0003,-0.044160082936286926,0.4759150743484497,-0.5385412241518498,-0.034905792805366216,0.1409143847413361
8,10792960,44,927,21070,0.08771248,0.30294921875,0.2,0.0003,-0.034739747643470764,0.5776911973953247,-0.4728949992358685,-0.03373226849362254,0.1473753326199949
9,10798080,50,921,21080,0.09738562,0.3067578125,0.2,0.0003,-0.03813888132572174,0.5263586640357971,-0.4999719849228859,-0.03082391115371138,0.13802929064258934
10,10803200,55,916,21090,0.07909386,0.28533203125,0.2,0.0003,-0.035764165222644806,0.6504444479942322,-0.47811154708266257,-0.03053995260503143,0.10113015208393335
1,10808320,2,2117,21100,0.08198328,0.29103515625,0.2,0.0003,-0.03448149934411049,0.6546299457550049,-0.46682683885097503,-0.03460251612123102,0.10724895345047117
2,10813440,7,1305,21110,0.08738245,0.3041015625,0.2,0.0003,-0.022957386448979378,0.6532058715820312,-0.5176465000212193,-0.03574621164007112,0.10469585178419948
3,10818560,13,1173,21120,0.09522537,0.31115234375,0.2,0.0003,-0.04450276494026184,0.7119615077972412,-0.503528111577034,-0.038064616608899086,0.12335349133238196
4,10823680,18,1119,21130,0.08179212,0.30734375,0.2,0.0003,-0.03628375753760338,0.7138665318489075,-0.5564434714615345,-0.03333132146392018,0.1256686645746231
5,10828800,23,1097,21140,0.08369685,0.3053125,0.2,0.0003,-0.024623777717351913,0.6875729560852051,-0.5160482206940651,-0.03437370553612709,0.15810294672846795
6,10833920,28,1080,21150,0.08570729,0.311640625,0.2,0.0003,-0.020095039159059525,0.6578343510627747,-0.5416747486591339,-0.032316035800613464,0.1504176022671163
7,10839040,33,1070,21160,0.08122567,0.31541015625,0.2,0.0003,-0.027925990521907806,0.6461895704269409,-0.5404125601053238,-0.0301287982147187,0.1409049652516842
8,10844160,38,1060,21170,0.08742309,0.30251953125,0.2,0.0003,-0.035755835473537445,0.59488445520401,-0.48996742531657217,-0.03527829921338707,0.12288969615474343
9,10849280,43,1055,21180,0.087411575,0.34703125,0.2,0.0003,-0.04998299852013588,0.5178847312927246,-0.6006237828731537,-0.037587340220343324,0.13804519226774573
10,10854400,48,1051,21190,0.10387292,0.3081640625,0.2,0.0003,-0.046354956924915314,0.6094980239868164,-0.5150398716330529,-0.03448526266729459,0.13666680514812468
1,10859520,2,2116,21200,0.09244717,0.33548828125,0.2,0.0003,-0.03884407877922058,0.45780515670776367,-0.5679859709739685,-0.03375194911146537,0.12036078847944737
2,10864640,7,1300,21210,0.08689432,0.3415234375,0.2,0.0003,-0.02502249926328659,0.45494574308395386,-0.5850015011429787,-0.035004406385123726,0.11388082390651107
3,10869760,12,1184,21220,0.089232154,0.353125,0.2,0.0003,-0.05240626633167267,0.4497758150100708,-0.6044723522663117,-0.03993248844286427,0.1188461098819971
4,10874880,18,1135,21230,0.09857012,0.34513671875,0.2,0.0003,-0.021090341731905937,0.4066395163536072,-0.5558062480390071,-0.03494930969318375,0.15220244284719228
5,10880000,23,1107,21240,0.105018035,0.36009765625,0.2,0.0003,-0.015931446105241776,0.5255638360977173,-0.596938074529171,-0.03538947581546381,0.13036714676767588
6,10885120,28,1084,21250,0.085442506,0.34689453125,0.2,0.0003,-0.017551101744174957,0.45426589250564575,-0.5940866509079933,-0.03674850237788632,0.14615467336028815
7,10890240,33,1066,21260,0.090860724,0.3491015625,0.2,0.0003,-0.039470527321100235,0.6150858402252197,-0.5741376096010208,-0.038633749934379014,0.1297745630517602
8,10895360,38,1052,21270,0.07731924,0.344609375,0.2,0.0003,-0.03286920487880707,0.5228360891342163,-0.5968790131807328,-0.03880385862197727,0.11785325013101101
9,10900480,44,1039,21280,0.077427946,0.34146484375,0.2,0.0003,-0.04442184418439865,0.6260270476341248,-0.6275102207064629,-0.03504568343283609,0.10293910859152675
10,10905600,49,1027,21290,0.08928708,0.34103515625,0.2,0.0003,-0.03820447251200676,0.6689597368240356,-0.5864251956343651,-0.03780140348011628,0.13218794967979192
1,10910720,2,2099,21300,0.080179796,0.32189453125,0.2,0.0003,-0.042853012681007385,0.560073733329773,-0.5495956675708293,-0.033746111132204534,0.13478346358984708
2,10915840,7,1310,21310,0.08725822,0.32041015625,0.2,0.0003,-0.04159598425030708,0.7443766593933105,-0.5445595417916774,-0.03544180245604366,0.10679437832906842
3,10920960,12,1193,21320,0.07308323,0.3217578125,0.2,0.0003,-0.030800271779298782,0.6739412546157837,-0.5593659377098084,-0.03317720070946962,0.14470906181260942
4,10926080,17,1142,21330,0.08050684,0.30888671875,0.2,0.0003,-0.023971935734152794,0.5931556820869446,-0.5449243421852589,-0.033145492565818134,0.15861785188317298
5,10931200,23,1112,21340,0.08545031,0.3185546875,0.2,0.0003,-0.039347466081380844,0.5199524164199829,-0.5512576071918011,-0.034935686592943965,0.13936213597655298
6,10936320,27,1099,21350,0.09271707,0.31357421875,0.2,0.0003,-0.0570216104388237,0.5366612076759338,-0.5049528776109219,-0.03242608174216002,0.12270523084327578
7,10941440,32,1086,21360,0.08594284,0.32181640625,0.2,0.0003,-0.046629488468170166,0.5693800449371338,-0.5630656495690346,-0.03392808818258345,0.13049628745764494
8,10946560,37,1079,21370,0.09483286,0.34009765625,0.2,0.0003,-0.041012659668922424,0.5295677185058594,-0.5774034240841865,-0.03785276754293591,0.11551579352468253
9,10951680,42,1075,21380,0.085250124,0.3130078125,0.2,0.0003,-0.05205406993627548,0.5238389372825623,-0.5599664975702763,-0.03913933721370995,0.11098077131435274
10,10956800,47,1069,21390,0.08990043,0.32767578125,0.2,0.0003,-0.041091833263635635,0.37287086248397827,-0.5448437370359898,-0.03295103771029972,0.11314947352744639
1,10961920,2,2072,21400,0.08323632,0.33302734375,0.2,0.0003,-0.03859545290470123,0.49959713220596313,-0.5715702310204506,-0.036238725665025416,0.09628806628286839
2,10967040,7,1309,21410,0.08911246,0.32142578125,0.2,0.0003,-0.024206478148698807,0.5216642618179321,-0.5389178466796875,-0.034392254296690225,0.10926166441291571
3,10972160,12,1190,21420,0.09165911,0.33044921875,0.2,0.0003,-0.03742464631795883,0.4207381010055542,-0.5602241809666156,-0.03521490155835636,0.13695351637899875
4,10977280,17,1142,21430,0.09516571,0.33947265625,0.2,0.0003,-0.04222814738750458,0.41355693340301514,-0.5824044290184974,-0.0400432997290045,0.11122008353471756
5,10982400,22,1114,21440,0.083033755,0.327890625,0.2,0.0003,-0.041866183280944824,0.43464988470077515,-0.5673754125833511,-0.03805058682337403,0.10624690214172006
6,10987520,28,1095,21450,0.09650765,0.33703125,0.2,0.0003,-0.04406052082777023,0.5000016689300537,-0.5546857461333274,-0.0367787139932625,0.1095833713747561
7,10992640,33,1083,21460,0.07619269,0.307578125,0.2,0.0003,-0.0498359352350235,0.4377392530441284,-0.5431473767757415,-0.03628617642214522,0.12086567379534245
8,10997760,38,1076,21470,0.07704252,0.31412109375,0.2,0.0003,-0.040506087243556976,0.5111076831817627,-0.5897999566793442,-0.03690809870138764,0.12113457057625056
9,11002880,43,1069,21480,0.09462039,0.31404296875,0.2,0.0003,-0.0387403704226017,0.33890479803085327,-0.5483714035153389,-0.033848047284409405,0.11887547731399536
10,11008000,48,1063,21490,0.08738004,0.33623046875,0.2,0.0003,-0.04821484908461571,0.3773680329322815,-0.5777308869361878,-0.03633165961364284,0.12686252787709237
1,11013120,2,2115,21500,0.085298404,0.330390625,0.2,0.0003,-0.046235091984272,0.4203715920448303,-0.5750687962770462,-0.03208079733420163,0.1261320281215012
2,11018240,7,1315,21510,0.09034738,0.31876953125,0.2,0.0003,-0.028262604027986526,0.32797276973724365,-0.5600751939415932,-0.031762419168371706,0.12270901363343001
3,11023360,12,1197,21520,0.08698726,0.33728515625,0.2,0.0003,-0.03531855717301369,0.4718393087387085,-0.5776312911510467,-0.03671239141374826,0.14325358361005783
4,11028480,17,1143,21530,0.078097984,0.32095703125,0.2,0.0003,-0.04223739728331566,0.3737512230873108,-0.566220383644104,-0.03807833470869809,0.12574164008721708
5,11033600,22,1114,21540,0.08150461,0.33912109375,0.2,0.0003,-0.04240460693836212,0.436509907245636,-0.6102539324760436,-0.03717999143525958,0.13751382002606988
6,11038720,28,1095,21550,0.09592741,0.33982421875,0.2,0.0003,-0.057190731167793274,0.43633127212524414,-0.5832359528541565,-0.036003606012091044,0.11867428442463279
7,11043840,33,1082,21560,0.0859211,0.3400390625,0.2,0.0003,-0.05129549652338028,0.5431568622589111,-0.6034705993533135,-0.03437833525706083,0.11359471438452601
8,11048960,38,1069,21570,0.09095786,0.349921875,0.2,0.0003,-0.0463787242770195,0.5615375638008118,-0.6130215814709663,-0.03521844619419426,0.12779448105022312
9,11054080,43,1062,21580,0.09337011,0.32884765625,0.2,0.0003,-0.04238370805978775,0.5700507760047913,-0.5592781838774681,-0.03525599994231016,0.10961660120636224
10,11059200,48,1055,21590,0.09765379,0.3291796875,0.2,0.0003,-0.030783409252762794,0.508686900138855,-0.5107689544558525,-0.03436747346073389,0.11381374487653374
1,11064320,2,2075,21600,0.09238982,0.33955078125,0.2,0.0003,-0.042191483080387115,0.47302794456481934,-0.5618718722462654,-0.03465003058314323,0.1124001244828105
2,11069440,8,1229,21610,0.09244044,0.338203125,0.2,0.0003,-0.032848455011844635,0.561471700668335,-0.5481940673291683,-0.03358313855715096,0.09474164828658103
3,11074560,13,1143,21620,0.07415739,0.31787109375,0.2,0.0003,-0.03274024277925491,0.4605861306190491,-0.5549635103344918,-0.033800666905008256,0.09146590486168861
4,11079680,18,1108,21630,0.08948649,0.32943359375,0.2,0.0003,-0.03586428612470627,0.46334320306777954,-0.5396714068949222,-0.033831704948097466,0.10568423757329583
5,11084800,23,1087,21640,0.09558744,0.33181640625,0.2,0.0003,-0.04014825075864792,0.5700769424438477,-0.5557117232680321,-0.033409218685701486,0.11837263569235802
6,11089920,28,1072,21650,0.08645738,0.3342578125,0.2,0.0003,-0.03792333975434303,0.6171342134475708,-0.5878491282463074,-0.03495284995529801,0.09919178204610944
7,11095040,33,1061,21660,0.07980321,0.32765625,0.2,0.0003,-0.03694838657975197,0.5975208282470703,-0.5627260333299637,-0.03505263996776194,0.13472175143659115
8,11100160,39,1044,21670,0.09563315,0.33275390625,0.2,0.0003,-0.05286695435643196,0.6322083473205566,-0.565826955139637,-0.03408610090147704,0.10712900508195161
9,11105280,44,1032,21680,0.14066048,0.3379296875,0.2,0.0003,-0.07033351063728333,0.6467533111572266,-0.5467286549508572,-0.03777902096509934,0.11358191762119532
10,11110400,49,1024,21690,0.08271115,0.31099609375,0.2,0.0003,-0.0516909621655941,0.4566846489906311,-0.5036298668384552,-0.035911106276325884,0.10206210914999246
1,11115520,2,2095,21700,0.0845915,0.3317578125,0.2,0.0003,-0.0477813258767128,0.5502188205718994,-0.5723974514007568,-0.03976544324774295,0.0974227193556726
2,11120640,7,1302,21710,0.08747641,0.319609375,0.2,0.0003,-0.05593524128198624,0.6187431812286377,-0.5367426346242428,-0.037434910400770606,0.10115921702235937
3,11125760,12,1184,21720,0.08482029,0.3073828125,0.2,0.0003,-0.05097419023513794,0.6416019201278687,-0.536779053658247,-0.037818715979810805,0.0981397476233542
4,11130880,18,1122,21730,0.0869162,0.34291015625,0.2,0.0003,-0.05097001791000366,0.6694972515106201,-0.5832313799858093,-0.03948731423355639,0.09141731491312384
5,11136000,23,1087,21740,0.07852063,0.3227734375,0.2,0.0003,-0.021198291331529617,0.5167820453643799,-0.552113828510046,-0.03503837834578007,0.11651664353907108
6,11141120,28,1065,21750,0.08047937,0.32923828125,0.2,0.0003,-0.027355043217539787,0.5600717067718506,-0.55651457503438,-0.03416499645449221,0.11993607683107257
7,11146240,34,1050,21760,0.0865698,0.3217578125,0.2,0.0003,-0.030621079728007317,0.4596160650253296,-0.5453159421682358,-0.03320507358759642,0.11051492709666491
8,11151360,39,1034,21770,0.07801865,0.31923828125,0.2,0.0003,-0.056585781276226044,0.511316180229187,-0.5592703312635422,-0.03695521337562241,0.12021978748962284
9,11156480,45,1020,21780,0.09488623,0.32330078125,0.2,0.0003,-0.0457606166601181,0.42077165842056274,-0.5468364368379116,-0.03406214046757668,0.12633332666009664
10,11161600,50,1004,21790,0.08470174,0.33564453125,0.2,0.0003,-0.039101190865039825,0.5788979530334473,-0.5779420202970504,-0.03283862649230287,0.1301371485926211
1,11166720,2,2040,21800,0.07716493,0.3229296875,0.2,0.0003,-0.0438058003783226,0.6595687866210938,-0.5633795490860939,-0.03494361483724788,0.12332147208973765
2,11171840,7,1288,21810,0.07394082,0.31685546875,0.2,0.0003,-0.044235676527023315,0.6423654556274414,-0.5808052077889443,-0.03595503207296133,0.13876061091199518
3,11176960,13,1150,21820,0.08330908,0.31908203125,0.2,0.0003,-0.032472528517246246,0.5966507196426392,-0.5872004091739654,-0.035234972704201936,0.16097603222355247
4,11182080,18,1082,21830,0.09354828,0.3162109375,0.2,0.0003,-0.03376191854476929,0.6631309986114502,-0.5303209882974624,-0.035938549116253854,0.1410075028054416
5,11187200,24,1053,21840,0.07756536,0.29533203125,0.2,0.0003,-0.041009075939655304,0.48721444606781006,-0.5227262660861015,-0.035914021814242005,0.13168561862781644
6,11192320,29,1042,21850,0.08809604,0.31650390625,0.2,0.0003,-0.03257445991039276,0.5417678356170654,-0.5354456059634686,-0.032920997561886906,0.14583565149456262
7,11197440,34,1040,21860,0.07976401,0.325,0.2,0.0003,-0.05422334000468254,0.4405423402786255,-0.5985211235284805,-0.03861318373121321,0.10872228803113103
8,11202560,39,1036,21870,0.08353425,0.32244140625,0.2,0.0003,-0.048668622970581055,0.667849600315094,-0.564888940602541,-0.03599662557709962,0.11295026153326035
9,11207680,44,1032,21880,0.07931795,0.309921875,0.2,0.0003,-0.03444777801632881,0.5947983860969543,-0.5372301967442036,-0.03415454649366438,0.10322609381750227
10,11212800,49,1031,21890,0.09112405,0.33162109375,0.2,0.0003,-0.056394077837467194,0.6578785181045532,-0.5939003771543503,-0.03542222005780786,0.09563606744632125
1,11217920,2,2158,21900,0.08569525,0.31650390625,0.2,0.0003,-0.036304719746112823,0.6865053176879883,-0.542211991250515,-0.03699776583351195,0.1128855923935771
2,11223040,7,1346,21910,0.078944676,0.3281640625,0.2,0.0003,-0.03546054661273956,0.5872193574905396,-0.5890050169825554,-0.0331243512686342,0.11277521412819624
3,11228160,12,1215,21920,0.09531623,0.33111328125,0.2,0.0003,-0.04148761183023453,0.4629296660423279,-0.5337348799407482,-0.03366698413388804,0.12526977298781275
4,11233280,17,1157,21930,0.10313092,0.34556640625,0.2,0.0003,-0.020783279091119766,0.3276546597480774,-0.5861549347639083,-0.038044977649115026,0.09948506847023963
5,11238400,22,1124,21940,0.09823249,0.35595703125,0.2,0.0003,-0.041259411722421646,0.4557260274887085,-0.6197280645370483,-0.035765351806767286,0.09143782022409142
6,11243520,27,1104,21950,0.094852254,0.33736328125,0.2,0.0003,-0.06980631500482559,0.46767884492874146,-0.5654139444231987,-0.03525274557061493,0.10221393487416208
7,11248640,32,1089,21960,0.08085947,0.33763671875,0.2,0.0003,-0.051583271473646164,0.5556409358978271,-0.5812686508893967,-0.038503085593692955,0.09037166642025113
8,11253760,37,1077,21970,0.08907633,0.33888671875,0.2,0.0003,-0.0534958690404892,0.4926726818084717,-0.5936474874615669,-0.04064252138137817,0.10258769737556576
9,11258880,43,1069,21980,0.07631226,0.332734375,0.2,0.0003,-0.055243343114852905,0.5648003816604614,-0.5952806594967842,-0.039308338167611506,0.1074547734297812
10,11264000,48,1063,21990,0.08198623,0.33431640625,0.2,0.0003,-0.04256730526685715,0.3526657819747925,-0.5908978447318077,-0.03909452352207154,0.1128642481006682
1,11269120,2,2115,22000,0.07790991,0.3222265625,0.2,0.0003,-0.026017744094133377,0.5175381898880005,-0.5806376968324184,-0.03587820691522211,0.09215611893683671
2,11274240,7,1314,22010,0.080698535,0.32517578125,0.2,0.0003,-0.06617891043424606,0.5256545543670654,-0.5520241232216359,-0.039875937565229835,0.10614259246736765
3,11279360,12,1185,22020,0.09102654,0.29859375,0.2,0.0003,-0.054916515946388245,0.6062173843383789,-0.4978382743895054,-0.03589301240630448,0.10254695588722824
4,11284480,18,1130,22030,0.076681145,0.313203125,0.2,0.0003,-0.046700045466423035,0.6608896255493164,-0.5673493200540543,-0.036610710192471745,0.10847163885831833
5,11289600,23,1093,22040,0.07171099,0.3048828125,0.2,0.0003,-0.033403944224119186,0.6089073419570923,-0.5501684935390949,-0.03574544946430251,0.1319594779238105
6,11294720,28,1069,22050,0.082225814,0.296015625,0.2,0.0003,-0.035220298916101456,0.5291745066642761,-0.49814850464463234,-0.031085747918114068,0.10786997437477112
7,11299840,34,1049,22060,0.07132681,0.308984375,0.2,0.0003,-0.023528244346380234,0.5032435655593872,-0.5620999689400196,-0.035938957545440645,0.14804443381726742
8,11304960,39,1032,22070,0.08533566,0.32501953125,0.2,0.0003,-0.051233626902103424,0.6233905553817749,-0.591598045527935,-0.030269186245277524,0.10610495941713452
9,11310080,45,1018,22080,0.08659332,0.32669921875,0.2,0.0003,-0.05198737606406212,0.6419153213500977,-0.5815272092819214,-0.03546891347737983,0.12682805430144073
10,11315200,50,1005,22090,0.08359496,0.29650390625,0.2,0.0003,-0.01599607802927494,0.6653460264205933,-0.5184956654906273,-0.03594575077760965,0.14313791474327445
1,11320320,3,1654,22100,0.08371551,0.316328125,0.2,0.0003,-0.0227762870490551,0.6026895642280579,-0.5607300014793872,-0.03171119543723762,0.14859550200402738
2,11325440,8,1158,22110,0.0719189,0.2919140625,0.2,0.0003,-0.029661431908607483,0.6207712888717651,-0.5399591340124608,-0.03303838953142986,0.1930188837647438
3,11330560,14,1039,22120,0.08615114,0.31337890625,0.2,0.0003,-0.03235379979014397,0.5895299911499023,-0.5213788510859012,-0.03278864684747532,0.12768131630495191
4,11335680,20,989,22130,0.07683699,0.3180859375,0.2,0.0003,-0.030251257121562958,0.6840488910675049,-0.5802625864744186,-0.031233033849857747,0.12994239959865808
5,11340800,26,960,22140,0.07960248,0.30923828125,0.2,0.0003,-0.03624185919761658,0.5533892512321472,-0.5540039341151715,-0.0346976630622521,0.14641563419252634
6,11345920,32,936,22150,0.08094825,0.31240234375,0.2,0.0003,-0.05044521018862724,0.5429621934890747,-0.5794261607527733,-0.03567097637336701,0.1626922362484038
7,11351040,38,923,22160,0.09211399,0.31595703125,0.2,0.0003,-0.04317738860845566,0.5146563053131104,-0.5739282029867172,-0.03430465556681156,0.13985383465886117
8,11356160,44,913,22170,0.08806704,0.3265234375,0.2,0.0003,-0.04575701430439949,0.5162970423698425,-0.5719020229578018,-0.03646942347986624,0.10137655638158322
9,11361280,50,909,22180,0.08209434,0.312109375,0.2,0.0003,-0.019425127655267715,0.614762544631958,-0.5581148782372475,-0.03365809882525354,0.13245154436677695
10,11366400,56,906,22190,0.09511818,0.32876953125,0.2,0.0003,-0.023789498955011368,0.5495408177375793,-0.5666374343633652,-0.03491990990471095,0.12520000968128442
1,11371520,2,2090,22200,0.08463722,0.32689453125,0.2,0.0003,-0.029666464775800705,0.4325407147407532,-0.5743713602423668,-0.03567109154071659,0.12344938976690173
2,11376640,8,1261,22210,0.08159536,0.31333984375,0.2,0.0003,-0.059194907546043396,0.5261349081993103,-0.5483986619114876,-0.036953943073749544,0.11325979238376022
3,11381760,13,1163,22220,0.078472264,0.30400390625,0.2,0.0003,-0.03944689780473709,0.5236613154411316,-0.5563138549029827,-0.037584028653800484,0.1467855577915907
4,11386880,18,1120,22230,0.08165469,0.3069921875,0.2,0.0003,-0.05075779929757118,0.6111165285110474,-0.5195754116773605,-0.03610420831944793,0.11796352060511708
5,11392000,23,1097,22240,0.08330646,0.300546875,0.2,0.0003,-0.01257232017815113,0.6120717525482178,-0.5385125987231731,-0.03136447797063738,0.12332707898691296
6,11397120,28,1079,22250,0.08869037,0.31052734375,0.2,0.0003,-0.05234856158494949,0.5416072010993958,-0.540446031987667,-0.03226908155251294,0.13545287355780603
7,11402240,33,1069,22260,0.075210705,0.30392578125,0.2,0.0003,-0.006860570982098579,0.6358769536018372,-0.5476722386479378,-0.03400805208366364,0.1278218780644238
8,11407360,38,1060,22270,0.09631713,0.301875,0.2,0.0003,-0.05467822402715683,0.5724203586578369,-0.524195197224617,-0.037639008143451065,0.11324208289384842
9,11412480,43,1055,22280,0.08752378,0.31123046875,0.2,0.0003,-0.0426359586417675,0.6320561170578003,-0.5452146315574646,-0.03611933279316872,0.12875385088846086
10,11417600,48,1048,22290,0.075904265,0.314921875,0.2,0.0003,-0.042668938636779785,0.7394591569900513,-0.5449414317309856,-0.03668650959385559,0.12599323341622948
1,11422720,2,2123,22300,0.08409631,0.31748046875,0.2,0.0003,-0.03619113191962242,0.6449613571166992,-0.5404535944759846,-0.034756424040533605,0.11642515221610665
2,11427840,7,1330,22310,0.091245644,0.3091796875,0.2,0.0003,-0.008064649999141693,0.4637570381164551,-0.5195090982317925,-0.031032678245101124,0.16402725126594306
3,11432960,12,1196,22320,0.08964262,0.32677734375,0.2,0.0003,-0.023710038512945175,0.7065564393997192,-0.5582935175299645,-0.03458559657679871,0.13005333330482244
4,11438080,18,1126,22330,0.0840037,0.3180859375,0.2,0.0003,-0.04806755110621452,0.6522485017776489,-0.5595340900123119,-0.03623263840097934,0.12013493278995156
5,11443200,23,1089,22340,0.0962892,0.326875,0.2,0.0003,-0.0530758798122406,0.6355413198471069,-0.5479104462265968,-0.03706188747426495,0.11891063055023551
6,11448320,28,1067,22350,0.0864719,0.31138671875,0.2,0.0003,-0.027792468667030334,0.6277642250061035,-0.5054758387804031,-0.03417944934219122,0.09946292523294688
7,11453440,33,1054,22360,0.09199911,0.3280078125,0.2,0.0003,-0.036650680005550385,0.5180411338806152,-0.5702284270524979,-0.03433084864169359,0.12841683872044085
8,11458560,39,1041,22370,0.09870057,0.3277734375,0.2,0.0003,-0.03209119290113449,0.5143260359764099,-0.5263044491410256,-0.036655587635468695,0.11142752701416611
9,11463680,44,1037,22380,0.08958235,0.32236328125,0.2,0.0003,-0.03216404467821121,0.6792902946472168,-0.5662811347842216,-0.035401276603806764,0.11288402969017625
10,11468800,49,1032,22390,0.089690365,0.336328125,0.2,0.0003,-0.05974818766117096,0.7192447185516357,-0.6104223540425301,-0.03790958556346595,0.09834021957591176
1,11473920,2,2093,22400,0.08628695,0.325234375,0.2,0.0003,-0.04088270291686058,0.729293942451477,-0.5882264426350594,-0.035129414896946404,0.115593540687114
2,11479040,7,1318,22410,0.095211744,0.33986328125,0.2,0.0003,-0.024948127567768097,0.5950220823287964,-0.5645436361432076,-0.03161173312459141,0.13606635535135866
3,11484160,12,1193,22420,0.081481874,0.32369140625,0.2,0.0003,-0.025110647082328796,0.48885631561279297,-0.5618632519245148,-0.03426297376863659,0.14062079915776848
4,11489280,17,1144,22430,0.09371096,0.3305859375,0.2,0.0003,-0.04748081788420677,0.7231478691101074,-0.545478150844574,-0.035335945165716115,0.11174286343157291
5,11494400,22,1117,22440,0.09217398,0.33685546875,0.2,0.0003,-0.029851095750927925,0.5093510150909424,-0.5629506087303162,-0.03659028695896268,0.11168054211884737
6,11499520,27,1098,22450,0.081993274,0.336171875,0.2,0.0003,-0.03649483248591423,0.6445221900939941,-0.5848951455950737,-0.03653506885981187,0.12522407576441766
7,11504640,33,1085,22460,0.082153894,0.327109375,0.2,0.0003,-0.028362635523080826,0.6384643316268921,-0.5725155174732208,-0.03250170343089849,0.12254169262945652
8,11509760,38,1074,22470,0.08665536,0.3108203125,0.2,0.0003,-0.03379271551966667,0.6425790190696716,-0.5288304731249809,-0.03300250488333404,0.14148559771478175
9,11514880,43,1068,22480,0.08149646,0.33103515625,0.2,0.0003,-0.02133571356534958,0.6487758755683899,-0.5810429820418358,-0.032850982705131176,0.14091049378737808
10,11520000,48,1062,22490,0.1022435,0.33232421875,0.2,0.0003,-0.03251749277114868,0.6137126088142395,-0.5237597964704037,-0.03236374236410484,0.11100266721099615
1,11525120,2,2054,22500,0.093493514,0.336640625,0.2,0.0003,-0.03062516637146473,0.7158952951431274,-0.5379669842123985,-0.031648565330542625,0.10539281165227293
2,11530240,7,1314,22510,0.1018494,0.3470703125,0.2,0.0003,-0.04054458439350128,0.6466104984283447,-0.5685074722766876,-0.0333224705606699,0.10166366118937731
3,11535360,12,1183,22520,0.09454781,0.33935546875,0.2,0.0003,-0.035837121307849884,0.5612189769744873,-0.5363928240537643,-0.031473007260356095,0.12759461127221583
4,11540480,18,1126,22530,0.075956866,0.3091015625,0.2,0.0003,-0.034699950367212296,0.6515313982963562,-0.5468239045143127,-0.03331999422516674,0.12338197762146592
5,11545600,23,1090,22540,0.08829118,0.336875,0.2,0.0003,-0.013728268444538116,0.6016846895217896,-0.580035118162632,-0.0366326155886054,0.13179490027949214
6,11550720,28,1071,22550,0.09230117,0.33376953125,0.2,0.0003,-0.037991490215063095,0.6123735904693604,-0.5556637904047966,-0.03407394530717284,0.1257757630944252
7,11555840,34,1049,22560,0.07969652,0.3314453125,0.2,0.0003,-0.018663354218006134,0.6223618984222412,-0.584847374856472,-0.03479429678991437,0.15907260643318297
8,11560960,39,1041,22570,0.088021524,0.325390625,0.2,0.0003,-0.025160789489746094,0.5591347217559814,-0.5721346387267112,-0.03255989095196128,0.15762737184762954
9,11566080,44,1037,22580,0.08456697,0.30845703125,0.2,0.0003,-0.011915508657693863,0.38724255561828613,-0.5068482089042664,-0.026451455540955068,0.16675444316118956
10,11571200,49,1033,22590,0.10198711,0.32728515625,0.2,0.0003,-0.0483383871614933,0.5048978328704834,-0.5482706306874752,-0.033662796122953295,0.10331337049603462
1,11576320,2,2126,22600,0.09402949,0.32955078125,0.2,0.0003,-0.02759838104248047,0.4252929091453552,-0.5869292533397674,-0.029627118459902704,0.14338356863707305
2,11581440,7,1309,22610,0.09662299,0.33314453125,0.2,0.0003,-0.05390973016619682,0.48536694049835205,-0.5612349700927735,-0.03395456107333303,0.10165034980513156
3,11586560,12,1182,22620,0.10198833,0.356015625,0.2,0.0003,-0.04181504249572754,0.5141417980194092,-0.5702645432949066,-0.030191082244273276,0.10469315556809305
4,11591680,18,1128,22630,0.09055538,0.34615234375,0.2,0.0003,-0.04029545933008194,0.4557485580444336,-0.5867378199100495,-0.029420044030994175,0.12247251071035863
5,11596800,23,1092,22640,0.09178032,0.33103515625,0.2,0.0003,-0.03479374200105667,0.5643190145492554,-0.568084197640419,-0.03343899644911289,0.10989543778821825
6,11601920,28,1073,22650,0.07110899,0.3278515625,0.2,0.0003,-0.03876826539635658,0.4798651933670044,-0.5848201656341553,-0.031031352165155113,0.10743423337116838
7,11607040,33,1060,22660,0.08374573,0.331796875,0.2,0.0003,-0.034527864307165146,0.661564290523529,-0.5914320263266564,-0.036812063739635054,0.10196774415671825
8,11612160,39,1048,22670,0.08016436,0.32740234375,0.2,0.0003,-0.039499446749687195,0.5759499073028564,-0.5609745950996876,-0.0270467444579117,0.1363824924454093
9,11617280,44,1040,22680,0.09889281,0.34146484375,0.2,0.0003,-0.03738512471318245,0.6746366620063782,-0.5346444304287433,-0.034567949860356745,0.114239162504673
10,11622400,49,1030,22690,0.08246697,0.32525390625,0.2,0.0003,-0.0371549129486084,0.5458285808563232,-0.5527086289227009,-0.032756073391065,0.14230239072814585
1,11627520,2,2053,22700,0.08432685,0.3127734375,0.2,0.0003,-0.04602512717247009,0.5414820313453674,-0.5462543314695358,-0.03218598505482077,0.18388465080410243
2,11632640,8,1267,22710,0.07314191,0.30875,0.2,0.0003,-0.04243491217494011,0.5530654191970825,-0.5447957997024059,-0.0331989271659404,0.13293215727433563
3,11637760,13,1157,22720,0.07630052,0.305,0.2,0.0003,-0.008267998695373535,0.5964901447296143,-0.5410238575935363,-0.032597546479664744,0.1484106391854584
4,11642880,18,1117,22730,0.07754068,0.3106640625,0.2,0.0003,-0.02432381547987461,0.4748051166534424,-0.5567517314851284,-0.03344961047172546,0.14390510270372034
5,11648000,23,1089,22740,0.08758382,0.31041015625,0.2,0.0003,-0.056005287915468216,0.5653390884399414,-0.4837121456861496,-0.0334013604093343,0.10444804320111871
6,11653120,28,1069,22750,0.08040942,0.320859375,0.2,0.0003,-0.018848169595003128,0.4685456156730652,-0.5729050074517726,-0.033387230089865626,0.1309613209962845
7,11658240,33,1056,22760,0.07555299,0.31099609375,0.2,0.0003,-0.04606569558382034,0.48087626695632935,-0.6058604982495308,-0.03450855624396354,0.14193473637104034
8,11663360,39,1043,22770,0.09576242,0.33384765625,0.2,0.0003,-0.023068372160196304,0.47740620374679565,-0.5655135336518288,-0.03681313970126212,0.14001092173159121
9,11668480,44,1031,22780,0.07900685,0.32990234375,0.2,0.0003,-0.028347499668598175,0.34920310974121094,-0.5929223012924194,-0.03473023422062397,0.15158662479370832
10,11673600,50,1018,22790,0.087326124,0.32380859375,0.2,0.0003,-0.026074260473251343,0.55738365650177,-0.5878525340557098,-0.03149824614170939,0.13148195885121822
1,11678720,2,2092,22800,0.08747922,0.31990234375,0.2,0.0003,-0.038717977702617645,0.39760637283325195,-0.5653458273410797,-0.03146165039623156,0.10926929958164693
2,11683840,7,1284,22810,0.09264449,0.338984375,0.2,0.0003,-0.03182592988014221,0.4599018096923828,-0.5687548035383224,-0.033052759096026424,0.123870352730155
3,11688960,12,1181,22820,0.091322854,0.3316015625,0.2,0.0003,-0.05241045355796814,0.5545933246612549,-0.5634173101186752,-0.03684923985973001,0.11497912582010031
4,11694080,18,1136,22830,0.08382718,0.32732421875,0.2,0.0003,-0.032388217747211456,0.5863668918609619,-0.5824541488289833,-0.027756933686323464,0.12132786178961397
5,11699200,23,1110,22840,0.099178836,0.33955078125,0.2,0.0003,-0.04986108839511871,0.504923939704895,-0.590907601416111,-0.0350349649367854,0.11826335908845068
6,11704320,28,1093,22850,0.08022715,0.334609375,0.2,0.0003,-0.05927830934524536,0.6925702095031738,-0.5920053386688232,-0.03560331018641591,0.08311884264461696
7,11709440,33,1078,22860,0.07818652,0.32658203125,0.2,0.0003,-0.01612747833132744,0.6056438684463501,-0.5985069048404693,-0.03330464466707781,0.12791197542101146
8,11714560,38,1072,22870,0.079710215,0.316875,0.2,0.0003,-0.03680146485567093,0.6178531646728516,-0.5840483298897743,-0.03419137618504465,0.13810859948396684
9,11719680,43,1064,22880,0.082390405,0.32357421875,0.2,0.0003,-0.046367283910512924,0.563254714012146,-0.5701840800046921,-0.032930905390530826,0.13145902946591378
10,11724800,48,1056,22890,0.09192969,0.34119140625,0.2,0.0003,-0.05290959030389786,0.5676520466804504,-0.5950747805833817,-0.03565830430481583,0.12520494481548666
1,11729920,2,2105,22900,0.08017861,0.31646484375,0.2,0.0003,-0.026908952742815018,0.4673084616661072,-0.5854031366109848,-0.027871847450733185,0.1469466920569539
2,11735040,7,1329,22910,0.106837526,0.330703125,0.2,0.0003,-0.03072468191385269,0.49129605293273926,-0.5336811724305153,-0.02993029010016471,0.11268466968089343
3,11740160,12,1195,22920,0.077928565,0.347421875,0.2,0.0003,-0.02188904583454132,0.520168662071228,-0.6206646034121513,-0.030029789928812535,0.11143889589235187
4,11745280,17,1138,22930,0.08800663,0.3388671875,0.2,0.0003,-0.04017551243305206,0.501189112663269,-0.5672846087813377,-0.032344054928980764,0.10041627498343587
5,11750400,23,1107,22940,0.07970679,0.32580078125,0.2,0.0003,-0.041694656014442444,0.49955981969833374,-0.5777139747142792,-0.03391088115051389,0.08340047603473068
6,11755520,28,1089,22950,0.08542987,0.32478515625,0.2,0.0003,-0.0428595095872879,0.6178020238876343,-0.5954579278826714,-0.03242331447079778,0.10704854456707835
7,11760640,33,1078,22960,0.0779454,0.317265625,0.2,0.0003,-0.044815801084041595,0.5956001877784729,-0.5709858447313308,-0.0330567023367621,0.13127731535583734
8,11765760,38,1071,22970,0.100254774,0.3234765625,0.2,0.0003,-0.05326169729232788,0.5760670900344849,-0.5382418769598007,-0.03141765450593084,0.10484713895246386
9,11770880,43,1064,22980,0.082273096,0.3276953125,0.2,0.0003,-0.031795620918273926,0.4969235062599182,-0.5550339736044407,-0.035853448889683934,0.12288974273949861
10,11776000,48,1056,22990,0.09132114,0.3354296875,0.2,0.0003,-0.016975076869130135,0.5513062477111816,-0.5597994074225425,-0.03102977480040863,0.11380317691713572
1,11781120,2,1733,23000,0.10072259,0.3209765625,0.2,0.0003,-0.04089962691068649,0.5857554078102112,-0.49328113108873367,-0.035358524015173316,0.12266021978110075
2,11786240,8,1154,23010,0.07336888,0.2873046875,0.2,0.0003,-0.04306551069021225,0.5050113201141357,-0.4981871744990349,-0.035247623468749226,0.1365313256904483
3,11791360,14,1032,23020,0.08136932,0.298359375,0.2,0.0003,-0.04687807336449623,0.47965967655181885,-0.5258408848941326,-0.032271363390609625,0.12655441511422397
4,11796480,20,991,23030,0.09495678,0.32115234375,0.2,0.0003,-0.033168986439704895,0.6657736301422119,-0.5423461058735848,-0.03490985360229388,0.10525529569014908
5,11801600,26,968,23040,0.08124515,0.3045703125,0.2,0.0003,-0.04741086810827255,0.5471597909927368,-0.5103749340772629,-0.039404061697423456,0.11548824485391379
6,11806720,32,952,23050,0.09202744,0.32189453125,0.2,0.0003,-0.029131628572940826,0.44436389207839966,-0.5464377143979072,-0.031138305841013788,0.13581526264548302
7,11811840,38,935,23060,0.093350686,0.3090234375,0.2,0.0003,-0.04515392333269119,0.5879412889480591,-0.4929467450082302,-0.032983388451393696,0.09796077005565167
8,11816960,44,924,23070,0.08648313,0.3066015625,0.2,0.0003,-0.04595082998275757,0.6375045776367188,-0.5090275640785694,-0.03401881838217378,0.09476892413571476
9,11822080,50,917,23080,0.08926134,0.32146484375,0.2,0.0003,-0.043132632970809937,0.5333687663078308,-0.5217272013425827,-0.0334163748822175,0.08597779196687043
10,11827200,56,910,23090,0.109296754,0.30416015625,0.2,0.0003,-0.037605661898851395,0.6486220359802246,-0.5061551116406917,-0.034935421019326895,0.08675075524486602
1,11832320,2,2112,23100,0.08252762,0.2974609375,0.2,0.0003,-0.0424245223402977,0.5168023705482483,-0.5212728698551655,-0.03211988319177181,0.09946621352806688
2,11837440,7,1326,23110,0.09082515,0.31427734375,0.2,0.0003,-0.03435170650482178,0.5541024208068848,-0.5402690941095352,-0.032036773341242226,0.12245335018262267
3,11842560,12,1208,23120,0.08298387,0.308203125,0.2,0.0003,-0.05460721254348755,0.5970500707626343,-0.5604485683143139,-0.03436802893877029,0.10536928890272974
4,11847680,17,1154,23130,0.09345668,0.31041015625,0.2,0.0003,-0.04911840334534645,0.5155802965164185,-0.510853207707405,-0.03225423352792859,0.11123099541291595
5,11852800,22,1122,23140,0.08435927,0.3236328125,0.2,0.0003,-0.040838927030563354,0.5474774837493896,-0.5708240014314652,-0.033303888547234234,0.11023582324385643
6,11857920,27,1098,23150,0.083363816,0.32619140625,0.2,0.0003,-0.031695351004600525,0.34155136346817017,-0.5509958484768868,-0.0359930394240655,0.09351168856024743
7,11863040,33,1085,23160,0.08680712,0.306015625,0.2,0.0003,-0.03391310200095177,0.4304705262184143,-0.5367722637951374,-0.032404116489924494,0.10755483055487275
8,11868160,38,1073,23170,0.07957305,0.30947265625,0.2,0.0003,-0.04307669401168823,0.4627491235733032,-0.5295894084870816,-0.03342863786965609,0.09823017913848162
9,11873280,43,1064,23180,0.09690119,0.3108203125,0.2,0.0003,-0.0479891300201416,0.5270568132400513,-0.48955576613545415,-0.03219230687245726,0.102208395563066
10,11878400,48,1057,23190,0.076702274,0.32244140625,0.2,0.0003,-0.03544881194829941,0.5875858664512634,-0.5333481065928936,-0.03627449678257108,0.08952285515144467
1,11883520,2,2077,23200,0.08517577,0.319921875,0.2,0.0003,-0.04194670170545578,0.6416072845458984,-0.5565266180038452,-0.0328637715568766,0.0953471607156098
2,11888640,7,1317,23210,0.0915845,0.31041015625,0.2,0.0003,-0.03728890046477318,0.5888078212738037,-0.5002631625533104,-0.03636553962249309,0.08454372092150152
3,11893760,12,1187,23220,0.09406625,0.29376953125,0.2,0.0003,-0.03810681030154228,0.6677271127700806,-0.4793710641562939,-0.03180047666188329,0.08798933736048639
4,11898880,18,1133,23230,0.100809276,0.3134375,0.2,0.0003,-0.03321712464094162,0.6962647438049316,-0.48321289733052253,-0.03205648736096919,0.07276130483485758
5,11904000,23,1100,23240,0.08636911,0.3041015625,0.2,0.0003,-0.05129372701048851,0.6593923568725586,-0.5110483008623123,-0.03580042201094329,0.08036216906271874
6,11909120,28,1080,23250,0.08606933,0.30115234375,0.2,0.0003,-0.05895422399044037,0.690596342086792,-0.5228690026700497,-0.034002388366498056,0.09491143527440726
7,11914240,33,1071,23260,0.09089873,0.31404296875,0.2,0.0003,-0.04840533435344696,0.6776700019836426,-0.5213521024584771,-0.03143774564377964,0.09226309698075057
8,11919360,38,1062,23270,0.08997716,0.28494140625,0.2,0.0003,-0.04548756778240204,0.6949717998504639,-0.5079608334600926,-0.032423601602204144,0.10326948531903327
9,11924480,43,1057,23280,0.074427135,0.29982421875,0.2,0.0003,-0.04121527448296547,0.6530321836471558,-0.5258090062439442,-0.03490909081418067,0.1048997847829014
10,11929600,48,1054,23290,0.08503409,0.30076171875,0.2,0.0003,-0.014580044895410538,0.6863535642623901,-0.5586079198122025,-0.030478214349132032,0.10580250442959369
1,11934720,2,2134,23300,0.099004135,0.31359375,0.2,0.0003,-0.03550548478960991,0.42396390438079834,-0.5060355879366398,-0.033178966225823385,0.10888389600440859
2,11939840,7,1343,23310,0.08348058,0.29732421875,0.2,0.0003,-0.041538286954164505,0.5599641799926758,-0.48458285108208654,-0.03320331233320758,0.1069184727780521
3,11944960,12,1217,23320,0.084532194,0.2992578125,0.2,0.0003,-0.03330652415752411,0.4564758539199829,-0.5292271547019481,-0.03337738097645342,0.09973693305626512
4,11950080,17,1144,23330,0.09288712,0.30919921875,0.2,0.0003,-0.03639834374189377,0.5824344158172607,-0.5248386484384536,-0.0331505904532969,0.08104725847952068
5,11955200,23,1106,23340,0.084339745,0.3220703125,0.2,0.0003,-0.03440786898136139,0.5718566179275513,-0.5535002593696118,-0.03447784645250067,0.09872355358675122
6,11960320,28,1083,23350,0.07273948,0.30291015625,0.2,0.0003,-0.058530911803245544,0.6242064237594604,-0.5645248708128929,-0.03548188667744398,0.10075037594884634
7,11965440,33,1066,23360,0.10138766,0.320390625,0.2,0.0003,-0.04809756204485893,0.503229022026062,-0.6031457504630089,-0.03396579680033028,0.12778983475640415
8,11970560,38,1052,23370,0.08389791,0.31390625,0.2,0.0003,-0.04136165976524353,0.6187663078308105,-0.5887378922104836,-0.03141546735540032,0.10895722113549709
9,11975680,44,1044,23380,0.095892936,0.31626953125,0.2,0.0003,-0.045097675174474716,0.5495083332061768,-0.5545510411262512,-0.0324121854477562,0.09755627708509565
10,11980800,49,1041,23390,0.107425965,0.3097265625,0.2,0.0003,-0.05016767978668213,0.5339653491973877,-0.497873949110508,-0.03832872413564473,0.09998247215524315
1,11985920,2,2113,23400,0.08257221,0.31349609375,0.2,0.0003,-0.046037327498197556,0.5514252185821533,-0.568457440584898,-0.03767666555242613,0.12506994334980845
2,11991040,7,1332,23410,0.07896688,0.3101171875,0.2,0.0003,-0.03217214345932007,0.3791065216064453,-0.5513756386935711,-0.033790685888379815,0.11137462573125959
3,11996160,12,1189,23420,0.079538584,0.31310546875,0.2,0.0003,-0.024583034217357635,0.4710180163383484,-0.5805160489678383,-0.034425105843693016,0.11339276729151607
4,12001280,18,1136,23430,0.087224066,0.30875,0.2,0.0003,-0.04367082566022873,0.45056742429733276,-0.5532861009240151,-0.03495523367542774,0.12887143375352025
5,12006400,23,1107,23440,0.08513207,0.31591796875,0.2,0.0003,-0.0529358871281147,0.38046205043792725,-0.5606875932216644,-0.03182282587746158,0.13873661322519182
6,12011520,28,1085,23450,0.07750758,0.31607421875,0.2,0.0003,-0.041699282824993134,0.5202503204345703,-0.5717729470133781,-0.03441455322317779,0.12130977235734462
7,12016640,33,1073,23460,0.089424275,0.29365234375,0.2,0.0003,-0.03652206063270569,0.5473955869674683,-0.48754657730460166,-0.03128121125046164,0.1207602639310062
8,12021760,38,1063,23470,0.087224685,0.31576171875,0.2,0.0003,-0.04705311357975006,0.5339334011077881,-0.5273414696753025,-0.031845119373174385,0.11676062809303403
9,12026880,43,1059,23480,0.08434832,0.31041015625,0.2,0.0003,-0.017756957560777664,0.6545979976654053,-0.5101912640035152,-0.03148923518368974,0.10103134766221046
10,12032000,48,1051,23490,0.08382164,0.27478515625,0.2,0.0003,-0.052666373550891876,0.6192158460617065,-0.47844552010297775,-0.03349809633102268,0.12761890737339854
1,12037120,2,2138,23500,0.08627202,0.3044140625,0.2,0.0003,-0.042973361909389496,0.6361948251724243,-0.5064812754094601,-0.03610026024281979,0.11462470360100269
2,12042240,7,1311,23510,0.07519382,0.279140625,0.2,0.0003,-0.03329825401306152,0.6634432077407837,-0.488830426633358,-0.032152637718245385,0.10995183655992151
3,12047360,12,1183,23520,0.085051686,0.3007421875,0.2,0.0003,-0.039171118289232254,0.6188343167304993,-0.5150165931880474,-0.031967458645813164,0.120068628937006
4,12052480,18,1130,23530,0.09836152,0.2839453125,0.2,0.0003,-0.02535565197467804,0.685382604598999,-0.45654319003224375,-0.030080715492367745,0.10556691525503993
5,12057600,23,1098,23540,0.08875088,0.283046875,0.2,0.0003,-0.03280939161777496,0.5637000799179077,-0.46987635374069214,-0.031205742838792502,0.107426120582968
6,12062720,28,1076,23550,0.090275906,0.29302734375,0.2,0.0003,-0.04130173474550247,0.5924273729324341,-0.5030879020690918,-0.0350541920773685,0.10267812924459577
7,12067840,33,1061,23560,0.079619855,0.28826171875,0.2,0.0003,-0.042405106127262115,0.5853080749511719,-0.47440773218870164,-0.028786997562274336,0.11976447628811002
8,12072960,38,1050,23570,0.08507891,0.30158203125,0.2,0.0003,-0.05015026777982712,0.6735900640487671,-0.5138923594355583,-0.03595696737524122,0.11978411063551903
9,12078080,44,1039,23580,0.08117072,0.2809375,0.2,0.0003,-0.03242884576320648,0.6782763004302979,-0.4786004035174847,-0.028022633120417594,0.11715140536427499
10,12083200,49,1033,23590,0.08403823,0.2969921875,0.2,0.0003,-0.029142092913389206,0.6937341690063477,-0.5126025143265724,-0.030530252628959715,0.11851631605997681
1,12088320,2,2125,23600,0.08066625,0.2695703125,0.2,0.0003,-0.03351224958896637,0.6283366680145264,-0.4663003145158291,-0.031003283192403613,0.11082049619406462
2,12093440,7,1302,23610,0.097364396,0.30685546875,0.2,0.0003,-0.04465874657034874,0.7234649658203125,-0.5302877582609653,-0.03399125932715833,0.11234674913808704
3,12098560,13,1177,23620,0.07783395,0.2777734375,0.2,0.0003,-0.026920052245259285,0.6701383590698242,-0.4849991126358509,-0.031537711564451454,0.11631465323269367
4,12103680,18,1123,23630,0.08134284,0.281484375,0.2,0.0003,-0.024403633549809456,0.6468807458877563,-0.5044099670648575,-0.03096299109281972,0.12723513912409545
5,12108800,23,1096,23640,0.11021377,0.301953125,0.2,0.0003,-0.04340245574712753,0.5896807909011841,-0.47419909432530405,-0.03382543277926743,0.11060696218162774
6,12113920,28,1083,23650,0.09034141,0.28236328125,0.2,0.0003,-0.029291663318872452,0.5363413095474243,-0.464665966629982,-0.0341906182654202,0.12480704762041568
7,12119040,33,1071,23660,0.09103104,0.2776953125,0.2,0.0003,-0.03826518356800079,0.6688100695610046,-0.429222262352705,-0.03319486780790612,0.10035830659791828
8,12124160,38,1061,23670,0.089909635,0.28166015625,0.2,0.0003,-0.03597418591380119,0.741280198097229,-0.4545740911364555,-0.03462653359398246,0.09155913325026631
9,12129280,43,1053,23680,0.072853655,0.2711328125,0.2,0.0003,-0.0242682583630085,0.6974130868911743,-0.4939955320954323,-0.03399410763289779,0.11518085720017553
10,12134400,48,1047,23690,0.08025515,0.28873046875,0.2,0.0003,-0.012586589902639389,0.7822067141532898,-0.535047557502985,-0.03512181247002445,0.1297154306061566
1,12139520,2,2012,23700,0.074393176,0.30255859375,0.2,0.0003,-0.042636532336473465,0.7998947501182556,-0.5164330610632897,-0.03424536037258804,0.11725253166630864
2,12144640,8,1238,23710,0.08615481,0.290390625,0.2,0.0003,-0.025312628597021103,0.7415871620178223,-0.5007357448339462,-0.03053970554843545,0.14881420996040107
3,12149760,13,1132,23720,0.07677697,0.28517578125,0.2,0.0003,-0.04232116788625717,0.7159939408302307,-0.5196100555360317,-0.030821528115775435,0.149497095271945
4,12154880,18,1081,23730,0.08917364,0.30953125,0.2,0.0003,-0.024636216461658478,0.6608557105064392,-0.5215338735282421,-0.028793020430020987,0.17323096124455334
5,12160000,24,1046,23740,0.08978431,0.28859375,0.2,0.0003,-0.03812047466635704,0.634742259979248,-0.5031639908254146,-0.030418974924832583,0.1544348287768662
6,12165120,30,1023,23750,0.079239495,0.29384765625,0.2,0.0003,-0.03401336446404457,0.646620512008667,-0.5107112218439579,-0.03571065230993554,0.1382845113053918
7,12170240,35,1001,23760,0.09857031,0.298828125,0.2,0.0003,-0.04919543117284775,0.5412495136260986,-0.5050237230956555,-0.032221979696769265,0.13457263950258494
8,12175360,41,984,23770,0.09093382,0.31689453125,0.2,0.0003,-0.038174670189619064,0.6727842092514038,-0.5600545452535153,-0.03373076303396374,0.13217296749353408
9,12180480,47,966,23780,0.08603899,0.31443359375,0.2,0.0003,-0.0447886623442173,0.5413800477981567,-0.5332207278907299,-0.030436677422840147,0.14418238557875157
10,12185600,53,952,23790,0.0708566,0.31029296875,0.2,0.0003,-0.03525545448064804,0.7261215448379517,-0.5808014979958535,-0.032728715990670024,0.12679056296125055
1,12190720,2,2096,23800,0.081580535,0.30853515625,0.2,0.0003,-0.003923304378986359,0.5596824884414673,-0.5810379973053932,-0.032556226258166135,0.1606394237279892
2,12195840,7,1307,23810,0.09421491,0.31185546875,0.2,0.0003,-0.03780362382531166,0.4132084846496582,-0.5197997064888478,-0.03570148205384612,0.14277770591899752
3,12200960,12,1186,23820,0.08505611,0.29953125,0.2,0.0003,-0.03918236866593361,0.5219014883041382,-0.5395067778229713,-0.03432295620907098,0.12616727696731686
4,12206080,18,1129,23830,0.089871295,0.3109375,0.2,0.0003,-0.05364193394780159,0.5791873931884766,-0.5339640398323536,-0.0402455499349162,0.11754400948062539
5,12211200,23,1099,23840,0.09853889,0.31392578125,0.2,0.0003,-0.04817132651805878,0.5822346806526184,-0.5114510703086853,-0.03221621881239116,0.10900455357506872
6,12216320,28,1074,23850,0.085136525,0.31322265625,0.2,0.0003,-0.018406212329864502,0.6055448055267334,-0.533027030825615,-0.03261432640021667,0.12527575297281146
7,12221440,33,1058,23860,0.08750979,0.28916015625,0.2,0.0003,-0.04731614887714386,0.6433781981468201,-0.49094846919178964,-0.03196746336296201,0.11996261401101947
8,12226560,39,1045,23870,0.075788125,0.3082421875,0.2,0.0003,-0.027806559577584267,0.6322747468948364,-0.5109944978356361,-0.03339160040486604,0.12314424168318511
9,12231680,44,1036,23880,0.09456104,0.30244140625,0.2,0.0003,-0.02207072824239731,0.6034135818481445,-0.5419196559488774,-0.03276600950863212,0.14561440590769054
10,12236800,49,1030,23890,0.08727597,0.29498046875,0.2,0.0003,-0.02397821471095085,0.6378197073936462,-0.5222582340240478,-0.03299186597578228,0.13866511095315218
1,12241920,2,2097,23900,0.089429654,0.30322265625,0.2,0.0003,-0.043610118329524994,0.7320094704627991,-0.5038854669034482,-0.033891927483491596,0.12761320667341353
2,12247040,7,1323,23910,0.070433006,0.2876953125,0.2,0.0003,-0.031989745795726776,0.7483203411102295,-0.5158053494989872,-0.0306658367626369,0.12470539830625058
3,12252160,12,1195,23920,0.08250489,0.29732421875,0.2,0.0003,-0.026691747829318047,0.6588438153266907,-0.5013057568669319,-0.03241054102312774,0.1392814350500703
4,12257280,18,1137,23930,0.08740078,0.29259765625,0.2,0.0003,-0.03618646413087845,0.6924447417259216,-0.492704441845417,-0.026315315440297127,0.1480931767076254
5,12262400,23,1109,23940,0.07740806,0.28966796875,0.2,0.0003,-0.043222345411777496,0.6749060153961182,-0.5445136281847954,-0.032323257606476544,0.1528050366975367
6,12267520,28,1089,23950,0.08604401,0.3117578125,0.2,0.0003,-0.024280356243252754,0.66829514503479,-0.5422918446362018,-0.034097614649217574,0.12482262516394257
7,12272640,33,1077,23960,0.102174364,0.30556640625,0.2,0.0003,-0.03735223785042763,0.4641878008842468,-0.5021711052954196,-0.03125774358864874,0.12747891943901776
8,12277760,38,1066,23970,0.08740533,0.31021484375,0.2,0.0003,-0.04585982859134674,0.6101686954498291,-0.5773101761937142,-0.03274479005252942,0.1007237194571644
9,12282880,43,1057,23980,0.0795399,0.31044921875,0.2,0.0003,-0.03913269191980362,0.644253671169281,-0.5425439046323299,-0.03216980258002877,0.10521948968991637
10,12288000,48,1049,23990,0.08578291,0.31005859375,0.2,0.0003,-0.058784469962120056,0.5211725234985352,-0.5438186694681645,-0.03621272877790034,0.12957139423117042
1,12293120,2,1893,24000,0.092574894,0.2978515625,0.2,0.0003,-0.050045084208250046,0.541506290435791,-0.5058634568750858,-0.03389746285509318,0.11449441166594625
2,12298240,8,1178,24010,0.07588237,0.29314453125,0.2,0.0003,-0.06733615696430206,0.6038483381271362,-0.5476820024847985,-0.032419768148101866,0.1283683085627854
3,12303360,14,1063,24020,0.07934072,0.3131640625,0.2,0.0003,-0.026080626994371414,0.6411369442939758,-0.570837575495243,-0.03119368169689551,0.104629956074059
4,12308480,20,1010,24030,0.08179802,0.30662109375,0.2,0.0003,-0.034486353397369385,0.592841625213623,-0.5422431196272374,-0.0323375731986016,0.15635437024757265
5,12313600,25,986,24040,0.074564226,0.29802734375,0.2,0.0003,-0.04282127320766449,0.6331726312637329,-0.540035869628191,-0.031162985893897713,0.13186487931758165
6,12318720,31,968,24050,0.10786804,0.30802734375,0.2,0.0003,-0.03542773798108101,0.5942370891571045,-0.5165880995988846,-0.030798732633702457,0.13324923230335117
7,12323840,37,955,24060,0.09451069,0.332890625,0.2,0.0003,-0.04131995514035225,0.629831075668335,-0.5725342479348182,-0.0315854880400002,0.10325536435469986
8,12328960,43,945,24070,0.07887806,0.29681640625,0.2,0.0003,-0.0521542988717556,0.5211654901504517,-0.520309244543314,-0.030511813962366432,0.09341964703053236
9,12334080,49,938,24080,0.08504219,0.310859375,0.2,0.0003,-0.05607740581035614,0.5634146928787231,-0.5208740380406379,-0.037126511055976155,0.09546927580609918
10,12339200,54,931,24090,0.07641481,0.30556640625,0.2,0.0003,-0.04839188978075981,0.6187435388565063,-0.5257298648357391,-0.03698628476820886,0.08626778666861355
1,12344320,2,1951,24100,0.0783021,0.27619140625,0.2,0.0003,-0.047181203961372375,0.5925192832946777,-0.44452778324484826,-0.030317006288096308,0.08174267852678894
2,12349440,8,1218,24110,0.07558391,0.29923828125,0.2,0.0003,-0.044977009296417236,0.6780861616134644,-0.5260847087204457,-0.034957281551323834,0.08119978418573737
3,12354560,13,1114,24120,0.091312766,0.30328125,0.2,0.0003,-0.03288218006491661,0.6284925937652588,-0.4886811996996403,-0.03363717474625446,0.10872397672384977
4,12359680,19,1065,24130,0.08317096,0.29146484375,0.2,0.0003,-0.054111361503601074,0.6436808109283447,-0.5359437297284603,-0.03657605153974146,0.09141424066387117
5,12364800,24,1034,24140,0.078210585,0.2941796875,0.2,0.0003,-0.034329984337091446,0.6308356523513794,-0.5500697830319404,-0.034126778086647394,0.09421908266842366
6,12369920,30,1018,24150,0.0849158,0.30142578125,0.2,0.0003,-0.0443979911506176,0.7693729400634766,-0.5199077424407005,-0.03265780158806592,0.08770408506505191
7,12375040,35,1008,24160,0.08941788,0.27654296875,0.2,0.0003,-0.02634366601705551,0.7495386600494385,-0.4311708590388298,-0.028061735474038868,0.09543524255976081
8,12380160,40,1006,24170,0.08406644,0.3075,0.2,0.0003,-0.0454411618411541,0.786392092704773,-0.5633819663524627,-0.030486284156795593,0.13247495757415892
9,12385280,46,999,24180,0.07723922,0.26798828125,0.2,0.0003,-0.04143860936164856,0.8194013237953186,-0.44498719394207,-0.0332277173618786,0.11660475002601743
10,12390400,51,995,24190,0.072093114,0.27283203125,0.2,0.0003,-0.04509205371141434,0.7726020812988281,-0.495649945139885,-0.03263909070752561,0.12594730865210294
1,12395520,2,1993,24200,0.08753437,0.28373046875,0.2,0.0003,-0.019233476370573044,0.7227656245231628,-0.4999420003592968,-0.029168609147891402,0.14974414713680745
2,12400640,8,1261,24210,0.0777711,0.2728125,0.2,0.0003,-0.040467776358127594,0.6770247220993042,-0.5007255142927169,-0.03275588632561267,0.15235001910477877
3,12405760,13,1137,24220,0.08707012,0.26970703125,0.2,0.0003,-0.03490953892469406,0.7668535709381104,-0.4940037298202515,-0.029903455993626267,0.1210625833272934
4,12410880,18,1081,24230,0.0983919,0.26994140625,0.2,0.0003,-0.01948222890496254,0.681321382522583,-0.449732526242733,-0.028422667440027,0.1551905289851129
5,12416000,24,1041,24240,0.07715276,0.297109375,0.2,0.0003,-0.048801738768815994,0.6493441462516785,-0.5326868014037609,-0.033682507150806486,0.11862586615607143
6,12421120,30,1014,24250,0.07516287,0.29544921875,0.2,0.0003,-0.01296960562467575,0.6985905170440674,-0.523077747374773,-0.02959069721866399,0.14326628742739558
7,12426240,36,990,24260,0.09394611,0.3131640625,0.2,0.0003,-0.025545429438352585,0.687954306602478,-0.5660248187184334,-0.03449594900244847,0.16143999041989446
8,12431360,42,971,24270,0.079210415,0.27884765625,0.2,0.0003,-0.03371579945087433,0.5696384310722351,-0.4960428957641125,-0.03168261255137622,0.15208447087556123
9,12436480,48,956,24280,0.09025527,0.3059375,0.2,0.0003,-0.04428748041391373,0.7761717438697815,-0.49682745710015297,-0.02726917584426701,0.10467987855896353
10,12441600,54,946,24290,0.09226136,0.302421875,0.2,0.0003,-0.029765211045742035,0.6385382413864136,-0.532339066118002,-0.035497848363593223,0.11644397586584092
1,12446720,3,1704,24300,0.070875116,0.27859375,0.2,0.0003,-0.03694811835885048,0.6733584403991699,-0.51404979377985,-0.03569820879492909,0.11079361053183674
2,12451840,9,1125,24310,0.08848184,0.306484375,0.2,0.0003,-0.032069962471723557,0.609692394733429,-0.5334847685694695,-0.03646166227990762,0.1248166417144239
3,12456960,14,1033,24320,0.08258684,0.30658203125,0.2,0.0003,-0.04111295938491821,0.6101272106170654,-0.548699413985014,-0.036196742169559,0.1162229666672647
4,12462080,20,1003,24330,0.079155296,0.2998046875,0.2,0.0003,-0.044560737907886505,0.4910731315612793,-0.5373752297461033,-0.03436110289767384,0.11863214677199721
5,12467200,26,977,24340,0.07369131,0.28537109375,0.2,0.0003,-0.03336063772439957,0.6250033378601074,-0.5107247361540794,-0.03061269998550415,0.1060398018732667
6,12472320,32,950,24350,0.08201095,0.2865234375,0.2,0.0003,-0.020955823361873627,0.5610320568084717,-0.44829118967056275,-0.0333769747056067,0.1295765525661409
7,12477440,38,928,24360,0.091051936,0.2913671875,0.2,0.0003,-0.05086195468902588,0.7014691829681396,-0.49695236459374426,-0.03412877583410591,0.12031712578609585
8,12482560,45,909,24370,0.088103175,0.31345703125,0.2,0.0003,-0.050732120871543884,0.6070308685302734,-0.5646871790289879,-0.036181756919249894,0.11597411144524812
9,12487680,51,898,24380,0.088865444,0.30265625,0.2,0.0003,-0.04270029067993164,0.5733615159988403,-0.5044852934777737,-0.032271679090335965,0.11250536428764463
10,12492800,57,897,24390,0.09911782,0.31283203125,0.2,0.0003,-0.04441935569047928,0.5207480192184448,-0.5055431795120239,-0.02936048176139593,0.11918106155470014
1,12497920,2,2124,24400,0.09659631,0.3048046875,0.2,0.0003,-0.042450256645679474,0.4417252540588379,-0.5225849668681621,-0.031988066469784825,0.11960639601573347
2,12503040,7,1306,24410,0.14225534,0.28513671875,0.2,0.0003,-0.035557009279727936,0.4967746138572693,-0.48608845308423043,-0.03079765924718231,0.1096506697870791
3,12508160,12,1190,24420,0.08229847,0.3051953125,0.2,0.0003,-0.050582919269800186,0.5580890774726868,-0.5235739158093929,-0.03126635523512959,0.09516178003512323
4,12513280,18,1135,24430,0.0856183,0.30009765625,0.2,0.0003,-0.045420464128255844,0.7194921970367432,-0.4957210585474968,-0.03215380358975381,0.08377240147441625
5,12518400,23,1111,24440,0.08837284,0.31111328125,0.2,0.0003,-0.03577977418899536,0.645357072353363,-0.550738949328661,-0.03246120567433536,0.1248281634412706
6,12523520,28,1094,24450,0.08630933,0.276640625,0.2,0.0003,-0.02697215974330902,0.6830251216888428,-0.43056761488318446,-0.030789296014700086,0.09818381451070309
7,12528640,33,1079,24460,0.07859318,0.28916015625,0.2,0.0003,-0.03186772018671036,0.7070878744125366,-0.5133603328466415,-0.03168260607402772,0.093040533605963
8,12533760,38,1070,24470,0.0719423,0.281171875,0.2,0.0003,-0.04868171364068985,0.6767585277557373,-0.47591512352228166,-0.0318070776341483,0.09902849082835019
9,12538880,43,1060,24480,0.0979193,0.27021484375,0.2,0.0003,-0.022489653900265694,0.4899723529815674,-0.390535489320755,-0.029673091501463203,0.09889120658859611
10,12544000,48,1050,24490,0.07917189,0.26552734375,0.2,0.0003,-0.037704940885305405,0.5223489999771118,-0.43903446704149246,-0.028888341106940062,0.08700749052688479
1,12549120,2,2124,24500,0.07454152,0.28529296875,0.2,0.0003,-0.03167346119880676,0.6282029151916504,-0.5210959123075009,-0.031218518940731882,0.11285437861457467
2,12554240,7,1320,24510,0.08513331,0.2755859375,0.2,0.0003,-0.03341406583786011,0.6012610793113708,-0.4503845812380314,-0.03251218250952661,0.10423941561020911
3,12559360,12,1200,24520,0.08259717,0.2829296875,0.2,0.0003,-0.038051001727581024,0.6460983753204346,-0.48876011341810227,-0.03176047840155661,0.1072415166720748
4,12564480,17,1139,24530,0.09352157,0.2655078125,0.2,0.0003,-0.04380160570144653,0.7155890464782715,-0.43342632189393043,-0.031824288605712354,0.09823376551270485
5,12569600,23,1104,24540,0.08529325,0.285625,0.2,0.0003,-0.03850076347589493,0.6292335391044617,-0.5191663347184658,-0.03235827090218663,0.0929686389490962
6,12574720,28,1090,24550,0.11581661,0.2652734375,0.2,0.0003,-0.04911354184150696,0.6081794500350952,-0.4485070592164993,-0.03075886326143518,0.0905928628332913
7,12579840,33,1080,24560,0.08849776,0.28173828125,0.2,0.0003,0.0018414631485939026,0.5322028398513794,-0.4596432141959667,-0.03085399779723957,0.10785202981904149
8,12584960,38,1070,24570,0.069620736,0.26818359375,0.2,0.0003,-0.031968098133802414,0.6324318647384644,-0.46070062324404715,-0.031780960322357714,0.09088223654776811
9,12590080,43,1061,24580,0.09240221,0.2877734375,0.2,0.0003,-0.04351288825273514,0.628475546836853,-0.5104534684121609,-0.032400487777777015,0.10773051131516695
10,12595200,48,1055,24590,0.0965371,0.29216796875,0.2,0.0003,-0.041782818734645844,0.630144476890564,-0.4760500155389309,-0.0316419568657875,0.11325886281207204
1,12600320,2,2123,24600,0.081167504,0.27724609375,0.2,0.0003,-0.020483743399381638,0.5738496780395508,-0.4582333914935589,-0.031322561674751344,0.10547600753605366
2,12605440,7,1289,24610,0.07817413,0.298203125,0.2,0.0003,-0.03915632143616676,0.5791972875595093,-0.4949352605640888,-0.03277141087222844,0.09189011357724666
3,12610560,13,1161,24620,0.06939829,0.26615234375,0.2,0.0003,-0.022471796721220016,0.7128634452819824,-0.474562322050333,-0.03378218112513423,0.10248177386820316
4,12615680,18,1109,24630,0.092618264,0.28783203125,0.2,0.0003,-0.029168564826250076,0.7334010601043701,-0.45005115285515784,-0.03189101127441973,0.10057264955714346
5,12620800,23,1076,24640,0.076247975,0.284453125,0.2,0.0003,-0.04013017565011978,0.7302858829498291,-0.4537397074699402,-0.03225453345803544,0.11263288792222738
6,12625920,29,1057,24650,0.102443,0.3003125,0.2,0.0003,-0.014600671827793121,0.6899867057800293,-0.5161428207159042,-0.03152522244025022,0.13346982857212425
7,12631040,34,1038,24660,0.07186524,0.283515625,0.2,0.0003,-0.04728231951594353,0.7002544403076172,-0.47931711688637735,-0.03315741661936045,0.12504324235022068
8,12636160,39,1024,24670,0.10345738,0.292578125,0.2,0.0003,-0.035080697387456894,0.7333135604858398,-0.46278160735964774,-0.033088941012974826,0.10061002811416983
9,12641280,45,1009,24680,0.0810943,0.26529296875,0.2,0.0003,-0.03673994168639183,0.7314494252204895,-0.47206997573375703,-0.031933100731112066,0.11102268381044268
10,12646400,51,998,24690,0.076042525,0.31212890625,0.2,0.0003,-0.04020519554615021,0.706855058670044,-0.5545248475670814,-0.03267825708724558,0.1171249521151185
1,12651520,2,2089,24700,0.09548822,0.26986328125,0.2,0.0003,-0.013025164604187012,0.6139695644378662,-0.4307828563451767,-0.02793980699032545,0.12205563992261886
2,12656640,7,1305,24710,0.090861276,0.29796875,0.2,0.0003,-0.03762231767177582,0.709976315498352,-0.5138719968497754,-0.027132887456100433,0.12048373732715845
3,12661760,12,1186,24720,0.097223416,0.29197265625,0.2,0.0003,-0.04470367729663849,0.6781255602836609,-0.48673696830868723,-0.03167771987384185,0.1463700403831899
4,12666880,17,1138,24730,0.082167305,0.29232421875,0.2,0.0003,-0.027803950011730194,0.7065700888633728,-0.5046404711902142,-0.02907411515712738,0.12329017353244126
5,12672000,23,1108,24740,0.09030578,0.28275390625,0.2,0.0003,-0.027447693049907684,0.690509021282196,-0.47077071949839594,-0.0305259327031672,0.11996353650465608
6,12677120,28,1083,24750,0.09310971,0.2605859375,0.2,0.0003,-0.04977666586637497,0.6761162281036377,-0.4456375801563263,-0.030467957251239568,0.11553615374490618
7,12682240,33,1067,24760,0.08343166,0.28517578125,0.2,0.0003,-0.03533785790205002,0.703941285610199,-0.5129665713012218,-0.030188916048500686,0.13523925641551615
8,12687360,38,1052,24770,0.079004005,0.27423828125,0.2,0.0003,-0.039281535893678665,0.6144651174545288,-0.4622515554726124,-0.033848355934023855,0.12870488032698632
9,12692480,44,1038,24780,0.090245634,0.28240234375,0.2,0.0003,-0.012999486178159714,0.527373194694519,-0.4601230792701244,-0.03140551936114207,0.12250036615878343
10,12697600,49,1025,24790,0.09675783,0.2996484375,0.2,0.0003,-0.04560577869415283,0.5216615796089172,-0.4855398046970367,-0.0314576000533998,0.10770968548953533
1,12702720,2,2043,24800,0.088568,0.29740234375,0.2,0.0003,-0.04482433199882507,0.5942169427871704,-0.4852345272898674,-0.030486801844090222,0.10003012973815202
2,12707840,7,1294,24810,0.09199167,0.31525390625,0.2,0.0003,-0.05614202097058296,0.6003484129905701,-0.5132058934867382,-0.03374370072502643,0.1272448524646461
3,12712960,13,1172,24820,0.07974697,0.30107421875,0.2,0.0003,-0.03250648081302643,0.6602977514266968,-0.510989698022604,-0.032106974804773925,0.11469051532447339
4,12718080,18,1125,24830,0.09067316,0.2866796875,0.2,0.0003,-0.0452297069132328,0.6078722476959229,-0.48501730248332026,-0.029678684300743042,0.12942032147198915
5,12723200,23,1103,24840,0.07902091,0.2759765625,0.2,0.0003,-0.049774426966905594,0.6716814041137695,-0.4606405957043171,-0.031160444638226183,0.11564468558877707
6,12728320,28,1089,24850,0.07700856,0.282421875,0.2,0.0003,-0.026616880670189857,0.7328447103500366,-0.4795335605740547,-0.03390822832705453,0.10252720158547163
7,12733440,33,1079,24860,0.07887666,0.29572265625,0.2,0.0003,-0.047886162996292114,0.5970745086669922,-0.4975823079049587,-0.03531053052283824,0.13817559817805886
8,12738560,38,1072,24870,0.07693322,0.2784375,0.2,0.0003,-0.0334291085600853,0.5524038076400757,-0.4714898662269115,-0.03263611289439723,0.12405833043158054
9,12743680,43,1065,24880,0.086227074,0.2796484375,0.2,0.0003,-0.04758860915899277,0.586243748664856,-0.4668853075802326,-0.031177956296596677,0.10947296166792513
10,12748800,48,1055,24890,0.091099955,0.27515625,0.2,0.0003,-0.04098258167505264,0.6301842927932739,-0.45578089386224746,-0.033576225531287494,0.10250379225239158
1,12753920,2,2087,24900,0.0814308,0.32109375,0.2,0.0003,-0.028626877814531326,0.6831132769584656,-0.5606989797949791,-0.035260879355482756,0.11332119889557361
2,12759040,7,1317,24910,0.10455165,0.27423828125,0.2,0.0003,-0.025940001010894775,0.6139180660247803,-0.4175374534726143,-0.03097955790348351,0.09901009639725089
3,12764160,12,1189,24920,0.1031551,0.27271484375,0.2,0.0003,-0.03326219320297241,0.5456214547157288,-0.4215351028740406,-0.025295663194265218,0.09837587436661124
4,12769280,18,1136,24930,0.102714695,0.30083984375,0.2,0.0003,-0.05393575504422188,0.627821683883667,-0.5068022300302982,-0.03382952800951898,0.09227612526156008
5,12774400,23,1106,24940,0.086843185,0.31146484375,0.2,0.0003,-0.03615911677479744,0.6601331233978271,-0.5195853431522847,-0.032311427658423784,0.09241656634025276
6,12779520,28,1090,24950,0.09350812,0.29158203125,0.2,0.0003,-0.03903581202030182,0.6661348342895508,-0.48079896181821824,-0.033313792245462534,0.0923822380695492
7,12784640,33,1076,24960,0.08768968,0.28556640625,0.2,0.0003,-0.03162603825330734,0.6735903024673462,-0.4995785294473171,-0.03443709368119016,0.10393296695314348
8,12789760,38,1067,24970,0.09437569,0.33412109375,0.2,0.0003,-0.046579111367464066,0.6951148509979248,-0.5489404839277268,-0.03313449950655922,0.09723906679078936
9,12794880,43,1061,24980,0.088126026,0.2834375,0.2,0.0003,-0.0461873821914196,0.6850446462631226,-0.4585769417881966,-0.032609027847647666,0.09638319076038897
10,12800000,48,1054,24990,0.07012355,0.26751953125,0.2,0.0003,-0.05241960287094116,0.6479716300964355,-0.5142762011289597,-0.031070205331780017,0.11657668184489012
1,12805120,2,1866,25000,0.08604421,0.29361328125,0.2,0.0003,-0.027638807892799377,0.6802279353141785,-0.4847194822132587,-0.03007360515417531,0.12291006116196514
2,12810240,8,1171,25010,0.089389816,0.2869140625,0.2,0.0003,-0.03156328201293945,0.6919419765472412,-0.4688395284116268,-0.03266838725656271,0.14535809883847833
3,12815360,14,1046,25020,0.090178296,0.27349609375,0.2,0.0003,-0.030281057581305504,0.5873993635177612,-0.47364182367920876,-0.02633479516720399,0.13387314427644015
4,12820480,20,987,25030,0.090161,0.284609375,0.2,0.0003,-0.04133554548025131,0.6960340738296509,-0.4631493689119816,-0.03084258038084954,0.09973279513418674
5,12825600,26,954,25040,0.09551624,0.2724609375,0.2,0.0003,-0.03971993923187256,0.6918298602104187,-0.46378837406635287,-0.032880518878810105,0.096258554328233
6,12830720,32,941,25050,0.081288524,0.27001953125,0.2,0.0003,-0.029281193390488625,0.5122908353805542,-0.49861420154571534,-0.031057330202311276,0.14080839343369006
7,12835840,38,931,25060,0.075307585,0.274296875,0.2,0.0003,-0.025652620941400528,0.680249810218811,-0.475724700242281,-0.03239091479219496,0.1086725702136755
8,12840960,44,921,25070,0.0832565,0.30076171875,0.2,0.0003,-0.017905589193105698,0.5668634176254272,-0.5319427146017551,-0.030365385697223246,0.13725338758900762
9,12846080,50,916,25080,0.14238152,0.295703125,0.2,0.0003,-0.0369105190038681,0.6017118096351624,-0.5084389132261277,-0.030531705212779342,0.1337024886533618
10,12851200,56,912,25090,0.08677193,0.28244140625,0.2,0.0003,-0.04259674251079559,0.6179324388504028,-0.4783143472671509,-0.02916892338776961,0.129253337867558
1,12856320,2,1835,25100,0.08470732,0.29986328125,0.2,0.0003,-0.03241870552301407,0.6577796936035156,-0.5144256907701492,-0.03199004982365295,0.14575057247653603
2,12861440,8,1174,25110,0.10157488,0.30541015625,0.2,0.0003,-0.021938424557447433,0.6298972368240356,-0.5473331367969513,-0.03110548570053652,0.15593081273138523
3,12866560,14,1063,25120,0.09462757,0.311171875,0.2,0.0003,-0.008062928915023804,0.6814354062080383,-0.5101487225294113,-0.030622433833777905,0.1391127910465002
4,12871680,20,1013,25130,0.09173192,0.30642578125,0.2,0.0003,-0.02698623761534691,0.67521071434021,-0.5566158677637577,-0.03263406347716227,0.13683623077347876
5,12876800,26,983,25140,0.09343604,0.3061328125,0.2,0.0003,-0.03811226040124893,0.7594297528266907,-0.543442450016737,-0.02978214649716392,0.11941900074481965
6,12881920,31,963,25150,0.09291095,0.29880859375,0.2,0.0003,-0.030219899490475655,0.7345161437988281,-0.5308263607323169,-0.02773875796236098,0.11878945890814066
7,12887040,37,950,25160,0.07162489,0.29689453125,0.2,0.0003,-0.03361683338880539,0.6872408390045166,-0.540898530036211,-0.031139207193627953,0.16447715867310764
8,12892160,43,945,25170,0.082599625,0.29326171875,0.2,0.0003,-0.029455963522195816,0.6344276666641235,-0.5359169818460942,-0.03143530695233494,0.17294646605849265
9,12897280,48,948,25180,0.0958417,0.2926953125,0.2,0.0003,-0.0249783955514431,0.6534460186958313,-0.5000134509801865,-0.033946083292830734,0.11764151519164442
10,12902400,53,954,25190,0.10092088,0.29134765625,0.2,0.0003,-0.01968320831656456,0.6866744160652161,-0.47760223388671874,-0.03365508071612567,0.12670986644923687
1,12907520,2,2065,25200,0.08683053,0.28291015625,0.2,0.0003,-0.029043488204479218,0.6418323516845703,-0.4465380409359932,-0.027214336707256735,0.11700452134013176
2,12912640,7,1288,25210,0.09633064,0.29611328125,0.2,0.0003,-0.03645890951156616,0.6711668968200684,-0.5080628144741058,-0.02795097833732143,0.13674147102981807
3,12917760,13,1165,25220,0.08130526,0.290859375,0.2,0.0003,-0.028974980115890503,0.702727198600769,-0.5045003440976142,-0.03461697007063776,0.13755879895761608
4,12922880,18,1113,25230,0.07593833,0.28439453125,0.2,0.0003,-0.010496772825717926,0.6683880090713501,-0.5355917902290821,-0.03041246079141274,0.1363277742639184
5,12928000,23,1081,25240,0.09006492,0.30333984375,0.2,0.0003,-0.047233838587999344,0.7710077166557312,-0.5402268409729004,-0.031369697861373426,0.10284844366833568
6,12933120,29,1055,25250,0.08696822,0.3012109375,0.2,0.0003,-0.04620084539055824,0.7046226263046265,-0.5678734131157398,-0.030570199966896326,0.13339452212676406
7,12938240,34,1038,25260,0.09427749,0.2967578125,0.2,0.0003,-0.05122668668627739,0.7037868499755859,-0.5399644213914871,-0.03127122295089066,0.12044987644068897
8,12943360,40,1021,25270,0.082134806,0.2938671875,0.2,0.0003,-0.04556182771921158,0.6977682113647461,-0.5451545879244805,-0.03039178641978651,0.14887952649965883
9,12948480,45,1002,25280,0.12720825,0.2997265625,0.2,0.0003,-0.05991300940513611,0.28688186407089233,-0.4549147479236126,-0.028244079386349766,0.12428191537037492
10,12953600,51,985,25290,0.099721774,0.309140625,0.2,0.0003,-0.03580236807465553,0.6318607330322266,-0.5249307645857334,-0.0313691850239411,0.11332798713818193
1,12958720,2,1736,25300,0.08790792,0.323515625,0.2,0.0003,-0.03864718973636627,0.6022611260414124,-0.5756867846846581,-0.030165593430865556,0.11664919663220644
2,12963840,9,1137,25310,0.07824795,0.309140625,0.2,0.0003,-0.0356583446264267,0.4638391137123108,-0.5445123927295208,-0.0322716230340302,0.10837790341116488
3,12968960,15,1019,25320,0.098717116,0.32455078125,0.2,0.0003,-0.04966549575328827,0.45893287658691406,-0.5045656768977642,-0.03236862395424396,0.10461945191025734
4,12974080,20,986,25330,0.09810563,0.31671875,0.2,0.0003,-0.03285439312458038,0.4964054822921753,-0.5486789113283157,-0.036098144790157674,0.10681225454434752
5,12979200,26,964,25340,0.10655297,0.3235546875,0.2,0.0003,-0.042918190360069275,0.5024667382240295,-0.5521024286746978,-0.03204503528773785,0.08975859348662198
6,12984320,32,947,25350,0.070435256,0.30126953125,0.2,0.0003,-0.04288063943386078,0.5299521684646606,-0.5743788647651672,-0.0344056458119303,0.11887476867064833
7,12989440,38,932,25360,0.07940744,0.30212890625,0.2,0.0003,-0.02257918380200863,0.5040285587310791,-0.5453459744155407,-0.02881326843984425,0.11143913000822067
8,12994560,44,920,25370,0.08692032,0.3031640625,0.2,0.0003,-0.034201156347990036,0.617059588432312,-0.5489440527558327,-0.0326594877592288,0.08936871154233814
9,12999680,50,913,25380,0.092832565,0.31138671875,0.2,0.0003,-0.017760206013917923,0.5058513879776001,-0.542824750840664,-0.028744213525205852,0.12436707800254226
10,13004800,56,907,25390,0.09014012,0.3087109375,0.2,0.0003,-0.055822670459747314,0.47696012258529663,-0.5104472905397415,-0.03211268438957632,0.10876392526552081
1,13009920,2,1778,25400,0.108169116,0.2883984375,0.2,0.0003,-0.02612404152750969,0.6210246682167053,-0.4552568294107914,-0.029654242156539112,0.11121954776346683
2,13015040,8,1148,25410,0.08700039,0.290625,0.2,0.0003,-0.04346352443099022,0.5021226406097412,-0.4834665963053703,-0.033705625182483344,0.0966003299690783
3,13020160,14,1045,25420,0.066939384,0.29591796875,0.2,0.0003,-0.05410033091902733,0.6339598894119263,-0.5535026469826698,-0.031314810230396686,0.08993905980139971
4,13025280,20,991,25430,0.0993438,0.29568359375,0.2,0.0003,-0.036729712039232254,0.6280244588851929,-0.4536862054467201,-0.024286107118241487,0.09202404716983438
5,13030400,26,959,25440,0.074897036,0.29375,0.2,0.0003,-0.04306356608867645,0.5614938735961914,-0.5276318340003491,-0.030106124128215016,0.08942500424571335
6,13035520,32,943,25450,0.09244691,0.30544921875,0.2,0.0003,-0.06473786383867264,0.6430366039276123,-0.49309303119778636,-0.037880582879297436,0.08233516526408494
7,13040640,38,935,25460,0.09245391,0.3171875,0.2,0.0003,-0.05177146941423416,0.658831000328064,-0.5383758153021335,-0.035542731538880615,0.09896265874616801
8,13045760,44,929,25470,0.080351144,0.28595703125,0.2,0.0003,-0.03264351189136505,0.6773372292518616,-0.49358790412545206,-0.03295922218821943,0.08359398055821657
9,13050880,49,927,25480,0.087306045,0.28251953125,0.2,0.0003,-0.0383770577609539,0.6863895654678345,-0.4797863180935383,-0.033094166787341235,0.0919271283224225
10,13056000,55,927,25490,0.08726531,0.2856640625,0.2,0.0003,-0.03402585908770561,0.6827945709228516,-0.49988996759057047,-0.03188965518493205,0.11388621106743813
1,13061120,2,2119,25500,0.084233664,0.29732421875,0.2,0.0003,-0.055173441767692566,0.6263431310653687,-0.5187757332623005,-0.03302364605478943,0.1339101680740714
2,13066240,7,1315,25510,0.08752976,0.3098828125,0.2,0.0003,-0.03552839159965515,0.4553601145744324,-0.5278415235877038,-0.02993261383846402,0.13392006654292346
3,13071360,12,1186,25520,0.0852391,0.314453125,0.2,0.0003,-0.03847421333193779,0.6606686115264893,-0.5295915392041206,-0.03149859320838004,0.10377084287814796
4,13076480,17,1140,25530,0.08974999,0.3056640625,0.2,0.0003,-0.03367828577756882,0.5101687908172607,-0.5369540616869927,-0.02961824506521225,0.14142254382371902
5,13081600,23,1111,25540,0.08579914,0.29921875,0.2,0.0003,-0.0348016619682312,0.6664429903030396,-0.48160352796316147,-0.03146929173730314,0.08650390935130417
6,13086720,28,1087,25550,0.08739717,0.31728515625,0.2,0.0003,-0.02073504775762558,0.7039037942886353,-0.5307679888606072,-0.030455473214387893,0.11725990865379572
7,13091840,33,1073,25560,0.083991535,0.296796875,0.2,0.0003,-0.04242917150259018,0.6587201952934265,-0.5366885556280613,-0.03266241600038484,0.12388025376945734
8,13096960,38,1063,25570,0.091702916,0.2937109375,0.2,0.0003,-0.025343377143144608,0.6727644205093384,-0.5188365106284618,-0.03159702925477177,0.12152550719678402
9,13102080,43,1055,25580,0.0731353,0.28267578125,0.2,0.0003,-0.04084133356809616,0.6311243176460266,-0.5112473040819168,-0.03188563861651346,0.11125158372335137
10,13107200,48,1048,25590,0.10628488,0.3112890625,0.2,0.0003,-0.04319601505994797,0.6164530515670776,-0.5597094157338143,-0.03874953707796522,0.12210755979642272
1,13112320,2,2100,25600,0.07573937,0.28412109375,0.2,0.0003,-0.03665218502283096,0.6958169937133789,-0.507866385281086,-0.02993170454981737,0.11479577722027898
2,13117440,7,1317,25610,0.08620442,0.29525390625,0.2,0.0003,-0.035348523408174515,0.6716609001159668,-0.49658787325024606,-0.030742468412499876,0.1153871038556099
3,13122560,12,1198,25620,0.078302436,0.26919921875,0.2,0.0003,-0.03617611154913902,0.6030738353729248,-0.46342779979109766,-0.024740142333321273,0.12542678514495492
4,13127680,17,1145,25630,0.10096902,0.285390625,0.2,0.0003,-0.040108274668455124,0.6159106492996216,-0.47041325077414514,-0.03118363709188998,0.11881566159427166
5,13132800,22,1114,25640,0.090426646,0.3006640625,0.2,0.0003,-0.04054693877696991,0.5861247181892395,-0.5078699889779091,-0.03294841576600447,0.11916729936376214
6,13137920,28,1096,25650,0.087759,0.308984375,0.2,0.0003,-0.05133641138672829,0.6647794246673584,-0.53565184623003,-0.03206110998056829,0.09601663523353636
7,13143040,33,1077,25660,0.0962112,0.30896484375,0.2,0.0003,-0.047291114926338196,0.6729906797409058,-0.5511192879080773,-0.03569828402251005,0.10937668703496456
8,13148160,38,1058,25670,0.08769144,0.31794921875,0.2,0.0003,-0.03402573615312576,0.6139812469482422,-0.5519559149444103,-0.030902951592579483,0.10665858756750822
9,13153280,44,1042,25680,0.08008916,0.31412109375,0.2,0.0003,-0.04458688199520111,0.6237360835075378,-0.5785209992527962,-0.03082849889760837,0.11103547448292375
10,13158400,49,1029,25690,0.079633564,0.3056640625,0.2,0.0003,-0.028427574783563614,0.6643344163894653,-0.5760988554358483,-0.02745566678000614,0.13441469985991716
1,13163520,2,2104,25700,0.09413068,0.271484375,0.2,0.0003,-0.032559361308813095,0.4891684055328369,-0.45191283643245694,-0.027009827177971603,0.14093174902722239
2,13168640,7,1331,25710,0.091221586,0.305,0.2,0.0003,-0.04612202197313309,0.6598623991012573,-0.5018108269572258,-0.03220987425651401,0.09900881119072437
3,13173760,12,1202,25720,0.092400596,0.2970703125,0.2,0.0003,-0.03462781757116318,0.6224145293235779,-0.49475090742111205,-0.03081752244150266,0.1058006638288498
4,13178880,17,1149,25730,0.09207626,0.321328125,0.2,0.0003,-0.034615274518728256,0.5913122892379761,-0.5872080931067467,-0.03153178405482322,0.13973462698981165
5,13184000,22,1120,25740,0.08828612,0.320234375,0.2,0.0003,-0.025525979697704315,0.5377249121665955,-0.5455306369066238,-0.03370186854153871,0.12033572880551219
6,13189120,27,1101,25750,0.07416274,0.33146484375,0.2,0.0003,-0.04614632949233055,0.5525554418563843,-0.6169415867328644,-0.03050096028717235,0.11389122650027275
7,13194240,32,1086,25760,0.082189746,0.32962890625,0.2,0.0003,-0.036619678139686584,0.5318626165390015,-0.6018633875250816,-0.036227315997239204,0.09762093403376639
8,13199360,38,1075,25770,0.09168308,0.314609375,0.2,0.0003,-0.045546215027570724,0.5736627578735352,-0.5663589029014111,-0.03136536733713001,0.12887207131832837
9,13204480,43,1065,25780,0.08290253,0.314375,0.2,0.0003,-0.05201279744505882,0.6271990537643433,-0.5515353618562222,-0.03324989748653025,0.10563543850556016
10,13209600,48,1060,25790,0.07847968,0.30259765625,0.2,0.0003,-0.054113879799842834,0.7180840969085693,-0.5037151931226254,-0.032171650170348585,0.11046720871701837
1,13214720,2,2086,25800,0.07778238,0.3003515625,0.2,0.0003,-0.02387799322605133,0.6130642890930176,-0.5418869861960411,-0.026086411180440337,0.13946281906217337
2,13219840,7,1298,25810,0.07906588,0.30203125,0.2,0.0003,-0.017564192414283752,0.56733238697052,-0.5133907268941402,-0.03170534208184108,0.12797624262049795
3,13224960,12,1185,25820,0.087086886,0.30740234375,0.2,0.0003,-0.024979207664728165,0.5677645206451416,-0.5409712781012058,-0.028133663213811815,0.12243363965302706
4,13230080,17,1138,25830,0.07818289,0.3075,0.2,0.0003,-0.026002058759331703,0.5569193363189697,-0.5126744808256626,-0.029392481320537626,0.09272357791662217
5,13235200,23,1109,25840,0.089160815,0.31150390625,0.2,0.0003,-0.05243462324142456,0.676375687122345,-0.5394896565377713,-0.033331270213238895,0.08823037373833359
6,13240320,28,1085,25850,0.08365301,0.30099609375,0.2,0.0003,-0.03680296987295151,0.5583615899085999,-0.5304214634001255,-0.029644224271178247,0.11451218770816922
7,13245440,33,1067,25860,0.0811451,0.32423828125,0.2,0.0003,-0.042806826531887054,0.45231062173843384,-0.5852824503183365,-0.031645104594063014,0.110159135684371
8,13250560,38,1051,25870,0.086700484,0.3107421875,0.2,0.0003,-0.05143812671303749,0.4140942096710205,-0.5458199872076511,-0.03148738232906908,0.12265247511677443
9,13255680,44,1039,25880,0.10011184,0.33265625,0.2,0.0003,-0.056335367262363434,0.3649686574935913,-0.5554592652618885,-0.030014702957123517,0.10999389501288533
10,13260800,49,1026,25890,0.08916159,0.33115234375,0.2,0.0003,-0.033967189490795135,0.46274739503860474,-0.5757055875658988,-0.0324289271584712,0.095164929702878
1,13265920,2,2108,25900,0.088064924,0.324921875,0.2,0.0003,-0.03823253884911537,0.40705186128616333,-0.5803109043836594,-0.030106516955420375,0.11494796259328723
2,13271040,7,1314,25910,0.08480829,0.31689453125,0.2,0.0003,-0.038795456290245056,0.43351030349731445,-0.564589718580246,-0.0335152748064138,0.1062153628654778
3,13276160,12,1182,25920,0.09527151,0.317890625,0.2,0.0003,-0.025348279625177383,0.4258558750152588,-0.5381296011805534,-0.030815361230634154,0.10413295710459351
4,13281280,18,1122,25930,0.07350448,0.3201953125,0.2,0.0003,-0.026750236749649048,0.4227745532989502,-0.6112816810607911,-0.02973141551599838,0.11633379077538848
5,13286400,23,1090,25940,0.083534785,0.314140625,0.2,0.0003,-0.053522177040576935,0.5022435188293457,-0.5484806944429874,-0.030865085879340767,0.10958062233403325
6,13291520,28,1065,25950,0.07677518,0.2962890625,0.2,0.0003,-0.04099592566490173,0.49414658546447754,-0.5428232757747173,-0.03078894652426243,0.10362599385902285
7,13296640,34,1045,25960,0.09941643,0.33658203125,0.2,0.0003,-0.0345834381878376,0.5396240949630737,-0.6225691795349121,-0.03434760606149211,0.11180363330990076
8,13301760,39,1027,25970,0.0761836,0.3255078125,0.2,0.0003,-0.0319533608853817,0.5054579973220825,-0.6124231892824173,-0.033034368730150164,0.13523010095581411
9,13306880,45,1009,25980,0.091411784,0.32203125,0.2,0.0003,-0.032121557742357254,0.5026181936264038,-0.5443854425847531,-0.03347520479001105,0.10641716233454644
10,13312000,51,993,25990,0.09346872,0.3143359375,0.2,0.0003,-0.02644183486700058,0.538084864616394,-0.5417020891606807,-0.0282711889105849,0.1338472817838192
1,13317120,2,2064,26000,0.08569189,0.315859375,0.2,0.0003,-0.03808028995990753,0.5673782229423523,-0.5970228600502014,-0.03425565938465297,0.11915067253634333
2,13322240,7,1310,26010,0.07199528,0.3007421875,0.2,0.0003,-0.036730725318193436,0.6209053993225098,-0.573417232632637,-0.029837557612918317,0.12813215389847754
3,13327360,12,1194,26020,0.08749832,0.31263671875,0.2,0.0003,-0.03316519409418106,0.5754061341285706,-0.565222540795803,-0.029250959984492512,0.12399438321590424
4,13332480,17,1141,26030,0.09260236,0.3084375,0.2,0.0003,-0.02214975096285343,0.6248894929885864,-0.5356625752151012,-0.02873828261392191,0.12008531229570509
5,13337600,23,1111,26040,0.086044505,0.3072265625,0.2,0.0003,-0.045037370175123215,0.6641833782196045,-0.5764498683810234,-0.030918879439122974,0.12004461815580726
6,13342720,28,1096,26050,0.08813203,0.31232421875,0.2,0.0003,-0.040614053606987,0.6882863640785217,-0.5865298011898994,-0.030280419441405682,0.12925645953044296
7,13347840,33,1083,26060,0.09147478,0.31291015625,0.2,0.0003,-0.04795244708657265,0.4116519093513489,-0.5473897540569306,-0.03332768928725272,0.1449790476821363
8,13352960,38,1076,26070,0.08559459,0.3202734375,0.2,0.0003,-0.060641199350357056,0.6790141463279724,-0.5883922165632248,-0.03293067993130535,0.10778080519288778
9,13358080,43,1068,26080,0.093868636,0.292109375,0.2,0.0003,-0.04693636670708656,0.5680924654006958,-0.5181697109341621,-0.028107912600971757,0.12369740348309279
10,13363200,48,1064,26090,0.08314304,0.29306640625,0.2,0.0003,-0.03103434294462204,0.7098461389541626,-0.5005137571692466,-0.02998234622646123,0.1099868636764586
1,13368320,2,2011,26100,0.113031805,0.28875,0.2,0.0003,-0.03222241625189781,0.5682154893875122,-0.4468762731552124,-0.028618233937304467,0.12066104738041758
2,13373440,8,1243,26110,0.09189351,0.29384765625,0.2,0.0003,-0.05682169273495674,0.6643389463424683,-0.48431520894169805,-0.03139524621423334,0.11894348943606019
3,13378560,13,1127,26120,0.08989026,0.30921875,0.2,0.0003,-0.048044804483652115,0.6426688432693481,-0.5163202679157257,-0.03141019501257688,0.1109145200252533
4,13383680,19,1074,26130,0.09476608,0.29203125,0.2,0.0003,-0.026412200182676315,0.7586417198181152,-0.49964423820376397,-0.028035965119488537,0.09820052415132523
5,13388800,24,1037,26140,0.09400128,0.31625,0.2,0.0003,-0.02549748308956623,0.6590782403945923,-0.48737950339913366,-0.03223677860805765,0.09066547368653119
6,13393920,30,1011,26150,0.09423844,0.30322265625,0.2,0.0003,-0.03057694062590599,0.6228948831558228,-0.49258558183908463,-0.025689574433490635,0.11790665989741683
7,13399040,36,990,26160,0.08349778,0.30146484375,0.2,0.0003,-0.0368315652012825,0.6833289861679077,-0.5400694407522678,-0.0293460151925683,0.13215365510433913
8,13404160,41,986,26170,0.09550997,0.3071484375,0.2,0.0003,-0.04211292415857315,0.6163312196731567,-0.5431311908364296,-0.032588935396634044,0.11598215106874704
9,13409280,46,985,26180,0.09638928,0.3121484375,0.2,0.0003,-0.04836878180503845,0.637617290019989,-0.5396489948034286,-0.02925964567111805,0.11636388096958399
10,13414400,52,984,26190,0.10114982,0.32947265625,0.2,0.0003,-0.039817001670598984,0.48335981369018555,-0.5733573761582375,-0.026827752790413797,0.1304256981983781
1,13419520,2,1992,26200,0.097498626,0.32005859375,0.2,0.0003,-0.03696966916322708,0.44640523195266724,-0.5329213556647301,-0.031312017785385254,0.1154774266295135
2,13424640,8,1258,26210,0.10185008,0.3229296875,0.2,0.0003,-0.033734291791915894,0.3873065114021301,-0.517510483711958,-0.03200688551645726,0.1056780507415533
3,13429760,13,1134,26220,0.09914778,0.34552734375,0.2,0.0003,-0.031224338337779045,0.5397660136222839,-0.5812005490064621,-0.03158795901108533,0.08536185940727592
4,13434880,19,1072,26230,0.09524287,0.3146484375,0.2,0.0003,-0.05320720002055168,0.5209904313087463,-0.5162370190024376,-0.035161195867694915,0.09840579278767109
5,13440000,24,1034,26240,0.083090946,0.31673828125,0.2,0.0003,-0.04001174494624138,0.5800381302833557,-0.5970222303271293,-0.028531893081963064,0.09451978136785329
6,13445120,30,1007,26250,0.0951588,0.34771484375,0.2,0.0003,-0.04001190885901451,0.627921462059021,-0.5828930029273033,-0.030888996601570396,0.11112300543114544
7,13450240,36,981,26260,0.09452703,0.32966796875,0.2,0.0003,-0.04279284179210663,0.5937587022781372,-0.5939072912931442,-0.03445090850815177,0.1042272175103426
8,13455360,42,960,26270,0.07534537,0.31185546875,0.2,0.0003,-0.04215472936630249,0.6251932382583618,-0.591623717546463,-0.030282556847669184,0.1156321364454925
9,13460480,48,946,26280,0.091615066,0.35130859375,0.2,0.0003,-0.04468262568116188,0.6120975613594055,-0.5902168527245522,-0.03296807157341391,0.09485465534031391
10,13465600,54,942,26290,0.08988,0.32576171875,0.2,0.0003,-0.03573896735906601,0.508228063583374,-0.5706591835618019,-0.030079809320159256,0.12551422545686364
1,13470720,2,2111,26300,0.1008177,0.33783203125,0.2,0.0003,-0.03359418734908104,0.6292519569396973,-0.5943265527486801,-0.0260356575390324,0.10908127978444099
2,13475840,7,1309,26310,0.08693827,0.326796875,0.2,0.0003,-0.022610800340771675,0.5670090317726135,-0.6163801491260529,-0.02716898058075458,0.13371912701055408
3,13480960,12,1192,26320,0.09955524,0.3378515625,0.2,0.0003,-0.01761796697974205,0.5137662887573242,-0.5885719034075737,-0.03323633963242173,0.12528494169935583
4,13486080,17,1143,26330,0.09842465,0.34517578125,0.2,0.0003,-0.008131999522447586,0.5272552967071533,-0.5686386317014694,-0.030175140709616244,0.11242778614163398
5,13491200,22,1116,26340,0.101616,0.34923828125,0.2,0.0003,-0.037008434534072876,0.6530341506004333,-0.5885917064547539,-0.035249769282527266,0.141640149038285
6,13496320,27,1100,26350,0.087309934,0.313984375,0.2,0.0003,-0.043320365250110626,0.7014126777648926,-0.5415431563556194,-0.032530789994634685,0.10049473837018014
7,13501440,33,1084,26360,0.100588605,0.345859375,0.2,0.0003,-0.02027881145477295,0.6127270460128784,-0.5740287980437279,-0.03131889759330079,0.11272384243085981
8,13506560,38,1067,26370,0.08678317,0.30890625,0.2,0.0003,-0.041374627500772476,0.7323315143585205,-0.5337906050682067,-0.02792919217143208,0.11785856319591403
9,13511680,43,1056,26380,0.080599286,0.3125390625,0.2,0.0003,-0.0350036546587944,0.602881669998169,-0.5393262796103955,-0.02934805013705045,0.14131365764886142
10,13516800,48,1048,26390,0.086841434,0.30017578125,0.2,0.0003,-0.029848678037524223,0.6159359216690063,-0.4964141584932804,-0.027963057053275408,0.12514802427962424
1,13521920,2,2133,26400,0.085111514,0.30703125,0.2,0.0003,-0.02583644539117813,0.6424588561058044,-0.5341673846542835,-0.03130916769616306,0.13436372224241494
2,13527040,7,1330,26410,0.092859164,0.32796875,0.2,0.0003,-0.03577030077576637,0.5590201616287231,-0.5486869895458222,-0.02925559054594487,0.13579700129106642
3,13532160,12,1198,26420,0.090733565,0.316328125,0.2,0.0003,-0.030453983694314957,0.49619781970977783,-0.5194336701929569,-0.02979234829545021,0.14908305713906883
4,13537280,17,1155,26430,0.10698007,0.33630859375,0.2,0.0003,-0.022153344005346298,0.5257331132888794,-0.5616979257762432,-0.0331208325480111,0.1246506861411035
5,13542400,22,1129,26440,0.09649308,0.3273828125,0.2,0.0003,-0.038308776915073395,0.5199204087257385,-0.5304136522114277,-0.032486277993302795,0.11089091476053
6,13547520,27,1108,26450,0.08528136,0.30638671875,0.2,0.0003,-0.03924719989299774,0.5410130023956299,-0.5321716740727425,-0.033674116218462585,0.10542539281770587
7,13552640,32,1095,26460,0.09120045,0.33419921875,0.2,0.0003,-0.05788826197385788,0.5787348747253418,-0.5937640106678009,-0.033100239261984826,0.119819176774472
8,13557760,37,1083,26470,0.07704023,0.3087890625,0.2,0.0003,-0.02907155081629753,0.7198336124420166,-0.5346296593546868,-0.03262764223385602,0.09661929009482265
9,13562880,42,1076,26480,0.08398612,0.32296875,0.2,0.0003,-0.016965065151453018,0.7092463374137878,-0.5507921695709228,-0.026819772594608368,0.14085186963900923
10,13568000,47,1068,26490,0.0856488,0.34359375,0.2,0.0003,-0.044821321964263916,0.7576583027839661,-0.5894931176304817,-0.036519550844095645,0.11848710875958204
1,13573120,2,2101,26500,0.09271164,0.306953125,0.2,0.0003,-0.03644668310880661,0.6875462532043457,-0.5257318396866322,-0.03163845951668918,0.11404766954481602
2,13578240,7,1311,26510,0.086391315,0.32416015625,0.2,0.0003,-0.0512247234582901,0.7649701237678528,-0.5987405329942703,-0.03281817726790905,0.12248432828113437
3,13583360,12,1194,26520,0.085818514,0.31486328125,0.2,0.0003,-0.026011120527982712,0.6614035367965698,-0.5598873801529407,-0.03414795014541596,0.13933266589418053
4,13588480,17,1144,26530,0.0893198,0.29697265625,0.2,0.0003,-0.04191124439239502,0.6311973333358765,-0.49424639508128165,-0.029952681760769338,0.1271341497078538
5,13593600,23,1110,26540,0.07438959,0.2978515625,0.2,0.0003,-0.03644270822405815,0.6554465889930725,-0.5539925003051758,-0.029606341545004397,0.13812846429646014
6,13598720,28,1091,26550,0.06541361,0.30736328125,0.2,0.0003,-0.040098369121551514,0.6318333148956299,-0.5938492512702942,-0.030594902262091637,0.14200280735269188
7,13603840,33,1077,26560,0.09021384,0.30669921875,0.2,0.0003,-0.04432584345340729,0.6045001149177551,-0.5350409194827079,-0.03258085672510788,0.13016056520864366
8,13608960,38,1069,26570,0.06601657,0.30044921875,0.2,0.0003,-0.04609334468841553,0.4228394627571106,-0.5884943583607674,-0.031061516338959337,0.1281899661757052
9,13614080,43,1060,26580,0.08292645,0.29388671875,0.2,0.0003,-0.040755417197942734,0.5929254293441772,-0.5319073961675167,-0.02964780540438369,0.11347796969115734
10,13619200,48,1053,26590,0.0825723,0.3136328125,0.2,0.0003,-0.042432643473148346,0.4911494255065918,-0.5289823925495147,-0.033619038441684096,0.1112827617302537
1,13624320,2,1953,26600,0.087479964,0.3109375,0.2,0.0003,-0.06122925132513046,0.5954501628875732,-0.5457877783477306,-0.03623898220597766,0.0859902389254421
2,13629440,8,1196,26610,0.07918827,0.30431640625,0.2,0.0003,-0.022801894694566727,0.49539870023727417,-0.5457145194709301,-0.032952314242720604,0.11292177280411124
3,13634560,14,1063,26620,0.089704335,0.3131640625,0.2,0.0003,-0.040085963904857635,0.5139158964157104,-0.5332077975571156,-0.03622043553274125,0.10715374087914825
4,13639680,20,997,26630,0.08756492,0.30462890625,0.2,0.0003,-0.03263213485479355,0.6249213218688965,-0.5106439930200577,-0.03444607133977115,0.08943315958604217
5,13644800,26,967,26640,0.07770127,0.31435546875,0.2,0.0003,-0.05120878666639328,0.7315034866333008,-0.5549853645265103,-0.03188287064433098,0.08924599502235651
6,13649920,32,943,26650,0.07862599,0.30544921875,0.2,0.0003,-0.04324919357895851,0.7132817506790161,-0.5498296812176704,-0.03336148789152503,0.09608200589194894
7,13655040,38,928,26660,0.076964155,0.29873046875,0.2,0.0003,-0.03739331290125847,0.6158791184425354,-0.503823809325695,-0.03341408662032336,0.1254234437458217
8,13660160,44,915,26670,0.06891899,0.293515625,0.2,0.0003,-0.05457527935504913,0.6274038553237915,-0.5456368757784367,-0.035598278208635745,0.10850608812645078
9,13665280,50,907,26680,0.08490218,0.3191015625,0.2,0.0003,-0.03333313390612602,0.674380362033844,-0.5874616193771363,-0.031950114839710296,0.09762522690929472
10,13670400,56,898,26690,0.08421238,0.30421875,0.2,0.0003,-0.02109137363731861,0.6938972473144531,-0.5192299236357212,-0.03400408620480448,0.10611197574995458
1,13675520,2,2114,26700,0.07046424,0.30513671875,0.2,0.0003,-0.038376592099666595,0.6287062168121338,-0.5670794281363487,-0.03048130993032828,0.1122702532634139
2,13680640,7,1335,26710,0.09984677,0.2898046875,0.2,0.0003,-0.042367491871118546,0.6885876059532166,-0.5005759362876415,-0.028952579540200533,0.13522331638261675
3,13685760,12,1199,26720,0.07088866,0.305234375,0.2,0.0003,-0.024640193209052086,0.7511091232299805,-0.5869779469072819,-0.03163597955368459,0.1299883596971631
4,13690880,17,1142,26730,0.073941775,0.2796875,0.2,0.0003,-0.011645782738924026,0.7356055974960327,-0.5191871701180935,-0.02781531139742583,0.1383029488287866
5,13696000,23,1103,26740,0.085575745,0.29322265625,0.2,0.0003,-0.011471200734376907,0.7119477987289429,-0.5187895680963993,-0.02393456669058651,0.2046225131675601
6,13701120,28,1084,26750,0.07117536,0.28078125,0.2,0.0003,-0.018604803830385208,0.7152836322784424,-0.5076741088926792,-0.026369877601973714,0.15862995985895395
7,13706240,33,1070,26760,0.08853417,0.308359375,0.2,0.0003,-0.017570562660694122,0.6171960830688477,-0.5021606764197349,-0.026219794265925883,0.15398294921964406
8,13711360,38,1057,26770,0.083186604,0.3012890625,0.2,0.0003,-0.025352604687213898,0.622437596321106,-0.5027452521026134,-0.027440159835387022,0.16269390240311624
9,13716480,43,1050,26780,0.08683255,0.3025,0.2,0.0003,-0.04174823313951492,0.5762741565704346,-0.49375862672924997,-0.028324310446623712,0.14124366259202362
10,13721600,48,1045,26790,0.09592808,0.29396484375,0.2,0.0003,-0.027447247877717018,0.47965675592422485,-0.4530602464079857,-0.025710776289924978,0.1270722270011902
1,13726720,2,1937,26800,0.082490906,0.27732421875,0.2,0.0003,-0.03531462699174881,0.5734248161315918,-0.44858202084898946,-0.024724824065342547,0.09232243430800736
2,13731840,8,1245,26810,0.08617037,0.3148046875,0.2,0.0003,-0.04260367900133133,0.6813006401062012,-0.5410327985882759,-0.03255051821935922,0.11534539474174381
3,13736960,13,1112,26820,0.080158666,0.30244140625,0.2,0.0003,-0.02956365793943405,0.6715367436408997,-0.5097159539163113,-0.033690092936158184,0.12715399619191886
4,13742080,19,1046,26830,0.07948529,0.2893359375,0.2,0.0003,-0.02714516967535019,0.6293250322341919,-0.5006047932803631,-0.029193450540769845,0.10539820149540902
5,13747200,25,1004,26840,0.087949246,0.29498046875,0.2,0.0003,-0.04238150641322136,0.632288932800293,-0.506693776100874,-0.027276705491822213,0.11122690539807081
6,13752320,31,976,26850,0.08330713,0.307578125,0.2,0.0003,-0.05428098887205124,0.6651830673217773,-0.5108379225432873,-0.027608574258629233,0.10153886189684272
7,13757440,37,956,26860,0.08834975,0.29744140625,0.2,0.0003,-0.031109584495425224,0.7289060950279236,-0.4808516377210617,-0.03305877664592117,0.10683829382061959
8,13762560,43,942,26870,0.08520533,0.292578125,0.2,0.0003,-0.05718994140625,0.6049475073814392,-0.48653837576508524,-0.031332441272679715,0.0995656280964613
9,13767680,49,932,26880,0.07429655,0.30884765625,0.2,0.0003,-0.03209981694817543,0.656407356262207,-0.5663909167051315,-0.031642014409881083,0.14381620476022364
10,13772800,55,926,26890,0.084685005,0.300703125,0.2,0.0003,-0.05390910059213638,0.6428239345550537,-0.49486386150121686,-0.03165131968678907,0.1278502962179482
1,13777920,2,1735,26900,0.1030905,0.300078125,0.2,0.0003,-0.04767259955406189,0.6129295825958252,-0.4826357516646385,-0.02846359871327877,0.10835688967257738
2,13783040,8,1151,26910,0.078363106,0.30064453125,0.2,0.0003,-0.02624618448317051,0.5339207053184509,-0.5282357735931873,-0.03207175617106259,0.11359364569187164
3,13788160,14,1053,26920,0.09217037,0.3044140625,0.2,0.0003,-0.02803153358399868,0.6364626884460449,-0.4983607266843319,-0.03284064652398229,0.10899265559390187
4,13793280,20,1008,26930,0.09658715,0.31572265625,0.2,0.0003,-0.04341521114110947,0.5779778361320496,-0.5254253596067429,-0.03303616896737367,0.0988133267685771
5,13798400,26,978,26940,0.10633798,0.3141015625,0.2,0.0003,-0.05027352645993233,0.7396246194839478,-0.5182467241585255,-0.03385671073338017,0.09417409243993462
6,13803520,32,959,26950,0.10045688,0.2780078125,0.2,0.0003,-0.02898411825299263,0.7542234659194946,-0.4538335108757019,-0.02865685328375548,0.09878425415605306
7,13808640,37,948,26960,0.090432376,0.31248046875,0.2,0.0003,-0.04556301608681679,0.790111780166626,-0.4841548755764961,-0.0318625333532691,0.08417841997928917
8,13813760,43,936,26970,0.09395869,0.27900390625,0.2,0.0003,-0.024000169709324837,0.6741234064102173,-0.41697303250432016,-0.027627136413939296,0.0969791267067194
9,13818880,49,926,26980,0.07452249,0.27630859375,0.2,0.0003,-0.054188624024391174,0.6875927448272705,-0.4665105184912682,-0.030687986109405756,0.11673973785713315
10,13824000,55,920,26990,0.103810444,0.292578125,0.2,0.0003,-0.052477363497018814,0.5754033923149109,-0.4714063383638859,-0.02937323562335223,0.1154662711545825
1,13829120,2,1870,27000,0.07935289,0.2851953125,0.2,0.0003,-0.028136562556028366,0.5057743787765503,-0.4660000689327717,-0.028057133913971483,0.11933417635038496
2,13834240,8,1218,27010,0.099246904,0.29767578125,0.2,0.0003,-0.04368889331817627,0.5088059902191162,-0.4481109857559204,-0.03169168911175802,0.10292686872184277
3,13839360,13,1108,27020,0.07732601,0.3015234375,0.2,0.0003,-0.03944298252463341,0.5485870242118835,-0.489508953243494,-0.03594876166433096,0.08976785032078624
4,13844480,19,1055,27030,0.08008603,0.30056640625,0.2,0.0003,-0.04554413631558418,0.5371255874633789,-0.4837475755810738,-0.03236423834227026,0.09445601753890515
5,13849600,24,1030,27040,0.09311857,0.3054296875,0.2,0.0003,-0.047786641865968704,0.4253271818161011,-0.5021532814204693,-0.031463809111155566,0.09537845954298974
6,13854720,30,1007,27050,0.08619197,0.314375,0.2,0.0003,-0.03665537014603615,0.5035707950592041,-0.5182149384915828,-0.030972870383411646,0.11246008260175586
7,13859840,36,987,27060,0.08974738,0.29845703125,0.2,0.0003,-0.023848671466112137,0.4317920207977295,-0.4965264028310776,-0.027719086895231157,0.07374488814733922
8,13864960,42,969,27070,0.0929362,0.30580078125,0.2,0.0003,-0.03540818765759468,0.47018104791641235,-0.4939449054002762,-0.033058886551298204,0.0996959214285016
9,13870080,48,958,27080,0.066642836,0.284453125,0.2,0.0003,-0.03901401907205582,0.5254381895065308,-0.49477780625224116,-0.03301780850393698,0.09362819761037827
10,13875200,53,952,27090,0.079467095,0.29322265625,0.2,0.0003,-0.025374731048941612,0.5031689405441284,-0.4940221320092678,-0.029570725443772972,0.11718600142747164
1,13880320,2,2072,27100,0.095186196,0.317421875,0.2,0.0003,-0.042363241314888,0.5635659694671631,-0.5356952852010727,-0.032983938353136184,0.11661736648529768
2,13885440,7,1332,27110,0.081388995,0.28732421875,0.2,0.0003,-0.04469415545463562,0.6273558139801025,-0.4700878322124481,-0.032310862813610584,0.10623518796637654
3,13890560,12,1212,27120,0.09364944,0.31017578125,0.2,0.0003,-0.0495462529361248,0.6659481525421143,-0.5065658950805664,-0.03152588602155447,0.10581263298168779
4,13895680,17,1155,27130,0.07844668,0.28427734375,0.2,0.0003,-0.02712336555123329,0.6018012762069702,-0.4837415611743927,-0.02899441579123959,0.12178227882832289
5,13900800,22,1122,27140,0.09925391,0.30384765625,0.2,0.0003,-0.039794303476810455,0.6254265308380127,-0.5159839335083961,-0.03339523114264011,0.0996260099671781
6,13905920,27,1101,27150,0.09042796,0.292265625,0.2,0.0003,-0.0342741534113884,0.5744194388389587,-0.4824050383269787,-0.031331729502417145,0.15309288030490278
7,13911040,33,1085,27160,0.08969784,0.2998828125,0.2,0.0003,-0.045963335782289505,0.485975444316864,-0.4844129952788353,-0.03298821868607774,0.12180402932688594
8,13916160,38,1074,27170,0.08158245,0.31005859375,0.2,0.0003,-0.033462509512901306,0.38278865814208984,-0.5108987733721733,-0.026559192650020123,0.11995542192831636
9,13921280,43,1064,27180,0.0842187,0.2966796875,0.2,0.0003,-0.0399986207485199,0.5711671710014343,-0.48486927956342696,-0.02616545136552304,0.09231929979287087
10,13926400,48,1056,27190,0.08173966,0.3263671875,0.2,0.0003,-0.052330922335386276,0.6523504257202148,-0.5833775055408478,-0.03704975014552474,0.10383470743894577
1,13931520,2,2109,27200,0.08573244,0.31162109375,0.2,0.0003,-0.042107053101062775,0.6625637412071228,-0.5404590140283108,-0.033404144700616596,0.12125552866607904
2,13936640,7,1313,27210,0.08317741,0.31697265625,0.2,0.0003,-0.04338612034916878,0.6024349927902222,-0.5610885952413082,-0.03122173072071746,0.13301386933773757
3,13941760,12,1199,27220,0.097289234,0.310703125,0.2,0.0003,-0.04652363806962967,0.6419341564178467,-0.48090435191988945,-0.03283443794120103,0.09565825466066599
4,13946880,17,1147,27230,0.10480799,0.2921484375,0.2,0.0003,-0.04489516466856003,0.5657678842544556,-0.4969476443529129,-0.02779316884931177,0.12426823796704412
5,13952000,22,1116,27240,0.07948832,0.300390625,0.2,0.0003,-0.03375047445297241,0.6496387720108032,-0.5172707042098046,-0.03272331312531605,0.12758184861391783
6,13957120,27,1098,27250,0.085578255,0.30248046875,0.2,0.0003,-0.04291267693042755,0.5386772155761719,-0.4793500442802906,-0.03236069739796221,0.10927120247855783
7,13962240,33,1081,27260,0.10304262,0.2939453125,0.2,0.0003,-0.04126157611608505,0.6390088200569153,-0.4917077898979187,-0.02867115644738078,0.11705845264717936
8,13967360,38,1065,27270,0.10197638,0.32392578125,0.2,0.0003,-0.03330366685986519,0.5770098567008972,-0.5450560577213764,-0.034808584665879605,0.12449924424290656
9,13972480,43,1052,27280,0.0792163,0.301171875,0.2,0.0003,-0.03640616685152054,0.582319438457489,-0.5281841453909873,-0.029113942361436784,0.11958985064178705
10,13977600,49,1038,27290,0.08683501,0.30091796875,0.2,0.0003,-0.02254931814968586,0.6029415726661682,-0.5237541310489178,-0.03439145765500143,0.09758787700906396
1,13982720,2,1904,27300,0.09962049,0.3266015625,0.2,0.0003,-0.04988846555352211,0.6014426946640015,-0.5531203643977642,-0.03208877586293966,0.11462793964892626
2,13987840,8,1246,27310,0.0855327,0.30697265625,0.2,0.0003,-0.030220121145248413,0.5582990050315857,-0.5291631950438023,-0.032168254256248474,0.10668235948309303
3,13992960,13,1117,27320,0.09119263,0.327109375,0.2,0.0003,-0.018367081880569458,0.5461314916610718,-0.5656896318495274,-0.03362677871249616,0.13941293003037572
4,13998080,19,1058,27330,0.08799379,0.30814453125,0.2,0.0003,-0.041652046144008636,0.5115209817886353,-0.5262016962468624,-0.033972226448822765,0.11608044462278486
5,14003200,25,1014,27340,0.087968804,0.3316015625,0.2,0.0003,-0.06206062063574791,0.6867929697036743,-0.5681074695289134,-0.03556785103399306,0.08155269014649093
6,14008320,31,986,27350,0.11098224,0.30919921875,0.2,0.0003,-0.04076879471540451,0.6986198425292969,-0.49528826504945755,-0.0348145435936749,0.12357756823301315
7,14013440,37,963,27360,0.08359072,0.30759765625,0.2,0.0003,-0.02221599407494068,0.6198647022247314,-0.5284159550070763,-0.031244385181926192,0.11659830017015338
8,14018560,43,942,27370,0.09559117,0.28650390625,0.2,0.0003,-0.03242627531290054,0.5766282081604004,-0.4951953117549419,-0.024739238645415752,0.1157961924932897
9,14023680,49,929,27380,0.08881205,0.2929296875,0.2,0.0003,-0.01899237558245659,0.636411190032959,-0.5229958562552929,-0.02992307858541608,0.13758003631606697
10,14028800,55,922,27390,0.09684761,0.30228515625,0.2,0.0003,-0.040999799966812134,0.6450130939483643,-0.4870093485713005,-0.02721909829415381,0.11184338726103306
1,14033920,2,1964,27400,0.080172,0.3023828125,0.2,0.0003,-0.027697645127773285,0.6528218984603882,-0.5035984615981579,-0.032758188417647036,0.10815325804054737
2,14039040,7,1299,27410,0.08331949,0.27458984375,0.2,0.0003,0.012997896410524845,0.5139104127883911,-0.4254538482427597,-0.02954055862734094,0.09855839379131794
3,14044160,12,1192,27420,0.09178084,0.2988671875,0.2,0.0003,-0.040541041642427444,0.6502725481987,-0.5058612737059593,-0.0310384732671082,0.10354016361758113
4,14049280,17,1141,27430,0.0939638,0.30892578125,0.2,0.0003,-0.02988189086318016,0.653816282749176,-0.4847089174389839,-0.030003934120759367,0.08130507147870958
5,14054400,23,1110,27440,0.08888499,0.30453125,0.2,0.0003,-0.04229588061571121,0.6686557531356812,-0.4979322636127472,-0.030951508414000274,0.10684621097519993
6,14059520,28,1094,27450,0.072816506,0.2975390625,0.2,0.0003,-0.038417063653469086,0.6651936769485474,-0.5267098665237426,-0.029322566122282297,0.11222973119467497
7,14064640,33,1080,27460,0.07942459,0.29853515625,0.2,0.0003,-0.03428102657198906,0.6510161757469177,-0.5368921999633313,-0.030568905686959625,0.12766151981428264
8,14069760,38,1072,27470,0.07961707,0.3146875,0.2,0.0003,-0.018496984615921974,0.5935380458831787,-0.5489148536324501,-0.02848665215075016,0.11944554517045618
9,14074880,43,1066,27480,0.10476158,0.3132421875,0.2,0.0003,-0.037151023745536804,0.6089789271354675,-0.4769986017048359,-0.02927696495084092,0.11185191214084625
10,14080000,48,1062,27490,0.103206374,0.31365234375,0.2,0.0003,-0.033583864569664,0.5476824641227722,-0.5221556971967221,-0.033468416635878386,0.10999638015404344
1,14085120,2,2093,27500,0.07598523,0.29775390625,0.2,0.0003,-0.03683571144938469,0.5891153812408447,-0.5580597022175788,-0.03498618986457586,0.12329450925812126
2,14090240,7,1282,27510,0.07715076,0.31453125,0.2,0.0003,-0.03926170617341995,0.5989186763763428,-0.5585244430601597,-0.03092045894358307,0.1211280919611454
3,14095360,13,1160,27520,0.06788872,0.27779296875,0.2,0.0003,-0.045315220952034,0.6289336085319519,-0.5049400988221169,-0.033225633483380076,0.10759948486462236
4,14100480,18,1115,27530,0.08691804,0.30896484375,0.2,0.0003,-0.029580578207969666,0.583438515663147,-0.5279935969412327,-0.03027751565910876,0.13056904906407
5,14105600,23,1092,27540,0.08476361,0.30400390625,0.2,0.0003,-0.032261528074741364,0.6220072507858276,-0.5087064743041992,-0.03400418295990676,0.09812548622488976
6,14110720,28,1075,27550,0.08386706,0.31228515625,0.2,0.0003,-0.022903714329004288,0.6569435000419617,-0.5357802487909794,-0.029299081461504103,0.10669839167967439
7,14115840,33,1065,27560,0.08324538,0.31953125,0.2,0.0003,-0.042522408068180084,0.7183947563171387,-0.5777280667424202,-0.03431016367860138,0.1016353353485465
8,14120960,38,1058,27570,0.0902017,0.3191796875,0.2,0.0003,-0.020442398265004158,0.5857659578323364,-0.5503204552829266,-0.028389409938827156,0.1390002959780395
9,14126080,43,1053,27580,0.09124563,0.31064453125,0.2,0.0003,-0.0545058399438858,0.6394623517990112,-0.5283586110174656,-0.03447081158636138,0.126253049261868
10,14131200,48,1048,27590,0.072319835,0.30892578125,0.2,0.0003,-0.015186119824647903,0.6294654011726379,-0.5888183179497719,-0.02686842930968851,0.11969437001273037
1,14136320,2,2090,27600,0.09750168,0.32556640625,0.2,0.0003,-0.03966238349676132,0.5641564130783081,-0.5640751791000366,-0.028588584002573043,0.12360191185027361
2,14141440,7,1323,27610,0.10636012,0.33697265625,0.2,0.0003,-0.04648334160447121,0.6674697399139404,-0.5715078657865524,-0.032304515759460625,0.10737735660746693
3,14146560,12,1197,27620,0.10295019,0.32201171875,0.2,0.0003,-0.0355205200612545,0.6527916193008423,-0.5072905193269253,-0.02719331598840654,0.11091616410762072
4,14151680,17,1144,27630,0.084922,0.32181640625,0.2,0.0003,-0.04421376436948776,0.5979410409927368,-0.5690842965245246,-0.027242253022268414,0.11172833469696343
5,14156800,23,1112,27640,0.06994054,0.29900390625,0.2,0.0003,-0.031395286321640015,0.5466805696487427,-0.5417772297561169,-0.03161319619044661,0.10558177776634693
6,14161920,28,1092,27650,0.09382938,0.326640625,0.2,0.0003,-0.05410701036453247,0.6299937963485718,-0.5330431127548217,-0.029237492326647043,0.0831703601591289
7,14167040,33,1074,27660,0.09188296,0.3174609375,0.2,0.0003,-0.036984629929065704,0.6616445779800415,-0.5309265457093716,-0.029600365692749618,0.08931843861937523
8,14172160,38,1057,27670,0.1212915,0.31228515625,0.2,0.0003,-0.03890623897314072,0.7388911843299866,-0.5184903684258461,-0.031940760388970375,0.09510975796729326
9,14177280,44,1041,27680,0.09884708,0.315,0.2,0.0003,-0.05716191977262497,0.6802102327346802,-0.5043027801811695,-0.02984398826258257,0.11568844622001052
10,14182400,49,1024,27690,0.08539418,0.320078125,0.2,0.0003,-0.05391822010278702,0.7164324522018433,-0.6004072371125221,-0.032431905986741186,0.11378092765808105
1,14187520,2,2133,27700,0.08571242,0.30576171875,0.2,0.0003,-0.026404235512018204,0.6292669177055359,-0.5306233525276184,-0.030614864747039974,0.14383620774373412
2,14192640,7,1334,27710,0.083885536,0.3176953125,0.2,0.0003,-0.027059491723775864,0.6604151129722595,-0.5421132259070873,-0.03026077864225954,0.11196510979905724
3,14197760,12,1204,27720,0.0852546,0.313125,0.2,0.0003,-0.027803681790828705,0.655569314956665,-0.5965563461184502,-0.027604602875653653,0.12307997643947602
4,14202880,17,1148,27730,0.09138616,0.29962890625,0.2,0.0003,-0.02958829328417778,0.5460153818130493,-0.4904133427143097,-0.026243804101832212,0.131160844899714
5,14208000,22,1121,27740,0.078060254,0.3022265625,0.2,0.0003,-0.032472867518663406,0.5129566192626953,-0.5473930646479129,-0.03461535833077505,0.12240171810612083
6,14213120,27,1099,27750,0.08923617,0.29814453125,0.2,0.0003,-0.015058517456054688,0.5005655288696289,-0.4771280862390995,-0.023539401842281222,0.12113356459885835
7,14218240,32,1086,27760,0.08858461,0.30533203125,0.2,0.0003,-0.024369865655899048,0.5746140480041504,-0.5316603387892246,-0.032637853152118625,0.14429756676778197
8,14223360,38,1075,27770,0.102866314,0.30810546875,0.2,0.0003,-0.03459683060646057,0.4967116713523865,-0.5380660347640515,-0.03569284169701859,0.1262629408761859
9,14228480,43,1066,27780,0.07292311,0.32107421875,0.2,0.0003,-0.02807329222559929,0.5340924263000488,-0.5732203873991967,-0.027695918588433413,0.12591698434203863
10,14233600,48,1060,27790,0.08869045,0.29716796875,0.2,0.0003,-0.03282638639211655,0.6142513155937195,-0.5180373662710189,-0.030961202271282674,0.11610076855868101
1,14238720,2,2105,27800,0.08136197,0.28611328125,0.2,0.0003,-0.03406402841210365,0.6146339178085327,-0.4882500049471855,-0.028275348381139338,0.11384580511599779
2,14243840,7,1321,27810,0.09305542,0.300390625,0.2,0.0003,-0.03379365801811218,0.448747456073761,-0.5457990910112858,-0.02871921010315418,0.12884743912145497
3,14248960,12,1196,27820,0.08344168,0.30380859375,0.2,0.0003,-0.04419834166765213,0.6297928094863892,-0.5400036878883838,-0.030915631884709,0.10541284415870905
4,14254080,17,1144,27830,0.09043184,0.30900390625,0.2,0.0003,-0.017720917239785194,0.6256574988365173,-0.5223272539675236,-0.033221289929933846,0.1022209206968546
5,14259200,22,1117,27840,0.096132435,0.305390625,0.2,0.0003,-0.052415743470191956,0.39938217401504517,-0.5161031584441662,-0.03301308180205524,0.13495775511488317
6,14264320,27,1101,27850,0.1106557,0.31921875,0.2,0.0003,-0.03280956298112869,0.4618831276893616,-0.5127284492552281,-0.02998109527863562,0.09745839037932455
7,14269440,33,1078,27860,0.10023334,0.31037109375,0.2,0.0003,-0.04054681584239006,0.639092206954956,-0.5314030601084232,-0.02989894735161215,0.11399360673502087
8,14274560,38,1062,27870,0.0920688,0.31080078125,0.2,0.0003,-0.02899421937763691,0.6154230833053589,-0.5314384378492832,-0.031570758884772655,0.12216880543157459
9,14279680,43,1051,27880,0.079233736,0.29931640625,0.2,0.0003,-0.030062977224588394,0.6066082715988159,-0.5177971112728119,-0.03030253225937486,0.12774767471477388
10,14284800,49,1043,27890,0.07921769,0.3260546875,0.2,0.0003,-0.028729571029543877,0.6004626154899597,-0.5753552362322807,-0.032515964778140186,0.11902602607384324
1,14289920,2,2120,27900,0.08633587,0.29251953125,0.2,0.0003,-0.02803487703204155,0.5853290557861328,-0.5176976144313812,-0.032242626978550105,0.14951233627274632
2,14295040,7,1291,27910,0.084308624,0.288125,0.2,0.0003,-0.029522357508540154,0.5340295433998108,-0.5058423019945621,-0.028840668871998786,0.1422606691904366
3,14300160,13,1157,27920,0.07242308,0.31001953125,0.2,0.0003,-0.04122548550367355,0.6334154605865479,-0.5410765378177166,-0.03287812638562173,0.12316582737490535
4,14305280,18,1101,27930,0.09110206,0.30333984375,0.2,0.0003,-0.03820027410984039,0.6053297519683838,-0.5057414869964123,-0.031396295982412996,0.1396951893158257
5,14310400,23,1073,27940,0.089083694,0.29724609375,0.2,0.0003,-0.021143924444913864,0.610971987247467,-0.5048433850705624,-0.03418083838187158,0.13255084812641144
6,14315520,29,1057,27950,0.089388326,0.30763671875,0.2,0.0003,-0.042545612901449203,0.5657457709312439,-0.5350575594604016,-0.030576654127798975,0.13507465288043022
7,14320640,34,1051,27960,0.07831322,0.30205078125,0.2,0.0003,-0.022077541798353195,0.5349099636077881,-0.5299113021790981,-0.030853505472186953,0.13058991530910136
8,14325760,39,1047,27970,0.10266437,0.31751953125,0.2,0.0003,-0.04194355010986328,0.4775616526603699,-0.5368304063379764,-0.030532367990817873,0.1341628702916205
9,14330880,44,1041,27980,0.101260625,0.34083984375,0.2,0.0003,-0.04630632698535919,0.5213155150413513,-0.5475632067024708,-0.037926524276845154,0.11941699910908937
10,14336000,49,1034,27990,0.090570204,0.295234375,0.2,0.0003,-0.04056822881102562,0.525567889213562,-0.47565184354782103,-0.024463573577813803,0.10696983433328569
1,14341120,2,2171,28000,0.09535022,0.32107421875,0.2,0.0003,-0.036870941519737244,0.5785766839981079,-0.517738119661808,-0.028194023249670862,0.09077213670127093
2,14346240,7,1341,28010,0.0960083,0.31181640625,0.2,0.0003,-0.019651196897029877,0.6745238304138184,-0.5220808294415474,-0.02982244802173227,0.09261752381920814
3,14351360,12,1210,28020,0.087993056,0.30849609375,0.2,0.0003,-0.04372077062726021,0.6478468179702759,-0.5058415874838829,-0.03127727301325649,0.09892010077834129
4,14356480,17,1160,28030,0.08469105,0.28099609375,0.2,0.0003,-0.041493453085422516,0.6720167398452759,-0.471752175539732,-0.029755151919089257,0.09166634794324637
5,14361600,22,1128,28040,0.0925221,0.31181640625,0.2,0.0003,-0.03624345362186432,0.6093975305557251,-0.5156554435193539,-0.034838306312449274,0.09441456753760576
6,14366720,27,1103,28050,0.08684613,0.3178125,0.2,0.0003,-0.044105514883995056,0.7559303641319275,-0.5474054777622223,-0.03517005103174597,0.114300447832793
7,14371840,32,1087,28060,0.082008556,0.2981640625,0.2,0.0003,-0.026545464992523193,0.7346134185791016,-0.5252274841070175,-0.03151421427261084,0.12303075481206178
8,14376960,38,1076,28070,0.086933784,0.307890625,0.2,0.0003,-0.026154525578022003,0.6783332824707031,-0.5068374964594841,-0.032055242964997885,0.11814931550994516
9,14382080,43,1066,28080,0.0974996,0.32119140625,0.2,0.0003,-0.04162620007991791,0.7044873833656311,-0.5244103863835334,-0.03444779196055606,0.10929490853101015
10,14387200,48,1059,28090,0.09296849,0.30716796875,0.2,0.0003,-0.0193649809807539,0.7706265449523926,-0.523025875389576,-0.026217183687258512,0.11765213450416923
1,14392320,2,2184,28100,0.07094224,0.29525390625,0.2,0.0003,-0.03206406533718109,0.7396626472473145,-0.5170548495650291,-0.03271387808024883,0.10439966589212418
2,14397440,7,1316,28110,0.08688302,0.308828125,0.2,0.0003,-0.030288590118288994,0.6601182222366333,-0.5183493235707283,-0.031278221285901964,0.12749409979209303
3,14402560,12,1185,28120,0.096783444,0.3115625,0.2,0.0003,-0.014197450131177902,0.6734157800674438,-0.502725991755724,-0.03042509114835411,0.12824132286012171
4,14407680,18,1133,28130,0.075679444,0.32033203125,0.2,0.0003,-0.02999124303460121,0.567469596862793,-0.548149062693119,-0.03125240559224039,0.12457529632374645
5,14412800,23,1104,28140,0.08157591,0.31447265625,0.2,0.0003,-0.02682773396372795,0.5844377279281616,-0.5501093401014805,-0.03456374736502767,0.14592299969866873
6,14417920,28,1086,28150,0.07895134,0.29248046875,0.2,0.0003,-0.028649989515542984,0.5559604167938232,-0.5261626219749451,-0.027531312939245253,0.14826773887500166
7,14423040,33,1076,28160,0.098037325,0.3170703125,0.2,0.0003,-0.038590122014284134,0.6413211822509766,-0.5575484943389892,-0.027153610570821912,0.11577366722747684
8,14428160,38,1067,28170,0.09320953,0.3380859375,0.2,0.0003,-0.039717916399240494,0.5080088376998901,-0.5825238153338432,-0.03267808733973652,0.10899500576779246
9,14433280,43,1062,28180,0.08409047,0.31943359375,0.2,0.0003,-0.042466867715120316,0.6206969022750854,-0.5467762874066829,-0.031031693345867098,0.10264135338366032
10,14438400,48,1056,28190,0.09830128,0.332109375,0.2,0.0003,-0.04144034534692764,0.5758885145187378,-0.5638289526104927,-0.031254058675840496,0.1081827050447464
1,14443520,2,2120,28200,0.09347333,0.3171875,0.2,0.0003,-0.038036949932575226,0.483978807926178,-0.5843846344947815,-0.031699446099810305,0.13211531654000283
2,14448640,7,1311,28210,0.084748164,0.322890625,0.2,0.0003,-0.03972383588552475,0.5605303049087524,-0.5665537083148956,-0.03381637840531766,0.0924192540999502
3,14453760,13,1175,28220,0.09068249,0.32400390625,0.2,0.0003,-0.03735079616308212,0.6217888593673706,-0.5420056995749474,-0.031182014597579837,0.08855508085340262
4,14458880,18,1115,28230,0.0944242,0.33857421875,0.2,0.0003,-0.057376716285943985,0.5066745281219482,-0.5727239233255387,-0.02987354992190376,0.10453542301431298
5,14464000,23,1075,28240,0.08258549,0.35150390625,0.2,0.0003,-0.043098606169223785,0.6112706661224365,-0.5981725892424583,-0.032714068533387035,0.09538703504018485
6,14469120,29,1046,28250,0.082071304,0.3264453125,0.2,0.0003,-0.052382692694664,0.5932885408401489,-0.5731949532032012,-0.032101946242619306,0.11362916661426425
7,14474240,35,1022,28260,0.08484454,0.3358203125,0.2,0.0003,-0.032094575464725494,0.4803805351257324,-0.5860988312959671,-0.0333109690179117,0.12121030796319246
8,14479360,40,1005,28270,0.08403457,0.34072265625,0.2,0.0003,-0.03410966694355011,0.6545946002006531,-0.6034105268120765,-0.03187487788964063,0.10413530423305929
9,14484480,46,988,28280,0.09699659,0.32591796875,0.2,0.0003,-0.0383671335875988,0.5690747499465942,-0.5401536330580712,-0.03348275417461991,0.13679017957299947
10,14489600,52,972,28290,0.08480029,0.334609375,0.2,0.0003,-0.03172183781862259,0.4636961817741394,-0.5732266166806221,-0.03396726001985371,0.13158837895840406
1,14494720,2,2141,28300,0.08982525,0.33412109375,0.2,0.0003,-0.03914694860577583,0.4324510097503662,-0.5748609945178031,-0.02884555760305375,0.13865742202848197
2,14499840,7,1346,28310,0.11138666,0.3418359375,0.2,0.0003,-0.03260365128517151,0.3287527561187744,-0.5426863577961921,-0.033524689585901796,0.13709885207936168
3,14504960,12,1210,28320,0.08890291,0.3530859375,0.2,0.0003,-0.0402129590511322,0.534511923789978,-0.6182085984945297,-0.032671165815554556,0.09528299454599619
4,14510080,17,1146,28330,0.092779264,0.36650390625,0.2,0.0003,-0.04245634377002716,0.5263979434967041,-0.634587858915329,-0.032839710395783185,0.11785537948831916
5,14515200,23,1099,28340,0.08890949,0.34673828125,0.2,0.0003,-0.018078049644827843,0.5140441060066223,-0.6086887234449386,-0.033800797117874024,0.1343505224585533
6,14520320,28,1087,28350,0.09044278,0.34970703125,0.2,0.0003,-0.034893255680799484,0.4713602662086487,-0.6237243294715882,-0.0316110935411416,0.1356252203695476
7,14525440,33,1076,28360,0.089257024,0.3346484375,0.2,0.0003,-0.04500756412744522,0.5836406350135803,-0.6114406189322472,-0.0329591039288789,0.12166222665458917
8,14530560,38,1059,28370,0.09147076,0.34583984375,0.2,0.0003,-0.03669775277376175,0.3295121192932129,-0.6319040402770042,-0.031022210174705835,0.12086272718384862
9,14535680,43,1053,28380,0.087571576,0.34046875,0.2,0.0003,-0.04706535115838051,0.414035439491272,-0.6061165124177933,-0.03275447959080338,0.12683632301166653
10,14540800,48,1048,28390,0.086988956,0.34564453125,0.2,0.0003,-0.041463665664196014,0.4754701256752014,-0.6143294566869736,-0.032338479505851864,0.14524385126307607
1,14545920,2,2138,28400,0.083484516,0.3536328125,0.2,0.0003,-0.02909407764673233,0.4922642707824707,-0.6241166806221008,-0.03592606297926977,0.1252837773039937
2,14551040,7,1340,28410,0.10756284,0.35650390625,0.2,0.0003,-0.031231187283992767,0.22719132900238037,-0.6161629703640937,-0.03633817781694233,0.13061926774680616
3,14556160,12,1212,28420,0.083246544,0.3416796875,0.2,0.0003,-0.04041134566068649,0.3706737160682678,-0.6097359615564346,-0.027822319893166424,0.10678974678739905
4,14561280,17,1153,28430,0.08681011,0.34802734375,0.2,0.0003,-0.03446511924266815,0.3216772675514221,-0.592363215982914,-0.0316293214680627,0.1157126515172422
5,14566400,22,1120,28440,0.08789139,0.34654296875,0.2,0.0003,-0.0543581023812294,0.5487473011016846,-0.6059698766469955,-0.033201062933076175,0.1238041566312313
6,14571520,27,1097,28450,0.08209511,0.3419921875,0.2,0.0003,-0.0454452782869339,0.5071679353713989,-0.6327126994729042,-0.033702152399346236,0.15083878085017205
7,14576640,33,1084,28460,0.095138095,0.332578125,0.2,0.0003,-0.024236714467406273,0.3903135061264038,-0.6025625589489937,-0.032476225232239815,0.1372022546455264
8,14581760,38,1074,28470,0.08872099,0.3430859375,0.2,0.0003,-0.028286151587963104,0.4173431992530823,-0.5986241748929024,-0.032579753582831474,0.1415084251947701
9,14586880,43,1067,28480,0.094145425,0.33484375,0.2,0.0003,-0.033622290939092636,0.21099764108657837,-0.5588892787694931,-0.031744026336818935,0.13922396052628755
10,14592000,48,1059,28490,0.10617085,0.35232421875,0.2,0.0003,-0.04424458369612694,0.27933770418167114,-0.5665304604172706,-0.027581346028018743,0.10219463583081961
1,14597120,2,1808,28500,0.09689827,0.3458203125,0.2,0.0003,-0.038441251963377,0.38092631101608276,-0.5829747462272644,-0.032260791638400406,0.09118066038936376
2,14602240,8,1161,28510,0.09117815,0.34115234375,0.2,0.0003,-0.053314559161663055,0.3499153256416321,-0.5858303678035736,-0.030844458076171578,0.10191829508170486
3,14607360,14,1049,28520,0.08890675,0.32701171875,0.2,0.0003,-0.04273754358291626,0.6078921556472778,-0.5745716142654419,-0.035523321107029916,0.08892504665069283
4,14612480,20,999,28530,0.08400665,0.34419921875,0.2,0.0003,-0.05995979905128479,0.4000585675239563,-0.5980181849002838,-0.03521624991670251,0.10090287383645773
5,14617600,26,964,28540,0.0981712,0.35439453125,0.2,0.0003,-0.02225838601589203,0.4078407287597656,-0.6174945333600044,-0.032116819391958415,0.0979069651570171
6,14622720,32,941,28550,0.08771772,0.35015625,0.2,0.0003,-0.047897569835186005,0.3418976664543152,-0.5977746844291687,-0.035398898953571914,0.09520580154843629
7,14627840,38,924,28560,0.07807465,0.32833984375,0.2,0.0003,-0.031095970422029495,0.4314756393432617,-0.6117560935020446,-0.033125671904999765,0.1061468562297523
8,14632960,44,910,28570,0.101722285,0.3373046875,0.2,0.0003,-0.04373212531208992,0.396117627620697,-0.5691527694463729,-0.029461825143080204,0.12152134595438838
9,14638080,51,899,28580,0.08879658,0.33421875,0.2,0.0003,-0.05015089362859726,0.5301991701126099,-0.5784909972548484,-0.03129400632809848,0.0920398935303092
10,14643200,57,893,28590,0.08971821,0.3484375,0.2,0.0003,-0.05105254799127579,0.569062352180481,-0.6106921163201332,-0.03491969365626574,0.08590635797008872
1,14648320,3,1701,28600,0.076682396,0.325859375,0.2,0.0003,-0.036986008286476135,0.6072084903717041,-0.5915132078528405,-0.02893901493633166,0.149917907230556
2,14653440,8,1143,28610,0.08899077,0.33892578125,0.2,0.0003,-0.021272532641887665,0.5438364148139954,-0.6384443980455399,-0.030640857946127652,0.18195177642628552
3,14658560,14,1041,28620,0.083451666,0.3290234375,0.2,0.0003,-0.03311506286263466,0.6638634204864502,-0.6172212788462639,-0.03169878087006509,0.128028260525316
4,14663680,20,993,28630,0.08214224,0.34169921875,0.2,0.0003,-0.0426739901304245,0.46456003189086914,-0.6060449182987213,-0.032452261787839234,0.118402379155159
5,14668800,26,969,28640,0.09308709,0.35271484375,0.2,0.0003,-0.03144298493862152,0.6044375896453857,-0.5788581994175911,-0.027615554223302752,0.10255443343892694
6,14673920,32,952,28650,0.08637267,0.3317578125,0.2,0.0003,-0.053410422056913376,0.6558293104171753,-0.5724964439868927,-0.029186605513095855,0.0880111100524664
7,14679040,38,935,28660,0.09229754,0.3296484375,0.2,0.0003,-0.046924252063035965,0.5898755788803101,-0.5693960031867027,-0.0338566175242886,0.08714708248153329
8,14684160,44,925,28670,0.08608581,0.33416015625,0.2,0.0003,-0.024982081726193428,0.5575668811798096,-0.5911843007802964,-0.038197061230894176,0.09707290228456258
9,14689280,50,914,28680,0.082009256,0.33154296875,0.2,0.0003,-0.039273619651794434,0.5632092952728271,-0.596081608235836,-0.03413426198763773,0.10922554655000567
10,14694400,56,909,28690,0.098246895,0.32529296875,0.2,0.0003,-0.03945821523666382,0.5670220255851746,-0.5797816839814186,-0.03455041453242302,0.11655423467978836
1,14699520,2,2143,28700,0.09261431,0.31017578125,0.2,0.0003,-0.03313206508755684,0.6221730709075928,-0.507821764498949,-0.030204840609803794,0.0925831297878176
2,14704640,7,1317,28710,0.09426641,0.31951171875,0.2,0.0003,-0.033963803201913834,0.6377103328704834,-0.5137659201025963,-0.03576083817984909,0.08637886671349407
3,14709760,12,1182,28720,0.07038635,0.3196875,0.2,0.0003,-0.03712688386440277,0.4621531367301941,-0.5939363247156143,-0.03240899747936055,0.09408081654459238
4,14714880,17,1139,28730,0.07938139,0.31525390625,0.2,0.0003,-0.03165885806083679,0.6456798911094666,-0.5786056253314018,-0.028099232893437145,0.10235730118118226
5,14720000,23,1108,28740,0.08554715,0.31498046875,0.2,0.0003,-0.04529842734336853,0.562206506729126,-0.5463046059012413,-0.03279748714994639,0.10007129058241844
6,14725120,28,1091,28750,0.086563,0.30943359375,0.2,0.0003,-0.04406987130641937,0.5327379703521729,-0.5362562312185765,-0.030405386448837817,0.09971381274983288
7,14730240,33,1075,28760,0.0919414,0.3219140625,0.2,0.0003,-0.04248303547501564,0.5609287023544312,-0.5531731164455413,-0.03202161394525319,0.09014521247707308
8,14735360,38,1064,28770,0.0727271,0.32037109375,0.2,0.0003,-0.03161565586924553,0.7015649080276489,-0.5530907611548901,-0.02842821788508445,0.07989573488011956
9,14740480,43,1057,28780,0.087869294,0.3246484375,0.2,0.0003,-0.034129172563552856,0.6945450305938721,-0.5593150477111339,-0.027918060433585197,0.10943969438783824
10,14745600,48,1052,28790,0.09100412,0.30419921875,0.2,0.0003,-0.043262213468551636,0.7333770990371704,-0.5557848614454269,-0.03159692746121436,0.10079192694276572
1,14750720,2,2125,28800,0.083444275,0.32041015625,0.2,0.0003,-0.05355384200811386,0.5619709491729736,-0.5704017366468906,-0.028092046743258835,0.12408999424427748
2,14755840,8,1277,28810,0.07528387,0.30798828125,0.2,0.0003,-0.02023034170269966,0.7384631633758545,-0.5740007844567299,-0.028796506649814545,0.12758743783459067
3,14760960,13,1149,28820,0.089043655,0.31826171875,0.2,0.0003,-0.029835239052772522,0.6430955529212952,-0.5482175005972385,-0.03181888139108196,0.13847884574905037
4,14766080,18,1106,28830,0.08317388,0.3223046875,0.2,0.0003,-0.03849804401397705,0.5025184154510498,-0.5665060684084893,-0.032447283496148886,0.14694791384041309
5,14771200,23,1081,28840,0.09562406,0.34736328125,0.2,0.0003,-0.0241931714117527,0.4674907922744751,-0.6067430382966995,-0.03328002335038036,0.11717043720185756
6,14776320,28,1064,28850,0.10332986,0.34818359375,0.2,0.0003,-0.034669771790504456,0.3451120853424072,-0.5634241583943367,-0.028260568771511316,0.14293908009305598
7,14781440,33,1054,28860,0.11639714,0.36865234375,0.2,0.0003,-0.0376577153801918,0.4246677756309509,-0.5866334018111229,-0.03190728161716834,0.11757946390658618
8,14786560,39,1046,28870,0.088753805,0.3348046875,0.2,0.0003,-0.04872850328683853,0.5489296913146973,-0.5964382070302964,-0.029964952452573926,0.10344725480303169
9,14791680,44,1041,28880,0.094564304,0.35685546875,0.2,0.0003,-0.051777780055999756,0.6587620973587036,-0.6071636307239533,-0.033068661666475235,0.09737110530026256
10,14796800,49,1038,28890,0.07732478,0.33998046875,0.2,0.0003,-0.0423082634806633,0.6670753955841064,-0.6615333217382431,-0.03849241913296282,0.10484768018126488
1,14801920,2,2076,28900,0.11015074,0.33939453125,0.2,0.0003,-0.041135117411613464,0.5645774006843567,-0.590513302385807,-0.03017014019191265,0.11391460070386529
2,14807040,7,1318,28910,0.08927761,0.34205078125,0.2,0.0003,-0.03554095700383186,0.7565165162086487,-0.5933514934778213,-0.03583279848098755,0.10240850776433945
3,14812160,12,1197,28920,0.07716978,0.33435546875,0.2,0.0003,-0.038978368043899536,0.6802253723144531,-0.6531699734926224,-0.03360005741007626,0.12140442242845893
4,14817280,17,1142,28930,0.09807756,0.3412109375,0.2,0.0003,-0.01842544972896576,0.5151039361953735,-0.5758840468525886,-0.02860885330941528,0.13407361906021834
5,14822400,23,1105,28940,0.09023188,0.34953125,0.2,0.0003,-0.010326430201530457,0.5364623665809631,-0.6040092870593071,-0.030314454203471543,0.1648059640266001
6,14827520,28,1083,28950,0.0835014,0.34798828125,0.2,0.0003,-0.03226497024297714,0.5309011936187744,-0.6212739500403405,-0.02902081566397101,0.1575121033191681
7,14832640,33,1064,28960,0.08772051,0.33640625,0.2,0.0003,-0.02968726120889187,0.5449181795120239,-0.5828777861595154,-0.030700414325110614,0.1259258962981403
8,14837760,38,1052,28970,0.096743174,0.33666015625,0.2,0.0003,-0.019523002207279205,0.6680434346199036,-0.5690522301197052,-0.02705720460508019,0.1615594293922186
9,14842880,44,1036,28980,0.093418464,0.34388671875,0.2,0.0003,-0.04052116721868515,0.5044854283332825,-0.6034799039363861,-0.029416185286827386,0.16149070352315903
10,14848000,49,1027,28990,0.08595475,0.34884765625,0.2,0.0003,-0.025979433208703995,0.5619266629219055,-0.6164677041769028,-0.030457768195774407,0.1627507002837956
1,14853120,2,1973,29000,0.08673538,0.3409375,0.2,0.0003,-0.022028379142284393,0.5711548328399658,-0.6067344179749489,-0.035140004423446954,0.14178107207641005
2,14858240,8,1248,29010,0.09087531,0.348828125,0.2,0.0003,-0.02902984246611595,0.552976131439209,-0.6243047738075256,-0.029753209985792638,0.14548247918486595
3,14863360,13,1112,29020,0.08860431,0.34013671875,0.2,0.0003,-0.024558953940868378,0.6016112565994263,-0.6066964906454086,-0.03146852130070329,0.14086328146979213
4,14868480,19,1061,29030,0.098308854,0.35525390625,0.2,0.0003,-0.027919845655560493,0.3697018027305603,-0.6125171905755997,-0.02649646162753925,0.15928641881793737
5,14873600,24,1030,29040,0.102455005,0.37962890625,0.2,0.0003,-0.04720700532197952,0.4763578772544861,-0.6228990855813027,-0.03220651688985526,0.12999515747651458
6,14878720,30,1007,29050,0.092806056,0.3562109375,0.2,0.0003,-0.021050050854682922,0.5353320837020874,-0.640340225994587,-0.02470146009232849,0.12849590042605996
7,14883840,36,989,29060,0.09445797,0.36048828125,0.2,0.0003,-0.029870174825191498,0.3606390357017517,-0.6369648841023445,-0.030189026223961263,0.14344144163653255
8,14888960,41,992,29070,0.09526574,0.35728515625,0.2,0.0003,-0.03796401247382164,0.4866983890533447,-0.6264124616980553,-0.033475220655091106,0.1201782738044858
9,14894080,46,994,29080,0.08583929,0.34052734375,0.2,0.0003,-0.028347201645374298,0.6260623931884766,-0.6116226640343666,-0.02641409063944593,0.1457673113979399
10,14899200,51,994,29090,0.083733305,0.3623828125,0.2,0.0003,-0.002626977860927582,0.5270227193832397,-0.6828034630417824,-0.02932200290262699,0.19846042117103935
1,14904320,2,1961,29100,0.08814625,0.36853515625,0.2,0.0003,-0.005681335926055908,0.5624173879623413,-0.6634454625844955,-0.03150734346359968,0.19911590244621039
2,14909440,8,1232,29110,0.07662117,0.350859375,0.2,0.0003,-0.006128937005996704,0.6416962742805481,-0.667861390709877,-0.03320948238717392,0.16272679802030324
3,14914560,13,1115,29120,0.09782297,0.36697265625,0.2,0.0003,-0.03824087604880333,0.7016571760177612,-0.6465558463335037,-0.030617807805538178,0.14845569422468544
4,14919680,19,1072,29130,0.082990006,0.3508203125,0.2,0.0003,-0.05141335353255272,0.45691514015197754,-0.6281628274917602,-0.026601104945875705,0.14058418108150364
5,14924800,24,1032,29140,0.088991344,0.35189453125,0.2,0.0003,-0.04382240027189255,0.5488104820251465,-0.6366095867753029,-0.02991803496610373,0.1541618204675615
6,14929920,30,1003,29150,0.09064116,0.3703125,0.2,0.0003,-0.030898720026016235,0.4004417061805725,-0.6417443951964379,-0.03231929232133553,0.1346770198456943
7,14935040,36,981,29160,0.08341856,0.33810546875,0.2,0.0003,-0.022419312968850136,0.48509520292282104,-0.6066910836100579,-0.027741650422103702,0.16436708180233836
8,14940160,42,969,29170,0.08339058,0.35607421875,0.2,0.0003,-0.04082431644201279,0.5147512555122375,-0.6332636016607285,-0.033252772851847114,0.14328360551968217
9,14945280,47,964,29180,0.093972206,0.35048828125,0.2,0.0003,-0.03064648248255253,0.5736911296844482,-0.6422382408380508,-0.03280388440471142,0.12088587066158653
10,14950400,53,965,29190,0.08742712,0.33818359375,0.2,0.0003,-0.03484489023685455,0.6163913011550903,-0.5962638661265374,-0.03184295731829479,0.16210796386003495
1,14955520,2,2076,29200,0.08874573,0.35357421875,0.2,0.0003,-0.016391735523939133,0.6038354635238647,-0.6260830250382423,-0.031254854132421316,0.14135734586045146
2,14960640,7,1316,29210,0.0910201,0.34177734375,0.2,0.0003,-0.038481734693050385,0.5327461361885071,-0.5993964001536369,-0.033700030804611744,0.15121389321982862
3,14965760,12,1192,29220,0.09303923,0.34794921875,0.2,0.0003,-0.03528586030006409,0.5201923251152039,-0.6217819690704346,-0.03505198894999921,0.14951870990917088
4,14970880,17,1144,29230,0.080473095,0.3347265625,0.2,0.0003,-0.03329036384820938,0.5061451196670532,-0.6291680198907852,-0.03144018160877749,0.13280801322311164
5,14976000,22,1113,29240,0.08839758,0.35291015625,0.2,0.0003,-0.03887471184134483,0.4274446368217468,-0.6323721471428871,-0.03569354598410428,0.12287617398425937
6,14981120,28,1096,29250,0.09992112,0.37775390625,0.2,0.0003,-0.04929463565349579,0.5075889825820923,-0.6432980170845986,-0.03480097059160471,0.12528317363932728
7,14986240,33,1084,29260,0.09830539,0.37998046875,0.2,0.0003,-0.02203523740172386,0.439338743686676,-0.6460282203555107,-0.034543438055552544,0.11856185421347618
8,14991360,38,1069,29270,0.07785916,0.359375,0.2,0.0003,-0.018531586974859238,0.25880926847457886,-0.6430671960115433,-0.03150878091342747,0.13752185354009272
9,14996480,43,1060,29280,0.08473658,0.3655078125,0.2,0.0003,-0.02776840701699257,0.3502618670463562,-0.6643116122484207,-0.030848489510826766,0.1125485878251493
10,15001600,48,1050,29290,0.09115177,0.35587890625,0.2,0.0003,-0.021794382482767105,0.23205775022506714,-0.645499674975872,-0.03247148856054991,0.12789354683831333
1,15006720,2,2078,29300,0.08262208,0.36001953125,0.2,0.0003,-0.03509248048067093,0.3607509732246399,-0.6561118215322495,-0.032625555624254045,0.11110908532515168
2,15011840,7,1307,29310,0.09427081,0.35427734375,0.2,0.0003,-0.03210915997624397,0.1683405637741089,-0.6462502565979957,-0.03035286795347929,0.13391622478142381
3,15016960,13,1181,29320,0.08389529,0.355625,0.2,0.0003,-0.053614430129528046,0.40303748846054077,-0.6179273110628128,-0.03335551143391058,0.11081704216077924
4,15022080,18,1129,29330,0.079988256,0.34427734375,0.2,0.0003,-0.03654571622610092,0.3478893041610718,-0.6627497404813767,-0.03181113761733286,0.12075766125693917
5,15027200,23,1097,29340,0.08411924,0.34564453125,0.2,0.0003,-0.036147262901067734,0.32312923669815063,-0.6299040240049362,-0.030790195148438216,0.12477974848821759
6,15032320,28,1075,29350,0.09135531,0.3492578125,0.2,0.0003,-0.029358770698308945,0.394517719745636,-0.6242020040750503,-0.03185693659354001,0.13808645045384765
7,15037440,33,1058,29360,0.0911473,0.34912109375,0.2,0.0003,-0.050415754318237305,0.30719244480133057,-0.6312922966480256,-0.028678785748779773,0.13279612485319375
8,15042560,39,1046,29370,0.07660835,0.3427734375,0.2,0.0003,-0.03701132535934448,0.47366106510162354,-0.6304201295971871,-0.03428382605081424,0.12417650578543543
9,15047680,44,1037,29380,0.08236421,0.34677734375,0.2,0.0003,-0.05381116643548012,0.4048217535018921,-0.6103388056159019,-0.030866126876790075,0.11395330026745797
10,15052800,49,1025,29390,0.08820923,0.3496875,0.2,0.0003,-0.05516257882118225,0.37666451930999756,-0.6180570980906487,-0.035481379244010895,0.1091232543438673
1,15057920,2,1771,29400,0.07965369,0.3375390625,0.2,0.0003,-0.03993246331810951,0.46341729164123535,-0.619669106900692,-0.034465754847042264,0.11780839566141367
2,15063040,8,1176,29410,0.079950795,0.33662109375,0.2,0.0003,-0.03801315650343895,0.5508577823638916,-0.6299081838130951,-0.034765417813323436,0.11155086958780885
3,15068160,14,1067,29420,0.091046855,0.36138671875,0.2,0.0003,-0.02394133433699608,0.4861679673194885,-0.6265446439385414,-0.03246274922741577,0.12481847394257783
4,15073280,20,1019,29430,0.10651289,0.34048828125,0.2,0.0003,-0.002022039145231247,0.583234429359436,-0.6300154286623001,-0.0292864380707033,0.18540944738313556
5,15078400,25,991,29440,0.07974695,0.33791015625,0.2,0.0003,-0.027439357712864876,0.5245571136474609,-0.6334475356340409,-0.031979694701731204,0.14426704755052924
6,15083520,31,969,29450,0.08406462,0.3321875,0.2,0.0003,-0.05322379618883133,0.5902374386787415,-0.574266636967659,-0.03093007665127516,0.12640468852594494
7,15088640,37,956,29460,0.08490518,0.3327734375,0.2,0.0003,-0.02867553010582924,0.39871126413345337,-0.60633092045784,-0.027637048927135765,0.1637126854248345
8,15093760,43,943,29470,0.08188459,0.32783203125,0.2,0.0003,-0.03012946993112564,0.34982603788375854,-0.6219936415553093,-0.03058219295926392,0.161270560529083
9,15098880,49,928,29480,0.0804926,0.345078125,0.2,0.0003,-0.041413940489292145,0.34567326307296753,-0.6614599615335465,-0.03135999226942658,0.1655050180107355
10,15104000,55,920,29490,0.086418316,0.3469140625,0.2,0.0003,-0.03336314111948013,0.3756530284881592,-0.6574472665786744,-0.03130799245089293,0.15719667736440898
1,15109120,2,2104,29500,0.09502591,0.36302734375,0.2,0.0003,-0.05458490550518036,0.5025931596755981,-0.6079790964722633,-0.027254651510156692,0.14724324304610492
2,15114240,7,1327,29510,0.08012389,0.34490234375,0.2,0.0003,-0.0404939204454422,0.4145866632461548,-0.6094927829504013,-0.03627600871957839,0.1258078336343169
3,15119360,12,1203,29520,0.09322417,0.3490625,0.2,0.0003,-0.039583720266819,0.5027044415473938,-0.5875781866908073,-0.03462694691028446,0.14120201367884874
4,15124480,17,1146,29530,0.09934619,0.3526171875,0.2,0.0003,0.01042189821600914,0.374287486076355,-0.5885260745882988,-0.026974754333496095,0.17241933362558484
5,15129600,22,1114,29540,0.08387109,0.33568359375,0.2,0.0003,-0.019657790660858154,0.468721866607666,-0.6122102916240693,-0.03237341400701552,0.15686566691845655
6,15134720,28,1090,29550,0.09016895,0.3338671875,0.2,0.0003,-0.016555652022361755,0.46267831325531006,-0.5884451150894165,-0.033244100799784064,0.10642063656821847
7,15139840,33,1070,29560,0.09221549,0.35732421875,0.2,0.0003,-0.027212567627429962,0.5279223918914795,-0.6030425974726676,-0.03026276522083208,0.13408290984109045
8,15144960,38,1055,29570,0.082114495,0.3352734375,0.2,0.0003,-0.04848893731832504,0.43201082944869995,-0.6130638420581818,-0.03454928796971217,0.10328632794320583
9,15150080,44,1044,29580,0.09179469,0.3321484375,0.2,0.0003,-0.043402157723903656,0.4490642547607422,-0.5805436193943023,-0.03231235400307923,0.10917454024776817
10,15155200,49,1034,29590,0.077854946,0.32681640625,0.2,0.0003,-0.02778923138976097,0.35350608825683594,-0.6253706789016724,-0.0300588101753965,0.12248044209554791
1,15160320,2,2054,29600,0.08714495,0.34703125,0.2,0.0003,-0.0373561754822731,0.4101085066795349,-0.6283330193161965,-0.03331751537974924,0.13043332437053323
2,15165440,7,1303,29610,0.09934403,0.3528125,0.2,0.0003,-0.02611532248556614,0.21351027488708496,-0.5928205022215843,-0.032018350041471424,0.13053700946271418
3,15170560,13,1178,29620,0.09295541,0.33306640625,0.2,0.0003,-0.034501753747463226,0.3598003387451172,-0.5911242744326591,-0.03003193687298335,0.12036119766533375
4,15175680,18,1127,29630,0.08727505,0.330546875,0.2,0.0003,-0.027031660079956055,0.5196050405502319,-0.6128119948506355,-0.03375189686194062,0.12031472191214561
5,15180800,23,1102,29640,0.099789925,0.350234375,0.2,0.0003,-0.020033501088619232,0.4910045862197876,-0.6178307253122329,-0.03028730234131217,0.14199628680944443
6,15185920,28,1084,29650,0.10261633,0.3500390625,0.2,0.0003,-0.03953919932246208,0.5546894669532776,-0.5996808761358261,-0.033667067566420884,0.11220860745757819
7,15191040,33,1073,29660,0.09274388,0.343984375,0.2,0.0003,-0.03257814049720764,0.4591580629348755,-0.6071862909197807,-0.03270799569087103,0.11971672374755143
8,15196160,38,1063,29670,0.082383186,0.33927734375,0.2,0.0003,-0.030986648052930832,0.520997941493988,-0.6135272490978241,-0.033623530706390736,0.10319175586104393
9,15201280,43,1057,29680,0.08996113,0.3434375,0.2,0.0003,-0.04994634538888931,0.5352671146392822,-0.6125629568099975,-0.0346883559669368,0.1147641639225185
10,15206400,48,1051,29690,0.08372576,0.32572265625,0.2,0.0003,-0.03608309477567673,0.4229933023452759,-0.5982329604029656,-0.03198932933388278,0.10361829657107592
1,15211520,2,2168,29700,0.09628139,0.345078125,0.2,0.0003,-0.056387029588222504,0.4001103639602661,-0.6038295763731003,-0.032405667225830256,0.09632685690186918
2,15216640,7,1303,29710,0.08742274,0.3370703125,0.2,0.0003,-0.03719376027584076,0.34076863527297974,-0.5918168941140175,-0.034245039373636245,0.10002355763688683
3,15221760,13,1171,29720,0.09332638,0.32689453125,0.2,0.0003,-0.03986252844333649,0.47911375761032104,-0.5879918962717057,-0.029429127373732628,0.11297570003196597
4,15226880,18,1112,29730,0.08314185,0.32685546875,0.2,0.0003,-0.03936412185430527,0.4563550353050232,-0.5991349983215332,-0.033488017707131806,0.13355375302955508
5,15232000,23,1083,29740,0.0787315,0.3189453125,0.2,0.0003,-0.03772173076868057,0.4490641951560974,-0.5710737225413323,-0.031069897557608785,0.1430006132647395
6,15237120,28,1072,29750,0.09490319,0.33072265625,0.2,0.0003,-0.041442424058914185,0.2618998885154724,-0.5816976255178452,-0.029145327461883426,0.14767331525683403
7,15242240,33,1062,29760,0.08612454,0.3276171875,0.2,0.0003,-0.022381562739610672,0.28558629751205444,-0.5630756103992463,-0.032153900377452374,0.1472816232405603
8,15247360,38,1056,29770,0.0866845,0.33029296875,0.2,0.0003,-0.029260285198688507,0.5138869285583496,-0.6087554067373275,-0.02983365934342146,0.14642570592463017
9,15252480,43,1050,29780,0.072063945,0.32328125,0.2,0.0003,-0.03542911261320114,0.5758556723594666,-0.6154395115375518,-0.033295595049858094,0.1329086884856224
10,15257600,48,1045,29790,0.08425442,0.3394140625,0.2,0.0003,-0.03591114282608032,0.5408653616905212,-0.6853523644804954,-0.029517467059195043,0.123881598636508
1,15262720,2,2083,29800,0.06680384,0.31189453125,0.2,0.0003,-0.03630480915307999,0.5488468408584595,-0.587607112377882,-0.030416243821382524,0.13753366135060788
2,15267840,7,1318,29810,0.08172472,0.3253515625,0.2,0.0003,-0.039998456835746765,0.47780317068099976,-0.6144329118728638,-0.03306288558291271,0.14490447871387005
3,15272960,12,1182,29820,0.079564795,0.32,0.2,0.0003,-0.014621855691075325,0.5693416595458984,-0.578287783563137,-0.030264078464824706,0.14106670126318932
4,15278080,18,1125,29830,0.07824398,0.33490234375,0.2,0.0003,-0.01803029328584671,0.5004115700721741,-0.6523702418804169,-0.030310055715963246,0.17442094817757606
5,15283200,23,1091,29840,0.08840679,0.337421875,0.2,0.0003,-0.025043878704309464,0.5673186779022217,-0.5737815353274346,-0.030626950815785675,0.1338286747969687
6,15288320,28,1064,29850,0.10907267,0.31201171875,0.2,0.0003,-0.013089623302221298,0.4340066909790039,-0.5429071445763111,-0.028322035896126183,0.15325619209557773
7,15293440,34,1046,29860,0.0778816,0.32029296875,0.2,0.0003,-0.04048773646354675,0.3775292634963989,-0.5454250656068325,-0.03166939099319279,0.12762457581236958
8,15298560,39,1026,29870,0.08044611,0.3142578125,0.2,0.0003,-0.016246724873781204,0.40409988164901733,-0.5902313908934593,-0.034365085570607336,0.15179808055981994
9,15303680,45,1006,29880,0.09105226,0.3376171875,0.2,0.0003,-0.03408066928386688,0.43671101331710815,-0.5762454682588577,-0.03416441351175308,0.12041740078479052
10,15308800,51,989,29890,0.08942962,0.31498046875,0.2,0.0003,-0.03910694643855095,0.46254557371139526,-0.5585850165784358,-0.030790303982794285,0.10182427234947682
1,15313920,2,2143,29900,0.0892077,0.32740234375,0.2,0.0003,-0.02728014439344406,0.3825662136077881,-0.5934533140063286,-0.03286523587070406,0.11562482560053468
2,15319040,7,1298,29910,0.09078257,0.33677734375,0.2,0.0003,-0.032781727612018585,0.4394633173942566,-0.5950563889741898,-0.03307166239712387,0.11542973451316357
3,15324160,12,1181,29920,0.096405454,0.31646484375,0.2,0.0003,-0.040064577013254166,0.2471497654914856,-0.5342002980411052,-0.03195471587590873,0.11714472429826855
4,15329280,18,1126,29930,0.079762965,0.318671875,0.2,0.0003,-0.02530067414045334,0.4114153981208801,-0.5805831250548362,-0.02942413666052744,0.11357719199731946
5,15334400,23,1098,29940,0.07899356,0.32396484375,0.2,0.0003,-0.030962258577346802,0.5443098545074463,-0.5954364576935768,-0.030203287766780704,0.12159208934754133
6,15339520,28,1082,29950,0.09116649,0.3259375,0.2,0.0003,-0.028423264622688293,0.516329288482666,-0.547261174917221,-0.033356228300835934,0.12552531832829117
7,15344640,33,1068,29960,0.0753469,0.32671875,0.2,0.0003,-0.023498978465795517,0.5592749118804932,-0.6244960662722587,-0.0306365158688277,0.150964876729995
8,15349760,38,1057,29970,0.076752886,0.29572265625,0.2,0.0003,-0.01816767454147339,0.4890124797821045,-0.5703227961063385,-0.029093780927360056,0.16245447028428317
9,15354880,43,1049,29980,0.07930199,0.3115625,0.2,0.0003,-0.031750552356243134,0.5184746384620667,-0.5809187641739846,-0.029458607407286765,0.16430141681805252
10,15360000,49,1039,29990,0.077298775,0.30884765625,0.2,0.0003,-0.05108845606446266,0.5128350257873535,-0.550353052765131,-0.03222395934164524,0.1226533761061728
1,15365120,2,2074,30000,0.0818523,0.3214453125,0.2,0.0003,-0.016858402639627457,0.5472016334533691,-0.5677377431094647,-0.03270442875102162,0.11968803595751525
2,15370240,7,1306,30010,0.07822567,0.33279296875,0.2,0.0003,-0.04336228594183922,0.5183541774749756,-0.6194097453355789,-0.030999342896975576,0.1187073571421206
3,15375360,12,1191,30020,0.09257377,0.32490234375,0.2,0.0003,-0.032783959060907364,0.4509744644165039,-0.5428963969647884,-0.031244819548446684,0.1278002941608429
4,15380480,18,1132,30030,0.09274518,0.3351171875,0.2,0.0003,-0.02843344211578369,0.37132394313812256,-0.5533021783828735,-0.03349843165837228,0.10628428019583225
5,15385600,23,1092,30040,0.09618689,0.33744140625,0.2,0.0003,-0.023812128230929375,0.28991711139678955,-0.5808984860777855,-0.03156653949990869,0.11284198151901365
6,15390720,28,1072,30050,0.08778766,0.32318359375,0.2,0.0003,-0.048197366297245026,0.5488811731338501,-0.5723365679383278,-0.03170782261295244,0.11173145545646548
7,15395840,33,1059,30060,0.08362872,0.340703125,0.2,0.0003,-0.016627274453639984,0.33193492889404297,-0.6025624921917916,-0.028079886576160788,0.13469782203435898
8,15400960,39,1048,30070,0.08178667,0.30740234375,0.2,0.0003,-0.041284214705228806,0.5304956436157227,-0.5548946179449559,-0.030520697189494968,0.11671365680173039
9,15406080,44,1039,30080,0.08694974,0.32083984375,0.2,0.0003,-0.024848736822605133,0.5888477563858032,-0.5663390274345875,-0.02799316229764372,0.1278591499105096
10,15411200,49,1031,30090,0.081501715,0.32322265625,0.2,0.0003,-0.02377614937722683,0.6849130392074585,-0.6125639387965203,-0.03301200330955908,0.11415415169671178
1,15416320,2,1952,30100,0.08831699,0.31162109375,0.2,0.0003,-0.028234217315912247,0.5414644479751587,-0.5412849132716656,-0.032937458516098556,0.17805793974548578
2,15421440,8,1240,30110,0.087702006,0.3155859375,0.2,0.0003,-0.03740411624312401,0.6208194494247437,-0.543510054051876,-0.028620243587065487,0.14915353029966355
3,15426560,13,1144,30120,0.097433195,0.32380859375,0.2,0.0003,-0.009621161967515945,0.3662784695625305,-0.5487730081379414,-0.029122152216732502,0.19045548014342784
4,15431680,18,1098,30130,0.091425166,0.32970703125,0.2,0.0003,-0.029922649264335632,0.48122507333755493,-0.5720560362935067,-0.026644045698922127,0.15035065991804003
5,15436800,23,1077,30140,0.08977823,0.3289453125,0.2,0.0003,-0.03837529569864273,0.546956479549408,-0.5637859696149826,-0.02995878640562296,0.1118964747339487
6,15441920,28,1061,30150,0.08840352,0.30787109375,0.2,0.0003,-0.019452102482318878,0.5844806432723999,-0.5585300600528718,-0.027695163609459995,0.138552039694041
7,15447040,34,1051,30160,0.07934076,0.3177734375,0.2,0.0003,-0.02569979801774025,0.5327354073524475,-0.5561907714605332,-0.03255783965345472,0.15047904392704367
8,15452160,39,1037,30170,0.09165386,0.3504296875,0.2,0.0003,-0.031838130205869675,0.5387970209121704,-0.5991486239433289,-0.02796064263675362,0.16090599251911045
9,15457280,44,1031,30180,0.09289396,0.3339453125,0.2,0.0003,-0.0076284259557724,0.6062650680541992,-0.5618899792432785,-0.02886833172524348,0.1219694933667779
10,15462400,49,1030,30190,0.09041528,0.335390625,0.2,0.0003,-0.016791313886642456,0.6243346929550171,-0.5573749907314778,-0.028450254099443555,0.14277656042948364
1,15467520,2,2046,30200,0.091815844,0.32111328125,0.2,0.0003,-0.04947376251220703,0.5319563150405884,-0.5421480695903301,-0.034710128572769464,0.12399669885635375
2,15472640,8,1210,30210,0.07752635,0.3094921875,0.2,0.0003,-0.018450286239385605,0.5638482570648193,-0.548245732486248,-0.029525954588316382,0.16255312688648701
3,15477760,13,1126,30220,0.08350967,0.3226953125,0.2,0.0003,-0.024010617285966873,0.6526142954826355,-0.557162501513958,-0.0314316072082147,0.14160102700814606
4,15482880,18,1097,30230,0.09344213,0.30939453125,0.2,0.0003,-0.017376048490405083,0.4819774031639099,-0.5125765116512775,-0.031226964285597205,0.15234920473769306
5,15488000,23,1079,30240,0.089903615,0.33330078125,0.2,0.0003,-0.017813313752412796,0.6036615371704102,-0.5923283794522285,-0.02765996677801013,0.12987025044858455
6,15493120,28,1067,30250,0.097435996,0.31890625,0.2,0.0003,-0.03897841274738312,0.7376998662948608,-0.5508141861855984,-0.027116697425954045,0.12545968724414705
7,15498240,33,1060,30260,0.09532933,0.3333984375,0.2,0.0003,-0.015486761927604675,0.636644184589386,-0.5649977400898933,-0.029117371481843294,0.1721199424378574
8,15503360,38,1053,30270,0.10158833,0.32724609375,0.2,0.0003,-0.029430538415908813,0.5295084714889526,-0.5459571225941181,-0.03381730671506375,0.12202463764697313
9,15508480,44,1041,30280,0.08929258,0.340390625,0.2,0.0003,-0.04175308719277382,0.6950783133506775,-0.5676683482527732,-0.036314872833900155,0.1284850835800171
10,15513600,49,1032,30290,0.0866556,0.31828125,0.2,0.0003,-0.023582592606544495,0.4308124780654907,-0.5815811613202095,-0.031067957212217154,0.18427130699157715
1,15518720,2,2149,30300,0.09079417,0.32166015625,0.2,0.0003,-0.0217664185911417,0.4593316912651062,-0.5468772369623184,-0.0320930006634444,0.13401726892217994
2,15523840,7,1331,30310,0.079500064,0.32255859375,0.2,0.0003,-0.028736140578985214,0.4327719807624817,-0.5400449652969838,-0.026598286516964435,0.13857213405892252
3,15528960,12,1195,30320,0.08695436,0.32380859375,0.2,0.0003,-0.034150131046772,0.4629400968551636,-0.5528992240130901,-0.032147656714078036,0.1578096808679402
4,15534080,18,1136,30330,0.090484396,0.31271484375,0.2,0.0003,-0.03820139169692993,0.48392146825790405,-0.5324877318739891,-0.029359139632433653,0.14201777432113885
5,15539200,23,1100,30340,0.09294275,0.32732421875,0.2,0.0003,-0.009620849043130875,0.5222394466400146,-0.5575524133443832,-0.030883244769647718,0.13093110281974077
6,15544320,28,1067,30350,0.081197836,0.31337890625,0.2,0.0003,-0.03959004953503609,0.5916154980659485,-0.5519458475708962,-0.033837867551483214,0.12676286431029438
7,15549440,34,1042,30360,0.07860127,0.29267578125,0.2,0.0003,-0.021555818617343903,0.5502004623413086,-0.478081800788641,-0.0269443953409791,0.13392652513459324
8,15554560,39,1025,30370,0.0865587,0.317734375,0.2,0.0003,-0.043939411640167236,0.43849414587020874,-0.5416313168406487,-0.033757284632883966,0.12416455989703536
9,15559680,45,1006,30380,0.097899966,0.32126953125,0.2,0.0003,-0.022883445024490356,0.6310319304466248,-0.5465427754819393,-0.030873269583098592,0.154599829018116
10,15564800,51,991,30390,0.087763354,0.28681640625,0.2,0.0003,-0.02464049682021141,0.4722248315811157,-0.4699797300994396,-0.030051708812825383,0.15654012447223067
1,15569920,2,1903,30400,0.08351436,0.2886328125,0.2,0.0003,-0.010261856019496918,0.5468262434005737,-0.4886604569852352,-0.027481463048607113,0.13898799654096364
2,15575040,8,1199,30410,0.08824237,0.30318359375,0.2,0.0003,-0.024739574640989304,0.5543937683105469,-0.5179200120270252,-0.03127929948270321,0.1487554550357163
3,15580160,14,1093,30420,0.10174277,0.294453125,0.2,0.0003,-0.025617776438593864,0.6761015057563782,-0.4713480508327484,-0.023068105943966657,0.1140115924924612
4,15585280,19,1047,30430,0.08628751,0.28611328125,0.2,0.0003,-0.03247908130288124,0.5685863494873047,-0.4679090425372124,-0.027361007005674766,0.14252119055017828
5,15590400,25,1015,30440,0.08101644,0.2969140625,0.2,0.0003,-0.03466014191508293,0.5608066320419312,-0.5313767552375793,-0.030945981787517667,0.13494963428005577
6,15595520,30,993,30450,0.084035,0.287109375,0.2,0.0003,-0.038403287529945374,0.5830737352371216,-0.48194960251450536,-0.0277562562096864,0.12521206686273217
7,15600640,36,976,30460,0.06996903,0.2834765625,0.2,0.0003,-0.007646586745977402,0.49668413400650024,-0.48863688483834267,-0.026873613889329136,0.14406290182843803
8,15605760,42,960,30470,0.08083238,0.28708984375,0.2,0.0003,-0.031130289658904076,0.6495859622955322,-0.5288565865159035,-0.026582988916197793,0.14192393658682703
9,15610880,48,947,30480,0.0818152,0.3077734375,0.2,0.0003,-0.01797427237033844,0.40916550159454346,-0.5263073281943798,-0.02804809544235468,0.15860867630690337
10,15616000,54,935,30490,0.09018475,0.29595703125,0.2,0.0003,0.0002784058451652527,0.3709595799446106,-0.4989627987146378,-0.03199137886054814,0.1743054535239935
1,15621120,2,2109,30500,0.07275444,0.2828125,0.2,0.0003,-0.04619024693965912,0.5048794746398926,-0.4983151338994503,-0.03169963678810746,0.15199184937402607
2,15626240,7,1289,30510,0.0899897,0.27125,0.2,0.0003,-0.021286293864250183,0.514509916305542,-0.4514887914061546,-0.02359200856881216,0.12596910139545797
3,15631360,13,1175,30520,0.07700433,0.2926953125,0.2,0.0003,-0.02946579083800316,0.5218707323074341,-0.5002688591182232,-0.02878622733056545,0.1206741151213646
4,15636480,18,1123,30530,0.079618886,0.2778515625,0.2,0.0003,-0.021317485719919205,0.3525024652481079,-0.47412053138017657,-0.025920835284050554,0.13266289344057441
5,15641600,23,1087,30540,0.09520642,0.28654296875,0.2,0.0003,-0.021091192960739136,0.5686405897140503,-0.47133660927414894,-0.03062852523755282,0.1300414533354342
6,15646720,28,1069,30550,0.09602998,0.3025,0.2,0.0003,-0.029746849089860916,0.5610338449478149,-0.46121070414781573,-0.030248754308559,0.12415821956470609
7,15651840,34,1044,30560,0.085429825,0.30671875,0.2,0.0003,-0.037558913230895996,0.6383039951324463,-0.54958546474576,-0.029315882013179362,0.12459143981337548
8,15656960,39,1038,30570,0.08050784,0.29021484375,0.2,0.0003,-0.05475640296936035,0.5980637073516846,-0.5183985282480716,-0.02828631399665028,0.14881387814879418
9,15662080,44,1034,30580,0.09059886,0.2855859375,0.2,0.0003,-0.006481274962425232,0.4637053608894348,-0.4343011400103569,-0.028300436188001186,0.1460924639366567
10,15667200,49,1032,30590,0.08811926,0.278125,0.2,0.0003,-0.025115229189395905,0.5114619135856628,-0.4709337106347084,-0.026933926716446878,0.14866223836317657
1,15672320,2,2112,30600,0.0836253,0.289140625,0.2,0.0003,-0.03581956773996353,0.4168742895126343,-0.5075595846772194,-0.02992114782333374,0.1406479567103088
2,15677440,7,1335,30610,0.077095464,0.28126953125,0.2,0.0003,-0.008763648569583893,0.46770763397216797,-0.4632301750779152,-0.027139280932024123,0.1411165026947856
3,15682560,12,1203,30620,0.0782032,0.286484375,0.2,0.0003,-0.02745935693383217,0.3511512875556946,-0.48306563675403597,-0.0280421667965129,0.12245340747758746
4,15687680,17,1141,30630,0.08763616,0.28970703125,0.2,0.0003,-0.035786762833595276,0.4887341856956482,-0.4839605817198753,-0.02822556216735393,0.13142324648797513
5,15692800,23,1110,30640,0.08821697,0.2934375,0.2,0.0003,-0.03808059170842171,0.5631864070892334,-0.5086870217323303,-0.0321371454000473,0.11571098666638135
6,15697920,28,1093,30650,0.07785479,0.28337890625,0.2,0.0003,-0.04962548613548279,0.610275149345398,-0.4632298667728901,-0.02973280661739409,0.12496964737772942
7,15703040,33,1076,30660,0.07463063,0.274140625,0.2,0.0003,-0.014616720378398895,0.6296830773353577,-0.44937312707304955,-0.024671297336462884,0.16721753235906361
8,15708160,38,1065,30670,0.07779911,0.27392578125,0.2,0.0003,-0.0374881736934185,0.49346792697906494,-0.47251284584403036,-0.03200868082232773,0.12877696031704544
9,15713280,43,1056,30680,0.080071114,0.2848828125,0.2,0.0003,-0.014078482985496521,0.5762946009635925,-0.4825607241690159,-0.027214670395478605,0.117644666954875
10,15718400,48,1050,30690,0.076273195,0.25958984375,0.2,0.0003,-0.011528030037879944,0.6130896806716919,-0.44695562317967413,-0.027495490806177258,0.1159952924400568
1,15723520,2,2065,30700,0.07516014,0.2766796875,0.2,0.0003,-0.008034594357013702,0.6282972097396851,-0.47419720754027367,-0.022386581622995436,0.14722696475684643
2,15728640,7,1302,30710,0.11310424,0.26064453125,0.2,0.0003,-0.03579994663596153,0.6835293769836426,-0.44859442934393884,-0.027395720700733362,0.11097338613122702
3,15733760,12,1184,30720,0.08024809,0.267890625,0.2,0.0003,-0.03309503197669983,0.4431973695755005,-0.43393984988331796,-0.02782426851801574,0.12276881966739893
4,15738880,18,1135,30730,0.08320375,0.27373046875,0.2,0.0003,-0.017640933394432068,0.46343183517456055,-0.42837941735982893,-0.02773651041323319,0.11273099262267351
5,15744000,23,1111,30740,0.0673723,0.2799609375,0.2,0.0003,-0.04271000623703003,0.6082340478897095,-0.5346460792422295,-0.025319250193424524,0.12026693185791373
6,15749120,28,1094,30750,0.08810737,0.282578125,0.2,0.0003,0.0034451931715011597,0.6102754473686218,-0.4762829349935055,-0.029559367671608924,0.13802429050207138
7,15754240,33,1081,30760,0.08614139,0.283515625,0.2,0.0003,-0.023708242923021317,0.6469812989234924,-0.4642446137964725,-0.025915140677243473,0.13937077565118672
8,15759360,38,1065,30770,0.06806028,0.26998046875,0.2,0.0003,-0.01565207540988922,0.6547120809555054,-0.4960832618176937,-0.02871192303253338,0.13512733548879624
9,15764480,43,1060,30780,0.0766971,0.27328125,0.2,0.0003,-0.025836855173110962,0.6651332378387451,-0.47214608028531074,-0.029517140036914497,0.11926744610071183
10,15769600,48,1054,30790,0.07641876,0.28404296875,0.2,0.0003,-0.03616350516676903,0.631220817565918,-0.4998838774859905,-0.029954465124756097,0.1348756405338645
1,15774720,2,1914,30800,0.07613535,0.25947265625,0.2,0.0003,-0.035854972898960114,0.5925312638282776,-0.4429309844970703,-0.027966726436279715,0.13328294208273292
2,15779840,8,1271,30810,0.07735967,0.28998046875,0.2,0.0003,-0.029398685321211815,0.5911902785301208,-0.4737063890695572,-0.026027863565832376,0.10849609021097421
3,15784960,13,1148,30820,0.08412416,0.27591796875,0.2,0.0003,-0.008373584598302841,0.5304569005966187,-0.4564227311313152,-0.028027057328727095,0.1374265890195966
4,15790080,18,1092,30830,0.092792705,0.2928125,0.2,0.0003,0.015247417613863945,0.5491324663162231,-0.46315938368439674,-0.023706251999828964,0.14648139791563153
5,15795200,24,1056,30840,0.10003342,0.29302734375,0.2,0.0003,-0.01735595241189003,0.5484666228294373,-0.46039931729435923,-0.029112264146097005,0.11898513834923506
6,15800320,29,1033,30850,0.08967049,0.2806640625,0.2,0.0003,-0.013959085568785667,0.5761134624481201,-0.46910398691892624,-0.02844992708414793,0.11930813940241933
7,15805440,35,1013,30860,0.07686242,0.2739453125,0.2,0.0003,-0.010631926357746124,0.5488682389259338,-0.4562395940721035,-0.02523810289800167,0.1550671734660864
8,15810560,41,996,30870,0.09469156,0.29017578125,0.2,0.0003,-0.0472077950835228,0.5289588570594788,-0.46001024782657624,-0.02719368586782366,0.13729988340288402
9,15815680,47,978,30880,0.08281494,0.28861328125,0.2,0.0003,-0.023152384907007217,0.49246227741241455,-0.5003613772988319,-0.032562089930288494,0.1340938731469214
10,15820800,52,967,30890,0.07696618,0.30404296875,0.2,0.0003,-0.0006701163947582245,0.49094730615615845,-0.537706149071455,-0.026081433237995954,0.14688544005155563
1,15825920,2,2042,30900,0.084878415,0.30861328125,0.2,0.0003,-0.03562171012163162,0.199765145778656,-0.522822947204113,-0.032567374487407506,0.13811592120677232
2,15831040,7,1321,30910,0.093900375,0.320703125,0.2,0.0003,-0.0425526387989521,0.32063621282577515,-0.5454875285923481,-0.031827885205857456,0.09654896855354309
3,15836160,12,1203,30920,0.09487854,0.33296875,0.2,0.0003,-0.033238742500543594,0.2127685546875,-0.57146121352911,-0.030169045836664736,0.12328623302280903
4,15841280,17,1149,30930,0.07900795,0.31443359375,0.2,0.0003,-0.04257100075483322,0.3408907651901245,-0.5577696108818054,-0.0332517624553293,0.12036050299182534
5,15846400,22,1117,30940,0.08813324,0.31529296875,0.2,0.0003,-0.053363069891929626,0.4781367778778076,-0.5428751276433468,-0.03368893165607005,0.12287061294540763
6,15851520,27,1103,30950,0.08937327,0.33181640625,0.2,0.0003,-0.04435369744896889,0.5375855565071106,-0.5766141334176064,-0.033696483015082775,0.11877222824841738
7,15856640,32,1092,30960,0.09634024,0.31599609375,0.2,0.0003,-0.02584981545805931,0.5328220725059509,-0.513442513346672,-0.031707506272941825,0.11652744997292758
8,15861760,37,1086,30970,0.07474755,0.32109375,0.2,0.0003,-0.0427725613117218,0.644005298614502,-0.5740440200269222,-0.03220018677180633,0.10972231240943074
9,15866880,42,1079,30980,0.08389334,0.30537109375,0.2,0.0003,-0.03784206137061119,0.3952327370643616,-0.5211260299384594,-0.030953864459879698,0.14772452710196377
10,15872000,47,1074,30990,0.0843239,0.30912109375,0.2,0.0003,-0.01505013182759285,0.4468952417373657,-0.5178224451839923,-0.03031605251831934,0.11736447148025037
1,15877120,2,2096,31000,0.10305283,0.31078125,0.2,0.0003,-0.03574666380882263,0.41405797004699707,-0.5221619252860547,-0.03118282695300877,0.12659967554733156
2,15882240,7,1305,31010,0.09926018,0.30458984375,0.2,0.0003,-0.02477962337434292,0.49852365255355835,-0.48611848294734955,-0.030756047482136638,0.09581006178632379
3,15887360,13,1164,31020,0.0867037,0.3167578125,0.2,0.0003,-0.054310306906700134,0.6729733943939209,-0.5665165536105633,-0.03269899796694517,0.09484833086840809
4,15892480,18,1106,31030,0.06813935,0.307265625,0.2,0.0003,-0.03755421191453934,0.6726468801498413,-0.5658206261694432,-0.029690674683079125,0.13401678714901208
5,15897600,23,1086,31040,0.08942447,0.32232421875,0.2,0.0003,-0.03788422420620918,0.5819193720817566,-0.6112123662233353,-0.03207408789079636,0.1438341204635799
6,15902720,28,1070,31050,0.07445917,0.29119140625,0.2,0.0003,-0.03559485077857971,0.598303496837616,-0.5190322022140026,-0.030321283638477324,0.16347708383575082
7,15907840,33,1057,31060,0.0718012,0.293984375,0.2,0.0003,-0.022315513342618942,0.6320035457611084,-0.5679556715488434,-0.02889025831129402,0.1366947778686881
8,15912960,39,1047,31070,0.079358056,0.3053125,0.2,0.0003,-0.041773151606321335,0.6494328379631042,-0.5456707119941712,-0.03387111322488636,0.10982931239530444
9,15918080,44,1038,31080,0.075771905,0.31416015625,0.2,0.0003,-0.025055648759007454,0.6261944770812988,-0.5574335804581643,-0.03403014395851642,0.11466772358864546
10,15923200,49,1028,31090,0.08731505,0.28255859375,0.2,0.0003,-0.0203472301363945,0.6148036122322083,-0.4790577055513859,-0.030141295078210534,0.14865556094795465
1,15928320,3,1685,31100,0.07683669,0.285703125,0.2,0.0003,-0.05330195277929306,0.6766316890716553,-0.5453634683787822,-0.03099628255702555,0.11409540403634309
2,15933440,9,1129,31110,0.07613319,0.28673828125,0.2,0.0003,-0.02203049510717392,0.6306126713752747,-0.5323384210467339,-0.029552776073105632,0.16559816736727953
3,15938560,15,1023,31120,0.07786305,0.2841015625,0.2,0.0003,-0.04562351852655411,0.48514121770858765,-0.4960813942551613,-0.027038117023184895,0.11668546313419938
4,15943680,20,985,31130,0.072412804,0.29595703125,0.2,0.0003,-0.008876100182533264,0.5013956427574158,-0.5414343985915184,-0.028476391532458366,0.14965181682258843
5,15948800,25,990,31140,0.10773821,0.29150390625,0.2,0.0003,-0.02248230203986168,0.4625636339187622,-0.4769976273179054,-0.027137762191705404,0.12980853853747248
6,15953920,30,992,31150,0.08364813,0.29955078125,0.2,0.0003,-0.028085961937904358,0.5300523638725281,-0.5012276816368103,-0.0334854415548034,0.11406198341399432
7,15959040,35,998,31160,0.07790591,0.29556640625,0.2,0.0003,-0.04432675987482071,0.3714977502822876,-0.5004533869028092,-0.0287499062018469,0.11159415036439896
8,15964160,40,999,31170,0.069418214,0.27361328125,0.2,0.0003,-0.03086812049150467,0.43509793281555176,-0.5207703061401844,-0.02813795615453273,0.13179208643734455
9,15969280,46,1000,31180,0.08490249,0.2998046875,0.2,0.0003,-0.03608027100563049,0.4860840439796448,-0.4994850027561188,-0.031227403862867504,0.11339840602129697
10,15974400,51,1001,31190,0.083159834,0.30283203125,0.2,0.0003,-0.048924125730991364,0.5409318804740906,-0.5187009605765343,-0.03294873036909848,0.10765222901478409
1,15979520,2,2114,31200,0.08556136,0.285625,0.2,0.0003,-0.018994219601154327,0.5203866958618164,-0.46092300713062284,-0.030554776582866906,0.1278449580259621
2,15984640,7,1307,31210,0.08222869,0.2916015625,0.2,0.0003,-0.039835456758737564,0.5457078218460083,-0.4988799402117729,-0.02627141645876691,0.13008364913985132
3,15989760,13,1180,31220,0.07709173,0.28169921875,0.2,0.0003,-0.03592901676893234,0.5568735003471375,-0.48254249334335325,-0.027712347549386323,0.10815007207915187
4,15994880,18,1123,31230,0.08011231,0.2891015625,0.2,0.0003,-0.04413837566971779,0.6166438460350037,-0.5041095925867558,-0.0317041644314304,0.12179896784946323
5,16000000,23,1091,31240,0.080956616,0.2858203125,0.2,0.0003,-0.047925785183906555,0.569460391998291,-0.5005981469154358,-0.03118621129542589,0.11032888036221265
6,16005120,28,1068,31250,0.07545402,0.286015625,0.2,0.0003,-0.026135921478271484,0.5714419484138489,-0.5068322631716728,-0.0317836685013026,0.13168806567788124
7,16010240,34,1045,31260,0.07267032,0.274453125,0.2,0.0003,-0.021657023578882217,0.6008157730102539,-0.5048787063360214,-0.027911683802958578,0.14598139932379126
8,16015360,40,1022,31270,0.08569419,0.272265625,0.2,0.0003,-0.028781600296497345,0.5046114921569824,-0.47226723432540896,-0.028366695693694054,0.1485397382080555
9,16020480,46,1001,31280,0.083359465,0.28841796875,0.2,0.0003,-0.04222811013460159,0.6908538341522217,-0.5201935452222824,-0.029628246575593948,0.12186172297224403
10,16025600,51,987,31290,0.088201135,0.2741015625,0.2,0.0003,-0.0432615801692009,0.6571657657623291,-0.4552443853020668,-0.02316668740939349,0.12761474022641778
1,16030720,2,1763,31300,0.08344327,0.29388671875,0.2,0.0003,-0.044238388538360596,0.695175290107727,-0.5086679202318192,-0.029543228088878094,0.16203977769240738
2,16035840,8,1166,31310,0.077588126,0.26056640625,0.2,0.0003,-0.015942741185426712,0.6744258403778076,-0.4679548017680645,-0.028450777824036776,0.15428271103650332
3,16040960,14,1057,31320,0.081663266,0.27505859375,0.2,0.0003,-0.0192927997559309,0.5468259453773499,-0.453261976391077,-0.02574295425321907,0.1303226925432682
4,16046080,19,1046,31330,0.09949608,0.2765234375,0.2,0.0003,0.0015967488288879395,0.5986528396606445,-0.4250174610316753,-0.024533083671703936,0.12391307640820742
5,16051200,24,1043,31340,0.0799347,0.28974609375,0.2,0.0003,-0.013535190373659134,0.7703298926353455,-0.4992821381986141,-0.03017413506284356,0.12896867644041776
6,16056320,29,1037,31350,0.07176594,0.286171875,0.2,0.0003,-0.022956185042858124,0.6673842668533325,-0.5544294933974743,-0.029400256869848818,0.2066801156848669
7,16061440,34,1036,31360,0.07972013,0.3169921875,0.2,0.0003,-0.034455448389053345,0.8365333080291748,-0.5867457821965217,-0.03515369628788903,0.12761838359758257
8,16066560,39,1033,31370,0.076483116,0.300390625,0.2,0.0003,-0.020281201228499413,0.6872354745864868,-0.5639016708731651,-0.02316788949072361,0.204712080527097
9,16071680,44,1030,31380,0.079515025,0.28783203125,0.2,0.0003,-0.02959010750055313,0.530492901802063,-0.5166392755508423,-0.02794658119324595,0.16119768917560579
10,16076800,49,1026,31390,0.07220836,0.27193359375,0.2,0.0003,-0.005268290638923645,0.3348544239997864,-0.5265185554325581,-0.023083880837075414,0.18264131175354123
1,16081920,2,1883,31400,0.078222714,0.29541015625,0.2,0.0003,-0.00012921541929244995,0.4977714419364929,-0.5201523832976818,-0.02369701139163226,0.16531069874763488
2,16087040,8,1193,31410,0.079679765,0.31154296875,0.2,0.0003,-0.014674607664346695,0.6170916557312012,-0.5691721470654011,-0.02812137941364199,0.15136714950203894
3,16092160,14,1084,31420,0.07168656,0.30962890625,0.2,0.0003,-0.02932610735297203,0.6071742177009583,-0.6011272174119949,-0.03216592263430357,0.16590599119663238
4,16097280,19,1056,31430,0.08135593,0.31599609375,0.2,0.0003,-0.02242579311132431,0.5603543519973755,-0.5685387960076332,-0.028553448622114955,0.16667431488633155
5,16102400,24,1038,31440,0.07128795,0.2915625,0.2,0.0003,-0.011196404695510864,0.4465954899787903,-0.5650913339853286,-0.02834249203559011,0.18847794324159622
6,16107520,29,1026,31450,0.07854218,0.3194921875,0.2,0.0003,-0.025209495797753334,0.7278040647506714,-0.5885265615582466,-0.030557485478930176,0.12354153297841548
7,16112640,35,1017,31460,0.080991924,0.285,0.2,0.0003,-0.013559520244598389,0.36202913522720337,-0.5038891129195691,-0.03018925042822957,0.18032388409599662
8,16117760,40,1012,31470,0.08609386,0.26720703125,0.2,0.0003,-0.015993066132068634,0.45350801944732666,-0.48532152801752093,-0.025672718407586215,0.16039553713053464
9,16122880,45,1010,31480,0.07584775,0.3111328125,0.2,0.0003,-0.023958634585142136,0.46181726455688477,-0.5748291516304016,-0.030139155704528093,0.13360503183677794
10,16128000,50,1009,31490,0.07374609,0.2984375,0.2,0.0003,-0.01763029396533966,0.48197031021118164,-0.5468622568249702,-0.028947853669524192,0.12659816890954972
1,16133120,2,2047,31500,0.080808304,0.29978515625,0.2,0.0003,-0.03055376373231411,0.4610599875450134,-0.5295969747006893,-0.026520736482925713,0.1254449487477541
2,16138240,7,1302,31510,0.08087315,0.27240234375,0.2,0.0003,-0.02326406165957451,0.5037816762924194,-0.47926141425967217,-0.028524518352933226,0.13291210720315574
3,16143360,13,1170,31520,0.097391136,0.29607421875,0.2,0.0003,0.003468066453933716,0.5392688512802124,-0.5218263201415538,-0.02764271678868681,0.16217527331784368
4,16148480,18,1111,31530,0.074365035,0.28720703125,0.2,0.0003,-0.040745414793491364,0.560854434967041,-0.5114350515604019,-0.02960185249801725,0.1449461991339922
5,16153600,23,1080,31540,0.09002076,0.29705078125,0.2,0.0003,-0.04973823204636574,0.6670800447463989,-0.4917762662470341,-0.028003180641680957,0.13061483899131418
6,16158720,29,1056,31550,0.08305219,0.2912890625,0.2,0.0003,-0.022399667650461197,0.6348673105239868,-0.5275812382996082,-0.025746327000670133,0.14180013634264468
7,16163840,34,1038,31560,0.07229582,0.2907421875,0.2,0.0003,-0.01147095113992691,0.5577297210693359,-0.4951820956170559,-0.030487189022824168,0.13849253116175533
8,16168960,40,1021,31570,0.1132911,0.2901171875,0.2,0.0003,-0.033647339791059494,0.4253253936767578,-0.5066897523403168,-0.026041122667957096,0.13671006554737686
9,16174080,45,1001,31580,0.08626421,0.2964453125,0.2,0.0003,-0.014843709766864777,0.4869688153266907,-0.5368145588040352,-0.030245154933072626,0.15599466083571314
10,16179200,52,984,31590,0.088188305,0.29814453125,0.2,0.0003,-0.01948804408311844,0.49354076385498047,-0.5277172803878785,-0.025207804660312833,0.1499118915759027
1,16184320,2,2128,31600,0.07804859,0.301953125,0.2,0.0003,-0.03671786189079285,0.5923051834106445,-0.5608851245045662,-0.03184319431660697,0.11919732939451932
2,16189440,7,1321,31610,0.0848857,0.289375,0.2,0.0003,-0.02553727477788925,0.6973869800567627,-0.5127648875117302,-0.02894971434958279,0.10930922774598002
3,16194560,12,1193,31620,0.08919156,0.3092578125,0.2,0.0003,-0.03852681815624237,0.7001209259033203,-0.5631184725463391,-0.030429945022333413,0.12622228363528848
4,16199680,17,1142,31630,0.08938333,0.31525390625,0.2,0.0003,-0.027354801073670387,0.6186051964759827,-0.5294921661913395,-0.032057768930681046,0.11568644979968667
5,16204800,23,1109,31640,0.08354638,0.3033203125,0.2,0.0003,-0.019050007686018944,0.6258137226104736,-0.5842675787210464,-0.02821475649252534,0.15126613628119231
6,16209920,28,1089,31650,0.08190171,0.308203125,0.2,0.0003,-0.028328172862529755,0.5525097846984863,-0.5515441676974296,-0.031092824977822602,0.1446232981979847
7,16215040,33,1072,31660,0.07336417,0.28486328125,0.2,0.0003,-0.023885253816843033,0.5326340794563293,-0.4927271929383278,-0.03141564754769206,0.1344297895953059
8,16220160,38,1060,31670,0.07544374,0.28921875,0.2,0.0003,-0.03711572661995888,0.5395963191986084,-0.5026855565607548,-0.032321459169033916,0.10447804233059287
9,16225280,43,1047,31680,0.07348469,0.2909765625,0.2,0.0003,-0.03770929202437401,0.5537391304969788,-0.5185340487957001,-0.03158620130736381,0.10609634339809418
10,16230400,49,1035,31690,0.075346574,0.29685546875,0.2,0.0003,-0.03388608992099762,0.6197594404220581,-0.537650890648365,-0.033386649671010675,0.11685398519039154
1,16235520,2,1887,31700,0.08575629,0.29037109375,0.2,0.0003,-0.015196848660707474,0.6294982433319092,-0.5125780943036079,-0.027997937547042967,0.12693192968145012
2,16240640,8,1254,31710,0.07961853,0.30193359375,0.2,0.0003,-0.013536136597394943,0.6397687196731567,-0.539551165997982,-0.02728838468552567,0.13564425740391017
3,16245760,13,1147,31720,0.07991885,0.2748828125,0.2,0.0003,-0.04132881015539169,0.5044277310371399,-0.4858123429119587,-0.02987550191115588,0.11042253620922565
4,16250880,18,1105,31730,0.069032155,0.27185546875,0.2,0.0003,-0.018085109069943428,0.5716439485549927,-0.49552507236599924,-0.02948363327421248,0.1487379328161478
5,16256000,23,1077,31740,0.074816756,0.2780078125,0.2,0.0003,-0.03320003300905228,0.6319122314453125,-0.5080494166910648,-0.0297759510576725,0.14195968829095362
6,16261120,29,1050,31750,0.07766898,0.30314453125,0.2,0.0003,-0.030498437583446503,0.4836564064025879,-0.5601139488816261,-0.030135607509873808,0.13808101398870348
7,16266240,34,1032,31760,0.08473132,0.27443359375,0.2,0.0003,-0.017269451171159744,0.5040667057037354,-0.47594754546880724,-0.025070482359733432,0.1374750453606248
8,16271360,40,1012,31770,0.07057564,0.30029296875,0.2,0.0003,-0.019245460629463196,0.7004209160804749,-0.5732038015127182,-0.026021161461248995,0.11928867964074015
9,16276480,46,997,31780,0.07926799,0.2840625,0.2,0.0003,-0.01870482787489891,0.5542353391647339,-0.5419973106682301,-0.028735107393004,0.14203398548066615
10,16281600,52,983,31790,0.07519917,0.29998046875,0.2,0.0003,-0.01702282950282097,0.5945663452148438,-0.5327969005703926,-0.026770813001785427,0.14492722902446986
1,16286720,2,2058,31800,0.06844307,0.28578125,0.2,0.0003,-0.019803591072559357,0.5899506211280823,-0.5202161972224713,-0.024528060178272425,0.14264558650553227
2,16291840,8,1264,31810,0.07596181,0.295859375,0.2,0.0003,-0.025448132306337357,0.6037051677703857,-0.5069397604465484,-0.028670380529947578,0.15469800980761647
3,16296960,13,1143,31820,0.07953771,0.28625,0.2,0.0003,-0.016617052257061005,0.46556556224823,-0.4653693875670433,-0.023002445257734507,0.1814487174153328
4,16302080,18,1094,31830,0.071171016,0.2915625,0.2,0.0003,-0.020348578691482544,0.493336021900177,-0.5022061029076577,-0.02686519656330347,0.19018622636795043
5,16307200,23,1073,31840,0.088833265,0.28673828125,0.2,0.0003,-0.027497995644807816,0.37838107347488403,-0.46242420867085454,-0.022099627254065127,0.13256874607875943
6,16312320,28,1060,31850,0.09114544,0.285859375,0.2,0.0003,-0.0033543407917022705,0.46780937910079956,-0.49515702232718467,-0.034520805682986974,0.12583718394860624
7,16317440,34,1048,31860,0.0747694,0.2790234375,0.2,0.0003,-0.026402778923511505,0.6247656345367432,-0.5083298620581627,-0.024642255920916796,0.12943061070516707
8,16322560,39,1038,31870,0.07964162,0.2928125,0.2,0.0003,-0.04216945916414261,0.6737309098243713,-0.5378062656521797,-0.03182571300771087,0.13342572020366789
9,16327680,44,1033,31880,0.07332246,0.28380859375,0.2,0.0003,-0.008796736598014832,0.5812885165214539,-0.5033095034956933,-0.029222075953148307,0.1588196479715407
10,16332800,49,1030,31890,0.07999311,0.2923828125,0.2,0.0003,-0.02771294116973877,0.6548184156417847,-0.53251299649477,-0.028897620760835706,0.13794490199536086
1,16337920,2,1869,31900,0.072732605,0.26982421875,0.2,0.0003,-0.0017571337521076202,0.6109738945960999,-0.5199732245504856,-0.026069985940121113,0.19568692782893776
2,16343040,8,1254,31910,0.0711426,0.29283203125,0.2,0.0003,-0.021387778222560883,0.6924103498458862,-0.5368655322492123,-0.03174120240379125,0.179085479862988
3,16348160,13,1144,31920,0.08691928,0.29671875,0.2,0.0003,-0.02371389791369438,0.7314306497573853,-0.5194964060187339,-0.024150149379856885,0.16304305225610732
4,16353280,18,1098,31930,0.07739543,0.3036328125,0.2,0.0003,-0.02113434672355652,0.6826830506324768,-0.568490976691246,-0.027599316374398768,0.18657791964709758
5,16358400,23,1085,31940,0.09248033,0.3196484375,0.2,0.0003,0.010481499135494232,0.6492791771888733,-0.5361882615089416,-0.026125643653795123,0.20328889586031437
6,16363520,28,1070,31950,0.06845892,0.31087890625,0.2,0.0003,-0.007250446826219559,0.6159427165985107,-0.5970714941620827,-0.02649608879117295,0.21627508513629437
7,16368640,33,1056,31960,0.07829772,0.3078515625,0.2,0.0003,-0.04564931243658066,0.655030369758606,-0.6080414766073227,-0.031070443759672342,0.1752101475559175
8,16373760,38,1055,31970,0.08044341,0.30998046875,0.2,0.0003,0.0004928894340991974,0.5881588459014893,-0.5631763322651386,-0.026597002050839366,0.19219840332865715
9,16378880,43,1053,31980,0.09377727,0.33181640625,0.2,0.0003,-0.0060966238379478455,0.4291570782661438,-0.5759263995289803,-0.028690184438601135,0.1966606939584017
10,16384000,48,1053,31990,0.071674146,0.31689453125,0.2,0.0003,-0.02400732785463333,0.4411131739616394,-0.5916903173923492,-0.030452046608552337,0.16646298045292496
1,16389120,2,2089,32000,0.077636264,0.31564453125,0.2,0.0003,-0.028697893023490906,0.4754635691642761,-0.6086759820580483,-0.02969440191052854,0.18646039273589848
2,16394240,7,1319,32010,0.079596765,0.326328125,0.2,0.0003,-0.029249582439661026,0.5564697980880737,-0.5760509306192398,-0.025230979174375535,0.1762166601791978
3,16399360,12,1202,32020,0.077260464,0.302265625,0.2,0.0003,-0.012492213398218155,0.5716869235038757,-0.5836848241090774,-0.030292768117506058,0.16850673561915755
4,16404480,18,1134,32030,0.083774865,0.29083984375,0.2,0.0003,-0.027726449072360992,0.584067165851593,-0.516990721076727,-0.027243875444401055,0.1351090440712869
5,16409600,23,1103,32040,0.09346588,0.3116796875,0.2,0.0003,-0.01857469230890274,0.4833194613456726,-0.5443804582953453,-0.025704913383815437,0.16979435531422496
6,16414720,28,1086,32050,0.08607207,0.3092578125,0.2,0.0003,-0.0412989966571331,0.6238243579864502,-0.5764483454823494,-0.026435607778839767,0.15019212484359742
7,16419840,33,1074,32060,0.076161325,0.30703125,0.2,0.0003,-0.019158709794282913,0.7080395221710205,-0.5682171538472176,-0.03275992640759796,0.17015842581167817
8,16424960,38,1067,32070,0.09161471,0.32369140625,0.2,0.0003,-0.04915039241313934,0.5105873346328735,-0.5633876878023147,-0.030796246051322668,0.17800106029957533
9,16430080,43,1050,32080,0.08200702,0.3256640625,0.2,0.0003,-0.017163235694169998,0.4898754358291626,-0.5848059839010239,-0.02931918590096757,0.15824534663930534
10,16435200,48,1052,32090,0.07995652,0.29822265625,0.2,0.0003,-0.029224753379821777,0.570338785648346,-0.531646526157856,-0.027460667970590293,0.14845434583723546
1,16440320,2,1939,32100,0.087645665,0.30798828125,0.2,0.0003,-0.03428714722394943,0.42761754989624023,-0.5527615618705749,-0.03086919287685305,0.14153004126623273
2,16445440,7,1339,32110,0.083263464,0.33103515625,0.2,0.0003,-0.02385583519935608,0.5160228610038757,-0.6006515064835548,-0.02736729698255658,0.14866038780659438
3,16450560,12,1250,32120,0.08669625,0.3212109375,0.2,0.0003,-0.03219671919941902,0.5323003530502319,-0.6109194418787957,-0.027386126334313303,0.14144356610253453
4,16455680,16,1207,32130,0.09388714,0.32314453125,0.2,0.0003,-0.00262247771024704,0.4068518877029419,-0.5705315555632114,-0.024770163134671747,0.1729458375275135
5,16460800,22,1161,32140,0.092861384,0.34294921875,0.2,0.0003,-0.00918499380350113,0.4715343713760376,-0.6201798176765442,-0.030168367121368646,0.16163321601226927
6,16465920,27,1109,32150,0.10182931,0.3383984375,0.2,0.0003,-0.018169958144426346,0.39332443475723267,-0.5834007811546326,-0.026632026673760266,0.17635625613853334
7,16471040,33,1085,32160,0.06925768,0.30876953125,0.2,0.0003,0.003922056406736374,0.48508208990097046,-0.5847317363321781,-0.024137019471963866,0.18830997593700885
8,16476160,39,1048,32170,0.086955175,0.33154296875,0.2,0.0003,-0.022320181131362915,0.4674816131591797,-0.5722952735424042,-0.031124757378129288,0.15115329211577774
9,16481280,44,1041,32180,0.08988105,0.339765625,0.2,0.0003,-0.02619588002562523,0.41835784912109375,-0.5943756830692292,-0.024677239777520298,0.18482637157663703
10,16486400,49,1039,32190,0.08173081,0.32029296875,0.2,0.0003,-0.022397704422473907,0.5416926741600037,-0.5577485863864422,-0.02680576026905328,0.13049999641254545
1,16491520,2,2265,32200,0.08481459,0.31046875,0.2,0.0003,-0.02821958065032959,0.6672691106796265,-0.5293578198552131,-0.027093180960509926,0.12889562007039784
2,16496640,7,1323,32210,0.07904009,0.30416015625,0.2,0.0003,-0.012365324422717094,0.5980576872825623,-0.5682021090388298,-0.02348118735011667,0.13540278188884258
3,16501760,12,1193,32220,0.0733102,0.30298828125,0.2,0.0003,-0.0044349245727062225,0.6663554906845093,-0.5704458713531494,-0.025711858067661523,0.1423952366784215
4,16506880,17,1143,32230,0.07609036,0.311875,0.2,0.0003,-0.021750763058662415,0.6518417596817017,-0.5648470255732536,-0.031386426768731324,0.12481695510447026
5,16512000,23,1104,32240,0.07684673,0.2985546875,0.2,0.0003,-0.014539163559675217,0.618270754814148,-0.532275073081255,-0.029055894818156958,0.16115086290985345
6,16517120,28,1088,32250,0.07628988,0.31814453125,0.2,0.0003,-0.02169705182313919,0.6737751364707947,-0.5836614894866944,-0.030112143161240966,0.15442829454317689
7,16522240,33,1081,32260,0.08600027,0.3185546875,0.2,0.0003,-0.02154446579515934,0.6489300727844238,-0.5676367142796517,-0.0264061049092561,0.14300353202968835
8,16527360,37,1080,32270,0.072364435,0.3114453125,0.2,0.0003,-0.03908853977918625,0.5974574089050293,-0.5920716241002083,-0.029655873039737345,0.1777863686531782
9,16532480,42,1079,32280,0.075741656,0.3119921875,0.2,0.0003,-0.01412515714764595,0.6025398969650269,-0.6027711507678032,-0.028062797943130137,0.1498974022269249
10,16537600,47,1079,32290,0.07492002,0.3289453125,0.2,0.0003,-0.0018773525953292847,0.627885103225708,-0.6148642694950104,-0.030932558299973607,0.1672801247611642
1,16542720,2,2207,32300,0.08144936,0.3227734375,0.2,0.0003,-0.028692297637462616,0.5503020286560059,-0.6042397367954254,-0.028738833400420844,0.1534774605371058
2,16547840,7,1335,32310,0.06858753,0.3108203125,0.2,0.0003,-0.030874457210302353,0.6388593316078186,-0.6188079875707626,-0.0265361250936985,0.16795401820912959
3,16552960,12,1224,32320,0.07821478,0.3210546875,0.2,0.0003,-0.0031247735023498535,0.5226969718933105,-0.593549771308899,-0.02957852518884465,0.15233292823657393
4,16558080,17,1170,32330,0.071863025,0.33314453125,0.2,0.0003,-0.008465871214866638,0.519119381904602,-0.642995822429657,-0.027751703183166682,0.19943760488182305
5,16563200,22,1130,32340,0.07177018,0.32662109375,0.2,0.0003,-0.01854730397462845,0.48357975482940674,-0.661860068142414,-0.023815922373905778,0.20828368924558163
6,16568320,27,1107,32350,0.07319303,0.3198046875,0.2,0.0003,-0.014611177146434784,0.4067873954772949,-0.6388066846132279,-0.03256223436910659,0.19208262588828803
7,16573440,33,1085,32360,0.07223468,0.33400390625,0.2,0.0003,-0.009018637239933014,0.533138632774353,-0.6366257601976395,-0.025041084280237557,0.1807215590775013
8,16578560,38,1063,32370,0.0842841,0.31578125,0.2,0.0003,0.0132327601313591,0.5388606786727905,-0.6109071567654609,-0.02657980220625177,0.21107663974165916
9,16583680,43,1055,32380,0.08149801,0.31888671875,0.2,0.0003,-0.032255176454782486,0.4718717932701111,-0.5957000693678856,-0.029078097688034175,0.17231259927153586
10,16588800,48,1047,32390,0.0777773,0.319140625,0.2,0.0003,-0.005552250891923904,0.5115717649459839,-0.6112296485900879,-0.02708881616825238,0.20382031194865705
1,16593920,2,2206,32400,0.081010565,0.32609375,0.2,0.0003,-0.013140242546796799,0.47921693325042725,-0.5917766636610031,-0.027793461261317133,0.18913839491084217
2,16599040,7,1311,32410,0.073404744,0.3138671875,0.2,0.0003,-0.01781521923840046,0.5131978988647461,-0.5920590457320213,-0.03043001507408917,0.1723279252462089
3,16604160,12,1181,32420,0.094505444,0.3247265625,0.2,0.0003,-0.008639328181743622,0.5370396375656128,-0.6097528687119484,-0.02593194811604917,0.17249923411756754
4,16609280,18,1133,32430,0.07292307,0.29412109375,0.2,0.0003,0.02447427436709404,0.628451943397522,-0.5941120147705078,-0.026977286650799216,0.23825764544308187
5,16614400,23,1103,32440,0.08351152,0.31935546875,0.2,0.0003,0.022624187171459198,0.5496865510940552,-0.5813224643468857,-0.029033528505824507,0.2507571310549974
6,16619520,28,1089,32450,0.085700765,0.3199609375,0.2,0.0003,0.008345220237970352,0.5752488374710083,-0.586255125105381,-0.027823456642217935,0.21971846368163825
7,16624640,33,1082,32460,0.09396182,0.34583984375,0.2,0.0003,-0.010461926460266113,0.5358372926712036,-0.6049628853797913,-0.026384819506201893,0.21083607353270054
8,16629760,38,1069,32470,0.10110904,0.30677734375,0.2,0.0003,-0.012592237442731857,0.5446312427520752,-0.5279380860924721,-0.024711344346869737,0.21273406498134137
9,16634880,43,1061,32480,0.11477287,0.32396484375,0.2,0.0003,-0.012371286749839783,0.5280499458312988,-0.5306617964804172,-0.022787845437414946,0.15418439546599985
10,16640000,48,1056,32490,0.083486445,0.328671875,0.2,0.0003,0.0223446823656559,0.4492194652557373,-0.5952837696671486,-0.0286892868950963,0.2082440123334527
1,16645120,2,1989,32500,0.075869694,0.31009765625,0.2,0.0003,-0.02033761516213417,0.5012860298156738,-0.5412192079424858,-0.026612577424384654,0.1620666802302003
2,16650240,8,1277,32510,0.08811249,0.311796875,0.2,0.0003,-0.01504560187458992,0.37058162689208984,-0.5661759674549103,-0.026881163753569127,0.1906910225376487
3,16655360,13,1164,32520,0.07728161,0.3021875,0.2,0.0003,-0.013799134641885757,0.39945071935653687,-0.5373230881989002,-0.021878139483742415,0.1630736837722361
4,16660480,18,1112,32530,0.087571494,0.30421875,0.2,0.0003,-0.023234881460666656,0.3656969666481018,-0.5360926492512226,-0.02366076686186716,0.12598358996212483
5,16665600,23,1088,32540,0.071699575,0.30015625,0.2,0.0003,-0.014236561954021454,0.32088702917099,-0.5719938345253468,-0.02714957172982395,0.15604932608082892
6,16670720,28,1074,32550,0.07782043,0.2984375,0.2,0.0003,-0.027891162782907486,0.5634320974349976,-0.5324521934986115,-0.031183999292552472,0.13411494880914687
7,16675840,33,1062,32560,0.08523681,0.3088671875,0.2,0.0003,-0.015485826879739761,0.4889676570892334,-0.4996506099402904,-0.028402827200479805,0.13364497918635607
8,16680960,38,1058,32570,0.08969076,0.30490234375,0.2,0.0003,0.005933657288551331,0.6108819842338562,-0.5506645891070366,-0.027264693554025145,0.16464488714933395
9,16686080,43,1052,32580,0.07597863,0.3148046875,0.2,0.0003,0.0001925341784954071,0.6706088781356812,-0.5697501888871193,-0.027304043606854976,0.15309821287170053
10,16691200,49,1042,32590,0.07326479,0.28923828125,0.2,0.0003,-0.03101898729801178,0.6923621296882629,-0.5186562652885914,-0.030306825512088836,0.14614323543384672
1,16696320,2,2173,32600,0.07957937,0.297109375,0.2,0.0003,-0.003152865916490555,0.7189100980758667,-0.5502321952581406,-0.026579135106876494,0.16393959822133183
2,16701440,7,1336,32610,0.07013336,0.30595703125,0.2,0.0003,0.00037789344787597656,0.7261035442352295,-0.5998678085207939,-0.027037833291105925,0.21071148820221425
3,16706560,12,1199,32620,0.09539488,0.3059375,0.2,0.0003,0.005727104842662811,0.578776478767395,-0.5334320685267449,-0.024022822421975433,0.23194398693740367
4,16711680,17,1147,32630,0.07619713,0.29771484375,0.2,0.0003,-0.010262776166200638,0.5367705225944519,-0.5616428054869175,-0.02732987402123399,0.20333611264824866
5,16716800,23,1094,32640,0.08627704,0.30021484375,0.2,0.0003,-0.012572120875120163,0.5301814079284668,-0.5448936812579632,-0.025973724769428372,0.1713680824264884
6,16721920,28,1074,32650,0.08428013,0.29677734375,0.2,0.0003,-0.01767389476299286,0.5646519660949707,-0.5204697813093663,-0.025708948578685522,0.19308976221829652
7,16727040,33,1065,32660,0.09906344,0.33359375,0.2,0.0003,-0.014524482190608978,0.5061132907867432,-0.5639787817001343,-0.027666808625217528,0.19280555985867978
8,16732160,38,1050,32670,0.07325052,0.3035546875,0.2,0.0003,-0.018458224833011627,0.532311201095581,-0.5802496805787086,-0.023006439325399697,0.20296385403722525
9,16737280,43,1048,32680,0.10415119,0.319453125,0.2,0.0003,-0.018590830266475677,0.6241800785064697,-0.5474017481505871,-0.0235177193232812,0.1719237694144249
10,16742400,48,1053,32690,0.07744904,0.3200390625,0.2,0.0003,-0.019063103944063187,0.6126549243927002,-0.5709861090779305,-0.025597491073422133,0.1963722368516028
1,16747520,2,2325,32700,0.08415662,0.31857421875,0.2,0.0003,-0.02291342243552208,0.633331298828125,-0.5667741400003433,-0.02345440992154181,0.16669650672003627
2,16752640,7,1431,32710,0.088722855,0.3166796875,0.2,0.0003,-0.005253061652183533,0.6874728202819824,-0.5390330678224564,-0.021831937124952672,0.17845662929117678
3,16757760,12,1225,32720,0.09182249,0.3108984375,0.2,0.0003,0.02077004313468933,0.3842041492462158,-0.5376127943396568,-0.02431738027720712,0.2398137452453375
4,16762880,17,1172,32730,0.09447119,0.321484375,0.2,0.0003,0.004963081330060959,0.5986709594726562,-0.5842210775613785,-0.02542749845655635,0.21329565711319445
5,16768000,22,1145,32740,0.086796425,0.320234375,0.2,0.0003,0.008908618241548538,0.4089857339859009,-0.5946670156717301,-0.026246481449343263,0.24928495604544879
6,16773120,27,1121,32750,0.0833236,0.3218359375,0.2,0.0003,-0.004241488873958588,0.5235918760299683,-0.5993176162242889,-0.025144712878391148,0.21412577256560325
7,16778240,32,1111,32760,0.09330861,0.3448046875,0.2,0.0003,-0.014739826321601868,0.5057570934295654,-0.606772062778473,-0.024752742361743005,0.175363796018064
8,16783360,36,1107,32770,0.09661888,0.3234765625,0.2,0.0003,-0.020423341542482376,0.6148598194122314,-0.5924412700533866,-0.02945417104056105,0.1666175649687648
9,16788480,42,1092,32780,0.087152556,0.32849609375,0.2,0.0003,-0.025264933705329895,0.41996628046035767,-0.6038628149032593,-0.0299864301411435,0.1962038753554225
10,16793600,47,1088,32790,0.07607342,0.32173828125,0.2,0.0003,-0.035760097205638885,0.5342922806739807,-0.6117110413312912,-0.029796620062552393,0.17246595319360494
1,16798720,2,2385,32800,0.07713503,0.33525390625,0.2,0.0003,-0.006980065256357193,0.4774434566497803,-0.6277579575777054,-0.027334715272299945,0.17000615842640399
2,16803840,7,1422,32810,0.083805345,0.316015625,0.2,0.0003,-0.02078280970454216,0.4186391830444336,-0.6026155546307563,-0.026539236386306585,0.16337449582293628
3,16808960,12,1246,32820,0.089002945,0.30826171875,0.2,0.0003,0.0034294426441192627,0.3435940742492676,-0.5861271047592163,-0.024054815561976285,0.14067678153514862
4,16814080,17,1166,32830,0.07668328,0.3094140625,0.2,0.0003,-0.04306000471115112,0.48682063817977905,-0.6084093505144119,-0.028486372020561247,0.12114891894161701
5,16819200,22,1131,32840,0.09019916,0.30462890625,0.2,0.0003,-0.03728403151035309,0.6312498450279236,-0.5590229858458042,-0.02295092318439856,0.14495269160717725
6,16824320,27,1113,32850,0.086845174,0.3144921875,0.2,0.0003,-0.03327902778983116,0.59553062915802,-0.5636605158448219,-0.024272534211631863,0.1148368994705379
7,16829440,32,1096,32860,0.09118564,0.3269921875,0.2,0.0003,-0.04087599366903305,0.5949376225471497,-0.6052881044149399,-0.026210105689242483,0.12858031472191214
8,16834560,37,1087,32870,0.08388028,0.2984375,0.2,0.0003,-0.029767243191599846,0.6394014358520508,-0.5609925509989262,-0.027446739263832568,0.12867836732417345
9,16839680,42,1081,32880,0.071470916,0.29947265625,0.2,0.0003,-0.0384552925825119,0.5592547655105591,-0.5650127366185188,-0.02483980154036544,0.1429144609346986
10,16844800,47,1073,32890,0.0731024,0.3081640625,0.2,0.0003,-0.02742672711610794,0.5157146453857422,-0.605166908800602,-0.02501323920674622,0.16753971461206674
1,16849920,2,2347,32900,0.07730037,0.3055859375,0.2,0.0003,-0.020993102341890335,0.5470786094665527,-0.6138732609152794,-0.026442721395287663,0.1651619107462466
2,16855040,7,1398,32910,0.09440273,0.32333984375,0.2,0.0003,0.017666220664978027,0.5516101121902466,-0.5581022299826145,-0.02797222856897861,0.1726228407211602
3,16860160,12,1267,32920,0.07873317,0.32306640625,0.2,0.0003,-0.027503330260515213,0.5315343141555786,-0.6053396415710449,-0.026232439437881113,0.15890364961698653
4,16865280,16,1212,32930,0.09241531,0.31220703125,0.2,0.0003,-0.03423698619008064,0.4683278203010559,-0.569121805280447,-0.02719149585813284,0.14586449848487973
5,16870400,21,1180,32940,0.067251265,0.311640625,0.2,0.0003,-0.021334122866392136,0.34685540199279785,-0.6252006813883781,-0.029557104497216644,0.14615105552598834
6,16875520,26,1162,32950,0.07215886,0.31404296875,0.2,0.0003,-0.007113110274076462,0.2743149399757385,-0.6298083847761154,-0.026876949975267052,0.1855481981858611
7,16880640,31,1150,32960,0.07605956,0.3134765625,0.2,0.0003,-0.03331778943538666,0.17457056045532227,-0.5935601195693017,-0.028258789784740657,0.14471269918605686
8,16885760,36,1137,32970,0.07412966,0.30529296875,0.2,0.0003,-0.019171802327036858,0.41141271591186523,-0.5930189296603203,-0.026953695269767194,0.1308380689099431
9,16890880,40,1132,32980,0.07490914,0.30513671875,0.2,0.0003,-0.018905144184827805,0.34724605083465576,-0.5893246328830719,-0.02622974569676444,0.12306774282827973
10,16896000,45,1125,32990,0.07225129,0.2987109375,0.2,0.0003,-0.029826808720827103,0.4320148229598999,-0.629012822508812,-0.025790925297187642,0.12594702269881963
1,16901120,2,2305,33000,0.08277739,0.31419921875,0.2,0.0003,-0.03199183568358421,0.4011576771736145,-0.5585446979105473,-0.02591154836351052,0.13398275692015887
2,16906240,7,1396,33010,0.081546515,0.32287109375,0.2,0.0003,-0.025487113744020462,0.5195525884628296,-0.6443817731738091,-0.02680407262640074,0.16925370402634143
3,16911360,12,1194,33020,0.08639742,0.316640625,0.2,0.0003,-0.03636592626571655,0.36924684047698975,-0.5908371609449387,-0.02762656260980293,0.1420078980922699
4,16916480,17,1138,33030,0.077300884,0.29755859375,0.2,0.0003,-0.03142065554857254,0.44412481784820557,-0.5671192887425422,-0.026819189807865768,0.12920411452651023
5,16921600,23,1105,33040,0.07144807,0.2942578125,0.2,0.0003,-0.011678442358970642,0.5017751455307007,-0.5819078648090362,-0.025608696187846364,0.12228727161884308
6,16926720,28,1076,33050,0.074304275,0.29380859375,0.2,0.0003,-0.024052554741501808,0.5605204105377197,-0.5623266571760177,-0.02407914780313149,0.14446546467021107
7,16931840,33,1065,33060,0.07506756,0.295703125,0.2,0.0003,-0.04614907130599022,0.5474648475646973,-0.5577600821852684,-0.025995807610452174,0.12310045393183827
8,16936960,38,1053,33070,0.0744874,0.2774609375,0.2,0.0003,-0.024230871349573135,0.529434859752655,-0.5498557664453984,-0.023931764848530292,0.14516891736537219
9,16942080,44,1038,33080,0.06541754,0.27361328125,0.2,0.0003,-0.005602559074759483,0.340930700302124,-0.5259371104836464,-0.025816716458648442,0.1416525949537754
10,16947200,49,1032,33090,0.07005448,0.31138671875,0.2,0.0003,-0.032216399908065796,0.583975613117218,-0.6199877795577049,-0.03166081144008785,0.15657535258680583
1,16952320,2,2343,33100,0.07512445,0.2885546875,0.2,0.0003,-0.017844457179307938,0.6489713788032532,-0.5549442341923714,-0.026199835748411716,0.13572747904807328
2,16957440,7,1396,33110,0.07738677,0.29748046875,0.2,0.0003,-0.035279519855976105,0.6848131418228149,-0.5746265086531639,-0.027668017689138652,0.1289180506952107
3,16962560,12,1236,33120,0.0934374,0.3092578125,0.2,0.0003,-0.02226470783352852,0.6317923069000244,-0.5686188390851021,-0.024268353644292803,0.17399156661704182
4,16967680,17,1157,33130,0.06972988,0.2915625,0.2,0.0003,-0.0012146197259426117,0.5157290697097778,-0.579234987795353,-0.028468633969314396,0.150889245942235
5,16972800,23,1112,33140,0.104039945,0.27884765625,0.2,0.0003,-0.016848724335432053,0.523644745349884,-0.5382975101470947,-0.021517811466474086,0.14050239343196153
6,16977920,28,1086,33150,0.07058634,0.279453125,0.2,0.0003,-0.020766176283359528,0.5725884437561035,-0.514292351603508,-0.02788824541028589,0.13896845296025276
7,16983040,33,1064,33160,0.068402186,0.3041796875,0.2,0.0003,-0.0021815225481987,0.7336587309837341,-0.5655467307567597,-0.0261120199598372,0.16105943666771055
8,16988160,39,1045,33170,0.060996253,0.25029296875,0.2,0.0003,-0.013420682400465012,0.5482946038246155,-0.5030020371079444,-0.025948997975792736,0.15914247995242475
9,16993280,44,1036,33180,0.07773814,0.27908203125,0.2,0.0003,-0.014322008937597275,0.4429655075073242,-0.5196669369935989,-0.02358600635547191,0.15949362982064486
10,16998400,49,1026,33190,0.06845261,0.27634765625,0.2,0.0003,-0.03355550393462181,0.5564709901809692,-0.5197906082868576,-0.02807254240382463,0.13439626244828104
1,17003520,2,1951,33200,0.0747114,0.27384765625,0.2,0.0003,-0.018774036318063736,0.6491408348083496,-0.48871217370033265,-0.020453537283465266,0.1222594664990902
2,17008640,7,1317,33210,0.085384086,0.27888671875,0.2,0.0003,0.00682227686047554,0.6043717861175537,-0.5024739064276218,-0.02637948765885085,0.12703960184007884
3,17013760,12,1208,33220,0.06378984,0.2662890625,0.2,0.0003,-0.016067832708358765,0.5610995292663574,-0.4789193271100521,-0.026794495903886856,0.136645670812577
4,17018880,17,1154,33230,0.08610968,0.2980078125,0.2,0.0003,-0.01692381128668785,0.42971187829971313,-0.5226755434274674,-0.025338297169655563,0.12131126195192338
5,17024000,22,1128,33240,0.07486754,0.28509765625,0.2,0.0003,-0.023121874779462814,0.5363646745681763,-0.5486633718013764,-0.02531950187170878,0.12278914362192155
6,17029120,27,1108,33250,0.073799245,0.27865234375,0.2,0.0003,-0.025016862899065018,0.43373388051986694,-0.48701740890741346,-0.026368505966383963,0.13338672140613198
7,17034240,32,1097,33260,0.06761607,0.2665625,0.2,0.0003,-0.04028909653425217,0.5748127102851868,-0.49047848805785177,-0.023444656119681894,0.13139275323599578
8,17039360,37,1088,33270,0.083818205,0.2944140625,0.2,0.0003,-0.04063798114657402,0.6549091339111328,-0.5145920990407467,-0.026827287571504713,0.11178039837628603
9,17044480,42,1081,33280,0.06743822,0.2777734375,0.2,0.0003,-0.013015992939472198,0.5822873115539551,-0.5400892433524132,-0.027654520226642488,0.17925463389605284
10,17049600,47,1077,33290,0.06400945,0.27263671875,0.2,0.0003,-0.010500438511371613,0.719631016254425,-0.49111372023820876,-0.028060476817190646,0.12964117456227542
1,17054720,2,2268,33300,0.07772368,0.25021484375,0.2,0.0003,-0.0019036419689655304,0.49036234617233276,-0.43618879958987233,-0.020655929697677492,0.14606470227241516
2,17059840,7,1390,33310,0.066621855,0.2715625,0.2,0.0003,-0.0058433786034584045,0.6423105597496033,-0.4958860005438328,-0.025993243446573614,0.13889739951118826
3,17064960,12,1221,33320,0.088080905,0.26892578125,0.2,0.0003,-0.03724880516529083,0.7109609246253967,-0.4554023963212967,-0.025349940301384776,0.1023528335057199
4,17070080,17,1153,33330,0.08616336,0.26626953125,0.2,0.0003,-0.015523001551628113,0.6689662933349609,-0.4915509457886219,-0.026840383822564037,0.1383253399655223
5,17075200,22,1117,33340,0.061863083,0.27375,0.2,0.0003,-0.008998781442642212,0.6929714679718018,-0.5373675689101219,-0.023716511516831816,0.16442112874239684
6,17080320,28,1089,33350,0.0631965,0.2527734375,0.2,0.0003,-0.0015492066740989685,0.6634619235992432,-0.5053295584022999,-0.02608928371919319,0.16996955800801516
7,17085440,33,1074,33360,0.099819794,0.2705078125,0.2,0.0003,-0.014419347047805786,0.6249610185623169,-0.4374068833887577,-0.02503999204142019,0.1573753464780748
8,17090560,38,1064,33370,0.08261927,0.27568359375,0.2,0.0003,-0.024091918021440506,0.5260599255561829,-0.46686596095561983,-0.027270465474575758,0.1363815592415631
9,17095680,43,1054,33380,0.07550426,0.2648828125,0.2,0.0003,-0.011875342577695847,0.7016178369522095,-0.47571098804473877,-0.023388692929875107,0.1435318981669843
10,17100800,894,57,33390,0.0845595,0.29419921875,0.2,0.0003,-0.02086375281214714,0.8157001733779907,-0.5370970158278943,-0.023793860555160792,0.1642500219680369
1,17105920,2,2018,33400,0.07561572,0.29521484375,0.2,0.0003,-0.0061220526695251465,0.6894850134849548,-0.5520568166673183,-0.023532580495812,0.1943918415158987
2,17111040,8,1243,33410,0.07508032,0.2767578125,0.2,0.0003,-0.006662152707576752,0.5624692440032959,-0.5035205274820328,-0.022693920333404095,0.17895154824480414
3,17116160,13,1135,33420,0.076146014,0.30310546875,0.2,0.0003,-0.004050314426422119,0.6612569093704224,-0.5667785504460334,-0.026111188284121453,0.18770591516047716
4,17121280,18,1087,33430,0.111160204,0.31685546875,0.2,0.0003,-0.012629441916942596,0.33653348684310913,-0.4931314793229103,-0.0259361395961605,0.1822084729745984
5,17126400,24,1053,33440,0.081357524,0.3098828125,0.2,0.0003,-0.023137949407100677,0.44494158029556274,-0.5450400865077972,-0.024717410190496593,0.16080365791916848
6,17131520,29,1029,33450,0.073987864,0.29904296875,0.2,0.0003,-0.02786412090063095,0.5943373441696167,-0.5596395388245583,-0.023050658165011555,0.14313549706712364
7,17136640,35,1021,33460,0.08638932,0.3124609375,0.2,0.0003,-0.015679072588682175,0.35394006967544556,-0.5271909925341606,-0.0294989249331411,0.14657151939347388
8,17141760,40,1014,33470,0.096070744,0.346328125,0.2,0.0003,-0.018582262098789215,0.2986464500427246,-0.603077403306961,-0.028968051930423826,0.15133720783516766
9,17146880,45,1008,33480,0.08296876,0.298359375,0.2,0.0003,-0.004060056060552597,0.30107003450393677,-0.5324013641476631,-0.024742507180199026,0.15394111204892397
10,17152000,51,999,33490,0.081143126,0.31107421875,0.2,0.0003,-0.00833253562450409,0.47728872299194336,-0.5705313682556152,-0.028059080361854286,0.13597479725256562
1,17157120,2,1742,33500,0.06737359,0.2997265625,0.2,0.0003,-0.013666287064552307,0.41988468170166016,-0.5917749258875847,-0.03182186404243112,0.1536272296309471
2,17162240,8,1215,33510,0.0814894,0.31345703125,0.2,0.0003,-0.004940476268529892,0.3660300374031067,-0.5732257345318794,-0.02916733085177839,0.16028786471113562
3,17167360,13,1138,33520,0.07789919,0.3311328125,0.2,0.0003,-0.021269990131258965,0.37651747465133667,-0.6377529817819595,-0.027502648478839545,0.14181888077408075
4,17172480,18,1101,33530,0.07575922,0.30390625,0.2,0.0003,-0.025513555854558945,0.40996479988098145,-0.5740631499886513,-0.028617146387696267,0.1555458172224462
5,17177600,23,1086,33540,0.07399346,0.29791015625,0.2,0.0003,-0.0061837173998355865,0.3908756375312805,-0.5944635146856307,-0.02436753415968269,0.19594772379845382
6,17182720,28,1074,33550,0.07456142,0.2994921875,0.2,0.0003,-0.004053764045238495,0.3560056686401367,-0.5884745025634766,-0.02636532984673977,0.18734044399112462
7,17187840,33,1064,33560,0.07663951,0.32494140625,0.2,0.0003,-0.01883210614323616,0.39577722549438477,-0.6075321927666664,-0.024764031115919353,0.17497863985598086
8,17192960,38,1059,33570,0.07289867,0.30806640625,0.2,0.0003,-0.009974110871553421,0.28980594873428345,-0.5842299726605416,-0.02672790559474379,0.1778788594342768
9,17198080,43,1052,33580,0.06970684,0.30904296875,0.2,0.0003,-0.027534015476703644,0.26527005434036255,-0.5737128919363021,-0.028166889436542986,0.1637858817540109
10,17203200,48,1048,33590,0.08600122,0.3245703125,0.2,0.0003,-0.0034658722579479218,0.3968127965927124,-0.5936275619268417,-0.02432477070717141,0.15115232337266207
1,17208320,2,2011,33600,0.08078529,0.2964453125,0.2,0.0003,-0.008116666227579117,0.5676885843276978,-0.5670406192541122,-0.02861324364785105,0.14831095902249217
2,17213440,7,1310,33610,0.079059206,0.30287109375,0.2,0.0003,0.004782635718584061,0.48857420682907104,-0.5655383202433586,-0.025646493043750523,0.174365648701787
3,17218560,12,1198,33620,0.077251926,0.29755859375,0.2,0.0003,-0.01013505831360817,0.5228958129882812,-0.5799480508267879,-0.027626661118119955,0.16947172245010733
4,17223680,17,1145,33630,0.08512984,0.28857421875,0.2,0.0003,-0.0021182410418987274,0.44393348693847656,-0.5395206025242806,-0.02513608629349619,0.2156367862969637
5,17228800,22,1119,33640,0.06932564,0.28841796875,0.2,0.0003,-0.00170985609292984,0.5312650203704834,-0.5345517098903656,-0.02363675436237827,0.17979310646653177
6,17233920,28,1092,33650,0.078094855,0.30921875,0.2,0.0003,-0.004295617341995239,0.45323365926742554,-0.5995021769404412,-0.023666633237153293,0.19482817653566598
7,17239040,33,1079,33660,0.07270895,0.29732421875,0.2,0.0003,-0.016064077615737915,0.6183452606201172,-0.5482353296875954,-0.020656485073268414,0.1771855654940009
8,17244160,38,1066,33670,0.080012575,0.30171875,0.2,0.0003,-0.013574507087469101,0.5509659051895142,-0.538240197300911,-0.022724953298456967,0.16757873833179474
9,17249280,43,1054,33680,0.067577615,0.27537109375,0.2,0.0003,-0.042924944311380386,0.5762931108474731,-0.5095300641655922,-0.0279439615085721,0.1247402119077742
10,17254400,48,1048,33690,0.083541416,0.29798828125,0.2,0.0003,-0.02251765877008438,0.4619908332824707,-0.5526307202875614,-0.02680195258464664,0.1695400632172823
1,17259520,2,2211,33700,0.07510434,0.29021484375,0.2,0.0003,-0.0009680017828941345,0.5314480066299438,-0.5109759412705899,-0.026864183691795916,0.15003005718812346
2,17264640,7,1364,33710,0.075537145,0.30783203125,0.2,0.0003,-0.01996251940727234,0.6075385808944702,-0.5411251330375672,-0.03097152092726901,0.15165003065019847
3,17269760,12,1242,33720,0.07435252,0.3062890625,0.2,0.0003,-0.04648468270897865,0.6902998089790344,-0.5721242845058441,-0.028462931024841966,0.11247955370694399
4,17274880,17,1185,33730,0.08761197,0.31943359375,0.2,0.0003,-0.01489555835723877,0.6472128033638,-0.5454234488308429,-0.023554693390615285,0.16558439446613193
5,17280000,22,1150,33740,0.07662535,0.2923046875,0.2,0.0003,-0.03997230529785156,0.5882141590118408,-0.5178030966222287,-0.02497470154892653,0.1654111493937671
6,17285120,27,1131,33750,0.08504702,0.3134765625,0.2,0.0003,-0.014924198389053345,0.6252593994140625,-0.5764665251970291,-0.025624441104009747,0.147110734321177
7,17290240,31,1120,33760,0.07438674,0.2959375,0.2,0.0003,-0.025692109018564224,0.5061752200126648,-0.5120535452663898,-0.026644965885207057,0.15867688205093144
8,17295360,37,1101,33770,0.08466946,0.29662109375,0.2,0.0003,-0.024925636127591133,0.5274529457092285,-0.5068241104483604,-0.028054510259535162,0.14088579233735798
9,17300480,42,1091,33780,0.071966514,0.3020703125,0.2,0.0003,-0.006155692040920258,0.6276144981384277,-0.5589098098874092,-0.023457153383642435,0.14093878392130135
10,17305600,47,1080,33790,0.07904161,0.30359375,0.2,0.0003,-0.005615461617708206,0.5212980508804321,-0.5201216794550418,-0.02397069820901379,0.13730003613978625
1,17310720,2,2251,33800,0.08082143,0.300625,0.2,0.0003,-0.016236543655395508,0.44647401571273804,-0.5142185781896115,-0.025131122400052844,0.15133128847926855
2,17315840,7,1379,33810,0.08338056,0.30326171875,0.2,0.0003,-0.02035161480307579,0.6247802972793579,-0.5822835226356983,-0.028427453099284322,0.1548007133603096
3,17320960,12,1231,33820,0.08068117,0.28283203125,0.2,0.0003,-0.0036254189908504486,0.5555938482284546,-0.48882985159754755,-0.025615904671140013,0.13529068237170577
4,17326080,17,1161,33830,0.09677456,0.315234375,0.2,0.0003,-0.019352804869413376,0.6501137018203735,-0.5496385395526886,-0.0231149690435268,0.14142749335616828
5,17331200,25,1002,33840,0.073201016,0.30138671875,0.2,0.0003,-0.01915591210126877,0.60561203956604,-0.5701274219155311,-0.026501905913464727,0.20241278126835824
6,17336320,32,946,33850,0.07121833,0.2821875,0.2,0.0003,-0.009219057857990265,0.5900455713272095,-0.51134810090065,-0.023705700987484306,0.1565162361226976
7,17341440,38,935,33860,0.0789737,0.31123046875,0.2,0.0003,-0.018636897206306458,0.6590324640274048,-0.5533889709413051,-0.026014556440059095,0.13921003174036742
8,17346560,43,932,33870,0.08795229,0.29212890625,0.2,0.0003,-0.038488730788230896,0.41772961616516113,-0.5348720613121987,-0.02797768299700692,0.15161527177318931
9,17351680,50,916,33880,0.09249355,0.32044921875,0.2,0.0003,-0.023987650871276855,0.4494735598564148,-0.5469919584691525,-0.026624283832497896,0.13365068247541786
10,17356800,55,920,33890,0.078889415,0.28265625,0.2,0.0003,-0.025301136076450348,0.47701019048690796,-0.4847183758020401,-0.024826219556853175,0.11342143230140209
1,17361920,2,1989,33900,0.083243825,0.3188671875,0.2,0.0003,-0.03460341691970825,0.5248697996139526,-0.5646980121731758,-0.029080651213880628,0.09508497215807438
2,17367040,8,1271,33910,0.080503896,0.2916796875,0.2,0.0003,-0.02949710376560688,0.49998390674591064,-0.5092363333702088,-0.026377135762013493,0.12155357662588358
3,17372160,13,1143,33920,0.08016118,0.288046875,0.2,0.0003,-0.015247564762830734,0.4229304790496826,-0.47893468871712686,-0.03089706815779209,0.1157066760957241
4,17377280,18,1095,33930,0.07627846,0.2894921875,0.2,0.0003,-0.03560875356197357,0.40562331676483154,-0.5141945809125901,-0.02631895725382492,0.10438975028693676
5,17382400,23,1068,33940,0.07638176,0.28494140625,0.2,0.0003,-0.03305349498987198,0.5275096893310547,-0.5535806404054164,-0.02980754085816443,0.11846933607012033
6,17387520,29,1048,33950,0.086033,0.29515625,0.2,0.0003,-0.034169893711805344,0.4805033802986145,-0.5305973783135414,-0.026488455215003343,0.13523509385064245
7,17392640,34,1035,33960,0.08063134,0.2919921875,0.2,0.0003,-0.03684832900762558,0.5164399147033691,-0.5359072087705136,-0.025376136198174207,0.15588789273053408
8,17397760,40,1020,33970,0.10086944,0.29177734375,0.2,0.0003,-0.03691167011857033,0.46106165647506714,-0.514447195827961,-0.028254850287921726,0.1434234295412898
9,17402880,45,1013,33980,0.094574496,0.29119140625,0.2,0.0003,-0.02270147204399109,0.4301998019218445,-0.4940103890001774,-0.02835626050597057,0.1475460880436003
10,17408000,51,990,33990,0.0757192,0.29076171875,0.2,0.0003,-0.020174618810415268,0.3664758801460266,-0.5533282811939716,-0.02856163321994245,0.1294824747182429
1,17413120,2,2045,34000,0.07848846,0.29494140625,0.2,0.0003,-0.02978627383708954,0.4624621272087097,-0.5012632422149181,-0.02663519136607647,0.12004213185980916
2,17418240,7,1304,34010,0.07325865,0.2923828125,0.2,0.0003,-0.01748436689376831,0.4525470733642578,-0.5322097079455852,-0.028644923279061915,0.14078433750197292
3,17423360,13,1168,34020,0.081544705,0.2978125,0.2,0.0003,-0.0036452822387218475,0.6010984182357788,-0.5278140819072723,-0.02913177645765245,0.14456004731357097
4,17428480,18,1110,34030,0.07111348,0.27427734375,0.2,0.0003,-0.030033964663743973,0.49079787731170654,-0.5228700439631939,-0.02613166505470872,0.13812424963340164
5,17433600,23,1078,34040,0.08104389,0.27091796875,0.2,0.0003,-0.028012525290250778,0.6187875270843506,-0.4695251180231571,-0.02772614613175392,0.10590299263596535
6,17438720,29,1058,34050,0.075625286,0.3012890625,0.2,0.0003,-0.00041860342025756836,0.5442692041397095,-0.5346456103026866,-0.02602094696369022,0.13479039868339895
7,17443840,34,1046,34060,0.071513794,0.28943359375,0.2,0.0003,-0.035061467438936234,0.5369486212730408,-0.5510336303710938,-0.028563503865152596,0.14502178221940995
8,17448960,39,1035,34070,0.069774516,0.2804296875,0.2,0.0003,-0.01232486218214035,0.595129668712616,-0.5214985062181949,-0.02226207758532837,0.15600666807964444
9,17454080,44,1024,34080,0.0715191,0.29212890625,0.2,0.0003,0.004642084240913391,0.5108885765075684,-0.5360997626185418,-0.02628685568459332,0.1546721476688981
10,17459200,50,1018,34090,0.07861545,0.291953125,0.2,0.0003,-0.018652696162462234,0.569858968257904,-0.5232096625864506,-0.025569724687375128,0.1577846491150558
1,17464320,2,2058,34100,0.06937109,0.28455078125,0.2,0.0003,-0.03798485919833183,0.502538800239563,-0.49737232968211176,-0.021943274051882327,0.1350946187786758
2,17469440,8,1221,34110,0.06662063,0.2701171875,0.2,0.0003,-0.028763411566615105,0.5707136392593384,-0.49291659325361253,-0.02347954808268696,0.14349806498736142
3,17474560,14,1090,34120,0.07794423,0.26841796875,0.2,0.0003,-0.033757470548152924,0.788000226020813,-0.504160245358944,-0.025008969008922577,0.0961380578763783
4,17479680,19,1040,34130,0.079717964,0.282265625,0.2,0.0003,-0.02605028823018074,0.7689679861068726,-0.4964225035905838,-0.027667880808003247,0.1200984719209373
5,17484800,25,1009,34140,0.08419098,0.26435546875,0.2,0.0003,-0.011699773371219635,0.6213364005088806,-0.4381006820499897,-0.025712202698923648,0.14827632365748286
6,17489920,30,991,34150,0.08153484,0.28890625,0.2,0.0003,-0.014626909047365189,0.652748703956604,-0.48899681970477105,-0.028863616194576024,0.1581946624442935
7,17495040,36,980,34160,0.08591673,0.26103515625,0.2,0.0003,0.01057184487581253,0.4624892473220825,-0.4184977462887764,-0.022270522878970953,0.15365318527445196
8,17500160,42,972,34170,0.08194527,0.27697265625,0.2,0.0003,-0.0002917088568210602,0.4856044054031372,-0.46259699523448944,-0.025546789716463535,0.1458208307251334
9,17505280,47,969,34180,0.08842697,0.26640625,0.2,0.0003,-0.011029373854398727,0.5376796722412109,-0.4601516829431057,-0.02240362625103444,0.1529638364352286
10,17510400,52,969,34190,0.07876535,0.2719140625,0.2,0.0003,-0.01584548130631447,0.6529505848884583,-0.4708279944956303,-0.026023199041374026,0.16777834460139274
1,17515520,2,2112,34200,0.07264035,0.26810546875,0.2,0.0003,-0.03244071453809738,0.6146944761276245,-0.4734324093163014,-0.025857209973037244,0.16249254778027533
2,17520640,7,1314,34210,0.07882379,0.2810546875,0.2,0.0003,-0.009323272854089737,0.5720304250717163,-0.4630244511365891,-0.023955629197880624,0.13458729963749647
3,17525760,12,1191,34220,0.08457597,0.2962890625,0.2,0.0003,-0.006751973181962967,0.5226085186004639,-0.5237171378731728,-0.02230467607732862,0.1577275311201811
4,17530880,18,1124,34230,0.093656935,0.29154296875,0.2,0.0003,-0.023615680634975433,0.5920737981796265,-0.5330227692425251,-0.02956217302707955,0.15983880115672947
5,17536000,23,1092,34240,0.08691633,0.288515625,0.2,0.0003,-0.0008506514132022858,0.5558241605758667,-0.49797786414623263,-0.025790064248722048,0.153761749509722
6,17541120,28,1073,34250,0.080359355,0.26876953125,0.2,0.0003,-0.018697001039981842,0.6590432524681091,-0.46162829637527464,-0.024802719731815158,0.13344843050464988
7,17546240,33,1061,34260,0.080504134,0.3016796875,0.2,0.0003,-0.05543957278132439,0.7140913009643555,-0.5503343135118485,-0.03047120272181928,0.15548314303159713
8,17551360,38,1051,34270,0.08070482,0.2881640625,0.2,0.0003,0.000908978283405304,0.7495341897010803,-0.5505361728370189,-0.0270147446077317,0.21532748468220234
9,17556480,44,1041,34280,0.065864995,0.27982421875,0.2,0.0003,0.024752676486968994,0.7577885985374451,-0.516800330132246,-0.025841646797489376,0.20272713795304298
10,17561600,49,1034,34290,0.071404405,0.26021484375,0.2,0.0003,-0.012294791638851166,0.5198860764503479,-0.44820573419332504,-0.025737846365664153,0.20213232338428497
1,17566720,2,2118,34300,0.0850053,0.28126953125,0.2,0.0003,6.30989670753479e-05,0.6419097185134888,-0.5132824590802193,-0.02623351088259369,0.19281507274135948
2,17571840,7,1324,34310,0.072851814,0.271328125,0.2,0.0003,0.02614186517894268,0.5798228979110718,-0.49685769841074945,-0.021861669211648404,0.23664828889071943
3,17576960,12,1182,34320,0.09471871,0.275390625,0.2,0.0003,-5.673989653587341e-05,0.6253484487533569,-0.422451975941658,-0.02661423708777875,0.15372125882655382
4,17582080,18,1126,34330,0.07661156,0.2772265625,0.2,0.0003,-0.012862645089626312,0.5329012870788574,-0.47342263475060464,-0.027045001690275967,0.19767165541648865
5,17587200,23,1095,34340,0.08268153,0.27650390625,0.2,0.0003,-0.010587748140096664,0.6032496690750122,-0.4899680860340595,-0.019519082442857324,0.1894161868467927
6,17592320,28,1074,34350,0.08667695,0.27470703125,0.2,0.0003,-0.014675471931695938,0.6680996417999268,-0.43363324359059335,-0.022513183227274566,0.16144190890714527
7,17597440,33,1058,34360,0.07918443,0.276640625,0.2,0.0003,0.005148656666278839,0.7381973266601562,-0.4881398928165436,-0.027681311392225325,0.19614203188568355
8,17602560,39,1049,34370,0.08531972,0.282890625,0.2,0.0003,-0.005722202360630035,0.6749681234359741,-0.5063443575799466,-0.024963086675852536,0.17116398099809885
9,17607680,44,1043,34380,0.0966931,0.2700390625,0.2,0.0003,-0.012791968882083893,0.625232994556427,-0.44549346357584,-0.02424383901525289,0.18069433383643627
10,17612800,49,1036,34390,0.07375076,0.2743359375,0.2,0.0003,-0.008075699210166931,0.6957999467849731,-0.498612077832222,-0.027363466839306058,0.18598081342875958
1,17617920,2,1993,34400,0.074063405,0.261953125,0.2,0.0003,-0.03156815469264984,0.7380551695823669,-0.48412480592727664,-0.02659753307700157,0.16852493220940232
2,17623040,8,1277,34410,0.07313156,0.2803515625,0.2,0.0003,-0.04088357090950012,0.7214359641075134,-0.5062434774637222,-0.026818610304035248,0.19325964115560054
3,17628160,13,1128,34420,0.081278145,0.28173828125,0.2,0.0003,-0.01245146244764328,0.7209843397140503,-0.5443267738819122,-0.02427514521870762,0.20391683477908373
4,17633280,20,1001,34430,0.08665322,0.29703125,0.2,0.0003,-0.004431840032339096,0.6774694919586182,-0.5040005201101303,-0.021648791204206645,0.18524777252227068
5,17638400,27,944,34440,0.1024421,0.2740625,0.2,0.0003,-0.012667577713727951,0.5633887648582458,-0.47856540158391,-0.02078566944459453,0.21325129818171262
6,17643520,35,872,34450,0.09406029,0.29173828125,0.2,0.0003,-0.005092933773994446,0.6620226502418518,-0.5137093441188335,-0.023062115118373184,0.1852561336942017
7,17648640,42,835,34460,0.085003935,0.3021875,0.2,0.0003,0.004752889275550842,0.6572510004043579,-0.5060343153774738,-0.02267268248833716,0.16641104253008962
8,17653760,50,807,34470,0.08642678,0.323671875,0.2,0.0003,-0.00914062187075615,0.5992640256881714,-0.5664956176280975,-0.030146488375030457,0.19422614235430957
9,17658880,58,786,34480,0.0828316,0.30015625,0.2,0.0003,0.0070807114243507385,0.6229798197746277,-0.5159791840612888,-0.019973208401352166,0.1871255639195442
10,17664000,66,770,34490,0.07962178,0.30794921875,0.2,0.0003,-0.012276768684387207,0.37268269062042236,-0.5351851610839367,-0.025193600836209952,0.17422246953472495
1,17669120,4,1116,34500,0.07244947,0.31216796875,0.2,0.0003,-0.03316697105765343,0.5272356271743774,-0.5710498753190041,-0.029633395669516175,0.16393828500062227
2,17674240,12,850,34510,0.077065,0.295546875,0.2,0.0003,-0.02223607525229454,0.4856003522872925,-0.5343584401905537,-0.02385585840791464,0.15390941625460983
3,17679360,19,787,34520,0.08508334,0.32310546875,0.2,0.0003,-0.008602775633335114,0.5020309686660767,-0.5625994795560837,-0.027588116029510276,0.1618845677934587
4,17684480,26,760,34530,0.08137215,0.31498046875,0.2,0.0003,-0.0038575008511543274,0.590599536895752,-0.5569782626628875,-0.026707641372922808,0.17320934331044555
5,17689600,34,743,34540,0.07083481,0.29904296875,0.2,0.0003,-0.006369490176439285,0.5737325549125671,-0.5566180193424225,-0.02894244551891461,0.16777421655133368
6,17694720,42,729,34550,0.08114966,0.3030078125,0.2,0.0003,-0.019232213497161865,0.6270513534545898,-0.5573771531879902,-0.026669046173337846,0.179114166200161
7,17699840,49,718,34560,0.072755426,0.28390625,0.2,0.0003,0.0035764388740062714,0.6744316220283508,-0.5549585077166558,-0.027211898604873566,0.17701485458761454
8,17704960,57,708,34570,0.08437309,0.288359375,0.2,0.0003,0.006714940071105957,0.5102791786193848,-0.5023270125687123,-0.025686067594215274,0.22265950009226798
9,17710080,65,698,34580,0.085707046,0.30345703125,0.2,0.0003,-0.006559353321790695,0.5625920295715332,-0.5291439846158028,-0.027762438640929758,0.13676270321011544
10,17715200,74,691,34590,0.08304547,0.301015625,0.2,0.0003,-0.024853583425283432,0.5288177728652954,-0.5032642813026905,-0.02848950965097174,0.15362365677952766
1,17720320,4,1171,34600,0.08073639,0.30388671875,0.2,0.0003,-0.013796940445899963,0.5305022597312927,-0.5401049356162548,-0.02475510390708223,0.18833245538175106
2,17725440,12,822,34610,0.0780027,0.30669921875,0.2,0.0003,-0.023297548294067383,0.6379877328872681,-0.5300551848113537,-0.027422660635784267,0.168607074432075
3,17730560,20,756,34620,0.07831293,0.3141796875,0.2,0.0003,-0.017635278403759003,0.6808602809906006,-0.5785240316390992,-0.029995708274655045,0.18589719135314225
4,17735680,28,724,34630,0.07535048,0.30205078125,0.2,0.0003,-0.025622952729463577,0.6658022403717041,-0.555936396420002,-0.027139254708308726,0.19709062859416007
5,17740800,36,708,34640,0.08377925,0.301015625,0.2,0.0003,-0.01633906550705433,0.669357419013977,-0.550400937795639,-0.023452731238212437,0.16874094577506185
6,17745920,44,695,34650,0.07575021,0.3008984375,0.2,0.0003,0.009698975831270218,0.7513067722320557,-0.5700769090652466,-0.027536313072778283,0.1761237458139658
7,17751040,51,689,34660,0.075429074,0.2787109375,0.2,0.0003,-0.017224933952093124,0.7237580418586731,-0.4841624891757965,-0.025787646316457538,0.2112298009172082
8,17756160,59,685,34670,0.091197655,0.27158203125,0.2,0.0003,0.004104264080524445,0.48693162202835083,-0.43702949926257134,-0.022126022400334476,0.19131921555846929
9,17761280,67,680,34680,0.06954371,0.2867578125,0.2,0.0003,-0.0086289644241333,0.39679229259490967,-0.5040838761627674,-0.026960751975420864,0.1937993132509291
10,17766400,75,677,34690,0.09841868,0.2994140625,0.2,0.0003,-0.026224873960018158,0.43105316162109375,-0.4627851144969463,-0.02775423777522519,0.1589941877312958
1,17771520,4,1236,34700,0.06980791,0.27546875,0.2,0.0003,-0.018260717391967773,0.6046225428581238,-0.4984114171564579,-0.028782471134327352,0.15796037178486586
2,17776640,12,834,34710,0.07730673,0.279921875,0.2,0.0003,-0.028971247375011444,0.6701874136924744,-0.49129343777894974,-0.029948168210685255,0.1412359006330371
3,17781760,20,753,34720,0.08960219,0.27322265625,0.2,0.0003,0.000801771879196167,0.6267474889755249,-0.4438828513026237,-0.025930166067555546,0.13768494240939616
4,17786880,28,719,34730,0.07145803,0.271015625,0.2,0.0003,0.008726388216018677,0.5160477161407471,-0.46814647153019906,-0.02554861226119101,0.13828525362536312
5,17792000,36,702,34740,0.084740095,0.26955078125,0.2,0.0003,-0.0004160366952419281,0.5442352890968323,-0.45098486363887785,-0.021926790304714814,0.1300225587375462
6,17797120,44,690,34750,0.09074469,0.28474609375,0.2,0.0003,-0.03884059563279152,0.6553964018821716,-0.4902166286110878,-0.030165794275235386,0.13424357283860444
7,17802240,52,683,34760,0.078162745,0.275703125,0.2,0.0003,-0.02077903226017952,0.5772458910942078,-0.45018739357590676,-0.024739472260698676,0.13127486735582353
8,17807360,60,678,34770,0.08582439,0.29822265625,0.2,0.0003,-0.005978569388389587,0.6735231876373291,-0.5014109505712986,-0.02226580967195332,0.12200333725661039
9,17812480,68,672,34780,0.084034786,0.30146484375,0.2,0.0003,-0.02266513556241989,0.608506441116333,-0.5257039572298526,-0.028388359774835406,0.1515604597143829
10,17817600,76,669,34790,0.073878855,0.2685546875,0.2,0.0003,-0.019264282658696175,0.679214596748352,-0.48306770965456963,-0.02733792135026306,0.13988110044971108
1,17822720,4,1222,34800,0.07144041,0.25140625,0.2,0.0003,-0.0009093061089515686,0.6260619163513184,-0.41640908509492874,-0.021722035810817032,0.16093626122921706
2,17827840,12,826,34810,0.10109325,0.30087890625,0.2,0.0003,-0.029854195192456245,0.5596025586128235,-0.4741364198923111,-0.028908808808773757,0.13114074239507317
3,17832960,20,756,34820,0.069889024,0.30154296875,0.2,0.0003,-0.01654575578868389,0.6224638223648071,-0.5645495416224002,-0.026980635576182976,0.14084272012114524
4,17838080,27,739,34830,0.07731201,0.30896484375,0.2,0.0003,-0.02372105047106743,0.6368476152420044,-0.5597438897192478,-0.023442348050884902,0.15689222678542136
5,17843200,35,719,34840,0.0773462,0.28474609375,0.2,0.0003,-0.006751198321580887,0.44309353828430176,-0.5085919818282127,-0.026107605695724487,0.17843888506293296
6,17848320,43,707,34850,0.080380954,0.29498046875,0.2,0.0003,-0.011453922837972641,0.3616185784339905,-0.5253081189095974,-0.025522127675358205,0.15228816848248244
7,17853440,51,697,34860,0.08935421,0.325234375,0.2,0.0003,-0.005377538502216339,0.5162590146064758,-0.5628039437532425,-0.027862795814871787,0.13399303659796716
8,17858560,59,690,34870,0.08962194,0.28240234375,0.2,0.0003,-0.007288679480552673,0.4064313769340515,-0.47798123717308044,-0.025599240972660482,0.15290258154273034
9,17863680,67,682,34880,0.07575025,0.296953125,0.2,0.0003,-0.040449172258377075,0.6490998268127441,-0.5281278584897519,-0.02916105397278443,0.13268739702180027
10,17868800,75,678,34890,0.074380696,0.3049609375,0.2,0.0003,-0.03017304465174675,0.6077587008476257,-0.5754770359396935,-0.030505509194917978,0.1438391829095781
1,17873920,2,1733,34900,0.08102367,0.27375,0.2,0.0003,-0.008353184908628464,0.6310631632804871,-0.48567279770970345,-0.02775605462025851,0.14602150451391935
2,17879040,8,1137,34910,0.069944344,0.299375,0.2,0.0003,0.0019960030913352966,0.7188710570335388,-0.598596710562706,-0.023754336992278694,0.16862413227558137
3,17884160,14,1036,34920,0.088565275,0.30595703125,0.2,0.0003,-0.016191381961107254,0.5454698801040649,-0.5699636293947696,-0.023669130450580268,0.1991179383918643
4,17889280,20,1000,34930,0.087086186,0.28861328125,0.2,0.0003,-0.007314305752515793,0.5271549224853516,-0.47662042155861856,-0.025040110831614584,0.14366384556517006
5,17894400,26,977,34940,0.07359855,0.2859375,0.2,0.0003,-0.0040608979761600494,0.5754180550575256,-0.5086821153759956,-0.02798493141774088,0.16437078736722469
6,17899520,32,950,34950,0.07286851,0.2833984375,0.2,0.0003,-0.022298049181699753,0.6467058658599854,-0.5483605764806271,-0.027956584820058198,0.15922252792865038
7,17904640,38,932,34960,0.09092897,0.28576171875,0.2,0.0003,-0.043077144771814346,0.5393728613853455,-0.5211825841665267,-0.027782316654920577,0.13182845890522002
8,17909760,44,916,34970,0.083894074,0.29765625,0.2,0.0003,-0.03527204692363739,0.5621245503425598,-0.4988480934500694,-0.030661938823759557,0.13555307483300566
9,17914880,50,910,34980,0.089191265,0.305,0.2,0.0003,-0.042173780500888824,0.39589923620224,-0.559766316562891,-0.02758142136503011,0.1616387984342873
10,17920000,56,903,34990,0.068216786,0.288515625,0.2,0.0003,-0.023181036114692688,0.5131091475486755,-0.5219353444874286,-0.029202434194739908,0.17248497046530248
1,17925120,3,1704,35000,0.10234734,0.2983203125,0.2,0.0003,-0.03582799807190895,0.43279993534088135,-0.5304539611935616,-0.0318846941832453,0.15826821684837342
2,17930240,9,1100,35010,0.07931633,0.29765625,0.2,0.0003,-0.03188768029212952,0.45270711183547974,-0.5192785653471946,-0.027336284841876477,0.13654429970309137
3,17935360,15,966,35020,0.07575623,0.29548828125,0.2,0.0003,-0.019611304625868797,0.58135986328125,-0.5466376525163651,-0.027963912428822367,0.14851811915636062
4,17940480,21,936,35030,0.06868712,0.2921875,0.2,0.0003,-0.00546598806977272,0.4366225600242615,-0.5713623043894768,-0.02751188589259982,0.1722052462771535
5,17945600,27,916,35040,0.073426634,0.2954296875,0.2,0.0003,-0.0142347551882267,0.4721442461013794,-0.5721293458342552,-0.02780966880498454,0.15985941454768182
6,17950720,34,889,35050,0.08324455,0.30291015625,0.2,0.0003,-0.0058704763650894165,0.48956823348999023,-0.5141354824602604,-0.028621863736771048,0.1234199241362512
7,17955840,40,883,35060,0.07491014,0.29001953125,0.2,0.0003,-0.027418361976742744,0.6973885297775269,-0.5198520392179489,-0.028522673384286462,0.10952613022178412
8,17960960,46,883,35070,0.07239099,0.29125,0.2,0.0003,-0.010468319058418274,0.7088249921798706,-0.5007467114925385,-0.030324502405710517,0.12036797294393181
9,17966080,52,876,35080,0.07614571,0.2896484375,0.2,0.0003,-0.044080447405576706,0.6171483993530273,-0.5105524815618991,-0.02881935636512935,0.12925044840201735
10,17971200,58,873,35090,0.07572852,0.2897265625,0.2,0.0003,-0.01906541734933853,0.5761852264404297,-0.529793177396059,-0.028942932193167507,0.1671191262640059
1,17976320,2,1739,35100,0.096997984,0.30115234375,0.2,0.0003,-0.03551249951124191,0.5500853657722473,-0.4780661465227604,-0.02789091314887628,0.1166111570596695
2,17981440,9,1128,35110,0.079823166,0.291640625,0.2,0.0003,-0.020611373707652092,0.525223970413208,-0.5334251947700978,-0.028346590336877853,0.10898985808715224
3,17986560,15,1018,35120,0.07539914,0.30537109375,0.2,0.0003,-0.047053366899490356,0.5746454000473022,-0.5636100688576698,-0.03230932269245386,0.13227549325674773
4,17991680,21,961,35130,0.07440254,0.29828125,0.2,0.0003,-0.017013587057590485,0.6412056088447571,-0.5193366539478302,-0.028619118141941725,0.15716593902558088
5,17996800,27,919,35140,0.0731645,0.2874609375,0.2,0.0003,-0.01489264890551567,0.5964659452438354,-0.5008715735375882,-0.03132965615950525,0.1235283318348229
6,18001920,34,898,35150,0.08057994,0.2873828125,0.2,0.0003,-0.029267240315675735,0.5449312925338745,-0.5328570255637168,-0.02985760379116982,0.14923990659415723
7,18007040,40,889,35160,0.082041994,0.2831640625,0.2,0.0003,-0.026008974760770798,0.43482500314712524,-0.482312281280756,-0.024228201010264457,0.14834895284846425
8,18012160,46,885,35170,0.08341966,0.28029296875,0.2,0.0003,-0.04474456235766411,0.6032723188400269,-0.4880400060117245,-0.02804861791897565,0.1068351604603231
9,18017280,52,878,35180,0.075436465,0.30359375,0.2,0.0003,-0.02293006330728531,0.6631591320037842,-0.5857769918441772,-0.03161619843216613,0.14157031927257777
10,18022400,58,876,35190,0.07118417,0.3128125,0.2,0.0003,-0.02991563454270363,0.7276691198348999,-0.6185130903124809,-0.023463071985170246,0.14520983926951886
1,18027520,2,1781,35200,0.076624975,0.30349609375,0.2,0.0003,-0.029200486838817596,0.5747064352035522,-0.575474956035614,-0.027151885849889368,0.16794253008440138
2,18032640,9,1083,35210,0.07250271,0.30689453125,0.2,0.0003,-0.0277548935264349,0.630142867565155,-0.5664207381010056,-0.028317858234513552,0.13521699115633964
3,18037760,17,854,35220,0.082421534,0.29736328125,0.2,0.0003,-0.019670557230710983,0.5634205937385559,-0.5372165784239769,-0.02854160581249744,0.1564950979873538
4,18042880,25,798,35230,0.07138674,0.2908203125,0.2,0.0003,-0.03485661372542381,0.5883100032806396,-0.5437828214466571,-0.030771673121489585,0.11841237723827362
5,18048000,33,769,35240,0.067073345,0.29255859375,0.2,0.0003,-0.026508096605539322,0.6230518221855164,-0.5587792974710465,-0.0306552047887817,0.15908288903534412
6,18053120,41,742,35250,0.075738385,0.30845703125,0.2,0.0003,-0.03488725423812866,0.7250428795814514,-0.6083504661917687,-0.029204217502847313,0.14388402288779617
7,18058240,49,729,35260,0.06810732,0.2991796875,0.2,0.0003,-0.010111652314662933,0.699493408203125,-0.5845088735222816,-0.030517913678195327,0.18883930657058953
8,18063360,56,721,35270,0.07532042,0.3019921875,0.2,0.0003,-0.020868659019470215,0.6272662281990051,-0.5582812444865703,-0.026808099208865316,0.16837776470929383
9,18068480,64,714,35280,0.08300341,0.31828125,0.2,0.0003,-0.031492095440626144,0.6437103152275085,-0.6069709143042564,-0.03018821553327143,0.15263945028185844
10,18073600,72,703,35290,0.08732365,0.28984375,0.2,0.0003,-0.01831691339612007,0.3174460530281067,-0.495687166005373,-0.023030786600429565,0.13359914081171154
1,18078720,4,1207,35300,0.08688934,0.32076171875,0.2,0.0003,-0.04316845163702965,0.4726773500442505,-0.5531099317967891,-0.026876390678808093,0.13507577119395137
2,18083840,12,840,35310,0.078338936,0.2895703125,0.2,0.0003,-0.01914333552122116,0.49644213914871216,-0.5069446417689324,-0.02676846036221832,0.1178734302893281
3,18088960,20,762,35320,0.0746854,0.293359375,0.2,0.0003,-0.02556324377655983,0.5321571826934814,-0.5000126311182975,-0.028117574220523238,0.11224920453503728
4,18094080,28,730,35330,0.0743545,0.3040625,0.2,0.0003,-0.043200016021728516,0.5750477313995361,-0.5546894678473473,-0.029324658236000688,0.12846065467223525
5,18099200,34,737,35340,0.079019666,0.29306640625,0.2,0.0003,-0.037708185613155365,0.624792218208313,-0.5152233186364173,-0.03141390965785831,0.11787263249978423
