rollout/ep_rew_mean,time/fps,time/iterations,rollout/ep_len_mean,time/total_timesteps,time/time_elapsed,train/n_updates,train/loss,train/learning_rate,train/explained_variance,train/entropy_loss,train/clip_range,train/clip_fraction,train/policy_gradient_loss,train/approx_kl,train/value_loss,curriculum/stage,train/ent_coef,curriculum/grid_size,curriculum/obs_quantity,curriculum/preferred_eval_mode,train/stage_learning_rate,curriculum/stage_timesteps,curriculum/max_steps,eval/stage_timesteps,eval/full_coverage_rate,eval/std_reward,eval/stage,eval/std_ep_length,eval/deterministic,eval/mean_ep_length,eval/mean_reward,eval/diagnostic_full_coverage_rate,eval/deterministic_quality_passed,eval/quality_promotion_passed,eval/promotion_max_mean_length,eval/promotion_min_mean_reward,eval/stochastic_quality_passed,eval/coverage_promotion_passed,eval/promotion_full_coverage_rate,eval/deterministic_promotion_floor,eval/mode_gap,eval/deterministic_full_coverage_rate,eval/stochastic_full_coverage_rate,eval/promotion_passed
-2.229496479034424,1731,1,183.1,2560,1,,,,,,,,,,,,,,,,,,,,,,,,,,,,,,,,,,,,,,,
-1.745607614517212,296,2,178.30434782608697,5120,17,5,4.108357906341553,3.5e-05,-0.0018582344055175781,-1.3861221492290496,0.105,0.0,-0.0007252399786375464,0.00039425003,1.5344672469794751,,,,,,,,,,,,,,,,,,,,,,,,,,,,,
-1.5898144245147705,240,3,177.82051282051282,7680,31,10,0.05638188123703003,3.5e-05,0.01516580581665039,-1.3850878059864045,0.105,0.0,-0.0012508938740938903,0.00076299655,1.171983809545636,,,,,,,,,,,,,,,,,,,,,,,,,,,,,
-1.0964245796203613,225,4,176.22222222222223,10240,45,15,1.9247952699661255,3.5e-05,0.00888967514038086,-1.3856304025650024,0.105,0.030390625,-0.0031373021192848682,0.00236655,1.452329226434231,,,,,,,,,,,,,,,,,,,,,,,,,,,,,
-0.940602719783783,209,5,175.0441176470588,12800,61,20,0.057818010449409485,3.5e-05,0.02614670991897583,-1.3850261545181275,0.105,0.0,-0.0012923832144588231,0.0012119731,1.6136393151059747,,,,,,,,,,,,,,,,,,,,,,,,,,,,,
-1.4982268810272217,211,6,178.34146341463415,15360,72,25,0.05367431044578552,3.5e-05,0.04316532611846924,-1.384550769329071,0.105,0.010234375,-0.0012666200241073966,0.0017873037,1.309927574172616,,,,,,,,,,,,,,,,,,,,,,,,,,,,,
-1.478704571723938,214,7,178.83157894736843,17920,83,30,1.2936837673187256,3.5e-05,0.08874577283859253,-1.3836310398578644,0.105,0.024609375,-0.002575961761176586,0.0020407545,0.5421877198852598,,,,,,,,,,,,,,,,,,,,,,,,,,,,,
-1.3322808742523193,213,8,178.15,20480,95,35,0.04552904888987541,3.5e-05,0.07511299848556519,-1.378093558549881,0.105,0.05796875,-0.0031058920081704854,0.0030220456,0.9012694784253835,,,,,,,,,,,,,,,,,,,,,,,,,,,,,
-0.9433598518371582,2707,1,177.84,23040,0,40,0.022468939423561096,3.5e-05,0.06250613927841187,-1.3724703013896942,0.105,0.03953125,-0.003467487692832947,0.0020444493,1.294986714757979,1,0.015,5,3,0,7e-05,0,200,,,,,,,,,,,,,,,,,,,,,
-0.9004524350166321,451,2,179.47,25600,11,45,1.5212966203689575,7e-05,0.03616446256637573,-1.368418310880661,0.15,0.068671875,-0.0037756389938294888,0.0034615728,1.6853021466359497,,,,,,,,,,,,,,,,,,,,,,,,,,,,,
-0.5905492305755615,313,3,177.26,28160,24,50,0.10774257779121399,7e-05,0.04381901025772095,-1.3597558975219726,0.15,0.095390625,-0.0050666935183107855,0.006311202,0.9704681197553873,,,,,,,,,,,,,,,,,,,,,,,,,,,,,
-0.15694959461688995,279,4,174.17,30720,36,55,1.3276886940002441,7e-05,0.05329197645187378,-1.347715094089508,0.15,0.077890625,-0.0016648685000836849,0.0042492975,1.9985421462357045,,,,,,,,,,,,,,,,,,,,,,,,,,,,,
0.8590681552886963,261,5,167.1,33280,48,60,1.5636577606201172,7e-05,0.07856327295303345,-1.3347349309921264,0.15,0.094921875,-0.005490900063887238,0.005169582,1.8497412347793578,,,,,,,,,,,,,,,,,,,,,,,,,,,,,
1.472577691078186,250,6,162.16,35840,61,65,0.48670151829719543,7e-05,0.058723628520965576,-1.3347921872138977,0.15,0.056171875,-0.0011735187005251647,0.0041518845,1.6708400185406207,,,,,,,,,,,,,,,,,,,,,,,,,,,,,
1.5991133451461792,246,7,161.26,38400,72,70,0.12891876697540283,7e-05,0.13833385705947876,-1.3247096741199493,0.15,0.048671875,-0.001919620679691434,0.0027601614,1.4523851393535734,,,,,,,,,,,,,,,,,,,,,,,,,,,,,
2.0295298099517822,247,8,158.19,40960,82,75,0.03639814257621765,7e-05,0.06496071815490723,-1.318073261976242,0.15,0.109765625,-0.004689420992508531,0.00645323,1.1568770288676022,,,,,,,,,,,,,,,,,,,,,,,,,,,,,
2.3417322635650635,244,9,155.39,43520,94,80,1.1630024909973145,7e-05,0.026880621910095215,-1.3009136140346527,0.15,0.145859375,-0.006844297987408936,0.0066122776,1.2783085764199495,,,,,,,,,,,,,,,,,,,,,,,,,,,,,
2.8173410892486572,243,10,153.09,46080,105,85,1.0038033723831177,7e-05,0.060624897480010986,-1.2921374332904816,0.15,0.171796875,-0.0070332849677652125,0.005858203,1.468113698810339,,,,,,,,,,,,,,,,,,,,,,,,,,,,,
3.58024525642395,2585,1,144.69,48640,0,90,0.6054469347000122,7e-05,0.13771992921829224,-1.2808730232715606,0.15,0.11984375,-0.0027459421660751106,0.003992264,1.2832130891084672,1,0.011415999999999999,5,3,0,7e-05,25600,200,,,,,,,,,,,,,,,,,,,,,
4.121992111206055,342,2,138.79,51200,14,95,0.4640492796897888,7e-05,0.17801856994628906,-1.2629125714302063,0.15,0.1025,-0.004658261025324464,0.005638775,1.4423504605889321,,,,,,,,,,,,,,,,,,,,,,,,,,,,,
4.536935329437256,268,3,132.65,53760,28,100,0.15665696561336517,7e-05,0.2252274751663208,-1.2566177570819854,0.15,0.07734375,-0.00398027628660202,0.0037576382,0.9249275311827659,,,,,,,,,,,,,,,,,,,,,,,,,,,,,
4.672826766967773,246,4,129.28,56320,41,105,1.2407770156860352,7e-05,0.14506059885025024,-1.2460346257686614,0.15,0.145625,-0.00113861252553761,0.005573838,1.101411565542221,,,,,,,,,,,,,,,,,,,,,,,,,,,,,
5.109554290771484,261,5,121.16,58880,48,108,0.16760291159152985,7e-05,0.17343413829803467,-1.240619956178868,0.15,0.1683843085106383,-0.00047440047157888714,0.0129863685,1.0841288496839239,,,,,,,,,,,,,,,,,,,,,,,,,,,,,
4.604273796081543,249,6,127.91,61440,61,113,0.9357202053070068,7e-05,0.10687708854675293,-1.2186179673671722,0.15,0.112109375,-0.0016877451911568643,0.008056695,1.304563172608614,,,,,,,,,,,,,,,,,,,,,,,,,,,,,
4.827157974243164,240,7,121.66,64000,74,118,0.9430932402610779,7e-05,0.05611628293991089,-1.231890983581543,0.15,0.16734375,-0.002179717905819416,0.00850793,0.6574257385730743,,,,,,,,,,,,,,,,,,,,,,,,,,,,,
5.484208583831787,235,8,113.18,66560,86,123,0.12715838849544525,7e-05,0.10668164491653442,-1.2089601147174835,0.15,0.164921875,-0.004310787105932832,0.0051021883,1.0086782190203667,,,,,,,,,,,,,,,,,,,,,,,,,,,,,
5.914173126220703,230,9,108.25,69120,99,128,0.5385923385620117,7e-05,0.06379520893096924,-1.2017603147029876,0.15,0.1396875,-0.006995906364172697,0.009094186,1.1603040993213654,,,,,,,,,,,,,,,,,,,,,,,,,,,,,
6.324329376220703,223,10,101.13,71680,114,133,0.5042694807052612,7e-05,0.16675907373428345,-1.17859397649765,0.15,0.16484375,-0.00836505252867937,0.007766365,0.725232885479927,,,,,,,,,,,,,,,,,,,,,,,,,,,,,
6.694671630859375,2789,1,95.91,74240,0,138,0.2998722493648529,7e-05,0.15681058168411255,-1.1499847269058228,0.15,0.135,-0.005742724742740393,0.006626499,0.611443313062191,1,0.007832,5,3,0,7e-05,51200,200,,,,,,,,,,,,,,,,,,,,,
6.671677112579346,369,2,95.44,76800,13,143,0.43364623188972473,7e-05,0.15303528308868408,-1.1248209607601165,0.15,0.156796875,-0.007674463745206595,0.0075985217,0.4874344201385975,,,,,,,,,,,,,,,,,,,,,,,,,,,,,
6.404386520385742,287,3,98.35,79360,26,148,0.2653556764125824,7e-05,0.20894694328308105,-1.0999008452892303,0.15,0.1978125,-0.0010660620406270026,0.010859333,0.5824672017991542,,,,,,,,,,,,,,,,,,,,,,,,,,,,,
6.762929916381836,268,4,90.3,81920,38,153,0.3733501434326172,7e-05,0.29549992084503174,-1.1086570978164674,0.15,0.134296875,-0.004868842018768191,0.004468303,0.6632037218660116,,,,,,,,,,,,,,,,,,,,,,,,,,,,,
7.164040565490723,256,5,84.21,84480,49,158,0.15227508544921875,7e-05,0.29250121116638184,-1.0651250773668288,0.15,0.13703125,-0.007970732254907489,0.007010865,0.46855813041329386,,,,,,,,,,,,,,,,,,,,,,,,,,,,,
7.511429309844971,245,6,75.16,87040,62,163,0.10526815056800842,7e-05,0.24268114566802979,-1.0464494687318802,0.15,0.159296875,-0.003915267223492265,0.0077374326,0.5172547754645348,,,,,,,,,,,,,,,,,,,,,,,,,,,,,
7.8589911460876465,270,7,68.64,89600,66,165,0.17978492379188538,7e-05,0.1127888560295105,-1.0458428522814875,0.15,0.13926630434782608,0.0025662991177776585,0.017660135,0.4292327308136484,,,,,,,,,,,,,,,,,,,,,,,,,,,,,
8.086041450500488,264,8,65.25,92160,77,170,0.04169383645057678,7e-05,0.38512009382247925,-0.9712776154279709,0.15,0.189453125,-0.007603138256818056,0.008916837,0.22419507697224617,,,,,,,,,,,,,,,,,,,,,,,,,,,,,
8.366863250732422,258,9,59.6,94720,89,175,0.11312616616487503,7e-05,0.29874086380004883,-0.9338911360502243,0.15,0.169375,-0.007445503808557987,0.009392239,0.17374811001121998,,,,,,,,,,,,,,,,,,,,,,,,,,,,,
8.39956283569336,253,10,58.75,97280,100,180,0.06554825603961945,7e-05,0.4749944806098938,-0.9347804462909699,0.15,0.16359375,-0.006531844874843955,0.0075638453,0.22532375454902648,,,,,,,,,,,,,,,,,,,,,,,,,,,,,
8.444942474365234,2285,1,58.02,99840,1,185,0.05312927067279816,7e-05,0.5313684344291687,-0.9021792274713516,0.15,0.15890625,-0.002287964392453432,0.010556492,0.19603506155312062,1,0.004248,5,3,0,7e-05,76800,200,,,,,,,,,,,,,,,,,,,,,
8.413580894470215,383,2,55.95,102400,13,190,0.07942412793636322,7e-05,0.5446699261665344,-0.877367509007454,0.15,0.15609375,-0.0031334703881293535,0.0069669993,0.2398143507540226,,,,,,,,,,,,,,,,,,,,,,,,,,,,,
8.31479263305664,288,3,58.05,104960,26,195,0.10013959556818008,7e-05,0.5855321884155273,-0.8814308792352676,0.15,0.176484375,-0.005140010109171271,0.011167508,0.21460882171988488,,,,,,,,,,,,,,,,,,,,,,,,,,,,,
8.372025489807129,262,4,57.74,107520,38,200,0.019624944776296616,7e-05,0.6217623949050903,-0.8439430099725723,0.15,0.178359375,-0.0010825883224606515,0.0057181013,0.1520678747072816,,,,,,,,,,,,,,,,,,,,,,,,,,,,,
8.626863479614258,254,5,52.92,110080,50,205,0.04213676601648331,7e-05,0.6700329780578613,-0.817045869231224,0.15,0.16859375,-0.0033295083325356246,0.0073070885,0.17211581863462924,,,,,,,,,,,,,,,,,,,,,,,,,,,,,
8.694010734558105,271,6,49.22,112640,56,208,0.07220867276191711,7e-05,0.7040113210678101,-0.751663724923956,0.15,0.16042564655172414,-0.0015804827020599924,0.011347656,0.15653589676166402,,,,,,,,,,,,,,,,,,,,,,,,,,,,,
8.534660339355469,282,7,49.29,115200,63,211,0.2539214789867401,7e-05,0.5499097108840942,-0.7254079428586093,0.15,0.17017045454545454,-0.0020970031788403337,0.013180482,0.22421595880931075,,,,,,,,,,,,,,,,,,,,,,,,,,,,,
8.708967208862305,276,8,44.95,117760,74,216,0.035450078547000885,7e-05,0.5939151048660278,-0.6775385075807572,0.15,0.1584375,-0.005807843590155244,0.0089227725,0.2122186142206192,,,,,,,,,,,,,,,,,,,,,,,,,,,,,
8.981460571289062,283,9,43.65,120320,81,220,0.06297352910041809,7e-05,0.4805631637573242,-0.6389184149106344,0.15,0.1421875,-0.0017869813864429792,0.011951925,0.0843545929590861,,,,,,,,,,,,,,,,,,,,,,,,,,,,,
8.932488441467285,303,10,44.14,122880,84,222,0.06678315997123718,7e-05,0.6424303650856018,-0.6419508890672163,0.15,0.11789772727272728,0.001412886194884777,0.023603419,0.10860087536275387,,,,,,,,,,,,,,,,,,,,,,,,,,,,,
,,,,,,223,0.1919040083885193,7e-05,0.656083345413208,-0.623528924855319,0.15,0.125,0.006254779767583717,0.006647706,0.15059987184676257,,,,,,,,,102400,1.0,0.6764667444547228,1,18.4733213039778,0,42.58,8.96301124572754,,,,,,,,,,,,,
,,,,,,,,,,,,,,,,,,,,,,,,102400,0.85,6.213345830950878,1,60.10635490528434,1,57.69,7.049823458343744,,,,,,,,,,,,,
,,,,,,,,,,,,,,,,,,,,,,,,102400,,,1,,,,,1.0,0,0,32.5,6.75,0,1,1.0,0.0,0.15000000000000002,0.85,1.0,1
,,,,,,,,,,,,,,,,,,,,,,,,102400,0.99,1.146853818701711,1,24.03881028670096,0,45.34,8.83343895792961,,,,,,,,,,,,,
,,,,,,,,,,,,,,,,,,,,,,,,102400,0.91,4.431132651067141,1,48.210563157880664,1,48.04,8.031811567395925,,,,,,,,,,,,,
,,,,,,,,,,,,,,,,,,,,,,,,102400,,,1,,,,,0.99,0,0,32.5,6.75,0,1,0.99,0.0,0.07999999999999996,0.91,0.99,1
,,,,,,,,,,,,,,,,,,,,,,,,102400,1.0,0.6195225348066942,1,18.933766133550925,0,44.85,8.90298279762268,,,,,,,,,,,,,
,,,,,,,,,,,,,,,,,,,,,,,,102400,0.86,8.830524126074184,1,58.34833673721985,1,56.46,5.828588275909424,,,,,,,,,,,,,
,,,,,,,,,,,,,,,,,,,,,,,,102400,,,1,,,,,1.0,0,0,32.5,6.75,0,1,1.0,0.0,0.14,0.86,1.0,1
8.950597763061523,1770,1,54.02,125440,1,,,,,,,,,,,,,,,,,,,,,,,,,,,,,,,,,,,,,,,
8.719698905944824,316,2,70.37,128000,16,228,1.1694332361221313,3.5e-05,0.18185639381408691,-0.6926993525028229,0.105,0.1184375,-0.0021697500348091124,0.0026291942,2.533206116557121,,,,,,,,,,,,,,,,,,,,,,,,,,,,,
8.26613998413086,303,3,95.16,130560,25,233,0.07518036663532257,3.5e-05,0.4201410412788391,-0.7770341253280639,0.105,0.230859375,0.006394580043852329,0.0051794862,0.722346811965108,,,,,,,,,,,,,,,,,,,,,,,,,,,,,
8.088964462280273,277,4,113.51,133120,36,238,1.1734493970870972,3.5e-05,0.32151734828948975,-0.7836377018690109,0.105,0.1790625,0.0019433920923620463,0.003331431,0.7853011881560087,,,,,,,,,,,,,,,,,,,,,,,,,,,,,
7.800375938415527,263,5,135.47,135680,48,243,0.16215592622756958,3.5e-05,0.20812666416168213,-0.7197055226564407,0.105,0.162890625,-0.001332426145672798,0.0032736517,0.6540387849509716,,,,,,,,,,,,,,,,,,,,,,,,,,,,,
7.642271041870117,258,6,155.8,138240,59,248,0.24480745196342468,3.5e-05,0.2541466951370239,-0.7320609706640243,0.105,0.181484375,0.001617061672732234,0.0058449246,0.5515336881577969,,,,,,,,,,,,,,,,,,,,,,,,,,,,,
7.425589561462402,251,7,174.23,140800,71,253,0.5898874998092651,3.5e-05,0.15385091304779053,-0.7128467047214508,0.105,0.123359375,-0.001533803418278694,0.003250348,0.8850997951626778,,,,,,,,,,,,,,,,,,,,,,,,,,,,,
7.074362277984619,247,8,194.6,143360,82,258,0.5405057072639465,3.5e-05,0.22540879249572754,-0.7176016622781753,0.105,0.12671875,-0.002240942157804966,0.0042954646,0.6860686002671719,,,,,,,,,,,,,,,,,,,,,,,,,,,,,
6.719885349273682,2952,1,207.01,145920,0,263,0.17453713715076447,3.5e-05,0.02667820453643799,-0.7374109494686126,0.105,0.1365625,-0.0020344684552401305,0.004935554,0.4642611976712942,2,0.006,8,8,0,7e-05,0,320,,,,,,,,,,,,,,,,,,,,,
6.956009387969971,2249,2,200.07,148480,2,264,0.3583441972732544,7e-05,0.141066312789917,-0.707420814037323,0.15,0.1265625,0.002256394550204277,0.0082686115,0.5469215512275696,,,,,,,,,,,,,,,,,,,,,,,,,,,,,
7.135098457336426,1067,3,193.35,151040,7,267,0.1366899311542511,7e-05,0.20864593982696533,-0.6945941186532741,0.15,0.16063262195121952,0.00280942431673771,0.031253785,0.6759071019364566,,,,,,,,,,,,,,,,,,,,,,,,,,,,,
7.295228481292725,500,4,186.55,153600,20,272,0.16945670545101166,7e-05,0.18901699781417847,-0.6671474486589432,0.15,0.149609375,-0.002309423703700304,0.009245518,0.6983572009205818,,,,,,,,,,,,,,,,,,,,,,,,,,,,,
7.357659816741943,403,5,181.86,156160,31,277,0.3431541323661804,7e-05,0.17724400758743286,-0.6451615279912949,0.15,0.126640625,-0.0029081198293715717,0.0080218855,0.822652696967125,,,,,,,,,,,,,,,,,,,,,,,,,,,,,
7.427854061126709,450,6,181.64,158720,34,278,0.6050637364387512,7e-05,0.22582674026489258,-0.6500546468628777,0.15,0.1623263888888889,0.006130447145551443,0.008621158,0.7162486662467321,,,,,,,,,,,,,,,,,,,,,,,,,,,,,
7.955240249633789,491,7,168.41,161280,36,279,0.6141711473464966,7e-05,0.25034940242767334,-0.6392647922039032,0.15,0.07161458333333333,0.005705570957312982,0.005324675,0.5127951254447302,,,,,,,,,,,,,,,,,,,,,,,,,,,,,
7.996799945831299,428,8,170.41,163840,47,284,0.14639145135879517,7e-05,0.29525941610336304,-0.6467623680830001,0.15,0.14171875,-0.0009357087779790163,0.0084574055,0.43718389127403495,,,,,,,,,,,,,,,,,,,,,,,,,,,,,
8.134096145629883,423,9,166.19,166400,54,288,0.12760722637176514,7e-05,0.1851966381072998,-0.6573334111541999,0.15,0.15637807377049182,0.003000938333570957,0.030407881,0.31425776234904274,,,,,,,,,,,,,,,,,,,,,,,,,,,,,
8.157608985900879,425,10,165.11,168960,60,290,0.5128921270370483,7e-05,0.2756415009498596,-0.6490243400136629,0.15,0.12076822916666667,0.003320666883761684,0.022375314,0.5302633432050546,,,,,,,,,,,,,,,,,,,,,,,,,,,,,
8.293999671936035,2380,1,162.39,171520,1,292,0.20023168623447418,7e-05,0.27434730529785156,-0.6205259176992601,0.15,0.13155241935483872,0.004025144322264579,0.012883037,0.4362246249952624,2,0.005573333333333334,8,8,0,7e-05,25600,320,,,,,,,,,,,,,,,,,,,,,
8.180262565612793,1746,2,165.46,174080,2,293,0.27078524231910706,7e-05,0.2798311114311218,-0.6271138446671622,0.15,0.15625,0.004779829776712826,0.011648527,0.35209766030311584,,,,,,,,,,,,,,,,,,,,,,,,,,,,,
8.07913589477539,516,3,166.85,176640,14,298,0.1558598130941391,7e-05,0.22922492027282715,-0.6315236353874206,0.15,0.1490625,-0.0026527743972837923,0.009682519,0.32107233375310895,,,,,,,,,,,,,,,,,,,,,,,,,,,,,
8.172207832336426,374,4,162.79,179200,27,303,0.2692683935165405,7e-05,0.23398149013519287,-0.6139595316302392,0.15,0.17162298387096775,0.0006400173209527487,0.01370819,0.5443724493185679,,,,,,,,,,,,,,,,,,,,,,,,,,,,,
8.253244400024414,368,5,159.35,181760,34,307,0.34228515625,7e-05,0.3375728726387024,-0.5923339147120714,0.15,0.1612548828125,0.0023467205464839935,0.015307987,0.4342043058713898,,,,,,,,,,,,,,,,,,,,,,,,,,,,,
8.04122257232666,374,6,163.74,184320,41,310,0.15009544789791107,7e-05,0.426608681678772,-0.5717882690606294,0.15,0.16767939814814814,0.0019866598218127533,0.010159584,0.3842852704778866,,,,,,,,,,,,,,,,,,,,,,,,,,,,,
7.714880466461182,386,7,171.88,186880,46,313,0.1812325417995453,7e-05,0.5108999013900757,-0.5728947892785072,0.15,0.13050426136363635,0.00014361531727693298,0.019062344,0.36783290485089476,,,,,,,,,,,,,,,,,,,,,,,,,,,,,
7.946615695953369,367,8,163.96,189440,55,318,0.143452450633049,7e-05,0.33225780725479126,-0.6018876451253891,0.15,0.13578125,-0.00053986806422472,0.008892409,0.42581422843039035,,,,,,,,,,,,,,,,,,,,,,,,,,,,,
7.931678295135498,350,9,163.42,192000,65,322,0.17256216704845428,7e-05,0.3696497678756714,-0.5300677652294571,0.15,0.1545608108108108,0.0010021437978925737,0.013604755,0.370351682140215,,,,,,,,,,,,,,,,,,,,,,,,,,,,,
7.985779285430908,356,10,161.31,194560,71,325,0.14397022128105164,7e-05,0.4333171844482422,-0.5580567413568497,0.15,0.111875,0.0028549782373011113,0.0088213375,0.40391948536038397,,,,,,,,,,,,,,,,,,,,,,,,,,,,,
7.98780632019043,2909,1,160.62,197120,0,326,0.1971016824245453,7e-05,0.3533349633216858,-0.5236212134361267,0.15,0.14765625,0.005845609353855252,0.011955033,0.3131703034043312,2,0.005146666666666667,8,8,0,7e-05,51200,320,,,,,,,,,,,,,,,,,,,,,
7.8801798820495605,887,2,163.14,199680,5,328,0.29511356353759766,7e-05,0.4706363081932068,-0.5489341773092746,0.15,0.1271484375,0.0011246081674471497,0.009595709,0.38054660633206366,,,,,,,,,,,,,,,,,,,,,,,,,,,,,
8.139644622802734,716,3,153.15,202240,10,331,0.2903083860874176,7e-05,0.45344865322113037,-0.6038878207856958,0.15,0.15784801136363635,0.004711662207476117,0.025044093,0.4230191223323345,,,,,,,,,,,,,,,,,,,,,,,,,,,,,
8.167502403259277,730,4,156.46,204800,14,332,0.9218745827674866,7e-05,0.4195489287376404,-0.5534768057496924,0.15,0.12746710526315788,0.002919578091486504,0.0077464394,0.3858417092185271,,,,,,,,,,,,,,,,,,,,,,,,,,,,,
8.119790077209473,685,5,157.3,207360,18,334,0.15545381605625153,7e-05,0.48858755826950073,-0.5664690725505352,0.15,0.140234375,0.0047401525545865296,0.012700248,0.33373125120997427,,,,,,,,,,,,,,,,,,,,,,,,,,,,,
8.336074829101562,480,6,153.11,209920,31,339,0.11261880397796631,7e-05,0.37544703483581543,-0.5215059250593186,0.15,0.14609375,0.0004148273169994354,0.010749272,0.37495018288493154,,,,,,,,,,,,,,,,,,,,,,,,,,,,,
8.550554275512695,405,7,146.43,212480,44,344,0.28026363253593445,7e-05,0.4908212423324585,-0.49856857538223265,0.15,0.126875,-0.0018966587446630002,0.0079327235,0.27985211335122584,,,,,,,,,,,,,,,,,,,,,,,,,,,,,
8.658970832824707,429,8,145.91,215040,47,346,0.43324050307273865,7e-05,0.5042448043823242,-0.5369874568922179,0.15,0.10267857142857142,0.00259109287123595,0.009615617,0.3886494152247906,,,,,,,,,,,,,,,,,,,,,,,,,,,,,
8.790053367614746,455,9,141.0,217600,50,347,0.1463925689458847,7e-05,0.5085033178329468,-0.4996061693219578,0.15,0.0625,0.006108729442691102,0.0045173904,0.3449620245134129,,,,,,,,,,,,,,,,,,,,,,,,,,,,,
8.779266357421875,477,10,141.75,220160,53,348,0.5096814632415771,7e-05,0.4605328440666199,-0.49670692616038853,0.15,0.09331597222222222,0.005785180048810111,0.005349661,0.3517722458475166,,,,,,,,,,,,,,,,,,,,,,,,,,,,,
8.663381576538086,2580,1,148.11,222720,0,351,0.15400463342666626,7e-05,0.4973068833351135,-0.5212203685579628,0.15,0.12931034482758622,0.002855019884762065,0.011259558,0.3427914148517724,2,0.00472,8,8,0,7e-05,76800,320,,,,,,,,,,,,,,,,,,,,,
8.47311019897461,520,2,152.5,225280,9,356,0.16400563716888428,7e-05,0.44866108894348145,-0.5457769802212715,0.15,0.129453125,-0.0007354160863906145,0.007108277,0.2876640219986439,,,,,,,,,,,,,,,,,,,,,,,,,,,,,
8.390059471130371,384,3,156.11,227840,19,361,0.13926826417446136,7e-05,0.4394427537918091,-0.47987229029337564,0.15,0.11961805555555556,6.883275798625416e-05,0.009559458,0.3129194716612498,,,,,,,,,,,,,,,,,,,,,,,,,,,,,
8.553232192993164,339,4,153.85,230400,30,366,0.40725427865982056,7e-05,0.46479302644729614,-0.5044875285029411,0.15,0.134609375,-0.0023077914863824846,0.011964003,0.3726644364744425,,,,,,,,,,,,,,,,,,,,,,,,,,,,,
8.292670249938965,305,5,161.72,232960,41,371,0.1386190801858902,7e-05,0.3677295446395874,-0.5140138453245163,0.15,0.13,0.0006220599263906479,0.0071371854,0.34346490919589995,,,,,,,,,,,,,,,,,,,,,,,,,,,,,
8.303570747375488,332,6,159.75,235520,46,373,0.2637561857700348,7e-05,0.4042840600013733,-0.5149108077798571,0.15,0.1171875,1.1297475014414107e-05,0.008116034,0.42602795149598804,,,,,,,,,,,,,,,,,,,,,,,,,,,,,
8.526082992553711,316,7,149.31,238080,56,378,0.26395338773727417,7e-05,0.16077029705047607,-0.4955156672568548,0.15,0.13718377976190477,0.00016871019310894466,0.022503238,0.3930854261631057,,,,,,,,,,,,,,,,,,,,,,,,,,,,,
8.380410194396973,304,8,151.87,240640,67,383,0.1534970998764038,7e-05,0.22404706478118896,-0.49052696355751585,0.15,0.14588647959183673,0.002119293317616898,0.010712753,0.3572694954975527,,,,,,,,,,,,,,,,,,,,,,,,,,,,,
8.524726867675781,325,9,147.63,243200,70,385,0.13658787310123444,7e-05,0.35357779264450073,-0.5031469590388812,0.15,0.18299278846153846,0.00828997203363822,0.018998027,0.28066899871023804,,,,,,,,,,,,,,,,,,,,,,,,,,,,,
8.317805290222168,326,10,152.87,245760,78,389,0.20317527651786804,7e-05,0.3750222325325012,-0.47263238517964473,0.15,0.12064549180327869,0.0003645237932195429,0.030648619,0.3119144488553532,,,,,,,,,,,,,,,,,,,,,,,,,,,,,
,,,,,,394,0.16775581240653992,7e-05,0.436794638633728,-0.47014676570892333,0.15,0.116796875,-0.0005875859688967466,0.0054530716,0.2435965632647276,,,,,,,,,102400,0.94,2.074495802766466,2,57.498225190000426,0,138.29,8.786863962560892,,,,,,,,,,,,,
,,,,,,,,,,,,,,,,,,,,,,,,102400,0.6,7.488494492570681,2,108.41000691818076,1,188.52,4.2986800750345,,,,,,,,,,,,,
,,,,,,,,,,,,,,,,,,,,,,,,102400,,,2,,,,,0.94,0,0,83.2,6.75,0,0,0.94,0.0,0.33999999999999997,0.6,0.94,0
8.414627075195312,2619,1,151.94,248320,0,,,,,,,,,,,2,0.005043333333333333,8,8,1,7e-05,102400,320,,,,,,,,,,,,,,,,,,,,,
8.442608833312988,383,2,149.38,250880,13,399,0.15860505402088165,7e-05,0.40133583545684814,-0.4779478269815445,0.15,0.11625,-0.0023524528462439773,0.009677621,0.3927573883533478,,,,,,,,,,,,,,,,,,,,,,,,,,,,,
8.722505569458008,294,3,143.93,253440,26,404,0.18901260197162628,7e-05,0.4422626495361328,-0.4921358600258827,0.15,0.12234375,-0.00522153552621603,0.008943983,0.43059313751757144,,,,,,,,,,,,,,,,,,,,,,,,,,,,,
8.630471229553223,284,4,146.47,256000,36,409,0.06980793923139572,7e-05,0.5467702150344849,-0.45691647279409714,0.15,0.14110725308641975,-0.001073384847216032,0.034854956,0.32451342579759196,,,,,,,,,,,,,,,,,,,,,,,,,,,,,
8.421667098999023,328,5,150.05,258560,38,411,0.10215494781732559,7e-05,0.592898964881897,-0.4515182748436928,0.15,0.09765625,0.005108470058379074,0.016703738,0.35422759875655174,,,,,,,,,,,,,,,,,,,,,,,,,,,,,
8.644828796386719,364,6,143.22,261120,42,413,0.33237406611442566,7e-05,0.6196697950363159,-0.4478325347105662,0.15,0.08258928571428571,0.001864134023586909,0.032335,0.3702248554854166,,,,,,,,,,,,,,,,,,,,,,,,,,,,,
8.576144218444824,342,7,146.25,263680,52,418,0.29957249760627747,7e-05,0.7061368227005005,-0.4734967556595802,0.15,0.110390625,-0.0012732998840510846,0.007108385,0.29698529485613107,,,,,,,,,,,,,,,,,,,,,,,,,,,,,
8.514874458312988,325,8,148.46,266240,62,423,0.07287934422492981,7e-05,0.7802016735076904,-0.42910963267087937,0.15,0.123046875,-2.4912599474191666e-05,0.009956524,0.39058237463235856,,,,,,,,,,,,,,,,,,,,,,,,,,,,,
8.549851417541504,301,9,144.9,268800,76,428,0.25409016013145447,7e-05,0.5385003089904785,-0.43701432794332506,0.15,0.1109375,-0.0006266872305423022,0.006753362,0.39135318614542486,,,,,,,,,,,,,,,,,,,,,,,,,,,,,
8.702088356018066,315,10,143.55,271360,81,430,0.1374584436416626,7e-05,0.5310019254684448,-0.45510393118157105,0.15,0.08938419117647059,0.003672111450749285,0.009457558,0.19644246644833507,,,,,,,,,,,,,,,,,,,,,,,,,,,,,
,,,,,,432,0.44264793395996094,7e-05,0.576066255569458,-0.4847083605825901,0.15,0.112890625,0.005161412106826901,0.008324457,0.3970194380730391,,,,,,,,,128000,0.95,2.3653009916183745,2,56.936507620330914,0,129.79,8.879803213477135,,,,,,,,,,,,,
,,,,,,,,,,,,,,,,,,,,,,,,128000,0.73,5.763281947050273,2,100.6895605313679,1,155.82,6.582280809879303,,,,,,,,,,,,,
,,,,,,,,,,,,,,,,,,,,,,,,128000,,,2,,,,,0.95,0,0,83.2,6.75,0,0,0.95,0.0,0.21999999999999997,0.73,0.95,0
8.755358695983887,2571,1,143.52,273920,0,,,,,,,,,,,2,0.005366666666666667,8,8,1,7e-05,128000,320,,,,,,,,,,,,,,,,,,,,,
8.858421325683594,1418,2,139.42,276480,3,433,0.16578887403011322,7e-05,0.5692107677459717,-0.45912965706416536,0.15,0.07366071428571429,0.0030639665201306343,0.0043827165,0.21964800623910768,,,,,,,,,,,,,,,,,,,,,,,,,,,,,
8.94678783416748,459,3,136.39,279040,16,438,0.09257951378822327,7e-05,0.5615582466125488,-0.43240289837121965,0.15,0.124140625,-0.0029839780647307633,0.008943955,0.22209646090865134,,,,,,,,,,,,,,,,,,,,,,,,,,,,,
8.883842468261719,464,4,140.25,281600,22,440,0.2691135108470917,7e-05,0.5302939414978027,-0.43854773205679815,0.15,0.14336993243243243,0.005910823096496028,0.015023474,0.2645482551809904,,,,,,,,,,,,,,,,,,,,,,,,,,,,,
8.858139991760254,486,5,138.05,284160,26,442,0.3506373465061188,7e-05,0.5189111232757568,-0.45522899819271906,0.15,0.09375,0.0014661010853680117,0.014820192,0.32728260329791475,,,,,,,,,,,,,,,,,,,,,,,,,,,,,
8.927727699279785,491,6,133.97,286720,31,444,0.07010295242071152,7e-05,0.5197350978851318,-0.4170927630888449,0.15,0.1266891891891892,0.0024149983215170936,0.01353408,0.27904114670850133,,,,,,,,,,,,,,,,,,,,,,,,,,,,,
8.791396141052246,412,7,140.5,289280,43,449,0.09612210094928741,7e-05,0.6022036075592041,-0.43891127496957777,0.15,0.128359375,-0.003857000218704343,0.008665812,0.3147537723183632,,,,,,,,,,,,,,,,,,,,,,,,,,,,,
8.583351135253906,367,8,146.65,291840,55,454,0.21615935862064362,7e-05,0.6603295803070068,-0.43988841861486433,0.15,0.122421875,0.001624315185472369,0.010618946,0.3191924276947975,,,,,,,,,,,,,,,,,,,,,,,,,,,,,
8.713741302490234,390,9,142.05,294400,58,455,0.26483750343322754,7e-05,0.565649688243866,-0.4496082768720739,0.15,0.0978860294117647,0.003622762338422677,0.006369951,0.3911186088533962,,,,,,,,,,,,,,,,,,,,,,,,,,,,,
8.808853149414062,393,10,138.6,296960,65,458,0.08541317284107208,7e-05,0.29529327154159546,-0.42815863295477263,0.15,0.10363520408163265,-0.0005306949344824771,0.011164912,0.29633379096583445,,,,,,,,,,,,,,,,,,,,,,,,,,,,,
,,,,,,460,0.08281942456960678,7e-05,0.3849645256996155,-0.41212839935276957,0.15,0.10768581081081081,0.003169854951871408,0.011958007,0.2786238292181814,,,,,,,,,153600,0.93,2.273055735064263,2,64.76832867999606,0,140.06,8.693434720039368,,,,,,,,,,,,,
,,,,,,,,,,,,,,,,,,,,,,,,153600,0.63,5.442872446722541,2,107.45868927173831,1,180.99,5.877357357814908,,,,,,,,,,,,,
,,,,,,,,,,,,,,,,,,,,,,,,153600,,,2,,,,,0.93,0,0,83.2,6.75,0,0,0.93,0.0,0.30000000000000004,0.63,0.93,0
8.823407173156738,2284,1,136.84,299520,1,,,,,,,,,,,2,0.005690000000000001,8,8,1,7e-05,153600,320,,,,,,,,,,,,,,,,,,,,,
8.87695598602295,1793,2,138.43,302080,2,461,0.09105872362852097,7e-05,0.4307671785354614,-0.448172132174174,0.15,0.05381944444444445,0.0037446669820282194,0.006306481,0.24974063204394448,,,,,,,,,,,,,,,,,,,,,,,,,,,,,
8.791714668273926,568,3,140.51,304640,13,466,0.13457441329956055,7e-05,0.3367493748664856,-0.43248978220834966,0.15,0.13976753048780488,0.001284484751522541,0.028627282,0.29603989817565535,,,,,,,,,,,,,,,,,,,,,,,,,,,,,
8.725615501403809,407,4,142.41,307200,25,471,0.22370614111423492,7e-05,0.3735799789428711,-0.43911093592643735,0.15,0.125546875,-0.002407247116789222,0.009083921,0.3779391057789326,,,,,,,,,,,,,,,,,,,,,,,,,,,,,
8.711270332336426,420,5,144.43,309760,30,474,0.09384063631296158,7e-05,0.5163121223449707,-0.4451892404329209,0.15,0.1052827380952381,0.0014742411052187283,0.020520398,0.2753175429645039,,,,,,,,,,,,,,,,,,,,,,,,,,,,,
8.773517608642578,348,6,142.74,312320,44,479,0.16024956107139587,7e-05,0.2875228524208069,-0.41704230695962907,0.15,0.142421875,-0.0010186783503741026,0.012135576,0.22983012922108173,,,,,,,,,,,,,,,,,,,,,,,,,,,,,
8.853615760803223,362,7,139.6,314880,49,481,0.4828573167324066,7e-05,0.3945714235305786,-0.4063584906490226,0.15,0.11060855263157894,0.0036133448838403352,0.012562325,0.26276323160058573,,,,,,,,,,,,,,,,,,,,,,,,,,,,,
8.8333101272583,387,8,140.43,317440,52,483,0.09878823906183243,7e-05,0.42520254850387573,-0.39376879036426543,0.15,0.09765625,0.0012005322302381198,0.013727136,0.23968166907628377,,,,,,,,,,,,,,,,,,,,,,,,,,,,,
9.13235855102539,352,9,128.88,320000,65,488,0.06418067216873169,7e-05,0.5041966438293457,-0.3903149765729904,0.15,0.12296875,-0.002612547045573592,0.007987663,0.19690584428608418,,,,,,,,,,,,,,,,,,,,,,,,,,,,,
9.111763000488281,313,10,130.1,322560,81,493,0.041142530739307404,7e-05,0.6096228361129761,-0.3741238158941269,0.15,0.12921875,-0.0013672810653224587,0.009320235,0.20394386675208806,,,,,,,,,,,,,,,,,,,,,,,,,,,,,
,,,,,,495,0.37299197912216187,7e-05,0.5442014932632446,-0.36535595953464506,0.15,0.10989583333333333,0.006608221431573232,0.0103012305,0.22510138836999735,,,,,,,,,179200,0.9,2.28396633395649,2,69.72581946452834,0,130.49,8.737326390743256,,,,,,,,,,,,,
,,,,,,,,,,,,,,,,,,,,,,,,179200,0.65,6.237731585094818,2,108.62500817031038,1,172.74,5.811476753689349,,,,,,,,,,,,,
,,,,,,,,,,,,,,,,,,,,,,,,179200,,,2,,,,,0.9,0,0,83.2,6.75,0,0,0.9,0.0,0.25,0.65,0.9,0
9.080077171325684,2332,1,129.02,325120,1,,,,,,,,,,,2,0.006,8,8,1,7e-05,179200,320,,,,,,,,,,,,,,,,,,,,,
9.003684997558594,1136,2,131.33,327680,4,497,0.049406521022319794,7e-05,0.5673846006393433,-0.38189298287034035,0.15,0.09895833333333333,0.003791125724092126,0.019397324,0.24243589428563914,,,,,,,,,,,,,,,,,,,,,,,,,,,,,
9.115635871887207,859,3,127.62,330240,8,499,0.09611725062131882,7e-05,0.5906314849853516,-0.3727410743633906,0.15,0.09375,0.0019856722404559455,0.010894998,0.23692649602890015,,,,,,,,,,,,,,,,,,,,,,,,,,,,,
9.1093168258667,470,4,132.02,332800,21,504,0.21594972908496857,7e-05,0.5271197557449341,-0.4023836516972744,0.15,0.11860795454545454,-0.0003156395290385593,0.009603565,0.25422520062538106,,,,,,,,,,,,,,,,,,,,,,,,,,,,,
9.030384063720703,382,5,134.66,335360,33,509,0.06630714982748032,7e-05,0.5419524312019348,-0.40795551240444183,0.15,0.107109375,-0.002289518341422081,0.007236822,0.19297360241413117,,,,,,,,,,,,,,,,,,,,,,,,,,,,,
9.013713836669922,335,6,134.72,337920,45,514,0.04739655926823616,7e-05,0.535342812538147,-0.37128889560699463,0.15,0.105859375,0.0001481426041573286,0.007413751,0.20960150457918644,,,,,,,,,,,,,,,,,,,,,,,,,,,,,
8.755813598632812,354,7,141.53,340480,50,516,0.1974201500415802,7e-05,0.5417788028717041,-0.38849078118801117,0.15,0.09580592105263158,0.003249153519343389,0.007845794,0.23609934090391585,,,,,,,,,,,,,,,,,,,,,,,,,,,,,
8.766767501831055,334,8,140.47,343040,61,521,0.06501372158527374,7e-05,0.6301715970039368,-0.36591214983053105,0.15,0.11407930107526881,-0.0009144577948797134,0.015979487,0.23840169832911542,,,,,,,,,,,,,,,,,,,,,,,,,,,,,
8.562174797058105,324,9,143.8,345600,71,526,0.1817467212677002,7e-05,0.6878618001937866,-0.38615146815776824,0.15,0.106796875,0.0001233354862779379,0.006470063,0.33513749748468397,,,,,,,,,,,,,,,,,,,,,,,,,,,,,
8.559529304504395,311,10,140.71,348160,82,531,0.40326014161109924,7e-05,0.6375189423561096,-0.359031754056203,0.15,0.11009987113402062,-0.002399076275604287,0.01022055,0.29585580047719257,,,,,,,,,,,,,,,,,,,,,,,,,,,,,
,,,,,,536,0.17752273380756378,7e-05,0.5627821087837219,-0.35382456809282303,0.15,0.1128125,-0.0017449568770825862,0.009565724,0.22534972846508025,,,,,,,,,204800,0.97,1.4065269555905662,2,51.387059655131075,0,119.99,9.206252878904342,,,,,,,,,,,,,
,,,,,,,,,,,,,,,,,,,,,,,,204800,0.71,6.109984459013259,2,103.54499311893356,1,158.88,6.3521904862392695,,,,,,,,,,,,,
,,,,,,,,,,,,,,,,,,,,,,,,204800,,,2,,,,,0.97,0,0,83.2,6.75,0,1,0.97,0.0,0.26,0.71,0.97,1
,,,,,,,,,,,,,,,,,,,,,,,,204800,0.94,2.1601293675519706,2,59.97137317087212,0,125.12,8.9546881711483,,,,,,,,,,,,,
,,,,,,,,,,,,,,,,,,,,,,,,204800,0.71,6.858315664972204,2,104.77855267181351,1,157.43,5.929894516379573,,,,,,,,,,,,,
,,,,,,,,,,,,,,,,,,,,,,,,204800,,,2,,,,,0.94,0,0,83.2,6.75,0,0,0.94,0.0,0.22999999999999998,0.71,0.94,0
8.50472640991211,2483,1,138.73,350720,1,,,,,,,,,,,2,0.006,8,8,1,7e-05,204800,320,,,,,,,,,,,,,,,,,,,,,
8.749661445617676,708,2,133.76,353280,7,539,0.10157527774572372,7e-05,0.6038835644721985,-0.34116922683186,0.15,0.09288194444444445,0.0019076427444815636,0.020132566,0.20295646687348684,,,,,,,,,,,,,,,,,,,,,,,,,,,,,
8.994987487792969,486,3,125.95,355840,15,543,0.14675934612751007,7e-05,0.6377054452896118,-0.3378401338190272,0.15,0.10235507246376811,-0.001100855724265178,0.011192812,0.24036225957283075,,,,,,,,,,,,,,,,,,,,,,,,,,,,,
9.068243026733398,362,4,124.22,358400,28,548,0.05589887499809265,7e-05,0.729491651058197,-0.3614776360988617,0.15,0.1096875,0.0016003573033958674,0.008751934,0.2675719249993563,,,,,,,,,,,,,,,,,,,,,,,,,,,,,
9.105988502502441,316,5,125.15,360960,40,553,0.1310354769229889,7e-05,0.7526819705963135,-0.33426000863313676,0.15,0.102578125,-0.0023154134722426535,0.008607255,0.2647111129760742,,,,,,,,,,,,,,,,,,,,,,,,,,,,,
9.230317115783691,316,6,124.29,363520,48,557,0.05442162603139877,7e-05,0.6139816045761108,-0.33521102368831635,0.15,0.11292613636363637,0.0006342902920688643,0.014404651,0.2605280235522624,,,,,,,,,,,,,,,,,,,,,,,,,,,,,
9.138598442077637,299,7,122.64,366080,59,562,0.015138478949666023,7e-05,0.7014966011047363,-0.31509634867310526,0.15,0.1015625,-0.0009431587718427181,0.008545286,0.22020380869507789,,,,,,,,,,,,,,,,,,,,,,,,,,,,,
9.081287384033203,288,8,124.65,368640,71,567,0.19065812230110168,7e-05,0.7148932218551636,-0.3123198007599691,0.15,0.09146769662921349,-0.0013449206278565225,0.01404551,0.27218915923927606,,,,,,,,,,,,,,,,,,,,,,,,,,,,,
9.058693885803223,296,9,124.15,371200,77,570,0.12284160405397415,7e-05,0.7354176044464111,-0.3164314329624176,0.15,0.08211436170212766,0.0012905128458712964,0.01030619,0.31813159584999084,,,,,,,,,,,,,,,,,,,,,,,,,,,,,
9.060349464416504,308,10,124.62,373760,82,572,0.2057718187570572,7e-05,0.68319171667099,-0.31928910402690663,0.15,0.07352941176470588,0.002219901201041306,0.008320256,0.3264725659700001,,,,,,,,,,,,,,,,,,,,,,,,,,,,,
,,,,,,574,0.1012229323387146,7e-05,0.650334894657135,-0.33009662810299134,0.15,0.07769097222222222,0.003957454037542145,0.01056676,0.29773526048908633,,,,,,,,,230400,0.95,1.666416070276732,2,55.96218276657908,0,120.79,9.12456283211708,,,,,,,,,,,,,
,,,,,,,,,,,,,,,,,,,,,,,,230400,0.77,4.959712783889752,2,95.66707845439831,1,147.01,7.223172227889299,,,,,,,,,,,,,
,,,,,,,,,,,,,,,,,,,,,,,,230400,,,2,,,,,0.95,0,0,83.2,6.75,0,0,0.95,0.0,0.17999999999999994,0.77,0.95,0
9.045598983764648,1967,1,126.27,376320,1,,,,,,,,,,,2,0.006,8,8,1,7e-05,230400,320,,,,,,,,,,,,,,,,,,,,,
9.060547828674316,1246,2,129.87,378880,4,575,0.25109991431236267,7e-05,0.7069778442382812,-0.3776656985282898,0.15,0.07632211538461539,0.006598801853565069,0.0063754884,0.19914566496243843,,,,,,,,,,,,,,,,,,,,,,,,,,,,,
9.216141700744629,445,3,124.81,381440,17,580,0.3729114830493927,7e-05,0.6260644197463989,-0.3378933534026146,0.15,0.117734375,-0.000982816182076931,0.008148529,0.3908625662326813,,,,,,,,,,,,,,,,,,,,,,,,,,,,,
9.227652549743652,340,4,126.97,384000,30,585,0.09070780873298645,7e-05,0.47927790880203247,-0.32832776352763177,0.15,0.080546875,-0.000848757578060031,0.0065872176,0.28036172050982716,,,,,,,,,,,,,,,,,,,,,,,,,,,,,
9.131732940673828,363,5,129.9,386560,35,587,0.058034852147102356,7e-05,0.7359633445739746,-0.36397554056766707,0.15,0.10176282051282051,0.0007619085984352308,0.010861504,0.2260065653767341,,,,,,,,,,,,,,,,,,,,,,,,,,,,,
9.032003402709961,369,6,131.09,389120,41,590,0.14613185822963715,7e-05,0.7393625974655151,-0.34042720682919025,0.15,0.091796875,7.903000472911767e-05,0.008564466,0.33213707099535633,,,,,,,,,,,,,,,,,,,,,,,,,,,,,
9.008991241455078,393,7,128.45,391680,45,592,0.12648876011371613,7e-05,0.7376236915588379,-0.4078416834274928,0.15,0.14010416666666667,0.007770730368793011,0.01567029,0.4883829360206922,,,,,,,,,,,,,,,,,,,,,,,,,,,,,
8.764616966247559,351,8,133.82,394240,58,597,0.0562099888920784,7e-05,0.7580255270004272,-0.34491206124424933,0.15,0.103515625,0.0012779849767684936,0.008928569,0.35063048183918,,,,,,,,,,,,,,,,,,,,,,,,,,,,,
8.692127227783203,382,9,134.65,396800,60,598,0.11408554762601852,7e-05,0.7055144906044006,-0.3578448419769605,0.15,0.078125,0.0046167926241954165,0.0077234157,0.29271446478863555,,,,,,,,,,,,,,,,,,,,,,,,,,,,,
8.508456230163574,366,10,137.55,399360,69,603,0.7273422479629517,7e-05,0.5615726709365845,-0.35148632734320884,0.15,0.10356104651162791,-0.0003215873473172271,0.016686028,0.48950537311476333,,,,,,,,,,,,,,,,,,,,,,,,,,,,,
,,,,,,607,0.09852030873298645,7e-05,0.7299644947052002,-0.32944474712250726,0.15,0.10354662698412699,0.0007474413732924159,0.022696251,0.3014871839966093,,,,,,,,,256000,0.96,1.622975839480192,2,60.84441141140244,0,128.76,9.058110629320145,,,,,,,,,,,,,
,,,,,,,,,,,,,,,,,,,,,,,,256000,0.69,7.790555518794109,2,107.64373228386314,1,160.63,5.156342858076096,,,,,,,,,,,,,
,,,,,,,,,,,,,,,,,,,,,,,,256000,,,2,,,,,0.96,0,0,83.2,6.75,0,1,0.96,0.0,0.27,0.69,0.96,1
,,,,,,,,,,,,,,,,,,,,,,,,256000,0.93,2.0522316378523953,2,65.06099522755551,0,126.63,8.89071085035801,,,,,,,,,,,,,
,,,,,,,,,,,,,,,,,,,,,,,,256000,0.66,7.73314709883402,2,110.35687563536763,1,166.8,5.020620598383248,,,,,,,,,,,,,
,,,,,,,,,,,,,,,,,,,,,,,,256000,,,2,,,,,0.93,0,0,83.2,6.75,0,0,0.93,0.0,0.27,0.66,0.93,0
8.563035011291504,2650,1,134.94,401920,0,,,,,,,,,,,2,0.006,8,8,1,7e-05,256000,320,,,,,,,,,,,,,,,,,,,,,
8.621326446533203,370,2,136.87,404480,13,612,0.07563034445047379,7e-05,0.5207670331001282,-0.3338207533955574,0.15,0.10375,-0.002607457647100091,0.009953617,0.31520859818905594,,,,,,,,,,,,,,,,,,,,,,,,,,,,,
8.785238265991211,357,3,132.61,407040,21,616,0.16322705149650574,7e-05,0.6552121639251709,-0.3038397285649005,0.15,0.10500919117647059,0.001690085621221977,0.011445515,0.2529482584556236,,,,,,,,,,,,,,,,,,,,,,,,,,,,,
8.885885238647461,294,4,129.29,409600,34,621,0.09922150522470474,7e-05,0.5673021078109741,-0.3309907212853432,0.15,0.1221875,-0.0009397407248616219,0.014637843,0.16399293713271618,,,,,,,,,,,,,,,,,,,,,,,,,,,,,
9.009033203125,275,5,125.61,412160,46,626,0.11126711964607239,7e-05,0.6773399710655212,-0.34339043736457825,0.15,0.11375,0.0011050383094698192,0.009860635,0.22362789303064345,,,,,,,,,,,,,,,,,,,,,,,,,,,,,
9.079933166503906,265,6,123.89,414720,57,631,0.25044184923171997,7e-05,0.710175633430481,-0.3509610085696964,0.15,0.1171875,0.00028393125918867824,0.010091268,0.1631915152154781,,,,,,,,,,,,,,,,,,,,,,,,,,,,,
9.022178649902344,284,7,121.15,417280,63,634,0.12652407586574554,7e-05,0.4628017544746399,-0.33717173265247813,0.15,0.09660823170731707,-0.0020842755713113923,0.11764162,0.21172179099990102,,,,,,,,,,,,,,,,,,,,,,,,,,,,,
9.02288818359375,312,8,122.65,419840,65,635,0.15911386907100677,7e-05,0.6893911957740784,-0.3532252641100633,0.15,0.08429276315789473,0.0014442813729769305,0.006193732,0.27942960826974167,,,,,,,,,,,,,,,,,,,,,,,,,,,,,
9.157366752624512,291,9,119.22,422400,78,640,0.0312334131449461,7e-05,0.4670335650444031,-0.3439331805706024,0.15,0.109453125,-0.002022568229585886,0.01070599,0.1823289391770959,,,,,,,,,,,,,,,,,,,,,,,,,,,,,
9.117972373962402,306,10,121.17,424960,83,642,0.14198938012123108,7e-05,0.5012282133102417,-0.37223029136657715,0.15,0.11529356060606061,0.0052909624734611225,0.011157414,0.2502950925492879,,,,,,,,,,,,,,,,,,,,,,,,,,,,,
,,,,,,646,0.31092411279678345,7e-05,0.6281375885009766,-0.3568135606708811,0.15,0.1122901119402985,0.0013668763159371134,0.02114005,0.2541343827189794,,,,,,,,,281600,0.94,1.8828514000453478,2,64.69378331802832,0,132.88,8.906681345105172,,,,,,,,,,,,,
,,,,,,,,,,,,,,,,,,,,,,,,281600,0.71,7.289971210625517,2,104.55123146094455,1,157.6,5.480794854015112,,,,,,,,,,,,,
,,,,,,,,,,,,,,,,,,,,,,,,281600,,,2,,,,,0.94,0,0,83.2,6.75,0,0,0.94,0.0,0.22999999999999998,0.71,0.94,0
8.868731498718262,2355,1,126.52,427520,1,,,,,,,,,,,2,0.006,8,8,1,7e-05,281600,320,,,,,,,,,,,,,,,,,,,,,
8.883606910705566,798,2,126.9,430080,6,648,0.06587330251932144,7e-05,0.7681009769439697,-0.3489577010273933,0.15,0.1033203125,0.0017256621271371842,0.007413006,0.2606655083596706,,,,,,,,,,,,,,,,,,,,,,,,,,,,,
8.866708755493164,412,3,127.34,432640,18,653,0.10078062117099762,7e-05,0.728207528591156,-0.34060259997844694,0.15,0.10734375,-0.003117446629330516,0.008569287,0.221955803334713,,,,,,,,,,,,,,,,,,,,,,,,,,,,,
8.849346160888672,327,4,129.33,435200,31,658,0.0318707711994648,7e-05,0.7575736045837402,-0.34157112866640094,0.15,0.097421875,-0.003880522167310119,0.006727674,0.1879520496726036,,,,,,,,,,,,,,,,,,,,,,,,,,,,,
9.041675567626953,289,5,124.26,437760,44,663,0.12468431144952774,7e-05,0.4956796169281006,-0.3509568050503731,0.15,0.1178125,-0.0013901676237583161,0.007885,0.1317619227617979,,,,,,,,,,,,,,,,,,,,,,,,,,,,,
9.37619400024414,253,6,116.77,440320,60,668,0.12842121720314026,7e-05,0.6193188428878784,-0.3348516656458378,0.15,0.09453125,-0.0017102848319336772,0.0102912765,0.13350498039275407,,,,,,,,,,,,,,,,,,,,,,,,,,,,,
9.488369941711426,247,7,111.16,442880,72,673,0.047320857644081116,7e-05,0.6053510904312134,-0.33855725958943367,0.15,0.093515625,-0.0019227730482816697,0.0054017925,0.18960865993052722,,,,,,,,,,,,,,,,,,,,,,,,,,,,,
9.357137680053711,242,8,114.8,445440,84,678,0.27532851696014404,7e-05,0.8327487707138062,-0.3688541589812799,0.15,0.12633167613636365,-0.0011639527934180064,0.01611285,0.1534759666643698,,,,,,,,,,,,,,,,,,,,,,,,,,,,,
9.346151351928711,240,9,115.29,448000,95,683,0.09530171006917953,7e-05,0.837523341178894,-0.355802354067564,0.15,0.120859375,-0.0019317600037902594,0.009398685,0.24243532739579676,,,,,,,,,,,,,,,,,,,,,,,,,,,,,
9.33961009979248,232,10,114.51,450560,110,688,0.3893488645553589,7e-05,0.7540906667709351,-0.3684982603788376,0.15,0.112734375,-0.0021237808279693125,0.011205187,0.31860133457928896,,,,,,,,,,,,,,,,,,,,,,,,,,,,,
,,,,,,689,0.23579347133636475,7e-05,0.546453595161438,-0.3669180509291197,0.15,0.0805921052631579,0.0061316523014714845,0.006977266,0.23191542884236888,,,,,,,,,307200,0.96,1.5005871489759908,2,52.87693164320334,0,121.51,9.151502454280854,,,,,,,,,,,,,
,,,,,,,,,,,,,,,,,,,,,,,,307200,0.66,6.612668056737998,2,110.38037642624707,1,166.95,5.722413777709007,,,,,,,,,,,,,
,,,,,,,,,,,,,,,,,,,,,,,,307200,,,2,,,,,0.96,0,0,83.2,6.75,0,1,0.96,0.0,0.29999999999999993,0.66,0.96,1
,,,,,,,,,,,,,,,,,,,,,,,,307200,0.94,2.022521557197224,2,58.53216124490878,0,126.19,8.943990479707718,,,,,,,,,,,,,
,,,,,,,,,,,,,,,,,,,,,,,,307200,0.74,5.965653579765026,2,102.16931584384815,1,148.97,6.6524537146091465,,,,,,,,,,,,,
,,,,,,,,,,,,,,,,,,,,,,,,307200,,,2,,,,,0.94,0,0,83.2,6.75,0,0,0.94,0.0,0.19999999999999996,0.74,0.94,0
9.312976837158203,2200,1,115.76,453120,1,,,,,,,,,,,2,0.006,8,8,1,7e-05,307200,320,,,,,,,,,,,,,,,,,,,,,
9.187795639038086,429,2,121.59,455680,11,694,0.10058822482824326,7e-05,0.7919677495956421,-0.31976780131459237,0.15,0.08828125,-0.0013518274202942847,0.007049135,0.25703278705477717,,,,,,,,,,,,,,,,,,,,,,,,,,,,,
9.193217277526855,319,3,120.76,458240,24,699,0.07281630486249924,7e-05,0.7963111996650696,-0.3485698202252388,0.15,0.111640625,-0.002275798907503486,0.008688134,0.30203680600970984,,,,,,,,,,,,,,,,,,,,,,,,,,,,,
9.064372062683105,286,4,122.95,460800,35,704,0.041238296777009964,7e-05,0.737066388130188,-0.3455643048792174,0.15,0.08720012626262626,-0.002767417467001713,0.009253796,0.31869825570270266,,,,,,,,,,,,,,,,,,,,,,,,,,,,,
8.980269432067871,276,5,125.36,463360,46,709,0.09497705847024918,7e-05,0.7857139706611633,-0.36774438787042424,0.15,0.13044241573033707,-0.0023829231792119113,0.011531918,0.3446093269445923,,,,,,,,,,,,,,,,,,,,,,,,,,,,,
8.955103874206543,260,6,129.0,465920,58,714,0.1274227350950241,7e-05,0.6794362664222717,-0.35186072424054143,0.15,0.0846875,-0.0029918291699141263,0.006341979,0.36521054316312074,,,,,,,,,,,,,,,,,,,,,,,,,,,,,
9.096565246582031,251,7,121.64,468480,71,719,0.057873763144016266,7e-05,0.7358130216598511,-0.34855941265821455,0.15,0.1003125,-0.005170425083488226,0.0070517384,0.27579629957675933,,,,,,,,,,,,,,,,,,,,,,,,,,,,,
9.120172500610352,243,8,120.52,471040,84,724,0.00624530203640461,7e-05,0.6147235631942749,-0.35167369961738587,0.15,0.130859375,-0.0001787512004375458,0.012243113,0.17667534347623587,,,,,,,,,,,,,,,,,,,,,,,,,,,,,
9.324699401855469,242,9,117.2,473600,94,729,0.13474249839782715,7e-05,0.7547880411148071,-0.3539599877866832,0.15,0.1171875,-0.0014155174034054983,0.010721552,0.1814317458139902,,,,,,,,,,,,,,,,,,,,,,,,,,,,,
9.135265350341797,257,10,120.85,476160,99,731,0.08017478883266449,7e-05,0.8096389174461365,-0.3500939342710707,0.15,0.08485243055555555,0.003866092534735799,0.007128194,0.3073527786052889,,,,,,,,,,,,,,,,,,,,,,,,,,,,,
,,,,,,736,0.0513923279941082,7e-05,0.8075053095817566,-0.3324942766129971,0.15,0.102109375,-0.0015716383513063193,0.0061112614,0.28113943599164487,,,,,,,,,332800,0.98,1.4248164992661427,2,46.52001289767662,0,114.78,9.295248546600341,,,,,,,,,,,,,
,,,,,,,,,,,,,,,,,,,,,,,,332800,0.68,5.394117088565296,2,108.96543305103687,1,162.88,6.377685909867287,,,,,,,,,,,,,
,,,,,,,,,,,,,,,,,,,,,,,,332800,,,2,,,,,0.98,0,0,83.2,6.75,0,1,0.98,0.0,0.29999999999999993,0.68,0.98,1
,,,,,,,,,,,,,,,,,,,,,,,,332800,1.0,0.4833747815459906,2,41.27012963391319,0,112.42,9.458340716361999,,,,,,,,,,,,,
,,,,,,,,,,,,,,,,,,,,,,,,332800,0.8,4.874171940865176,2,94.11402445969463,1,133.48,7.499930861592293,,,,,,,,,,,,,
,,,,,,,,,,,,,,,,,,,,,,,,332800,,,2,,,,,1.0,0,0,83.2,6.75,0,1,1.0,0.0,0.19999999999999996,0.8,1.0,1
,,,,,,,,,,,,,,,,,,,,,,,,332800,0.94,1.8707212392622856,2,62.2503421677343,0,119.93,9.02049853682518,,,,,,,,,,,,,
,,,,,,,,,,,,,,,,,,,,,,,,332800,0.8,5.207183297066442,2,94.28190494469231,1,132.68,7.418065705895424,,,,,,,,,,,,,
,,,,,,,,,,,,,,,,,,,,,,,,332800,,,2,,,,,0.94,0,0,83.2,6.75,0,0,0.94,0.0,0.1399999999999999,0.8,0.94,0
9.026538848876953,2426,1,120.63,478720,1,,,,,,,,,,,2,0.006,8,8,1,7e-05,332800,320,,,,,,,,,,,,,,,,,,,,,
8.808411598205566,363,2,126.49,481280,14,741,0.07563670724630356,7e-05,0.774986743927002,-0.3256107574701309,0.15,0.10234375,0.0008119831047952175,0.0072224764,0.3656263246759772,,,,,,,,,,,,,,,,,,,,,,,,,,,,,
8.597075462341309,316,3,134.53,483840,24,746,0.14621566236019135,7e-05,0.7928958535194397,-0.32021262078750423,0.15,0.08850990853658537,-0.0023936534005149107,0.020743476,0.35516350477843023,,,,,,,,,,,,,,,,,,,,,,,,,,,,,
8.616693496704102,272,4,132.66,486400,37,751,0.06405073404312134,7e-05,0.8074705600738525,-0.3388532273471355,0.15,0.098359375,-0.0013220337126404046,0.0073283613,0.27081295877695083,,,,,,,,,,,,,,,,,,,,,,,,,,,,,
8.679194450378418,255,5,132.18,488960,50,756,0.06903252005577087,7e-05,0.7230777144432068,-0.3429062947630882,0.15,0.096015625,-0.0002110892813652754,0.011563386,0.19751333132386206,,,,,,,,,,,,,,,,,,,,,,,,,,,,,
8.768731117248535,288,6,132.97,491520,53,757,0.12498464435338974,7e-05,0.7659473419189453,-0.362021142244339,0.15,0.087109375,0.004203253984451294,0.007048699,0.18343716226518153,,,,,,,,,,,,,,,,,,,,,,,,,,,,,
8.984891891479492,284,7,126.18,494080,62,762,0.1260107159614563,7e-05,0.7615016102790833,-0.3699904722048015,0.15,0.12709603658536586,0.0008974070320042168,0.017824419,0.2130981581058444,,,,,,,,,,,,,,,,,,,,,,,,,,,,,
9.180954933166504,270,8,123.36,496640,75,767,0.33540794253349304,7e-05,0.7570683360099792,-0.3343340501189232,0.15,0.084453125,-0.003095477274619043,0.005116491,0.20860242068767548,,,,,,,,,,,,,,,,,,,,,,,,,,,,,
9.180581092834473,263,9,121.63,499200,87,772,0.4521641135215759,7e-05,0.6721529960632324,-0.347088770121336,0.15,0.095546875,-0.004521835902705789,0.008824615,0.27809793170541525,,,,,,,,,,,,,,,,,,,,,,,,,,,,,
9.230944633483887,257,10,115.8,501760,99,777,0.06308192014694214,7e-05,0.715435266494751,-0.336066987067461,0.15,0.11359375,-0.0005123573262244463,0.010905384,0.18718720559030771,,,,,,,,,,,,,,,,,,,,,,,,,,,,,
,,,,,,782,0.014265616424381733,7e-05,0.6027846336364746,-0.33862156718969344,0.15,0.09859375,-0.0023168391175568104,0.0096825315,0.14398537335917352,,,,,,,,,358400,0.94,2.0903648775467927,2,68.13299567757167,0,128.43,8.934203343391419,,,,,,,,,,,,,
,,,,,,,,,,,,,,,,,,,,,,,,358400,0.76,4.910980198863959,2,98.75355993583219,1,145.88,7.1238196118175985,,,,,,,,,,,,,
,,,,,,,,,,,,,,,,,,,,,,,,358400,,,2,,,,,0.94,0,0,83.2,6.75,0,0,0.94,0.0,0.17999999999999994,0.76,0.94,0
9.351261138916016,2372,1,111.69,504320,1,,,,,,,,,,,2,0.006,8,8,1,7e-05,358400,320,,,,,,,,,,,,,,,,,,,,,
9.184670448303223,361,2,116.88,506880,14,787,0.009652413427829742,7e-05,0.7210952043533325,-0.32622921854257586,0.15,0.10296875,-0.0015901529835537075,0.0065070773,0.20136867089197039,,,,,,,,,,,,,,,,,,,,,,,,,,,,,
8.933161735534668,311,3,126.86,509440,24,792,0.11347032338380814,7e-05,0.7995195388793945,-0.3263787149411181,0.15,0.08118206521739131,-0.0011135569125737834,0.008991805,0.20363900304326546,,,,,,,,,,,,,,,,,,,,,,,,,,,,,
9.023792266845703,320,4,123.75,512000,31,795,0.16694127023220062,7e-05,0.76502925157547,-0.3309029550464065,0.15,0.0842013888888889,0.0012973675987234823,0.010387384,0.22241532857771273,,,,,,,,,,,,,,,,,,,,,,,,,,,,,
8.920276641845703,341,5,129.23,514560,37,798,0.12341022491455078,7e-05,0.7878230214118958,-0.340378557311164,0.15,0.09322916666666667,0.001555758880244361,0.016870547,0.27162518716520734,,,,,,,,,,,,,,,,,,,,,,,,,,,,,
8.930829048156738,347,6,127.15,517120,44,801,0.06751274317502975,7e-05,0.740379810333252,-0.32838371206413614,0.15,0.08366477272727273,-0.001980741982432929,0.008862244,0.2493647819215601,,,,,,,,,,,,,,,,,,,,,,,,,,,,,
9.163071632385254,321,7,121.38,519680,55,806,0.536713182926178,7e-05,0.6967442035675049,-0.3452201723418337,0.15,0.11344747340425532,-0.0030762516407969783,0.009243439,0.15268553779559565,,,,,,,,,,,,,,,,,,,,,,,,,,,,,
9.1073637008667,315,8,121.51,522240,64,811,0.09520038962364197,7e-05,0.7545206546783447,-0.2970297136902809,0.15,0.08734375,-0.001591203548014164,0.008017043,0.16652438580989837,,,,,,,,,,,,,,,,,,,,,,,,,,,,,
9.28541374206543,312,9,114.1,524800,73,815,0.15535956621170044,7e-05,0.7725332975387573,-0.3183599010757778,0.15,0.10563858695652174,0.000382720830215924,0.01585293,0.16891323515902396,,,,,,,,,,,,,,,,,,,,,,,,,,,,,
9.201403617858887,302,10,115.67,527360,84,820,0.16666102409362793,7e-05,0.7381769418716431,-0.3440217214472154,0.15,0.10487132352941177,-0.001407100709483904,0.014908129,0.1429137587766437,,,,,,,,,,,,,,,,,,,,,,,,,,,,,
,,,,,,822,0.0938696414232254,7e-05,0.7655353546142578,-0.3301913083895393,0.15,0.11616847826086957,0.0056268480484900265,0.019881062,0.2062460702398549,,,,,,,,,384000,0.95,1.8107201046518007,2,57.249959825313425,0,116.89,9.08167457461357,,,,,,,,,,,,,
,,,,,,,,,,,,,,,,,,,,,,,,384000,0.82,5.67658162609273,2,91.20526903638846,1,127.17,7.3587490998208525,,,,,,,,,,,,,
,,,,,,,,,,,,,,,,,,,,,,,,384000,,,2,,,,,0.95,0,0,83.2,6.75,0,0,0.95,0.0,0.13,0.82,0.95,0
9.137616157531738,2727,1,115.11,529920,0,,,,,,,,,,,2,0.006,8,8,1,7e-05,384000,320,,,,,,,,,,,,,,,,,,,,,
9.244311332702637,617,2,109.71,532480,8,825,0.15152527391910553,7e-05,0.8055197596549988,-0.32381449693015646,0.15,0.09207589285714286,0.0022850076368610773,0.009171031,0.16862662229686975,,,,,,,,,,,,,,,,,,,,,,,,,,,,,
9.151310920715332,544,3,113.3,535040,14,828,0.074716717004776,7e-05,0.8931403160095215,-0.33052104642224867,0.15,0.10446947674418605,0.0022001244171067726,0.020691188,0.16612960610452088,,,,,,,,,,,,,,,,,,,,,,,,,,,,,
9.095839500427246,451,4,115.21,537600,22,833,0.8667666912078857,7e-05,0.8593243360519409,-0.2994708904042477,0.15,0.10070503048780488,-0.0007281163253071831,0.02094343,0.2637528882066651,,,,,,,,,,,,,,,,,,,,,,,,,,,,,
9.086904525756836,367,5,116.56,540160,34,838,0.026106424629688263,7e-05,0.8294188380241394,-0.29139863193035126,0.15,0.088671875,-0.0025471126474440097,0.011199629,0.13228708310052753,,,,,,,,,,,,,,,,,,,,,,,,,,,,,
8.932839393615723,415,6,120.43,542720,36,839,0.347433477640152,7e-05,0.8074191808700562,-0.3483049181791452,0.15,0.11177884615384616,0.007213582356388752,0.006622326,0.22332402748557237,,,,,,,,,,,,,,,,,,,,,,,,,,,,,
9.010472297668457,438,7,118.01,545280,40,841,0.05049220472574234,7e-05,0.8808870911598206,-0.33772485631127513,0.15,0.09627016129032258,0.003114165257542364,0.010204233,0.21794245380067057,,,,,,,,,,,,,,,,,,,,,,,,,,,,,
9.223087310791016,453,8,112.01,547840,45,843,0.11072935163974762,7e-05,0.7660517692565918,-0.31666256376990565,0.15,0.08072916666666667,0.003697283531504649,0.015752913,0.13350289494351106,,,,,,,,,,,,,,,,,,,,,,,,,,,,,
9.12549877166748,399,9,116.27,550400,57,848,0.0072611067444086075,7e-05,0.6353214383125305,-0.3209682674705982,0.15,0.1075,0.0008019735012203455,0.007972129,0.16896614108234645,,,,,,,,,,,,,,,,,,,,,,,,,,,,,
9.333843231201172,364,10,112.4,552960,70,853,0.15584231913089752,7e-05,0.8754516839981079,-0.30228949382901193,0.15,0.104140625,-0.0014102716464549302,0.009369126,0.12642950113862753,,,,,,,,,,,,,,,,,,,,,,,,,,,,,
,,,,,,858,0.12241765856742859,7e-05,0.7510924339294434,-0.3153436548009361,0.15,0.09511920103092783,-0.0012045879704282456,0.011115926,0.20925920287665634,,,,,,,,,409600,0.95,2.05500928264206,2,54.742327316255015,0,112.76,9.085858489573003,,,,,,,,,,,,,
,,,,,,,,,,,,,,,,,,,,,,,,409600,0.79,5.409023959444514,2,96.4993347127326,1,134.28,7.262228752076626,,,,,,,,,,,,,
,,,,,,,,,,,,,,,,,,,,,,,,409600,,,2,,,,,0.95,0,0,83.2,6.75,0,0,0.95,0.0,0.15999999999999992,0.79,0.95,0
9.244341850280762,2406,1,112.9,555520,1,,,,,,,,,,,2,0.006,8,8,1,7e-05,409600,320,,,,,,,,,,,,,,,,,,,,,
9.090169906616211,1365,2,117.0,558080,3,859,0.13394591212272644,7e-05,0.8486467003822327,-0.322414299680127,0.15,0.07769097222222222,0.006763933122985893,0.0061127306,0.33214296566115487,,,,,,,,,,,,,,,,,,,,,,,,,,,,,
9.104608535766602,444,3,115.32,560640,17,864,0.3379293978214264,7e-05,0.7399985790252686,-0.2981261929869652,0.15,0.08375,-0.0021594934072345496,0.0065202205,0.37333878070116044,,,,,,,,,,,,,,,,,,,,,,,,,,,,,
9.135478019714355,370,4,118.01,563200,27,867,0.08365762233734131,7e-05,0.574272871017456,-0.2968849469468279,0.15,0.09433962264150944,0.0023594294446256927,0.010318707,0.2231998031712928,,,,,,,,,,,,,,,,,,,,,,,,,,,,,
8.82563591003418,338,5,124.85,565760,37,872,0.020362447947263718,7e-05,0.6441682577133179,-0.29828043207526206,0.15,0.081171875,-0.0022928020916879177,0.005350229,0.22846167098730802,,,,,,,,,,,,,,,,,,,,,,,,,,,,,
8.882213592529297,304,6,123.15,568320,50,877,0.06129475682973862,7e-05,0.565034806728363,-0.2878912331163883,0.15,0.0790625,-0.003248892929404974,0.0067702075,0.2795238127186894,,,,,,,,,,,,,,,,,,,,,,,,,,,,,
8.863394737243652,286,7,124.74,570880,62,882,0.09765509516000748,7e-05,0.6518044471740723,-0.29329725190997125,0.15,0.0690625,-0.0020320099219679833,0.005010458,0.2279981192573905,,,,,,,,,,,,,,,,,,,,,,,,,,,,,
8.793285369873047,295,8,126.5,573440,69,885,0.4367416203022003,7e-05,0.7057340741157532,-0.30902617584381786,0.15,0.0830078125,0.0032824030079479727,0.007833874,0.27913672503616127,,,,,,,,,,,,,,,,,,,,,,,,,,,,,
8.912750244140625,293,9,120.13,576000,78,889,0.02335881069302559,7e-05,0.7543151378631592,-0.3144049861413591,0.15,0.09260110294117647,0.0003135098034844679,0.012015505,0.13169630710035563,,,,,,,,,,,,,,,,,,,,,,,,,,,,,
8.969286918640137,311,10,121.01,578560,82,891,0.22992824018001556,7e-05,0.7751001119613647,-0.3711225241422653,0.15,0.10904947916666667,0.0029295062025388083,0.021291511,0.22062838093067208,,,,,,,,,,,,,,,,,,,,,,,,,,,,,
,,,,,,895,0.07042600214481354,7e-05,0.7028377056121826,-0.31754588877612894,0.15,0.11304450757575757,0.001855072212603056,0.018084252,0.25915246095621225,,,,,,,,,435200,0.89,2.3981452471857536,2,74.91341668886824,0,127.6,8.69614850461483,,,,,,,,,,,,,
,,,,,,,,,,,,,,,,,,,,,,,,435200,0.76,6.205490791349088,2,99.1314657412065,1,145.65,6.595301093459129,,,,,,,,,,,,,
,,,,,,,,,,,,,,,,,,,,,,,,435200,,,2,,,,,0.89,0,0,83.2,6.75,0,0,0.89,0.0,0.13,0.76,0.89,0
9.09155559539795,2659,1,118.33,581120,0,,,,,,,,,,,2,0.006,8,8,1,7e-05,435200,320,,,,,,,,,,,,,,,,,,,,,
8.776512145996094,477,2,127.08,583680,10,900,0.10946563631296158,7e-05,0.8129067420959473,-0.28338801115751266,0.15,0.07390625,-0.0019233558699488639,0.0043501537,0.24692398987710476,,,,,,,,,,,,,,,,,,,,,,,,,,,,,
8.777186393737793,333,3,128.08,586240,23,905,0.13863877952098846,7e-05,0.8310644626617432,-0.2757810682058334,0.15,0.088359375,-0.0008001452777534723,0.005689234,0.2528632437437773,,,,,,,,,,,,,,,,,,,,,,,,,,,,,
8.686485290527344,328,4,132.38,588800,31,909,0.1538175791501999,7e-05,0.7278857827186584,-0.3123471842727799,0.15,0.09692028985507246,0.0002504241369340731,0.0077167302,0.2696282717844714,,,,,,,,,,,,,,,,,,,,,,,,,,,,,
8.957950592041016,369,5,123.3,591360,34,911,0.13185802102088928,7e-05,0.7748457193374634,-0.3158943173678025,0.15,0.09205163043478261,0.0023734737997469697,0.029683217,0.28524981439113617,,,,,,,,,,,,,,,,,,,,,,,,,,,,,
9.300459861755371,375,6,109.83,593920,40,913,0.6236019730567932,7e-05,0.48237287998199463,-0.32866600416600705,0.15,0.1111328125,0.0037457250291481614,0.012145448,0.24898986034095288,,,,,,,,,,,,,,,,,,,,,,,,,,,,,
9.456657409667969,382,7,103.47,596480,46,916,0.07267382740974426,7e-05,0.5675522089004517,-0.27785192836414685,0.15,0.09783380681818182,0.0026362188245085154,0.017215274,0.12212996362623843,,,,,,,,,,,,,,,,,,,,,,,,,,,,,
9.280077934265137,403,8,105.02,599040,50,918,0.04884740337729454,7e-05,0.6278762817382812,-0.2903620684146881,0.15,0.0728125,0.0034620758891105653,0.020259142,0.168456209897995,,,,,,,,,,,,,,,,,,,,,,,,,,,,,
9.294412612915039,359,9,103.38,601600,64,923,0.05987045168876648,7e-05,0.7751303315162659,-0.2958835293352604,0.15,0.092421875,-0.0008621620666235685,0.008068293,0.1732287498936057,,,,,,,,,,,,,,,,,,,,,,,,,,,,,
8.995275497436523,376,10,114.53,604160,67,925,0.11749329417943954,7e-05,0.8002191781997681,-0.3062250215199686,0.15,0.0859375,0.0036536348803389456,0.012661076,0.17923122854723084,,,,,,,,,,,,,,,,,,,,,,,,,,,,,
,,,,,,926,0.07431809604167938,7e-05,0.8635619282722473,-0.2927999787032604,0.15,0.092578125,0.004542198777198791,0.00797916,0.240995329990983,,,,,,,,,460800,0.96,1.4421831751471883,2,54.85845787114326,0,115.64,9.189475498199464,,,,,,,,,,,,,
,,,,,,,,,,,,,,,,,,,,,,,,460800,0.73,6.873491745907801,2,102.91426480328175,1,152.29,5.992382201254368,,,,,,,,,,,,,
,,,,,,,,,,,,,,,,,,,,,,,,460800,,,2,,,,,0.96,0,0,83.2,6.75,0,1,0.96,0.0,0.22999999999999998,0.73,0.96,1
,,,,,,,,,,,,,,,,,,,,,,,,460800,0.93,2.1980428435324626,2,63.029017920319845,0,119.23,8.949366126880049,,,,,,,,,,,,,
,,,,,,,,,,,,,,,,,,,,,,,,460800,0.68,6.794841002070886,2,109.12663240474345,1,162.41,5.554355823993683,,,,,,,,,,,,,
,,,,,,,,,,,,,,,,,,,,,,,,460800,,,2,,,,,0.93,0,0,83.2,6.75,0,0,0.93,0.0,0.25,0.68,0.93,0
8.693087577819824,2650,1,127.26,606720,0,,,,,,,,,,,2,0.006,8,8,1,7e-05,460800,320,,,,,,,,,,,,,,,,,,,,,
8.484289169311523,927,2,134.3,609280,5,929,0.14991068840026855,7e-05,0.8091698884963989,-0.3487848609685898,0.15,0.09392361111111111,0.002052168051401774,0.015388906,0.445531433655156,,,,,,,,,,,,,,,,,,,,,,,,,,,,,
8.415250778198242,370,3,138.0,611840,20,934,0.09089875966310501,7e-05,0.814150333404541,-0.316325046569109,0.15,0.093359375,-0.0017479850631207227,0.0059116376,0.45535982854664325,,,,,,,,,,,,,,,,,,,,,,,,,,,,,
8.485518455505371,326,4,136.25,614400,31,938,0.1677398532629013,7e-05,0.8506450653076172,-0.2983425120254616,0.15,0.09314123376623376,-0.00015021612650001204,0.006761329,0.3375576005450317,,,,,,,,,,,,,,,,,,,,,,,,,,,,,
8.726020812988281,334,5,127.44,616960,38,941,0.17785108089447021,7e-05,0.6875941753387451,-0.30093074434747297,0.15,0.10042317708333333,0.0030066678300499916,0.020418117,0.2705196923731516,,,,,,,,,,,,,,,,,,,,,,,,,,,,,
9.136824607849121,352,6,113.65,619520,43,943,0.29556336998939514,7e-05,0.7535801529884338,-0.3181593704380487,0.15,0.09498355263157894,0.0016055476214540633,0.012708273,0.5330375780008341,,,,,,,,,,,,,,,,,,,,,,,,,,,,,
9.27225112915039,309,7,109.99,622080,57,948,0.02665279433131218,7e-05,0.46433818340301514,-0.2809312404692173,0.15,0.095234375,-0.0020667245192453267,0.00849618,0.20337500907480716,,,,,,,,,,,,,,,,,,,,,,,,,,,,,
9.32935905456543,289,8,108.24,624640,70,953,0.049689583480358124,7e-05,0.6854603290557861,-0.27285766169428827,0.15,0.083203125,-0.001035392861813307,0.0072809383,0.17704867117106915,,,,,,,,,,,,,,,,,,,,,,,,,,,,,
9.142953872680664,280,9,115.66,627200,82,957,0.0940045639872551,7e-05,0.8111905455589294,-0.2669375039063967,0.15,0.09266826923076923,0.0013697388653571788,0.021897342,0.2993278481066227,,,,,,,,,,,,,,,,,,,,,,,,,,,,,
8.999526023864746,293,10,119.34,629760,87,960,0.18396958708763123,7e-05,0.7518166303634644,-0.30252898214979373,0.15,0.10538563829787234,0.005550149649857206,0.021052709,0.27858050880914037,,,,,,,,,,,,,,,,,,,,,,,,,,,,,
,,,,,,961,0.21586011350154877,7e-05,0.8552050590515137,-0.25077929927243126,0.15,0.08333333333333333,0.0061125244117445415,0.009783628,0.20069004305534893,,,,,,,,,486400,0.89,2.3648239158566455,2,78.84862966469359,0,132.44,8.636070048809051,,,,,,,,,,,,,
,,,,,,,,,,,,,,,,,,,,,,,,486400,0.83,4.547507546480789,2,87.4249026307722,1,128.92,7.837589891850948,,,,,,,,,,,,,
,,,,,,,,,,,,,,,,,,,,,,,,486400,,,2,,,,,0.89,0,0,83.2,6.75,0,0,0.89,0.0,0.06000000000000005,0.83,0.89,0
8.815381050109863,2675,1,123.7,632320,0,,,,,,,,,,,2,0.006,8,8,1,7e-05,486400,320,,,,,,,,,,,,,,,,,,,,,
8.673860549926758,1253,2,127.16,634880,4,963,0.6126827597618103,7e-05,0.7227011919021606,-0.282876145981607,0.15,0.08333333333333333,0.004936463243904568,0.08448695,0.381199282904466,,,,,,,,,,,,,,,,,,,,,,,,,,,,,
8.593801498413086,839,3,128.12,637440,9,966,0.477410227060318,7e-05,0.7967624068260193,-0.26096182264560874,0.15,0.08938953488372094,0.004277840408301631,0.02310129,0.4200932888617349,,,,,,,,,,,,,,,,,,,,,,,,,,,,,
8.685983657836914,744,4,123.21,640000,13,968,1.0103027820587158,7e-05,0.8470779657363892,-0.26449055783450603,0.15,0.110595703125,0.0035485049011185765,0.01319079,0.44672164414077997,,,,,,,,,,,,,,,,,,,,,,,,,,,,,
8.754413604736328,633,5,122.65,642560,20,971,0.2551984488964081,7e-05,0.7917064428329468,-0.2366773479928573,0.15,0.10074869791666667,0.0028258999227546155,0.010229718,0.27013138790304464,,,,,,,,,,,,,,,,,,,,,,,,,,,,,
8.622891426086426,647,6,128.71,645120,23,973,0.46422868967056274,7e-05,0.8137047290802002,-0.24083804853003601,0.15,0.078125,0.002297635736136601,0.010134914,0.2647181127605767,,,,,,,,,,,,,,,,,,,,,,,,,,,,,
8.756217956542969,679,7,125.21,647680,26,974,0.23758365213871002,7e-05,0.814966082572937,-0.21615581680089235,0.15,0.08642578125,-0.000640650512650609,0.0090561975,0.20581681816838682,,,,,,,,,,,,,,,,,,,,,,,,,,,,,
8.581914901733398,638,8,129.79,650240,32,977,0.06715171039104462,7e-05,0.8537954688072205,-0.2587846001220304,0.15,0.09066133720930232,-0.00042090619112863096,0.020123122,0.21981577869764593,,,,,,,,,,,,,,,,,,,,,,,,,,,,,
8.556392669677734,621,9,130.96,652800,37,979,0.19685274362564087,7e-05,0.8737048506736755,-0.22070392556488513,0.15,0.0802734375,0.004587416583672166,0.008892274,0.22932412764057516,,,,,,,,,,,,,,,,,,,,,,,,,,,,,
8.837623596191406,589,10,118.33,655360,43,981,0.042662326246500015,7e-05,0.8539146184921265,-0.2451120825150074,0.15,0.07111378205128205,0.0002574618093860455,0.005914959,0.22082645398301956,,,,,,,,,,,,,,,,,,,,,,,,,,,,,
,,,,,,985,0.3847106695175171,7e-05,0.758040726184845,-0.24213335745864445,0.15,0.06882440476190477,-0.000506530013231058,0.022530166,0.28976556114734164,,,,,,,,,512000,0.97,1.4149134809894668,2,51.752163239810564,0,107.44,9.317276238799096,,,,,,,,,,,,,
,,,,,,,,,,,,,,,,,,,,,,,,512000,0.8,3.242336732321917,2,95.18620645870912,1,131.69,8.123466506004334,,,,,,,,,,,,,
,,,,,,,,,,,,,,,,,,,,,,,,512000,,,2,,,,,0.97,0,0,83.2,6.75,0,1,0.97,0.0,0.16999999999999993,0.8,0.97,1
,,,,,,,,,,,,,,,,,,,,,,,,512000,0.93,2.83464899899745,2,65.38967502595497,0,114.48,8.87496515929699,,,,,,,,,,,,,
,,,,,,,,,,,,,,,,,,,,,,,,512000,0.91,2.7713305831580315,2,69.49096272178132,1,101.81,8.908210179805756,,,,,,,,,,,,,
,,,,,,,,,,,,,,,,,,,,,,,,512000,,,2,,,,,0.93,0,0,83.2,6.75,0,0,0.93,0.0,0.020000000000000018,0.91,0.93,0
8.845044136047363,2367,1,114.69,657920,1,,,,,,,,,,,2,0.006,8,8,0,7e-05,512000,320,,,,,,,,,,,,,,,,,,,,,
8.914695739746094,785,2,114.27,660480,6,987,0.10766103863716125,7e-05,0.8627870082855225,-0.2359859910276201,0.15,0.0763888888888889,0.0038031944746358525,0.008600483,0.24227433206720483,,,,,,,,,,,,,,,,,,,,,,,,,,,,,
9.201435089111328,670,3,106.68,663040,11,989,0.12460977584123611,7e-05,0.8734120726585388,-0.2548522346963485,0.15,0.07552083333333333,0.0022159451618790627,0.009672595,0.30148365659018356,,,,,,,,,,,,,,,,,,,,,,,,,,,,,
9.130136489868164,612,4,108.55,665600,16,991,0.23523740470409393,7e-05,0.8905828595161438,-0.2488580162708576,0.15,0.10236378205128205,0.003611971862996236,0.011369789,0.18051525702079138,,,,,,,,,,,,,,,,,,,,,,,,,,,,,
9.09357738494873,438,5,112.22,668160,29,996,0.10827182233333588,7e-05,0.76666259765625,-0.23398626655340193,0.15,0.081953125,0.000106671042740345,0.00998072,0.3044509704783559,,,,,,,,,,,,,,,,,,,,,,,,,,,,,
9.179205894470215,469,6,108.75,670720,32,998,0.030231419950723648,7e-05,0.8423693180084229,-0.24189811527729035,0.15,0.0821875,0.00588334497064352,0.020348836,0.33188286542892453,,,,,,,,,,,,,,,,,,,,,,,,,,,,,
9.163079261779785,401,7,109.91,673280,44,1003,0.10157602280378342,7e-05,0.842373251914978,-0.21573541566729545,0.15,0.068359375,-0.000798300476744771,0.007947901,0.2996667644381523,,,,,,,,,,,,,,,,,,,,,,,,,,,,,
9.228804588317871,425,8,108.52,675840,48,1005,0.07913979142904282,7e-05,0.8464528322219849,-0.26316053171952564,0.15,0.058779761904761904,0.002773330413869449,0.03138453,0.32032694490182967,,,,,,,,,,,,,,,,,,,,,,,,,,,,,
9.20151138305664,381,9,108.09,678400,60,1010,0.033689819276332855,7e-05,0.849136233329773,-0.2655049005895853,0.15,0.087421875,0.0007628297060728073,0.008247285,0.2476668797247112,,,,,,,,,,,,,,,,,,,,,,,,,,,,,
9.183609962463379,387,10,112.09,680960,66,1013,0.13744348287582397,7e-05,0.8804970383644104,-0.261228730612331,0.15,0.071875,0.00199793620655934,0.015317738,0.2688452483879195,,,,,,,,,,,,,,,,,,,,,,,,,,,,,
,,,,,,1015,0.06348107010126114,7e-05,0.6790766716003418,-0.2374866088586194,0.15,0.05998883928571429,0.0038901331634925945,0.010834876,0.3732732529086726,,,,,,,,,537600,0.95,1.6690895772881957,2,56.2744311388396,0,102.22,9.245901503562926,,,,,,,,,,,,,
,,,,,,,,,,,,,,,,,,,,,,,,537600,0.78,6.948768453063619,2,100.81115960051248,1,130.99,6.456380106806755,,,,,,,,,,,,,
,,,,,,,,,,,,,,,,,,,,,,,,537600,,,2,,,,,0.95,0,0,83.2,6.75,0,0,0.95,0.0,0.16999999999999993,0.78,0.95,0
9.12302303314209,2630,1,113.67,683520,0,,,,,,,,,,,2,0.006,8,8,1,7e-05,537600,320,,,,,,,,,,,,,,,,,,,,,
9.065864562988281,734,2,112.67,686080,6,1018,0.1419638991355896,7e-05,0.9064764380455017,-0.26461661922729623,0.15,0.08196504237288135,0.001716333488791676,0.009112173,0.24266602812429605,,,,,,,,,,,,,,,,,,,,,,,,,,,,,
9.229501724243164,386,3,106.25,688640,19,1023,0.16792914271354675,7e-05,0.8362470865249634,-0.23964486598968507,0.15,0.08390625,-0.001332590151578188,0.0074553667,0.12121442317962647,,,,,,,,,,,,,,,,,,,,,,,,,,,,,
9.168519020080566,392,4,106.75,691200,26,1026,0.09467225521802902,7e-05,0.7406390905380249,-0.24671911922368137,0.15,0.064453125,-0.00038849956101991916,0.009208181,0.14017774825069038,,,,,,,,,,,,,,,,,,,,,,,,,,,,,
9.255220413208008,343,5,102.31,693760,37,1031,0.013203974813222885,7e-05,0.8486530184745789,-0.24242816872894765,0.15,0.08296875,-0.0011265699472278357,0.0072898855,0.17461005603894592,,,,,,,,,,,,,,,,,,,,,,,,,,,,,
9.224252700805664,307,6,105.73,696320,49,1036,0.022488035261631012,7e-05,0.709186315536499,-0.25038877353072164,0.15,0.088828125,-0.0012833457812666893,0.010769283,0.13004410741850733,,,,,,,,,,,,,,,,,,,,,,,,,,,,,
9.233798027038574,345,7,105.09,698880,51,1037,0.2818799614906311,7e-05,0.8397557139396667,-0.2601226054959827,0.15,0.06163194444444445,0.000607102902399169,0.005763445,0.1379921343177557,,,,,,,,,,,,,,,,,,,,,,,,,,,,,
9.288030624389648,322,8,104.91,701440,63,1042,0.014148140326142311,7e-05,0.70744389295578,-0.2456159271299839,0.15,0.076171875,-4.871649667620659e-05,0.007021621,0.0921501007862389,,,,,,,,,,,,,,,,,,,,,,,,,,,,,
9.211368560791016,336,9,108.03,704000,68,1044,0.1416730284690857,7e-05,0.7674563527107239,-0.27183738230048,0.15,0.09311655405405406,0.0009665822710942577,0.009067557,0.17223045340663679,,,,,,,,,,,,,,,,,,,,,,,,,,,,,
9.140881538391113,323,10,110.49,706560,79,1048,0.023259691894054413,7e-05,0.8563377857208252,-0.23784301363969151,0.15,0.07555379746835443,0.0004320601001381874,0.009872755,0.12831979523165316,,,,,,,,,,,,,,,,,,,,,,,,,,,,,
,,,,,,1053,0.05562128126621246,7e-05,0.8295271396636963,-0.24330254778265953,0.15,0.087109375,-0.0025340298796072604,0.012593512,0.1764660093933344,,,,,,,,,563200,0.96,1.5736838451521449,2,55.396028738529616,0,104.8,9.267209936976434,,,,,,,,,,,,,
,,,,,,,,,,,,,,,,,,,,,,,,563200,0.81,5.590012391191725,2,94.40204235078815,1,126.88,7.287818919718266,,,,,,,,,,,,,
,,,,,,,,,,,,,,,,,,,,,,,,563200,,,2,,,,,0.96,0,0,83.2,6.75,0,1,0.96,0.0,0.1499999999999999,0.81,0.96,1
,,,,,,,,,,,,,,,,,,,,,,,,563200,0.98,1.1225948626471518,2,44.631077737379364,0,95.13,9.453937627077103,,,,,,,,,,,,,
,,,,,,,,,,,,,,,,,,,,,,,,563200,0.83,5.739610588845085,2,90.65598435845259,1,121.15,7.366684645265341,,,,,,,,,,,,,
,,,,,,,,,,,,,,,,,,,,,,,,563200,,,2,,,,,0.98,0,0,83.2,6.75,0,1,0.98,0.0,0.15000000000000002,0.83,0.98,1
,,,,,,,,,,,,,,,,,,,,,,,,563200,0.98,1.0927394893260716,2,38.998440994480795,0,95.96,9.442382922172547,,,,,,,,,,,,,
,,,,,,,,,,,,,,,,,,,,,,,,563200,0.83,5.5507863251625675,2,91.07660237404556,1,120.35,7.4494223260879515,,,,,,,,,,,,,
,,,,,,,,,,,,,,,,,,,,,,,,563200,,,2,,,,,0.98,0,0,83.2,6.75,0,1,0.98,0.0,0.15000000000000002,0.83,0.98,1
9.273811340332031,1765,1,110.25,709120,1,,,,,,,,,,,,,,,,,,,,,,,,,,,,,,,,,,,,,,,
9.161174774169922,392,2,129.66,711680,13,1058,0.47397780418395996,3.5e-05,0.45099717378616333,-0.26987440288066866,0.105,0.093515625,-0.0019774928595870734,0.0041322657,1.7251933461427689,,,,,,,,,,,,,,,,,,,,,,,,,,,,,
9.127264022827148,322,3,143.47,714240,23,1063,1.7060794830322266,3.5e-05,0.5188941359519958,-0.290500974804163,0.105,0.077109375,-0.002692726356908679,0.0038995869,0.7981520631164313,,,,,,,,,,,,,,,,,,,,,,,,,,,,,
9.034564971923828,295,4,157.71,716800,34,1068,0.3149620592594147,3.5e-05,0.26187384128570557,-0.3092316773533821,0.105,0.096796875,-0.0009672819264233113,0.0058652177,0.31737589616328477,,,,,,,,,,,,,,,,,,,,,,,,,,,,,
8.946353912353516,295,5,172.66,719360,43,1073,0.10034094750881195,3.5e-05,0.3325187563896179,-0.32857307836413385,0.105,0.1053125,-0.0018005473585799335,0.0039227963,0.2688762337900698,,,,,,,,,,,,,,,,,,,,,,,,,,,,,
8.986553192138672,286,6,182.16,721920,53,1078,0.13272756338119507,3.5e-05,0.2857799530029297,-0.30021502926945687,0.105,0.1009375,-0.0005571380350738764,0.0034183003,0.22369454716332257,,,,,,,,,,,,,,,,,,,,,,,,,,,,,
8.726066589355469,289,7,198.26,724480,61,1083,0.047594211995601654,3.5e-05,0.4422375559806824,-0.40142803278165995,0.105,0.12073131443298969,0.001244995387789515,0.0055352617,0.2562841278568064,,,,,,,,,,,,,,,,,,,,,,,,,,,,,
8.78657341003418,319,8,206.85,727040,64,1084,0.2399328202009201,3.5e-05,0.6579034328460693,-0.3827112913131714,0.105,0.0900735294117647,0.002611342817544937,0.0052574044,0.28717854158843265,,,,,,,,,,,,,,,,,,,,,,,,,,,,,
8.719902038574219,2842,1,217.67,729600,0,1089,0.08745093643665314,3.5e-05,0.5770535469055176,-0.32953386664390566,0.105,0.087109375,-0.0010427390597760678,0.0034648639,0.2765516177937388,3,0.011,11,15,0,7e-05,0,440,,,,,,,,,,,,,,,,,,,,,
8.561869621276855,1213,2,229.75,732160,4,1091,0.1993350088596344,7e-05,0.7100673317909241,-0.3749261642656019,0.15,0.13306451612903225,0.004443907899962318,0.010324567,0.2444471334738116,,,,,,,,,,,,,,,,,,,,,,,,,,,,,
8.289831161499023,609,3,236.86,734720,12,1096,0.17706352472305298,7e-05,0.6241616010665894,-0.3314770179986954,0.15,0.08421875,-0.0004689038638025522,0.006072131,0.3386619611084461,,,,,,,,,,,,,,,,,,,,,,,,,,,,,
8.204387664794922,484,4,241.51,737280,21,1101,0.4631351828575134,7e-05,0.6836483478546143,-0.3559409075975418,0.15,0.10171875,-0.0003208959614858031,0.006312477,0.3795970638468862,,,,,,,,,,,,,,,,,,,,,,,,,,,,,
8.07396125793457,420,5,246.43,739840,30,1106,0.19418387115001678,7e-05,0.7461423277854919,-0.35879873514175414,0.15,0.1015625,-0.002066721739247441,0.0066498304,0.3229457308072597,,,,,,,,,,,,,,,,,,,,,,,,,,,,,
7.926896572113037,394,6,252.65,742400,38,1111,0.48592066764831543,7e-05,0.6895718574523926,-0.35990957245230676,0.15,0.1025,-0.003887982796877623,0.008730111,0.5184137704595924,,,,,,,,,,,,,,,,,,,,,,,,,,,,,
7.879575252532959,423,7,252.9,744960,42,1113,0.45628854632377625,7e-05,0.5698947906494141,-0.38806335715686574,0.15,0.07927389705882353,-0.00032644962672801576,0.00759562,0.6207411812947077,,,,,,,,,,,,,,,,,,,,,,,,,,,,,
7.5738525390625,418,8,268.09,747520,48,1118,-0.0033550718799233437,7e-05,0.7568057775497437,-0.3696548177301884,0.15,0.093671875,-0.0001169128343462944,0.0066936105,0.37972119012847544,,,,,,,,,,,,,,,,,,,,,,,,,,,,,
7.757420063018799,421,9,260.91,750080,54,1121,0.07568233460187912,7e-05,0.6303268074989319,-0.4436647311637276,0.15,0.11307565789473684,-0.0006684030880007828,0.008044839,0.5817682928029906,,,,,,,,,,,,,,,,,,,,,,,,,,,,,
7.808970928192139,402,10,265.54,752640,63,1126,0.7689414620399475,7e-05,0.43045979738235474,-0.37464997828006746,0.15,0.078125,-0.0020655673462897537,0.00479226,0.825879860818386,,,,,,,,,,,,,,,,,,,,,,,,,,,,,
7.602422714233398,2645,1,275.4,755200,0,1131,0.03593521937727928,7e-05,0.5511603355407715,-0.387135221362114,0.15,0.112578125,-0.0010860939975827933,0.008569049,0.5411553598195314,3,0.010808,11,15,0,7e-05,25600,440,,,,,,,,,,,,,,,,,,,,,
7.724248886108398,1327,2,272.09,757760,3,1133,0.15675514936447144,7e-05,0.48039358854293823,-0.3938787204027176,0.15,0.085625,0.005208741091191769,0.013837382,0.7519391457736492,,,,,,,,,,,,,,,,,,,,,,,,,,,,,
7.913980484008789,512,3,267.41,760320,14,1138,0.4730164408683777,7e-05,0.0753779411315918,-0.3745872214436531,0.15,0.079296875,-0.0014877197705209255,0.00490703,0.9900300175696611,,,,,,,,,,,,,,,,,,,,,,,,,,,,,
7.855758190155029,578,4,270.23,762880,17,1140,0.10140406340360641,7e-05,0.328796923160553,-0.42032779335975645,0.15,0.088125,0.003962301909923554,0.018295249,0.4832380306720734,,,,,,,,,,,,,,,,,,,,,,,,,,,,,
7.959150791168213,488,5,271.63,765440,26,1145,0.37737494707107544,7e-05,0.24097412824630737,-0.37376164585351945,0.15,0.102265625,-0.002685230802744627,0.0071954355,0.5084522484615445,,,,,,,,,,,,,,,,,,,,,,,,,,,,,
7.9219746589660645,503,6,277.88,768000,30,1148,0.23402753472328186,7e-05,0.33407062292099,-0.4147594062721028,0.15,0.12913602941176472,0.0007664297214325736,0.01623567,0.40695393253483025,,,,,,,,,,,,,,,,,,,,,,,,,,,,,
7.9997124671936035,519,7,276.37,770560,34,1150,0.22409941256046295,7e-05,0.35609716176986694,-0.40848521182411596,0.15,0.07462993421052631,-0.0004321702903038577,0.008046944,0.4870810380303546,,,,,,,,,,,,,,,,,,,,,,,,,,,,,
8.357870101928711,439,8,259.04,773120,46,1155,0.0024177301675081253,7e-05,0.45714330673217773,-0.3825267615914345,0.15,0.111640625,-0.001433608653023839,0.008135915,0.4772400496620685,,,,,,,,,,,,,,,,,,,,,,,,,,,,,
8.372315406799316,412,9,257.14,775680,55,1160,0.0296484362334013,7e-05,0.5706396698951721,-0.3807204681634903,0.15,0.101796875,-0.003791952859610319,0.008881944,0.48710745237767694,,,,,,,,,,,,,,,,,,,,,,,,,,,,,
8.377368927001953,431,10,255.62,778240,59,1162,0.09324900805950165,7e-05,0.7161506414413452,-0.3957236478726069,0.15,0.10078125,0.004172907366106908,0.009719491,0.30405014008283615,,,,,,,,,,,,,,,,,,,,,,,,,,,,,
8.448837280273438,2611,1,251.29,780800,0,1165,0.14299984276294708,7e-05,0.6613173484802246,-0.42483605412726705,0.15,0.10422207446808511,0.0018396708678374899,0.01623349,0.3554605633178924,3,0.010615999999999999,11,15,0,7e-05,51200,440,,,,,,,,,,,,,,,,,,,,,
8.322715759277344,492,2,255.64,783360,10,1170,0.08313960582017899,7e-05,0.6724152565002441,-0.387039480805397,0.15,0.101328125,-0.0017502025235444306,0.0077572935,0.33605103462934494,,,,,,,,,,,,,,,,,,,,,,,,,,,,,
8.380390167236328,375,3,252.42,785920,20,1175,0.020995406433939934,7e-05,0.7181159257888794,-0.39505354791879654,0.15,0.097421875,-0.001418125368654728,0.005624743,0.3519726118817925,,,,,,,,,,,,,,,,,,,,,,,,,,,,,
8.517023086547852,414,4,245.87,788480,24,1178,0.1582375466823578,7e-05,0.6057139039039612,-0.43700379075912327,0.15,0.10021033653846154,0.0033315307138344417,0.011803709,0.4228005808993028,,,,,,,,,,,,,,,,,,,,,,,,,,,,,
8.659866333007812,372,5,237.64,791040,34,1183,0.2115938514471054,7e-05,0.7085960507392883,-0.39318867802619933,0.15,0.1121875,0.000913296015933156,0.009263895,0.34306094106286766,,,,,,,,,,,,,,,,,,,,,,,,,,,,,
8.67545223236084,356,6,234.89,793600,43,1188,0.01390119269490242,7e-05,0.6340415477752686,-0.36950669676065445,0.15,0.093203125,-0.0013827199302613735,0.006460499,0.28002832405269146,,,,,,,,,,,,,,,,,,,,,,,,,,,,,
8.729443550109863,365,7,233.21,796160,49,1191,0.10651568323373795,7e-05,0.7017541527748108,-0.35523764659529145,0.15,0.10173233695652174,-8.803267922738324e-05,0.010345608,0.3002960575825494,,,,,,,,,,,,,,,,,,,,,,,,,,,,,
8.667805671691895,350,8,236.7,798720,58,1196,0.019387144595384598,7e-05,0.6077685356140137,-0.34259495288133623,0.15,0.09015625,-0.0008417776972055436,0.0063834377,0.2361934781074524,,,,,,,,,,,,,,,,,,,,,,,,,,,,,
8.718708038330078,340,9,238.06,801280,67,1201,0.07248082756996155,7e-05,0.5866259932518005,-0.3656649056077004,0.15,0.104921875,-0.0009141417685896158,0.0058070435,0.2761900499090552,,,,,,,,,,,,,,,,,,,,,,,,,,,,,
8.851744651794434,328,10,232.61,803840,77,1206,0.0032776272855699062,7e-05,0.5389620661735535,-0.34480008989572525,0.15,0.0946875,-0.0008365356735885143,0.009891131,0.3203069872502238,,,,,,,,,,,,,,,,,,,,,,,,,,,,,
8.919803619384766,2610,1,229.96,806400,0,1211,0.08206450194120407,7e-05,0.6127967834472656,-0.3445024217665196,0.15,0.1084375,-0.00033085433300584556,0.0064632157,0.2956947044841945,3,0.010424,11,15,0,7e-05,76800,440,,,,,,,,,,,,,,,,,,,,,
8.910337448120117,420,2,224.16,808960,12,1216,0.13199758529663086,7e-05,0.6610801815986633,-0.36302522182464597,0.15,0.1053125,-0.0014506710693240165,0.007763803,0.2864069519005716,,,,,,,,,,,,,,,,,,,,,,,,,,,,,
8.82512092590332,355,3,229.6,811520,21,1221,0.12538421154022217,7e-05,0.6795013546943665,-0.346489842236042,0.15,0.10328125,-0.0012510303780436515,0.009363503,0.25437870882451535,,,,,,,,,,,,,,,,,,,,,,,,,,,,,
8.711796760559082,347,4,231.59,814080,29,1226,0.21504126489162445,7e-05,0.6371781826019287,-0.36607460424304006,0.15,0.093515625,-0.0004906481085345149,0.007660241,0.23851948518306018,,,,,,,,,,,,,,,,,,,,,,,,,,,,,
8.7352876663208,341,5,235.0,816640,37,1231,0.13142357766628265,7e-05,0.6859619617462158,-0.3204952131211758,0.15,0.0784375,0.0009201079420745373,0.0043356675,0.3929912285320461,,,,,,,,,,,,,,,,,,,,,,,,,,,,,
8.666093826293945,368,6,241.19,819200,41,1233,0.2254052460193634,7e-05,0.46550095081329346,-0.379211407255482,0.15,0.07495777027027027,0.0024658606161136886,0.011401721,0.5033166738780769,,,,,,,,,,,,,,,,,,,,,,,,,,,,,
8.668418884277344,380,7,240.27,821760,47,1236,0.16174601018428802,7e-05,0.5932934284210205,-0.350267560283343,0.15,0.09700520833333333,0.003637751362596949,0.008330179,0.37894889973104,,,,,,,,,,,,,,,,,,,,,,,,,,,,,
8.6903657913208,363,8,235.87,824320,56,1241,0.09798797965049744,7e-05,0.6780761480331421,-0.32763118654489515,0.15,0.08921875,-0.0025913663767278194,0.007776811,0.3299490451440215,,,,,,,,,,,,,,,,,,,,,,,,,,,,,
8.575806617736816,328,9,236.56,826880,70,1246,0.2001555860042572,7e-05,0.5672335624694824,-0.34665359228849413,0.15,0.093359375,-0.0017085039522498845,0.0048032063,0.35219252763316033,,,,,,,,,,,,,,,,,,,,,,,,,,,,,
8.532023429870605,318,10,242.86,829440,80,1251,0.011211249977350235,7e-05,0.5727589726448059,-0.37868949353694914,0.15,0.079140625,-0.0004885344952344895,0.005217992,0.29818941246718167,,,,,,,,,,,,,,,,,,,,,,,,,,,,,
8.53852367401123,2005,1,243.81,832000,1,1253,0.3620142340660095,7e-05,0.5039543509483337,-0.3907778916450647,0.15,0.0946514423076923,0.003155612350942997,0.019869125,0.35379845634675944,3,0.010232,11,15,0,7e-05,102400,440,,,,,,,,,,,,,,,,,,,,,
8.541173934936523,394,2,243.05,834560,12,1258,0.09955578297376633,7e-05,0.41650259494781494,-0.379241042137146,0.15,0.10296875,-0.002622978421859443,0.0074453778,0.41538038637489083,,,,,,,,,,,,,,,,,,,,,,,,,,,,,
8.730052947998047,497,3,236.99,837120,15,1260,0.1196727529168129,7e-05,0.4521508812904358,-0.38025191296701844,0.15,0.07846467391304347,0.004130666792068792,0.018828556,0.32179135618650395,,,,,,,,,,,,,,,,,,,,,,,,,,,,,
8.67248821258545,389,4,237.51,839680,26,1265,0.1492394208908081,7e-05,0.4137726426124573,-0.37693361163139344,0.15,0.08609375,-0.002823658511042595,0.006596672,0.4131233385205269,,,,,,,,,,,,,,,,,,,,,,,,,,,,,
8.656818389892578,398,5,234.96,842240,32,1270,0.01143118366599083,7e-05,0.5922473669052124,-0.4358598737069118,0.15,0.11574074074074074,-6.2884682398519395e-06,0.034065373,0.24669674748301873,,,,,,,,,,,,,,,,,,,,,,,,,,,,,
8.799651145935059,333,6,227.8,844800,46,1275,0.23829464614391327,7e-05,0.6556278467178345,-0.40124702632427217,0.15,0.115546875,-0.002456020419485867,0.0057082074,0.3036573520116508,,,,,,,,,,,,,,,,,,,,,,,,,,,,,
8.9209566116333,311,7,224.09,847360,57,1280,0.08429892361164093,7e-05,0.7279791831970215,-0.37892576545476914,0.15,0.0803125,-0.0024349298886954785,0.005338685,0.38386836361140014,,,,,,,,,,,,,,,,,,,,,,,,,,,,,
8.958174705505371,301,8,220.79,849920,67,1285,0.13739532232284546,7e-05,0.6955245733261108,-0.34741137981414794,0.15,0.098984375,-0.0028982060961425305,0.007801053,0.26238691605627534,,,,,,,,,,,,,,,,,,,,,,,,,,,,,
8.888445854187012,298,9,223.89,852480,77,1290,0.09057887643575668,7e-05,0.6810095310211182,-0.382123196721077,0.15,0.096171875,-0.00015885048545897007,0.007959694,0.27167471861466763,,,,,,,,,,,,,,,,,,,,,,,,,,,,,
8.953842163085938,296,10,221.5,855040,86,1295,0.15892377495765686,7e-05,0.6262252330780029,-0.3884910005331039,0.15,0.1140625,-0.0007508095260709524,0.010980878,0.270624312274158,,,,,,,,,,,,,,,,,,,,,,,,,,,,,
8.746716499328613,2493,1,229.97,857600,1,1300,0.09220372885465622,7e-05,0.5660600662231445,-0.3789151054620743,0.15,0.098046875,-0.0029290958400815725,0.006692567,0.31096312882378696,3,0.010039999999999999,11,15,0,7e-05,128000,440,,,,,,,,,,,,,,,,,,,,,
8.667158126831055,547,2,234.76,860160,9,1305,0.04240015149116516,7e-05,0.5965660810470581,-0.4029355081915855,0.15,0.092734375,-0.002619506837800145,0.008092063,0.3052015693485737,,,,,,,,,,,,,,,,,,,,,,,,,,,,,
8.735320091247559,436,3,231.38,862720,17,1310,0.1970677673816681,7e-05,0.5061097741127014,-0.4251726722717285,0.15,0.09375,-0.003416081741452217,0.0063038506,0.34593728099018334,,,,,,,,,,,,,,,,,,,,,,,,,,,,,
8.770163536071777,423,4,228.87,865280,24,1314,0.3828379213809967,7e-05,0.3668702244758606,-0.44047243785167084,0.15,0.09612771739130435,-0.0011871045023418856,0.01076897,0.4416925571318986,,,,,,,,,,,,,,,,,,,,,,,,,,,,,
8.626696586608887,370,5,237.01,867840,34,1319,0.28703755140304565,7e-05,0.4542394280433655,-0.4106841856241226,0.15,0.1103125,-0.0019933072105050085,0.011592658,0.3734986962005496,,,,,,,,,,,,,,,,,,,,,,,,,,,,,
8.545273780822754,352,6,242.87,870400,43,1324,0.03923003003001213,7e-05,0.6147065162658691,-0.3915563985705376,0.15,0.103203125,-0.004031912991777063,0.0077726454,0.2427297014929354,,,,,,,,,,,,,,,,,,,,,,,,,,,,,
8.585663795471191,340,7,244.95,872960,52,1329,0.15454381704330444,7e-05,0.6144047975540161,-0.40903539150953294,0.15,0.086953125,-0.0018314301501959561,0.0044005737,0.2703747137449682,,,,,,,,,,,,,,,,,,,,,,,,,,,,,
8.571442604064941,324,8,248.52,875520,63,1334,0.06711850315332413,7e-05,0.6651952266693115,-0.40556894570589064,0.15,0.108828125,-0.002100837202742696,0.00805865,0.31930344805121424,,,,,,,,,,,,,,,,,,,,,,,,,,,,,
8.64079761505127,341,9,247.01,878080,67,1337,0.12931618094444275,7e-05,0.6300126314163208,-0.4327949945833169,0.15,0.09053308823529412,-0.001457567034544898,0.008830738,0.22936137221461417,,,,,,,,,,,,,,,,,,,,,,,,,,,,,
8.680529594421387,360,10,249.17,880640,70,1339,0.42047566175460815,7e-05,0.5404040813446045,-0.45720694608548107,0.15,0.10500919117647059,0.0032075335655142277,0.011646154,0.310425056692432,,,,,,,,,,,,,,,,,,,,,,,,,,,,,
8.602618217468262,2503,1,254.16,883200,1,1341,0.09943490475416183,7e-05,0.44705671072006226,-0.44800474533909246,0.15,0.09107730263157894,0.004662828152313044,0.008667062,0.2146257624814385,3,0.009847999999999999,11,15,0,7e-05,153600,440,,,,,,,,,,,,,,,,,,,,,
8.545032501220703,545,2,255.84,885760,9,1346,0.07757772505283356,7e-05,0.3548245429992676,-0.45586064547300337,0.15,0.106015625,0.00026331085711717606,0.0058705183,0.2674692394956946,,,,,,,,,,,,,,,,,,,,,,,,,,,,,
8.513751983642578,424,3,262.55,888320,18,1351,0.4439161419868469,7e-05,0.34904807806015015,-0.44272190779447557,0.15,0.107109375,-0.0020033346302807333,0.0071355402,0.3733204057067633,,,,,,,,,,,,,,,,,,,,,,,,,,,,,
8.502674102783203,404,4,265.0,890880,25,1356,0.05490266531705856,7e-05,0.24604147672653198,-0.4603374361991882,0.15,0.12234375,-0.0014459821674972773,0.010412212,0.24904286477714777,,,,,,,,,,,,,,,,,,,,,,,,,,,,,
8.560100555419922,399,5,263.35,893440,32,1360,0.22723324596881866,7e-05,0.34696805477142334,-0.41813687384128573,0.15,0.10345982142857142,0.0005873260886541435,0.015281176,0.3431080743670464,,,,,,,,,,,,,,,,,,,,,,,,,,,,,
8.62083911895752,351,6,262.42,896000,43,1365,0.306631475687027,7e-05,0.31766992807388306,-0.42348057150840757,0.15,0.10578125,-0.0038085912726819517,0.006238278,0.3343314086087048,,,,,,,,,,,,,,,,,,,,,,,,,,,,,
8.639796257019043,336,7,261.26,898560,53,1370,0.1764374077320099,7e-05,0.4260264039039612,-0.41770785182714465,0.15,0.093515625,-0.0032686781603842975,0.007858109,0.3349418880417943,,,,,,,,,,,,,,,,,,,,,,,,,,,,,
8.585570335388184,338,8,262.63,901120,60,1375,0.059982094913721085,7e-05,0.5135490894317627,-0.41778223544359205,0.15,0.106953125,-0.002912925840355456,0.011899063,0.23267581607215107,,,,,,,,,,,,,,,,,,,,,,,,,,,,,
8.517679214477539,320,9,265.36,903680,71,1380,0.02286682277917862,7e-05,0.5048904418945312,-0.4155283552408218,0.15,0.092421875,-0.0032767846900969744,0.0053925538,0.3040230900608003,,,,,,,,,,,,,,,,,,,,,,,,,,,,,
8.605794906616211,314,10,259.67,906240,81,1385,0.16163261234760284,7e-05,0.4914891719818115,-0.4173801890015602,0.15,0.094765625,-0.002976218927651644,0.0061264355,0.2915635211020708,,,,,,,,,,,,,,,,,,,,,,,,,,,,,
8.678319931030273,2836,1,257.09,908800,0,1387,0.14299313724040985,7e-05,0.5345562696456909,-0.42801595546982507,0.15,0.048650568181818184,0.0017247940836982293,0.026080264,0.2931730405173518,3,0.009656,11,15,0,7e-05,179200,440,,,,,,,,,,,,,,,,,,,,,
8.68307113647461,511,2,257.07,911360,10,1392,0.4937335252761841,7e-05,0.4981515407562256,-0.39755823239684107,0.15,0.091953125,-0.0015878763981163502,0.008758177,0.28710228350013495,,,,,,,,,,,,,,,,,,,,,,,,,,,,,
8.501324653625488,438,3,262.09,913920,17,1397,0.2745159864425659,7e-05,0.5025135278701782,-0.4296140417456627,0.15,0.101171875,0.0004133975319564342,0.0065245973,0.2694417937844992,,,,,,,,,,,,,,,,,,,,,,,,,,,,,
8.413789749145508,409,4,262.69,916480,25,1402,0.11979931592941284,7e-05,0.3881043791770935,-0.3871718209523421,0.15,0.0965831043956044,-0.0016159030230163218,0.0103241755,0.30005165856781896,,,,,,,,,,,,,,,,,,,,,,,,,,,,,
8.394447326660156,381,5,266.13,919040,33,1407,0.06728764623403549,7e-05,0.5361219048500061,-0.38814955197274686,0.15,0.091796875,-0.0030724251549690963,0.0062912004,0.3331169981881976,,,,,,,,,,,,,,,,,,,,,,,,,,,,,
8.268259048461914,358,6,271.34,921600,42,1412,0.2705927789211273,7e-05,0.5318182706832886,-0.39236077591776847,0.15,0.075859375,-0.0020795870665460824,0.005139916,0.43331307573243977,,,,,,,,,,,,,,,,,,,,,,,,,,,,,
8.199716567993164,348,7,273.55,924160,51,1417,0.1254773736000061,7e-05,0.5161919593811035,-0.38560381561517715,0.15,0.098046875,-0.0017092514969408513,0.0070545212,0.30581197356805206,,,,,,,,,,,,,,,,,,,,,,,,,,,,,
7.934215068817139,375,8,281.92,926720,54,1420,0.3066624701023102,7e-05,0.3947082757949829,-0.36340002644629704,0.15,0.09654017857142858,0.003004453366711026,0.024068216,0.3588365971864689,,,,,,,,,,,,,,,,,,,,,,,,,,,,,
7.796018600463867,351,9,286.18,929280,65,1425,0.1175026074051857,7e-05,0.4337329864501953,-0.44517847955226897,0.15,0.111796875,0.00017400743439793587,0.005573525,0.3790058555826545,,,,,,,,,,,,,,,,,,,,,,,,,,,,,
7.71596622467041,341,10,289.57,931840,74,1430,0.6310118436813354,7e-05,0.41793787479400635,-0.40856816738843915,0.15,0.11546875,-0.0018320612143725157,0.00730931,0.33767616759985686,,,,,,,,,,,,,,,,,,,,,,,,,,,,,
,,,,,,1435,0.18501730263233185,7e-05,0.3406950831413269,-0.42745021551847456,0.15,0.113515625,-0.003996877893805504,0.007868858,0.5029499505087733,,,,,,,,,204800,0.85,2.3200324466997606,3,97.14943695153359,0,274.13,8.188462567925454,,,,,,,,,,,,,
,,,,,,,,,,,,,,,,,,,,,,,,204800,0.5,6.494493163049154,3,141.6663470976788,1,299.31,4.245957875549793,,,,,,,,,,,,,
,,,,,,,,,,,,,,,,,,,,,,,,204800,,,3,,,,,0.85,0,0,157.3,6.75,0,0,0.85,0.0,0.35,0.5,0.85,0
7.5147294998168945,2247,1,295.85,934400,1,,,,,,,,,,,3,0.010964,11,15,1,7e-05,204800,440,,,,,,,,,,,,,,,,,,,,,
7.430619716644287,576,2,299.18,936960,8,1440,0.06238830089569092,7e-05,0.30812036991119385,-0.43880226284265517,0.15,0.114765625,-0.0020452705724164845,0.009593467,0.3755750254355371,,,,,,,,,,,,,,,,,,,,,,,,,,,,,
7.479478359222412,457,3,298.17,939520,16,1445,0.7197429537773132,7e-05,0.24090713262557983,-0.4298012943900361,0.15,0.0979751275510204,-0.0006765751975911612,0.0075499546,0.4664921161091449,,,,,,,,,,,,,,,,,,,,,,,,,,,,,
7.646117687225342,410,4,288.42,942080,24,1450,0.0009793397039175034,7e-05,0.2952137589454651,-0.4440618592500687,0.15,0.09890625,-0.0006706964317709208,0.0064472607,0.4532389915175736,,,,,,,,,,,,,,,,,,,,,,,,,,,,,
7.735335826873779,376,5,285.24,944640,34,1455,0.05524613335728645,7e-05,0.31205689907073975,-0.4499553382396698,0.15,0.08140625,-0.0019093369413167238,0.0063475342,0.4307805665582418,,,,,,,,,,,,,,,,,,,,,,,,,,,,,
7.684548377990723,358,6,285.85,947200,42,1460,0.17583297193050385,7e-05,0.44458192586898804,-0.4132120072841644,0.15,0.096875,-0.0032128901686519383,0.0065012746,0.47155576609075067,,,,,,,,,,,,,,,,,,,,,,,,,,,,,
7.563729286193848,362,7,290.38,949760,49,1465,0.0962984561920166,7e-05,0.4974867105484009,-0.39987863034009935,0.15,0.10265625,-0.0020799471950158476,0.007271008,0.2416561735793948,,,,,,,,,,,,,,,,,,,,,,,,,,,,,
7.536705493927002,378,8,290.28,952320,54,1468,0.1501527726650238,7e-05,0.49646633863449097,-0.46529625762592663,0.15,0.11051136363636363,0.0034299639815633946,0.009131698,0.41814246631481433,,,,,,,,,,,,,,,,,,,,,,,,,,,,,
7.747488498687744,399,9,282.66,954880,57,1470,0.11733965575695038,7e-05,0.48165225982666016,-0.4524799980021812,0.15,0.12098817567567567,0.0028240572711503184,0.0143101,0.3235804478864412,,,,,,,,,,,,,,,,,,,,,,,,,,,,,
7.94725227355957,387,10,274.22,957440,66,1475,0.02264138124883175,7e-05,0.4910846948623657,-0.4055358910560608,0.15,0.09546875,-0.0016557584516704083,0.0085518975,0.4445582103356719,,,,,,,,,,,,,,,,,,,,,,,,,,,,,
,,,,,,1480,0.37864527106285095,7e-05,0.4336637854576111,-0.43474816024303437,0.15,0.100859375,-0.0033653240976855158,0.004908155,0.39499023407697675,,,,,,,,,230400,0.83,2.49709627595259,3,92.2412901037274,0,272.62,8.112065189629794,,,,,,,,,,,,,
,,,,,,,,,,,,,,,,,,,,,,,,230400,0.43,5.042759294647001,3,138.41676885406622,1,320.41,4.733844862580299,,,,,,,,,,,,,
,,,,,,,,,,,,,,,,,,,,,,,,230400,,,3,,,,,0.83,0,0,157.3,6.75,0,0,0.83,0.0,0.39999999999999997,0.43,0.83,0
8.162981986999512,2308,1,268.01,960000,1,,,,,,,,,,,3,0.011,11,15,1,7e-05,230400,440,,,,,,,,,,,,,,,,,,,,,
8.081748962402344,497,2,268.1,962560,10,1485,0.14915934205055237,7e-05,0.46248048543930054,-0.4465336364507675,0.15,0.101328125,-0.0016678400337696076,0.006927871,0.4372603484429419,,,,,,,,,,,,,,,,,,,,,,,,,,,,,
8.07140064239502,395,3,269.07,965120,19,1490,0.06296316534280777,7e-05,0.4040372371673584,-0.38538489181004215,0.15,0.08936095505617977,-0.0004207397539043025,0.0139333885,0.2755249324725585,,,,,,,,,,,,,,,,,,,,,,,,,,,,,
7.9828362464904785,355,4,274.12,967680,28,1495,0.14280177652835846,7e-05,0.47825390100479126,-0.4044814959168434,0.15,0.0925,-0.0012985160201787948,0.0049703824,0.37563040003180503,,,,,,,,,,,,,,,,,,,,,,,,,,,,,
7.8886942863464355,366,5,279.87,970240,34,1499,0.02060837671160698,7e-05,0.3319861888885498,-0.40103642582893373,0.15,0.10729166666666666,-0.0010451503843069076,0.010002514,0.3176415217171113,,,,,,,,,,,,,,,,,,,,,,,,,,,,,
7.709033966064453,413,6,284.98,972800,37,1500,0.184727743268013,7e-05,0.46400099992752075,-0.4315144800477558,0.15,0.07335069444444445,0.003897337708622217,0.0043704063,0.38746861140761113,,,,,,,,,,,,,,,,,,,,,,,,,,,,,
7.688104152679443,444,7,287.12,975360,40,1502,0.23658454418182373,7e-05,0.39524978399276733,-0.484845582395792,0.15,0.11588541666666667,0.005492743803188205,0.01204738,0.38778164330869913,,,,,,,,,,,,,,,,,,,,,,,,,,,,,
7.753079891204834,412,8,284.33,977920,49,1507,0.05801233649253845,7e-05,0.31671953201293945,-0.43576956003904344,0.15,0.101796875,-0.0018646156787872315,0.0064204694,0.40729758456349374,,,,,,,,,,,,,,,,,,,,,,,,,,,,,
7.702123641967773,402,9,287.73,980480,57,1512,0.20099285244941711,7e-05,0.28286445140838623,-0.41098018512129786,0.15,0.11546875,-0.001571796713396907,0.00874462,0.4412027367763221,,,,,,,,,,,,,,,,,,,,,,,,,,,,,
7.7606000900268555,393,10,287.85,983040,64,1517,0.5465375185012817,7e-05,0.3673376441001892,-0.41665503829717637,0.15,0.115,-0.0015799196623265744,0.008734791,0.3548197186551988,,,,,,,,,,,,,,,,,,,,,,,,,,,,,
,,,,,,1522,0.6193466782569885,7e-05,0.38045233488082886,-0.45899718552827834,0.15,0.122109375,-0.002742986520752311,0.0068354355,0.48188696751371024,,,,,,,,,256000,0.83,2.684375041020666,3,98.22844547278552,0,275.75,8.013807488679886,,,,,,,,,,,,,
,,,,,,,,,,,,,,,,,,,,,,,,256000,0.61,5.3971307074843375,3,132.36833609288894,1,277.06,5.825722323209047,,,,,,,,,,,,,
,,,,,,,,,,,,,,,,,,,,,,,,256000,,,3,,,,,0.83,0,0,157.3,6.75,0,0,0.83,0.0,0.21999999999999997,0.61,0.83,0
7.826596260070801,2290,1,286.78,985600,1,,,,,,,,,,,3,0.011,11,15,1,7e-05,256000,440,,,,,,,,,,,,,,,,,,,,,
7.697483062744141,540,2,289.0,988160,9,1527,0.18394587934017181,7e-05,0.49311625957489014,-0.4486764442920685,0.15,0.100859375,-0.0018029848672449589,0.0053703533,0.41252536863088607,,,,,,,,,,,,,,,,,,,,,,,,,,,,,
7.865178108215332,407,3,285.23,990720,18,1532,0.36285272240638733,7e-05,0.5312098264694214,-0.48359552085399626,0.15,0.121015625,-0.0017910953890532255,0.007555692,0.3757149581797421,,,,,,,,,,,,,,,,,,,,,,,,,,,,,
7.960195541381836,400,4,280.08,993280,25,1536,0.5208253264427185,7e-05,0.5342054963111877,-0.4617383194296327,0.15,0.08925513698630137,-0.0005700580571612266,0.007907192,0.43587164284840024,,,,,,,,,,,,,,,,,,,,,,,,,,,,,
8.191902160644531,372,5,269.08,995840,34,1541,0.3486282527446747,7e-05,0.5901515483856201,-0.477075619995594,0.15,0.088828125,-0.0032156040193513035,0.0044053486,0.3769024672545493,,,,,,,,,,,,,,,,,,,,,,,,,,,,,
8.39501667022705,341,6,263.42,998400,45,1546,0.2166886329650879,7e-05,0.6608017683029175,-0.4598393800854683,0.15,0.099765625,-0.003079603388905525,0.0052472176,0.33653031554073093,,,,,,,,,,,,,,,,,,,,,,,,,,,,,
8.446529388427734,332,7,258.6,1000960,53,1551,0.1767393797636032,7e-05,0.6529310941696167,-0.4342938287556171,0.15,0.087109375,-0.0018479912355542183,0.0066894353,0.31233626529574393,,,,,,,,,,,,,,,,,,,,,,,,,,,,,
8.505928039550781,324,8,255.62,1003520,63,1556,0.06487537175416946,7e-05,0.6730538606643677,-0.4539553660154343,0.15,0.104140625,-0.0030108149955049156,0.007566972,0.33786642957478763,,,,,,,,,,,,,,,,,,,,,,,,,,,,,
8.581916809082031,321,9,250.73,1006080,71,1561,0.08223187178373337,7e-05,0.6662930250167847,-0.4634124600887299,0.15,0.094453125,-0.001708570304326713,0.006181239,0.3817718443647027,,,,,,,,,,,,,,,,,,,,,,,,,,,,,
8.44776439666748,324,10,257.66,1008640,78,1566,0.01036611944437027,7e-05,0.6339758634567261,-0.4520831573009491,0.15,0.1046875,-0.0038518497813493013,0.0075122886,0.2129686962813139,,,,,,,,,,,,,,,,,,,,,,,,,,,,,
,,,,,,1571,0.04866219311952591,7e-05,0.5969428420066833,-0.43942844450473784,0.15,0.102421875,-0.0007013574335724116,0.00583396,0.25088366013020275,,,,,,,,,281600,0.89,2.018008462519498,3,88.24578120227616,0,245.61,8.57682693362236,,,,,,,,,,,,,
,,,,,,,,,,,,,,,,,,,,,,,,281600,0.45,6.459841903307375,3,139.48063485659935,1,314.75,3.749642924531363,,,,,,,,,,,,,
,,,,,,,,,,,,,,,,,,,,,,,,281600,,,3,,,,,0.89,0,0,157.3,6.75,0,0,0.89,0.0,0.44,0.45,0.89,0
8.476454734802246,2150,1,261.38,1011200,1,,,,,,,,,,,3,0.011,11,15,1,7e-05,281600,440,,,,,,,,,,,,,,,,,,,,,
8.378396987915039,714,2,262.11,1013760,7,1575,0.1616942584514618,7e-05,0.570559024810791,-0.45613760471343995,0.15,0.12427083333333333,0.002185725619395574,0.010262888,0.31079091802239417,,,,,,,,,,,,,,,,,,,,,,,,,,,,,
8.458255767822266,826,3,258.13,1016320,9,1576,0.15974771976470947,7e-05,0.5311521887779236,-0.410723469654719,0.15,0.04114583333333333,0.00317119521399339,0.0033707777,0.3373047302166621,,,,,,,,,,,,,,,,,,,,,,,,,,,,,
8.447168350219727,544,4,258.85,1018880,18,1581,0.21407487988471985,7e-05,0.46347206830978394,-0.4216755124926567,0.15,0.097109375,-0.0024180591013282537,0.005693323,0.4203087466210127,,,,,,,,,,,,,,,,,,,,,,,,,,,,,
8.354172706604004,465,5,261.31,1021440,27,1586,0.022410055622458458,7e-05,0.3585628271102905,-0.39518844336271286,0.15,0.08671875,-0.005146426646970213,0.00727112,0.33645342364907266,,,,,,,,,,,,,,,,,,,,,,,,,,,,,
8.430276870727539,398,6,255.95,1024000,38,1591,0.12073704600334167,7e-05,0.3691210150718689,-0.4424184414744377,0.15,0.093828125,-0.00224189062602818,0.007332093,0.46244944773614405,,,,,,,,,,,,,,,,,,,,,,,,,,,,,
8.508719444274902,413,7,255.0,1026560,43,1594,0.12198013067245483,7e-05,0.5886200666427612,-0.4242337102239782,0.15,0.09499289772727272,0.0018403086895969782,0.014887508,0.32396557880565524,,,,,,,,,,,,,,,,,,,,,,,,,,,,,
8.296309471130371,434,8,260.97,1029120,47,1597,0.04572797194123268,7e-05,0.8120663166046143,-0.4709842238161299,0.15,0.10173611111111111,-0.0017501995381381777,0.01183846,0.2088509250846174,,,,,,,,,,,,,,,,,,,,,,,,,,,,,
8.35437297821045,405,9,259.84,1031680,56,1602,0.22128719091415405,7e-05,0.6887146234512329,-0.42733569353818895,0.15,0.095,-0.0025710552651435135,0.0061104884,0.23282008320093156,,,,,,,,,,,,,,,,,,,,,,,,,,,,,
8.489533424377441,384,10,252.49,1034240,66,1607,0.09378154575824738,7e-05,0.5655368566513062,-0.39893618106842044,0.15,0.095390625,-0.0037167795095592736,0.0076939734,0.24792653746902943,,,,,,,,,,,,,,,,,,,,,,,,,,,,,
,,,,,,1612,0.09019534289836884,7e-05,0.5286891460418701,-0.3880907413363457,0.15,0.09765625,-0.00343970512971282,0.007334168,0.3130837595462799,,,,,,,,,307200,0.79,2.583837801192224,3,99.40135763660373,0,282.51,7.84606934428215,,,,,,,,,,,,,
,,,,,,,,,,,,,,,,,,,,,,,,307200,0.43,5.658297953184832,3,142.93930565103497,1,316.43,4.2634298457205295,,,,,,,,,,,,,
,,,,,,,,,,,,,,,,,,,,,,,,307200,,,3,,,,,0.79,0,0,157.3,6.75,0,0,0.79,0.0,0.36000000000000004,0.43,0.79,0
8.57394790649414,2124,1,247.72,1036800,1,,,,,,,,,,,3,0.011,11,15,1,7e-05,307200,440,,,,,,,,,,,,,,,,,,,,,
8.427755355834961,606,2,253.62,1039360,8,1617,0.051908452063798904,7e-05,0.4951341152191162,-0.359340683221817,0.15,0.0815625,-0.001374281058087945,0.0076783644,0.29038953192532063,,,,,,,,,,,,,,,,,,,,,,,,,,,,,
8.341123580932617,627,3,255.36,1041920,12,1619,0.13505910336971283,7e-05,0.6542738676071167,-0.4151628146830358,0.15,0.09971217105263158,0.00365223541953846,0.0088593615,0.3798839504781522,,,,,,,,,,,,,,,,,,,,,,,,,,,,,
8.285661697387695,464,4,255.47,1044480,22,1624,0.09415462613105774,7e-05,0.41417163610458374,-0.3760918626189232,0.15,0.087421875,-0.0013701666612178087,0.0062696757,0.40595221891999245,,,,,,,,,,,,,,,,,,,,,,,,,,,,,
8.073334693908691,439,5,262.83,1047040,29,1629,0.021083872765302658,7e-05,0.3629026412963867,-0.3650510101020336,0.15,0.09890625,-0.00013659914955496788,0.009473575,0.3156457249075174,,,,,,,,,,,,,,,,,,,,,,,,,,,,,
8.006434440612793,399,6,266.04,1049600,38,1634,0.14167611300945282,7e-05,0.3308066725730896,-0.33647080421447756,0.15,0.07359375,-0.0014432416390627622,0.006591228,0.32130273167043927,,,,,,,,,,,,,,,,,,,,,,,,,,,,,
7.82162618637085,388,7,271.56,1052160,46,1639,0.19640235602855682,7e-05,0.38187962770462036,-0.3461876191198826,0.15,0.095546875,-0.0016360467206686736,0.0068360814,0.3959026334807277,,,,,,,,,,,,,,,,,,,,,,,,,,,,,
7.856403350830078,420,8,270.59,1054720,48,1640,0.12702837586402893,7e-05,0.41858553886413574,-0.3504415295625988,0.15,0.06126644736842105,0.0031143281314718095,0.0045449343,0.42702989593932505,,,,,,,,,,,,,,,,,,,,,,,,,,,,,
7.881657600402832,401,9,269.24,1057280,57,1645,0.4460025131702423,7e-05,0.3957189917564392,-0.33198692560195925,0.15,0.072109375,-0.0009280020650476217,0.00520381,0.4114558849483728,,,,,,,,,,,,,,,,,,,,,,,,,,,,,
7.644293785095215,397,10,278.62,1059840,64,1650,0.17762142419815063,7e-05,0.2896828055381775,-0.3290527205169201,0.15,0.0865625,-0.0010539028979837895,0.0063248374,0.2629936310276389,,,,,,,,,,,,,,,,,,,,,,,,,,,,,
,,,,,,1655,0.03714050352573395,7e-05,0.38731908798217773,-0.33810228468423864,0.15,0.08923192771084337,0.00018425694251634987,0.018516073,0.29839733515652905,,,,,,,,,332800,0.65,3.1198780736727425,3,110.7600722282177,0,313.08,6.895118850469589,,,,,,,,,,,,,
,,,,,,,,,,,,,,,,,,,,,,,,332800,0.57,5.335036415236002,3,138.48870567667242,1,281.72,5.5569143235683445,,,,,,,,,,,,,
,,,,,,,,,,,,,,,,,,,,,,,,332800,,,3,,,,,0.65,0,0,157.3,6.75,0,0,0.65,0.0,0.08000000000000007,0.57,0.65,0
7.503110408782959,2196,1,281.97,1062400,1,,,,,,,,,,,3,0.011,11,15,1,7e-05,332800,440,,,,,,,,,,,,,,,,,,,,,
7.698078632354736,1290,2,273.46,1064960,3,1657,0.15796835720539093,7e-05,0.42002975940704346,-0.36790427327156067,0.15,0.08,0.0028105318546295167,0.016547224,0.45011203855276105,,,,,,,,,,,,,,,,,,,,,,,,,,,,,
7.815928936004639,1419,3,269.69,1067520,5,1658,0.12189024686813354,7e-05,0.3352644443511963,-0.31126964241266253,0.15,0.06953125,0.004018081724643708,0.0068427734,0.37174772992730143,,,,,,,,,,,,,,,,,,,,,,,,,,,,,
7.814644813537598,703,4,268.79,1070080,14,1663,-0.010123204439878464,7e-05,0.3268797993659973,-0.3576283669471741,0.15,0.08234375,-0.0007473624218255282,0.0074956054,0.569910500291735,,,,,,,,,,,,,,,,,,,,,,,,,,,,,
7.959744930267334,546,5,259.96,1072640,23,1668,0.33063164353370667,7e-05,0.4009140133857727,-0.34097930625081063,0.15,0.071796875,-0.0013772558700293302,0.0040627522,0.5278943555429578,,,,,,,,,,,,,,,,,,,,,,,,,,,,,
8.01424503326416,488,6,258.5,1075200,31,1673,0.039350416511297226,7e-05,0.45818787813186646,-0.35678922101855276,0.15,0.089140625,-0.0015095920674502849,0.0062164557,0.44470343563705683,,,,,,,,,,,,,,,,,,,,,,,,,,,,,
7.852909564971924,526,7,267.19,1077760,34,1675,0.20149578154087067,7e-05,0.5132704973220825,-0.3656270940388952,0.15,0.080078125,0.0035083145568413393,0.011100263,0.4980868556137596,,,,,,,,,,,,,,,,,,,,,,,,,,,,,
7.957622051239014,481,8,266.74,1080320,42,1680,0.01977386698126793,7e-05,0.5112966299057007,-0.35500936180353165,0.15,0.08890625,-0.0019378362968564032,0.0066787885,0.35167350213974713,,,,,,,,,,,,,,,,,,,,,,,,,,,,,
8.095840454101562,435,9,257.88,1082880,52,1685,0.01695917919278145,7e-05,0.4028289318084717,-0.3588424172997475,0.15,0.086328125,-0.0027906288485974075,0.0047890535,0.4835107921808958,,,,,,,,,,,,,,,,,,,,,,,,,,,,,
8.082344055175781,412,10,259.22,1085440,61,1690,0.007019368000328541,7e-05,0.526379406452179,-0.3701785311102867,0.15,0.0703125,-0.0013977327197790147,0.0060664816,0.42604308810085056,,,,,,,,,,,,,,,,,,,,,,,,,,,,,
,,,,,,1695,0.10885793715715408,7e-05,0.36414700746536255,-0.34249708235263826,0.15,0.09875,0.0009145462140440941,0.011507049,0.23419637724757195,,,,,,,,,358400,0.84,2.3724430684378355,3,104.20791668582575,0,266.51,8.1618113052845,,,,,,,,,,,,,
,,,,,,,,,,,,,,,,,,,,,,,,358400,0.47,6.148230749259462,3,143.25697190712916,1,305.8,4.213484591767192,,,,,,,,,,,,,
,,,,,,,,,,,,,,,,,,,,,,,,358400,,,3,,,,,0.84,0,0,157.3,6.75,0,0,0.84,0.0,0.37,0.47,0.84,0
8.1196928024292,2229,1,257.3,1088000,1,,,,,,,,,,,3,0.011,11,15,1,7e-05,358400,440,,,,,,,,,,,,,,,,,,,,,
7.9913010597229,570,2,262.47,1090560,8,1700,0.07407989352941513,7e-05,0.6540108919143677,-0.39944144666194914,0.15,0.08671875,-0.0029878861317411067,0.005579689,0.3012370292190462,,,,,,,,,,,,,,,,,,,,,,,,,,,,,
8.054211616516113,412,3,260.48,1093120,18,1705,0.0009031109511852264,7e-05,0.5646048784255981,-0.39841698080301285,0.15,0.092734375,-0.0014083140902221203,0.005424079,0.45202680688351393,,,,,,,,,,,,,,,,,,,,,,,,,,,,,
8.027470588684082,471,4,265.29,1095680,21,1707,0.2063189446926117,7e-05,0.423434317111969,-0.42075597524642944,0.15,0.0825,0.004181645065546036,0.017492779,0.41743798419833184,,,,,,,,,,,,,,,,,,,,,,,,,,,,,
8.13974380493164,387,5,262.76,1098240,33,1712,0.3378937244415283,7e-05,0.4533485174179077,-0.4325891824066639,0.15,0.132890625,0.0013769882638007401,0.010681367,0.45769026428461074,,,,,,,,,,,,,,,,,,,,,,,,,,,,,
8.196338653564453,333,6,262.5,1100800,46,1717,0.7828499674797058,7e-05,0.593063235282898,-0.42876395255327227,0.15,0.09125,-0.0011006613913923501,0.008477615,0.3808722335845232,,,,,,,,,,,,,,,,,,,,,,,,,,,,,
8.269735336303711,335,7,259.17,1103360,53,1722,0.008758188225328922,7e-05,0.5294074416160583,-0.39235206723213195,0.15,0.11890625,-0.001099118860438466,0.008835098,0.22595573507249356,,,,,,,,,,,,,,,,,,,,,,,,,,,,,
8.291874885559082,336,8,255.84,1105920,60,1727,0.07441964745521545,7e-05,0.5172356367111206,-0.41791650652885437,0.15,0.114921875,0.0001222261879593134,0.010641829,0.2568206022679806,,,,,,,,,,,,,,,,,,,,,,,,,,,,,
8.190193176269531,327,9,263.75,1108480,70,1732,0.441133975982666,7e-05,0.5041618347167969,-0.4172303459048271,0.15,0.091171875,-0.002408618787303567,0.004615534,0.4270839203521609,,,,,,,,,,,,,,,,,,,,,,,,,,,,,
8.09534740447998,326,10,262.93,1111040,78,1737,0.2219238579273224,7e-05,0.42373043298721313,-0.3862153026461601,0.15,0.0953125,6.992257200181484e-05,0.008209525,0.3378031907975674,,,,,,,,,,,,,,,,,,,,,,,,,,,,,
,,,,,,1740,0.0801553949713707,7e-05,0.4859567880630493,-0.4433315519024344,0.15,0.06816789215686274,0.0012444908566334669,0.008666051,0.38215287073570137,,,,,,,,,384000,0.84,2.37828622501219,3,96.00030416618479,0,264.96,8.228507666587829,,,,,,,,,,,,,
,,,,,,,,,,,,,,,,,,,,,,,,384000,0.47,6.448491024658964,3,140.52542972714937,1,309.06,4.054523454904556,,,,,,,,,,,,,
,,,,,,,,,,,,,,,,,,,,,,,,384000,,,3,,,,,0.84,0,0,157.3,6.75,0,0,0.84,0.0,0.37,0.47,0.84,0
8.296173095703125,2066,1,256.51,1113600,1,,,,,,,,,,,3,0.011,11,15,1,7e-05,384000,440,,,,,,,,,,,,,,,,,,,,,
8.199504852294922,540,2,263.6,1116160,9,1745,0.07404062151908875,7e-05,0.4976279139518738,-0.4217008674144745,0.15,0.10671875,-0.0015694105997681618,0.004983655,0.2653333687596023,,,,,,,,,,,,,,,,,,,,,,,,,,,,,
8.071390151977539,454,3,267.1,1118720,16,1750,0.3628956377506256,7e-05,0.4329541325569153,-0.43078006446361544,0.15,0.110859375,-0.001794865522533655,0.0069800443,0.29335299268364906,,,,,,,,,,,,,,,,,,,,,,,,,,,,,
8.072352409362793,380,4,265.92,1121280,26,1755,0.17489726841449738,7e-05,0.30367666482925415,-0.45551738440990447,0.15,0.09359375,-0.0037406202452257274,0.0060667386,0.4652804916724563,,,,,,,,,,,,,,,,,,,,,,,,,,,,,
8.07522964477539,367,5,267.66,1123840,34,1760,0.09942655265331268,7e-05,0.4123530983924866,-0.42827187925577165,0.15,0.064921875,-0.001837116852402687,0.0035938905,0.3920938189700246,,,,,,,,,,,,,,,,,,,,,,,,,,,,,
8.00483512878418,414,6,269.88,1126400,37,1762,0.11718007177114487,7e-05,0.43235504627227783,-0.4357365234331651,0.15,0.07173295454545454,0.003038538238880309,0.01616523,0.40501541373404587,,,,,,,,,,,,,,,,,,,,,,,,,,,,,
7.960026264190674,377,7,269.81,1128960,47,1767,0.03119334764778614,7e-05,0.4440852999687195,-0.42605426847934724,0.15,0.099609375,-0.001683381418697536,0.005642968,0.5323667555395514,,,,,,,,,,,,,,,,,,,,,,,,,,,,,
7.8117523193359375,394,8,274.7,1131520,51,1771,0.06612276285886765,7e-05,0.3996765613555908,-0.40573832323917974,0.15,0.09807692307692308,0.0012240472751168104,0.01356182,0.27732036512058517,,,,,,,,,,,,,,,,,,,,,,,,,,,,,
7.888759613037109,368,9,271.99,1134080,62,1776,0.16015973687171936,7e-05,0.43765169382095337,-0.42255292922258375,0.15,0.10796875,0.00022736610379070043,0.0067848293,0.4071588578261435,,,,,,,,,,,,,,,,,,,,,,,,,,,,,
7.912386417388916,358,10,268.17,1136640,71,1781,0.04036954790353775,7e-05,0.4300314784049988,-0.3916584891502303,0.15,0.08357007575757576,-0.002264599282896579,0.0066606496,0.4361680650124044,,,,,,,,,,,,,,,,,,,,,,,,,,,,,
,,,,,,1786,0.039974234998226166,7e-05,0.5738615393638611,-0.37906099572777746,0.15,0.07359375,-2.1707545965909957e-06,0.007889114,0.3679862062819302,,,,,,,,,409600,0.71,2.971267969546526,3,112.82149617869814,0,292.3,7.3349546480178835,,,,,,,,,,,,,
,,,,,,,,,,,,,,,,,,,,,,,,409600,0.48,5.485989979470001,3,143.97046190104413,1,302.31,4.718278254117177,,,,,,,,,,,,,
,,,,,,,,,,,,,,,,,,,,,,,,409600,,,3,,,,,0.71,0,0,157.3,6.75,0,0,0.71,0.0,0.22999999999999998,0.48,0.71,0
7.868170261383057,2416,1,269.38,1139200,1,,,,,,,,,,,3,0.011,11,15,1,7e-05,409600,440,,,,,,,,,,,,,,,,,,,,,
7.693218231201172,591,2,275.71,1141760,8,1791,0.15855838358402252,7e-05,0.4608992338180542,-0.4122871474921703,0.15,0.11421875,0.0009398284461349249,0.0062297704,0.2202883981540799,,,,,,,,,,,,,,,,,,,,,,,,,,,,,
7.896493434906006,575,3,267.16,1144320,13,1794,0.11548935621976852,7e-05,0.32826828956604004,-0.4069842978247574,0.15,0.11509486607142858,0.0020483329093882014,0.01013593,0.2938108532689512,,,,,,,,,,,,,,,,,,,,,,,,,,,,,
7.9546942710876465,422,4,267.48,1146880,24,1799,0.2897926867008209,7e-05,0.4333271384239197,-0.3331306119263172,0.15,0.0665625,-0.002183298896998167,0.0039931154,0.3919851092621684,,,,,,,,,,,,,,,,,,,,,,,,,,,,,
8.026861190795898,371,5,264.0,1149440,34,1804,0.1291128247976303,7e-05,0.5936097502708435,-0.348591780513525,0.15,0.0934375,-0.0034815270081162454,0.00773542,0.3033694973774254,,,,,,,,,,,,,,,,,,,,,,,,,,,,,
7.965887069702148,356,6,265.4,1152000,43,1809,0.021145302802324295,7e-05,0.5676430463790894,-0.34509498611092565,0.15,0.094140625,-0.0028380111418664453,0.006165062,0.276419764533639,,,,,,,,,,,,,,,,,,,,,,,,,,,,,
7.8747944831848145,340,7,270.82,1154560,52,1814,0.3055739998817444,7e-05,0.583304762840271,-0.39291535258293153,0.15,0.095546875,0.0018221426662057639,0.008419767,0.3494371273927391,,,,,,,,,,,,,,,,,,,,,,,,,,,,,
8.161623001098633,341,8,260.46,1157120,59,1819,0.09013927727937698,7e-05,0.5331141948699951,-0.40957909733057024,0.15,0.085078125,-0.00046743908897042277,0.005750744,0.24145879046991467,,,,,,,,,,,,,,,,,,,,,,,,,,,,,
8.033617973327637,343,9,265.65,1159680,67,1823,0.0818643793463707,7e-05,0.5537066459655762,-0.383422367156498,0.15,0.10664682539682539,-0.0009480010540712447,0.022840181,0.35216836802779683,,,,,,,,,,,,,,,,,,,,,,,,,,,,,
8.022812843322754,328,10,268.17,1162240,77,1828,0.2527927756309509,7e-05,0.5245210528373718,-0.37342654943466186,0.15,0.0809375,-0.0006250094622373581,0.005240785,0.40309789329767226,,,,,,,,,,,,,,,,,,,,,,,,,,,,,
,,,,,,1833,0.3945499658584595,7e-05,0.5402647852897644,-0.41875986963510514,0.15,0.088359375,-0.0013847964722663163,0.006676861,0.37769474247470497,,,,,,,,,435200,0.84,2.2973479429235955,3,92.68990020493062,0,288.32,8.110640082359314,,,,,,,,,,,,,
,,,,,,,,,,,,,,,,,,,,,,,,435200,0.38,5.640720473497335,3,131.19959756035837,1,338.16,3.6935569963324815,,,,,,,,,,,,,
,,,,,,,,,,,,,,,,,,,,,,,,435200,,,3,,,,,0.84,0,0,157.3,6.75,0,0,0.84,0.0,0.45999999999999996,0.38,0.84,0
8.074324607849121,2142,1,268.44,1164800,1,,,,,,,,,,,3,0.011,11,15,1,7e-05,435200,440,,,,,,,,,,,,,,,,,,,,,
8.221056938171387,470,2,264.91,1167360,10,1838,0.1187978982925415,7e-05,0.4144877791404724,-0.41351751893758776,0.15,0.102890625,-0.00206380819901824,0.008552166,0.40263776707462967,,,,,,,,,,,,,,,,,,,,,,,,,,,,,
8.337057113647461,424,3,264.26,1169920,18,1843,0.05490955710411072,7e-05,0.35917145013809204,-0.3736068180203438,0.15,0.1015625,-0.003551225438714027,0.0076906257,0.26695986837148666,,,,,,,,,,,,,,,,,,,,,,,,,,,,,
8.212041854858398,373,4,269.73,1172480,27,1848,0.02555777132511139,7e-05,0.41380542516708374,-0.37410261198878286,0.15,0.080625,-0.0011819968186318874,0.0048958613,0.353576927613467,,,,,,,,,,,,,,,,,,,,,,,,,,,,,
8.147578239440918,397,5,272.28,1175040,32,1851,0.08606279641389847,7e-05,0.439888596534729,-0.40116240902274264,0.15,0.0940563725490196,0.0014180483515648281,0.008075458,0.3587728912631671,,,,,,,,,,,,,,,,,,,,,,,,,,,,,
7.9933857917785645,430,6,277.11,1177600,35,1854,0.16918744146823883,7e-05,0.6385779976844788,-0.45266056133479604,0.15,0.11242378048780488,0.003445127161174286,0.035358872,0.34367028651077575,,,,,,,,,,,,,,,,,,,,,,,,,,,,,
7.991950511932373,414,7,279.48,1180160,43,1859,0.4091387689113617,7e-05,0.5546420812606812,-0.39749974876642225,0.15,0.099375,-0.0005768418498337269,0.0052107596,0.3311467731324956,,,,,,,,,,,,,,,,,,,,,,,,,,,,,
8.064180374145508,363,8,278.96,1182720,56,1864,0.015895850956439972,7e-05,0.49220871925354004,-0.43545878037810326,0.15,0.105546875,-0.001745202774181962,0.007872531,0.3479254815727472,,,,,,,,,,,,,,,,,,,,,,,,,,,,,
8.095702171325684,354,9,282.03,1185280,65,1869,0.34221023321151733,7e-05,0.5267665386199951,-0.3898894238471985,0.15,0.099140625,-0.0009989675413817167,0.007038986,0.3062145827151835,,,,,,,,,,,,,,,,,,,,,,,,,,,,,
8.027734756469727,383,10,286.38,1187840,66,1870,0.1952143907546997,7e-05,0.5876609086990356,-0.4028612031386449,0.15,0.07752403846153846,0.005817691580607341,0.007253498,0.22307131410791323,,,,,,,,,,,,,,,,,,,,,,,,,,,,,
,,,,,,1875,0.06462232768535614,7e-05,0.5196335315704346,-0.3603109458088875,0.15,0.10046875,-0.00048222499899566176,0.0065120966,0.2866919106245041,,,,,,,,,460800,0.83,2.580178765947577,3,90.8850543268804,0,283.13,8.057196036577224,,,,,,,,,,,,,
,,,,,,,,,,,,,,,,,,,,,,,,460800,0.43,6.000332632475938,3,128.32192953661504,1,329.32,4.000729646086693,,,,,,,,,,,,,
,,,,,,,,,,,,,,,,,,,,,,,,460800,,,3,,,,,0.83,0,0,157.3,6.75,0,0,0.83,0.0,0.39999999999999997,0.43,0.83,0
7.998559951782227,2258,1,283.41,1190400,1,,,,,,,,,,,3,0.011,11,15,1,7e-05,460800,440,,,,,,,,,,,,,,,,,,,,,
8.12100887298584,493,2,279.59,1192960,10,1880,0.16772066056728363,7e-05,0.5885009765625,-0.4005495573580265,0.15,0.103359375,-0.0008878803811967373,0.007728038,0.40161069970577956,,,,,,,,,,,,,,,,,,,,,,,,,,,,,
8.079183578491211,588,3,279.27,1195520,13,1881,0.24289387464523315,7e-05,0.6405743360519409,-0.39635806399233203,0.15,0.09650735294117647,0.0041913431247367575,0.006999354,0.3534600904540104,,,,,,,,,,,,,,,,,,,,,,,,,,,,,
7.969573974609375,546,4,280.72,1198080,18,1886,0.04521575942635536,7e-05,0.37334144115448,-0.32309361919760704,0.15,0.093984375,-0.0019421537267044187,0.006576772,0.2002772430330515,,,,,,,,,,,,,,,,,,,,,,,,,,,,,
8.047085762023926,524,5,278.26,1200640,24,1889,0.1905556321144104,7e-05,0.5166897773742676,-0.4160820283673026,0.15,0.12045454545454545,0.0024587772278623146,0.011569564,0.3330251980572939,,,,,,,,,,,,,,,,,,,,,,,,,,,,,
8.054096221923828,474,6,276.39,1203200,32,1894,0.1209239587187767,7e-05,0.46849727630615234,-0.3636943507194519,0.15,0.095,-0.0027055153623223305,0.0072875945,0.31303155655041337,,,,,,,,,,,,,,,,,,,,,,,,,,,,,
8.20055866241455,436,7,273.56,1205760,41,1899,0.21096676588058472,7e-05,0.4738615155220032,-0.3633825908601284,0.15,0.088125,-0.0017359503544867039,0.0059392033,0.3333852132409811,,,,,,,,,,,,,,,,,,,,,,,,,,,,,
8.18425178527832,406,8,275.07,1208320,50,1904,0.3563317656517029,7e-05,0.4214881658554077,-0.3946145863831043,0.15,0.092109375,-0.0023183702863752843,0.0063370345,0.41952854275703433,,,,,,,,,,,,,,,,,,,,,,,,,,,,,
8.008526802062988,395,9,280.68,1210880,58,1909,0.1521669328212738,7e-05,0.4933397173881531,-0.35998389378190043,0.15,0.10078125,-0.002599860690534115,0.007813796,0.3190561544522643,,,,,,,,,,,,,,,,,,,,,,,,,,,,,
8.011820793151855,400,10,278.88,1213440,63,1914,0.1487208902835846,7e-05,0.3629360795021057,-0.33645807184278964,0.15,0.0959375,-0.002419883906841278,0.0077227764,0.2341597818955779,,,,,,,,,,,,,,,,,,,,,,,,,,,,,
,,,,,,1919,0.4305884540081024,7e-05,0.42146557569503784,-0.382913458943367,0.15,0.099453125,-0.002216846477240324,0.006318845,0.39022073583677414,,,,,,,,,486400,0.7,2.820862422378406,3,100.63701654957781,0,310.53,7.32363038122654,,,,,,,,,,,,,
,,,,,,,,,,,,,,,,,,,,,,,,486400,0.37,5.414836806442736,3,125.58706103735369,1,344.49,3.8930233493447304,,,,,,,,,,,,,
,,,,,,,,,,,,,,,,,,,,,,,,486400,,,3,,,,,0.7,0,0,157.3,6.75,0,0,0.7,0.0,0.32999999999999996,0.37,0.7,0
7.999570369720459,2092,1,278.32,1216000,1,,,,,,,,,,,3,0.011,11,15,1,7e-05,486400,440,,,,,,,,,,,,,,,,,,,,,
7.907892227172852,346,2,285.48,1218560,14,1924,0.13807344436645508,7e-05,0.47650235891342163,-0.3882005962729454,0.15,0.1096875,-0.000922257537022233,0.0072317705,0.2897713419795036,,,,,,,,,,,,,,,,,,,,,,,,,,,,,
7.912784576416016,326,3,286.25,1221120,23,1929,0.1221853718161583,7e-05,0.39256566762924194,-0.3831525968015194,0.15,0.109765625,-0.0015504953172057866,0.01105086,0.28356252362951634,,,,,,,,,,,,,,,,,,,,,,,,,,,,,
7.8473052978515625,295,4,287.68,1223680,34,1934,0.19840745627880096,7e-05,0.3769643306732178,-0.3728315246105194,0.15,0.087734375,-0.0031110213324427607,0.0071260743,0.4500651755463332,,,,,,,,,,,,,,,,,,,,,,,,,,,,,
7.849203586578369,295,5,287.84,1226240,43,1939,0.2660392224788666,7e-05,0.31940197944641113,-0.3484806703031063,0.15,0.10515625,-0.001647338643670082,0.00647771,0.46969513716176153,,,,,,,,,,,,,,,,,,,,,,,,,,,,,
7.724360466003418,296,6,292.41,1228800,51,1944,0.12631870806217194,7e-05,0.3249327540397644,-0.32000331073999405,0.15,0.088359375,-0.0022774712997488678,0.0070251017,0.38692929279059174,,,,,,,,,,,,,,,,,,,,,,,,,,,,,
7.731672763824463,315,7,290.99,1231360,56,1947,0.06314432621002197,7e-05,0.452104389667511,-0.35211607384479654,0.15,0.08554025423728813,-0.0005642098169458114,0.0076610185,0.3479304279563791,,,,,,,,,,,,,,,,,,,,,,,,,,,,,
7.685235500335693,321,8,296.0,1233920,63,1952,0.11581786721944809,7e-05,0.3982827663421631,-0.37189386785030365,0.15,0.0974657012195122,-0.00022412556019134637,0.019463023,0.4078329827681911,,,,,,,,,,,,,,,,,,,,,,,,,,,,,
7.635528564453125,333,9,296.59,1236480,69,1956,0.14609883725643158,7e-05,0.4681937098503113,-0.3751581579014875,0.15,0.11016757246376811,0.0019930329686705618,0.010035189,0.35921624551216763,,,,,,,,,,,,,,,,,,,,,,,,,,,,,
7.577510833740234,336,10,295.44,1239040,76,1961,0.002049783244729042,7e-05,0.48593372106552124,-0.37538945630192755,0.15,0.104296875,-0.0015701244212687016,0.007319945,0.37792787881568074,,,,,,,,,,,,,,,,,,,,,,,,,,,,,
,,,,,,1964,0.14415380358695984,7e-05,0.40018999576568604,-0.37577546530581535,0.15,0.1225066489361702,0.003203284074651434,0.018456263,0.39454826355931605,,,,,,,,,512000,0.71,2.7775818968449153,3,93.3366696427508,0,321.81,7.331394931674003,,,,,,,,,,,,,
,,,,,,,,,,,,,,,,,,,,,,,,512000,0.26,5.477189580661945,3,108.67266215566822,1,376.05,2.6623127540946006,,,,,,,,,,,,,
,,,,,,,,,,,,,,,,,,,,,,,,512000,,,3,,,,,0.71,0,0,157.3,6.75,0,0,0.71,0.0,0.44999999999999996,0.26,0.71,0
7.6468610763549805,2262,1,291.26,1241600,1,,,,,,,,,,,3,0.011,11,15,1,7e-05,512000,440,,,,,,,,,,,,,,,,,,,,,
7.4620256423950195,1210,2,297.3,1244160,4,1966,0.2327626794576645,7e-05,0.4895009398460388,-0.3972521396353841,0.15,0.0966796875,0.0014026908902451396,0.0112756565,0.39425813138950616,,,,,,,,,,,,,,,,,,,,,,,,,,,,,
7.642547130584717,609,3,293.05,1246720,12,1971,0.03704281896352768,7e-05,0.48073405027389526,-0.39832172527909276,0.15,0.09234375,-0.001200752006843686,0.005016016,0.42886952553875746,,,,,,,,,,,,,,,,,,,,,,,,,,,,,
7.578685283660889,507,4,293.86,1249280,20,1976,0.027171438559889793,7e-05,0.5190285444259644,-0.39658808916807176,0.15,0.088203125,-0.003022135617211461,0.008586473,0.44150031939148904,,,,,,,,,,,,,,,,,,,,,,,,,,,,,
7.499133110046387,512,5,299.81,1251840,24,1979,0.03643089160323143,7e-05,0.47938722372055054,-0.3882787272334099,0.15,0.11497395833333333,0.0035020665110399325,0.010464636,0.4755295948435863,,,,,,,,,,,,,,,,,,,,,,,,,,,,,
7.493841648101807,468,6,302.05,1254400,32,1984,0.4350806474685669,7e-05,0.43279480934143066,-0.4253795799612999,0.15,0.09609375,-0.003388171158730984,0.008113829,0.4898131315410137,,,,,,,,,,,,,,,,,,,,,,,,,,,,,
7.741734504699707,493,7,294.28,1256960,36,1986,0.49179956316947937,7e-05,0.4439237117767334,-0.4241170888145765,0.15,0.09895833333333333,0.004959867615252733,0.011035504,0.4713659049322208,,,,,,,,,,,,,,,,,,,,,,,,,,,,,
7.789002895355225,463,8,293.15,1259520,44,1991,0.013720113784074783,7e-05,0.3758322596549988,-0.41521090805530547,0.15,0.09421875,-0.0025135488528758286,0.007434284,0.4432168060913682,,,,,,,,,,,,,,,,,,,,,,,,,,,,,
7.876363754272461,445,9,290.83,1262080,51,1996,-0.002035912126302719,7e-05,0.4529023766517639,-0.3994631493091583,0.15,0.09015625,-0.003471180582419038,0.006899829,0.3722432984784245,,,,,,,,,,,,,,,,,,,,,,,,,,,,,
7.873851776123047,413,10,289.31,1264640,61,2001,0.3130643367767334,7e-05,0.5376320481300354,-0.4108590663969517,0.15,0.092890625,-0.002197037721052766,0.006101884,0.3572657056897879,,,,,,,,,,,,,,,,,,,,,,,,,,,,,
,,,,,,2006,0.07303646206855774,7e-05,0.43138301372528076,-0.36840789169073107,0.15,0.086875,-0.0008173153735697269,0.006346777,0.3043268584739417,,,,,,,,,537600,0.79,2.7052175217910093,3,98.89239151724463,0,280.07,7.891009844839573,,,,,,,,,,,,,
,,,,,,,,,,,,,,,,,,,,,,,,537600,0.39,6.103654419009533,3,124.14537607176516,1,341.84,3.341017211973667,,,,,,,,,,,,,
,,,,,,,,,,,,,,,,,,,,,,,,537600,,,3,,,,,0.79,0,0,157.3,6.75,0,0,0.79,0.0,0.4,0.39,0.79,0
7.859771728515625,2491,1,291.11,1267200,1,,,,,,,,,,,3,0.011,11,15,1,7e-05,537600,440,,,,,,,,,,,,,,,,,,,,,
7.8690338134765625,525,2,293.65,1269760,9,2011,0.42284923791885376,7e-05,0.43275660276412964,-0.35520348608493807,0.15,0.102421875,-0.00024726863019168375,0.0059594624,0.4049505875073373,,,,,,,,,,,,,,,,,,,,,,,,,,,,,
7.868864059448242,465,3,294.94,1272320,16,2016,0.054004814475774765,7e-05,0.48885321617126465,-0.36921627432107923,0.15,0.095234375,-0.0012194892950356006,0.007157543,0.262771535506472,,,,,,,,,,,,,,,,,,,,,,,,,,,,,
7.886517524719238,471,4,293.57,1274880,21,2019,0.5439941883087158,7e-05,0.4507213234901428,-0.39849732083789374,0.15,0.10421080508474577,-0.0007491967467180753,0.009474985,0.43055208639825804,,,,,,,,,,,,,,,,,,,,,,,,,,,,,
7.920048713684082,427,5,295.76,1277440,29,2024,0.14614176750183105,7e-05,0.3200441598892212,-0.42875567853450774,0.15,0.09765625,-0.0012267593713477254,0.005673852,0.47703526824712755,,,,,,,,,,,,,,,,,,,,,,,,,,,,,
7.936131000518799,411,6,292.79,1280000,37,2029,0.22272759675979614,7e-05,0.34528374671936035,-0.43551472038030625,0.15,0.102578125,-0.001540269972756505,0.0074307644,0.4488443934172392,,,,,,,,,,,,,,,,,,,,,,,,,,,,,
7.918008327484131,401,7,295.84,1282560,44,2034,0.3768363296985626,7e-05,0.369154691696167,-0.417801547085955,0.15,0.08165922619047619,-0.0025323337453994014,0.013051011,0.4769420987882075,,,,,,,,,,,,,,,,,,,,,,,,,,,,,
7.9296135902404785,385,8,294.36,1285120,53,2039,0.28059202432632446,7e-05,0.22128194570541382,-0.41117548674345017,0.15,0.110703125,0.000790638430044055,0.005925538,0.46197864098474384,,,,,,,,,,,,,,,,,,,,,,,,,,,,,
8.001850128173828,367,9,291.51,1287680,62,2044,0.3006029427051544,7e-05,0.4055470824241638,-0.43454312294721603,0.15,0.1128125,-0.002569618038833141,0.009275378,0.376828776486218,,,,,,,,,,,,,,,,,,,,,,,,,,,,,
7.887778282165527,351,10,293.62,1290240,72,2049,0.015947027131915092,7e-05,0.42624610662460327,-0.37734120041131974,0.15,0.0796875,-0.0032314479537308215,0.0046481127,0.47249852571636436,,,,,,,,,,,,,,,,,,,,,,,,,,,,,
,,,,,,2053,0.12708094716072083,7e-05,0.46674829721450806,-0.39067439024264994,0.15,0.09278846153846154,0.0010894474358512805,0.016074361,0.3574514812431656,,,,,,,,,563200,0.84,2.455915779407881,3,94.69238406545692,0,270.82,8.16737637758255,,,,,,,,,,,,,
,,,,,,,,,,,,,,,,,,,,,,,,563200,0.45,4.816320994699709,3,142.06577913065482,1,311.88,4.862948317676783,,,,,,,,,,,,,
,,,,,,,,,,,,,,,,,,,,,,,,563200,,,3,,,,,0.84,0,0,157.3,6.75,0,0,0.84,0.0,0.38999999999999996,0.45,0.84,0
7.823235034942627,1646,1,294.68,1292800,1,,,,,,,,,,,3,0.011,11,15,1,7e-05,563200,440,,,,,,,,,,,,,,,,,,,,,
7.946943283081055,514,2,291.95,1295360,9,2058,0.09574990719556808,7e-05,0.43010514974594116,-0.40651526749134065,0.15,0.085078125,-0.002133304066956043,0.004967677,0.3580405229702592,,,,,,,,,,,,,,,,,,,,,,,,,,,,,
7.872313976287842,287,3,292.73,1297920,26,2063,0.040299173444509506,7e-05,0.3696942925453186,-0.4024595269560814,0.15,0.09578125,-0.0012151926010847093,0.0057000862,0.5003445746004581,,,,,,,,,,,,,,,,,,,,,,,,,,,,,
7.867045879364014,316,4,288.93,1300480,32,2067,0.23794734477996826,7e-05,0.36755597591400146,-0.37659926854428794,0.15,0.09350198412698413,1.4450164541365608e-05,0.02693463,0.2581344544591885,,,,,,,,,,,,,,,,,,,,,,,,,,,,,
7.971968173980713,285,5,287.01,1303040,44,2072,0.08212561160326004,7e-05,0.18658655881881714,-0.3807146435976028,0.15,0.075546875,-0.002444504201412201,0.004696877,0.5705723839439452,,,,,,,,,,,,,,,,,,,,,,,,,,,,,
7.810478687286377,284,6,286.61,1305600,54,2077,0.013656480237841606,7e-05,0.30946093797683716,-0.33824058800935747,0.15,0.06625,-0.0017197489738464355,0.004483807,0.39438921548426153,,,,,,,,,,,,,,,,,,,,,,,,,,,,,
7.8797478675842285,299,7,282.41,1308160,59,2080,0.2025587260723114,7e-05,0.28159862756729126,-0.39710197287301224,0.15,0.07942708333333333,0.00035766065896799165,0.011750067,0.4896660832843433,,,,,,,,,,,,,,,,,,,,,,,,,,,,,
7.8227128982543945,287,8,279.33,1310720,71,2085,0.2988376319408417,7e-05,0.39638543128967285,-0.3803969189524651,0.15,0.082421875,-0.0015817896462976932,0.0066612875,0.5518354128766805,,,,,,,,,,,,,,,,,,,,,,,,,,,,,
7.831193923950195,282,9,275.89,1313280,81,2090,0.11991066485643387,7e-05,0.48042595386505127,-0.36039738908410074,0.15,0.08578125,-0.0005227608978748321,0.0062507587,0.4229813957586884,,,,,,,,,,,,,,,,,,,,,,,,,,,,,
7.678361415863037,275,10,282.64,1315840,92,2095,0.030200574547052383,7e-05,0.35655105113983154,-0.36098734706640245,0.15,0.083125,-0.00027460488490760326,0.004682808,0.43626814445480705,,,,,,,,,,,,,,,,,,,,,,,,,,,,,
,,,,,,2100,0.2672179043292999,7e-05,0.3972824215888977,-0.37128270506858824,0.15,0.0790625,-0.0009183369390666485,0.005435153,0.39768845682032405,,,,,,,,,588800,0.87,2.6095997560310344,3,97.36172297160728,0,258.57,8.265518833994866,,,,,,,,,,,,,
,,,,,,,,,,,,,,,,,,,,,,,,588800,0.38,5.143361909230901,3,133.38348623424116,1,336.16,3.9876368106901645,,,,,,,,,,,,,
,,,,,,,,,,,,,,,,,,,,,,,,588800,,,3,,,,,0.87,0,0,157.3,6.75,0,0,0.87,0.0,0.49,0.38,0.87,0
7.731983184814453,1547,1,280.7,1318400,1,,,,,,,,,,,3,0.011,11,15,1,7e-05,588800,440,,,,,,,,,,,,,,,,,,,,,
7.988407135009766,421,2,270.47,1320960,12,2105,0.31071045994758606,7e-05,0.5014476776123047,-0.36519118279218676,0.15,0.091328125,-0.005047566522844136,0.006525884,0.34884262427687646,,,,,,,,,,,,,,,,,,,,,,,,,,,,,
7.982125282287598,339,3,269.33,1323520,22,2110,0.09933000057935715,7e-05,0.4631158709526062,-0.4087449413537979,0.15,0.10421875,-0.0017682959605008364,0.005747504,0.44579188533127306,,,,,,,,,,,,,,,,,,,,,,,,,,,,,
8.064488410949707,360,4,262.67,1326080,28,2113,0.29406994581222534,7e-05,0.44840365648269653,-0.42990340264338367,0.15,0.10318396226415094,0.0009040881897199828,0.01049102,0.4392520499257547,,,,,,,,,,,,,,,,,,,,,,,,,,,,,
8.062967300415039,402,5,262.45,1328640,31,2115,0.09020023047924042,7e-05,0.6080797910690308,-0.3848661154508591,0.15,0.076875,0.0017321086674928665,0.019052938,0.4046535211801529,,,,,,,,,,,,,,,,,,,,,,,,,,,,,
8.396526336669922,350,6,249.04,1331200,43,2120,0.2863588333129883,7e-05,0.509056568145752,-0.3743143554031849,0.15,0.07109375,-0.0026360469264909625,0.0049523064,0.4742406243085861,,,,,,,,,,,,,,,,,,,,,,,,,,,,,
8.392419815063477,318,7,249.72,1333760,56,2125,0.25177082419395447,7e-05,0.5520991086959839,-0.39291154727339744,0.15,0.074296875,-0.003449980253353715,0.0065156207,0.41166159145534037,,,,,,,,,,,,,,,,,,,,,,,,,,,,,
8.514249801635742,306,8,247.1,1336320,66,2130,0.22857454419136047,7e-05,0.5815430879592896,-0.37037171959877013,0.15,0.0809375,-0.0014656913513317704,0.006513604,0.3538742067664862,,,,,,,,,,,,,,,,,,,,,,,,,,,,,
8.530250549316406,315,9,244.0,1338880,73,2133,0.1519518941640854,7e-05,0.604408323764801,-0.384149831533432,0.15,0.08508522727272727,0.0006348757581277327,0.008674874,0.40468366288326,,,,,,,,,,,,,,,,,,,,,,,,,,,,,
8.685147285461426,302,10,236.22,1341440,84,2138,0.7295819520950317,7e-05,0.5583786964416504,-0.3704197520017624,0.15,0.066171875,-0.0015489916829392314,0.004874373,0.49533149138092997,,,,,,,,,,,,,,,,,,,,,,,,,,,,,
,,,,,,2143,0.06730327010154724,7e-05,0.7413297295570374,-0.36787995010614394,0.15,0.0928125,-0.0006464913114905357,0.0052917376,0.288202347047627,,,,,,,,,614400,0.84,2.3369987780378505,3,102.97382385829906,0,244.54,8.300251786708833,,,,,,,,,,,,,
,,,,,,,,,,,,,,,,,,,,,,,,614400,0.46,6.655915017000461,3,143.8580355767449,1,307.84,3.671514701843262,,,,,,,,,,,,,
,,,,,,,,,,,,,,,,,,,,,,,,614400,,,3,,,,,0.84,0,0,157.3,6.75,0,0,0.84,0.0,0.37999999999999995,0.46,0.84,0
8.578483581542969,1727,1,237.29,1344000,1,,,,,,,,,,,3,0.011,11,15,1,7e-05,614400,440,,,,,,,,,,,,,,,,,,,,,
8.572019577026367,569,2,239.97,1346560,8,2147,0.06353655457496643,7e-05,0.565742015838623,-0.3575905242934823,0.15,0.09853515625,0.0011969919316470623,0.008965864,0.21074173632077872,,,,,,,,,,,,,,,,,,,,,,,,,,,,,
8.444131851196289,447,3,246.68,1349120,17,2152,0.1613398790359497,7e-05,0.5338584780693054,-0.3431314927339554,0.15,0.112890625,-0.0026067161094397305,0.008806687,0.271922454405576,,,,,,,,,,,,,,,,,,,,,,,,,,,,,
8.511303901672363,509,4,243.27,1351680,20,2154,0.2020931839942932,7e-05,0.5529837608337402,-0.37406890229745343,0.15,0.12002840909090909,0.006813103481280533,0.035785004,0.3690369769253514,,,,,,,,,,,,,,,,,,,,,,,,,,,,,
8.359182357788086,488,5,248.46,1354240,26,2158,0.13539639115333557,7e-05,0.5334063172340393,-0.3649478269850506,0.15,0.10638786764705882,0.0018886091625865769,0.021449376,0.3120137035901494,,,,,,,,,,,,,,,,,,,,,,,,,,,,,
8.221175193786621,397,6,253.37,1356800,38,2163,0.07132183760404587,7e-05,0.5517855882644653,-0.3542255811393261,0.15,0.086171875,-0.00028822431340813637,0.0074531212,0.44049068946391345,,,,,,,,,,,,,,,,,,,,,,,,,,,,,
8.304900169372559,351,7,247.91,1359360,51,2168,0.20842254161834717,7e-05,0.4841039180755615,-0.34776602357625963,0.15,0.085,-0.0031578510999679564,0.0067769126,0.5192752371728421,,,,,,,,,,,,,,,,,,,,,,,,,,,,,
8.054393768310547,362,8,253.78,1361920,56,2171,0.2215544432401657,7e-05,0.4394475817680359,-0.344377486210949,0.15,0.07945165094339622,0.0017092468849611731,0.010621996,0.4555091464118856,,,,,,,,,,,,,,,,,,,,,,,,,,,,,
8.04663372039795,342,9,256.03,1364480,67,2176,0.14801836013793945,7e-05,0.6059324741363525,-0.3407374332845211,0.15,0.081640625,0.001098071108572185,0.005658171,0.3919125523790717,,,,,,,,,,,,,,,,,,,,,,,,,,,,,
7.723657608032227,341,10,265.77,1367040,75,2181,0.09488283097743988,7e-05,0.6279236078262329,-0.34428502637005987,0.15,0.08993675595238096,5.7131761596316386e-05,0.016607003,0.4008859631028913,,,,,,,,,,,,,,,,,,,,,,,,,,,,,
,,,,,,2186,0.24617832899093628,7e-05,0.5136753916740417,-0.3625568622350693,0.15,0.0865625,0.0001709819305688143,0.006526406,0.6268395511060953,,,,,,,,,640000,0.82,2.468497713742965,3,100.33546282347037,0,256.57,8.110847506523132,,,,,,,,,,,,,
,,,,,,,,,,,,,,,,,,,,,,,,640000,0.45,4.777350369109231,3,142.7172575409155,1,311.38,5.085841867625714,,,,,,,,,,,,,
,,,,,,,,,,,,,,,,,,,,,,,,640000,,,3,,,,,0.82,0,0,157.3,6.75,0,0,0.82,0.0,0.36999999999999994,0.45,0.82,0
7.654474258422852,1729,1,268.1,1369600,1,,,,,,,,,,,3,0.011,11,15,1,7e-05,640000,440,,,,,,,,,,,,,,,,,,,,,
7.653980255126953,744,2,266.7,1372160,6,2189,0.12163391709327698,7e-05,0.575910747051239,-0.3903448921442032,0.15,0.06703125,0.000836466196924448,0.011577139,0.5681887003779411,,,,,,,,,,,,,,,,,,,,,,,,,,,,,
7.834325790405273,461,3,260.97,1374720,16,2194,0.033824555575847626,7e-05,0.5497993230819702,-0.3833142775297165,0.15,0.086328125,-0.0023875253181904555,0.0087652095,0.4643216397613287,,,,,,,,,,,,,,,,,,,,,,,,,,,,,
7.773683547973633,373,4,263.31,1377280,27,2199,0.3793383836746216,7e-05,0.4128389358520508,-0.4061481511592865,0.15,0.106875,-0.0009765022341161967,0.007541134,0.6315498166903853,,,,,,,,,,,,,,,,,,,,,,,,,,,,,
7.866238594055176,343,5,257.06,1379840,37,2204,-0.003930450417101383,7e-05,0.44234663248062134,-0.32559954687952997,0.15,0.075625,-2.4132737889885904e-05,0.005461674,0.5196142249763943,,,,,,,,,,,,,,,,,,,,,,,,,,,,,
7.744907379150391,319,6,261.0,1382400,48,2209,0.10105299204587936,7e-05,0.5278447866439819,-0.35926491737365723,0.15,0.093203125,0.0008594423532485961,0.00631529,0.5280572940595448,,,,,,,,,,,,,,,,,,,,,,,,,,,,,
7.618545055389404,310,7,264.98,1384960,57,2214,0.05324367806315422,7e-05,0.6920525431632996,-0.3854731878638267,0.15,0.0840625,-0.0018670100532472134,0.005332971,0.38519621595740317,,,,,,,,,,,,,,,,,,,,,,,,,,,,,
7.68028450012207,335,8,263.82,1387520,61,2216,1.1554436683654785,7e-05,0.7011100053787231,-0.3852695812072073,0.15,0.06361607142857142,0.001982911988826735,0.014740449,0.550077898427844,,,,,,,,,,,,,,,,,,,,,,,,,,,,,
7.669368743896484,316,9,266.51,1390080,72,2221,0.4200518727302551,7e-05,0.6669079065322876,-0.37904671877622603,0.15,0.0821875,0.00017845617607235907,0.0032318172,0.5870553093962372,,,,,,,,,,,,,,,,,,,,,,,,,,,,,
7.785244941711426,313,10,264.9,1392640,81,2226,0.7351676821708679,7e-05,0.662107527256012,-0.3518692098557949,0.15,0.07375,0.00019391177222132682,0.0049536875,0.6104302820377052,,,,,,,,,,,,,,,,,,,,,,,,,,,,,
,,,,,,2228,0.5805394053459167,7e-05,0.6042439937591553,-0.3627983326713244,0.15,0.06875,0.004142131532231966,0.013322735,0.8014728541175524,,,,,,,,,665600,0.84,2.5920547434419925,3,104.14801534354842,0,245.53,8.19978678047657,,,,,,,,,,,,,
,,,,,,,,,,,,,,,,,,,,,,,,665600,0.47,7.070538226932956,3,142.16667823368456,1,306.66,3.415133562833071,,,,,,,,,,,,,
,,,,,,,,,,,,,,,,,,,,,,,,665600,,,3,,,,,0.84,0,0,157.3,6.75,0,0,0.84,0.0,0.37,0.47,0.84,0
7.810091495513916,1788,1,268.36,1395200,1,,,,,,,,,,,3,0.011,11,15,1,7e-05,665600,440,,,,,,,,,,,,,,,,,,,,,
7.828383922576904,380,2,265.43,1397760,13,2233,0.09592196345329285,7e-05,0.47462594509124756,-0.37010345041751863,0.15,0.102109375,-0.0011366843804717064,0.0072186985,0.6795790351182223,,,,,,,,,,,,,,,,,,,,,,,,,,,,,
7.910745620727539,317,3,261.08,1400320,24,2238,0.6036564707756042,7e-05,0.5523616075515747,-0.3850372686982155,0.15,0.10953125,-0.001372465817257762,0.008802072,0.5662123561557383,,,,,,,,,,,,,,,,,,,,,,,,,,,,,
7.845513343811035,294,4,264.85,1402880,34,2243,0.34497976303100586,7e-05,0.5823546648025513,-0.3903625836968422,0.15,0.076015625,-0.0010480610420927406,0.00402622,0.4989593204297125,,,,,,,,,,,,,,,,,,,,,,,,,,,,,
7.849236011505127,350,5,264.88,1405440,36,2244,0.2771591544151306,7e-05,0.5765681862831116,-0.5150535702705383,0.15,0.11979166666666667,0.0014810948632657528,0.007004039,0.7618714173634847,,,,,,,,,,,,,,,,,,,,,,,,,,,,,
7.895202159881592,326,6,265.09,1408000,47,2249,0.09300405532121658,7e-05,0.6645997762680054,-0.45122022926807404,0.15,0.09546875,-0.001954524386674166,0.0057981024,0.5717545498721301,,,,,,,,,,,,,,,,,,,,,,,,,,,,,
7.953038215637207,301,7,263.59,1410560,59,2254,0.0972917303442955,7e-05,0.7154903411865234,-0.4114505651593208,0.15,0.090234375,-0.00019788794219493866,0.004643586,0.5779567343788221,,,,,,,,,,,,,,,,,,,,,,,,,,,,,
7.938980579376221,301,8,268.18,1413120,68,2259,1.2377755641937256,7e-05,0.6815956234931946,-0.41092343866825104,0.15,0.094375,0.00016505143139511347,0.007250839,0.46478600706905127,,,,,,,,,,,,,,,,,,,,,,,,,,,,,
7.853644371032715,296,9,274.23,1415680,77,2264,0.08290655165910721,7e-05,0.690125584602356,-0.41729149416089056,0.15,0.10421875,-0.0008508518617600202,0.009452815,0.45826454044319687,,,,,,,,,,,,,,,,,,,,,,,,,,,,,
7.782134532928467,296,10,277.11,1418240,86,2269,0.13392363488674164,7e-05,0.6763070821762085,-0.43286084979772566,0.15,0.103984375,-0.001282181888818741,0.0054324595,0.36489729803055526,,,,,,,,,,,,,,,,,,,,,,,,,,,,,
,,,,,,2271,0.199742391705513,7e-05,0.5913601517677307,-0.3991657383739948,0.15,0.09430803571428571,0.0030557990539819,0.009205366,0.4471145061376904,,,,,,,,,691200,0.8,2.617195452816067,3,109.42837794649063,0,269.51,7.889991931915283,,,,,,,,,,,,,
,,,,,,,,,,,,,,,,,,,,,,,,691200,0.51,6.15121780393835,3,146.16609558991442,1,291.45,4.603478109836578,,,,,,,,,,,,,
,,,,,,,,,,,,,,,,,,,,,,,,691200,,,3,,,,,0.8,0,0,157.3,6.75,0,0,0.8,0.0,0.29000000000000004,0.51,0.8,0
7.740004062652588,1668,1,273.7,1420800,1,,,,,,,,,,,3,0.011,11,15,1,7e-05,691200,440,,,,,,,,,,,,,,,,,,,,,
7.749508857727051,381,2,272.89,1423360,13,2276,0.3719671070575714,7e-05,0.6884066462516785,-0.3805923491716385,0.15,0.071484375,-0.0006041692569851876,0.011006137,0.4694870338588953,,,,,,,,,,,,,,,,,,,,,,,,,,,,,
7.8026533126831055,324,3,271.28,1425920,23,2281,0.2907380163669586,7e-05,0.607071042060852,-0.4061934694647789,0.15,0.09453125,-0.002162071401253343,0.005551274,0.5094168052449822,,,,,,,,,,,,,,,,,,,,,,,,,,,,,
7.7935099601745605,296,4,273.17,1428480,34,2286,0.13380998373031616,7e-05,0.6513480544090271,-0.37634323015809057,0.15,0.090390625,-0.002037086691707373,0.0055140294,0.3842580300103873,,,,,,,,,,,,,,,,,,,,,,,,,,,,,
7.7437543869018555,286,5,273.2,1431040,44,2291,0.3450720012187958,7e-05,0.646150529384613,-0.3560124246776104,0.15,0.07953125,-0.0012807335332036018,0.0060284864,0.5312215494364501,,,,,,,,,,,,,,,,,,,,,,,,,,,,,
7.701429843902588,273,6,279.34,1433600,56,2296,0.9537160396575928,7e-05,0.6221225261688232,-0.3911870938539505,0.15,0.083359375,-0.0017546831350773572,0.0048339088,0.5284345528110862,,,,,,,,,,,,,,,,,,,,,,,,,,,,,
7.7033185958862305,272,7,279.56,1436160,65,2301,0.03292519226670265,7e-05,0.5387197732925415,-0.36409411728382113,0.15,0.072890625,-0.002053992934525013,0.004467207,0.5030543952435255,,,,,,,,,,,,,,,,,,,,,,,,,,,,,
7.6190667152404785,272,8,282.8,1438720,75,2306,0.08441110700368881,7e-05,0.5865095853805542,-0.4042255541682243,0.15,0.104609375,0.0002461661398410797,0.007591932,0.4114396325498819,,,,,,,,,,,,,,,,,,,,,,,,,,,,,
7.701688289642334,265,9,276.58,1441280,86,2311,0.12652485072612762,7e-05,0.6955015659332275,-0.3896372005343437,0.15,0.101328125,0.0005045311339199543,0.006572989,0.37680072374641893,,,,,,,,,,,,,,,,,,,,,,,,,,,,,
7.526006698608398,267,10,279.63,1443840,95,2316,-0.003710297867655754,7e-05,0.7072409391403198,-0.3615088729560375,0.15,0.07859375,8.375775068998337e-05,0.0068249656,0.412948175445199,,,,,,,,,,,,,,,,,,,,,,,,,,,,,
,,,,,,2321,0.18227095901966095,7e-05,0.6671982407569885,-0.3833795541524887,0.15,0.085078125,0.00021347692236304284,0.0059188236,0.5033476200141013,,,,,,,,,716800,0.8,2.6210741239929427,3,103.46580884524124,0,270.08,7.8973076069355015,,,,,,,,,,,,,
,,,,,,,,,,,,,,,,,,,,,,,,716800,0.41,6.052911402803477,3,137.19273158589706,1,326.12,3.8271567453444004,,,,,,,,,,,,,
,,,,,,,,,,,,,,,,,,,,,,,,716800,,,3,,,,,0.8,0,0,157.3,6.75,0,0,0.8,0.0,0.39000000000000007,0.41,0.8,0
7.584409236907959,1715,1,278.84,1446400,1,,,,,,,,,,,3,0.011,11,15,1,7e-05,716800,440,,,,,,,,,,,,,,,,,,,,,
7.570031642913818,443,2,278.57,1448960,11,2326,0.9690618515014648,7e-05,0.6734810471534729,-0.3944357651472092,0.15,0.1009375,-0.0011183594446629286,0.0047155255,0.5914780429936946,,,,,,,,,,,,,,,,,,,,,,,,,,,,,
7.3360395431518555,358,3,289.24,1451520,21,2331,0.12852244079113007,7e-05,0.6465644836425781,-0.37971353888511655,0.15,0.10796875,-0.0013220054097473621,0.0073074764,0.5584868059679866,,,,,,,,,,,,,,,,,,,,,,,,,,,,,
7.3893561363220215,396,4,289.99,1454080,25,2333,1.1408134698867798,7e-05,0.5429657101631165,-0.37300178452449684,0.15,0.07766544117647059,0.001588252400431563,0.0077038887,0.7596504325594973,,,,,,,,,,,,,,,,,,,,,,,,,,,,,
7.256458759307861,369,5,296.46,1456640,34,2338,1.353934407234192,7e-05,0.5401605367660522,-0.3449694761633873,0.15,0.0840625,0.0007012851815670729,0.0045690327,0.893687722296454,,,,,,,,,,,,,,,,,,,,,,,,,,,,,
7.427649974822998,344,6,292.43,1459200,44,2343,1.1043156385421753,7e-05,0.5497692823410034,-0.37710494965314867,0.15,0.075546875,-0.00016847701743245125,0.004534965,0.7296433642320335,,,,,,,,,,,,,,,,,,,,,,,,,,,,,
7.364804267883301,319,7,296.58,1461760,56,2348,0.01316024735569954,7e-05,0.23992466926574707,-0.40164494812488555,0.15,0.089765625,-0.0028880380000919103,0.004632472,1.131689293012023,,,,,,,,,,,,,,,,,,,,,,,,,,,,,
7.427995204925537,353,8,293.59,1464320,57,2349,0.10735590755939484,7e-05,0.2694973349571228,-0.38989138332280243,0.15,0.08025568181818182,0.002214469269595363,0.0064888243,0.5295204601504586,,,,,,,,,,,,,,,,,,,,,,,,,,,,,
7.451200485229492,344,9,298.43,1466880,66,2354,0.7395309805870056,7e-05,0.32572048902511597,-0.3752113470435143,0.15,0.093359375,-0.0008162981458008289,0.0054763714,0.7241251317225397,,,,,,,,,,,,,,,,,,,,,,,,,,,,,
7.670980930328369,326,10,289.41,1469440,78,2359,0.6754308342933655,7e-05,0.04361671209335327,-0.38232779562473296,0.15,0.098046875,-0.00012015756219625473,0.0074713556,0.9578824866190553,,,,,,,,,,,,,,,,,,,,,,,,,,,,,
,,,,,,2364,0.10417070984840393,7e-05,0.01817423105239868,-0.40991600215435026,0.15,0.095859375,-4.5996513217687604e-05,0.009083455,0.8363597215712071,,,,,,,,,742400,0.84,2.3427178903481156,3,92.85134947861555,0,255.63,8.289875421524048,,,,,,,,,,,,,
,,,,,,,,,,,,,,,,,,,,,,,,742400,0.45,6.010732194401147,3,135.91977633883891,1,318.12,4.2520911949872975,,,,,,,,,,,,,
,,,,,,,,,,,,,,,,,,,,,,,,742400,,,3,,,,,0.84,0,0,157.3,6.75,0,0,0.84,0.0,0.38999999999999996,0.45,0.84,0
7.808186054229736,1729,1,283.12,1472000,1,,,,,,,,,,,3,0.011,11,15,1,7e-05,742400,440,,,,,,,,,,,,,,,,,,,,,
7.833476543426514,535,2,281.06,1474560,9,2369,0.00690986355766654,7e-05,0.04160964488983154,-0.3677027653157711,0.15,0.103203125,-0.0002884165477007627,0.01058547,0.41979686718434095,,,,,,,,,,,,,,,,,,,,,,,,,,,,,
8.093960762023926,354,3,276.38,1477120,21,2374,0.7426789999008179,7e-05,0.23322725296020508,-0.39633836537599565,0.15,0.079140625,-0.0010095318499952555,0.005062912,0.5472395059466362,,,,,,,,,,,,,,,,,,,,,,,,,,,,,
8.095853805541992,328,4,277.92,1479680,31,2379,0.9294198751449585,7e-05,0.2503703832626343,-0.4025686451792717,0.15,0.095078125,-0.000158299058675766,0.006423963,0.5261355963163078,,,,,,,,,,,,,,,,,,,,,,,,,,,,,
8.042108535766602,306,5,276.82,1482240,41,2384,0.046825945377349854,7e-05,0.23854660987854004,-0.42130000084638597,0.15,0.133828125,-0.002548508457839489,0.0076830136,0.42782552774995564,,,,,,,,,,,,,,,,,,,,,,,,,,,,,
8.135706901550293,298,6,273.07,1484800,51,2389,0.1092190369963646,7e-05,0.13811016082763672,-0.40597247242927553,0.15,0.101875,-0.0006582590285688639,0.0055361777,0.5920523984543979,,,,,,,,,,,,,,,,,,,,,,,,,,,,,
8.083062171936035,290,7,275.44,1487360,61,2394,0.06645908206701279,7e-05,0.2774357795715332,-0.3988793703913689,0.15,0.07734375,-0.0015049365628510714,0.0041809464,0.5551240895688534,,,,,,,,,,,,,,,,,,,,,,,,,,,,,
8.130326271057129,299,8,269.63,1489920,68,2397,0.21922050416469574,7e-05,0.31366264820098877,-0.3844651649040835,0.15,0.08468191964285714,0.0009817931235634855,0.008129662,0.5039505480589079,,,,,,,,,,,,,,,,,,,,,,,,,,,,,
8.174678802490234,291,9,263.51,1492480,79,2402,0.31575173139572144,7e-05,0.3854216933250427,-0.3991654208302498,0.15,0.07671875,-0.0015015552937984466,0.00505572,0.6308955218456685,,,,,,,,,,,,,,,,,,,,,,,,,,,,,
8.110051155090332,287,10,264.67,1495040,89,2407,0.27981361746788025,7e-05,0.45039254426956177,-0.3946423077583313,0.15,0.07828125,-0.0008012261148542166,0.0050387527,0.5900452169030905,,,,,,,,,,,,,,,,,,,,,,,,,,,,,
,,,,,,2412,0.3103145658969879,7e-05,0.541588544845581,-0.3724527116119862,0.15,0.077578125,-0.0013305575354024767,0.0063753263,0.4159969699755311,,,,,,,,,768000,0.8,2.6732335331438657,3,103.35627702273337,0,266.8,7.932318379878998,,,,,,,,,,,,,
,,,,,,,,,,,,,,,,,,,,,,,,768000,0.35,5.837914685463441,3,135.0792730214373,1,341.3,3.2047453542426227,,,,,,,,,,,,,
,,,,,,,,,,,,,,,,,,,,,,,,768000,,,3,,,,,0.8,0,0,157.3,6.75,0,0,0.8,0.0,0.45000000000000007,0.35,0.8,0
8.100553512573242,1843,1,267.05,1497600,1,,,,,,,,,,,3,0.011,11,15,1,7e-05,768000,440,,,,,,,,,,,,,,,,,,,,,
8.10831069946289,458,2,263.89,1500160,11,2417,0.14300860464572906,7e-05,0.49653273820877075,-0.38304416090250015,0.15,0.0968251329787234,-0.003365393688387059,0.010542823,0.4854743928509824,,,,,,,,,,,,,,,,,,,,,,,,,,,,,
7.995373725891113,473,3,264.58,1502720,16,2419,0.21447308361530304,7e-05,0.5285153388977051,-0.3948643930256367,0.15,0.0630859375,-0.0008324539056047797,0.0064133285,0.5058698730543256,,,,,,,,,,,,,,,,,,,,,,,,,,,,,
8.091224670410156,374,4,257.22,1505280,27,2424,0.059031978249549866,7e-05,0.5440546274185181,-0.3892311835289001,0.15,0.090625,0.0009315587766468525,0.0059047663,0.43805814992636444,,,,,,,,,,,,,,,,,,,,,,,,,,,,,
8.14550495147705,365,5,255.75,1507840,34,2428,0.15278823673725128,7e-05,0.5118190050125122,-0.40306142814781354,0.15,0.12149003623188406,0.0019076451038320859,0.015586416,0.4009315912220357,,,,,,,,,,,,,,,,,,,,,,,,,,,,,
8.12831974029541,330,6,257.67,1510400,46,2433,0.05214828997850418,7e-05,0.5104787349700928,-0.4410213479399681,0.15,0.109765625,0.0006275269016623497,0.005886457,0.5087318373471499,,,,,,,,,,,,,,,,,,,,,,,,,,,,,
8.143231391906738,315,7,256.67,1512960,56,2438,0.6186261773109436,7e-05,0.533737063407898,-0.4424041813611984,0.15,0.10484375,8.19758977741003e-05,0.006301429,0.4365849682921544,,,,,,,,,,,,,,,,,,,,,,,,,,,,,
7.934368133544922,305,8,265.02,1515520,66,2443,0.08253748714923859,7e-05,0.4432362914085388,-0.3915102991461754,0.15,0.09359375,-0.00011670291423797608,0.007916399,0.37946383938193323,,,,,,,,,,,,,,,,,,,,,,,,,,,,,
7.912562847137451,301,9,269.62,1518080,76,2448,0.29471898078918457,7e-05,0.4406888484954834,-0.4174187937378883,0.15,0.09390625,-0.002124371873214841,0.0066486774,0.30756074843928216,,,,,,,,,,,,,,,,,,,,,,,,,,,,,
7.982995510101318,294,10,268.57,1520640,86,2453,0.01796724833548069,7e-05,0.37850791215896606,-0.39724362432956695,0.15,0.073359375,-0.0018114534951746463,0.004765529,0.4887889425456524,,,,,,,,,,,,,,,,,,,,,,,,,,,,,
,,,,,,2458,0.27319779992103577,7e-05,0.36128896474838257,-0.4100311514735222,0.15,0.079140625,-0.003544071828946471,0.0034162432,0.5305177279561758,,,,,,,,,793600,0.89,1.9766676474836424,3,85.32161742489414,0,263.04,8.52483729839325,,,,,,,,,,,,,
,,,,,,,,,,,,,,,,,,,,,,,,793600,0.45,5.087448247411013,3,132.8004578305361,1,320.72,4.88669526822865,,,,,,,,,,,,,
,,,,,,,,,,,,,,,,,,,,,,,,793600,,,3,,,,,0.89,0,0,157.3,6.75,0,0,0.89,0.0,0.44,0.45,0.89,0
7.8633551597595215,1707,1,273.32,1523200,1,,,,,,,,,,,3,0.011,11,15,1,7e-05,793600,440,,,,,,,,,,,,,,,,,,,,,
7.9849677085876465,413,2,269.09,1525760,12,2463,0.15015174448490143,7e-05,0.3807680606842041,-0.4142680102586746,0.15,0.0753125,-0.0017422634549438952,0.0069501884,0.3515791680011898,,,,,,,,,,,,,,,,,,,,,,,,,,,,,
8.160983085632324,357,3,269.21,1528320,21,2468,0.3484238088130951,7e-05,0.39422035217285156,-0.4283861890435219,0.15,0.085,-0.0028115557972341774,0.0071161473,0.3587501517497003,,,,,,,,,,,,,,,,,,,,,,,,,,,,,
8.108301162719727,301,4,271.26,1530880,33,2473,0.18454155325889587,7e-05,0.39435893297195435,-0.4544940370321274,0.15,0.0846875,-0.001692712465301156,0.0057114763,0.482405280508101,,,,,,,,,,,,,,,,,,,,,,,,,,,,,
8.178180694580078,309,5,269.47,1533440,41,2477,0.07702933251857758,7e-05,0.42098039388656616,-0.4051204783760983,0.15,0.08027626811594203,-0.0009109454931340356,0.015640825,0.3052588898310627,,,,,,,,,,,,,,,,,,,,,,,,,,,,,
8.226324081420898,306,6,271.86,1536000,50,2482,0.1338694542646408,7e-05,0.44618088006973267,-0.41383260264992716,0.15,0.07875,-0.0006358388531953097,0.0052459175,0.3419523922353983,,,,,,,,,,,,,,,,,,,,,,,,,,,,,
8.197970390319824,296,7,276.17,1538560,60,2487,0.047533612698316574,7e-05,0.41969531774520874,-0.4782066810131073,0.15,0.10125,-0.0020091169886291027,0.0055165263,0.3506199084222317,,,,,,,,,,,,,,,,,,,,,,,,,,,,,
8.391651153564453,325,8,269.06,1541120,62,2488,0.1181754618883133,7e-05,0.45632946491241455,-0.46446069023188424,0.15,0.05376838235294118,0.00021512077792602426,0.004474953,0.3542148023843765,,,,,,,,,,,,,,,,,,,,,,,,,,,,,
8.388443946838379,317,9,269.5,1543680,72,2493,-0.011714688502252102,7e-05,0.4095957279205322,-0.4606672403216362,0.15,0.094140625,-0.005234411442652345,0.0063523776,0.4012323606945574,,,,,,,,,,,,,,,,,,,,,,,,,,,,,
8.386792182922363,309,10,268.28,1546240,82,2498,0.3445175886154175,7e-05,0.37279409170150757,-0.4390413963794708,0.15,0.080703125,-0.0005244352202862501,0.0042878003,0.3942083303630352,,,,,,,,,,,,,,,,,,,,,,,,,,,,,
,,,,,,2503,0.008305523544549942,7e-05,0.4616584777832031,-0.4767622223496437,0.15,0.086484375,-0.001775783495977521,0.0067394576,0.390246767885983,,,,,,,,,819200,0.78,2.6320276099252244,3,99.15534075378895,0,296.28,7.750191344022751,,,,,,,,,,,,,
,,,,,,,,,,,,,,,,,,,,,,,,819200,0.35,5.3909318221253875,3,128.7269606570434,1,346.36,3.4317534423619507,,,,,,,,,,,,,
,,,,,,,,,,,,,,,,,,,,,,,,819200,,,3,,,,,0.78,0,0,157.3,6.75,0,0,0.78,0.0,0.43000000000000005,0.35,0.78,0
8.2848482131958,1814,1,273.12,1548800,1,,,,,,,,,,,3,0.011,11,15,1,7e-05,819200,440,,,,,,,,,,,,,,,,,,,,,
8.199728012084961,454,2,275.8,1551360,11,2508,0.09929515421390533,7e-05,0.3779459595680237,-0.4536508873105049,0.15,0.118046875,0.0022005847096443175,0.010435028,0.438732515219599,,,,,,,,,,,,,,,,,,,,,,,,,,,,,
8.205530166625977,344,3,275.32,1553920,22,2513,0.41641923785209656,7e-05,0.3123393654823303,-0.4572338443994522,0.15,0.088828125,-0.0016097856359556318,0.007490593,0.5326257750019431,,,,,,,,,,,,,,,,,,,,,,,,,,,,,
7.952471733093262,344,4,283.04,1556480,29,2518,0.014371054247021675,7e-05,0.33670079708099365,-0.40759260892868043,0.15,0.099140625,-0.0018449190258979797,0.0074593686,0.284969902895391,,,,,,,,,,,,,,,,,,,,,,,,,,,,,
7.756755352020264,326,5,292.23,1559040,39,2523,-0.006792599335312843,7e-05,0.32007068395614624,-0.40473940908908845,0.15,0.0865625,-0.002265490386635065,0.006249836,0.3123056775517762,,,,,,,,,,,,,,,,,,,,,,,,,,,,,
7.933575630187988,311,6,287.55,1561600,49,2528,0.38727089762687683,7e-05,0.33979976177215576,-0.3686849245429039,0.15,0.091015625,-0.0027626996114850045,0.005121866,0.42105221478268506,,,,,,,,,,,,,,,,,,,,,,,,,,,,,
7.874825954437256,296,7,288.63,1564160,60,2533,0.7447579503059387,7e-05,0.2333802580833435,-0.3926370887458324,0.15,0.08203125,-0.0040995828714221715,0.0054180985,0.6357752396166325,,,,,,,,,,,,,,,,,,,,,,,,,,,,,
7.772835731506348,291,8,288.48,1566720,70,2538,0.2497701644897461,7e-05,0.3753882050514221,-0.406724810898304,0.15,0.093125,-0.0011703174002468586,0.007950665,0.3769002763926983,,,,,,,,,,,,,,,,,,,,,,,,,,,,,
7.5961222648620605,305,9,294.95,1569280,75,2541,0.11473783105611801,7e-05,0.11347097158432007,-0.407280653106923,0.15,0.07461734693877552,0.0015330150989549501,0.011619505,0.5060018958637909,,,,,,,,,,,,,,,,,,,,,,,,,,,,,
7.472529411315918,302,10,299.49,1571840,84,2546,0.05033787339925766,7e-05,0.28341519832611084,-0.3709528274834156,0.15,0.084609375,-0.002970965085551143,0.005021039,0.3561169077176601,,,,,,,,,,,,,,,,,,,,,,,,,,,,,
,,,,,,2551,0.0510704405605793,7e-05,0.19906479120254517,-0.344130867421627,0.15,0.102109375,0.0008251242153346539,0.005790671,0.29868801722303034,,,,,,,,,844800,0.82,2.4190833356775125,3,94.44734988341388,0,279.91,8.074140779972076,,,,,,,,,,,,,
,,,,,,,,,,,,,,,,,,,,,,,,844800,0.24,3.9973284222785512,3,116.48840071011361,1,374.85,3.3413207986205817,,,,,,,,,,,,,
,,,,,,,,,,,,,,,,,,,,,,,,844800,,,3,,,,,0.82,0,0,157.3,6.75,0,0,0.82,0.0,0.58,0.24,0.82,0
7.310893535614014,1671,1,304.34,1574400,1,,,,,,,,,,,3,0.011,11,15,1,7e-05,844800,440,,,,,,,,,,,,,,,,,,,,,
7.4354047775268555,427,2,301.66,1576960,11,2556,0.11079955101013184,7e-05,0.3905215859413147,-0.36533539459109304,0.15,0.084140625,-0.002142888866364956,0.0044827433,0.38164689753670245,,,,,,,,,,,,,,,,,,,,,,,,,,,,,
7.330381393432617,363,3,304.35,1579520,21,2561,0.13319429755210876,7e-05,0.41057270765304565,-0.39556324705481527,0.15,0.10046875,-0.0006125055998563767,0.003764247,0.548934676880017,,,,,,,,,,,,,,,,,,,,,,,,,,,,,
7.2106194496154785,331,4,309.09,1582080,30,2566,0.14662952721118927,7e-05,0.4644600749015808,-0.3924102181196213,0.15,0.08546875,-0.0003421201463788748,0.0060061384,0.43676385320723055,,,,,,,,,,,,,,,,,,,,,,,,,,,,,
7.219500541687012,346,5,308.43,1584640,36,2569,0.16703948378562927,7e-05,0.4336508512496948,-0.38153595179319383,0.15,0.08763020833333333,0.004324400052428246,0.012150879,0.5356060146354139,,,,,,,,,,,,,,,,,,,,,,,,,,,,,
7.467350482940674,382,6,299.43,1587200,40,2571,0.41693851351737976,7e-05,0.4736465811729431,-0.4099742598258532,0.15,0.07692307692307693,0.0027850278868125035,0.009252266,0.5044592117460874,,,,,,,,,,,,,,,,,,,,,,,,,,,,,
7.5273261070251465,342,7,297.94,1589760,52,2576,0.1721457690000534,7e-05,0.4461095929145813,-0.40434946849942205,0.15,0.0875,-0.00193507079500705,0.005499178,0.5773105854913593,,,,,,,,,,,,,,,,,,,,,,,,,,,,,
7.5476202964782715,369,8,295.11,1592320,55,2578,0.11466273665428162,7e-05,0.4261653423309326,-0.39673549771308897,0.15,0.0853125,0.0010150947049260139,0.011340516,0.5083511425554752,,,,,,,,,,,,,,,,,,,,,,,,,,,,,
7.726309776306152,349,9,289.71,1594880,65,2583,0.29228755831718445,7e-05,0.366011381149292,-0.4290349514782429,0.15,0.09,0.00026441858150064943,0.0075877965,0.5627387122809887,,,,,,,,,,,,,,,,,,,,,,,,,,,,,
7.78947639465332,337,10,287.18,1597440,75,2588,0.2551043927669525,7e-05,0.4263341426849365,-0.4284100630879402,0.15,0.08421875,-0.002043836181983352,0.0047951043,0.5014157156646252,,,,,,,,,,,,,,,,,,,,,,,,,,,,,
,,,,,,2593,0.14525632560253143,7e-05,0.47132617235183716,-0.38767520532011984,0.15,0.07515625,-0.001876988671720028,0.005172301,0.38897575680166485,,,,,,,,,870400,0.76,2.6770695662838677,3,100.58139539696195,0,286.23,7.722298395633698,,,,,,,,,,,,,
,,,,,,,,,,,,,,,,,,,,,,,,870400,0.43,4.57857110661278,3,136.0979367955297,1,322.54,4.968066127151251,,,,,,,,,,,,,
,,,,,,,,,,,,,,,,,,,,,,,,870400,,,3,,,,,0.76,0,0,157.3,6.75,0,0,0.76,0.0,0.33,0.43,0.76,0
7.98306131362915,1678,1,278.84,1600000,1,,,,,,,,,,,3,0.011,11,15,1,7e-05,870400,440,,,,,,,,,,,,,,,,,,,,,
8.091272354125977,466,2,275.13,1602560,10,2598,0.5359598994255066,7e-05,0.5034490823745728,-0.4194477358460426,0.15,0.091328125,-0.002175156134180725,0.005460785,0.39535689175128935,,,,,,,,,,,,,,,,,,,,,,,,,,,,,
8.134912490844727,522,3,275.57,1605120,14,2600,0.473466694355011,7e-05,0.4898579716682434,-0.47249297080216585,0.15,0.06539351851851852,0.0017354588058811646,0.0060260086,0.4619416428936852,,,,,,,,,,,,,,,,,,,,,,,,,,,,,
8.27694320678711,401,4,270.71,1607680,25,2605,-0.0016987137496471405,7e-05,0.5520561933517456,-0.40384127512574197,0.15,0.076796875,-0.00011546328663825988,0.004844061,0.3902146654576063,,,,,,,,,,,,,,,,,,,,,,,,,,,,,
8.08036994934082,380,5,275.86,1610240,33,2610,0.06568770110607147,7e-05,0.44603222608566284,-0.3693085975944996,0.15,0.08,-0.001567319380119443,0.0076172166,0.44011827137321236,,,,,,,,,,,,,,,,,,,,,,,,,,,,,
8.095817565917969,333,6,274.14,1612800,46,2615,0.13483530282974243,7e-05,0.5518594980239868,-0.4179580111801624,0.15,0.086328125,-0.002586741019040346,0.006909179,0.38413109773769977,,,,,,,,,,,,,,,,,,,,,,,,,,,,,
7.7199015617370605,314,7,281.75,1615360,57,2620,0.21754786372184753,7e-05,0.47354358434677124,-0.4451133720576763,0.15,0.09859375,-0.001559544587507844,0.0057459446,0.4587028336431831,,,,,,,,,,,,,,,,,,,,,,,,,,,,,
7.720592498779297,320,8,281.56,1617920,63,2623,0.05355933681130409,7e-05,0.6212903261184692,-0.41981705871679015,0.15,0.11321504237288135,0.001932763747113236,0.017107442,0.39487549444755254,,,,,,,,,,,,,,,,,,,,,,,,,,,,,
7.50838565826416,315,9,291.23,1620480,73,2628,0.05425747483968735,7e-05,0.3705839514732361,-0.4496147131919861,0.15,0.0771875,-0.0022944680135697127,0.006455018,0.5823308749124407,,,,,,,,,,,,,,,,,,,,,,,,,,,,,
7.505712985992432,306,10,290.16,1623040,83,2633,0.17607393860816956,7e-05,0.3852139711380005,-0.4369134110212326,0.15,0.116875,-0.0019070584326982497,0.00924485,0.4419164961017668,,,,,,,,,,,,,,,,,,,,,,,,,,,,,
,,,,,,2638,0.3740285634994507,7e-05,0.21102946996688843,-0.43245199729095807,0.15,0.09383877840909091,0.00024403196717189118,0.010482279,0.522410207576203,,,,,,,,,896000,0.77,2.7939170476987827,3,100.35930450137646,0,282.9,7.762178354263305,,,,,,,,,,,,,
,,,,,,,,,,,,,,,,,,,,,,,,896000,0.37,5.046870981285823,3,129.86045548972942,1,341.11,4.075639367043041,,,,,,,,,,,,,
,,,,,,,,,,,,,,,,,,,,,,,,896000,,,3,,,,,0.77,0,0,157.3,6.75,0,0,0.77,0.0,0.4,0.37,0.77,0
7.432034969329834,1707,1,290.99,1625600,1,,,,,,,,,,,3,0.011,11,15,1,7e-05,896000,440,,,,,,,,,,,,,,,,,,,,,
7.551280975341797,434,2,288.19,1628160,11,2643,0.1099446713924408,7e-05,0.310894250869751,-0.48807829678058623,0.15,0.10421875,-0.003564637564122677,0.0064514764,0.4626853935793042,,,,,,,,,,,,,,,,,,,,,,,,,,,,,
7.559835433959961,451,3,288.26,1630720,17,2647,0.40098023414611816,7e-05,0.4470224380493164,-0.45076641124306305,0.15,0.11375473484848485,0.0009311020628295162,0.013080101,0.3569741931031317,,,,,,,,,,,,,,,,,,,,,,,,,,,,,
7.557322978973389,373,4,290.34,1633280,27,2652,0.4097527861595154,7e-05,0.44964927434921265,-0.4254393756389618,0.15,0.106015625,-0.0018543547112494707,0.009408358,0.3640899090655148,,,,,,,,,,,,,,,,,,,,,,,,,,,,,
7.627277851104736,311,5,286.87,1635840,41,2657,0.4971158802509308,7e-05,0.43288856744766235,-0.43086536943912507,0.15,0.09859375,-0.0016434755641967058,0.0069836834,0.4889605618268251,,,,,,,,,,,,,,,,,,,,,,,,,,,,,
7.833415985107422,300,6,281.28,1638400,51,2662,0.03429639711976051,7e-05,0.3572194576263428,-0.44395410507917404,0.15,0.071953125,-0.0010432696854695677,0.004531006,0.44020476955920457,,,,,,,,,,,,,,,,,,,,,,,,,,,,,
7.75438117980957,294,7,285.66,1640960,60,2667,0.2195340394973755,7e-05,0.4117758870124817,-0.4433732244372368,0.15,0.07265625,-0.0027659239154309034,0.0044254675,0.3680842745490372,,,,,,,,,,,,,,,,,,,,,,,,,,,,,
7.954914569854736,291,8,282.55,1643520,70,2672,0.1363525390625,7e-05,0.3987336754798889,-0.4518896383047104,0.15,0.102890625,-0.0018540273047983646,0.0060325926,0.4386770760640502,,,,,,,,,,,,,,,,,,,,,,,,,,,,,
7.879690170288086,290,9,286.42,1646080,79,2677,0.5204492211341858,7e-05,0.3543769121170044,-0.42385066628456114,0.15,0.090859375,-0.000435735359787941,0.0045805867,0.33269524458795785,,,,,,,,,,,,,,,,,,,,,,,,,,,,,
7.990294933319092,305,10,283.77,1648640,83,2680,0.029727797955274582,7e-05,0.446155846118927,-0.4910729309407676,0.15,0.11642530487804878,0.0004585569997022792,0.03190256,0.38797095867737036,,,,,,,,,,,,,,,,,,,,,,,,,,,,,
,,,,,,2682,0.13999632000923157,7e-05,0.39549219608306885,-0.4577014422416687,0.15,0.109375,0.0050805374234914775,0.020162474,0.4202086501568556,,,,,,,,,921600,0.84,2.3307379433090674,3,89.0871141074847,0,265.69,8.25931410074234,,,,,,,,,,,,,
,,,,,,,,,,,,,,,,,,,,,,,,921600,0.38,4.8475472875759635,3,133.41174760867202,1,336.16,4.375588770061731,,,,,,,,,,,,,
,,,,,,,,,,,,,,,,,,,,,,,,921600,,,3,,,,,0.84,0,0,157.3,6.75,0,0,0.84,0.0,0.45999999999999996,0.38,0.84,0
7.875359535217285,1773,1,286.89,1651200,1,,,,,,,,,,,3,0.011,11,15,1,7e-05,921600,440,,,,,,,,,,,,,,,,,,,,,
8.012423515319824,368,2,283.83,1653760,13,2687,0.533793032169342,7e-05,0.32982659339904785,-0.4388501706719399,0.15,0.075703125,-0.00017540516331791876,0.0033689984,0.5870164439082146,,,,,,,,,,,,,,,,,,,,,,,,,,,,,
8.040650367736816,336,3,278.58,1656320,22,2692,0.08983998000621796,7e-05,0.4616800546646118,-0.41707012861967085,0.15,0.073671875,-0.0023292438220232723,0.00490597,0.42404534185305237,,,,,,,,,,,,,,,,,,,,,,,,,,,,,
8.092717170715332,301,4,277.72,1658880,33,2697,0.03358215093612671,7e-05,0.5797717571258545,-0.46031905949115753,0.15,0.089375,-0.0032272136863321066,0.0050083552,0.43381863821297884,,,,,,,,,,,,,,,,,,,,,,,,,,,,,
7.963301181793213,301,5,281.65,1661440,42,2702,0.15481093525886536,7e-05,0.5937891602516174,-0.48079645276069644,0.15,0.07671875,-0.004469954231753945,0.004711072,0.4233717397600412,,,,,,,,,,,,,,,,,,,,,,,,,,,,,
8.071191787719727,294,6,280.08,1664000,52,2707,0.07567490637302399,7e-05,0.5937459468841553,-0.462731960862875,0.15,0.1009375,-0.0015671806223690509,0.005532585,0.420154590215534,,,,,,,,,,,,,,,,,,,,,,,,,,,,,
8.319366455078125,283,7,271.52,1666560,63,2712,0.3917856812477112,7e-05,0.4526131749153137,-0.46482984244823455,0.15,0.0684375,-0.0027645251993089915,0.004888871,0.6531614483520388,,,,,,,,,,,,,,,,,,,,,,,,,,,,,
8.448458671569824,275,8,266.86,1669120,74,2717,0.15378578007221222,7e-05,0.4823840260505676,-0.47901357382535936,0.15,0.070625,-0.0020366175007075073,0.005714109,0.34104955041781065,,,,,,,,,,,,,,,,,,,,,,,,,,,,,
8.643354415893555,265,9,260.1,1671680,86,2722,0.2623097896575928,7e-05,0.6403193473815918,-0.480257405936718,0.15,0.08109375,-0.00039062757976353167,0.0042949403,0.32259586099535226,,,,,,,,,,,,,,,,,,,,,,,,,,,,,
8.664350509643555,266,10,257.31,1674240,96,2727,0.07830348610877991,7e-05,0.5877972841262817,-0.443847294151783,0.15,0.0984375,-0.0011000554822385312,0.006715125,0.30650524273514745,,,,,,,,,,,,,,,,,,,,,,,,,,,,,
,,,,,,2732,0.22123120725154877,7e-05,0.5746796131134033,-0.4578780221939087,0.15,0.09421875,-0.000316224517300725,0.004435773,0.3290897550806403,,,,,,,,,947200,0.86,2.201882349536728,3,89.96690280319757,0,261.42,8.393785705566406,,,,,,,,,,,,,
,,,,,,,,,,,,,,,,,,,,,,,,947200,0.45,3.851861951436851,3,134.60111440846248,1,318.8,5.572753001749516,,,,,,,,,,,,,
,,,,,,,,,,,,,,,,,,,,,,,,947200,,,3,,,,,0.86,0,0,157.3,6.75,0,0,0.86,0.0,0.41,0.45,0.86,0
8.726988792419434,1749,1,255.69,1676800,1,,,,,,,,,,,3,0.011,11,15,1,7e-05,947200,440,,,,,,,,,,,,,,,,,,,,,
8.573810577392578,401,2,259.3,1679360,12,2737,0.2752550542354584,7e-05,0.4917178750038147,-0.45437997579574585,0.15,0.07609375,-0.0020036852825433015,0.0059575764,0.3415897018648684,,,,,,,,,,,,,,,,,,,,,,,,,,,,,
8.632881164550781,344,3,258.61,1681920,22,2742,0.053734615445137024,7e-05,0.6433209180831909,-0.4638726708292961,0.15,0.0859375,-0.002790326848626137,0.0057639284,0.2809775296971202,,,,,,,,,,,,,,,,,,,,,,,,,,,,,
8.624537467956543,322,4,259.47,1684480,31,2747,0.16587531566619873,7e-05,0.5467125177383423,-0.4573337832093239,0.15,0.086015625,-0.0015451249666512013,0.004252524,0.35517295574769375,,,,,,,,,,,,,,,,,,,,,,,,,,,,,
