rollout/ep_rew_mean,rollout/ep_len_mean,time/total_timesteps,time/fps,time/iterations,time/time_elapsed,train/entropy_loss,train/n_updates,train/explained_variance,train/policy_gradient_loss,train/learning_rate,train/approx_kl,train/clip_fraction,train/value_loss,train/loss,train/clip_range,curriculum/stage,curriculum/preferred_eval_mode,curriculum/grid_size,train/ent_coef,curriculum/stage_timesteps,curriculum/max_steps,train/stage_learning_rate,curriculum/obs_quantity,eval/full_coverage_rate,eval/std_reward,eval/mean_reward,eval/mean_ep_length,eval/stage_timesteps,eval/stage,eval/deterministic,eval/std_ep_length,eval/promotion_max_mean_length,eval/coverage_promotion_passed,eval/promotion_min_mean_reward,eval/promotion_full_coverage_rate,eval/deterministic_quality_passed,eval/mode_gap,eval/stochastic_quality_passed,eval/stochastic_full_coverage_rate,eval/diagnostic_full_coverage_rate,eval/deterministic_promotion_floor,eval/quality_promotion_passed,eval/promotion_passed,eval/deterministic_full_coverage_rate
-3.469088077545166,178.4,2560,2202,1,1,,,,,,,,,,,,,,,,,,,,,,,,,,,,,,,,,,,,,,,
-4.409186840057373,181.04347826086956,5120,329,2,15,-1.386009305715561,5,0.008683741092681885,-0.001317026214674115,3.5e-05,0.00070290576,0.0,1.1927656902372836,0.39912688732147217,0.105,,,,,,,,,,,,,,,,,,,,,,,,,,,,,
-3.630617380142212,178.32432432432432,7680,265,3,28,-1.3848848140239716,10,0.06210970878601074,-0.001477963076904416,3.5e-05,0.0008089867,0.0,0.42564753990620374,0.08848898112773895,0.105,,,,,,,,,,,,,,,,,,,,,,,,,,,,,
-4.0677995681762695,182.7843137254902,10240,248,4,41,-1.3830490469932557,15,0.03245037794113159,-0.0011307046376168729,3.5e-05,0.0006491109,0.0,0.7048382128030062,1.187178373336792,0.105,,,,,,,,,,,,,,,,,,,,,,,,,,,,,
-3.8087685108184814,181.5909090909091,12800,238,5,53,-1.3841644358634948,20,-0.007477760314941406,-0.004101708577945828,3.5e-05,0.0025341876,0.06078125,0.5013593201525509,0.006233368068933487,0.105,,,,,,,,,,,,,,,,,,,,,,,,,,,,,
-3.9918806552886963,183.66666666666666,15360,230,6,66,-1.3808752596378326,25,0.03514361381530762,-0.00658622819930315,3.5e-05,0.0038232636,0.094453125,1.0153020246699453,1.020281434059143,0.105,,,,,,,,,,,,,,,,,,,,,,,,,,,,,
-3.565129518508911,181.40860215053763,17920,231,7,77,-1.3761548137664794,30,0.0001800060272216797,-0.0075004204362630845,3.5e-05,0.0029619688,0.114296875,0.3504118042625487,0.0001375041902065277,0.105,,,,,,,,,,,,,,,,,,,,,,,,,,,,,
-3.2703940868377686,179.78,20480,228,8,89,-1.3674048781394958,35,0.02184230089187622,-0.0034684646874666215,3.5e-05,0.0025073488,0.06171875,1.4730659198947251,2.5974671840667725,0.105,,,,,,,,,,,,,,,,,,,,,,,,,,,,,
-2.767024517059326,177.75,23040,2758,1,0,-1.3594428050518035,40,0.0035791397094726562,-0.002534695593640208,3.5e-05,0.001901752,0.039921875,1.4365515454486013,-0.009501993656158447,0.105,1,0,5,0.015,0,200,7e-05,3,,,,,,,,,,,,,,,,,,,,,
-2.314393997192383,174.74,25600,439,2,11,-1.3446868479251861,45,0.02531224489212036,-0.0056694050505757335,7e-05,0.009964445,0.17921875,1.4365728767495602,0.008121773600578308,0.15,,,,,,,,,,,,,,,,,,,,,,,,,,,,,
-1.729030728340149,172.98,28160,327,3,23,-1.3375656008720398,50,-0.015950322151184082,-0.002574701774865389,7e-05,0.0051740264,0.118984375,1.7739672042056918,1.7577743530273438,0.15,,,,,,,,,,,,,,,,,,,,,,,,,,,,,
-1.1364859342575073,167.86,30720,284,4,35,-1.3216854858398437,55,0.008262932300567627,-0.007211209898814559,7e-05,0.0071323374,0.151015625,1.2016523473337293,2.3767340183258057,0.15,,,,,,,,,,,,,,,,,,,,,,,,,,,,,
-0.40233296155929565,164.13,33280,268,5,47,-1.3157812237739563,60,-0.008177042007446289,-0.004363083327189088,7e-05,0.0031889535,0.07609375,2.0536893682181834,1.9355114698410034,0.15,,,,,,,,,,,,,,,,,,,,,,,,,,,,,
0.12040520459413528,159.91,35840,256,6,59,-1.3094058847427368,65,0.050896525382995605,-0.0026510802842676638,7e-05,0.0031861272,0.085625,1.6686048140004277,1.5441052913665771,0.15,,,,,,,,,,,,,,,,,,,,,,,,,,,,,
0.3260529339313507,158.25,38400,244,7,73,-1.298668736219406,70,0.0365062952041626,-0.002089933454990387,7e-05,0.0024620576,0.05,2.3375213655829428,1.8785400390625,0.15,,,,,,,,,,,,,,,,,,,,,,,,,,,,,
0.3450528085231781,157.49,40960,238,8,86,-1.2954307234287261,75,0.09076893329620361,-0.003990399278700351,7e-05,0.0041308003,0.090625,1.0743140069022774,0.08399515599012375,0.15,,,,,,,,,,,,,,,,,,,,,,,,,,,,,
0.8313709497451782,150.57,43520,231,9,99,-1.2772545552253722,80,0.07331341505050659,-0.007231877455487847,7e-05,0.005518655,0.1525,1.026611211411655,-0.0032132677733898163,0.15,,,,,,,,,,,,,,,,,,,,,,,,,,,,,
0.7706320881843567,151.19,46080,220,10,116,-1.2752947521209717,85,0.043523550033569336,-0.0019626075867563487,7e-05,0.0039451676,0.0953125,1.8670729256421328,0.05582165718078613,0.15,,,,,,,,,,,,,,,,,,,,,,,,,,,,,
1.0421321392059326,146.03,48640,221,11,127,-1.2706147885322572,90,0.13051903247833252,-0.0007619835715740919,7e-05,0.0068452894,0.12984375,1.053373986594379,0.983483076095581,0.15,,,,,,,,,,,,,,,,,,,,,,,,,,,,,
1.166274070739746,143.96,51200,217,12,141,-1.256252647638321,95,0.15392178297042847,-0.0012117357272654772,7e-05,0.00486051,0.14546875,2.096967137940228,0.018628757447004318,0.15,,,,,,,,,,,,,,,,,,,,,,,,,,,,,
1.2946888208389282,142.61,53760,212,13,156,-1.2567000830173491,100,0.017311394214630127,-0.0036330713983625173,7e-05,0.004608665,0.09046875,2.0001048458367587,0.7869681119918823,0.15,,,,,,,,,,,,,,,,,,,,,,,,,,,,,
1.8584328889846802,137.8,56320,210,14,170,-1.2532844376564025,105,0.08968615531921387,-0.003640347197651863,7e-05,0.0056049884,0.12140625,1.2139216635003687,0.00272504985332489,0.15,,,,,,,,,,,,,,,,,,,,,,,,,,,,,
2.5566484928131104,127.22,58880,209,15,183,-1.232070677280426,110,-0.006545066833496094,-0.000837531154975295,7e-05,0.0061792717,0.1340625,1.5747810499370098,0.8670006394386292,0.15,,,,,,,,,,,,,,,,,,,,,,,,,,,,,
2.7626028060913086,125.26,61440,208,16,196,-1.2116413080692292,115,0.03715604543685913,-0.003908692542463541,7e-05,0.0023511604,0.056640625,1.6331183706223964,0.47538554668426514,0.15,,,,,,,,,,,,,,,,,,,,,,,,,,,,,
3.1438019275665283,118.73,64000,208,17,208,-1.2105710208415985,120,0.07398366928100586,-0.003088101735338569,7e-05,0.0031891663,0.101953125,1.0407108760625123,0.42075130343437195,0.15,,,,,,,,,,,,,,,,,,,,,,,,,,,,,
4.17754602432251,102.72,66560,208,18,221,-1.1968387293815612,125,0.0714874267578125,-0.0036885339859873056,7e-05,0.0043783532,0.0934375,1.1862484683841468,0.44037798047065735,0.15,,,,,,,,,,,,,,,,,,,,,,,,,,,,,
3.962829828262329,103.66,69120,208,19,233,-1.1722242522239685,130,0.041596829891204834,-0.003178900210186839,7e-05,0.0064892173,0.110390625,1.3933660525083542,0.3683909773826599,0.15,,,,,,,,,,,,,,,,,,,,,,,,,,,,,
4.55750036239624,94.88,71680,213,20,240,-1.1726979452830095,133,0.20399326086044312,-0.00032545386168819206,7e-05,0.010096185,0.17668269230769232,0.9221579661736121,0.6482623219490051,0.15,,,,,,,,,,,,,,,,,,,,,,,,,,,,,
4.820511341094971,89.26,74240,2184,1,1,-1.1521554911136627,138,0.09498387575149536,-0.008566129636019468,7e-05,0.0070857345,0.134375,0.8710708126425744,0.36990293860435486,0.15,1,0,5,0.007832,51200,200,7e-05,3,,,,,,,,,,,,,,,,,,,,,
5.102745056152344,86.59,76800,387,2,13,-1.1325877857208253,143,0.1249774694442749,-0.0017842240631580353,7e-05,0.0065852916,0.19625,0.6861191388964653,0.20129944384098053,0.15,,,,,,,,,,,,,,,,,,,,,,,,,,,,,
5.082937717437744,83.97,79360,323,3,23,-1.1086323702776875,148,0.12085485458374023,-0.0026198616941218024,7e-05,0.038465627,0.1675347222222222,0.5804972190547872,0.4739419221878052,0.15,,,,,,,,,,,,,,,,,,,,,,,,,,,,,
4.810784339904785,88.14,81920,285,4,35,-1.0951568055152894,153,0.09549760818481445,-0.0037166035547852518,7e-05,0.008073616,0.174765625,0.4604604208469391,0.2200143039226532,0.15,,,,,,,,,,,,,,,,,,,,,,,,,,,,,
4.802727699279785,90.12,84480,316,5,40,-1.0729625165462493,155,0.25088781118392944,-0.0008286858210340142,7e-05,0.0075257346,0.131640625,0.45277006812393666,0.3501717448234558,0.15,,,,,,,,,,,,,,,,,,,,,,,,,,,,,
4.610006332397461,93.41,87040,294,6,52,-1.0665365660190582,160,0.22964799404144287,-0.005370136182755232,7e-05,0.005965463,0.120234375,0.39849187545478343,0.11708321422338486,0.15,,,,,,,,,,,,,,,,,,,,,,,,,,,,,
5.236330032348633,81.5,89600,281,7,63,-1.0494295316934585,165,0.26400458812713623,-0.0035027084220200775,7e-05,0.007399003,0.152890625,0.5899559752643109,0.24578553438186646,0.15,,,,,,,,,,,,,,,,,,,,,,,,,,,,,
5.937976837158203,66.4,92160,272,8,75,-0.9902450627088547,170,0.2890086770057678,-0.009320577550679445,7e-05,0.0080281105,0.150703125,0.599033961892128,0.42754676938056946,0.15,,,,,,,,,,,,,,,,,,,,,,,,,,,,,
6.286635875701904,61.72,94720,267,9,86,-0.9374405366182327,175,0.19923722743988037,-0.004060544436797499,7e-05,0.01137046,0.188359375,0.3384030435979366,0.27815815806388855,0.15,,,,,,,,,,,,,,,,,,,,,,,,,,,,,
6.322038650512695,62.51,97280,264,10,96,-0.9165899813175201,180,0.2784807085990906,-0.006554862875491381,7e-05,0.008980204,0.17125,0.2400080320984125,0.11170298606157303,0.15,,,,,,,,,,,,,,,,,,,,,,,,,,,,,
5.829749584197998,72.96,99840,259,11,108,-0.9700131112337113,185,0.5048152208328247,-0.0020200575422495604,7e-05,0.009518565,0.19109375,0.23496275797486305,0.10017131268978119,0.15,,,,,,,,,,,,,,,,,,,,,,,,,,,,,
5.813420295715332,72.38,102400,252,12,121,-0.9623600560426712,190,0.5545613765716553,-0.002530059460550547,7e-05,0.0053386046,0.1565625,0.3583393996208906,0.09638753533363342,0.15,,,,,,,,,,,,,,,,,,,,,,,,,,,,,
6.022818565368652,67.04,104960,248,13,134,-0.9097126662731171,195,0.467499315738678,-0.005330211250111461,7e-05,0.0077407397,0.178359375,0.4287035994231701,0.25592637062072754,0.15,,,,,,,,,,,,,,,,,,,,,,,,,,,,,
6.310937404632568,61.37,107520,249,14,143,-0.9098980310486584,200,0.4934280514717102,-0.00046149112011601286,7e-05,0.021383643,0.16739710365853658,0.35491729400506833,0.3107016086578369,0.15,,,,,,,,,,,,,,,,,,,,,,,,,,,,,
6.500931262969971,57.4,110080,246,15,155,-0.8766835182905197,205,0.26023316383361816,-0.0075841183587908746,7e-05,0.009035362,0.137421875,0.2703682167828083,0.1003081277012825,0.15,,,,,,,,,,,,,,,,,,,,,,,,,,,,,
6.514482021331787,56.05,112640,252,16,162,-0.8564682451345152,208,0.44835686683654785,-0.001018977818726483,7e-05,0.013197631,0.1875,0.3844130798795466,0.19545944035053253,0.15,,,,,,,,,,,,,,,,,,,,,,,,,,,,,
6.792693614959717,50.06,115200,264,17,164,-0.8193514625231425,209,0.3802328109741211,0.005759680395325025,7e-05,0.0056477347,0.09791666666666667,0.3129639158646266,0.2351371943950653,0.15,,,,,,,,,,,,,,,,,,,,,,,,,,,,,
6.852964878082275,50.3,117760,272,18,168,-0.7911811590194702,211,0.42318230867385864,-0.0026886853788580215,7e-05,0.007521324,0.11004464285714285,0.20796409919857978,0.404757559299469,0.15,,,,,,,,,,,,,,,,,,,,,,,,,,,,,
6.950199127197266,49.43,120320,283,19,171,-0.780262315974516,212,0.31820130348205566,0.00514768053065328,7e-05,0.0057849046,0.1171875,0.18438232109388886,0.3284236490726471,0.15,,,,,,,,,,,,,,,,,,,,,,,,,,,,,
7.042022705078125,45.44,122880,291,20,175,-0.760994838816779,214,0.5554598569869995,0.005272271078346031,7e-05,0.009707934,0.14927455357142858,0.18144605042678968,0.15599285066127777,0.15,,,,,,,,,,,,,,,,,,,,,,,,,,,,,
,,,,,,-0.7004939466714859,218,0.3104473948478699,-0.005827875225804746,7e-05,0.009568172,0.138671875,0.18988528407903182,0.06246008723974228,0.15,,,,,,,,,0.99,2.1183398744613564,6.913715660572052,48.02,102400,1,0,25.20951407703052,,,,,,,,,,,,,
,,,,,,,,,,,,,,,,,,,,,,,,0.83,6.535979914888465,4.914965589046478,61.58,102400,1,1,62.993837793866795,,,,,,,,,,,,,
,,,,,,,,,,,,,,,,,,,,,,,,,,,,102400,1,,,32.5,1,6.75,0.99,0,0.16000000000000003,0,0.99,0.99,0.0,0,1,0.83
,,,,,,,,,,,,,,,,,,,,,,,,0.98,2.369547500334434,6.887766830921173,47.31,102400,1,0,26.012571960496334,,,,,,,,,,,,,
,,,,,,,,,,,,,,,,,,,,,,,,0.86,5.71721565171156,5.472130353450775,57.07,102400,1,1,58.300987127149064,,,,,,,,,,,,,
,,,,,,,,,,,,,,,,,,,,,,,,,,,,102400,1,,,32.5,0,6.75,0.98,0,0.12,0,0.98,0.98,0.0,0,0,0.86
7.033817768096924,46.8,125440,2404,1,1,,,,,,,,,,,1,1,5,0.0010000000000000009,102400,200,7e-05,3,,,,,,,,,,,,,,,,,,,,,
7.057817459106445,47.92,128000,414,2,12,-0.7129344022274018,223,0.4785022735595703,7.353447377681732e-05,7e-05,0.0102420375,0.1675,0.1892421704530716,0.17772461473941803,0.15,,,,,,,,,,,,,,,,,,,,,,,,,,,,,
6.998892307281494,47.65,130560,483,3,15,-0.6853826662589764,225,0.4366232752799988,0.007515097936165744,7e-05,0.011793502,0.12931034482758622,0.1954416242139093,0.29617297649383545,0.15,,,,,,,,,,,,,,,,,,,,,,,,,,,,,
7.096169948577881,45.9,133120,577,4,17,-0.6710141084410928,226,0.3823240399360657,0.010660570284182375,7e-05,0.012360998,0.20454545454545456,0.16198497130112213,0.386656254529953,0.15,,,,,,,,,,,,,,,,,,,,,,,,,,,,,
7.246039390563965,43.43,135680,563,5,22,-0.650599193572998,228,0.4099297523498535,0.0017930343747138977,7e-05,0.010878528,0.1478515625,0.09983418630436063,0.050637103617191315,0.15,,,,,,,,,,,,,,,,,,,,,,,,,,,,,
7.230562210083008,41.95,138240,564,6,27,-0.631681481997172,230,0.4857942461967468,0.0012637554691770137,7e-05,0.013156517,0.14963942307692307,0.11267573319566555,0.10888402163982391,0.15,,,,,,,,,,,,,,,,,,,,,,,,,,,,,
7.261101722717285,40.66,140800,559,7,32,-0.6217872833096704,233,0.41479939222335815,0.004158081660090491,7e-05,0.021285096,0.1458938953488372,0.14139553878542988,0.05640682205557823,0.15,,,,,,,,,,,,,,,,,,,,,,,,,,,,,
7.267340660095215,40.68,143360,529,8,38,-0.5975860068574548,237,0.31596440076828003,0.0017550720658618957,7e-05,0.021467913,0.16357421875,0.10182389605324715,0.04854787886142731,0.15,,,,,,,,,,,,,,,,,,,,,,,,,,,,,
7.204868793487549,42.41,145920,538,9,42,-0.5690485694342189,239,0.42752963304519653,0.001403589060323106,7e-05,0.012674708,0.146484375,0.10029799604995383,0.05275797098875046,0.15,,,,,,,,,,,,,,,,,,,,,,,,,,,,,
6.9252610206604,48.62,148480,570,10,44,-0.5899171729882559,240,0.5958502888679504,0.011785124506180486,7e-05,0.009634552,0.16276041666666666,0.19534116486708322,0.09084010869264603,0.15,,,,,,,,,,,,,,,,,,,,,,,,,,,,,
6.902102470397949,48.18,151040,597,11,47,-0.6230538407961528,241,0.6642032861709595,0.008758937940001488,7e-05,0.008915469,0.1125,0.23665000547965367,0.1672798991203308,0.15,,,,,,,,,,,,,,,,,,,,,,,,,,,,,
7.2281975746154785,41.95,153600,533,12,57,-0.5781496377327503,245,0.6127257347106934,0.001926798660021562,7e-05,0.014171902,0.16185897435897437,0.20363808762377653,0.299740731716156,0.15,,,,,,,,,,,,,,,,,,,,,,,,,,,,,
7.121329307556152,43.38,156160,561,13,59,-0.546360069513321,246,0.4013029932975769,0.01055619539692998,7e-05,0.007901122,0.11484375,0.11019393801689148,0.3002501428127289,0.15,,,,,,,,,,,,,,,,,,,,,,,,,,,,,
7.0579705238342285,45.47,158720,592,14,60,-0.5734673500061035,247,0.6796579360961914,0.013128643482923507,7e-05,0.011242496,0.15,0.13675038293004035,0.25753554701805115,0.15,,,,,,,,,,,,,,,,,,,,,,,,,,,,,
7.32547664642334,41.4,161280,554,15,69,-0.5297975448722189,252,0.6498132944107056,0.0006594143977219409,7e-05,0.015535502,0.14311079545454544,0.11055228052745489,0.02488916739821434,0.15,,,,,,,,,,,,,,,,,,,,,,,,,,,,,
7.30691385269165,41.85,163840,553,16,73,-0.5061430866303651,255,0.5926733016967773,0.002453246052660372,7e-05,0.015386847,0.1258491847826087,0.09402634770325992,0.13510484993457794,0.15,,,,,,,,,,,,,,,,,,,,,,,,,,,,,
7.177926540374756,44.27,166400,557,17,78,-0.5126255990730392,257,0.5689687132835388,0.0064096764092230136,7e-05,0.0145620005,0.14127604166666666,0.10725020901817414,0.04636082053184509,0.15,,,,,,,,,,,,,,,,,,,,,,,,,,,,,
7.1606645584106445,44.81,168960,567,18,81,-0.5400112556914488,259,0.6721398830413818,0.007356698003907998,7e-05,0.012350785,0.13411458333333334,0.1241937199762712,0.11326472461223602,0.15,,,,,,,,,,,,,,,,,,,,,,,,,,,,,
7.328062534332275,41.03,171520,545,19,89,-0.5011089060987745,263,0.5880875587463379,-0.0015016914020100282,7e-05,0.02290439,0.1293402777777778,0.14051595921554264,0.030849775299429893,0.15,,,,,,,,,,,,,,,,,,,,,,,,,,,,,
7.277641773223877,42.81,174080,534,20,95,-0.4890674152250948,266,0.6435835361480713,0.0030021821630412133,7e-05,0.0119161485,0.14749461206896552,0.1364022160013174,0.05622227489948273,0.15,,,,,,,,,,,,,,,,,,,,,,,,,,,,,
,,,,,,-0.5074022220713752,267,0.5816624760627747,0.0019710282129900797,7e-05,0.0057573193,0.10825892857142858,0.3690981481756483,0.25682058930397034,0.15,,,,,,,,,1.0,0.3319390184289471,7.459516825675965,37.35,153600,1,0,12.65652005884714,,,,,,,,,,,,,
,,,,,,,,,,,,,,,,,,,,,,,,0.92,5.509982459746489,6.1175223016738896,45.36,153600,1,1,46.57134741447793,,,,,,,,,,,,,
,,,,,,,,,,,,,,,,,,,,,,,,,,,,153600,1,,,32.5,1,6.75,1.0,0,0.07999999999999996,0,1.0,1.0,0.0,0,1,0.92
,,,,,,,,,,,,,,,,,,,,,,,,0.99,1.3863003870252435,7.195033879876137,43.62,153600,1,0,32.53698818268219,,,,,,,,,,,,,
,,,,,,,,,,,,,,,,,,,,,,,,0.88,5.558961582142922,5.757118704319001,52.41,153600,1,1,55.15053852864902,,,,,,,,,,,,,
,,,,,,,,,,,,,,,,,,,,,,,,,,,,153600,1,,,32.5,1,6.75,0.99,0,0.10999999999999999,0,0.99,0.99,0.0,0,1,0.88
,,,,,,,,,,,,,,,,,,,,,,,,0.96,2.384389270115981,6.915073735713959,45.69,153600,1,0,37.312918674368,,,,,,,,,,,,,
,,,,,,,,,,,,,,,,,,,,,,,,0.92,2.697608423533901,6.810085000991822,45.43,153600,1,1,46.337944494765836,,,,,,,,,,,,,
,,,,,,,,,,,,,,,,,,,,,,,,,,,,153600,1,,,32.5,0,6.75,0.96,0,0.039999999999999925,0,0.96,0.96,0.0,0,0,0.92
6.781125068664551,48.18,176640,2178,1,1,,,,,,,,,,,1,1,5,0.0010000000000000009,153600,200,7e-05,3,,,,,,,,,,,,,,,,,,,,,
6.660806655883789,49.74,179200,1558,2,3,-0.5009499192237854,268,0.7445778250694275,0.0008194613425681988,7e-05,0.0057266825,0.08203125,0.1296463425581654,0.10481129586696625,0.15,,,,,,,,,,,,,,,,,,,,,,,,,,,,,
7.036294937133789,45.6,181760,806,3,9,-0.487589640052695,271,0.7412548661231995,0.0023085916447534898,7e-05,0.010753066,0.13445723684210525,0.29872295606816024,0.2436874359846115,0.15,,,,,,,,,,,,,,,,,,,,,,,,,,,,,
7.105617523193359,41.45,184320,604,4,16,-0.4843529234914219,275,0.617892861366272,0.0034419319400673404,7e-05,0.013995677,0.13177849264705882,0.10230006236473427,0.1693919152021408,0.15,,,,,,,,,,,,,,,,,,,,,,,,,,,,,
7.108295440673828,40.0,186880,699,5,18,-0.4905237376689911,276,0.5168650150299072,0.019616548717021943,7e-05,0.010897992,0.1078125,0.1072533257305622,0.2250235378742218,0.15,,,,,,,,,,,,,,,,,,,,,,,,,,,,,
7.370863437652588,39.44,189440,739,6,20,-0.4563557654619217,277,0.7073694467544556,0.005494539439678192,7e-05,0.006368411,0.0859375,0.10490616662427783,0.13150987029075623,0.15,,,,,,,,,,,,,,,,,,,,,,,,,,,,,
7.197783946990967,43.34,192000,794,7,22,-0.49380245262926276,278,0.7185285091400146,0.007650914686647328,7e-05,0.004202554,0.05042613636363636,0.1354210532524369,0.34527093172073364,0.15,,,,,,,,,,,,,,,,,,,,,,,,,,,,,
7.297533988952637,40.62,194560,816,8,25,-0.49355921149253845,279,0.7106770277023315,0.007384599807361762,7e-05,0.012888209,0.16354166666666667,0.10606295143564543,0.10712975263595581,0.15,,,,,,,,,,,,,,,,,,,,,,,,,,,,,
7.384710311889648,38.09,197120,876,9,26,-0.5542396977543831,280,0.6873427629470825,0.003486183937638998,7e-05,0.008479691,0.103515625,0.14320422429591417,0.18803660571575165,0.15,,,,,,,,,,,,,,,,,,,,,,,,,,,,,
7.500676155090332,34.95,199680,895,10,28,-0.47746713694773224,281,0.6206605434417725,0.004482905821580636,7e-05,0.005657195,0.08675986842105263,0.12255830553017165,0.1645936518907547,0.15,,,,,,,,,,,,,,,,,,,,,,,,,,,,,
7.307078838348389,38.74,202240,781,11,36,-0.4228233720393891,286,0.5965638756752014,0.0002849604339992746,7e-05,0.0151613215,0.13272938829787234,0.058007443175116115,0.08604154735803604,0.15,,,,,,,,,,,,,,,,,,,,,,,,,,,,,
7.122453689575195,40.04,204800,791,12,38,-0.4595533921605065,288,0.6000850200653076,0.007458798542973541,7e-05,0.038714424,0.11160714285714286,0.16062011481041,0.06483245640993118,0.15,,,,,,,,,,,,,,,,,,,,,,,,,,,,,
7.236993789672852,39.31,207360,776,13,42,-0.4351786600380409,291,0.7538346648216248,0.0032393672253663948,7e-05,0.041881286,0.12137957317073171,0.13377794900500192,0.0785401463508606,0.15,,,,,,,,,,,,,,,,,,,,,,,,,,,,,
7.329351902008057,38.98,209920,789,14,45,-0.4423597298917316,293,0.8037405610084534,0.003101087042263576,7e-05,0.032613054,0.12462797619047619,0.13568034972108545,0.0848635658621788,0.15,,,,,,,,,,,,,,,,,,,,,,,,,,,,,
7.4653754234313965,35.62,212480,815,15,47,-0.4197152405977249,294,0.7343169450759888,0.004485815018415451,7e-05,0.005775413,0.078125,0.13308753836899995,0.28327569365501404,0.15,,,,,,,,,,,,,,,,,,,,,,,,,,,,,
7.288158416748047,39.32,215040,825,16,49,-0.39596200248469476,296,0.7057367563247681,0.00846949438362018,7e-05,0.017403567,0.10495923913043478,0.11842312736679679,0.056187570095062256,0.15,,,,,,,,,,,,,,,,,,,,,,,,,,,,,
7.374221324920654,37.43,217600,836,17,52,-0.42827729218535954,297,0.7048184871673584,0.006208514587746726,7e-05,0.0075130695,0.1115451388888889,0.1704703699797392,0.0505407378077507,0.15,,,,,,,,,,,,,,,,,,,,,,,,,,,,,
7.519692897796631,35.54,220160,850,18,54,-0.39517486840486526,298,0.7680984139442444,0.004377594799734652,7e-05,0.008139218,0.1123046875,0.10976961685810238,0.15408466756343842,0.15,,,,,,,,,,,,,,,,,,,,,,,,,,,,,
7.361266613006592,40.43,222720,867,19,56,-0.4073913501841681,299,0.6562891006469727,0.01621349129293646,7e-05,0.015281071,0.15569196428571427,0.1504654445286308,0.4850395917892456,0.15,,,,,,,,,,,,,,,,,,,,,,,,,,,,,
7.372005462646484,38.49,225280,838,20,61,-0.4132119721554695,302,0.6871456503868103,0.0027193225365369877,7e-05,0.016644662,0.13264627659574468,0.1081439271727775,0.05034149810671806,0.15,,,,,,,,,,,,,,,,,,,,,,,,,,,,,
,,,,,,-0.388477956255277,303,0.6183266043663025,0.0043638596932093305,7e-05,0.010801771,0.11979166666666667,0.07594430198272069,0.10226763039827347,0.15,,,,,,,,,1.0,0.5797718746009742,7.452920262813568,35.78,204800,1,0,18.15355612545377,,,,,,,,,,,,,
,,,,,,,,,,,,,,,,,,,,,,,,0.97,2.950728985542784,7.093426022529602,36.03,204800,1,1,29.98548148687961,,,,,,,,,,,,,
,,,,,,,,,,,,,,,,,,,,,,,,,,,,204800,1,,,32.5,1,6.75,1.0,0,0.030000000000000027,0,1.0,1.0,0.0,0,1,0.97
,,,,,,,,,,,,,,,,,,,,,,,,1.0,0.2557362294214011,7.525414528846741,34.81,204800,1,0,10.285616170166957,,,,,,,,,,,,,
,,,,,,,,,,,,,,,,,,,,,,,,0.96,2.103934660968404,7.201698701381684,37.43,204800,1,1,33.955634289466595,,,,,,,,,,,,,
,,,,,,,,,,,,,,,,,,,,,,,,,,,,204800,1,,,32.5,1,6.75,1.0,0,0.040000000000000036,0,1.0,1.0,0.0,0,1,0.96
,,,,,,,,,,,,,,,,,,,,,,,,1.0,0.40670246639588503,7.501062321662903,33.79,204800,1,0,12.115523100551624,,,,,,,,,,,,,
,,,,,,,,,,,,,,,,,,,,,,,,0.94,3.6823937755315117,6.730471229553222,41.23,204800,1,1,40.791875416558135,,,,,,,,,,,,,
,,,,,,,,,,,,,,,,,,,,,,,,,,,,204800,1,,,32.5,1,6.75,1.0,0,0.06000000000000005,0,1.0,1.0,0.0,0,1,0.94
7.313800811767578,47.57,227840,2102,1,1,,,,,,,,,,,,,,,,,,,,,,,,,,,,,,,,,,,,,,,
7.060288906097412,65.07,230400,1894,2,2,-0.5663159787654877,304,0.35163354873657227,0.018738717772066593,3.5e-05,0.03840091,0.19140625,3.140509009361267,1.709444522857666,0.105,,,,,,,,,,,,,,,,,,,,,,,,,,,,,
6.65963077545166,92.47,232960,1030,3,7,-0.5170762780166808,307,0.3449971675872803,0.006421373491840703,3.5e-05,0.02169973,0.18061755952380953,0.877300000084298,0.07670155167579651,0.105,,,,,,,,,,,,,,,,,,,,,,,,,,,,,
6.542296886444092,105.36,235520,983,4,10,-0.5055652360121409,309,0.1565343141555786,0.004324374010875111,3.5e-05,0.03803218,0.08928571428571429,1.7888825500295276,0.6124298572540283,0.105,,,,,,,,,,,,,,,,,,,,,,,,,,,,,
6.164047718048096,128.61,238080,618,5,20,-0.4869560346007347,314,0.297424852848053,0.00014781152829527856,3.5e-05,0.004755468,0.141171875,1.0229934582486748,0.2948648929595947,0.105,,,,,,,,,,,,,,,,,,,,,,,,,,,,,
5.8693928718566895,146.05,240640,471,6,32,-0.5042001023888588,319,0.3799317479133606,0.0006174404267221689,3.5e-05,0.0057915086,0.140546875,1.0367417610436678,0.2900422513484955,0.105,,,,,,,,,,,,,,,,,,,,,,,,,,,,,
5.371959686279297,169.94,243200,447,7,40,-0.5378278454796213,323,0.4274647831916809,0.004229062038366912,3.5e-05,0.032446023,0.1799436475409836,0.919432768811945,0.11431826651096344,0.105,,,,,,,,,,,,,,,,,,,,,,,,,,,,,
5.167435169219971,179.61,245760,429,8,47,-0.5075663390659517,327,0.5496093034744263,0.0006179164253896283,3.5e-05,0.025579268,0.13545866935483872,0.8178031720341213,0.043245792388916016,0.105,,,,,,,,,,,,,,,,,,,,,,,,,,,,,
5.374870777130127,175.27,248320,2682,1,0,-0.5010292837023735,332,0.39317917823791504,-0.00019363952800631522,3.5e-05,0.004726027,0.12265625,1.3364032745361327,0.6696079969406128,0.105,2,0,8,0.006,0,320,7e-05,8,,,,,,,,,,,,,,,,,,,,,
5.4341020584106445,176.55,250880,1071,2,4,-0.5195290008559823,334,0.3467558026313782,0.004377941018901765,7e-05,0.011179526,0.11865234375,1.3470597467385232,1.210603952407837,0.15,,,,,,,,,,,,,,,,,,,,,,,,,,,,,
5.241875171661377,180.59,253440,1081,3,7,-0.5222749094168345,335,0.34051811695098877,0.006318123266100884,7e-05,0.007801353,0.12239583333333333,1.5824627896149954,1.0885393619537354,0.15,,,,,,,,,,,,,,,,,,,,,,,,,,,,,
5.1082892417907715,185.78,256000,1132,4,9,-0.5559063635089181,336,0.33488911390304565,0.0074641041626984424,7e-05,0.010467493,0.1328125,0.8465457504445856,0.18859945237636566,0.15,,,,,,,,,,,,,,,,,,,,,,,,,,,,,
5.218801498413086,185.77,258560,1051,5,12,-0.5570449779431025,337,0.4282371401786804,0.007738340232107375,7e-05,0.0118160695,0.1115451388888889,0.8796537670617303,0.6866117715835571,0.15,,,,,,,,,,,,,,,,,,,,,,,,,,,,,
5.616438388824463,179.47,261120,928,6,16,-0.5351080468722752,339,0.3057370185852051,0.0005964349955320358,7e-05,0.010950035,0.11495535714285714,1.0182462585823877,0.09766596555709839,0.15,,,,,,,,,,,,,,,,,,,,,,,,,,,,,
5.7091875076293945,175.79,263680,829,7,21,-0.491473735206657,341,-0.03913676738739014,0.008689674315974116,7e-05,0.014001603,0.1486545138888889,1.2302629173629813,0.5185744166374207,0.15,,,,,,,,,,,,,,,,,,,,,,,,,,,,,
5.408809661865234,185.69,266240,895,8,22,-0.5902732461690903,342,0.09827232360839844,0.018701576627790928,7e-05,0.025995385,0.173828125,0.2890256531536579,0.13411711156368256,0.15,,,,,,,,,,,,,,,,,,,,,,,,,,,,,
5.372419834136963,181.36,268800,905,9,25,-0.5463659292773196,343,0.1340000033378601,0.010825274708239655,7e-05,0.009492374,0.12541118421052633,0.7774891610208311,0.11556290090084076,0.15,,,,,,,,,,,,,,,,,,,,,,,,,,,,,
5.447638511657715,180.87,271360,907,10,28,-0.5518789005776247,345,0.3075641393661499,0.008540667865114907,7e-05,0.021756168,0.2119140625,0.8344347986082236,0.23239947855472565,0.15,,,,,,,,,,,,,,,,,,,,,,,,,,,,,
5.7651824951171875,173.54,273920,912,11,30,-0.5173080770865731,347,0.2260340452194214,0.0077352490600036536,7e-05,0.02879156,0.140625,0.9789242861063584,0.4220385253429413,0.15,,,,,,,,,,,,,,,,,,,,,,,,,,,,,
5.819082260131836,169.49,276480,924,12,33,-0.517404494377283,348,0.11147439479827881,0.009302632739910712,7e-05,0.008672733,0.15204326923076922,0.7417110227621518,0.44733184576034546,0.15,,,,,,,,,,,,,,,,,,,,,,,,,,,,,
5.443569183349609,176.89,279040,965,13,34,-0.5966261744499206,349,0.07385587692260742,0.018419503048062325,7e-05,0.0103308465,0.1109375,0.7213867783546448,0.38589659333229065,0.15,,,,,,,,,,,,,,,,,,,,,,,,,,,,,
5.434574127197266,181.62,281600,975,14,36,-0.5343860752052731,350,0.029515087604522705,0.0035189690275324714,7e-05,0.010227311,0.1388888888888889,0.5165893447895845,0.1892169564962387,0.15,,,,,,,,,,,,,,,,,,,,,,,,,,,,,
5.4893693923950195,176.02,284160,971,15,39,-0.5340543731495186,352,0.10491836071014404,0.007204763522302663,7e-05,0.013049257,0.17418981481481483,0.5760002790225877,0.12236423790454865,0.15,,,,,,,,,,,,,,,,,,,,,,,,,,,,,
5.803335189819336,172.23,286720,896,16,45,-0.5153995736078782,355,0.17940688133239746,0.002632960050620816,7e-05,0.012116213,0.15440340909090908,0.6956203344193372,0.2642552852630615,0.15,,,,,,,,,,,,,,,,,,,,,,,,,,,,,
5.894470691680908,170.97,289280,913,17,47,-0.5242631865872277,356,0.09774190187454224,0.006454546625415484,7e-05,0.0136270365,0.14930555555555555,0.7773699760437012,0.9150809645652771,0.15,,,,,,,,,,,,,,,,,,,,,,,,,,,,,
5.849724292755127,171.76,291840,935,18,49,-0.4921928524971008,357,0.17727726697921753,0.00962335355579853,7e-05,0.010926278,0.1234375,0.442903196811676,0.22090663015842438,0.15,,,,,,,,,,,,,,,,,,,,,,,,,,,,,
6.19790506362915,162.5,294400,828,19,58,-0.4979721740881602,361,0.15954679250717163,0.005335847611228625,7e-05,0.01117751,0.15697916666666667,0.45302538653214774,0.31606775522232056,0.15,,,,,,,,,,,,,,,,,,,,,,,,,,,,,
6.152541637420654,162.52,296960,850,20,60,-0.5157075077295303,362,0.19349080324172974,0.023170954082161188,7e-05,0.010989614,0.15625,0.43423573672771454,0.2546522319316864,0.15,,,,,,,,,,,,,,,,,,,,,,,,,,,,,
5.958816051483154,165.7,299520,2808,1,0,-0.5835806188129243,364,0.09091901779174805,0.007975052332594282,7e-05,0.06045027,0.14992559523809523,0.4267002102874574,0.2418328821659088,0.15,2,0,8,0.005146666666666667,51200,320,7e-05,8,,,,,,,,,,,,,,,,,,,,,
6.024479389190674,160.84,302080,995,2,5,-0.539849126163651,366,0.1538177728652954,0.008846426985281356,7e-05,0.020163508,0.18037683823529413,0.4184907262816149,0.2893785536289215,0.15,,,,,,,,,,,,,,,,,,,,,,,,,,,,,
5.955047607421875,165.09,304640,840,3,9,-0.5212461003235408,368,0.2656317353248596,0.003753880730697087,7e-05,0.016194874,0.19866071428571427,0.5666539698839188,0.07649282366037369,0.15,,,,,,,,,,,,,,,,,,,,,,,,,,,,,
5.881342887878418,169.51,307200,890,4,11,-0.5299568107494941,369,0.15580737590789795,0.01657412788615777,7e-05,0.010128917,0.15925480769230768,0.5146512618431678,0.18324333429336548,0.15,,,,,,,,,,,,,,,,,,,,,,,,,,,,,
5.686525344848633,176.22,309760,1009,5,12,-0.4721142202615738,370,0.19872784614562988,0.008534190244972706,7e-05,0.015165094,0.12109375,0.5948421210050583,0.18258881568908691,0.15,,,,,,,,,,,,,,,,,,,,,,,,,,,,,
5.82979679107666,171.97,312320,731,6,20,-0.5137547590429821,374,0.2422487735748291,0.003637028495884604,7e-05,0.022859016,0.14471726190476192,0.5877090714990146,0.1927565038204193,0.15,,,,,,,,,,,,,,,,,,,,,,,,,,,,,
6.486481189727783,160.99,314880,726,7,24,-0.5091255881168224,376,0.0801628828048706,0.007135070480958179,7e-05,0.016321136,0.1568287037037037,0.5526191421129085,0.06993971019983292,0.15,,,,,,,,,,,,,,,,,,,,,,,,,,,,,
6.306995391845703,165.67,317440,748,8,27,-0.5122622076202842,377,0.23208069801330566,0.005876253413803437,7e-05,0.007020902,0.12913602941176472,0.5939033960594851,0.5265442728996277,0.15,,,,,,,,,,,,,,,,,,,,,,,,,,,,,
6.355640888214111,161.34,320000,760,9,30,-0.511988615989685,378,0.255750834941864,0.011062981327995658,7e-05,0.012905246,0.18359375,0.5185964077711105,0.30535978078842163,0.15,,,,,,,,,,,,,,,,,,,,,,,,,,,,,
6.374652862548828,160.24,322560,738,10,34,-0.4870708405971527,380,0.32126885652542114,0.0040811484524359305,7e-05,0.013105841,0.13072916666666667,0.6105158443252245,0.04356364905834198,0.15,,,,,,,,,,,,,,,,,,,,,,,,,,,,,
6.5316338539123535,151.47,325120,752,11,37,-0.4981340989470482,381,0.20784151554107666,0.008311333321034908,7e-05,0.0079517905,0.124609375,0.571960723400116,0.3077235221862793,0.15,,,,,,,,,,,,,,,,,,,,,,,,,,,,,
6.320669174194336,157.98,327680,622,12,49,-0.4905905994772911,386,0.1758224368095398,-0.002082710703834891,7e-05,0.009987658,0.139140625,0.5298142118752003,0.2833183705806732,0.15,,,,,,,,,,,,,,,,,,,,,,,,,,,,,
6.310378551483154,155.62,330240,655,13,50,-0.5492313951253891,387,0.1608077883720398,0.007478309795260429,7e-05,0.013957575,0.150390625,0.5513123217970133,0.20421689748764038,0.15,,,,,,,,,,,,,,,,,,,,,,,,,,,,,
6.535221576690674,144.38,332800,642,14,55,-0.5099960616449031,390,0.17996746301651,0.00714328405788032,7e-05,0.0640586,0.14272103658536586,0.3838344568886408,0.17718204855918884,0.15,,,,,,,,,,,,,,,,,,,,,,,,,,,,,
6.52446174621582,139.69,335360,583,15,65,-0.4628215841948986,395,0.23285049200057983,0.004005550396290015,7e-05,0.017045945,0.17143110795454544,0.6106328402053226,0.34474730491638184,0.15,,,,,,,,,,,,,,,,,,,,,,,,,,,,,
6.5634541511535645,138.14,337920,589,16,69,-0.4780424404144287,397,0.39411085844039917,0.0041923061385750774,7e-05,0.016220981,0.108125,0.48344921216368675,0.24443697929382324,0.15,,,,,,,,,,,,,,,,,,,,,,,,,,,,,
6.817450523376465,128.31,340480,573,17,75,-0.4887489568679891,400,0.30039381980895996,0.004861408012344482,7e-05,0.012388543,0.13696808510638298,0.39888993143401247,0.2561706602573395,0.15,,,,,,,,,,,,,,,,,,,,,,,,,,,,,
6.858295917510986,129.36,343040,539,18,85,-0.49513098411262035,404,0.3088673949241638,-4.707253538072109e-06,7e-05,0.010572809,0.14609375,0.3798628406599164,0.3109610974788666,0.15,,,,,,,,,,,,,,,,,,,,,,,,,,,,,
6.816666126251221,133.08,345600,542,19,89,-0.49721500743180513,406,0.20469552278518677,0.0064449491910636425,7e-05,0.010327002,0.142333984375,0.35601871041581035,0.2231125831604004,0.15,,,,,,,,,,,,,,,,,,,,,,,,,,,,,
6.797956466674805,139.36,348160,560,20,91,-0.5091817900538445,407,0.2740124464035034,0.005074995569884777,7e-05,0.011598063,0.146484375,0.36164266616106033,0.19804023206233978,0.15,,,,,,,,,,,,,,,,,,,,,,,,,,,,,
,,,,,,-0.5034366112488967,409,0.306863009929657,0.004622374971707662,7e-05,0.012406437,0.15384615384615385,0.2936303531512236,0.20506985485553741,0.15,,,,,,,,,0.91,2.436160914653671,6.633697485774755,138.08,102400,2,0,71.35736542221832,,,,,,,,,,,,,
,,,,,,,,,,,,,,,,,,,,,,,,0.7,4.470302287207065,4.86020068526268,163.83,102400,2,1,103.97904163820706,,,,,,,,,,,,,
,,,,,,,,,,,,,,,,,,,,,,,,,,,,102400,2,,,83.2,0,6.75,0.91,0,0.21000000000000008,0,0.91,0.91,0.0,0,0,0.7
6.815535068511963,142.67,350720,2169,1,1,,,,,,,,,,,2,1,8,0.005043333333333333,102400,320,7e-05,8,,,,,,,,,,,,,,,,,,,,,
6.766425609588623,145.48,353280,871,2,5,-0.49337078134218854,411,0.369676411151886,0.005533873103559017,7e-05,0.015911195,0.13828125,0.2803564205765724,0.09436322003602982,0.15,,,,,,,,,,,,,,,,,,,,,,,,,,,,,
6.8264970779418945,142.33,355840,909,3,8,-0.4628968078356523,412,0.34843653440475464,0.0033060885392702543,7e-05,0.0076223384,0.1171875,0.3560780561887301,0.2755008935928345,0.15,,,,,,,,,,,,,,,,,,,,,,,,,,,,,
6.751063823699951,144.88,358400,881,4,11,-0.4872854473915967,414,0.3542466163635254,0.005515509708361192,7e-05,0.024555204,0.12109375,0.37062177468429913,0.2899338901042938,0.15,,,,,,,,,,,,,,,,,,,,,,,,,,,,,
6.800692081451416,141.67,360960,667,5,19,-0.4639296835544063,417,0.29697710275650024,0.0023271531304892372,7e-05,0.016971825,0.14399509803921567,0.33237794801300646,0.2602541446685791,0.15,,,,,,,,,,,,,,,,,,,,,,,,,,,,,
7.015157699584961,132.2,363520,707,6,21,-0.4582908885045485,418,0.16248339414596558,0.0018258804286068137,7e-05,0.008140999,0.10582386363636363,0.30390656807205896,0.2951694130897522,0.15,,,,,,,,,,,,,,,,,,,,,,,,,,,,,
6.916412830352783,136.53,366080,674,7,26,-0.48109729001016327,420,0.2853028178215027,0.004111503420228308,7e-05,0.011380647,0.14133522727272727,0.3097904315500548,0.18577297031879425,0.15,,,,,,,,,,,,,,,,,,,,,,,,,,,,,
6.6676530838012695,142.8,368640,693,8,29,-0.5054978486150503,421,0.2710305452346802,0.009721782058477402,7e-05,0.0113803465,0.140625,0.28647708892822266,0.12012465298175812,0.15,,,,,,,,,,,,,,,,,,,,,,,,,,,,,
6.447507381439209,145.74,371200,670,9,34,-0.47258024828301537,423,0.41567784547805786,0.005435233858103554,7e-05,0.013132617,0.1291232638888889,0.3204742084360785,0.23438245058059692,0.15,,,,,,,,,,,,,,,,,,,,,,,,,,,,,
6.5640974044799805,143.18,373760,678,10,37,-0.5097538576676295,425,0.47540050745010376,0.008678823816948213,7e-05,0.0436985,0.14783653846153846,0.4489289022122438,0.0340387262403965,0.15,,,,,,,,,,,,,,,,,,,,,,,,,,,,,
6.235983371734619,155.36,376320,672,11,41,-0.49747825551916053,427,0.2825090289115906,0.002560375896454961,7e-05,0.015149203,0.1400462962962963,0.3508251165902173,0.3040326237678528,0.15,,,,,,,,,,,,,,,,,,,,,,,,,,,,,
6.132302761077881,159.98,378880,695,12,44,-0.517705762758851,428,0.33078062534332275,0.01128297857940197,7e-05,0.0071813012,0.095703125,0.34552491921931505,0.2507740259170532,0.15,,,,,,,,,,,,,,,,,,,,,,,,,,,,,
6.296694755554199,153.18,381440,598,13,55,-0.4488403981924057,433,0.3390234708786011,-0.00238899165764451,7e-05,0.013474882,0.146953125,0.42117063127458093,0.2656044363975525,0.15,,,,,,,,,,,,,,,,,,,,,,,,,,,,,
6.443387985229492,151.11,384000,524,14,68,-0.4426118191919829,438,0.1762169599533081,-0.0007312068127487835,7e-05,0.012428842,0.13667763157894736,0.4793875331941404,0.18853430449962616,0.15,,,,,,,,,,,,,,,,,,,,,,,,,,,,,
6.4559478759765625,152.08,386560,538,15,71,-0.5016362617413203,440,0.2504596710205078,0.011197402762869993,7e-05,0.028375354,0.14615885416666666,0.4205519954363505,0.19970795512199402,0.15,,,,,,,,,,,,,,,,,,,,,,,,,,,,,
6.580286026000977,146.48,389120,561,16,72,-0.4173398358481271,441,0.2807670831680298,0.0029006730765104294,7e-05,0.010502553,0.11495535714285714,0.6583631208964756,0.314314067363739,0.15,,,,,,,,,,,,,,,,,,,,,,,,,,,,,
6.706579685211182,141.42,391680,578,17,75,-0.45639814622700214,442,0.22530627250671387,0.006392872310243547,7e-05,0.0063018976,0.115234375,0.6727165393531322,0.4584772288799286,0.15,,,,,,,,,,,,,,,,,,,,,,,,,,,,,
6.725477695465088,143.83,394240,586,18,78,-0.47464443356902514,444,0.2108057141304016,0.003531692342625724,7e-05,0.014298357,0.16261574074074073,0.3620298284071463,0.22073152661323547,0.15,,,,,,,,,,,,,,,,,,,,,,,,,,,,,
6.733273506164551,142.6,396800,605,19,80,-0.4977818230787913,445,0.23581761121749878,0.005537748233311706,7e-05,0.0105568515,0.13802083333333334,0.3651781479517619,0.2623180150985718,0.15,,,,,,,,,,,,,,,,,,,,,,,,,,,,,
6.559524059295654,145.8,399360,604,20,84,-0.46895877700863464,447,0.28572922945022583,0.009524774822321806,7e-05,0.01620576,0.14133522727272727,0.3428839027430072,0.12729330360889435,0.15,,,,,,,,,,,,,,,,,,,,,,,,,,,,,
,,,,,,-0.48434198263919714,451,0.3674930930137634,0.0011481780304827473,7e-05,0.023229128,0.14784564393939395,0.3172946657533898,0.16059790551662445,0.15,,,,,,,,,0.93,2.7001409307856457,6.546661634456832,145.44,153600,2,0,64.82720416615234,,,,,,,,,,,,,
,,,,,,,,,,,,,,,,,,,,,,,,0.76,4.900208300443248,5.0690482015907765,155.83,153600,2,1,96.08840252600727,,,,,,,,,,,,,
,,,,,,,,,,,,,,,,,,,,,,,,,,,,153600,2,,,83.2,0,6.75,0.93,0,0.17000000000000004,0,0.93,0.93,0.0,0,0,0.76
6.612509727478027,146.4,401920,2158,1,1,,,,,,,,,,,2,1,8,0.00494,153600,320,7e-05,8,,,,,,,,,,,,,,,,,,,,,
6.727437973022461,142.99,404480,431,2,11,-0.4655624402732384,456,0.21170222759246826,0.0028729705571583133,7e-05,0.03487796,0.15405868902439024,0.3652183855088746,0.21732254326343536,0.15,,,,,,,,,,,,,,,,,,,,,,,,,,,,,
6.835018157958984,138.72,407040,439,3,17,-0.4350424721127465,459,0.24053257703781128,0.0020001704715901895,7e-05,0.024920791,0.12946428571428573,0.3004447711365564,0.23388925194740295,0.15,,,,,,,,,,,,,,,,,,,,,,,,,,,,,
6.769052505493164,139.66,409600,502,4,20,-0.44012295849183025,460,0.18418049812316895,0.00821618631701259,7e-05,0.009484537,0.10799632352941177,0.33465806920738783,0.2942129373550415,0.15,,,,,,,,,,,,,,,,,,,,,,,,,,,,,
7.123591899871826,130.69,412160,493,5,25,-0.4296830059626164,462,0.23305940628051758,0.005102876000679457,7e-05,0.009850612,0.12459935897435898,0.2592158693915758,0.14308714866638184,0.15,,,,,,,,,,,,,,,,,,,,,,,,,,,,,
7.143016815185547,129.26,414720,461,6,33,-0.4179454496351339,465,0.30130642652511597,0.000654275781648644,7e-05,0.00905751,0.12473516949152542,0.29391278351767586,0.2522364854812622,0.15,,,,,,,,,,,,,,,,,,,,,,,,,,,,,
7.082635402679443,132.85,417280,470,7,38,-0.4039960862734379,467,0.28718721866607666,0.003817100268908036,7e-05,0.008294162,0.13481570512820512,0.257551901615583,0.14425110816955566,0.15,,,,,,,,,,,,,,,,,,,,,,,,,,,,,
6.887284755706787,139.9,419840,508,8,40,-0.4099206154545148,468,0.38566070795059204,0.013617733493447304,7e-05,0.01261682,0.13606770833333334,0.3352644753952821,0.4764123260974884,0.15,,,,,,,,,,,,,,,,,,,,,,,,,,,,,
6.887270927429199,137.46,422400,511,9,45,-0.3980058937361746,470,0.3238754868507385,0.005324570292776281,7e-05,0.010987511,0.11766098484848485,0.30703915565302875,0.3612738251686096,0.15,,,,,,,,,,,,,,,,,,,,,,,,,,,,,
6.788475513458252,143.36,424960,490,10,52,-0.4204385784956125,473,0.30212968587875366,0.002311856933654501,7e-05,0.010122372,0.13987379807692307,0.29327278354993236,0.18323227763175964,0.15,,,,,,,,,,,,,,,,,,,,,,,,,,,,,
6.789829254150391,141.82,427520,510,11,55,-0.41755470633506775,474,0.21765023469924927,0.00987709779292345,7e-05,0.010468799,0.140625,0.2648060493171215,0.12968961894512177,0.15,,,,,,,,,,,,,,,,,,,,,,,,,,,,,
6.6196675300598145,149.05,430080,525,12,58,-0.4225525674612626,476,0.3632933497428894,0.008707091455226358,7e-05,0.01911824,0.12601902173913043,0.3780287186736646,0.2223779857158661,0.15,,,,,,,,,,,,,,,,,,,,,,,,,,,,,
6.812663555145264,141.46,432640,548,13,60,-0.42948748809950693,477,0.4184378981590271,0.01099029096907803,7e-05,0.010807687,0.14341517857142858,0.33102467230388094,0.11079598218202591,0.15,,,,,,,,,,,,,,,,,,,,,,,,,,,,,
6.773258209228516,142.78,435200,576,14,62,-0.4232605497042338,478,0.36970317363739014,0.02243243840833505,7e-05,0.015723346,0.15885416666666666,0.5480766346057256,0.47115370631217957,0.15,,,,,,,,,,,,,,,,,,,,,,,,,,,,,
6.85179328918457,139.9,437760,580,15,66,-0.3861685145285822,480,0.38112545013427734,0.004018273234607712,7e-05,0.011162874,0.09022177419354839,0.513074632133207,0.35572829842567444,0.15,,,,,,,,,,,,,,,,,,,,,,,,,,,,,
6.746337890625,143.66,440320,590,16,69,-0.3749747806125217,481,0.22322356700897217,0.004432976763281558,7e-05,0.008773764,0.09331597222222222,0.5933775123622682,0.504905104637146,0.15,,,,,,,,,,,,,,,,,,,,,,,,,,,,,
6.672940254211426,143.57,442880,614,17,70,-0.41313082724809647,482,0.35585683584213257,0.001610476989299059,7e-05,0.012266161,0.11328125,0.3583294227719307,0.27666470408439636,0.15,,,,,,,,,,,,,,,,,,,,,,,,,,,,,
6.382718563079834,146.31,445440,633,18,72,-0.37934741377830505,483,0.2814446687698364,0.00508506487434109,7e-05,0.00860286,0.091796875,0.4751708333690961,0.2066030353307724,0.15,,,,,,,,,,,,,,,,,,,,,,,,,,,,,
6.4069061279296875,145.91,448000,594,19,81,-0.39022872463250774,487,0.3865323066711426,0.004540993330570368,7e-05,0.015651241,0.1429286858974359,0.4063234274299481,0.17291390895843506,0.15,,,,,,,,,,,,,,,,,,,,,,,,,,,,,
6.273344039916992,147.67,450560,597,20,85,-0.3717106269164519,489,0.3290135860443115,0.005801967599175193,7e-05,0.0361503,0.11257102272727272,0.45547000386498193,0.1908477246761322,0.15,,,,,,,,,,,,,,,,,,,,,,,,,,,,,
,,,,,,-0.38276193482535226,491,0.24953079223632812,0.0013603423589042254,7e-05,0.011374186,0.10602678571428571,0.43262075654097965,0.3143061101436615,0.15,,,,,,,,,0.96,1.8585510585385632,6.899333610534668,136.18,204800,2,0,56.862708342111176,,,,,,,,,,,,,
,,,,,,,,,,,,,,,,,,,,,,,,0.8,4.220693813756376,5.520432804524899,150.63,204800,2,1,88.51470555789022,,,,,,,,,,,,,
,,,,,,,,,,,,,,,,,,,,,,,,,,,,204800,2,,,83.2,1,6.75,0.96,0,0.15999999999999992,0,0.96,0.96,0.0,0,1,0.8
,,,,,,,,,,,,,,,,,,,,,,,,0.91,2.9700369633700516,6.2755176728963855,152.51,204800,2,0,72.34161941787038,,,,,,,,,,,,,
,,,,,,,,,,,,,,,,,,,,,,,,0.8,4.984431497900483,5.377194105274976,142.06,204800,2,1,90.74765231123061,,,,,,,,,,,,,
,,,,,,,,,,,,,,,,,,,,,,,,,,,,204800,2,,,83.2,0,6.75,0.91,0,0.10999999999999999,0,0.91,0.91,0.0,0,0,0.8
6.295086860656738,144.52,453120,2222,1,1,,,,,,,,,,,2,1,8,0.005586666666666667,204800,320,7e-05,8,,,,,,,,,,,,,,,,,,,,,
6.387697219848633,142.24,455680,702,2,7,-0.39843218705870886,494,0.3208921551704407,0.003907165998084979,7e-05,0.019249724,0.123046875,0.3449728316204114,0.37919002771377563,0.15,,,,,,,,,,,,,,,,,,,,,,,,,,,,,
6.573936939239502,138.67,458240,715,3,10,-0.408684547010221,495,0.3027276396751404,0.0065370481951456325,7e-05,0.0078143915,0.12705592105263158,0.3433109270898919,0.1410388946533203,0.15,,,,,,,,,,,,,,,,,,,,,,,,,,,,,
6.6211256980896,143.87,460800,588,4,17,-0.4269074483351274,498,0.35909903049468994,0.005332706682384014,7e-05,0.014489468,0.12414772727272727,0.3271022150462324,0.24043560028076172,0.15,,,,,,,,,,,,,,,,,,,,,,,,,,,,,
6.429656505584717,147.88,463360,607,5,21,-0.4288766560731111,500,0.29826784133911133,0.00688011464835317,7e-05,0.02570959,0.13541666666666666,0.41263641637784465,0.10829824954271317,0.15,,,,,,,,,,,,,,,,,,,,,,,,,,,,,
6.186072826385498,154.88,465920,640,6,23,-0.43584228189367996,501,0.4625818729400635,0.008128885179758072,7e-05,0.012966824,0.14514802631578946,0.4474307879021293,0.1413535177707672,0.15,,,,,,,,,,,,,,,,,,,,,,,,,,,,,
6.178369522094727,157.7,468480,661,7,27,-0.40623025596141815,502,0.4637017846107483,0.003794074966572225,7e-05,0.0072571547,0.11015625,0.6503213889896869,0.3547874689102173,0.15,,,,,,,,,,,,,,,,,,,,,,,,,,,,,
5.988826274871826,163.75,471040,605,8,33,-0.40860287535865353,505,0.24297261238098145,0.0067297396127064275,7e-05,0.012167603,0.11084905660377359,0.4111024869500466,0.10470670461654663,0.15,,,,,,,,,,,,,,,,,,,,,,,,,,,,,
5.872145175933838,165.89,473600,608,9,37,-0.43413223994189293,507,0.47064220905303955,0.002268689845142693,7e-05,0.017971229,0.11799568965517242,0.41728116520519914,0.2558554410934448,0.15,,,,,,,,,,,,,,,,,,,,,,,,,,,,,
5.811773777008057,166.68,476160,520,10,49,-0.4327416893839836,512,0.5234073996543884,0.0001974442321807146,7e-05,0.012962306,0.14765625,0.5169349643588066,0.2730352282524109,0.15,,,,,,,,,,,,,,,,,,,,,,,,,,,,,
6.078540802001953,158.15,478720,516,11,54,-0.40384557445844016,515,0.3897024393081665,0.0036666786298155786,7e-05,0.024568435,0.13663194444444443,0.5729778548081715,0.38283491134643555,0.15,,,,,,,,,,,,,,,,,,,,,,,,,,,,,
6.286298751831055,152.47,481280,534,12,57,-0.4152675300836563,516,0.18578863143920898,0.007592152012512088,7e-05,0.007798077,0.09765625,0.5576060011982917,0.2963290810585022,0.15,,,,,,,,,,,,,,,,,,,,,,,,,,,,,
6.223882675170898,151.34,483840,519,13,64,-0.4668849640422397,519,0.6594295501708984,0.00359354207844094,7e-05,0.010885617,0.11747685185185185,0.5585955594562821,0.6362625360488892,0.15,,,,,,,,,,,,,,,,,,,,,,,,,,,,,
6.4583868980407715,143.59,486400,469,14,76,-0.43201967418193815,524,0.3771451711654663,-0.0016385612729936838,7e-05,0.008134762,0.098515625,0.3396087584644556,0.1552819311618805,0.15,,,,,,,,,,,,,,,,,,,,,,,,,,,,,
6.676945209503174,138.99,488960,478,15,80,-0.4511583343796108,526,0.43490350246429443,0.00762788805624713,7e-05,0.039766904,0.1324728260869565,0.34919586599521013,0.2997116148471832,0.15,,,,,,,,,,,,,,,,,,,,,,,,,,,,,
6.70914363861084,137.6,491520,477,16,85,-0.45178439361708506,529,0.38739973306655884,0.003695159363338635,7e-05,0.030927561,0.13467261904761904,0.2748093580206235,0.06458889693021774,0.15,,,,,,,,,,,,,,,,,,,,,,,,,,,,,
6.51728630065918,144.48,494080,480,17,90,-0.4398464969226292,531,0.43258458375930786,0.002303865551948547,7e-05,0.007946701,0.10178571428571428,0.28948194810322353,0.3229621350765228,0.15,,,,,,,,,,,,,,,,,,,,,,,,,,,,,
6.590115547180176,145.98,496640,479,18,96,-0.46731620874160373,533,0.42148804664611816,0.007786431588614598,7e-05,0.012853017,0.1452323717948718,0.2821599019643588,0.1963086873292923,0.15,,,,,,,,,,,,,,,,,,,,,,,,,,,,,
6.499551296234131,147.85,499200,449,19,108,-0.45317751049995425,538,0.457735538482666,-0.0002702702768146992,7e-05,0.008999707,0.130390625,0.32128065556287766,0.08812546730041504,0.15,,,,,,,,,,,,,,,,,,,,,,,,,,,,,
6.4809675216674805,146.21,501760,462,20,110,-0.5068667443359599,539,0.7208950519561768,0.004316336749231114,7e-05,0.0058189766,0.1056985294117647,0.33449414284790263,0.2796650230884552,0.15,,,,,,,,,,,,,,,,,,,,,,,,,,,,,
,,,,,,-0.44090139583961385,543,0.3522343039512634,0.004635417267579485,7e-05,0.0141281355,0.14991554054054054,0.2982617464621325,0.20889922976493835,0.15,,,,,,,,,0.96,1.7396099327210417,6.906210995912552,137.96,256000,2,0,60.19766108413183,,,,,,,,,,,,,
,,,,,,,,,,,,,,,,,,,,,,,,0.73,4.372338641679325,5.169399199485778,158.89,256000,2,1,100.23012471308215,,,,,,,,,,,,,
,,,,,,,,,,,,,,,,,,,,,,,,,,,,256000,2,,,83.2,1,6.75,0.96,0,0.22999999999999998,0,0.96,0.96,0.0,0,1,0.73
,,,,,,,,,,,,,,,,,,,,,,,,0.96,2.075197267024243,6.9478402858972546,131.68,256000,2,0,60.96538033999296,,,,,,,,,,,,,
,,,,,,,,,,,,,,,,,,,,,,,,0.75,4.3173433600831,5.3247709077596665,152.34,256000,2,1,98.67119336462896,,,,,,,,,,,,,
,,,,,,,,,,,,,,,,,,,,,,,,,,,,256000,2,,,83.2,1,6.75,0.96,0,0.20999999999999996,0,0.96,0.96,0.0,0,1,0.75
,,,,,,,,,,,,,,,,,,,,,,,,0.95,1.9604145451333683,6.991072328388691,125.52,256000,2,0,57.67226022968061,,,,,,,,,,,,,
,,,,,,,,,,,,,,,,,,,,,,,,0.75,4.530911105970749,5.225895751714706,153.94,256000,2,1,97.85313689402093,,,,,,,,,,,,,
,,,,,,,,,,,,,,,,,,,,,,,,,,,,256000,2,,,83.2,0,6.75,0.95,0,0.19999999999999996,0,0.95,0.95,0.0,0,0,0.75
6.35174560546875,146.79,504320,2240,1,1,,,,,,,,,,,2,1,8,0.006,256000,320,7e-05,8,,,,,,,,,,,,,,,,,,,,,
6.250545024871826,149.71,506880,439,2,11,-0.43686261892318723,548,0.39127272367477417,-0.0023082008771598338,7e-05,0.008008765,0.11015625,0.33623885191977027,0.21470002830028534,0.15,,,,,,,,,,,,,,,,,,,,,,,,,,,,,
6.306886196136475,144.53,509440,467,3,16,-0.4384417422982149,551,0.5423765182495117,0.0034249720141984697,7e-05,0.022662332,0.11827761627906977,0.29479230351226277,0.1905510127544403,0.15,,,,,,,,,,,,,,,,,,,,,,,,,,,,,
6.499454498291016,140.3,512000,522,4,19,-0.409903883934021,553,0.4969787001609802,0.0013444337739863179,7e-05,0.036851328,0.10404829545454546,0.38592447543686087,0.30948302149772644,0.15,,,,,,,,,,,,,,,,,,,,,,,,,,,,,
6.591148853302002,140.6,514560,567,5,22,-0.43510059924686656,554,0.43552863597869873,0.00845940608312102,7e-05,0.01151036,0.1479779411764706,0.48762380507062464,0.7055070996284485,0.15,,,,,,,,,,,,,,,,,,,,,,,,,,,,,
6.713987350463867,141.43,517120,624,6,24,-0.43643021914694047,555,0.5054824948310852,0.00273346569803026,7e-05,0.0052971262,0.050347222222222224,0.28990986032618415,0.10634471476078033,0.15,,,,,,,,,,,,,,,,,,,,,,,,,,,,,
6.770198822021484,141.65,519680,623,7,28,-0.45249772910028696,557,0.5245881080627441,0.0045336533803492785,7e-05,0.011394657,0.142822265625,0.38320954656228423,0.31890201568603516,0.15,,,,,,,,,,,,,,,,,,,,,,,,,,,,,
6.843870639801025,137.48,522240,649,8,31,-0.42378690663506,558,0.5248301029205322,0.004489052191595821,7e-05,0.0065072216,0.08547794117647059,0.3956586639670765,0.33782172203063965,0.15,,,,,,,,,,,,,,,,,,,,,,,,,,,,,
6.936673641204834,134.18,524800,632,9,36,-0.40472867991775274,560,0.5616370439529419,0.005429804295999929,7e-05,0.013076273,0.10107421875,0.377705056918785,0.3105146586894989,0.15,,,,,,,,,,,,,,,,,,,,,,,,,,,,,
6.966299057006836,133.35,527360,590,10,43,-0.39434269299873936,563,0.4738755226135254,0.0009454406099393964,7e-05,0.01060094,0.11328125,0.4132685638391055,0.4353669583797455,0.15,,,,,,,,,,,,,,,,,,,,,,,,,,,,,
6.8123040199279785,140.56,529920,616,11,45,-0.3912513305743535,564,0.6193386316299438,0.006720284620920817,7e-05,0.0085922675,0.09895833333333333,0.25626416007677716,0.2193184792995453,0.15,,,,,,,,,,,,,,,,,,,,,,,,,,,,,
6.986649036407471,131.32,532480,578,12,53,-0.4456453217288195,567,0.6584036350250244,0.0040436104508274695,7e-05,0.014584872,0.1395656779661017,0.34111296707543276,0.04015110433101654,0.15,,,,,,,,,,,,,,,,,,,,,,,,,,,,,
7.135408878326416,127.98,535040,581,13,57,-0.39353178212275874,569,0.39387571811676025,0.007717832278173704,7e-05,0.020784386,0.11057692307692307,0.613887241253486,0.3851098418235779,0.15,,,,,,,,,,,,,,,,,,,,,,,,,,,,,
7.006842136383057,133.09,537600,503,14,71,-0.37224579423666,574,0.34337252378463745,0.00032381811179220675,7e-05,0.008336847,0.13171875,0.4537555083632469,0.08324761688709259,0.15,,,,,,,,,,,,,,,,,,,,,,,,,,,,,
7.0015459060668945,133.36,540160,518,15,74,-0.4124285736504723,575,0.5369704961776733,0.005461618468603667,7e-05,0.008288845,0.12270220588235294,0.35079799855456634,0.07506459206342697,0.15,,,,,,,,,,,,,,,,,,,,,,,,,,,,,
6.664725303649902,138.37,542720,530,16,77,-0.4082236774265766,576,0.2932214140892029,0.00802354363258928,7e-05,0.009147014,0.125,0.5988444089889526,0.32655325531959534,0.15,,,,,,,,,,,,,,,,,,,,,,,,,,,,,
6.633475303649902,136.21,545280,530,17,82,-0.4363080660502116,578,0.5205440521240234,0.001351790192226569,7e-05,0.010189077,0.1162405303030303,0.5187356219147191,0.18850460648536682,0.15,,,,,,,,,,,,,,,,,,,,,,,,,,,,,
6.481360912322998,141.54,547840,498,18,92,-0.37867356308044925,582,0.30683112144470215,0.001409337976046147,7e-05,0.02774563,0.11907762096774194,0.4743641944181535,0.2988682687282562,0.15,,,,,,,,,,,,,,,,,,,,,,,,,,,,,
6.383889198303223,144.28,550400,496,19,97,-0.4061066145077348,584,0.603429913520813,0.0026022447855211794,7e-05,0.014829613,0.142578125,0.3722907165065408,0.2123904973268509,0.15,,,,,,,,,,,,,,,,,,,,,,,,,,,,,
6.628679275512695,133.76,552960,500,20,102,-0.3835552406311035,586,0.23765963315963745,0.001339322030544281,7e-05,0.013048897,0.0978125,0.5057519167661667,0.17175287008285522,0.15,,,,,,,,,,,,,,,,,,,,,,,,,,,,,
,,,,,,-0.3999821999493767,587,0.17698973417282104,0.008929189185009283,7e-05,0.008121098,0.10983455882352941,0.3730197101831436,0.36838120222091675,0.15,,,,,,,,,0.98,1.2686229263484337,7.273812322616577,119.71,307200,2,0,42.708382081272994,,,,,,,,,,,,,
,,,,,,,,,,,,,,,,,,,,,,,,0.79,4.785674167094769,5.475974579006434,143.97,307200,2,1,92.4791279154383,,,,,,,,,,,,,
,,,,,,,,,,,,,,,,,,,,,,,,,,,,307200,2,,,83.2,1,6.75,0.98,0,0.18999999999999995,0,0.98,0.98,0.0,0,1,0.79
,,,,,,,,,,,,,,,,,,,,,,,,0.96,1.6244886851727134,7.157994166314602,123.06,307200,2,0,52.98939893978795,,,,,,,,,,,,,
,,,,,,,,,,,,,,,,,,,,,,,,0.82,4.2138642583547465,5.831145553439856,142.98,307200,2,1,86.17052628364296,,,,,,,,,,,,,
,,,,,,,,,,,,,,,,,,,,,,,,,,,,307200,2,,,83.2,1,6.75,0.96,0,0.14,0,0.96,0.96,0.0,0,1,0.82
,,,,,,,,,,,,,,,,,,,,,,,,0.98,1.4481390052438654,7.187892647981644,125.15,307200,2,0,51.1277566493974,,,,,,,,,,,,,
,,,,,,,,,,,,,,,,,,,,,,,,0.81,3.9348350676075188,5.853828946352005,141.74,307200,2,1,90.56926851863165,,,,,,,,,,,,,
,,,,,,,,,,,,,,,,,,,,,,,,,,,,307200,2,,,83.2,1,6.75,0.98,0,0.16999999999999993,0,0.98,0.98,0.0,0,1,0.81
6.705078125,133.29,555520,2070,1,1,,,,,,,,,,,,,,,,,,,,,,,,,,,,,,,,,,,,,,,
6.39536190032959,154.8,558080,399,2,12,-0.3906482982635498,592,-0.12048447132110596,0.0006591265089809894,3.5e-05,0.0056531737,0.136875,1.3183073800802232,0.5342497229576111,0.105,,,,,,,,,,,,,,,,,,,,,,,,,,,,,
6.272873401641846,167.34,560640,350,3,21,-0.4057871046662331,597,0.5673072934150696,-0.0023013475351035596,3.5e-05,0.0039540688,0.106953125,0.4827693074569106,0.05518411844968796,0.105,,,,,,,,,,,,,,,,,,,,,,,,,,,,,
6.283564567565918,180.36,563200,356,4,28,-0.4493417713046074,602,0.597985029220581,-0.0014175552409142257,3.5e-05,0.005534439,0.13125,0.4646348678506911,0.02857048809528351,0.105,,,,,,,,,,,,,,,,,,,,,,,,,,,,,
6.03329610824585,200.63,565760,357,5,35,-0.42066088229417803,607,0.549635648727417,0.00046421767212450504,3.5e-05,0.007753289,0.1421875,0.5760774791799486,0.009925268590450287,0.105,,,,,,,,,,,,,,,,,,,,,,,,,,,,,
5.977907657623291,210.61,568320,347,6,44,-0.4348574537038803,612,0.5077131390571594,0.00017843573354184628,3.5e-05,0.0038945745,0.122890625,0.7787394082732498,0.016308797523379326,0.105,,,,,,,,,,,,,,,,,,,,,,,,,,,,,
5.824596405029297,223.93,570880,360,7,49,-0.41830478236079216,616,0.252102255821228,0.0024153728445526212,3.5e-05,0.015636912,0.1248779296875,1.0142162087722681,0.40517938137054443,0.105,,,,,,,,,,,,,,,,,,,,,,,,,,,,,
5.548725605010986,239.02,573440,359,8,57,-0.41536323219537735,621,0.23310726881027222,-0.0011595986224710942,3.5e-05,0.0038882052,0.12296875,0.743689329661429,1.1967154741287231,0.105,,,,,,,,,,,,,,,,,,,,,,,,,,,,,
5.4178571701049805,257.69,576000,2280,1,1,-0.4266971233487129,626,0.47045785188674927,-0.00021400036290287973,3.5e-05,0.0042617363,0.1121875,0.3939614242594689,0.08047843724489212,0.105,3,0,11,0.011,0,440,7e-05,15,,,,,,,,,,,,,,,,,,,,,
5.352492809295654,273.44,578560,1057,2,4,-0.41484929884181304,628,0.23033714294433594,0.006461417302489281,7e-05,0.010694376,0.12821691176470587,0.8291004053590929,0.12059399485588074,0.15,,,,,,,,,,,,,,,,,,,,,,,,,,,,,
5.292907238006592,285.82,581120,747,3,10,-0.4109364058457169,631,-0.004197835922241211,0.0070354690519618054,7e-05,0.015256021,0.15226715686274508,1.3214933868570655,0.658291757106781,0.15,,,,,,,,,,,,,,,,,,,,,,,,,,,,,
5.114135265350342,299.55,583680,725,4,14,-0.4255877400145811,633,0.07586836814880371,0.007400038569946499,7e-05,0.009618303,0.13947610294117646,0.7493840350824243,0.0514804981648922,0.15,,,,,,,,,,,,,,,,,,,,,,,,,,,,,
4.804056167602539,319.9,586240,792,5,16,-0.44658988863229754,634,0.1823917031288147,0.0033343440853059294,7e-05,0.0079903845,0.11640625,0.5040404167026281,0.0727866068482399,0.15,,,,,,,,,,,,,,,,,,,,,,,,,,,,,
4.76374626159668,329.85,588800,814,6,18,-0.41015094648236816,636,0.13520163297653198,0.0055714827840742855,7e-05,0.027378693,0.12941576086956522,0.735886602702996,0.22724872827529907,0.15,,,,,,,,,,,,,,,,,,,,,,,,,,,,,
4.81972599029541,330.85,591360,874,7,20,-0.42975473403930664,637,0.11917620897293091,0.002130603068508208,7e-05,0.007883874,0.0908203125,0.839589792303741,0.21465355157852173,0.15,,,,,,,,,,,,,,,,,,,,,,,,,,,,,
4.969546318054199,326.44,593920,808,8,25,-0.4547245135140974,640,0.09282732009887695,0.0075742875897260595,7e-05,0.03373684,0.1484375,0.9718782072886825,0.34933552145957947,0.15,,,,,,,,,,,,,,,,,,,,,,,,,,,,,
5.102880477905273,322.14,596480,718,9,32,-0.4594339623893659,645,0.12410843372344971,0.0020797624223932777,7e-05,0.012929164,0.1324903350515464,0.5932921520290301,0.022401433438062668,0.15,,,,,,,,,,,,,,,,,,,,,,,,,,,,,
5.296075820922852,317.93,599040,652,10,39,-0.43961312194339563,649,0.07909142971038818,0.005589490939603477,7e-05,0.030343205,0.13972848360655737,1.0872905392993668,0.5124781727790833,0.15,,,,,,,,,,,,,,,,,,,,,,,,,,,,,
5.160548210144043,322.3,601600,679,11,41,-0.4590576868504286,650,0.0471683144569397,0.008506787882652134,7e-05,0.010521995,0.14794921875,0.8211806658655405,0.2354108691215515,0.15,,,,,,,,,,,,,,,,,,,,,,,,,,,,,
5.0911078453063965,325.14,604160,714,12,42,-0.507035738655499,651,0.1520121693611145,0.004569267188864095,7e-05,0.008211041,0.14118303571428573,0.2672762285385813,0.04715710133314133,0.15,,,,,,,,,,,,,,,,,,,,,,,,,,,,,
5.184062957763672,320.88,606720,740,13,44,-0.49180014729499816,652,0.15211302042007446,0.004764729272574186,7e-05,0.0065853805,0.09375,1.2060858894139528,0.16186189651489258,0.15,,,,,,,,,,,,,,,,,,,,,,,,,,,,,
5.088006973266602,320.02,609280,764,14,46,-0.4818078472333796,653,0.22778713703155518,0.009145742446622428,7e-05,0.011742608,0.16911764705882354,0.6162129184778999,0.16032080352306366,0.15,,,,,,,,,,,,,,,,,,,,,,,,,,,,,
5.085160732269287,320.28,611840,736,15,52,-0.4566500981648763,656,0.07359516620635986,0.003224281479784271,7e-05,0.010765265,0.13294956140350878,1.022686404878633,0.32881322503089905,0.15,,,,,,,,,,,,,,,,,,,,,,,,,,,,,
5.261054039001465,312.13,614400,760,16,53,-0.4701886589710529,657,0.029079139232635498,0.007217534244633638,7e-05,0.00817956,0.10576923076923077,1.0407171527353616,0.3221377730369568,0.15,,,,,,,,,,,,,,,,,,,,,,,,,,,,,
5.412719249725342,308.06,616960,750,17,57,-0.47135193531329816,659,0.11624693870544434,0.0009451258258941846,7e-05,0.009626232,0.11278044871794872,1.0436759385734031,0.3411112129688263,0.15,,,,,,,,,,,,,,,,,,,,,,,,,,,,,
5.184413909912109,313.7,619520,729,18,63,-0.484080579011671,663,0.2584295868873596,0.003962197716558172,7e-05,0.023893733,0.13986895161290322,0.8523252836518711,0.08677402138710022,0.15,,,,,,,,,,,,,,,,,,,,,,,,,,,,,
5.1838579177856445,313.67,622080,706,19,68,-0.48830773517852877,668,0.2483741044998169,0.0024323782361135252,7e-05,0.021928735,0.1486280487804878,0.511909610251101,0.06067654490470886,0.15,,,,,,,,,,,,,,,,,,,,,,,,,,,,,
5.047306060791016,318.05,624640,724,20,70,-0.45944457975300873,669,0.07158994674682617,0.0017714905129237609,7e-05,0.0070495442,0.09801136363636363,0.8980458798733625,0.16103872656822205,0.15,,,,,,,,,,,,,,,,,,,,,,,,,,,,,
5.0624542236328125,317.44,627200,2650,1,0,-0.48301526345312595,671,0.12479674816131592,0.004550900077447295,7e-05,0.013230906,0.12060546875,0.8177994972793385,0.07575079053640366,0.15,3,0,11,0.010615999999999999,51200,440,7e-05,15,,,,,,,,,,,,,,,,,,,,,
4.799495697021484,325.02,629760,1981,2,2,-0.48557774837200457,672,0.20418304204940796,0.0023091227675859746,7e-05,0.00765242,0.1346153846153846,0.31150302964334303,0.0772784948348999,0.15,,,,,,,,,,,,,,,,,,,,,,,,,,,,,
4.657754898071289,329.91,632320,1454,3,5,-0.5064309143594333,674,0.22342044115066528,0.004903848981484771,7e-05,0.016076677,0.17829241071428573,0.41079519715692314,0.13086242973804474,0.15,,,,,,,,,,,,,,,,,,,,,,,,,,,,,
4.780479431152344,325.63,634880,1025,4,9,-0.4971083710933554,677,0.21541333198547363,0.002879958246545545,7e-05,0.013074547,0.15598060344827586,1.024139111990045,0.5996812582015991,0.15,,,,,,,,,,,,,,,,,,,,,,,,,,,,,
4.769891738891602,325.04,637440,991,5,12,-0.48461470952848107,680,0.2108403444290161,0.005028438799810119,7e-05,0.05835458,0.1326219512195122,0.7889517522076281,0.043277841061353683,0.15,,,,,,,,,,,,,,,,,,,,,,,,,,,,,
4.923768997192383,319.26,640000,952,6,16,-0.45133152090269946,682,0.2404422163963318,0.0006277490856832471,7e-05,0.013765187,0.12850215517241378,0.6628549492050861,0.1250610202550888,0.15,,,,,,,,,,,,,,,,,,,,,,,,,,,,,
4.715369701385498,327.12,642560,951,7,18,-0.45301578044891355,684,0.13376384973526,0.006051236701508363,7e-05,0.01836808,0.153125,1.2160084962844848,0.16254058480262756,0.15,,,,,,,,,,,,,,,,,,,,,,,,,,,,,
4.628355026245117,331.57,645120,814,8,25,-0.46739149892453064,689,0.3336988091468811,0.001589792319717481,7e-05,0.016398009,0.14416881443298968,0.7011094827819424,0.13341403007507324,0.15,,,,,,,,,,,,,,,,,,,,,,,,,,,,,
4.573370933532715,331.41,647680,809,9,28,-0.4664478633138869,691,0.23164600133895874,0.004562247234086196,7e-05,0.009988268,0.12022569444444445,1.3076422896443143,0.2117726057767868,0.15,,,,,,,,,,,,,,,,,,,,,,,,,,,,,
4.432214260101318,335.94,650240,812,10,31,-0.4777153677174023,693,0.29488682746887207,0.0045634508798164984,7e-05,0.0107640475,0.13058035714285715,1.1700328665652446,0.25591912865638733,0.15,,,,,,,,,,,,,,,,,,,,,,,,,,,,,
4.563424587249756,337.4,652800,801,11,35,-0.49229296460384275,696,0.09318727254867554,0.00391688111533479,7e-05,0.030227086,0.1326219512195122,0.823261997094605,0.18252812325954437,0.15,,,,,,,,,,,,,,,,,,,,,,,,,,,,,
4.725607395172119,329.14,655360,731,12,42,-0.5101184597611428,701,0.055262207984924316,-0.00022701266221702098,7e-05,0.007363395,0.151328125,1.0224089470133186,1.2972495555877686,0.15,,,,,,,,,,,,,,,,,,,,,,,,,,,,,
4.795116901397705,325.67,657920,747,13,44,-0.4880371623569065,703,0.08569729328155518,0.003945060350276806,7e-05,0.015008731,0.11140046296296297,0.7660137641209143,0.14953404664993286,0.15,,,,,,,,,,,,,,,,,,,,,,,,,,,,,
4.912899494171143,322.98,660480,747,14,47,-0.5167574444237877,705,0.11576253175735474,0.0047333025483085826,7e-05,0.01160953,0.15349264705882354,1.2030529313008576,0.12347330152988434,0.15,,,,,,,,,,,,,,,,,,,,,,,,,,,,,
5.080537796020508,314.53,663040,740,15,51,-0.4611282686929445,707,0.10602343082427979,0.004372082499636186,7e-05,0.010524948,0.10684121621621621,1.0628219154235479,0.1146763265132904,0.15,,,,,,,,,,,,,,,,,,,,,,,,,,,,,
5.173013687133789,311.89,665600,748,16,54,-0.45405566071470577,709,0.09695541858673096,0.003382556838914752,7e-05,0.017077945,0.10904947916666667,1.2716922089457512,0.33121925592422485,0.15,,,,,,,,,,,,,,,,,,,,,,,,,,,,,
5.407631874084473,301.77,668160,692,17,62,-0.49388458132743834,714,0.1251494288444519,0.0003201338741928339,7e-05,0.0112310015,0.1553125,0.917063404135406,0.22667735815048218,0.15,,,,,,,,,,,,,,,,,,,,,,,,,,,,,
5.483344078063965,298.69,670720,703,18,65,-0.4838448703289032,715,0.221701979637146,0.00907236970961094,7e-05,0.009348418,0.142578125,1.0571814945433289,0.24874842166900635,0.15,,,,,,,,,,,,,,,,,,,,,,,,,,,,,
5.5835065841674805,293.3,673280,694,19,70,-0.48117568673089495,718,0.21713948249816895,0.0021070495551062185,7e-05,0.018918252,0.13226744186046513,1.0166283633646578,0.14919961988925934,0.15,,,,,,,,,,,,,,,,,,,,,,,,,,,,,
5.467129707336426,297.15,675840,696,20,73,-0.49468105747586205,721,0.2439247965812683,0.001310759223997593,7e-05,0.020922076,0.13039434523809523,0.548739041689606,0.05449457839131355,0.15,,,,,,,,,,,,,,,,,,,,,,,,,,,,,
5.356317043304443,300.75,678400,2590,1,0,-0.47657265112950253,722,0.15984559059143066,0.004632677882909775,7e-05,0.008273221,0.125,0.8918385488482622,0.3142838478088379,0.15,3,0,11,0.010232,102400,440,7e-05,15,,,,,,,,,,,,,,,,,,,,,
5.359058856964111,301.13,680960,1538,2,3,-0.5086644229136015,723,0.2728501558303833,0.0018991176038980484,7e-05,0.0048927604,0.09827302631578948,0.7224656617955157,0.963005781173706,0.15,,,,,,,,,,,,,,,,,,,,,,,,,,,,,
5.250028133392334,300.42,683520,911,3,8,-0.49686358869075775,727,0.07241040468215942,0.0025175693509582845,7e-05,0.017038964,0.15852864583333334,0.5003928019303001,0.10958986729383469,0.15,,,,,,,,,,,,,,,,,,,,,,,,,,,,,
5.176148891448975,302.36,686080,891,4,11,-0.5354322478175163,728,0.1222606897354126,0.00570458834990859,7e-05,0.012538774,0.1453125,0.7800346489995718,0.19548478722572327,0.15,,,,,,,,,,,,,,,,,,,,,,,,,,,,,
5.184067249298096,302.03,688640,822,5,15,-0.47231634457906085,731,0.15794605016708374,0.0014489935711026192,7e-05,0.017144095,0.12309027777777778,0.7685286232994663,0.16848130524158478,0.15,,,,,,,,,,,,,,,,,,,,,,,,,,,,,
5.389766693115234,296.29,691200,889,6,17,-0.4866579473018646,732,0.19411319494247437,0.006642808672040701,7e-05,0.008508579,0.12434895833333333,0.6837688240533074,0.22597724199295044,0.15,,,,,,,,,,,,,,,,,,,,,,,,,,,,,
5.366330623626709,299.02,693760,752,7,23,-0.4725058719967351,736,0.17174553871154785,-0.0001607286518044544,7e-05,0.017361883,0.14038825757575757,0.8494688323840047,1.2444590330123901,0.15,,,,,,,,,,,,,,,,,,,,,,,,,,,,,
5.294719696044922,298.85,696320,783,8,26,-0.49810808637867804,738,0.14712727069854736,0.0060364097842703695,7e-05,0.017869728,0.12737771739130435,0.7080495571312697,0.09563145041465759,0.15,,,,,,,,,,,,,,,,,,,,,,,,,,,,,
5.2939252853393555,298.49,698880,803,9,28,-0.5100268460810184,739,0.19417685270309448,0.0042928787879645824,7e-05,0.0076661515,0.10498046875,0.8163070539012551,0.14940263330936432,0.15,,,,,,,,,,,,,,,,,,,,,,,,,,,,,
5.114677429199219,304.97,701440,820,10,31,-0.5208420430620512,741,0.28819942474365234,0.00426491101582845,7e-05,0.012011317,0.08658854166666667,0.7174485391005874,0.2196066528558731,0.15,,,,,,,,,,,,,,,,,,,,,,,,,,,,,
5.077607154846191,304.06,704000,773,11,36,-0.5483489615576608,745,0.09545624256134033,0.004063933289476803,7e-05,0.0126593085,0.15357142857142858,0.49217080895655924,0.06608551740646362,0.15,,,,,,,,,,,,,,,,,,,,,,,,,,,,,
5.105972766876221,306.07,706560,756,12,40,-0.5057396829128266,748,0.19620990753173828,0.004996723309159279,7e-05,0.019394016,0.14583333333333334,0.4520467461811172,0.11174404621124268,0.15,,,,,,,,,,,,,,,,,,,,,,,,,,,,,
5.125576019287109,307.81,709120,766,13,43,-0.5417118552658293,750,0.20112574100494385,0.007045464978242914,7e-05,0.011092377,0.14344618055555555,0.4854386322614219,0.0927305668592453,0.15,,,,,,,,,,,,,,,,,,,,,,,,,,,,,
5.177428722381592,307.08,711680,757,14,47,-0.5070485069945052,752,0.28148603439331055,0.0034936012549174797,7e-05,0.010452591,0.12626689189189189,0.6836613052700823,1.2145226001739502,0.15,,,,,,,,,,,,,,,,,,,,,,,,,,,,,
5.1647162437438965,307.51,714240,740,15,51,-0.5520272679248098,755,0.24958372116088867,-0.0007259695301369085,7e-05,0.009221354,0.13678495762711865,0.8892560168090513,0.03598318248987198,0.15,,,,,,,,,,,,,,,,,,,,,,,,,,,,,
5.021300315856934,311.59,716800,765,16,53,-0.547437134385109,756,0.4062961935997009,0.011395179480314255,7e-05,0.008426713,0.1203125,0.18585556671023368,0.10086777061223984,0.15,,,,,,,,,,,,,,,,,,,,,,,,,,,,,
4.746692180633545,321.71,719360,795,17,54,-0.6829067826271057,757,0.563480794429779,0.009539330005645752,7e-05,0.022176355,0.2453125,0.21109745427966117,0.03996662050485611,0.15,,,,,,,,,,,,,,,,,,,,,,,,,,,,,
4.782720565795898,322.99,721920,802,18,57,-0.54244707359208,759,0.3767130970954895,0.0038070834621235176,7e-05,0.013757331,0.11255787037037036,0.9459007081610186,0.15293021500110626,0.15,,,,,,,,,,,,,,,,,,,,,,,,,,,,,
4.507319450378418,331.35,724480,819,19,59,-0.559364785750707,761,0.3204747438430786,0.005742480800974937,7e-05,0.06354221,0.0974702380952381,0.9503412388619923,0.17299501597881317,0.15,,,,,,,,,,,,,,,,,,,,,,,,,,,,,
4.27618932723999,340.41,727040,814,20,62,-0.5207596873083422,763,0.26312142610549927,0.004590475811592994,7e-05,0.015338739,0.14390120967741934,0.7169154246728267,0.12006344646215439,0.15,,,,,,,,,,,,,,,,,,,,,,,,,,,,,
4.3507256507873535,337.92,729600,2650,1,0,-0.4921613120370441,764,0.2621500492095947,0.00513749797311094,7e-05,0.007844097,0.11848958333333333,1.198147428739402,0.0668456107378006,0.15,3,0,11,0.009847999999999999,153600,440,7e-05,15,,,,,,,,,,,,,,,,,,,,,
4.118272304534912,348.05,732160,1531,2,3,-0.5371121687273825,766,0.3269251585006714,0.0029779345458073,7e-05,0.015968932,0.15524193548387097,0.7793542026512085,0.05445938557386398,0.15,,,,,,,,,,,,,,,,,,,,,,,,,,,,,
4.218684196472168,348.8,734720,1092,3,7,-0.5235400594049885,768,0.10946398973464966,0.005031310712858554,7e-05,0.013857531,0.13306451612903225,1.6882074770908202,2.1833181381225586,0.15,,,,,,,,,,,,,,,,,,,,,,,,,,,,,
4.2176313400268555,350.17,737280,1142,4,8,-0.505148630250584,770,0.1103825569152832,0.005307016005231576,7e-05,0.021398447,0.15021306818181818,0.9386015087366104,0.12216638773679733,0.15,,,,,,,,,,,,,,,,,,,,,,,,,,,,,
4.206996440887451,353.57,739840,1125,5,11,-0.48218533727857804,771,0.10419487953186035,0.004277546010497544,7e-05,0.008264713,0.12630208333333334,1.0525385433187087,1.7342723608016968,0.15,,,,,,,,,,,,,,,,,,,,,,,,,,,,,
4.25660514831543,350.89,742400,1078,6,14,-0.49613977670669557,773,0.13354110717773438,0.006317265083392461,7e-05,0.012144406,0.10755208333333334,0.8906707574923833,0.08840387314558029,0.15,,,,,,,,,,,,,,,,,,,,,,,,,,,,,
4.261076927185059,350.43,744960,1082,7,16,-0.45217703970579,775,0.0842660665512085,0.0032238316937134815,7e-05,0.0207783,0.13161057692307693,0.8440787525704274,0.08858011662960052,0.15,,,,,,,,,,,,,,,,,,,,,,,,,,,,,
4.13290548324585,351.46,747520,1098,8,18,-0.45544761617978413,776,0.13786470890045166,0.007703256110350291,7e-05,0.011194727,0.14270833333333333,1.0830152968565623,0.13664518296718597,0.15,,,,,,,,,,,,,,,,,,,,,,,,,,,,,
4.117897987365723,354.42,750080,1123,9,20,-0.494850791990757,777,0.17027431726455688,0.0046593262037883205,7e-05,0.007641304,0.09895833333333333,0.4598963495033483,0.07100500911474228,0.15,,,,,,,,,,,,,,,,,,,,,,,,,,,,,
4.346114635467529,348.24,752640,1058,10,24,-0.5068690776824951,779,0.13605725765228271,0.005611871736067714,7e-05,0.012755498,0.15198863636363635,0.9025021458439755,0.03569282591342926,0.15,,,,,,,,,,,,,,,,,,,,,,,,,,,,,
4.52423620223999,341.3,755200,969,11,29,-0.46572043766846527,783,0.1646519899368286,0.002201801065254856,7e-05,0.010569198,0.13766891891891891,1.0741112218615976,0.13608968257904053,0.15,,,,,,,,,,,,,,,,,,,,,,,,,,,,,
4.682010650634766,335.95,757760,962,12,31,-0.45809914057071394,785,-0.049642086029052734,0.0025458720226127366,7e-05,0.012705602,0.1385216346153846,1.7127154109856257,0.41748201847076416,0.15,,,,,,,,,,,,,,,,,,,,,,,,,,,,,
4.943775653839111,329.71,760320,965,13,34,-0.4226487323641777,786,0.0396767258644104,0.002763028163462877,7e-05,0.00884209,0.1171875,1.3819019037298859,0.341535747051239,0.15,,,,,,,,,,,,,,,,,,,,,,,,,,,,,
4.90023946762085,330.04,762880,924,14,38,-0.42797476053237915,789,0.03346812725067139,0.0032841766563554606,7e-05,0.011633618,0.1205150462962963,1.3972349245170201,0.23315118253231049,0.15,,,,,,,,,,,,,,,,,,,,,,,,,,,,,
5.013754844665527,328.98,765440,937,15,40,-0.44554832577705383,790,0.08086520433425903,0.006691651677505838,7e-05,0.00828065,0.1072048611111111,0.9941217030088106,0.1619836837053299,0.15,,,,,,,,,,,,,,,,,,,,,,,,,,,,,
4.989614963531494,326.67,768000,948,16,43,-0.42072806921270156,791,0.10113048553466797,0.002932223387890392,7e-05,0.010072852,0.1154513888888889,0.6760450514654318,0.07436078786849976,0.15,,,,,,,,,,,,,,,,,,,,,,,,,,,,,
5.2100911140441895,319.68,770560,830,17,52,-0.4384357875585556,796,0.08658719062805176,-0.0006926563475281,7e-05,0.0099557815,0.12109375,1.3437817565351724,1.2804933786392212,0.15,,,,,,,,,,,,,,,,,,,,,,,,,,,,,
5.165294647216797,319.99,773120,801,18,57,-0.42297503882891513,800,0.17001128196716309,3.388513849206167e-05,7e-05,0.01044043,0.10627140410958905,0.8882209973486319,0.06957627832889557,0.15,,,,,,,,,,,,,,,,,,,,,,,,,,,,,
5.1931538581848145,320.86,775680,727,19,66,-0.4566619995236397,805,0.04715919494628906,-0.0013736540824174882,7e-05,0.011663766,0.1409375,0.5744822361692786,0.04825439676642418,0.15,,,,,,,,,,,,,,,,,,,,,,,,,,,,,
5.208017349243164,318.56,778240,738,20,69,-0.5054794409695793,806,0.06901878118515015,0.005213667857734596,7e-05,0.007890693,0.11672794117647059,1.0340961279237972,0.16264022886753082,0.15,,,,,,,,,,,,,,,,,,,,,,,,,,,,,
,,,,,,-0.510458265032087,808,0.18651753664016724,0.005191852915145102,7e-05,0.030937852,0.09449404761904762,0.7151350857512582,0.866480827331543,0.15,,,,,,,,,0.58,3.363953736623319,4.094093446210027,341.0,204800,3,0,101.66385788469765,,,,,,,,,,,,,
,,,,,,,,,,,,,,,,,,,,,,,,0.47,4.6526993629837765,2.9056184321828185,327.71,204800,3,1,124.78063110915893,,,,,,,,,,,,,
,,,,,,,,,,,,,,,,,,,,,,,,,,,,204800,3,,,157.3,0,6.75,0.58,0,0.10999999999999999,0,0.58,0.58,0.0,0,0,0.47
5.293679714202881,318.4,780800,1955,1,1,,,,,,,,,,,3,1,11,0.010964,204800,440,7e-05,15,,,,,,,,,,,,,,,,,,,,,
5.4447784423828125,313.17,783360,1396,2,3,-0.5516645955412012,809,0.10859274864196777,0.010934209353045413,7e-05,0.009805669,0.17393092105263158,1.1182864331885387,0.3031770884990692,0.15,,,,,,,,,,,,,,,,,,,,,,,,,,,,,
5.364518642425537,316.38,785920,1200,3,6,-0.5146223350807473,811,0.15318840742111206,0.0036920450489830088,7e-05,0.011237613,0.12123842592592593,0.8301447417449068,1.296797513961792,0.15,,,,,,,,,,,,,,,,,,,,,,,,,,,,,
5.235389232635498,318.71,788480,1033,4,9,-0.45922176667622155,813,0.06691563129425049,0.005306891059236867,7e-05,0.009411076,0.10848214285714286,1.384761087915727,0.23207159340381622,0.15,,,,,,,,,,,,,,,,,,,,,,,,,,,,,
5.228278636932373,317.99,791040,971,5,13,-0.43330170920020655,815,0.1307627558708191,0.005743669198923989,7e-05,0.011369753,0.12191611842105263,1.0521492967872244,0.44866231083869934,0.15,,,,,,,,,,,,,,,,,,,,,,,,,,,,,
5.119650840759277,316.73,793600,722,6,21,-0.4335052120558759,820,0.13526445627212524,0.0005907615587273811,7e-05,0.013436129,0.12109375,1.0762905796613307,1.5049126148223877,0.15,,,,,,,,,,,,,,,,,,,,,,,,,,,,,
5.330845832824707,308.58,796160,553,7,32,-0.4403386387228966,825,0.20325011014938354,-0.002569989413022995,7e-05,0.0069097495,0.114921875,1.085362749118358,0.1395273655653,0.15,,,,,,,,,,,,,,,,,,,,,,,,,,,,,
5.259710311889648,309.44,798720,482,8,42,-0.4222556471824646,830,0.09340614080429077,0.0007389467768371106,7e-05,0.0072417976,0.09796875,1.4173024655133486,0.9271194338798523,0.15,,,,,,,,,,,,,,,,,,,,,,,,,,,,,
4.977968215942383,318.36,801280,512,9,44,-0.44961840432623157,832,0.17332834005355835,0.0037424110038124995,7e-05,0.020194057,0.10835597826086957,0.5947351026470247,0.12299560010433197,0.15,,,,,,,,,,,,,,,,,,,,,,,,,,,,,
5.154994487762451,313.63,803840,534,10,47,-0.4842223054484317,833,0.23929721117019653,0.006205201345054727,7e-05,0.011431596,0.16652960526315788,0.9408201661549116,0.19733145833015442,0.15,,,,,,,,,,,,,,,,,,,,,,,,,,,,,
5.137434005737305,312.69,806400,539,11,52,-0.5262913041644626,836,0.19217979907989502,0.002942534846564134,7e-05,0.017205108,0.13784722222222223,1.049235913861129,1.615425705909729,0.15,,,,,,,,,,,,,,,,,,,,,,,,,,,,,
5.177671909332275,313.41,808960,544,12,56,-0.5412087989971042,838,0.29138660430908203,-0.0006675647746305913,7e-05,0.014204721,0.11962890625,0.9138164951000363,0.05826630815863609,0.15,,,,,,,,,,,,,,,,,,,,,,,,,,,,,
5.186429977416992,314.0,811520,558,13,59,-0.5126740790548778,840,0.15772688388824463,0.005699356086552143,7e-05,0.034354314,0.12462797619047619,1.4236036127521878,1.4789544343948364,0.15,,,,,,,,,,,,,,,,,,,,,,,,,,,,,
5.34718132019043,306.83,814080,571,14,62,-0.458189560174942,842,0.04949772357940674,0.00619547937065363,7e-05,0.018385082,0.114375,1.4014119409024715,0.38335299491882324,0.15,,,,,,,,,,,,,,,,,,,,,,,,,,,,,
5.416708469390869,305.22,816640,538,15,71,-0.45177347809076307,847,0.07346290349960327,-0.0012812306080013513,7e-05,0.009929224,0.139765625,0.9867598255770281,0.007145156152546406,0.15,,,,,,,,,,,,,,,,,,,,,,,,,,,,,
5.4203972816467285,304.7,819200,537,16,76,-0.4672277463807,850,0.0954025387763977,0.003386822549833192,7e-05,0.013693151,0.14288194444444444,0.9612597066495153,0.08786694705486298,0.15,,,,,,,,,,,,,,,,,,,,,,,,,,,,,
5.563061714172363,301.35,821760,550,17,79,-0.4835746467113495,851,0.26616615056991577,0.0024563854094594717,7e-05,0.0054679746,0.090234375,0.6097844943404198,0.03234405443072319,0.15,,,,,,,,,,,,,,,,,,,,,,,,,,,,,
5.553436756134033,303.23,824320,540,18,85,-0.4448349451532169,854,0.24600565433502197,0.0013845570347442919,7e-05,0.011608275,0.09183673469387756,1.0442013179465217,0.1566663682460785,0.15,,,,,,,,,,,,,,,,,,,,,,,,,,,,,
5.414821624755859,307.8,826880,540,19,89,-0.43566367991508975,858,0.19023096561431885,0.0028513675976184105,7e-05,0.021720782,0.12386592741935484,0.587118583400884,0.05439964681863785,0.15,,,,,,,,,,,,,,,,,,,,,,,,,,,,,
5.590610980987549,302.0,829440,543,20,94,-0.45291247428991854,860,0.38277357816696167,0.003626361871377016,7e-05,0.011302004,0.12479967948717949,0.7170498691594753,0.09302788972854614,0.15,,,,,,,,,,,,,,,,,,,,,,,,,,,,,
,,,,,,-0.4569858846993282,862,0.5413073301315308,0.0010872006030945942,7e-05,0.016072504,0.10452586206896551,1.014166886436528,1.1381968259811401,0.15,,,,,,,,,0.81,3.0062120908046466,5.695734936092049,283.38,256000,3,0,98.24823458973702,,,,,,,,,,,,,
,,,,,,,,,,,,,,,,,,,,,,,,0.38,4.607344855331124,2.2846906375326217,339.93,256000,3,1,129.04334581837222,,,,,,,,,,,,,
,,,,,,,,,,,,,,,,,,,,,,,,,,,,256000,3,,,157.3,0,6.75,0.81,0,0.43000000000000005,0,0.81,0.81,0.0,0,0,0.38
5.7412896156311035,295.76,832000,2342,1,1,,,,,,,,,,,3,1,11,0.011,256000,440,7e-05,15,,,,,,,,,,,,,,,,,,,,,
5.61656379699707,298.81,834560,571,2,8,-0.39912149250507356,867,0.42234688997268677,0.0003453476773574948,7e-05,0.0077562504,0.11625,0.77338522978127,0.039061374962329865,0.15,,,,,,,,,,,,,,,,,,,,,,,,,,,,,
5.708715438842773,293.96,837120,465,3,16,-0.41801749780774117,872,0.24915939569473267,0.0017961211921647192,7e-05,0.010497396,0.1265625,0.5106381810177117,0.0718860775232315,0.15,,,,,,,,,,,,,,,,,,,,,,,,,,,,,
5.624068737030029,294.94,839680,523,4,19,-0.46942088107268015,874,0.2393750548362732,0.003448284479478995,7e-05,0.012842226,0.12786458333333334,0.7027331218123436,0.06395168602466583,0.15,,,,,,,,,,,,,,,,,,,,,,,,,,,,,
5.428519248962402,299.99,842240,553,5,23,-0.4573025419268497,877,0.28153395652770996,0.007126104584786781,7e-05,0.019120835,0.16297238372093023,0.6044153343712868,0.11634860187768936,0.15,,,,,,,,,,,,,,,,,,,,,,,,,,,,,
5.3054680824279785,302.02,844800,535,6,28,-0.44867039692233984,881,0.32002735137939453,-0.0014204844491372646,7e-05,0.011384571,0.12951144366197184,0.8807152752095545,1.1759675741195679,0.15,,,,,,,,,,,,,,,,,,,,,,,,,,,,,
5.296412944793701,302.0,847360,495,7,36,-0.45119761884212495,886,0.2900582551956177,-0.0009072543494403362,7e-05,0.007796264,0.108671875,0.9775057199597359,0.1372968554496765,0.15,,,,,,,,,,,,,,,,,,,,,,,,,,,,,
5.253451347351074,301.46,849920,466,8,43,-0.48233281314373017,891,0.24455583095550537,-0.0006012216815724969,7e-05,0.008952067,0.143359375,1.110457329005003,0.15039175748825073,0.15,,,,,,,,,,,,,,,,,,,,,,,,,,,,,
5.221311569213867,303.09,852480,477,9,48,-0.4623320744089458,894,0.3411586284637451,0.005729148670545091,7e-05,0.014038934,0.14351222826086957,1.0909234983441622,0.12148797512054443,0.15,,,,,,,,,,,,,,,,,,,,,,,,,,,,,
5.227458477020264,302.52,855040,448,10,57,-0.4445479822158813,899,0.15017962455749512,0.0006903171818703413,7e-05,0.010106911,0.12734375,0.9897734709456563,0.019901789724826813,0.15,,,,,,,,,,,,,,,,,,,,,,,,,,,,,
5.324284076690674,296.41,857600,475,11,59,-0.4187540764158422,900,0.16192716360092163,0.014377010054886341,7e-05,0.017876484,0.16548295454545456,1.1132253936745904,0.3344589173793793,0.15,,,,,,,,,,,,,,,,,,,,,,,,,,,,,
5.427217483520508,292.06,860160,478,12,64,-0.41243858792279897,902,0.21377646923065186,0.004402911364051856,7e-05,0.006230385,0.09210526315789473,0.9384515979572347,1.4937169551849365,0.15,,,,,,,,,,,,,,,,,,,,,,,,,,,,,
5.429391384124756,291.67,862720,468,13,71,-0.46152451674143474,906,0.4119749665260315,0.003892631245156129,7e-05,0.010028649,0.12479166666666666,0.6469416422645251,0.08978749811649323,0.15,,,,,,,,,,,,,,,,,,,,,,,,,,,,,
5.571395397186279,288.2,865280,464,14,77,-0.4854706106842428,910,0.35164666175842285,0.0026957899386036224,7e-05,0.014464862,0.1322463768115942,0.5512787103113057,0.04059138149023056,0.15,,,,,,,,,,,,,,,,,,,,,,,,,,,,,
5.752220630645752,284.65,867840,443,15,86,-0.4903581920266151,915,0.4161270260810852,-0.0022159205842763184,7e-05,0.0070387004,0.115,0.5269700844958425,0.2712867259979248,0.15,,,,,,,,,,,,,,,,,,,,,,,,,,,,,
5.959994316101074,278.52,870400,451,16,90,-0.4985973465701808,918,0.2624654769897461,0.004403845265345729,7e-05,0.014245582,0.12601902173913043,0.5864754532990248,0.06463562697172165,0.15,,,,,,,,,,,,,,,,,,,,,,,,,,,,,
6.072257041931152,277.33,872960,432,17,100,-0.49930172353982927,923,0.31226521730422974,-0.0005552464677020907,7e-05,0.0083291475,0.125390625,0.7424528928846121,0.06071309372782707,0.15,,,,,,,,,,,,,,,,,,,,,,,,,,,,,
5.955144882202148,279.86,875520,430,18,107,-0.5372025498747826,928,0.254116952419281,-0.0007413394097238779,7e-05,0.0073481286,0.144453125,0.49661579020321367,0.03226366266608238,0.15,,,,,,,,,,,,,,,,,,,,,,,,,,,,,
6.19553279876709,274.88,878080,441,19,110,-0.5154472551038188,930,0.20937079191207886,0.004785241228678534,7e-05,0.01505414,0.14516129032258066,0.4406522519045299,0.08264672756195068,0.15,,,,,,,,,,,,,,,,,,,,,,,,,,,,,
6.073037624359131,277.12,880640,428,20,119,-0.47576246201992034,935,0.17959553003311157,-0.0020351291075348856,7e-05,0.00902071,0.12765625,0.8687322086840868,0.4695916771888733,0.15,,,,,,,,,,,,,,,,,,,,,,,,,,,,,
,,,,,,-0.5114914496098796,939,0.229669451713562,0.0005796080785653283,7e-05,0.029245835,0.14264112903225806,0.6267139173803791,0.18821197748184204,0.15,,,,,,,,,0.75,2.9102386545719923,5.302235443125828,307.94,307200,3,0,96.52583281174009,,,,,,,,,,,,,
,,,,,,,,,,,,,,,,,,,,,,,,0.31,4.4363973388621245,1.7604627786576748,360.8,307200,3,1,120.15265290454471,,,,,,,,,,,,,
,,,,,,,,,,,,,,,,,,,,,,,,,,,,307200,3,,,157.3,0,6.75,0.75,0,0.44,0,0.75,0.75,0.0,0,0,0.31
5.983874320983887,281.27,883200,2212,1,1,,,,,,,,,,,3,1,11,0.011,307200,440,7e-05,15,,,,,,,,,,,,,,,,,,,,,
5.896092414855957,286.61,885760,1500,2,3,-0.5337243867771966,941,0.18242979049682617,0.0018103608329381262,7e-05,0.011839785,0.11049107142857142,0.4806985772613968,0.039570461958646774,0.15,,,,,,,,,,,,,,,,,,,,,,,,,,,,,
5.781249523162842,294.77,888320,693,3,11,-0.4702497062087059,946,0.08899712562561035,-0.0005893324408680201,7e-05,0.007029337,0.121640625,0.5791791508346796,0.04437179118394852,0.15,,,,,,,,,,,,,,,,,,,,,,,,,,,,,
5.823333263397217,291.86,890880,765,4,13,-0.43472137521294985,947,0.12740355730056763,0.004896057221819372,7e-05,0.0056500165,0.10386029411764706,0.6606543515534962,0.2429238259792328,0.15,,,,,,,,,,,,,,,,,,,,,,,,,,,,,
5.901388645172119,288.4,893440,738,5,17,-0.4302629692987962,949,0.18529760837554932,0.006475622116616278,7e-05,0.022215186,0.13541666666666666,0.7803522614818631,0.13769005239009857,0.15,,,,,,,,,,,,,,,,,,,,,,,,,,,,,
5.790106773376465,290.49,896000,660,6,23,-0.4074042644593623,953,0.19260966777801514,0.0007905643191430476,7e-05,0.009814694,0.10247564935064934,0.48692254003669533,0.17747807502746582,0.15,,,,,,,,,,,,,,,,,,,,,,,,,,,,,
5.888146877288818,285.75,898560,615,7,29,-0.38507748623283544,956,0.237900972366333,0.002190922748069374,7e-05,0.01135467,0.09024234693877552,0.6639226741936742,0.16908317804336548,0.15,,,,,,,,,,,,,,,,,,,,,,,,,,,,,
5.888866424560547,285.14,901120,562,8,36,-0.37753650833325214,961,0.22649526596069336,0.0017214258796120264,7e-05,0.033906583,0.11059864457831325,0.6572183884500739,0.3664020299911499,0.15,,,,,,,,,,,,,,,,,,,,,,,,,,,,,
5.887087821960449,284.74,903680,515,9,44,-0.39157327204942705,966,0.41013020277023315,-0.0019476575031876565,7e-05,0.008565951,0.092109375,0.6796573156490922,0.041045255959033966,0.15,,,,,,,,,,,,,,,,,,,,,,,,,,,,,
5.815057277679443,287.23,906240,551,10,46,-0.3855336308479309,967,0.5970196723937988,0.0026515351815356147,7e-05,0.008333325,0.0642361111111111,0.40579928788873887,0.11241139471530914,0.15,,,,,,,,,,,,,,,,,,,,,,,,,,,,,
5.611444473266602,292.85,908800,532,11,52,-0.4023694225719997,970,0.17919057607650757,0.0024216010933741927,7e-05,0.009553103,0.11021205357142858,0.6712276191184563,0.1443343162536621,0.15,,,,,,,,,,,,,,,,,,,,,,,,,,,,,
5.7086029052734375,288.21,911360,524,12,58,-0.42516838816496044,973,0.2742907404899597,0.0017348813394514413,7e-05,0.0072248946,0.09885817307692307,0.49442043241399986,0.12609440088272095,0.15,,,,,,,,,,,,,,,,,,,,,,,,,,,,,
5.576005935668945,290.61,913920,502,13,66,-0.45580929721871466,977,0.23171669244766235,0.0016911066303106203,7e-05,0.011985857,0.1440496575342466,0.5187096120662069,0.08361376821994781,0.15,,,,,,,,,,,,,,,,,,,,,,,,,,,,,
5.534358024597168,293.02,916480,519,14,69,-0.4657940390435132,979,0.3538751006126404,0.0045273876325650645,7e-05,0.032470267,0.08025568181818182,0.45149054852398957,0.041096627712249756,0.15,,,,,,,,,,,,,,,,,,,,,,,,,,,,,
5.356319427490234,298.3,919040,494,15,77,-0.43855375081300735,984,0.17169034481048584,-0.000582043593749404,7e-05,0.008775779,0.1215625,0.7693664494529366,0.05430079251527786,0.15,,,,,,,,,,,,,,,,,,,,,,,,,,,,,
5.305871963500977,301.78,921600,516,16,79,-0.47844881415367124,985,0.20611107349395752,0.002266345452517271,7e-05,0.007941952,0.08359375,0.9200640931725502,0.15860405564308167,0.15,,,,,,,,,,,,,,,,,,,,,,,,,,,,,
5.309567451477051,301.62,924160,504,17,86,-0.4415596605111391,989,0.22183436155319214,0.0008236744130651156,7e-05,0.010806763,0.12700320512820512,0.9891846600848322,0.1797080636024475,0.15,,,,,,,,,,,,,,,,,,,,,,,,,,,,,
5.3573174476623535,302.52,926720,503,18,91,-0.4272292995452881,994,0.2931120991706848,-0.0026782310940325262,7e-05,0.013275852,0.119375,0.5901810387521982,0.011215176433324814,0.15,,,,,,,,,,,,,,,,,,,,,,,,,,,,,
5.281253814697266,304.91,929280,484,19,100,-0.4432350215315819,999,0.061439692974090576,-0.0005391611251980066,7e-05,0.0071774893,0.11984375,1.0437851900421082,0.12232695519924164,0.15,,,,,,,,,,,,,,,,,,,,,,,,,,,,,
5.2226104736328125,305.96,931840,493,20,103,-0.4461125507950783,1001,0.08790963888168335,0.003375195141416043,7e-05,0.010808977,0.111328125,1.0066884711122839,0.645018458366394,0.15,,,,,,,,,,,,,,,,,,,,,,,,,,,,,
,,,,,,-0.421844455457869,1003,0.12328958511352539,0.007039315422021207,7e-05,0.056614414,0.07366071428571429,0.7160714242075171,0.9969918727874756,0.15,,,,,,,,,0.76,2.9041732058842222,5.418336201831698,305.15,358400,3,0,96.33912756507607,,,,,,,,,,,,,
,,,,,,,,,,,,,,,,,,,,,,,,0.32,4.761171365810334,1.651595309600234,358.94,358400,3,1,119.61378014259058,,,,,,,,,,,,,
,,,,,,,,,,,,,,,,,,,,,,,,,,,,358400,3,,,157.3,0,6.75,0.76,0,0.44,0,0.76,0.76,0.0,0,0,0.32
5.21872091293335,307.96,934400,2107,1,1,,,,,,,,,,,3,1,11,0.011,358400,440,7e-05,15,,,,,,,,,,,,,,,,,,,,,
5.364078521728516,302.28,936960,690,2,7,-0.4401334262730783,1006,0.2132287621498108,0.0010836497766145488,7e-05,0.01244213,0.11101973684210527,0.6624160273686835,0.11712977290153503,0.15,,,,,,,,,,,,,,,,,,,,,,,,,,,,,
5.5523858070373535,300.0,939520,674,3,11,-0.4290296741657787,1008,0.13000893592834473,0.0005742129093656937,7e-05,0.005573712,0.07508680555555555,0.8700833577248785,0.26500651240348816,0.15,,,,,,,,,,,,,,,,,,,,,,,,,,,,,
5.493692398071289,302.25,942080,551,4,18,-0.43410812705755236,1013,0.10089284181594849,-0.005116720171645284,7e-05,0.008489626,0.130859375,0.851483767721802,0.9374841451644897,0.15,,,,,,,,,,,,,,,,,,,,,,,,,,,,,
5.555845737457275,299.01,944640,547,5,23,-0.41104854736477137,1017,0.25357258319854736,0.0007513325399486348,7e-05,0.016932085,0.1282958984375,0.5346373370557558,0.059026382863521576,0.15,,,,,,,,,,,,,,,,,,,,,,,,,,,,,
5.633339881896973,297.33,947200,615,6,24,-0.4115444208894457,1018,0.2693009376525879,0.0044415345681565145,7e-05,0.0066306484,0.09151785714285714,0.7067627374614988,0.1573179066181183,0.15,,,,,,,,,,,,,,,,,,,,,,,,,,,,,
5.612581729888916,295.51,949760,550,7,32,-0.43428226851898694,1023,0.04441678524017334,-0.0005313708932827349,7e-05,0.009607595,0.12406589673913043,0.7673381744357555,0.6003102660179138,0.15,,,,,,,,,,,,,,,,,,,,,,,,,,,,,
5.473151206970215,294.65,952320,593,8,34,-0.481430310342047,1024,0.5032076239585876,0.00352337925384442,7e-05,0.010610559,0.1267361111111111,0.7029522218637996,0.1824948489665985,0.15,,,,,,,,,,,,,,,,,,,,,,,,,,,,,
5.536374092102051,291.91,954880,576,9,39,-0.46675633422790036,1028,0.5930358171463013,0.0015861252172579689,7e-05,0.032524128,0.12436995967741936,0.5810723807362299,0.6029966473579407,0.15,,,,,,,,,,,,,,,,,,,,,,,,,,,,,
5.391140937805176,297.49,957440,530,10,48,-0.3859028834104538,1033,0.18684184551239014,-0.000758346188813448,7e-05,0.008875344,0.0928125,0.7837244096398354,0.20842024683952332,0.15,,,,,,,,,,,,,,,,,,,,,,,,,,,,,
5.268992900848389,298.93,960000,521,11,54,-0.40244759399382796,1037,0.3171307444572449,0.0022952005450354246,7e-05,0.038895,0.1255122950819672,0.6107608358085644,0.11921782046556473,0.15,,,,,,,,,,,,,,,,,,,,,,,,,,,,,
5.271916389465332,298.59,962560,520,12,59,-0.40872978068449917,1041,0.20976704359054565,0.000746029127827462,7e-05,0.015423415,0.09535845588235294,0.46528116865631414,0.0745810940861702,0.15,,,,,,,,,,,,,,,,,,,,,,,,,,,,,
5.344196796417236,295.33,965120,521,13,63,-0.38274944109736747,1044,0.2144187092781067,0.002996018736289357,7e-05,0.011976733,0.10878537735849056,0.6109971160525983,0.05126804858446121,0.15,,,,,,,,,,,,,,,,,,,,,,,,,,,,,
5.261867523193359,300.88,967680,498,14,71,-0.37932618483901026,1049,0.17533856630325317,0.0005211645318195224,7e-05,0.012056971,0.12078125,0.7239769124053419,0.9089178442955017,0.15,,,,,,,,,,,,,,,,,,,,,,,,,,,,,
5.0921502113342285,305.76,970240,505,15,75,-0.44144278087399225,1052,0.2381807565689087,0.00332210251045498,7e-05,0.018474229,0.126953125,0.5478046820922331,0.05919450521469116,0.15,,,,,,,,,,,,,,,,,,,,,,,,,,,,,
5.086069583892822,306.29,972800,522,16,78,-0.4208935675797639,1054,0.18448173999786377,0.005638491465813584,7e-05,0.010743211,0.10040509259259259,0.5201534007296518,0.042649995535612106,0.15,,,,,,,,,,,,,,,,,,,,,,,,,,,,,
5.269163608551025,302.32,975360,529,17,82,-0.4099161509010527,1056,0.3717016577720642,0.0029467043673826587,7e-05,0.009065479,0.09765625,0.7270104633644223,0.514714241027832,0.15,,,,,,,,,,,,,,,,,,,,,,,,,,,,,
5.027865886688232,306.78,977920,538,18,85,-0.4040442063952937,1058,0.3061925172805786,0.0020172375000335955,7e-05,0.011612425,0.109375,0.8110216655062906,1.010439395904541,0.15,,,,,,,,,,,,,,,,,,,,,,,,,,,,,
4.955611705780029,311.51,980480,521,19,93,-0.4287631446123123,1063,0.5160619020462036,-0.0009489722270518542,7e-05,0.0067428923,0.1190625,0.5860867148637772,0.0027815084904432297,0.15,,,,,,,,,,,,,,,,,,,,,,,,,,,,,
5.175306797027588,312.23,983040,529,20,96,-0.43774548056078894,1066,0.45593029260635376,0.0016155611431481792,7e-05,0.010939225,0.10370710784313726,0.6767861255097622,0.14467039704322815,0.15,,,,,,,,,,,,,,,,,,,,,,,,,,,,,
,,,,,,-0.45613145977258684,1071,0.46408480405807495,-0.0012731750402599573,7e-05,0.0063268715,0.1171875,1.1601654340699314,0.047887492924928665,0.15,,,,,,,,,0.57,3.3392777846075363,4.159613405168057,339.6,409600,3,0,104.27051356927326,,,,,,,,,,,,,
,,,,,,,,,,,,,,,,,,,,,,,,0.33,4.097769625740188,2.2216354412399233,358.74,409600,3,1,118.61219330237515,,,,,,,,,,,,,
,,,,,,,,,,,,,,,,,,,,,,,,,,,,409600,3,,,157.3,0,6.75,0.57,0,0.23999999999999994,0,0.57,0.57,0.0,0,0,0.33
4.778605937957764,320.88,985600,2075,1,1,,,,,,,,,,,3,1,11,0.011,409600,440,7e-05,15,,,,,,,,,,,,,,,,,,,,,
4.759554862976074,319.06,988160,1725,2,2,-0.5104589660962423,1072,0.7708474397659302,0.0033431849752863247,7e-05,0.0073209833,0.11979166666666667,0.2875790779789289,0.38247349858283997,0.15,,,,,,,,,,,,,,,,,,,,,,,,,,,,,
4.625199794769287,324.01,990720,1462,3,5,-0.4545731412039863,1073,0.5190945863723755,0.0038876265494359862,7e-05,0.0053794426,0.0842013888888889,0.9939595070512345,0.02969774231314659,0.15,,,,,,,,,,,,,,,,,,,,,,,,,,,,,
4.712029457092285,322.31,993280,1170,4,8,-0.4126577335927222,1075,0.45926541090011597,0.0018820048620303471,7e-05,0.009806477,0.10590277777777778,1.0438926504510972,0.20894533395767212,0.15,,,,,,,,,,,,,,,,,,,,,,,,,,,,,
4.496931076049805,328.88,995840,889,5,14,-0.4143700988105174,1080,0.6154897212982178,-0.0009937459665737794,7e-05,0.0132327415,0.09699789325842696,0.8566329812610083,1.329532265663147,0.15,,,,,,,,,,,,,,,,,,,,,,,,,,,,,
4.548017978668213,328.66,998400,666,6,23,-0.41922363311052324,1085,0.5891079902648926,-0.0012127385381609202,7e-05,0.008629123,0.11546875,0.9167041045427322,0.05438411980867386,0.15,,,,,,,,,,,,,,,,,,,,,,,,,,,,,
4.417039394378662,330.19,1000960,606,7,29,-0.4402357664975253,1089,0.20907080173492432,-0.0008101774645703179,7e-05,0.009824263,0.11191152597402597,2.0552779059711987,0.32761383056640625,0.15,,,,,,,,,,,,,,,,,,,,,,,,,,,,,
4.4770894050598145,327.31,1003520,639,8,32,-0.4638407462173038,1091,0.5255652666091919,0.005008767151998149,7e-05,0.015751794,0.09751157407407407,0.8388940723681891,0.16419288516044617,0.15,,,,,,,,,,,,,,,,,,,,,,,,,,,,,
4.4746012687683105,327.96,1006080,553,9,41,-0.4644385227560997,1096,0.20363348722457886,-0.0007777180708944798,7e-05,0.008060383,0.12984375,1.6984520833287389,0.0939914882183075,0.15,,,,,,,,,,,,,,,,,,,,,,,,,,,,,
4.393699645996094,329.79,1008640,558,10,45,-0.48685724811351044,1099,0.4773690700531006,0.00011754907826159863,7e-05,0.012643148,0.11253324468085106,1.0777296986668667,0.043576646596193314,0.15,,,,,,,,,,,,,,,,,,,,,,,,,,,,,
4.367891788482666,331.66,1011200,533,11,52,-0.4627744346857071,1104,0.3915422558784485,0.0004607068747282028,7e-05,0.007295535,0.11984375,1.0157991146296264,0.06315609067678452,0.15,,,,,,,,,,,,,,,,,,,,,,,,,,,,,
4.251791000366211,333.12,1013760,531,12,57,-0.4381696643500492,1107,0.12426269054412842,0.0004803432986654084,7e-05,0.010478278,0.1175915948275862,1.3001624312380264,1.841238021850586,0.15,,,,,,,,,,,,,,,,,,,,,,,,,,,,,
4.121030807495117,334.51,1016320,536,13,62,-0.4655028283596039,1109,0.29505789279937744,0.0034492379985749722,7e-05,0.008543776,0.114453125,0.9347108464222401,0.042293448001146317,0.15,,,,,,,,,,,,,,,,,,,,,,,,,,,,,
4.065406322479248,335.18,1018880,557,14,64,-0.46975416654632207,1111,0.610910177230835,0.004062148831075146,7e-05,0.045533482,0.09151785714285714,0.3226234485350904,0.026519816368818283,0.15,,,,,,,,,,,,,,,,,,,,,,,,,,,,,
4.198988437652588,335.81,1021440,545,15,70,-0.4693668249212665,1116,0.6500728130340576,0.0027355412481191717,7e-05,0.032622755,0.14293981481481483,0.356146738588534,0.031550634652376175,0.15,,,,,,,,,,,,,,,,,,,,,,,,,,,,,
4.026718616485596,341.69,1024000,567,16,72,-0.529839140176773,1117,0.28434526920318604,0.001952327974140644,7e-05,0.00928841,0.1125,1.870133101567626,0.13988050818443298,0.15,,,,,,,,,,,,,,,,,,,,,,,,,,,,,
3.952507734298706,345.08,1026560,562,17,77,-0.49454102568004443,1121,0.37314748764038086,0.002073243543829607,7e-05,0.015136055,0.1381340579710145,1.045899091247955,0.08627332746982574,0.15,,,,,,,,,,,,,,,,,,,,,,,,,,,,,
3.8687326908111572,349.19,1029120,571,18,80,-0.5211009625345469,1123,0.2746468782424927,0.003274175338447094,7e-05,0.012157653,0.123046875,1.1387084680027328,0.05177133530378342,0.15,,,,,,,,,,,,,,,,,,,,,,,,,,,,,
3.8174195289611816,352.41,1031680,577,19,84,-0.5237587055434352,1126,0.3991723656654358,0.0030174757475438323,7e-05,0.010259371,0.13875679347826086,0.8184716973615729,0.09288541972637177,0.15,,,,,,,,,,,,,,,,,,,,,,,,,,,,,
3.8297693729400635,351.39,1034240,577,20,88,-0.5106100091120092,1129,0.21037131547927856,0.0030862748532033547,7e-05,0.03240439,0.12176067073170732,1.1952425121988466,0.03226061910390854,0.15,,,,,,,,,,,,,,,,,,,,,,,,,,,,,
,,,,,,-0.48274014323949815,1134,-0.0431828498840332,-0.0018036027066409587,7e-05,0.0076451413,0.13375,1.629973732288927,0.059202149510383606,0.15,,,,,,,,,0.58,3.2336410788129757,4.189778570532798,350.99,460800,3,0,89.6111036646687,,,,,,,,,,,,,
,,,,,,,,,,,,,,,,,,,,,,,,0.29,4.923260360871112,1.128556052520871,375.3,460800,3,1,104.6600687941681,,,,,,,,,,,,,
,,,,,,,,,,,,,,,,,,,,,,,,,,,,460800,3,,,157.3,0,6.75,0.58,0,0.29,0,0.58,0.58,0.0,0,0,0.29
3.8462975025177,352.76,1036800,2088,1,1,,,,,,,,,,,3,1,11,0.011,460800,440,7e-05,15,,,,,,,,,,,,,,,,,,,,,
3.8742873668670654,355.05,1039360,538,2,9,-0.47098751336336137,1139,0.053089141845703125,-0.0031128694396466016,7e-05,0.0064222417,0.1240625,1.0260615236498416,0.00018231011927127838,0.15,,,,,,,,,,,,,,,,,,,,,,,,,,,,,
3.8142666816711426,357.38,1041920,467,3,16,-0.49760824352502825,1144,0.053102850914001465,-0.00019133116118609904,7e-05,0.008776589,0.1309375,1.1679697452671827,0.01331537589430809,0.15,,,,,,,,,,,,,,,,,,,,,,,,,,,,,
3.8147919178009033,358.54,1044480,446,4,22,-0.5121500082314014,1148,0.08228570222854614,-0.00047646557343088917,7e-05,0.011528338,0.12999131944444445,0.9797937743391635,0.041319191455841064,0.15,,,,,,,,,,,,,,,,,,,,,,,,,,,,,
3.878427743911743,360.84,1047040,499,5,25,-0.5230089128017426,1151,0.15569686889648438,-0.0013687598883457806,7e-05,0.014919662,0.13145380434782608,0.3016741038907481,0.03828625753521919,0.15,,,,,,,,,,,,,,,,,,,,,,,,,,,,,
3.8394405841827393,366.69,1049600,526,6,29,-0.4880135089159012,1153,-0.05778813362121582,0.0015715079382061959,7e-05,0.0078025833,0.087890625,1.624571903888136,0.28065353631973267,0.15,,,,,,,,,,,,,,,,,,,,,,,,,,,,,
4.184457302093506,358.5,1052160,555,7,32,-0.5324111355073524,1155,0.04723155498504639,0.0018936111168427901,7e-05,0.0077174804,0.10227272727272728,1.5334248331121423,1.99811851978302,0.15,,,,,,,,,,,,,,,,,,,,,,,,,,,,,
4.255162239074707,358.75,1054720,546,8,37,-0.5037475423443885,1160,0.0839993953704834,0.0007572543164271684,7e-05,0.026090126,0.14927455357142858,1.2980308620303513,0.12165361642837524,0.15,,,,,,,,,,,,,,,,,,,,,,,,,,,,,
4.3896026611328125,354.64,1057280,560,9,41,-0.4921062894557652,1162,0.06335079669952393,0.0026922573972689478,7e-05,0.008935461,0.11328125,0.8741765014925286,0.07784322649240494,0.15,,,,,,,,,,,,,,,,,,,,,,,,,,,,,
4.493399620056152,352.45,1059840,600,10,42,-0.505997930254255,1163,0.059807777404785156,0.005584221067173141,7e-05,0.0073216534,0.09151785714285714,1.227569009576525,0.12788543105125427,0.15,,,,,,,,,,,,,,,,,,,,,,,,,,,,,
4.636323928833008,347.63,1062400,589,11,47,-0.5187381517212346,1166,0.0767432451248169,5.974566107088665e-05,7e-05,0.011314452,0.13266509433962265,0.8940820424589064,0.09445662051439285,0.15,,,,,,,,,,,,,,,,,,,,,,,,,,,,,
4.885278701782227,341.31,1064960,549,12,55,-0.48476064294576643,1171,0.08041268587112427,0.0006115559162572027,7e-05,0.011122913,0.135390625,1.273865306209773,0.08125987648963928,0.15,,,,,,,,,,,,,,,,,,,,,,,,,,,,,
4.876450061798096,341.56,1067520,523,13,63,-0.451729553937912,1176,0.15362203121185303,-0.00132755808532238,7e-05,0.011483101,0.117109375,0.9735964302718639,0.01646956242620945,0.15,,,,,,,,,,,,,,,,,,,,,,,,,,,,,
4.825077056884766,341.98,1070080,550,14,65,-0.4801443134035383,1177,0.13889425992965698,0.002962555204119001,7e-05,0.0062455656,0.10379464285714286,0.7409402847822223,0.6442057490348816,0.15,,,,,,,,,,,,,,,,,,,,,,,,,,,,,
4.94002628326416,337.55,1072640,517,15,74,-0.463802247941494,1182,0.0960504412651062,-0.0015300398878753186,7e-05,0.0065401406,0.12046875,1.4515053192339837,0.026341792196035385,0.15,,,,,,,,,,,,,,,,,,,,,,,,,,,,,
5.068592548370361,332.25,1075200,530,16,77,-0.45579831026218554,1184,0.08432352542877197,0.005184412657938621,7e-05,0.015952865,0.12297453703703703,1.5441640732740913,0.6608170866966248,0.15,,,,,,,,,,,,,,,,,,,,,,,,,,,,,
5.156167030334473,325.8,1077760,532,17,81,-0.48038706618050736,1187,0.11065489053726196,-0.0015168017513739567,7e-05,0.00722632,0.07389322916666667,1.1478084372356534,0.1258941888809204,0.15,,,,,,,,,,,,,,,,,,,,,,,,,,,,,
5.1092529296875,324.76,1080320,525,18,87,-0.4718468060244375,1191,0.13938313722610474,-0.0015821855292836233,7e-05,0.014486463,0.09223414179104478,1.0225802614951311,1.570907473564148,0.15,,,,,,,,,,,,,,,,,,,,,,,,,,,,,
5.109718322753906,323.2,1082880,530,19,91,-0.4818992811170491,1194,0.2232736349105835,0.005980432753197171,7e-05,0.02750982,0.11825284090909091,0.87443598609587,0.10164652019739151,0.15,,,,,,,,,,,,,,,,,,,,,,,,,,,,,
4.95820951461792,328.38,1085440,538,20,95,-0.5142673486616554,1197,0.29293960332870483,0.002440413641856938,7e-05,0.036790565,0.1364329268292683,0.5600395855925432,0.04821464791893959,0.15,,,,,,,,,,,,,,,,,,,,,,,,,,,,,
,,,,,,-0.5384799213178696,1201,0.22505778074264526,-0.0007964708812294468,7e-05,0.022287142,0.14957157258064516,1.0670392795676185,0.0401172898709774,0.15,,,,,,,,,0.55,3.227265244112097,4.100214586406946,354.33,512000,3,0,91.76906395948473,,,,,,,,,,,,,
,,,,,,,,,,,,,,,,,,,,,,,,0.16,3.4021632875516974,0.7812168625742197,402.61,512000,3,1,87.51947154776474,,,,,,,,,,,,,
,,,,,,,,,,,,,,,,,,,,,,,,,,,,512000,3,,,157.3,0,6.75,0.55,0,0.39,0,0.55,0.55,0.0,0,0,0.16
4.961726665496826,329.01,1088000,1861,1,1,,,,,,,,,,,3,1,11,0.011,512000,440,7e-05,15,,,,,,,,,,,,,,,,,,,,,
4.95263671875,331.67,1090560,1091,2,4,-0.5370099482865169,1203,0.2604687213897705,0.0062650474880276055,7e-05,0.011099777,0.1349676724137931,0.8150088003483312,0.12283091247081757,0.15,,,,,,,,,,,,,,,,,,,,,,,,,,,,,
4.892185688018799,332.81,1093120,1150,3,6,-0.5185974061489105,1204,0.1766565442085266,0.0035467682406306266,7e-05,0.010231386,0.12109375,0.9274175051599741,0.1277330368757248,0.15,,,,,,,,,,,,,,,,,,,,,,,,,,,,,
4.939706802368164,333.91,1095680,544,4,18,-0.5437427869439125,1209,0.20008385181427002,-0.0014034860488027334,7e-05,0.005588029,0.11625,0.9869983578287065,0.06370152533054352,0.15,,,,,,,,,,,,,,,,,,,,,,,,,,,,,
4.81845760345459,336.05,1098240,584,5,21,-0.5262487928072611,1210,0.1166796088218689,0.008150318947931131,7e-05,0.011262543,0.17057291666666666,1.2382055022236373,0.09223248064517975,0.15,,,,,,,,,,,,,,,,,,,,,,,,,,,,,
4.705288887023926,338.14,1100800,554,6,27,-0.5347751385491827,1213,0.3115583062171936,0.0025677377074632955,7e-05,0.016107665,0.1370584239130435,0.7115322633889383,0.3244861662387848,0.15,,,,,,,,,,,,,,,,,,,,,,,,,,,,,
4.756231784820557,336.93,1103360,491,7,36,-0.5365797457098961,1218,0.31898248195648193,0.002286987900733948,7e-05,0.0075975233,0.122734375,1.0078465739544482,0.02890602871775627,0.15,,,,,,,,,,,,,,,,,,,,,,,,,,,,,
4.6181206703186035,340.24,1105920,466,8,43,-0.5660846471786499,1223,0.3249354958534241,-0.00207982269115746,7e-05,0.0075201793,0.143515625,1.1048235911224038,0.23816820979118347,0.15,,,,,,,,,,,,,,,,,,,,,,,,,,,,,
4.185520172119141,350.9,1108480,460,9,50,-0.5723112922075183,1228,0.31814825534820557,0.0006531535994348138,7e-05,0.012335408,0.14471293604651161,1.2520271955101296,0.10506720840930939,0.15,,,,,,,,,,,,,,,,,,,,,,,,,,,,,
4.0660080909729,354.74,1111040,458,10,55,-0.6050073798088467,1232,0.871157169342041,0.0014470684999490484,7e-05,0.01358103,0.15889246323529413,0.11459136955604396,0.0657092034816742,0.15,,,,,,,,,,,,,,,,,,,,,,,,,,,,,
3.9276351928710938,359.57,1113600,453,11,62,-0.5759592045371126,1237,0.4043794870376587,-0.002383591561782651,7e-05,0.025844626,0.13205030487804878,1.1970956011607152,0.13604646921157837,0.15,,,,,,,,,,,,,,,,,,,,,,,,,,,,,
3.5903592109680176,368.59,1116160,465,12,65,-0.6286059653759003,1241,0.8543187379837036,0.0005645670493443807,7e-05,0.010511202,0.1490625,0.11401853218364219,-0.0052705928683280945,0.15,,,,,,,,,,,,,,,,,,,,,,,,,,,,,
3.4615557193756104,370.93,1118720,468,13,71,-0.5903048070727802,1245,0.688848078250885,0.0012155487278445822,7e-05,0.034558028,0.15074282786885246,0.36778278956495103,0.012658209539949894,0.15,,,,,,,,,,,,,,,,,,,,,,,,,,,,,
3.4784152507781982,369.93,1121280,465,14,77,-0.6550592616200447,1250,0.7457326054573059,-0.00135841840878129,7e-05,0.00805465,0.182734375,0.22374432544806042,0.013373756781220436,0.15,,,,,,,,,,,,,,,,,,,,,,,,,,,,,
3.597731590270996,367.26,1123840,452,15,84,-0.5759166190028191,1255,0.3421776294708252,-0.003002057187259197,7e-05,0.008491608,0.13921875,1.3951742658019066,3.1956441402435303,0.15,,,,,,,,,,,,,,,,,,,,,,,,,,,,,
3.6981873512268066,359.95,1126400,438,16,93,-0.6006685587763786,1260,0.1874808669090271,-0.0032467816676944494,7e-05,0.007094686,0.13765625,1.9878014899417757,0.12764707207679749,0.15,,,,,,,,,,,,,,,,,,,,,,,,,,,,,
3.6788442134857178,360.28,1128960,436,17,99,-0.5747933375835419,1265,0.30584800243377686,-0.0020660557318478824,7e-05,0.0070247427,0.136171875,1.2317149679455905,2.803948163986206,0.15,,,,,,,,,,,,,,,,,,,,,,,,,,,,,
3.5307211875915527,363.9,1131520,442,18,104,-0.5779572354584206,1268,0.2046419382095337,0.0038236759875605745,7e-05,0.042295344,0.16291920731707318,1.6969973579412554,0.0811522901058197,0.15,,,,,,,,,,,,,,,,,,,,,,,,,,,,,
3.419083595275879,365.67,1134080,442,19,109,-0.606014593243599,1273,0.34417033195495605,-0.0013539369963109494,7e-05,0.00922585,0.151875,1.0130918685346841,0.04187687113881111,0.15,,,,,,,,,,,,,,,,,,,,,,,,,,,,,
3.4773013591766357,366.08,1136640,445,20,114,-0.5832409303067094,1276,0.5695723295211792,-0.0008116832192418938,7e-05,0.010836181,0.12023305084745763,0.4529111318574366,0.11499066650867462,0.15,,,,,,,,,,,,,,,,,,,,,,,,,,,,,
,,,,,,-0.6034866264462471,1281,0.35521793365478516,-0.0007834622543305158,7e-05,0.0070288433,0.145,1.0390281699411572,0.018790390342473984,0.15,,,,,,,,,0.49,3.1224453325862176,3.5843777929246428,378.71,563200,3,0,75.37443797468742,,,,,,,,,,,,,
,,,,,,,,,,,,,,,,,,,,,,,,0.35,4.00335938889824,2.3570490511506796,361.89,563200,3,1,111.11947579070016,,,,,,,,,,,,,
,,,,,,,,,,,,,,,,,,,,,,,,,,,,563200,3,,,157.3,0,6.75,0.49,0,0.14,0,0.49,0.49,0.0,0,0,0.35
3.409686326980591,369.76,1139200,2076,1,1,,,,,,,,,,,3,1,11,0.011,563200,440,7e-05,15,,,,,,,,,,,,,,,,,,,,,
3.276540517807007,373.66,1141760,685,2,7,-0.5997616559267044,1286,0.38405537605285645,-0.0019209287781268359,7e-05,0.0083139,0.16421875,0.8723821857199073,0.010847717523574829,0.15,,,,,,,,,,,,,,,,,,,,,,,,,,,,,
3.3804264068603516,375.09,1144320,515,3,14,-0.5807490721344948,1291,0.3440697193145752,-0.004095338489860296,7e-05,0.00741003,0.144921875,1.0268731901608408,0.007195170968770981,0.15,,,,,,,,,,,,,,,,,,,,,,,,,,,,,
3.690626621246338,368.74,1146880,533,4,19,-0.5481869045828209,1295,0.17628592252731323,-0.0013723207149104993,7e-05,0.037671804,0.17648565573770492,1.2791146679369152,0.02601638063788414,0.15,,,,,,,,,,,,,,,,,,,,,,,,,,,,,
3.829606533050537,367.53,1149440,561,5,22,-0.5522304610127494,1298,0.10000395774841309,-9.787832165048236e-05,7e-05,0.025626518,0.15252976190476192,1.7750006878659839,0.20971013605594635,0.15,,,,,,,,,,,,,,,,,,,,,,,,,,,,,
4.024703502655029,363.27,1152000,503,6,30,-0.5644921189546586,1303,0.06005048751831055,-0.0015258620865643024,7e-05,0.007423622,0.135625,1.4393128463812173,0.018539655953645706,0.15,,,,,,,,,,,,,,,,,,,,,,,,,,,,,
4.1241865158081055,359.17,1154560,511,7,35,-0.6092613974555594,1307,0.07292282581329346,0.0034083318820253747,7e-05,0.05385459,0.17699795081967212,1.126246879579591,0.046361181885004044,0.15,,,,,,,,,,,,,,,,,,,,,,,,,,,,,
4.2071685791015625,361.25,1157120,468,8,43,-0.5533469533920288,1312,0.018685758113861084,-0.0016318926122039557,7e-05,0.009390935,0.1378125,1.062228040592745,0.00240400992333889,0.15,,,,,,,,,,,,,,,,,,,,,,,,,,,,,
4.213062763214111,361.03,1159680,444,9,51,-0.5645645824074745,1317,0.08179682493209839,-0.00015966925770044327,7e-05,0.00855421,0.140625,1.0358848388586193,2.44592547416687,0.15,,,,,,,,,,,,,,,,,,,,,,,,,,,,,
4.131750106811523,364.65,1162240,429,10,59,-0.5610771563649177,1322,0.03267669677734375,-0.0007082614954560995,7e-05,0.0074179084,0.1346875,1.0838861328922211,0.0852065160870552,0.15,,,,,,,,,,,,,,,,,,,,,,,,,,,,,
4.1034321784973145,366.17,1164800,418,11,67,-0.5980002880096436,1327,0.21383333206176758,-0.0012452490291143038,7e-05,0.021332687,0.15135542168674698,1.0392797378127474,0.16680844128131866,0.15,,,,,,,,,,,,,,,,,,,,,,,,,,,,,
3.912899971008301,371.82,1167360,424,12,72,-0.5813303877741604,1330,0.13663679361343384,0.000835317234366627,7e-05,0.010676356,0.1347987288135593,0.9001995331718254,0.08573992550373077,0.15,,,,,,,,,,,,,,,,,,,,,,,,,,,,,
4.107109546661377,366.33,1169920,441,13,75,-0.6092592850327492,1332,0.02652275562286377,0.0037434402329381555,7e-05,0.012817738,0.16455078125,0.19487901456886902,0.05967222899198532,0.15,,,,,,,,,,,,,,,,,,,,,,,,,,,,,
4.235236644744873,362.79,1172480,426,14,84,-0.5697272586822509,1337,0.056030213832855225,-0.002972819712013006,7e-05,0.0061812177,0.114296875,1.2271814441122115,0.03420018404722214,0.15,,,,,,,,,,,,,,,,,,,,,,,,,,,,,
4.231839656829834,361.14,1175040,427,15,89,-0.6003952683861723,1342,0.08113545179367065,2.122628166503513e-06,7e-05,0.012563396,0.15455863402061856,1.0357334153323443,0.06825022399425507,0.15,,,,,,,,,,,,,,,,,,,,,,,,,,,,,
4.424912452697754,356.98,1177600,421,16,97,-0.5816603150963783,1347,0.1348704695701599,-0.0017163185589015484,7e-05,0.0073624677,0.1471875,0.6898373397625983,-0.006433427333831787,0.15,,,,,,,,,,,,,,,,,,,,,,,,,,,,,
4.4516191482543945,353.08,1180160,415,17,104,-0.5900852137804031,1352,0.0787498950958252,-0.0013157844822853804,7e-05,0.008541532,0.160234375,1.3289127308502793,0.013366551138460636,0.15,,,,,,,,,,,,,,,,,,,,,,,,,,,,,
4.33829402923584,355.28,1182720,413,18,111,-0.5641381955146789,1357,0.0604093074798584,-0.0029849604796618225,7e-05,0.008561853,0.135859375,1.0505882325582205,0.14539740979671478,0.15,,,,,,,,,,,,,,,,,,,,,,,,,,,,,
4.272062301635742,357.5,1185280,420,19,115,-0.5716605863787911,1360,0.09576481580734253,0.001916403120214289,7e-05,0.014715787,0.1397372159090909,0.7531467537734319,0.057791925966739655,0.15,,,,,,,,,,,,,,,,,,,,,,,,,,,,,
4.265998363494873,357.32,1187840,417,20,122,-0.588080832362175,1365,0.11306905746459961,-0.0011783245578408242,7e-05,0.009992046,0.158515625,0.7322367158904671,-0.00035972148180007935,0.15,,,,,,,,,,,,,,,,,,,,,,,,,,,,,
,,,,,,-0.5283510175347328,1370,0.0682632327079773,-0.0013581794872879983,7e-05,0.0064756526,0.1228125,0.9848634287901222,0.011325102299451828,0.15,,,,,,,,,0.66,3.144519641859089,4.715905455537141,342.67,614400,3,0,87.16582529867999,,,,,,,,,,,,,
,,,,,,,,,,,,,,,,,,,,,,,,0.34,3.862507231667179,2.4179839333565907,361.84,614400,3,1,113.6189878497428,,,,,,,,,,,,,
,,,,,,,,,,,,,,,,,,,,,,,,,,,,614400,3,,,157.3,0,6.75,0.66,0,0.32,0,0.66,0.66,0.0,0,0,0.34
4.393897533416748,352.24,1190400,2047,1,1,,,,,,,,,,,3,1,11,0.011,614400,440,7e-05,15,,,,,,,,,,,,,,,,,,,,,
4.614809036254883,343.76,1192960,511,2,10,-0.5345932757854461,1375,0.14374881982803345,-0.002296274397522211,7e-05,0.0074123805,0.11,1.3878048143908381,0.11014881730079651,0.15,,,,,,,,,,,,,,,,,,,,,,,,,,,,,
4.488656997680664,347.38,1195520,474,3,16,-0.5116979703307152,1380,0.18679678440093994,-0.001371734794229269,7e-05,0.0059905257,0.09765625,1.1673905861377716,0.10829005390405655,0.15,,,,,,,,,,,,,,,,,,,,,,,,,,,,,
4.654094696044922,343.96,1198080,424,4,24,-0.5312189897894859,1385,0.1563844084739685,-0.0011629123985767364,7e-05,0.005894889,0.109296875,1.1926127868518233,0.08178648352622986,0.15,,,,,,,,,,,,,,,,,,,,,,,,,,,,,
4.781466484069824,340.07,1200640,399,5,32,-0.5174257385730744,1390,0.1989802122116089,-0.002024254575371742,7e-05,0.00805703,0.125390625,1.1323048060201109,-0.010676983743906021,0.15,,,,,,,,,,,,,,,,,,,,,,,,,,,,,
4.670003414154053,341.05,1203200,435,6,35,-0.5316991767822168,1392,0.16863906383514404,0.0038730327087717177,7e-05,0.011968103,0.16466346153846154,1.0107674405026512,0.05495341122150421,0.15,,,,,,,,,,,,,,,,,,,,,,,,,,,,,
4.597464084625244,343.36,1205760,456,7,39,-0.5278486505150795,1394,0.4398525357246399,0.00336856700014323,7e-05,0.011643839,0.1390625,0.5821764533757232,-0.018332570791244507,0.15,,,,,,,,,,,,,,,,,,,,,,,,,,,,,
4.466245651245117,345.27,1208320,438,8,46,-0.5374620425701141,1399,0.1545906662940979,-0.00030691294930875303,7e-05,0.0107352,0.133203125,1.2855084977671505,2.050877571105957,0.15,,,,,,,,,,,,,,,,,,,,,,,,,,,,,
4.435154914855957,347.54,1210880,443,9,51,-0.5560576032709192,1404,0.4619792103767395,-0.0007003262110146475,7e-05,0.033296157,0.13097993827160495,0.3694742278161424,0.0553954541683197,0.15,,,,,,,,,,,,,,,,,,,,,,,,,,,,,
4.188748359680176,352.53,1213440,433,10,59,-0.5574090942740441,1409,0.20209121704101562,-0.003509147875010967,7e-05,0.007396878,0.148828125,0.8777984089776873,0.0009923726320266724,0.15,,,,,,,,,,,,,,,,,,,,,,,,,,,,,
4.055139064788818,356.99,1216000,425,11,66,-0.5645458510518074,1414,0.4184681177139282,-0.004599328339099884,7e-05,0.00748766,0.116640625,0.6049277539993636,0.07778098434209824,0.15,,,,,,,,,,,,,,,,,,,,,,,,,,,,,
4.069741725921631,360.2,1218560,446,12,68,-0.5775499696081335,1416,0.35140496492385864,0.0035790556646657715,7e-05,0.01102219,0.12878787878787878,0.672863240381985,0.050343792885541916,0.15,,,,,,,,,,,,,,,,,,,,,,,,,,,,,
4.124724864959717,359.1,1221120,430,13,77,-0.569588797390461,1421,0.14088869094848633,-0.0014107059221714735,7e-05,0.010880995,0.15359375,1.2615838430449366,0.14033962786197662,0.15,,,,,,,,,,,,,,,,,,,,,,,,,,,,,
4.171737194061279,357.98,1223680,423,14,84,-0.5747441619634628,1426,0.1655096411705017,-0.002436681925319135,7e-05,0.0072267614,0.142734375,1.2787172711268067,0.05894281715154648,0.15,,,,,,,,,,,,,,,,,,,,,,,,,,,,,
4.0910749435424805,361.66,1226240,426,15,90,-0.5794504523277283,1429,0.12700766324996948,0.0008446475335707267,7e-05,0.010254581,0.13919270833333333,1.439736174015949,0.06008666008710861,0.15,,,,,,,,,,,,,,,,,,,,,,,,,,,,,
4.007155418395996,366.47,1228800,418,16,97,-0.5634899386763572,1434,0.02459007501602173,-0.002970439996570349,7e-05,0.008116649,0.13,1.302788420058787,0.005941040348261595,0.15,,,,,,,,,,,,,,,,,,,,,,,,,,,,,
3.9377810955047607,367.93,1231360,413,17,105,-0.49346368193626405,1439,0.1484554409980774,-0.002041620248928666,7e-05,0.0076471632,0.11953125,1.1586720800958574,0.042603444308042526,0.15,,,,,,,,,,,,,,,,,,,,,,,,,,,,,
4.122194766998291,363.22,1233920,426,18,108,-0.48792987025302387,1441,-0.009117722511291504,0.004764107136946657,7e-05,0.018482061,0.12330163043478261,1.4185130288419516,0.05623619258403778,0.15,,,,,,,,,,,,,,,,,,,,,,,,,,,,,
4.113847255706787,363.11,1236480,417,19,116,-0.49780682116746905,1446,-0.029225826263427734,-0.0038486557174474,7e-05,0.0055708275,0.10125,1.5854737244546413,2.1013474464416504,0.15,,,,,,,,,,,,,,,,,,,,,,,,,,,,,
4.436861515045166,355.59,1239040,417,20,122,-0.505667670071125,1451,0.07131212949752808,-0.0021755660325288775,7e-05,0.010141717,0.1190625,0.7932487147860229,0.016281263902783394,0.15,,,,,,,,,,,,,,,,,,,,,,,,,,,,,
,,,,,,-0.49397822976112366,1456,0.020917057991027832,-0.0005617132689803839,7e-05,0.004579605,0.11109375,1.2922384234145283,0.4810860753059387,0.15,,,,,,,,,0.78,2.708613282832749,5.582756654918194,305.08,665600,3,0,90.88758771141414,,,,,,,,,,,,,
,,,,,,,,,,,,,,,,,,,,,,,,0.3,4.172765642829967,1.8316513178125025,366.91,665600,3,1,112.69934294395865,,,,,,,,,,,,,
,,,,,,,,,,,,,,,,,,,,,,,,,,,,665600,3,,,157.3,0,6.75,0.78,0,0.48000000000000004,0,0.78,0.78,0.0,0,0,0.3
4.646477222442627,349.19,1241600,2245,1,1,,,,,,,,,,,3,1,11,0.011,665600,440,7e-05,15,,,,,,,,,,,,,,,,,,,,,
4.795284271240234,345.61,1244160,527,2,9,-0.4957770493626594,1461,0.24323850870132446,-0.0036060515232384203,7e-05,0.006388376,0.110390625,1.2644710113480686,0.20186644792556763,0.15,,,,,,,,,,,,,,,,,,,,,,,,,,,,,
4.9232025146484375,338.28,1246720,460,3,16,-0.4799805438518524,1466,0.3421747088432312,-0.0028070196602493526,7e-05,0.0076957755,0.1203125,0.8581544232508168,-0.009536908008158207,0.15,,,,,,,,,,,,,,,,,,,,,,,,,,,,,
4.878979206085205,334.07,1249280,503,4,20,-0.4980005919933319,1468,0.11443924903869629,0.002346213065808819,7e-05,0.014802412,0.14138104838709678,0.8780475285865607,0.09939207881689072,0.15,,,,,,,,,,,,,,,,,,,,,,,,,,,,,
5.122036933898926,322.96,1251840,441,5,28,-0.47313098818063737,1473,0.07802945375442505,-0.0023942849971354007,7e-05,0.006874186,0.122109375,0.7989654828980565,0.054559845477342606,0.15,,,,,,,,,,,,,,,,,,,,,,,,,,,,,
5.000507831573486,324.76,1254400,469,6,32,-0.4797381090151297,1475,0.0950133204460144,0.0033753432484494674,7e-05,0.0114422375,0.13682432432432431,1.0781485170528695,0.0755714401602745,0.15,,,,,,,,,,,,,,,,,,,,,,,,,,,,,
4.883498668670654,323.86,1256960,439,7,40,-0.49888342291116716,1480,0.11617934703826904,-0.0011256108433008193,7e-05,0.010615646,0.12671875,0.44634516689926385,2.036623954772949,0.15,,,,,,,,,,,,,,,,,,,,,,,,,,,,,
4.827418327331543,325.19,1259520,431,8,47,-0.49282616816583225,1484,0.12393313646316528,0.002079820153532458,7e-05,0.0430656,0.12333504098360656,1.0645054003803944,0.0700206309556961,0.15,,,,,,,,,,,,,,,,,,,,,,,,,,,,,
4.812726020812988,322.47,1262080,413,9,55,-0.5235744950175285,1489,0.17484700679779053,-0.001337163746356964,7e-05,0.008004871,0.122421875,0.9122156867384911,0.1315118372440338,0.15,,,,,,,,,,,,,,,,,,,,,,,,,,,,,
4.928673267364502,318.59,1264640,397,10,64,-0.45775793316543745,1494,0.08025050163269043,-0.0036278122495259006,7e-05,0.010454802,0.1183635752688172,1.2040529711151957,0.45206472277641296,0.15,,,,,,,,,,,,,,,,,,,,,,,,,,,,,
4.751592636108398,322.15,1267200,390,11,72,-0.4046392932534218,1499,0.06489700078964233,-0.001229278575628996,7e-05,0.0076106205,0.09921875,1.3195165024697781,-0.010504607111215591,0.15,,,,,,,,,,,,,,,,,,,,,,,,,,,,,
4.8616180419921875,315.39,1269760,389,12,78,-0.4025416551157832,1504,-0.03596198558807373,-0.0009113356451659153,7e-05,0.0100776255,0.0986328125,0.5765393514351066,1.5499825477600098,0.15,,,,,,,,,,,,,,,,,,,,,,,,,,,,,
4.801764965057373,313.98,1272320,377,13,88,-0.39798439532518387,1509,0.08124923706054688,2.710193395614624e-05,7e-05,0.004741572,0.1015625,1.1567319425195455,0.18294388055801392,0.15,,,,,,,,,,,,,,,,,,,,,,,,,,,,,
4.817954063415527,311.78,1274880,366,14,97,-0.3970564019680023,1514,0.1889173984527588,-0.0028746893629431726,7e-05,0.006541883,0.089765625,1.192176642715931,0.11763767898082733,0.15,,,,,,,,,,,,,,,,,,,,,,,,,,,,,
4.95620059967041,308.17,1277440,376,15,101,-0.3928100646928299,1517,0.3021756410598755,0.0012755704783769541,7e-05,0.01791679,0.10356104651162791,0.6044961694021558,0.04346780478954315,0.15,,,,,,,,,,,,,,,,,,,,,,,,,,,,,
5.246137619018555,299.92,1280000,389,16,105,-0.4264117407798767,1519,0.35383254289627075,0.0009969574585556983,7e-05,0.026312763,0.0546875,0.6786832275986672,0.10402985662221909,0.15,,,,,,,,,,,,,,,,,,,,,,,,,,,,,
5.378111362457275,297.49,1282560,379,17,114,-0.4031180402636528,1524,0.31962841749191284,0.0006398536544293165,7e-05,0.0063008196,0.0975,1.0602976420521737,0.6428576707839966,0.15,,,,,,,,,,,,,,,,,,,,,,,,,,,,,
5.477177619934082,292.65,1285120,372,18,123,-0.41626404494047164,1529,0.4900900721549988,-0.002264872621744871,7e-05,0.008593021,0.100234375,0.6703345884755254,0.19154348969459534,0.15,,,,,,,,,,,,,,,,,,,,,,,,,,,,,
5.553369522094727,289.62,1287680,372,19,130,-0.4028180902928449,1534,0.4884151220321655,-0.0005236540638496366,7e-05,0.007311836,0.11069171348314606,0.7079146917323383,0.19224631786346436,0.15,,,,,,,,,,,,,,,,,,,,,,,,,,,,,
5.705970287322998,288.64,1290240,379,20,134,-0.37475591112266887,1537,0.3264942765235901,0.0005705532702532681,7e-05,0.0065464233,0.07883522727272728,0.5524494663558223,0.10562018305063248,0.15,,,,,,,,,,,,,,,,,,,,,,,,,,,,,
,,,,,,-0.40665602892637254,1542,0.2701113224029541,0.00013340873643755914,7e-05,0.009553211,0.099609375,0.553299804199487,0.020332733169198036,0.15,,,,,,,,,0.73,3.25862735861227,5.229308362659067,303.77,716800,3,0,102.35388170460367,,,,,,,,,,,,,
,,,,,,,,,,,,,,,,,,,,,,,,0.38,4.473682398778032,2.440856572110206,345.18,716800,3,1,122.37118778536065,,,,,,,,,,,,,
,,,,,,,,,,,,,,,,,,,,,,,,,,,,716800,3,,,157.3,0,6.75,0.73,0,0.35,0,0.73,0.73,0.0,0,0,0.38
5.6613969802856445,287.59,1292800,2227,1,1,,,,,,,,,,,3,1,11,0.011,716800,440,7e-05,15,,,,,,,,,,,,,,,,,,,,,
5.734252452850342,283.1,1295360,531,2,9,-0.41704253643751144,1547,0.30468636751174927,-0.0024120776448398828,7e-05,0.0053940634,0.09828125,0.7609707043319941,0.5625049471855164,0.15,,,,,,,,,,,,,,,,,,,,,,,,,,,,,
5.703887462615967,282.38,1297920,557,3,13,-0.4200617962953996,1550,0.6127329468727112,0.0013719387732598247,7e-05,0.010745975,0.09151785714285714,0.5897814886910575,0.2878091335296631,0.15,,,,,,,,,,,,,,,,,,,,,,,,,,,,,
5.560049533843994,288.77,1300480,440,4,23,-0.41891940265893934,1555,0.41819679737091064,-0.0011254829075187445,7e-05,0.005413031,0.091875,0.8074449309706688,0.03975069522857666,0.15,,,,,,,,,,,,,,,,,,,,,,,,,,,,,
5.647683620452881,284.65,1303040,403,5,31,-0.42011843125025433,1560,0.43831866979599,0.0013484400697052479,7e-05,0.016076282,0.10714285714285714,1.0396189917588519,0.18009154498577118,0.15,,,,,,,,,,,,,,,,,,,,,,,,,,,,,
5.897408962249756,281.15,1305600,413,6,37,-0.4144772295004282,1564,0.3537070155143738,0.0011501282166976195,7e-05,0.010838643,0.12209535256410256,0.6189215660859377,0.110083669424057,0.15,,,,,,,,,,,,,,,,,,,,,,,,,,,,,
5.837711811065674,282.4,1308160,402,7,44,-0.4168655821367314,1568,0.012140035629272461,0.0017099642488909396,7e-05,0.009219518,0.12222450657894737,1.0648832535371184,0.2415265589952469,0.15,,,,,,,,,,,,,,,,,,,,,,,,,,,,,
5.932736396789551,278.85,1310720,398,8,51,-0.4216056034351007,1572,0.41002321243286133,-8.35361126332711e-05,7e-05,0.007580965,0.13090945512820512,0.6266641497898561,0.09068584442138672,0.15,,,,,,,,,,,,,,,,,,,,,,,,,,,,,
5.791106700897217,283.86,1313280,375,9,61,-0.40750482589006426,1577,0.2606191635131836,-0.002687040977180004,7e-05,0.005265237,0.09453125,0.7359412830322981,0.4883769154548645,0.15,,,,,,,,,,,,,,,,,,,,,,,,,,,,,
5.644122123718262,289.01,1315840,379,10,67,-0.3770464630424976,1582,0.17968660593032837,-0.0015021991077810526,7e-05,0.007249569,0.09984375,0.40789750043302775,0.027059314772486687,0.15,,,,,,,,,,,,,,,,,,,,,,,,,,,,,
5.8088698387146,280.88,1318400,362,11,77,-0.38123099446296693,1587,0.2340272068977356,-0.0008357529621571303,7e-05,0.0056499867,0.094921875,0.6795021162554622,0.029377318918704987,0.15,,,,,,,,,,,,,,,,,,,,,,,,,,,,,
5.8007941246032715,283.06,1320960,361,12,84,-0.36591487646102905,1592,0.224151611328125,-0.0009615011140704155,7e-05,0.0052335025,0.081796875,0.8126369538903236,0.04090247303247452,0.15,,,,,,,,,,,,,,,,,,,,,,,,,,,,,
5.966917514801025,281.2,1323520,377,13,88,-0.37991899417506325,1594,0.24277812242507935,0.0032696851736141574,7e-05,0.009163853,0.09526909722222222,0.7349147204206221,0.24306820333003998,0.15,,,,,,,,,,,,,,,,,,,,,,,,,,,,,
5.977963924407959,282.26,1326080,393,14,91,-0.3564467971975153,1596,0.23341888189315796,0.001748500137843869,7e-05,0.02690611,0.09694602272727272,1.0091847078874707,0.3871299922466278,0.15,,,,,,,,,,,,,,,,,,,,,,,,,,,,,
5.775106906890869,286.49,1328640,406,15,94,-0.399123857036615,1598,0.4082385301589966,-0.0002379499566860688,7e-05,0.009885868,0.09014423076923077,0.7787096729645362,0.24723771214485168,0.15,,,,,,,,,,,,,,,,,,,,,,,,,,,,,
5.641583442687988,290.84,1331200,419,16,97,-0.4245127197355032,1600,0.6689047813415527,0.0018207976827397943,7e-05,0.011315648,0.09326171875,0.5550144867156632,0.5143502950668335,0.15,,,,,,,,,,,,,,,,,,,,,,,,,,,,,
5.5138959884643555,294.36,1333760,418,17,103,-0.3726373634794179,1604,0.34309983253479004,0.001814808669116567,7e-05,0.017898144,0.11339613970588236,0.7254583034390474,0.17026126384735107,0.15,,,,,,,,,,,,,,,,,,,,,,,,,,,,,
5.405008316040039,295.18,1336320,412,18,111,-0.35055599480867383,1609,0.5112119913101196,0.0006585615780204534,7e-05,0.008589994,0.112734375,0.4696875028312206,0.06656074523925781,0.15,,,,,,,,,,,,,,,,,,,,,,,,,,,,,
5.4930830001831055,294.96,1338880,397,19,122,-0.3754582726955414,1614,0.3264290690422058,-0.0005762024782598018,7e-05,0.00757599,0.102578125,1.0273498923517763,1.0022825002670288,0.15,,,,,,,,,,,,,,,,,,,,,,,,,,,,,
5.497961044311523,294.89,1341440,391,20,130,-0.38756643772125243,1619,0.43296992778778076,0.001922449916601181,7e-05,0.0057503865,0.118828125,0.8185062951222062,0.004025992006063461,0.15,,,,,,,,,,,,,,,,,,,,,,,,,,,,,
,,,,,,-0.38739870995283127,1624,0.19006091356277466,0.0003899031132459641,7e-05,0.010578601,0.11734375,0.9646260635787621,0.5234807133674622,0.15,,,,,,,,,0.74,3.075792188489293,5.391437544114888,297.04,768000,3,0,105.61163951004643,,,,,,,,,,,,,
,,,,,,,,,,,,,,,,,,,,,,,,0.36,4.445004248690545,2.3216505845822395,348.1,768000,3,1,123.67744337590425,,,,,,,,,,,,,
,,,,,,,,,,,,,,,,,,,,,,,,,,,,768000,3,,,157.3,0,6.75,0.74,0,0.38,0,0.74,0.74,0.0,0,0,0.36
5.692807197570801,291.11,1344000,2077,1,1,,,,,,,,,,,3,1,11,0.011,768000,440,7e-05,15,,,,,,,,,,,,,,,,,,,,,
5.676846504211426,292.83,1346560,596,2,8,-0.36373233184218406,1629,0.4555997848510742,-0.00033528754487633706,7e-05,0.0063212737,0.08734375,0.9587216912209988,0.17450948059558868,0.15,,,,,,,,,,,,,,,,,,,,,,,,,,,,,
5.527399063110352,296.55,1349120,503,3,15,-0.4003307640552521,1634,0.575737714767456,0.0002989723160862923,7e-05,0.007357604,0.1134375,0.8025385608896614,0.0612771101295948,0.15,,,,,,,,,,,,,,,,,,,,,,,,,,,,,
5.5070295333862305,299.47,1351680,480,4,21,-0.4116601853659659,1638,0.4314838647842407,0.0011243777716475906,7e-05,0.02485407,0.10724431818181818,0.9070529620530028,0.37582510709762573,0.15,,,,,,,,,,,,,,,,,,,,,,,,,,,,,
5.516021251678467,298.03,1354240,432,5,29,-0.37283429861068723,1643,0.1867164969444275,-0.002535416865721345,7e-05,0.005282245,0.083046875,1.0910878272354603,0.15203680098056793,0.15,,,,,,,,,,,,,,,,,,,,,,,,,,,,,
5.623430252075195,299.04,1356800,411,6,37,-0.3890992012619972,1648,0.23760998249053955,-0.0005370874144136905,7e-05,0.008638859,0.11671875,0.7457016514241696,0.20119412243366241,0.15,,,,,,,,,,,,,,,,,,,,,,,,,,,,,
5.951977729797363,291.92,1359360,381,7,46,-0.392515212893486,1653,0.12055951356887817,-0.0007627322711050511,7e-05,0.0072166277,0.0925,0.9820539261586965,0.6976467370986938,0.15,,,,,,,,,,,,,,,,,,,,,,,,,,,,,
6.009125232696533,290.54,1361920,367,8,55,-0.42911068826913834,1658,0.030961036682128906,1.7609507776796817e-05,7e-05,0.006989683,0.09,0.8776900742389262,1.0251014232635498,0.15,,,,,,,,,,,,,,,,,,,,,,,,,,,,,
6.023430347442627,288.01,1364480,351,9,65,-0.40479031205177307,1663,0.15344882011413574,-0.0006206631381064653,7e-05,0.008633977,0.098984375,0.7619397169537843,0.5237231850624084,0.15,,,,,,,,,,,,,,,,,,,,,,,,,,,,,
5.929686069488525,293.2,1367040,350,10,73,-0.4199303761124611,1668,0.3137664198875427,-0.002304137013852596,7e-05,0.008872162,0.122421875,0.5320949137955904,0.00382400956004858,0.15,,,,,,,,,,,,,,,,,,,,,,,,,,,,,
5.803308010101318,293.72,1369600,369,11,76,-0.4250184412925474,1670,0.42925089597702026,0.007959377801706713,7e-05,0.023471547,0.10987903225806452,0.6843086831992672,0.19161856174468994,0.15,,,,,,,,,,,,,,,,,,,,,,,,,,,,,
5.813714981079102,292.23,1372160,360,12,85,-0.4243936064839363,1675,0.1834164261817932,-0.00017509137280285358,7e-05,0.0047985646,0.103359375,0.7685866698995233,0.6929689049720764,0.15,,,,,,,,,,,,,,,,,,,,,,,,,,,,,
5.804892063140869,288.58,1374720,356,13,93,-0.43126648396253586,1680,0.3294883370399475,-0.00028212019242346287,7e-05,0.0077864258,0.116640625,0.8604260940104723,0.6589512825012207,0.15,,,,,,,,,,,,,,,,,,,,,,,,,,,,,
5.932207107543945,286.46,1377280,365,14,97,-0.4653454257891728,1684,0.19970852136611938,0.0004541091907482881,7e-05,0.015341761,0.0998798076923077,0.6773600767438228,0.6828460097312927,0.15,,,,,,,,,,,,,,,,,,,,,,,,,,,,,
5.750295639038086,290.49,1379840,379,15,101,-0.437986250434603,1686,0.19573873281478882,0.0002039402723312378,7e-05,0.009767073,0.1046875,0.8428178114550454,0.11298304051160812,0.15,,,,,,,,,,,,,,,,,,,,,,,,,,,,,
5.773444175720215,287.58,1382400,386,16,105,-0.46767994915616923,1689,0.14886879920959473,0.0008412495512386848,7e-05,0.007848393,0.11893857758620689,0.5467579920358699,0.11512574553489685,0.15,,,,,,,,,,,,,,,,,,,,,,,,,,,,,
5.700965404510498,289.09,1384960,383,17,113,-0.46551602379399903,1694,0.14071106910705566,0.0025650931959401587,7e-05,0.0069374945,0.11407844387755102,0.7809009846603993,0.2534821629524231,0.15,,,,,,,,,,,,,,,,,,,,,,,,,,,,,
5.725050449371338,284.26,1387520,377,18,122,-0.46489874601364134,1699,0.22270464897155762,0.0010250419564545154,7e-05,0.009116867,0.132421875,0.7156475341320038,0.010228116065263748,0.15,,,,,,,,,,,,,,,,,,,,,,,,,,,,,
5.714844226837158,285.9,1390080,368,19,131,-0.42327346444129943,1704,0.18499541282653809,-0.0011859302408993243,7e-05,0.005859875,0.106796875,0.9285829451680183,0.8171961903572083,0.15,,,,,,,,,,,,,,,,,,,,,,,,,,,,,
5.703161239624023,288.44,1392640,368,20,139,-0.4549731546640396,1709,0.24122929573059082,-0.0011281631886959076,7e-05,0.007193774,0.11984375,0.5634320284612477,0.057670965790748596,0.15,,,,,,,,,,,,,,,,,,,,,,,,,,,,,
,,,,,,-0.4578071889281273,1714,0.18794965744018555,-0.0026340949442237617,7e-05,0.008255645,0.097421875,0.7178973122686148,0.09618622064590454,0.15,,,,,,,,,0.86,2.4372032235049117,6.22807488238439,267.49,819200,3,0,89.38338715891226,,,,,,,,,,,,,
,,,,,,,,,,,,,,,,,,,,,,,,0.52,3.895067556945421,3.991003168714233,302.01,819200,3,1,134.29769134277774,,,,,,,,,,,,,
,,,,,,,,,,,,,,,,,,,,,,,,,,,,819200,3,,,157.3,0,6.75,0.86,0,0.33999999999999997,0,0.86,0.86,0.0,0,0,0.52
5.880043983459473,283.94,1395200,2099,1,1,,,,,,,,,,,3,1,11,0.011,819200,440,7e-05,15,,,,,,,,,,,,,,,,,,,,,
5.966229438781738,279.9,1397760,474,2,10,-0.4352988350391388,1719,0.2787633538246155,-0.0015533183701336383,7e-05,0.004264994,0.10203125,0.8580951661616564,0.4394356608390808,0.15,,,,,,,,,,,,,,,,,,,,,,,,,,,,,
6.039053916931152,276.84,1400320,358,3,21,-0.4470451214909554,1724,0.4585188627243042,-0.0016608342621475458,7e-05,0.0052787545,0.090703125,0.657657583206892,0.4434632956981659,0.15,,,,,,,,,,,,,,,,,,,,,,,,,,,,,
6.009255409240723,277.86,1402880,303,4,33,-0.453665771484375,1729,0.36989885568618774,-0.003461156850680709,7e-05,0.009063171,0.099140625,0.5398857764713466,0.36200645565986633,0.15,,,,,,,,,,,,,,,,,,,,,,,,,,,,,
5.95639181137085,276.62,1405440,358,5,35,-0.45936169028282164,1730,0.2671659588813782,0.004729592675964038,7e-05,0.0052732895,0.0890625,0.41578770776589713,0.18941420316696167,0.15,,,,,,,,,,,,,,,,,,,,,,,,,,,,,
5.875493049621582,279.49,1408000,361,6,42,-0.4850165604760772,1734,0.2892967462539673,-2.1800337555377108e-05,7e-05,0.011366571,0.12191611842105263,0.3734515178948641,0.10644371062517166,0.15,,,,,,,,,,,,,,,,,,,,,,,,,,,,,
6.030477523803711,273.47,1410560,344,7,52,-0.40122772485017777,1739,0.2791398763656616,-0.002036193246021867,7e-05,0.005719045,0.08625,0.6667141628824175,0.8683104515075684,0.15,,,,,,,,,,,,,,,,,,,,,,,,,,,,,
6.1321210861206055,267.61,1413120,319,8,64,-0.3986510434746742,1744,0.31179195642471313,-0.002122472943738103,7e-05,0.004468093,0.092109375,0.7627206311002374,0.013971401378512383,0.15,,,,,,,,,,,,,,,,,,,,,,,,,,,,,
6.141182899475098,267.07,1415680,313,9,73,-0.3811334505677223,1749,0.36727261543273926,-0.0010153778735548257,7e-05,0.0052275187,0.080625,0.7972036786749959,0.39804893732070923,0.15,,,,,,,,,,,,,,,,,,,,,,,,,,,,,
6.104808330535889,263.74,1418240,313,10,81,-0.38110197842121124,1754,0.4673764705657959,-0.0010245395544916391,7e-05,0.008027729,0.096484375,0.480280459523201,0.36699944734573364,0.15,,,,,,,,,,,,,,,,,,,,,,,,,,,,,
6.200223922729492,258.48,1420800,315,11,89,-0.38009675711393354,1759,0.4946611523628235,-0.0003309468552470207,7e-05,0.007424268,0.104375,0.337501112902537,0.10399456322193146,0.15,,,,,,,,,,,,,,,,,,,,,,,,,,,,,
6.122860908508301,262.4,1423360,310,12,98,-0.36787465810775755,1764,0.5745041370391846,-0.0030820550583302974,7e-05,0.005119591,0.086875,0.4425892408937216,0.5487843155860901,0.15,,,,,,,,,,,,,,,,,,,,,,,,,,,,,
5.928869724273682,267.74,1425920,321,13,103,-0.3719538133877974,1768,0.5684585571289062,0.0008902276078095803,7e-05,0.012753412,0.09290865384615385,0.5850159415115531,0.12942864000797272,0.15,,,,,,,,,,,,,,,,,,,,,,,,,,,,,
6.003204822540283,265.04,1428480,322,14,111,-0.3709886266690929,1773,0.4647520184516907,4.001438799427777e-06,7e-05,0.021852711,0.09994283536585366,0.8271523590722099,0.09114933013916016,0.15,,,,,,,,,,,,,,,,,,,,,,,,,,,,,
6.236432075500488,256.99,1431040,318,15,120,-0.3948253226280212,1778,0.46877163648605347,0.00026963122189044953,7e-05,0.009051012,0.102890625,1.0020303635299206,0.9226625561714172,0.15,,,,,,,,,,,,,,,,,,,,,,,,,,,,,
6.386992931365967,249.65,1433600,315,16,129,-0.35832382380962374,1783,0.2955332398414612,-0.0028779706358909606,7e-05,0.0045624888,0.0821875,0.6462558776140213,0.23860901594161987,0.15,,,,,,,,,,,,,,,,,,,,,,,,,,,,,
6.216274261474609,255.45,1436160,315,17,138,-0.4078736272454262,1788,0.5517125129699707,-0.0008875241596251727,7e-05,0.006338332,0.08453125,0.5647039971873165,0.06823413819074631,0.15,,,,,,,,,,,,,,,,,,,,,,,,,,,,,
6.145900726318359,257.77,1438720,310,18,148,-0.3441453920304775,1793,0.5633028149604797,-0.0017267985735088588,7e-05,0.0070239143,0.08,0.6856714125769213,0.25977885723114014,0.15,,,,,,,,,,,,,,,,,,,,,,,,,,,,,
6.118638515472412,260.66,1441280,312,19,155,-0.3826052856445312,1798,0.5596979856491089,0.0005500121600925923,7e-05,0.005989452,0.0790625,0.6899155871570111,0.8723268508911133,0.15,,,,,,,,,,,,,,,,,,,,,,,,,,,,,
6.053189754486084,262.14,1443840,312,20,164,-0.39835158228874207,1803,0.518435001373291,-0.0028563508670777084,7e-05,0.003977447,0.091015625,0.7274374856799841,0.85688716173172,0.15,,,,,,,,,,,,,,,,,,,,,,,,,,,,,
,,,,,,-0.37360740900039674,1808,0.6540472507476807,-0.0017176638077944517,7e-05,0.006517342,0.089375,0.45682886745780704,0.22707146406173706,0.15,,,,,,,,,0.86,2.4218671361610005,6.2735077946452655,257.92,870400,3,0,94.03017388051562,,,,,,,,,,,,,
,,,,,,,,,,,,,,,,,,,,,,,,0.53,4.682626464966502,3.6759523060545325,294.42,870400,3,1,137.9660958351725,,,,,,,,,,,,,
,,,,,,,,,,,,,,,,,,,,,,,,,,,,870400,3,,,157.3,0,6.75,0.86,0,0.32999999999999996,0,0.86,0.86,0.0,0,0,0.53
5.96756649017334,266.55,1446400,2123,1,1,,,,,,,,,,,3,1,11,0.011,870400,440,7e-05,15,,,,,,,,,,,,,,,,,,,,,
6.0379180908203125,264.54,1448960,489,2,10,-0.41164005666971204,1813,0.7093455791473389,8.55661928653717e-06,7e-05,0.0065728957,0.094375,0.7178670713305473,0.47116929292678833,0.15,,,,,,,,,,,,,,,,,,,,,,,,,,,,,
6.087641716003418,263.04,1451520,393,3,19,-0.370775209069252,1818,0.6505866050720215,-0.0010841523297131061,7e-05,0.008607751,0.10125,0.7476682068035007,0.0679507851600647,0.15,,,,,,,,,,,,,,,,,,,,,,,,,,,,,
6.0665669441223145,264.32,1454080,436,4,23,-0.38540006846916386,1821,0.6403533220291138,0.0027536786638382004,7e-05,0.031134136,0.09527439024390244,0.836633534511415,0.3528195321559906,0.15,,,,,,,,,,,,,,,,,,,,,,,,,,,,,
6.197562217712402,260.32,1456640,426,5,30,-0.36864472052146646,1824,0.6439481973648071,-0.0009033176084530765,7e-05,0.007364671,0.10654633620689655,0.8571803541211732,0.22366000711917877,0.15,,,,,,,,,,,,,,,,,,,,,,,,,,,,,
6.045940399169922,266.44,1459200,396,6,38,-0.35252256274223326,1829,0.42344796657562256,0.0018355922028422357,7e-05,0.010214126,0.1040625,0.8044140833895653,0.10565294325351715,0.15,,,,,,,,,,,,,,,,,,,,,,,,,,,,,
6.263422012329102,260.17,1461760,375,7,47,-0.38223816245794295,1834,0.6201388835906982,-0.003409056789241731,7e-05,0.008700767,0.098515625,0.722380801839754,0.226970374584198,0.15,,,,,,,,,,,,,,,,,,,,,,,,,,,,,
6.128359317779541,262.53,1464320,365,8,56,-0.3749662508070469,1839,0.5142993330955505,-0.002651914954185486,7e-05,0.007610093,0.097265625,1.1811587777733803,0.36517101526260376,0.15,,,,,,,,,,,,,,,,,,,,,,,,,,,,,
6.129900932312012,261.7,1466880,345,9,66,-0.3601158121228218,1844,0.6342647075653076,-0.0011548027582466602,7e-05,0.007568179,0.094140625,0.45763517344370486,0.006182732060551643,0.15,,,,,,,,,,,,,,,,,,,,,,,,,,,,,
6.290688991546631,259.49,1469440,326,10,78,-0.4128741586208344,1849,0.6599458456039429,-0.000643558013252914,7e-05,0.0113735115,0.09625,0.8662911336123943,0.2831272780895233,0.15,,,,,,,,,,,,,,,,,,,,,,,,,,,,,
6.378063201904297,254.53,1472000,316,11,88,-0.39925315499305725,1854,0.07389140129089355,-0.001358932564035058,7e-05,0.005600825,0.106328125,0.9315458481013775,4.620851516723633,0.15,,,,,,,,,,,,,,,,,,,,,,,,,,,,,
6.280628681182861,260.8,1474560,337,12,90,-0.44793831024851116,1856,0.5832524299621582,0.001224135004338764,7e-05,0.05225378,0.10416666666666667,0.3939700299607856,0.07100589573383331,0.15,,,,,,,,,,,,,,,,,,,,,,,,,,,,,
6.3496479988098145,257.13,1477120,348,13,95,-0.4723459489123766,1859,0.6894938945770264,0.000819507401523202,7e-05,0.016058547,0.11864098837209303,0.6331591216284175,0.268271803855896,0.15,,,,,,,,,,,,,,,,,,,,,,,,,,,,,
6.3170576095581055,259.88,1479680,346,14,103,-0.4330652052164078,1864,0.2661231756210327,-0.002091855341568589,7e-05,0.006519734,0.104609375,0.4097090524435043,0.16223320364952087,0.15,,,,,,,,,,,,,,,,,,,,,,,,,,,,,
6.240094184875488,263.51,1482240,354,15,108,-0.4427928381732532,1867,0.46342790126800537,-0.003073929709249309,7e-05,0.011483501,0.11397879464285714,0.4939852511244161,0.06420872360467911,0.15,,,,,,,,,,,,,,,,,,,,,,,,,,,,,
6.137998580932617,269.31,1484800,353,16,115,-0.4121455708923547,1872,0.09248429536819458,-0.001853673040623898,7e-05,0.011907741,0.11149796195652174,0.5226921730310373,0.6810436248779297,0.15,,,,,,,,,,,,,,,,,,,,,,,,,,,,,
6.194453239440918,270.04,1487360,350,17,124,-0.4441318842768669,1877,0.29794782400131226,-0.001499347947537899,7e-05,0.0072399313,0.11109375,0.6304061921685934,0.11825653910636902,0.15,,,,,,,,,,,,,,,,,,,,,,,,,,,,,
6.136516571044922,272.93,1489920,348,18,132,-0.39397125095129015,1882,0.1631850004196167,-0.000767971109598875,7e-05,0.008435266,0.10578125,0.6738632014207542,0.019031357020139694,0.15,,,,,,,,,,,,,,,,,,,,,,,,,,,,,
6.179128646850586,274.86,1492480,346,19,140,-0.36109079033136365,1887,0.21981048583984375,-0.0024156605266034605,7e-05,0.0050190883,0.0859375,0.5234246084373444,0.057737547904253006,0.15,,,,,,,,,,,,,,,,,,,,,,,,,,,,,
6.172093391418457,275.42,1495040,356,20,143,-0.43445788860321044,1889,0.2268970012664795,0.004563022628426552,7e-05,0.0167657,0.1209375,0.6683228962123394,0.13523417711257935,0.15,,,,,,,,,,,,,,,,,,,,,,,,,,,,,
,,,,,,-0.407975427210331,1894,0.267524778842926,-0.0021398347010836006,7e-05,0.0074383384,0.09875,0.4149689208343625,0.005266942083835602,0.15,,,,,,,,,0.8,2.7599125289762236,5.859451198298484,272.89,921600,3,0,102.90062147528556,,,,,,,,,,,,,
,,,,,,,,,,,,,,,,,,,,,,,,0.45,4.4438271086448236,3.180016651172191,315.73,921600,3,1,138.47027514957858,,,,,,,,,,,,,
,,,,,,,,,,,,,,,,,,,,,,,,,,,,921600,3,,,157.3,0,6.75,0.8,0,0.35000000000000003,0,0.8,0.8,0.0,0,0,0.45
5.96005392074585,276.56,1497600,2145,1,1,,,,,,,,,,,3,1,11,0.011,921600,440,7e-05,15,,,,,,,,,,,,,,,,,,,,,
5.902017593383789,279.01,1500160,1379,2,3,-0.40543526659409207,1895,0.39971065521240234,0.007741748355329037,7e-05,0.007951457,0.09114583333333333,0.8744845582793156,0.27910616993904114,0.15,,,,,,,,,,,,,,,,,,,,,,,,,,,,,
5.8060150146484375,279.66,1502720,669,3,11,-0.45181571304798124,1900,0.4071848392486572,-0.0014752015192061663,7e-05,0.00748083,0.0971875,0.7225904304627329,0.10045399516820908,0.15,,,,,,,,,,,,,,,,,,,,,,,,,,,,,
5.846656322479248,281.43,1505280,531,4,19,-0.40744608822392253,1905,0.43134361505508423,4.127922626893695e-06,7e-05,0.019663883,0.10194359756097561,0.6570556809353393,0.0562843419611454,0.15,,,,,,,,,,,,,,,,,,,,,,,,,,,,,
5.848513603210449,282.88,1507840,495,5,25,-0.427340810911523,1909,0.3118298053741455,0.00029622895332674187,7e-05,0.012404508,0.1142578125,1.0312204306117363,0.30808961391448975,0.15,,,,,,,,,,,,,,,,,,,,,,,,,,,,,
5.900285720825195,283.49,1510400,477,6,32,-0.448267881550006,1913,0.30976754426956177,0.0008620894027512465,7e-05,0.0118122455,0.12534981343283583,1.0045346980219456,0.9451354742050171,0.15,,,,,,,,,,,,,,,,,,,,,,,,,,,,,
5.746137619018555,284.56,1512960,470,7,38,-0.45528242127461865,1917,0.2296028733253479,-0.0005510848467097138,7e-05,0.024648726,0.07895359848484848,0.949899465466539,0.25131338834762573,0.15,,,,,,,,,,,,,,,,,,,,,,,,,,,,,
5.815457820892334,281.52,1515520,473,8,43,-0.4288282088331274,1919,0.33872127532958984,-0.00045312594974765907,7e-05,0.00613512,0.0472972972972973,0.6977927042926485,0.049711283296346664,0.15,,,,,,,,,,,,,,,,,,,,,,,,,,,,,
5.764193058013916,281.17,1518080,443,9,51,-0.4443827682733536,1924,0.09875279664993286,-0.002835833141580224,7e-05,0.011685823,0.1340625,0.9548464215919376,0.37137773633003235,0.15,,,,,,,,,,,,,,,,,,,,,,,,,,,,,
5.762592792510986,278.63,1520640,422,10,60,-0.4394297984242439,1929,0.11127787828445435,-0.0018220167653635144,7e-05,0.005604025,0.093125,0.7235005514323711,0.016950059682130814,0.15,,,,,,,,,,,,,,,,,,,,,,,,,,,,,
5.969926834106445,272.07,1523200,393,11,71,-0.41580232352018354,1934,0.22271549701690674,-0.002310959491878748,7e-05,0.003604433,0.074609375,1.1145677024126053,1.03276789188385,0.15,,,,,,,,,,,,,,,,,,,,,,,,,,,,,
5.911198616027832,274.94,1525760,391,12,78,-0.40067495442018275,1939,0.34295016527175903,-0.0012196379191264874,7e-05,0.030570868,0.12233231707317073,0.7851427798556936,0.33288735151290894,0.15,,,,,,,,,,,,,,,,,,,,,,,,,,,,,
6.088374137878418,269.06,1528320,389,13,85,-0.42328621037304404,1943,0.5641723871231079,0.0015153360436670482,7e-05,0.012092423,0.1162109375,0.5769035157747566,0.11630842089653015,0.15,,,,,,,,,,,,,,,,,,,,,,,,,,,,,
6.138205528259277,263.33,1530880,380,14,94,-0.3738048079609871,1948,0.35515934228897095,-0.0024833066761493685,7e-05,0.0057628243,0.0915625,0.5602515738457441,0.023186160251498222,0.15,,,,,,,,,,,,,,,,,,,,,,,,,,,,,
6.017270088195801,267.37,1533440,376,15,102,-0.38310723304748534,1953,0.1205594539642334,-0.0026285016722977163,7e-05,0.0064210473,0.101796875,0.443130404278636,0.47047901153564453,0.15,,,,,,,,,,,,,,,,,,,,,,,,,,,,,
6.053427219390869,262.88,1536000,366,16,111,-0.3915300112962723,1958,0.343525230884552,-0.0017559197498485447,7e-05,0.006692513,0.088125,0.4451311590895057,0.28132322430610657,0.15,,,,,,,,,,,,,,,,,,,,,,,,,,,,,
6.303118705749512,256.83,1538560,377,17,115,-0.40883170689145726,1960,0.3453843593597412,0.002583143960994979,7e-05,0.016989607,0.07356770833333333,0.6248515791570147,0.11124324053525925,0.15,,,,,,,,,,,,,,,,,,,,,,,,,,,,,
6.279504299163818,260.01,1541120,367,18,125,-0.3958758074045181,1965,0.348599374294281,-0.0030001910217106343,7e-05,0.006525823,0.094296875,0.6189244685322046,0.5159831047058105,0.15,,,,,,,,,,,,,,,,,,,,,,,,,,,,,
6.223313808441162,260.63,1543680,368,19,132,-0.4256861171661279,1969,0.3450254797935486,-0.002680846537726048,7e-05,0.008151289,0.0960536858974359,0.561846774071455,0.28588756918907166,0.15,,,,,,,,,,,,,,,,,,,,,,,,,,,,,
6.2735724449157715,256.76,1546240,358,20,142,-0.3742188283801079,1974,0.2688565254211426,-0.0022878449596464632,7e-05,0.0086097345,0.0971875,0.41930235853418707,0.15150389075279236,0.15,,,,,,,,,,,,,,,,,,,,,,,,,,,,,
,,,,,,-0.3441853961348534,1979,0.5469259023666382,-0.002432768288999796,7e-05,0.00553913,0.06796875,0.503045922666788,0.4438893496990204,0.15,,,,,,,,,0.89,2.453189934610205,6.411914260983467,256.08,972800,3,0,89.86041175067027,,,,,,,,,,,,,
,,,,,,,,,,,,,,,,,,,,,,,,0.41,4.420924493189643,2.6940664679184554,331.3,972800,3,1,132.0192031486329,,,,,,,,,,,,,
,,,,,,,,,,,,,,,,,,,,,,,,,,,,972800,3,,,157.3,0,6.75,0.89,0,0.48000000000000004,0,0.89,0.89,0.0,0,0,0.41
6.343033313751221,254.17,1548800,2072,1,1,,,,,,,,,,,3,1,11,0.011,972800,440,7e-05,15,,,,,,,,,,,,,,,,,,,,,
6.316668510437012,254.3,1551360,940,2,5,-0.4387213122553942,1982,0.5434708595275879,0.0028741521442808755,7e-05,0.03567627,0.10899390243902439,0.5543041309205498,0.29384058713912964,0.15,,,,,,,,,,,,,,,,,,,,,,,,,,,,,
6.284708023071289,255.97,1553920,846,3,9,-0.4316252287891176,1984,0.6345292329788208,0.0035251333481735652,7e-05,0.010724051,0.12803819444444445,0.41321985320084625,0.07702818512916565,0.15,,,,,,,,,,,,,,,,,,,,,,,,,,,,,
6.287168025970459,262.33,1556480,616,4,16,-0.42718477427959445,1989,0.5638022422790527,-0.00232665307354182,7e-05,0.00930464,0.113046875,0.3754413728415966,0.07842394709587097,0.15,,,,,,,,,,,,,,,,,,,,,,,,,,,,,
6.399667739868164,254.46,1559040,496,5,25,-0.41216949045017204,1994,0.5004034638404846,-0.0014816438378666037,7e-05,0.008366315,0.10005040322580645,0.6817173977052012,0.520970344543457,0.15,,,,,,,,,,,,,,,,,,,,,,,,,,,,,
6.361049175262451,253.12,1561600,428,6,35,-0.34415600046515465,1999,0.6596856117248535,-0.0028383962251245978,7e-05,0.007190836,0.1021875,0.4177921709418297,0.16722941398620605,0.15,,,,,,,,,,,,,,,,,,,,,,,,,,,,,
6.388327121734619,248.81,1564160,403,7,44,-0.3556257376074791,2004,0.7372254729270935,-0.0037539509125053883,7e-05,0.007598579,0.0890625,0.37390477186068893,0.2696579694747925,0.15,,,,,,,,,,,,,,,,,,,,,,,,,,,,,
6.282224178314209,248.67,1566720,384,8,53,-0.2943230965733528,2009,0.7123117446899414,0.0011484747938811778,7e-05,0.00887314,0.09703125,0.6990240235626698,0.08070347458124161,0.15,,,,,,,,,,,,,,,,,,,,,,,,,,,,,
6.330369472503662,249.71,1569280,369,9,62,-0.30371634796261787,2014,0.7253415584564209,0.000489741750061512,7e-05,0.011388981,0.111328125,0.5409427227824927,0.05770442634820938,0.15,,,,,,,,,,,,,,,,,,,,,,,,,,,,,
6.362485408782959,253.36,1571840,359,10,71,-0.33882538601756096,2019,0.5449278354644775,-0.004227425442077219,7e-05,0.0076220543,0.08046875,0.8080466004274786,0.017438188195228577,0.15,,,,,,,,,,,,,,,,,,,,,,,,,,,,,
6.2622785568237305,259.48,1574400,348,11,80,-0.32806202337145807,2024,0.2903369665145874,-0.0019913441920652985,7e-05,0.007408087,0.077890625,0.7814119824022054,0.8136962652206421,0.15,,,,,,,,,,,,,,,,,,,,,,,,,,,,,
6.485748291015625,251.76,1576960,338,12,90,-0.34794520676136015,2029,0.4488663077354431,-0.0020517502166330815,7e-05,0.0042587,0.077890625,0.6982458025403321,0.23428767919540405,0.15,,,,,,,,,,,,,,,,,,,,,,,,,,,,,
6.545955657958984,247.36,1579520,332,13,100,-0.3285947792232037,2034,0.25566035509109497,-0.0011830406356602907,7e-05,0.0059798816,0.079296875,0.5647792557999491,0.3446143567562103,0.15,,,,,,,,,,,,,,,,,,,,,,,,,,,,,
6.549107074737549,248.17,1582080,332,14,107,-0.33153169602155685,2039,0.5106697082519531,-0.001926891654729843,7e-05,0.007379902,0.0890625,0.3890401402115822,0.034291692078113556,0.15,,,,,,,,,,,,,,,,,,,,,,,,,,,,,
6.462417125701904,250.96,1584640,327,15,117,-0.37521626651287077,2044,0.4283207058906555,-0.001134616956114769,7e-05,0.005563979,0.08609375,0.7756736943125725,0.21312060952186584,0.15,,,,,,,,,,,,,,,,,,,,,,,,,,,,,
6.42019510269165,251.45,1587200,341,16,120,-0.40002915759881336,2046,0.7390693426132202,0.0029133204370737076,7e-05,0.016637482,0.06510416666666667,0.6306812291344007,0.16388936340808868,0.15,,,,,,,,,,,,,,,,,,,,,,,,,,,,,
6.389216899871826,255.96,1589760,336,17,129,-0.37905885487794877,2051,0.30111098289489746,0.0006451666820794344,7e-05,0.007303357,0.090546875,0.5883923510462046,0.5135732293128967,0.15,,,,,,,,,,,,,,,,,,,,,,,,,,,,,
6.31479549407959,257.01,1592320,345,18,133,-0.38269176273732575,2053,0.37983453273773193,0.0020254527193468972,7e-05,0.011440195,0.1089527027027027,0.5490864730767302,0.48485058546066284,0.15,,,,,,,,,,,,,,,,,,,,,,,,,,,,,
6.253413677215576,257.06,1594880,341,19,142,-0.3698678025603294,2058,0.3362566828727722,-0.001128880837932229,7e-05,0.007365675,0.106328125,0.4208024322614074,0.08179798722267151,0.15,,,,,,,,,,,,,,,,,,,,,,,,,,,,,
6.193112850189209,256.51,1597440,344,20,148,-0.34852606822785576,2062,0.5264896154403687,0.0012448374917240518,7e-05,0.012287371,0.09477796052631579,0.5663291515145255,0.2629537880420685,0.15,,,,,,,,,,,,,,,,,,,,,,,,,,,,,
,,,,,,-0.37817627340555193,2067,0.32780611515045166,-0.0022384048253297805,7e-05,0.0060534477,0.096875,0.7548685285076498,1.1167868375778198,0.15,,,,,,,,,0.85,2.4423350737456366,6.104623195901513,274.89,1024000,3,0,97.28256729753795,,,,,,,,,,,,,
,,,,,,,,,,,,,,,,,,,,,,,,0.48,4.239886459826936,3.5433712148666383,307.3,1024000,3,1,139.16504589874572,,,,,,,,,,,,,
,,,,,,,,,,,,,,,,,,,,,,,,,,,,1024000,3,,,157.3,0,6.75,0.85,0,0.37,0,0.85,0.85,0.0,0,0,0.48
6.240441799163818,257.9,1600000,2056,1,1,,,,,,,,,,,3,1,11,0.011,1024000,440,7e-05,15,,,,,,,,,,,,,,,,,,,,,
6.165980339050293,261.83,1602560,497,2,10,-0.36709994852542877,2072,0.3701249957084656,-0.002292458638548851,7e-05,0.0055649932,0.086875,0.7270666947960853,0.33611786365509033,0.15,,,,,,,,,,,,,,,,,,,,,,,,,,,,,
6.288569927215576,259.59,1605120,413,3,18,-0.3691292133927345,2077,0.3396759033203125,-0.002835539546795189,7e-05,0.005135767,0.07328125,0.6992513907700777,0.7088393568992615,0.15,,,,,,,,,,,,,,,,,,,,,,,,,,,,,
6.39619255065918,251.19,1607680,353,4,28,-0.3552349963966681,2082,0.2535994052886963,-0.0013585408617343222,7e-05,0.010413522,0.10283801020408163,0.8148227273201456,1.7871692180633545,0.15,,,,,,,,,,,,,,,,,,,,,,,,,,,,,
6.452976226806641,252.02,1610240,350,5,36,-0.3631798517273133,2087,0.41779083013534546,0.0001146743881953768,7e-05,0.014244836,0.07454819277108433,0.44002418085394135,0.7195079922676086,0.15,,,,,,,,,,,,,,,,,,,,,,,,,,,,,
6.4084625244140625,256.8,1612800,332,6,46,-0.38982981264591215,2092,0.544861912727356,-0.001209805472753942,7e-05,0.009441661,0.137578125,0.3886109057627618,0.014354247599840164,0.15,,,,,,,,,,,,,,,,,,,,,,,,,,,,,
6.578773021697998,250.23,1615360,324,7,55,-0.3953161031007767,2097,0.35692453384399414,-0.002851965301670134,7e-05,0.0073907087,0.090078125,0.34836893720552325,0.027403423562645912,0.15,,,,,,,,,,,,,,,,,,,,,,,,,,,,,
6.486874580383301,255.41,1617920,352,8,58,-0.3923585255231176,2099,0.43214941024780273,0.005030862920518432,7e-05,0.022723634,0.09151785714285714,0.47024625380124363,0.2315976321697235,0.15,,,,,,,,,,,,,,,,,,,,,,,,,,,,,
6.404301643371582,257.75,1620480,372,9,61,-0.382535967307213,2101,0.3234233856201172,0.0022294993440692243,7e-05,0.008591118,0.09174679487179487,0.45569666016560334,0.2378140687942505,0.15,,,,,,,,,,,,,,,,,,,,,,,,,,,,,
6.419048309326172,255.88,1623040,387,10,66,-0.3938398887502386,2104,0.38061630725860596,0.001920263758523667,7e-05,0.007924226,0.10289228723404255,0.4666497330082224,0.33649149537086487,0.15,,,,,,,,,,,,,,,,,,,,,,,,,,,,,
6.367166519165039,255.81,1625600,373,11,75,-0.3668943184614182,2109,0.45575714111328125,-0.0018949090689420701,7e-05,0.0069046044,0.109296875,0.5122787900641561,0.18735244870185852,0.15,,,,,,,,,,,,,,,,,,,,,,,,,,,,,
6.241901874542236,258.08,1628160,390,12,78,-0.3492759168148041,2111,0.5157464146614075,0.003126042751738658,7e-05,0.012745626,0.09234775641025642,0.38745005395358956,0.1613154113292694,0.15,,,,,,,,,,,,,,,,,,,,,,,,,,,,,
6.021132946014404,264.75,1630720,383,13,86,-0.3628248032927513,2116,0.4578394889831543,-0.0010032068472355603,7e-05,0.006851924,0.089140625,0.5837385827768594,0.1742713898420334,0.15,,,,,,,,,,,,,,,,,,,,,,,,,,,,,
5.959893226623535,266.84,1633280,371,14,96,-0.3799120056629181,2121,0.5783861875534058,0.00011228960938751698,7e-05,0.006494654,0.0878125,0.5348714946117252,0.15632212162017822,0.15,,,,,,,,,,,,,,,,,,,,,,,,,,,,,
5.88381814956665,270.35,1635840,381,15,100,-0.3836180208758874,2124,0.5335447192192078,0.004007626303725622,7e-05,0.021459289,0.0859375,0.5215713968500495,0.030137546360492706,0.15,,,,,,,,,,,,,,,,,,,,,,,,,,,,,
5.595230579376221,280.7,1638400,384,16,106,-0.4209049367904663,2129,0.5498396158218384,-0.0002809248585253954,7e-05,0.006142286,0.104921875,0.4777814066596329,0.015903078019618988,0.15,,,,,,,,,,,,,,,,,,,,,,,,,,,,,
5.5080885887146,285.21,1640960,387,17,112,-0.43318039093698774,2133,0.564661979675293,0.001979556174150535,7e-05,0.016119575,0.1234375,0.5582072662189603,0.058068759739398956,0.15,,,,,,,,,,,,,,,,,,,,,,,,,,,,,
5.5026936531066895,284.52,1643520,380,18,121,-0.4193257174144189,2138,0.3735990524291992,0.00021945281575123468,7e-05,0.009887852,0.12638346354166666,0.9099323283880949,0.1016404926776886,0.15,,,,,,,,,,,,,,,,,,,,,,,,,,,,,
5.665908336639404,278.68,1646080,365,19,133,-0.4113971507549286,2143,0.2642793655395508,-0.003690042281523347,7e-05,0.005212699,0.08125,1.082433930672705,0.5833943486213684,0.15,,,,,,,,,,,,,,,,,,,,,,,,,,,,,
5.8469929695129395,272.51,1648640,358,20,142,-0.4328027215600014,2148,0.12477070093154907,-0.0011883199587464333,7e-05,0.0044005574,0.111328125,0.8901900374144316,0.7999053597450256,0.15,,,,,,,,,,,,,,,,,,,,,,,,,,,,,
,,,,,,-0.4328840352021731,2152,0.2495110034942627,-0.0007734767829951567,7e-05,0.008007738,0.09865785256410256,0.8840428770830234,0.25154629349708557,0.15,,,,,,,,,0.91,2.0017259992508665,6.756770306723192,236.93,1075200,3,0,80.19155254763434,,,,,,,,,,,,,
,,,,,,,,,,,,,,,,,,,,,,,,0.53,4.008987641610444,3.9956996082141996,297.32,1075200,3,1,135.87471287918146,,,,,,,,,,,,,
,,,,,,,,,,,,,,,,,,,,,,,,,,,,1075200,3,,,157.3,0,6.75,0.91,0,0.38,0,0.91,0.91,0.0,0,0,0.53
5.9042887687683105,272.53,1651200,2082,1,1,,,,,,,,,,,3,1,11,0.011,1075200,440,7e-05,15,,,,,,,,,,,,,,,,,,,,,
6.049464702606201,265.87,1653760,731,2,7,-0.4530133831089941,2155,0.09426319599151611,-0.0006063394248485565,7e-05,0.008070521,0.11637931034482758,0.8029896827607319,0.4739159643650055,0.15,,,,,,,,,,,,,,,,,,,,,,,,,,,,,
6.098995208740234,266.1,1656320,477,3,16,-0.40205353766679763,2160,0.231817364692688,0.0008998201042413711,7e-05,0.004786635,0.085625,0.6207546568848192,0.5081000328063965,0.15,,,,,,,,,,,,,,,,,,,,,,,,,,,,,
6.020666599273682,269.5,1658880,422,4,24,-0.4322057047486305,2165,0.30686700344085693,-0.001608462305739522,7e-05,0.0064133694,0.100234375,0.6171148595772684,0.05437234789133072,0.15,,,,,,,,,,,,,,,,,,,,,,,,,,,,,
5.920835971832275,275.27,1661440,439,5,29,-0.4374121103597724,2168,0.31246185302734375,0.0011644096559156542,7e-05,0.017206954,0.10954483695652174,0.47758734048060747,0.1177353635430336,0.15,,,,,,,,,,,,,,,,,,,,,,,,,,,,,
6.084855556488037,266.85,1664000,428,6,35,-0.4416536101396533,2172,0.27430295944213867,0.0010043705030735853,7e-05,0.011548742,0.10722373188405797,0.6569408914209276,0.048263076692819595,0.15,,,,,,,,,,,,,,,,,,,,,,,,,,,,,
6.172756195068359,261.61,1666560,401,7,44,-0.4349642935395241,2177,0.2196452021598816,0.0009049903880804777,7e-05,0.008940331,0.107890625,0.7676047149114311,0.01414374727755785,0.15,,,,,,,,,,,,,,,,,,,,,,,,,,,,,
6.175319194793701,263.15,1669120,395,8,51,-0.404027413725853,2182,0.3590273857116699,-0.002854818208143115,7e-05,0.0069440054,0.1028125,0.6905754894437268,0.052359044551849365,0.15,,,,,,,,,,,,,,,,,,,,,,,,,,,,,
5.959594249725342,270.55,1671680,407,9,56,-0.4594604348649784,2185,0.30161792039871216,0.0004443649240598387,7e-05,0.013019155,0.09438775510204081,0.6612994999681808,0.05218174308538437,0.15,,,,,,,,,,,,,,,,,,,,,,,,,,,,,
6.02095890045166,268.16,1674240,418,10,61,-0.4035272918641567,2187,0.30120694637298584,0.0032035080017521977,7e-05,0.010100559,0.10625,0.8705465006642044,1.089792251586914,0.15,,,,,,,,,,,,,,,,,,,,,,,,,,,,,
5.967267990112305,274.1,1676800,406,11,69,-0.41487965881824496,2192,0.22569239139556885,-0.001089353784918785,7e-05,0.0055535985,0.09609375,0.7686610830947757,0.9505658149719238,0.15,,,,,,,,,,,,,,,,,,,,,,,,,,,,,
5.8858256340026855,276.13,1679360,396,12,77,-0.4285522159934044,2197,0.398098886013031,-0.0029093489330261945,7e-05,0.007926404,0.10890625,0.8439264459535479,0.8146213293075562,0.15,,,,,,,,,,,,,,,,,,,,,,,,,,,,,
5.867396354675293,279.75,1681920,394,13,84,-0.4577346959231812,2202,0.254774272441864,-0.0030582324705190128,7e-05,0.03158419,0.1017554012345679,0.9504738581585296,1.0110015869140625,0.15,,,,,,,,,,,,,,,,,,,,,,,,,,,,,
5.7528791427612305,280.03,1684480,392,14,91,-0.45510942161083223,2207,0.4146496057510376,-0.0005359213007614016,7e-05,0.011380414,0.117265625,0.6938898648880422,0.0019920989871025085,0.15,,,,,,,,,,,,,,,,,,,,,,,,,,,,,
5.9407243728637695,276.45,1687040,381,15,100,-0.434205935895443,2212,0.3609328269958496,-0.002718924609944224,7e-05,0.006775296,0.118203125,0.8983660529926419,0.04827217757701874,0.15,,,,,,,,,,,,,,,,,,,,,,,,,,,,,
6.060215473175049,272.88,1689600,373,16,109,-0.44740179091691973,2217,0.14216548204421997,-0.0013432143442332744,7e-05,0.0074086995,0.10625,1.3270439283549786,1.1957894563674927,0.15,,,,,,,,,,,,,,,,,,,,,,,,,,,,,
6.119749546051025,273.17,1692160,365,17,119,-0.4455989322066307,2222,0.15962111949920654,-0.0005982646066695452,7e-05,0.0062528616,0.124375,0.8985813551023603,0.24527490139007568,0.15,,,,,,,,,,,,,,,,,,,,,,,,,,,,,
6.269323348999023,265.5,1694720,378,18,121,-0.44226894208363127,2224,0.23445993661880493,0.003597293847373554,7e-05,0.03186737,0.08854166666666667,0.7384849719348408,0.19777856767177582,0.15,,,,,,,,,,,,,,,,,,,,,,,,,,,,,
6.393274307250977,263.43,1697280,368,19,132,-0.4172574642300606,2229,0.27162134647369385,-0.0005108496267348528,7e-05,0.0039586956,0.081171875,1.137415733449161,0.9385508298873901,0.15,,,,,,,,,,,,,,,,,,,,,,,,,,,,,
6.307610988616943,268.05,1699840,371,20,137,-0.4098045457217653,2232,0.46259719133377075,0.00028473947007777326,7e-05,0.0080994135,0.0703125,0.6096877253661721,0.5571291446685791,0.15,,,,,,,,,,,,,,,,,,,,,,,,,,,,,
,,,,,,-0.47145255506038664,2237,0.31569910049438477,-0.002543982584029436,7e-05,0.0048763864,0.098359375,0.6231901517882943,0.0572444349527359,0.15,,,,,,,,,0.91,1.97197456446349,6.540808985829353,260.18,1126400,3,0,88.00049772586516,,,,,,,,,,,,,
,,,,,,,,,,,,,,,,,,,,,,,,0.58,4.312304134282872,4.252801219411194,282.53,1126400,3,1,135.43274751698718,,,,,,,,,,,,,
,,,,,,,,,,,,,,,,,,,,,,,,,,,,1126400,3,,,157.3,0,6.75,0.91,0,0.33000000000000007,0,0.91,0.91,0.0,0,0,0.58
6.357281684875488,262.34,1702400,2308,1,1,,,,,,,,,,,3,1,11,0.011,1126400,440,7e-05,15,,,,,,,,,,,,,,,,,,,,,
6.3547587394714355,262.24,1704960,459,2,11,-0.4636777353286743,2242,0.39513057470321655,-0.002512069186195731,7e-05,0.00454812,0.077734375,0.628690453581512,0.13465863466262817,0.15,,,,,,,,,,,,,,,,,,,,,,,,,,,,,
6.199130058288574,263.64,1707520,373,3,20,-0.4524610549211502,2247,0.4025591015815735,-0.001267775851301849,7e-05,0.0056465724,0.090546875,0.4634831875562668,0.11531490832567215,0.15,,,,,,,,,,,,,,,,,,,,,,,,,,,,,
6.139881134033203,264.89,1710080,417,4,24,-0.478732041622463,2249,0.39695072174072266,0.0014502254167669698,7e-05,0.012405821,0.10567434210526316,0.45306928509748295,0.09286224842071533,0.15,,,,,,,,,,,,,,,,,,,,,,,,,,,,,
6.080670356750488,266.58,1712640,445,5,28,-0.4504785481840372,2252,0.41764742136001587,0.0016923187067732215,7e-05,0.0183671,0.08805338541666667,0.6077523363831764,0.10889336466789246,0.15,,,,,,,,,,,,,,,,,,,,,,,,,,,,,
5.9588847160339355,268.06,1715200,438,6,35,-0.4692484767579321,2256,0.4033823013305664,-0.00016489816801761514,7e-05,0.014119251,0.11963619402985075,0.7918411996493588,0.8183791637420654,0.15,,,,,,,,,,,,,,,,,,,,,,,,,,,,,
5.846068859100342,268.06,1717760,411,7,43,-0.5231834265589714,2261,0.4567146897315979,-0.0019481513183563948,7e-05,0.005252324,0.101640625,0.6316516958363354,0.08481816202402115,0.15,,,,,,,,,,,,,,,,,,,,,,,,,,,,,
5.696993827819824,271.96,1720320,396,8,51,-0.4965072280168533,2266,0.4686856269836426,-0.0015589475631713867,7e-05,0.0050342176,0.093359375,0.7831870129145682,0.6447194814682007,0.15,,,,,,,,,,,,,,,,,,,,,,,,,,,,,
5.492931365966797,278.64,1722880,414,9,55,-0.4661629475653172,2268,0.5946841239929199,0.0016237867530435324,7e-05,0.00551638,0.0908203125,0.8500086308456958,0.03880097717046738,0.15,,,,,,,,,,,,,,,,,,,,,,,,,,,,,
5.507282733917236,275.82,1725440,395,10,64,-0.45774020105600355,2273,0.4731000065803528,-0.0002185695245862007,7e-05,0.005187315,0.119921875,0.8665742265433073,0.02561863884329796,0.15,,,,,,,,,,,,,,,,,,,,,,,,,,,,,
5.586449146270752,272.2,1728000,382,11,73,-0.4506800588965416,2278,0.5420956611633301,-0.0021933288127183913,7e-05,0.005854331,0.10578125,0.8586053264513612,0.10102730244398117,0.15,,,,,,,,,,,,,,,,,,,,,,,,,,,,,
5.642320156097412,270.66,1730560,369,12,83,-0.45911367624998095,2283,0.4686471223831177,-0.0012020353972911834,7e-05,0.0064436244,0.092421875,0.9328550324589014,0.2966170907020569,0.15,,,,,,,,,,,,,,,,,,,,,,,,,,,,,
5.701697826385498,269.7,1733120,364,13,91,-0.45411401450634004,2288,0.4843224287033081,0.00033507714979350565,7e-05,0.0048887306,0.100390625,0.7766414654441178,0.3727613687515259,0.15,,,,,,,,,,,,,,,,,,,,,,,,,,,,,
5.859161376953125,266.95,1735680,357,14,100,-0.43819979071617127,2293,0.6924698352813721,-0.0008836989803239704,7e-05,0.007785986,0.101875,0.7184080760367215,0.013142850250005722,0.15,,,,,,,,,,,,,,,,,,,,,,,,,,,,,
5.949796199798584,263.17,1738240,353,15,108,-0.5126931461691856,2298,0.5416967868804932,0.0013554122764617206,7e-05,0.0052804486,0.11828125,1.125693170921877,0.49647095799446106,0.15,,,,,,,,,,,,,,,,,,,,,,,,,,,,,
6.140355110168457,260.23,1740800,346,16,118,-0.47510612815618514,2303,0.4107908606529236,-0.0018631951417773962,7e-05,0.006202172,0.09234375,0.8648377037420869,0.03655973821878433,0.15,,,,,,,,,,,,,,,,,,,,,,,,,,,,,
6.277996063232422,256.78,1743360,342,17,127,-0.48251162469387054,2308,0.37197089195251465,-0.001558308470994234,7e-05,0.008187266,0.111953125,0.7266640491224825,0.13905568420886993,0.15,,,,,,,,,,,,,,,,,,,,,,,,,,,,,
6.163006782531738,261.1,1745920,344,18,133,-0.5130166256427765,2313,0.4650532603263855,-0.0007259035762399435,7e-05,0.0058473935,0.1046875,0.5255699365958572,0.6732175350189209,0.15,,,,,,,,,,,,,,,,,,,,,,,,,,,,,
6.407810688018799,255.63,1748480,355,19,136,-0.4909388544884595,2315,0.3576720356941223,0.006022922398353165,7e-05,0.017740775,0.12286931818181818,0.5534970291297544,0.10493408143520355,0.15,,,,,,,,,,,,,,,,,,,,,,,,,,,,,
6.329942226409912,260.13,1751040,347,20,147,-0.4294161820411682,2320,0.3273972272872925,0.0004249110259115696,7e-05,0.0055458536,0.095390625,1.0462189032137394,0.6373688578605652,0.15,,,,,,,,,,,,,,,,,,,,,,,,,,,,,
,,,,,,-0.4541979733299702,2325,0.44270098209381104,-7.747220707700608e-05,7e-05,0.008440844,0.09483045212765957,0.7000103480321296,0.20431242883205414,0.15,,,,,,,,,0.8,3.0420947909470506,5.689157294631005,280.9,1177600,3,0,99.4565734378578,,,,,,,,,,,,,
,,,,,,,,,,,,,,,,,,,,,,,,0.46,5.281216642579985,2.550732297487557,318.83,1177600,3,1,132.59057696533338,,,,,,,,,,,,,
,,,,,,,,,,,,,,,,,,,,,,,,,,,,1177600,3,,,157.3,0,6.75,0.8,0,0.34,0,0.8,0.8,0.0,0,0,0.46
6.252903938293457,263.67,1753600,2156,1,1,,,,,,,,,,,3,1,11,0.011,1177600,440,7e-05,15,,,,,,,,,,,,,,,,,,,,,
6.136199474334717,268.27,1756160,941,2,5,-0.4768453065691323,2328,0.3419211506843567,0.003791532848544162,7e-05,0.009268302,0.11112607758620689,0.7466723365901873,0.11114320158958435,0.15,,,,,,,,,,,,,,,,,,,,,,,,,,,,,
5.935795783996582,274.96,1758720,709,3,10,-0.44920783693140204,2331,0.5674355626106262,0.00035161071202971717,7e-05,0.012639577,0.07755681818181819,0.6748809542676265,0.21771672368049622,0.15,,,,,,,,,,,,,,,,,,,,,,,,,,,,,
5.9176025390625,273.71,1761280,541,4,18,-0.40687030017375947,2336,0.7447094321250916,-0.0030057487357407807,7e-05,0.006562412,0.0884375,0.32297891944646834,0.01918180100619793,0.15,,,,,,,,,,,,,,,,,,,,,,,,,,,,,
5.9798688888549805,272.26,1763840,535,5,23,-0.47316267026795283,2339,0.5619144439697266,0.0024054224913318953,7e-05,0.015243351,0.08663194444444444,0.8295380483898852,0.3987417221069336,0.15,,,,,,,,,,,,,,,,,,,,,,,,,,,,,
5.926849365234375,277.53,1766400,487,6,31,-0.5012454697489739,2344,0.4738520383834839,8.207371458411216e-05,7e-05,0.0055393483,0.12140625,1.1806551189348102,1.5015522241592407,0.15,,,,,,,,,,,,,,,,,,,,,,,,,,,,,
5.836214542388916,281.71,1768960,517,7,34,-0.48384224646019214,2346,0.26788634061813354,0.0052182901594223395,7e-05,0.010557339,0.12618371212121213,1.0755807335178058,0.07238096743822098,0.15,,,,,,,,,,,,,,,,,,,,,,,,,,,,,
5.709012985229492,284.68,1771520,478,8,42,-0.4823589876294136,2351,0.3686106204986572,-0.0010804718639701606,7e-05,0.008764332,0.121015625,0.9566964883729816,0.04848567768931389,0.15,,,,,,,,,,,,,,,,,,,,,,,,,,,,,
5.754716396331787,283.73,1774080,444,9,51,-0.47082716345787046,2356,0.47147971391677856,0.0003019820339977741,7e-05,0.005880335,0.108984375,0.805785914361477,1.1061726808547974,0.15,,,,,,,,,,,,,,,,,,,,,,,,,,,,,
5.675949573516846,287.09,1776640,421,10,60,-0.48122054457664487,2361,0.4623241424560547,-0.0011969305109232665,7e-05,0.005841461,0.083515625,1.0552212809957564,0.8415886163711548,0.15,,,,,,,,,,,,,,,,,,,,,,,,,,,,,
5.754724025726318,283.88,1779200,405,11,69,-0.47879638254642487,2366,0.31944555044174194,0.0005027222447097302,7e-05,0.0032188855,0.076015625,1.1700003917887807,0.9680590033531189,0.15,,,,,,,,,,,,,,,,,,,,,,,,,,,,,
5.7529120445251465,283.53,1781760,390,12,78,-0.48534893155097963,2371,0.19293606281280518,-0.001297280676662922,7e-05,0.0065304385,0.0903125,0.9808475400321186,0.9781739115715027,0.15,,,,,,,,,,,,,,,,,,,,,,,,,,,,,
5.779868125915527,284.07,1784320,387,13,85,-0.4436927804350853,2376,0.28636765480041504,-0.0012760994117707015,7e-05,0.006360489,0.073828125,0.8211413023993372,0.06592082977294922,0.15,,,,,,,,,,,,,,,,,,,,,,,,,,,,,
5.887625694274902,279.54,1786880,380,14,94,-0.4818826065343969,2381,0.3765261173248291,-0.0013066300464903606,7e-05,0.012015054,0.07665441176470589,1.057364868241198,0.2746158242225647,0.15,,,,,,,,,,,,,,,,,,,,,,,,,,,,,
5.887488842010498,278.55,1789440,396,15,96,-0.5192224884033203,2383,0.34848594665527344,0.0018807534500956534,7e-05,0.015708288,0.0971875,1.0650401978194715,0.28705400228500366,0.15,,,,,,,,,,,,,,,,,,,,,,,,,,,,,
5.89413595199585,276.72,1792000,384,16,106,-0.505916496515274,2388,0.36920106410980225,-0.0006523576844483614,7e-05,0.004507724,0.09328125,1.0494159862399102,0.7117621898651123,0.15,,,,,,,,,,,,,,,,,,,,,,,,,,,,,
5.919797420501709,275.75,1794560,376,17,115,-0.48220774084329604,2393,0.3365785479545593,-0.0016653736121952534,7e-05,0.00677671,0.1,0.9909958871081471,0.5677565336227417,0.15,,,,,,,,,,,,,,,,,,,,,,,,,,,,,
6.046890735626221,271.95,1797120,373,18,123,-0.48080886006355283,2398,0.2090381383895874,-0.002173917256295681,7e-05,0.0034998232,0.085625,0.8050892242044211,0.04145538806915283,0.15,,,,,,,,,,,,,,,,,,,,,,,,,,,,,
5.9754414558410645,274.69,1799680,373,19,130,-0.46139705151319504,2403,0.3361237049102783,-0.0027664067735895513,7e-05,0.006212423,0.08765625,0.6426600579172372,0.9921568036079407,0.15,,,,,,,,,,,,,,,,,,,,,,,,,,,,,
6.0502753257751465,271.7,1802240,366,20,139,-0.47416824162006377,2408,0.2711365222930908,-0.0008425459265708924,7e-05,0.006799998,0.1053125,0.8447133707255126,1.0136600732803345,0.15,,,,,,,,,,,,,,,,,,,,,,,,,,,,,
,,,,,,-0.45768545463051596,2412,0.1412556767463684,-0.0003672986042121766,7e-05,0.0153803,0.10288292253521127,0.7357898339576704,0.11597350239753723,0.15,,,,,,,,,0.77,3.0580251081758325,5.5119567292183635,286.42,1228800,3,0,98.49753093352139,,,,,,,,,,,,,
,,,,,,,,,,,,,,,,,,,,,,,,0.44,5.159328608940878,2.4500023122131824,323.17,1228800,3,1,133.14316016979618,,,,,,,,,,,,,
,,,,,,,,,,,,,,,,,,,,,,,,,,,,1228800,3,,,157.3,0,6.75,0.77,0,0.33,0,0.77,0.77,0.0,0,0,0.44
5.957434177398682,275.28,1804800,2218,1,1,,,,,,,,,,,3,1,11,0.011,1228800,440,7e-05,15,,,,,,,,,,,,,,,,,,,,,
5.778132915496826,283.22,1807360,584,2,8,-0.5387382081151009,2417,0.046025753021240234,-0.0021638975478708742,7e-05,0.0054494943,0.105859375,0.6401962690986693,0.1654323935508728,0.15,,,,,,,,,,,,,,,,,,,,,,,,,,,,,
5.779587268829346,283.47,1809920,413,3,18,-0.507434964478016,2422,0.2745932936668396,-0.0006535592209547758,7e-05,0.007226386,0.12375,0.6766205494618043,0.3262360990047455,0.15,,,,,,,,,,,,,,,,,,,,,,,,,,,,,
5.8544392585754395,279.38,1812480,397,4,25,-0.49826876729726793,2427,0.25652015209198,-0.0006495808716863394,7e-05,0.0061637275,0.101171875,0.6789848395576701,0.032935358583927155,0.15,,,,,,,,,,,,,,,,,,,,,,,,,,,,,
5.852224349975586,283.54,1815040,369,5,34,-0.5147456941008568,2432,0.14804083108901978,-0.001517336070537567,7e-05,0.0064490573,0.094296875,0.831995352320373,0.4702448546886444,0.15,,,,,,,,,,,,,,,,,,,,,,,,,,,,,
5.845297813415527,285.0,1817600,365,6,41,-0.5529532966017723,2437,0.1085355281829834,-0.0018326030392199755,7e-05,0.0073185777,0.127890625,0.5292223021760583,0.05476953089237213,0.15,,,,,,,,,,,,,,,,,,,,,,,,,,,,,
5.767100811004639,287.94,1820160,354,7,50,-0.5616231176257134,2442,0.1821836233139038,-0.001028875522315502,7e-05,0.0075991945,0.124921875,0.5972101605311037,0.18234014511108398,0.15,,,,,,,,,,,,,,,,,,,,,,,,,,,,,
5.852994918823242,282.83,1822720,341,8,59,-0.5470676964521408,2447,0.14468002319335938,-0.002465233551338315,7e-05,0.0056091263,0.101640625,0.9288422961160541,0.37763068079948425,0.15,,,,,,,,,,,,,,,,,,,,,,,,,,,,,
5.815191745758057,282.47,1825280,340,9,67,-0.5043468216061592,2452,0.24298900365829468,-0.0017061470169574022,7e-05,0.0074826814,0.09984375,0.7607910337671637,0.2786097228527069,0.15,,,,,,,,,,,,,,,,,,,,,,,,,,,,,
5.864006519317627,283.52,1827840,336,10,76,-0.4882875308394432,2457,0.403128445148468,-0.003184446282684803,7e-05,0.0064541055,0.096171875,0.4300765650719404,0.10194826126098633,0.15,,,,,,,,,,,,,,,,,,,,,,,,,,,,,
5.8645782470703125,283.93,1830400,324,11,86,-0.5300731334090233,2462,0.4008159041404724,-0.0014152823854237794,7e-05,0.009384679,0.120390625,0.5769357598200441,0.02483334019780159,0.15,,,,,,,,,,,,,,,,,,,,,,,,,,,,,
5.716990947723389,289.81,1832960,321,12,95,-0.5559233951568604,2467,0.23845404386520386,-0.001897172974422574,7e-05,0.0075759687,0.127578125,0.5554676620103419,0.967160701751709,0.15,,,,,,,,,,,,,,,,,,,,,,,,,,,,,
5.900887489318848,281.0,1835520,319,13,104,-0.5113303470611572,2472,0.24266380071640015,-0.003277805354446173,7e-05,0.005154596,0.09921875,0.5745029513724148,-0.004110322333872318,0.15,,,,,,,,,,,,,,,,,,,,,,,,,,,,,
5.904492378234863,280.44,1838080,314,14,113,-0.48693878561258314,2477,0.24984455108642578,-0.00257992853410542,7e-05,0.0061626527,0.10578125,0.8072660833410918,0.6258828639984131,0.15,,,,,,,,,,,,,,,,,,,,,,,,,,,,,
5.991541862487793,277.57,1840640,309,15,124,-0.47398671656847,2482,0.32523220777511597,-0.0026375024067237973,7e-05,0.0070056603,0.10265625,0.6501318932697177,0.030398406088352203,0.15,,,,,,,,,,,,,,,,,,,,,,,,,,,,,
5.892635345458984,278.16,1843200,303,16,134,-0.49711064785718917,2487,0.30708426237106323,-0.001234911885112524,7e-05,0.0068343347,0.105234375,0.7443007936514914,0.6253272294998169,0.15,,,,,,,,,,,,,,,,,,,,,,,,,,,,,
5.8886260986328125,278.57,1845760,311,17,139,-0.506642870983835,2490,0.41669827699661255,0.0004471742342841827,7e-05,0.008841401,0.09970868644067797,0.5015215413739621,0.02374005876481533,0.15,,,,,,,,,,,,,,,,,,,,,,,,,,,,,
5.769287109375,283.34,1848320,315,18,145,-0.47078562289476394,2495,0.4008861780166626,-0.00045952695421874523,7e-05,0.006053115,0.098984375,0.29028740018606186,0.03423663228750229,0.15,,,,,,,,,,,,,,,,,,,,,,,,,,,,,
5.631350517272949,289.3,1850880,311,19,156,-0.44537913709878924,2500,0.4515625238418579,-0.003382524512708187,7e-05,0.006815954,0.095546875,0.6389227076433599,0.39351019263267517,0.15,,,,,,,,,,,,,,,,,,,,,,,,,,,,,
5.706963062286377,286.68,1853440,308,20,165,-0.47268407344818114,2505,0.49512970447540283,-0.0026025343500077724,7e-05,0.0062895617,0.116640625,0.8737546546524391,0.19268347322940826,0.15,,,,,,,,,,,,,,,,,,,,,,,,,,,,,
,,,,,,-0.4425933191180229,2510,0.48194795846939087,-0.00026313220150768756,7e-05,0.0039219777,0.093984375,0.7806291729398072,0.2580333948135376,0.15,,,,,,,,,0.8,2.766389701169005,5.782505262943451,281.02,1280000,3,0,100.85315860199918,,,,,,,,,,,,,
,,,,,,,,,,,,,,,,,,,,,,,,0.35,5.101120327806685,1.5160170532017947,347.21,1280000,3,1,127.78711163493759,,,,,,,,,,,,,
,,,,,,,,,,,,,,,,,,,,,,,,,,,,1280000,3,,,157.3,0,6.75,0.8,0,0.45000000000000007,0,0.8,0.8,0.0,0,0,0.35
5.811946392059326,279.98,1856000,2108,1,1,,,,,,,,,,,3,1,11,0.011,1280000,440,7e-05,15,,,,,,,,,,,,,,,,,,,,,
5.746682643890381,281.14,1858560,482,2,10,-0.4571917489171028,2515,0.5961043834686279,-0.0007217495888471603,7e-05,0.0047027916,0.07734375,0.8358159413188696,0.0710044875741005,0.15,,,,,,,,,,,,,,,,,,,,,,,,,,,,,
5.751145839691162,281.51,1861120,423,3,18,-0.4423652970790863,2520,0.7699204087257385,-0.0016390936868265272,7e-05,0.007110788,0.108984375,0.4745050477981567,0.027150694280862808,0.15,,,,,,,,,,,,,,,,,,,,,,,,,,,,,
5.705764293670654,282.83,1863680,441,4,23,-0.4884347969293594,2523,0.7167487144470215,0.0004619888216257095,7e-05,0.0128593845,0.11796875,0.9108154711127281,0.3394898772239685,0.15,,,,,,,,,,,,,,,,,,,,,,,,,,,,,
5.624910354614258,287.18,1866240,392,5,32,-0.4432510176301003,2528,0.6776939630508423,-0.0012652537226676942,7e-05,0.0047187796,0.087734375,1.1463866100087763,0.2372870296239853,0.15,,,,,,,,,,,,,,,,,,,,,,,,,,,,,
5.477685451507568,291.5,1868800,375,6,40,-0.3980243915319443,2533,0.6728054285049438,-0.001575680375099182,7e-05,0.003984264,0.083046875,0.8395291124284268,0.025192271918058395,0.15,,,,,,,,,,,,,,,,,,,,,,,,,,,,,
5.410738468170166,294.93,1871360,385,7,46,-0.4401714909272116,2537,0.6746875643730164,0.0018425413147836434,7e-05,0.03419849,0.08504098360655737,0.9268377808334886,0.9898132085800171,0.15,,,,,,,,,,,,,,,,,,,,,,,,,,,,,
5.797694206237793,281.01,1873920,371,8,55,-0.46816077694964053,2541,0.39503878355026245,-0.002162805285805197,7e-05,0.018164685,0.09713152985074627,1.0299653168489684,0.39296045899391174,0.15,,,,,,,,,,,,,,,,,,,,,,,,,,,,,
6.000995635986328,273.15,1876480,356,9,64,-0.4294666305184364,2546,0.3423817753791809,-0.00020134059712290765,7e-05,0.003272383,0.082109375,0.8598869334161282,0.7733486890792847,0.15,,,,,,,,,,,,,,,,,,,,,,,,,,,,,
6.099050521850586,266.72,1879040,340,10,75,-0.44464960396289827,2551,0.3616577386856079,-0.003606818178668618,7e-05,0.003929287,0.0778125,0.8109069183096289,0.3217986524105072,0.15,,,,,,,,,,,,,,,,,,,,,,,,,,,,,
5.810060501098633,275.87,1881600,342,11,82,-0.43370382249355316,2556,0.5088189840316772,-0.0007215334102511406,7e-05,0.0072897384,0.118828125,0.5308329442515969,0.583990216255188,0.15,,,,,,,,,,,,,,,,,,,,,,,,,,,,,
5.862646579742432,274.51,1884160,330,12,92,-0.42697350949048996,2561,0.6289358139038086,0.00023227642755955458,7e-05,0.0065565854,0.103984375,0.7701062018238009,0.07495717704296112,0.15,,,,,,,,,,,,,,,,,,,,,,,,,,,,,
5.9492011070251465,270.63,1886720,326,13,101,-0.43671940177679064,2566,0.416009783744812,-0.0033628416620194914,7e-05,0.0051047606,0.09234375,0.8801538674719631,0.10469933599233627,0.15,,,,,,,,,,,,,,,,,,,,,,,,,,,,,
6.018385410308838,266.24,1889280,323,14,110,-0.4202696892619133,2571,0.46696680784225464,-0.0017897645337507128,7e-05,0.0075115142,0.09046875,0.9067277803830802,1.11452317237854,0.15,,,,,,,,,,,,,,,,,,,,,,,,,,,,,
6.090826988220215,263.34,1891840,317,15,121,-0.41965467393398287,2576,0.6405037641525269,-0.0009594838507473468,7e-05,0.004821762,0.090390625,0.7175773358996957,0.6808041334152222,0.15,,,,,,,,,,,,,,,,,,,,,,,,,,,,,
6.168891429901123,259.59,1894400,328,16,124,-0.3963825000870612,2578,0.4548552632331848,0.003962882944653111,7e-05,0.0069498406,0.07308467741935484,1.2875957601974088,1.1620343923568726,0.15,,,,,,,,,,,,,,,,,,,,,,,,,,,,,
6.197140693664551,255.7,1896960,323,17,134,-0.41511937022209167,2583,0.5310907959938049,-0.0008441519737243653,7e-05,0.0054825875,0.102578125,0.7853403313085436,0.12442980706691742,0.15,,,,,,,,,,,,,,,,,,,,,,,,,,,,,
6.037355422973633,264.27,1899520,319,18,144,-0.4211187270283699,2588,0.49885523319244385,-0.00112289622426033,7e-05,0.008020355,0.09453125,0.9640617227554321,0.32171201705932617,0.15,,,,,,,,,,,,,,,,,,,,,,,,,,,,,
6.037297248840332,264.37,1902080,318,19,152,-0.4209526577591896,2593,0.5837130546569824,-0.0007466951385140419,7e-05,0.004991124,0.08375,0.8328781672008335,0.42070406675338745,0.15,,,,,,,,,,,,,,,,,,,,,,,,,,,,,
5.991243839263916,271.55,1904640,316,20,161,-0.4032487481832504,2598,0.5631744861602783,0.0013014339655637742,7e-05,0.00491052,0.096484375,0.7234340473264456,0.1449015885591507,0.15,,,,,,,,,,,,,,,,,,,,,,,,,,,,,
,,,,,,-0.45522579476237296,2600,0.494658887386322,0.0058107845252379775,7e-05,0.01245173,0.131640625,1.0262633045203984,0.24209539592266083,0.15,,,,,,,,,0.88,2.2178260068779885,6.376289974600077,265.89,1331200,3,0,87.05066283492619,,,,,,,,,,,,,
,,,,,,,,,,,,,,,,,,,,,,,,0.62,4.104822263162808,4.618585919849575,268.72,1331200,3,1,135.2305498029199,,,,,,,,,,,,,
,,,,,,,,,,,,,,,,,,,,,,,,,,,,1331200,3,,,157.3,0,6.75,0.88,0,0.26,0,0.88,0.88,0.0,0,0,0.62
6.005035400390625,269.95,1907200,1969,1,1,,,,,,,,,,,3,1,11,0.011,1331200,440,7e-05,15,,,,,,,,,,,,,,,,,,,,,
6.076669692993164,267.02,1909760,446,2,11,-0.40287780404090884,2605,0.6815152168273926,-0.002434099335223436,7e-05,0.007678797,0.08953125,0.7698532760236412,0.0315556600689888,0.15,,,,,,,,,,,,,,,,,,,,,,,,,,,,,
6.172368049621582,261.7,1912320,362,3,21,-0.4046113982796669,2610,0.7078187465667725,-0.0026723911799490453,7e-05,0.008860741,0.0990625,0.8370830314513296,0.39765429496765137,0.15,,,,,,,,,,,,,,,,,,,,,,,,,,,,,
6.169422626495361,263.23,1914880,326,4,31,-0.3990324909985066,2615,0.441175639629364,-0.0005993963219225407,7e-05,0.006915152,0.086171875,1.1135874474886804,0.047791481018066406,0.15,,,,,,,,,,,,,,,,,,,,,,,,,,,,,
6.176329135894775,262.68,1917440,312,5,40,-0.38193455308675767,2620,0.7413104772567749,-0.0024022203497588634,7e-05,0.0042380383,0.077890625,0.9449665361270309,0.2565547227859497,0.15,,,,,,,,,,,,,,,,,,,,,,,,,,,,,
6.179348945617676,262.99,1920000,309,6,49,-0.41384184032678606,2625,0.7092726230621338,-0.0009377081040292979,7e-05,0.0073164655,0.096484375,0.8590364932268858,1.2240008115768433,0.15,,,,,,,,,,,,,,,,,,,,,,,,,,,,,
6.1076130867004395,267.07,1922560,311,7,57,-0.3971541580557823,2630,0.7592273950576782,-0.00016228653490543365,7e-05,0.0056568184,0.090078125,0.8494383520632982,0.17824234068393707,0.15,,,,,,,,,,,,,,,,,,,,,,,,,,,,,
6.023951530456543,271.55,1925120,310,8,65,-0.40156321436166764,2635,0.7422665357589722,-0.0005782536789774895,7e-05,0.0052374927,0.079296875,1.1822905874066054,0.27146366238594055,0.15,,,,,,,,,,,,,,,,,,,,,,,,,,,,,
6.010944366455078,271.78,1927680,312,9,73,-0.43998664528131487,2640,0.5848335027694702,-0.002262509912252426,7e-05,0.00624403,0.0953125,1.2264188828133047,0.2955651581287384,0.15,,,,,,,,,,,,,,,,,,,,,,,,,,,,,
5.963980197906494,270.58,1930240,311,10,82,-0.4540108400583267,2645,0.5319104790687561,-0.000997844124212861,7e-05,0.0063656447,0.096484375,1.2607862378656864,1.3780014514923096,0.15,,,,,,,,,,,,,,,,,,,,,,,,,,,,,
5.966277599334717,264.95,1932800,321,11,87,-0.49508302324804765,2648,0.6890649199485779,0.0005675152843368465,7e-05,0.008127861,0.09657866379310345,0.8386157481642119,0.07657960057258606,0.15,,,,,,,,,,,,,,,,,,,,,,,,,,,,,
5.808957576751709,271.44,1935360,316,12,97,-0.4664866679906845,2653,0.6431815028190613,-0.0006393422372639179,7e-05,0.0047450913,0.074921875,0.7900375444535166,0.03448895364999771,0.15,,,,,,,,,,,,,,,,,,,,,,,,,,,,,
5.77664041519165,276.38,1937920,317,13,104,-0.4078421574831009,2658,0.6728853583335876,-0.0002187226852402091,7e-05,0.0032244506,0.080546875,0.7586112873163074,0.7720354199409485,0.15,,,,,,,,,,,,,,,,,,,,,,,,,,,,,
5.757972240447998,277.51,1940480,314,14,114,-0.3972404462099075,2663,0.5851694345474243,-0.001732671018689871,7e-05,0.0045827143,0.077734375,1.2463023964315654,0.6265003085136414,0.15,,,,,,,,,,,,,,,,,,,,,,,,,,,,,
5.8037261962890625,277.58,1943040,309,15,124,-0.40372167497873307,2668,0.38846176862716675,-0.0012754630111157894,7e-05,0.004918081,0.093203125,1.184169596619904,0.8392212390899658,0.15,,,,,,,,,,,,,,,,,,,,,,,,,,,,,
5.695928573608398,282.92,1945600,310,16,132,-0.4372517943382263,2673,0.39399152994155884,0.0011698747053742408,7e-05,0.005266567,0.09359375,0.8925884131155908,1.0456849336624146,0.15,,,,,,,,,,,,,,,,,,,,,,,,,,,,,
5.588720798492432,289.14,1948160,315,17,138,-0.4486161323154674,2678,0.5342867374420166,-0.0005036854897351826,7e-05,0.013562875,0.09356617647058824,0.5872530333697796,0.0991535633802414,0.15,,,,,,,,,,,,,,,,,,,,,,,,,,,,,
5.651134490966797,286.55,1950720,311,18,147,-0.4090606039762497,2683,0.39539849758148193,0.00045603829436004163,7e-05,0.007600979,0.113046875,0.8654360831715167,0.1828734129667282,0.15,,,,,,,,,,,,,,,,,,,,,,,,,,,,,
5.763878345489502,277.0,1953280,310,19,156,-0.3914066591858864,2688,0.4014519453048706,-0.0006363814044743776,7e-05,0.0057960064,0.083515625,1.0440196829661728,1.1776758432388306,0.15,,,,,,,,,,,,,,,,,,,,,,,,,,,,,
5.93324089050293,270.52,1955840,305,20,167,-0.4048258262872696,2693,0.23929369449615479,-0.0020684968307614327,7e-05,0.0052589914,0.081796875,0.8257113016955554,0.43901944160461426,0.15,,,,,,,,,,,,,,,,,,,,,,,,,,,,,
,,,,,,-0.36284207820892334,2698,0.3717431426048279,-0.001440203618258238,7e-05,0.00492878,0.0828125,0.7520347279310227,0.7889319062232971,0.15,,,,,,,,,0.87,2.406618398671522,6.34696324840188,255.9,1382400,3,0,90.96477340157563,,,,,,,,,,,,,
,,,,,,,,,,,,,,,,,,,,,,,,0.46,4.937796747687974,2.811929580718279,318.05,1382400,3,1,133.4060249763855,,,,,,,,,,,,,
,,,,,,,,,,,,,,,,,,,,,,,,,,,,1382400,3,,,157.3,0,6.75,0.87,0,0.41,0,0.87,0.87,0.0,0,0,0.46
6.215902805328369,264.58,1958400,2280,1,1,,,,,,,,,,,3,1,11,0.011,1382400,440,7e-05,15,,,,,,,,,,,,,,,,,,,,,
6.2715325355529785,264.78,1960960,479,2,10,-0.3659653785824776,2703,0.6036051511764526,-0.0015893647540360688,7e-05,0.0041673738,0.074375,0.8163783235102892,1.2339991331100464,0.15,,,,,,,,,,,,,,,,,,,,,,,,,,,,,
6.3544840812683105,260.57,1963520,378,3,20,-0.3632952213287354,2708,0.4957579970359802,-0.0013755375612527132,7e-05,0.007086112,0.090546875,0.548453685194254,0.2771170735359192,0.15,,,,,,,,,,,,,,,,,,,,,,,,,,,,,
6.378857612609863,258.21,1966080,292,4,34,-0.37779559165239335,2713,0.4001721739768982,-0.001936371149495244,7e-05,0.0067398935,0.09734375,0.7557553384080529,0.11352203786373138,0.15,,,,,,,,,,,,,,,,,,,,,,,,,,,,,
6.169384002685547,262.41,1968640,327,5,39,-0.39298861676996405,2716,0.5007476806640625,-0.00040581094270402735,7e-05,0.007604607,0.07059659090909091,0.43779157955538145,0.2542175352573395,0.15,,,,,,,,,,,,,,,,,,,,,,,,,,,,,
6.3047051429748535,253.98,1971200,369,6,41,-0.40287502110004425,2717,0.6460952758789062,0.004438501679235035,7e-05,0.00405481,0.06684027777777778,0.3721411143326097,0.07932557165622711,0.15,,,,,,,,,,,,,,,,,,,,,,,,,,,,,
6.447149753570557,249.11,1973760,354,7,50,-0.4003579571843147,2722,0.5854063034057617,-0.0016847440134733916,7e-05,0.0075416313,0.12328125,0.5791722464188933,0.021537967026233673,0.15,,,,,,,,,,,,,,,,,,,,,,,,,,,,,
6.442988872528076,250.39,1976320,339,8,60,-0.4185009969675795,2727,0.6141489744186401,-0.0014206509284199551,7e-05,0.0072098863,0.07945478723404255,0.5670631912715257,0.34539079666137695,0.15,,,,,,,,,,,,,,,,,,,,,,,,,,,,,
6.427413463592529,253.55,1978880,329,9,69,-0.40726428121328356,2732,0.5734875798225403,-0.0006959474831819535,7e-05,0.009825034,0.109453125,0.5892775084450841,0.1438712775707245,0.15,,,,,,,,,,,,,,,,,,,,,,,,,,,,,
6.422857761383057,255.69,1981440,323,10,79,-0.40597530514001845,2737,0.5130163431167603,-0.0032117997109889986,7e-05,0.007507962,0.089296875,0.5635488357953727,0.04758312180638313,0.15,,,,,,,,,,,,,,,,,,,,,,,,,,,,,
6.413344860076904,258.05,1984000,316,11,89,-0.42718777418136594,2742,0.268671452999115,-0.001259380322881043,7e-05,0.00936519,0.1171875,0.7223711552284658,0.5589262843132019,0.15,,,,,,,,,,,,,,,,,,,,,,,,,,,,,
6.41921329498291,256.82,1986560,318,12,96,-0.3913534399867058,2747,0.4425516128540039,-0.001858869483694434,7e-05,0.00931515,0.08375,0.375177990142256,0.31080931425094604,0.15,,,,,,,,,,,,,,,,,,,,,,,,,,,,,
6.274735927581787,261.29,1989120,321,13,103,-0.3921416212618351,2752,0.36346524953842163,-0.0017015053890645504,7e-05,0.0050236206,0.08484375,0.36716365072876217,0.46980518102645874,0.15,,,,,,,,,,,,,,,,,,,,,,,,,,,,,
6.129575729370117,265.62,1991680,321,14,111,-0.4033788725733757,2757,0.36302506923675537,-0.0036778688430786134,7e-05,0.0075723613,0.10359375,0.4505448941513896,0.018624136224389076,0.15,,,,,,,,,,,,,,,,,,,,,,,,,,,,,
6.409987926483154,259.8,1994240,320,15,119,-0.3917217278617552,2762,0.42033904790878296,-0.0017819361782622062,7e-05,0.0089215115,0.09527658045977011,0.4872508763667496,0.07226689159870148,0.15,,,,,,,,,,,,,,,,,,,,,,,,,,,,,
6.487834930419922,256.48,1996800,318,16,128,-0.37791907519102097,2767,0.35800373554229736,-0.000739487512037158,7e-05,0.005561003,0.097421875,0.7311116888746619,0.042727548629045486,0.15,,,,,,,,,,,,,,,,,,,,,,,,,,,,,
6.365260124206543,259.47,1999360,313,17,138,-0.3476763617992401,2772,0.2990208864212036,-0.00022375398315489293,7e-05,0.0061561465,0.07953125,0.6095173336938023,0.1993289738893509,0.15,,,,,,,,,,,,,,,,,,,,,,,,,,,,,
6.368009090423584,259.1,2001920,314,18,146,-0.3687863862514496,2777,0.22154384851455688,-0.0027596707455813884,7e-05,0.0049990495,0.08125,0.4070405644923449,0.07940169423818588,0.15,,,,,,,,,,,,,,,,,,,,,,,,,,,,,
6.41427755355835,258.69,2004480,323,19,150,-0.38803370384609,2780,0.24419748783111572,0.0009443816893240984,7e-05,0.009034365,0.07858455882352941,0.5244123598231989,1.1544402837753296,0.15,,,,,,,,,,,,,,,,,,,,,,,,,,,,,
6.405579090118408,257.83,2007040,320,20,159,-0.38808739244937895,2785,0.22182458639144897,-0.004041246427223086,7e-05,0.006368215,0.083671875,0.5508383756875992,0.6370273232460022,0.15,,,,,,,,,,,,,,,,,,,,,,,,,,,,,
,,,,,,-0.3751577326655388,2790,0.3566597104072571,0.0015365792345255612,7e-05,0.0056553287,0.109296875,0.6803876089118421,0.21459397673606873,0.15,,,,,,,,,0.7,3.3731329539238413,5.1167825660295785,290.39,1433600,3,0,109.55171335949065,,,,,,,,,,,,,
,,,,,,,,,,,,,,,,,,,,,,,,0.41,5.028545153194305,2.451676989160478,328.89,1433600,3,1,134.0157375086971,,,,,,,,,,,,,
,,,,,,,,,,,,,,,,,,,,,,,,,,,,1433600,3,,,157.3,0,6.75,0.7,0,0.29,0,0.7,0.7,0.0,0,0,0.41
6.25748348236084,262.37,2009600,2085,1,1,,,,,,,,,,,3,1,11,0.011,1433600,440,7e-05,15,,,,,,,,,,,,,,,,,,,,,
6.175949573516846,265.62,2012160,581,2,8,-0.3599512779712677,2795,0.31263792514801025,-8.570354897528887e-05,7e-05,0.0069012577,0.092421875,0.36630828959867356,0.42799583077430725,0.15,,,,,,,,,,,,,,,,,,,,,,,,,,,,,
6.029388427734375,269.48,2014720,487,3,15,-0.4094808381050825,2799,0.5160599946975708,0.0010178637458011508,7e-05,0.010074456,0.10478515625,0.4811376672005281,0.05762232095003128,0.15,,,,,,,,,,,,,,,,,,,,,,,,,,,,,
6.1053147315979,267.62,2017280,530,4,19,-0.38949714792080414,2801,0.39141327142715454,0.00011876669640724476,7e-05,0.0057763145,0.06029647435897436,0.586075240937181,0.9008969664573669,0.15,,,,,,,,,,,,,,,,,,,,,,,,,,,,,
6.020432949066162,271.56,2019840,470,5,27,-0.3793697029352188,2806,0.4138662815093994,-0.0016462156269699336,7e-05,0.0057167076,0.08046875,0.6601205866970122,0.5656895041465759,0.15,,,,,,,,,,,,,,,,,,,,,,,,,,,,,
5.970391750335693,272.29,2022400,425,6,36,-0.39375607669353485,2811,0.3946775197982788,-0.0003203819785267115,7e-05,0.0047473717,0.082578125,0.8795173848699779,0.016733452677726746,0.15,,,,,,,,,,,,,,,,,,,,,,,,,,,,,
5.829986572265625,276.64,2024960,456,7,39,-0.373583205320217,2813,0.4779191017150879,0.0033823660471373135,7e-05,0.015476326,0.0798611111111111,0.8359693520598941,0.11464523524045944,0.15,,,,,,,,,,,,,,,,,,,,,,,,,,,,,
5.753623008728027,278.4,2027520,431,8,47,-0.4289417442679405,2818,0.49610990285873413,-0.0037495526019483806,7e-05,0.010411157,0.10796875,0.5839505555666983,0.25497183203697205,0.15,,,,,,,,,,,,,,,,,,,,,,,,,,,,,
5.81573486328125,277.61,2030080,409,9,56,-0.4055360820889473,2823,0.3973633050918579,-0.0008359853178262711,7e-05,0.004706862,0.090625,0.7042084006778896,0.3476601839065552,0.15,,,,,,,,,,,,,,,,,,,,,,,,,,,,,
5.827054977416992,275.99,2032640,419,10,61,-0.4436131969411322,2826,0.29137784242630005,0.0008461408594504316,7e-05,0.0077845645,0.06515957446808511,0.9214604102233623,0.6272619962692261,0.15,,,,,,,,,,,,,,,,,,,,,,,,,,,,,
5.796884536743164,274.7,2035200,401,11,70,-0.4664507982134819,2831,0.26826930046081543,-0.002448305757716298,7e-05,0.00568964,0.0846875,0.7764302631467581,0.3289816677570343,0.15,,,,,,,,,,,,,,,,,,,,,,,,,,,,,
5.769672393798828,278.2,2037760,385,12,79,-0.44456078857183456,2836,0.3853122591972351,-0.0007920434884727001,7e-05,0.0032911736,0.094609375,0.5265007465705276,0.17817245423793793,0.15,,,,,,,,,,,,,,,,,,,,,,,,,,,,,
5.647271156311035,281.32,2040320,393,13,84,-0.4570480099746159,2840,0.2860589623451233,0.00030417868069240023,7e-05,0.008108206,0.08816964285714286,0.6969273872407419,0.2247243970632553,0.15,,,,,,,,,,,,,,,,,,,,,,,,,,,,,
5.809869289398193,275.7,2042880,391,14,91,-0.4588415316947095,2844,0.4754008650779724,0.0005988156447162876,7e-05,0.008464299,0.1007508116883117,0.5891159278425303,0.24691227078437805,0.15,,,,,,,,,,,,,,,,,,,,,,,,,,,,,
5.952859878540039,270.38,2045440,379,15,101,-0.47485166996717454,2849,0.4341113567352295,-0.0017042128182947636,7e-05,0.004988703,0.103515625,0.7438028290495277,0.03510647639632225,0.15,,,,,,,,,,,,,,,,,,,,,,,,,,,,,
6.021493434906006,269.33,2048000,365,16,112,-0.44397736310958863,2854,0.33642643690109253,-0.0011689463164657355,7e-05,0.006927725,0.10921875,0.8515333185531199,0.990598201751709,0.15,,,,,,,,,,,,,,,,,,,,,,,,,,,,,
5.9671196937561035,273.87,2050560,365,17,119,-0.4651597611984964,2857,0.35325878858566284,2.2977448494757636e-05,7e-05,0.012292372,0.07984639830508475,0.8106348437841161,0.24712635576725006,0.15,,,,,,,,,,,,,,,,,,,,,,,,,,,,,
5.9691314697265625,274.13,2053120,369,18,124,-0.5000070683085002,2860,0.6206250786781311,0.004238657671241806,7e-05,0.023166394,0.11568509615384616,0.7700708080799534,0.4797632098197937,0.15,,,,,,,,,,,,,,,,,,,,,,,,,,,,,
5.902146816253662,276.23,2055680,367,19,132,-0.47274721692306826,2865,0.31886911392211914,-0.0017303332705238853,7e-05,0.011404795,0.12342171717171717,0.41454109611610573,0.2543165981769562,0.15,,,,,,,,,,,,,,,,,,,,,,,,,,,,,
5.918300628662109,275.09,2058240,360,20,141,-0.42289107441902163,2870,0.3806283473968506,-0.0012474826443940401,7e-05,0.0052116965,0.0921875,0.5667830373160541,0.02772272191941738,0.15,,,,,,,,,,,,,,,,,,,,,,,,,,,,,
,,,,,,-0.48476625482241315,2872,0.5608985424041748,0.006506405460337798,7e-05,0.043002106,0.13430059523809523,0.5161639629375367,0.7708109021186829,0.15,,,,,,,,,0.8,2.83905005086816,5.851617155298591,273.66,1484800,3,0,100.2297580561781,,,,,,,,,,,,,
,,,,,,,,,,,,,,,,,,,,,,,,0.55,4.415960393740805,3.963169578276575,289.13,1484800,3,1,137.62083090869638,,,,,,,,,,,,,
,,,,,,,,,,,,,,,,,,,,,,,,,,,,1484800,3,,,157.3,0,6.75,0.8,0,0.25,0,0.8,0.8,0.0,0,0,0.55
5.7073469161987305,280.45,2060800,2231,1,1,,,,,,,,,,,3,1,11,0.011,1484800,440,7e-05,15,,,,,,,,,,,,,,,,,,,,,
5.729540824890137,283.41,2063360,967,2,5,-0.4110478369089273,2874,0.524783730506897,0.00037593501978195633,7e-05,0.005561674,0.08633814102564102,0.44718844978473127,0.17423246800899506,0.15,,,,,,,,,,,,,,,,,,,,,,,,,,,,,
5.8467302322387695,275.84,2065920,577,3,13,-0.3834563022778358,2879,0.34631603956222534,-9.032730932956861e-05,7e-05,0.04969563,0.0626929012345679,1.0046068429486987,0.2129899114370346,0.15,,,,,,,,,,,,,,,,,,,,,,,,,,,,,
5.954103469848633,271.81,2068480,583,4,17,-0.40628197608572064,2881,0.5344938039779663,0.0017405010082504966,7e-05,0.014589096,0.10132575757575757,0.8191492668155468,0.5482164621353149,0.15,,,,,,,,,,,,,,,,,,,,,,,,,,,,,
5.739828586578369,277.71,2071040,525,5,24,-0.381711128042705,2885,0.6560335159301758,0.0011982844252862146,7e-05,0.008391365,0.09386660447761194,0.7034620388285883,0.22165624797344208,0.15,,,,,,,,,,,,,,,,,,,,,,,,,,,,,
5.751310348510742,275.9,2073600,485,6,31,-0.3765208550861904,2888,0.672573983669281,0.0012127407327560441,7e-05,0.017485356,0.10379464285714286,0.7311871686418142,0.08166815340518951,0.15,,,,,,,,,,,,,,,,,,,,,,,,,,,,,
5.53317403793335,281.96,2076160,454,7,39,-0.3606602644920349,2893,0.2823472023010254,-0.0013617259822785853,7e-05,0.0046566017,0.081328125,0.9322827448695898,0.042167067527770996,0.15,,,,,,,,,,,,,,,,,,,,,,,,,,,,,
5.577789783477783,279.09,2078720,428,8,47,-0.42117890357971194,2898,0.4312293529510498,-0.0024114026874303817,7e-05,0.0066239475,0.096640625,0.7145339241437614,0.07371185719966888,0.15,,,,,,,,,,,,,,,,,,,,,,,,,,,,,
5.727503776550293,278.54,2081280,402,9,57,-0.3885687598586082,2903,0.2668073773384094,-0.0015096219442784786,7e-05,0.0047807586,0.06984375,0.8723239225707948,0.8698562383651733,0.15,,,,,,,,,,,,,,,,,,,,,,,,,,,,,
5.8074750900268555,274.59,2083840,393,10,65,-0.41862492044182387,2907,0.19992387294769287,-0.001818064586533343,7e-05,0.01678572,0.10546875,1.0818249922903145,0.5166200399398804,0.15,,,,,,,,,,,,,,,,,,,,,,,,,,,,,
5.9711833000183105,268.74,2086400,381,11,73,-0.39254866987466813,2912,0.30952244997024536,-0.002054610913619399,7e-05,0.006614701,0.08875,0.6405372425913811,0.02060461789369583,0.15,,,,,,,,,,,,,,,,,,,,,,,,,,,,,
5.853903770446777,273.34,2088960,368,12,83,-0.3947865894436836,2917,0.525195837020874,0.0005790136754512786,7e-05,0.0064683603,0.108828125,0.5498585409764201,0.05266597121953964,0.15,,,,,,,,,,,,,,,,,,,,,,,,,,,,,
5.8073625564575195,273.24,2091520,367,13,90,-0.41472104369174867,2922,0.5386135578155518,-0.0001766475560587077,7e-05,0.026730964,0.10360863095238096,0.9160231501529259,0.2740503251552582,0.15,,,,,,,,,,,,,,,,,,,,,,,,,,,,,
5.584924221038818,281.98,2094080,364,14,98,-0.3661561304330826,2927,0.5427775382995605,-0.0020219018450006844,7e-05,0.0035283095,0.07796875,0.4587706865742803,0.6555024981498718,0.15,,,,,,,,,,,,,,,,,,,,,,,,,,,,,
5.543516635894775,282.13,2096640,362,15,105,-0.3862935468554497,2932,0.6448974609375,0.0010129645932465791,7e-05,0.008719343,0.09875,0.45112504370510575,0.015449989587068558,0.15,,,,,,,,,,,,,,,,,,,,,,,,,,,,,
5.842729091644287,278.71,2099200,352,16,116,-0.3881965410709381,2937,0.43147414922714233,-0.0019166423939168454,7e-05,0.0062793023,0.09125,0.7213093203678728,0.26294663548469543,0.15,,,,,,,,,,,,,,,,,,,,,,,,,,,,,
5.829535007476807,279.6,2101760,349,17,124,-0.42218347191810607,2942,0.33962225914001465,-0.0011415231693536042,7e-05,0.0068856245,0.104921875,0.8177182845771312,0.8140356540679932,0.15,,,,,,,,,,,,,,,,,,,,,,,,,,,,,
5.887568950653076,279.92,2104320,358,18,128,-0.40145586560601776,2945,0.4564485549926758,0.005388291572908993,7e-05,0.012882474,0.10988451086956522,0.8284169729880017,0.11731728911399841,0.15,,,,,,,,,,,,,,,,,,,,,,,,,,,,,
5.942020893096924,279.98,2106880,348,19,139,-0.38947598963975905,2950,0.4369073510169983,-0.0024863523337990048,7e-05,0.0049513653,0.091640625,0.815695825535804,0.9731683135032654,0.15,,,,,,,,,,,,,,,,,,,,,,,,,,,,,
5.721765518188477,284.94,2109440,351,20,145,-0.448076906916383,2954,0.5222180485725403,-0.002398762343959375,7e-05,0.007331845,0.08745941558441558,0.9530477922458154,1.204628348350525,0.15,,,,,,,,,,,,,,,,,,,,,,,,,,,,,
,,,,,,-0.49173720747232436,2959,0.6620464324951172,-0.0013238276354968549,7e-05,0.00820704,0.12203125,0.7926490644924342,1.0251712799072266,0.15,,,,,,,,,0.85,2.8534772014123804,6.1357754150033,259.78,1536000,3,0,92.22034265822265,,,,,,,,,,,,,
,,,,,,,,,,,,,,,,,,,,,,,,0.49,4.7993493548596495,3.2852433347702026,309.04,1536000,3,1,134.7621549248898,,,,,,,,,,,,,
,,,,,,,,,,,,,,,,,,,,,,,,,,,,1536000,3,,,157.3,0,6.75,0.85,0,0.36,0,0.85,0.85,0.0,0,0,0.49
5.694240093231201,284.77,2112000,2034,1,1,,,,,,,,,,,3,1,11,0.011,1536000,440,7e-05,15,,,,,,,,,,,,,,,,,,,,,
5.776506423950195,281.0,2114560,828,2,6,-0.4040539160717365,2962,0.6320416927337646,0.0016998973523461541,7e-05,0.023587884,0.09320494186046512,0.7366419900641885,0.1029399186372757,0.15,,,,,,,,,,,,,,,,,,,,,,,,,,,,,
5.925849437713623,272.75,2117120,475,3,16,-0.38431226372718813,2967,0.49295252561569214,-0.0002443891018629074,7e-05,0.00502948,0.090390625,0.7912177569046617,0.4608725309371948,0.15,,,,,,,,,,,,,,,,,,,,,,,,,,,,,
5.9318060874938965,271.53,2119680,399,4,25,-0.3640459933876991,2972,0.566088080406189,0.0003965036105364561,7e-05,0.0069333776,0.079375,0.7037465270422399,0.03130796551704407,0.15,,,,,,,,,,,,,,,,,,,,,,,,,,,,,
6.048294544219971,268.59,2122240,378,5,33,-0.3622924390435219,2977,0.7317571640014648,-0.0012807157542556525,7e-05,0.0052221674,0.103359375,0.62047946235165,0.04561641067266464,0.15,,,,,,,,,,,,,,,,,,,,,,,,,,,,,
5.889981269836426,275.79,2124800,416,6,36,-0.408556445118259,2979,0.7315740585327148,0.005572803756769966,7e-05,0.009870885,0.08409926470588236,0.7775980643928051,0.08592770993709564,0.15,,,,,,,,,,,,,,,,,,,,,,,,,,,,,
5.814577579498291,272.99,2127360,463,7,38,-0.3825023082586435,2980,0.46812504529953003,0.0042407324251074055,7e-05,0.0075972425,0.09254807692307693,1.049138855189085,0.3638954162597656,0.15,,,,,,,,,,,,,,,,,,,,,,,,,,,,,
5.911374092102051,267.78,2129920,437,8,46,-0.3836811497807503,2985,0.6202348470687866,-0.0008136866847053171,7e-05,0.0073013743,0.092890625,1.1187546377815307,0.21148882806301117,0.15,,,,,,,,,,,,,,,,,,,,,,,,,,,,,
6.036198139190674,264.77,2132480,416,9,55,-0.346318491846323,2990,0.598283052444458,-0.0007315570674836636,7e-05,0.005393421,0.085,1.2803723514825105,0.9619442224502563,0.15,,,,,,,,,,,,,,,,,,,,,,,,,,,,,
6.089319229125977,266.27,2135040,427,10,59,-0.3794514773921533,2993,0.4688676595687866,0.0015610980547287247,7e-05,0.027177654,0.07919034090909091,1.3605478294193745,0.36059319972991943,0.15,,,,,,,,,,,,,,,,,,,,,,,,,,,,,
6.2499775886535645,262.92,2137600,419,11,67,-0.37870526522397996,2998,0.2803826332092285,-0.0026185619551688435,7e-05,0.009061233,0.094140625,0.7741237630322576,0.06930645555257797,0.15,,,,,,,,,,,,,,,,,,,,,,,,,,,,,
6.054332256317139,268.52,2140160,409,12,75,-0.36159047469496725,3003,0.2447943091392517,-0.0006587621476501226,7e-05,0.004932592,0.105,0.964589826501906,0.781968891620636,0.15,,,,,,,,,,,,,,,,,,,,,,,,,,,,,
6.054152965545654,268.63,2142720,428,13,77,-0.3637247059656226,3005,0.4453468918800354,0.002592067112741263,7e-05,0.021881357,0.06317934782608696,0.6648281462814497,0.06383345276117325,0.15,,,,,,,,,,,,,,,,,,,,,,,,,,,,,
6.156482696533203,268.22,2145280,413,14,86,-0.3479398357868195,3010,0.327014684677124,-0.0010588167607784272,7e-05,0.0050006122,0.086953125,1.1006249069422482,0.0280039981007576,0.15,,,,,,,,,,,,,,,,,,,,,,,,,,,,,
6.201218128204346,268.62,2147840,403,15,95,-0.36780646204948425,3015,0.09615910053253174,-0.0019797647278755903,7e-05,0.0045431005,0.08609375,1.0426128869503737,0.5584579110145569,0.15,,,,,,,,,,,,,,,,,,,,,,,,,,,,,
6.288992881774902,265.52,2150400,393,16,104,-0.3738616569340229,3020,0.26304739713668823,-0.00059148283675313,7e-05,0.004736441,0.098828125,0.7105410437472165,0.16851656138896942,0.15,,,,,,,,,,,,,,,,,,,,,,,,,,,,,
6.0933613777160645,272.07,2152960,387,17,112,-0.3806269009411335,3025,0.2769295573234558,0.0003174962196499109,7e-05,0.007371432,0.0890625,0.7720633427705615,0.33627191185951233,0.15,,,,,,,,,,,,,,,,,,,,,,,,,,,,,
6.038362979888916,273.18,2155520,385,18,119,-0.37594377547502517,3030,0.43410390615463257,-0.0005229039210826159,7e-05,0.00756321,0.110703125,0.4220150126889348,0.025050638243556023,0.15,,,,,,,,,,,,,,,,,,,,,,,,,,,,,
6.137292385101318,267.06,2158080,377,19,128,-0.3577837321162224,3035,0.324346125125885,-0.0013735183794051408,7e-05,0.006615101,0.092734375,0.8741036331094801,0.04667070880532265,0.15,,,,,,,,,,,,,,,,,,,,,,,,,,,,,
6.082194805145264,267.38,2160640,369,20,138,-0.3586589357256889,3040,0.026718616485595703,0.0011044591292738914,7e-05,0.0044072205,0.1,1.0685939693823456,1.4858992099761963,0.15,,,,,,,,,,,,,,,,,,,,,,,,,,,,,
,,,,,,-0.38705154567956923,3045,0.26644372940063477,0.0005350990500301122,7e-05,0.0062849075,0.093046875,0.6685074947401881,0.6084018349647522,0.15,,,,,,,,,0.8,2.9081235476119374,5.820086313486099,276.12,1587200,3,0,100.98269950838115,,,,,,,,,,,,,
,,,,,,,,,,,,,,,,,,,,,,,,0.39,4.150463108811199,2.7497757872194053,333.77,1587200,3,1,133.80708912460506,,,,,,,,,,,,,
,,,,,,,,,,,,,,,,,,,,,,,,,,,,1587200,3,,,157.3,0,6.75,0.8,0,0.41000000000000003,0,0.8,0.8,0.0,0,0,0.39
6.14187479019165,262.44,2163200,2131,1,1,,,,,,,,,,,3,1,11,0.011,1587200,440,7e-05,15,,,,,,,,,,,,,,,,,,,,,
6.2406816482543945,262.79,2165760,854,2,5,-0.3780897165890093,3048,0.28588175773620605,0.0035732296226477184,7e-05,0.011177002,0.09678819444444445,0.5190194575460972,0.04402971267700195,0.15,,,,,,,,,,,,,,,,,,,,,,,,,,,,,
6.217278957366943,266.51,2168320,528,3,14,-0.3902745544910431,3053,0.14156538248062134,-0.001153564667329192,7e-05,0.007013706,0.121328125,0.7071902586892247,0.8590929508209229,0.15,,,,,,,,,,,,,,,,,,,,,,,,,,,,,
6.175233364105225,266.39,2170880,396,4,25,-0.3538984248042107,3058,0.2500407099723816,-0.0035310304537415505,7e-05,0.005627134,0.1015625,0.7003004217520357,0.18772554397583008,0.15,,,,,,,,,,,,,,,,,,,,,,,,,,,,,
6.135374069213867,272.16,2173440,381,5,33,-0.3585409557819366,3063,0.2590770721435547,-0.001080344170331955,7e-05,0.0081859175,0.0984375,0.6221562590729445,0.5686078667640686,0.15,,,,,,,,,,,,,,,,,,,,,,,,,,,,,
6.326521396636963,268.04,2176000,376,6,40,-0.3420462393760681,3068,0.19223713874816895,-0.0033899549581110477,7e-05,0.006741294,0.08859375,0.6481166429258883,0.012369013391435146,0.15,,,,,,,,,,,,,,,,,,,,,,,,,,,,,
6.349268913269043,265.21,2178560,351,7,50,-0.35067916005849836,3073,0.27445298433303833,-0.0008104340173304081,7e-05,0.009403375,0.090234375,0.8077289227023721,0.4783954620361328,0.15,,,,,,,,,,,,,,,,,,,,,,,,,,,,,
6.439157009124756,259.87,2181120,375,8,54,-0.36021118983626366,3075,0.12051641941070557,-0.00037401835434138777,7e-05,0.009106074,0.091796875,0.47319734739139674,0.038904737681150436,0.15,,,,,,,,,,,,,,,,,,,,,,,,,,,,,
6.355588436126709,264.06,2183680,364,9,63,-0.35961936101317404,3080,0.28800249099731445,-0.000399755435064435,7e-05,0.0059589874,0.093359375,0.639500737937633,0.8244476914405823,0.15,,,,,,,,,,,,,,,,,,,,,,,,,,,,,
6.0226030349731445,275.0,2186240,376,10,68,-0.4221647117958694,3084,0.3641563057899475,0.001830279430160757,7e-05,0.083771475,0.10771004098360656,0.7966963780097297,0.24737873673439026,0.15,,,,,,,,,,,,,,,,,,,,,,,,,,,,,
6.0831732749938965,274.18,2188800,364,11,77,-0.41518390506505964,3089,0.4369812607765198,0.00012478872202336788,7e-05,0.0073349224,0.10625,0.7062853676080704,0.043919116258621216,0.15,,,,,,,,,,,,,,,,,,,,,,,,,,,,,
5.973512172698975,282.15,2191360,364,12,84,-0.3907199826836586,3094,0.17260533571243286,-0.0021603590622544288,7e-05,0.0037768949,0.073671875,0.8657376265898347,0.8192181587219238,0.15,,,,,,,,,,,,,,,,,,,,,,,,,,,,,
5.84787654876709,284.7,2193920,355,13,93,-0.40517159819602966,3099,0.13035207986831665,0.0002221270091831684,7e-05,0.006876671,0.091484375,0.8587046847119928,0.2566191852092743,0.15,,,,,,,,,,,,,,,,,,,,,,,,,,,,,
5.790607452392578,283.34,2196480,371,14,96,-0.41017939647038776,3101,0.2478460669517517,0.002878971673824169,7e-05,0.013696013,0.08506944444444445,0.5432381120820841,0.2382439225912094,0.15,,,,,,,,,,,,,,,,,,,,,,,,,,,,,
5.714569091796875,287.38,2199040,364,15,105,-0.3701220731372419,3106,0.2324047088623047,0.001991749528552527,7e-05,0.01260795,0.10326086956521739,0.8013443464676485,0.5035117864608765,0.15,,,,,,,,,,,,,,,,,,,,,,,,,,,,,
5.69033145904541,282.73,2201600,376,16,108,-0.39871024746786465,3109,0.2953280210494995,0.0030990495473485103,7e-05,0.016506605,0.09552556818181818,0.7532463129398159,0.053916800767183304,0.15,,,,,,,,,,,,,,,,,,,,,,,,,,,,,
5.715069770812988,279.92,2204160,368,17,118,-0.35189722493290904,3114,0.2773171663284302,-0.000846027759835124,7e-05,0.0039877677,0.0615625,1.1182225738093257,0.14835277199745178,0.15,,,,,,,,,,,,,,,,,,,,,,,,,,,,,
5.8935956954956055,276.57,2206720,369,18,124,-0.3488092115565912,3118,0.24914509057998657,0.00023506777778045456,7e-05,0.009300514,0.06996268656716417,0.8906888230078256,0.16821597516536713,0.15,,,,,,,,,,,,,,,,,,,,,,,,,,,,,
6.006749153137207,274.99,2209280,373,19,130,-0.3988025251187776,3121,0.2328627109527588,0.002755279391350453,7e-05,0.010427322,0.0893640350877193,0.7999496250821833,0.5423101186752319,0.15,,,,,,,,,,,,,,,,,,,,,,,,,,,,,
6.118344783782959,270.92,2211840,381,20,134,-0.44659135389972376,3123,0.29890376329421997,0.005255178170832428,7e-05,0.009220402,0.11908783783783784,0.677246264207202,0.34735774993896484,0.15,,,,,,,,,,,,,,,,,,,,,,,,,,,,,
,,,,,,-0.38998663038015363,3128,0.42533957958221436,-0.0010759348422288895,7e-05,0.005544693,0.083046875,0.6925600245036185,0.05106324702501297,0.15,,,,,,,,,0.91,2.182538088132357,6.573377216756344,254.7,1638400,3,0,86.18265486743837,,,,,,,,,,,,,
,,,,,,,,,,,,,,,,,,,,,,,,0.57,5.098548806375729,3.727737262547016,282.27,1638400,3,1,138.15432349369308,,,,,,,,,,,,,
,,,,,,,,,,,,,,,,,,,,,,,,,,,,1638400,3,,,157.3,0,6.75,0.91,0,0.3400000000000001,0,0.91,0.91,0.0,0,0,0.57
6.065979480743408,270.23,2214400,2142,1,1,,,,,,,,,,,3,1,11,0.011,1638400,440,7e-05,15,,,,,,,,,,,,,,,,,,,,,
5.945513725280762,271.95,2216960,746,2,6,-0.4254928760487458,3131,0.6273914575576782,6.933214849439161e-05,7e-05,0.008607792,0.09792564655172414,0.5313052867764029,0.826744019985199,0.15,,,,,,,,,,,,,,,,,,,,,,,,,,,,,
6.184993267059326,260.53,2219520,483,3,15,-0.4273317050933838,3136,0.4443809390068054,-0.0020225805230438708,7e-05,0.0038415678,0.100625,0.47597829200327396,0.012406048364937305,0.15,,,,,,,,,,,,,,,,,,,,,,,,,,,,,
6.393936634063721,254.39,2222080,379,4,26,-0.3711061260104179,3141,0.47271639108657837,-0.0014183933567255736,7e-05,0.004687019,0.0759375,0.5745227408781648,0.41943949460983276,0.15,,,,,,,,,,,,,,,,,,,,,,,,,,,,,
6.37530517578125,256.69,2224640,366,5,34,-0.34614279121160507,3146,0.4961282014846802,-0.0012869397876784205,7e-05,0.0052015334,0.07984375,0.4493311067577451,0.2252967208623886,0.15,,,,,,,,,,,,,,,,,,,,,,,,,,,,,
6.442334175109863,254.75,2227200,342,6,44,-0.3776760217547417,3151,0.44577860832214355,-0.0007413557264953852,7e-05,0.0066747493,0.09984375,0.7818815597519279,0.9090752005577087,0.15,,,,,,,,,,,,,,,,,,,,,,,,,,,,,
6.331492900848389,255.8,2229760,332,7,53,-0.40547321826219557,3156,0.4204022288322449,0.002081866357475519,7e-05,0.003797572,0.081484375,0.6611943419277668,0.11559660732746124,0.15,,,,,,,,,,,,,,,,,,,,,,,,,,,,,
6.2836480140686035,254.62,2232320,325,8,63,-0.3684910535812378,3161,0.48756080865859985,-0.0011264952179044485,7e-05,0.007019521,0.096953125,0.47374544801190493,0.06434625387191772,0.15,,,,,,,,,,,,,,,,,,,,,,,,,,,,,
6.302649974822998,253.03,2234880,321,9,71,-0.38108759596943853,3166,0.43304580450057983,-0.00066094976849854,7e-05,0.0054016956,0.0921875,0.5947371756285429,0.031080840155482292,0.15,,,,,,,,,,,,,,,,,,,,,,,,,,,,,
6.3031697273254395,253.83,2237440,317,10,80,-0.370117544233799,3171,0.48318904638290405,-0.0006318140868097543,7e-05,0.0040603923,0.085546875,0.642548725809902,0.527848482131958,0.15,,,,,,,,,,,,,,,,,,,,,,,,,,,,,
6.4378275871276855,252.19,2240000,298,11,94,-0.34152506560087204,3176,0.4600958824157715,-0.0008988743927329779,7e-05,0.0043983017,0.079453125,0.5813176331669092,0.010880631394684315,0.15,,,,,,,,,,,,,,,,,,,,,,,,,,,,,
6.619920253753662,247.16,2242560,294,12,104,-0.34636802315711973,3181,0.4485970139503479,-0.0011167702917009592,7e-05,0.005010923,0.098359375,0.5489434043038637,0.256641149520874,0.15,,,,,,,,,,,,,,,,,,,,,,,,,,,,,
6.5317206382751465,253.07,2245120,294,13,112,-0.3990344417095184,3186,0.380363404750824,-0.00036639668978750707,7e-05,0.005503076,0.094765625,0.5984304460883141,0.17745967209339142,0.15,,,,,,,,,,,,,,,,,,,,,,,,,,,,,
6.559215545654297,248.21,2247680,302,14,118,-0.3618979449455555,3190,0.47968292236328125,0.0020243723590213517,7e-05,0.016410897,0.1045673076923077,0.41251375935971735,0.13309916853904724,0.15,,,,,,,,,,,,,,,,,,,,,,,,,,,,,
6.5017547607421875,248.99,2250240,296,15,129,-0.3426422765851021,3195,0.542191743850708,-0.00011882925406098366,7e-05,0.004004848,0.086015625,0.56959347628057,0.12655998766422272,0.15,,,,,,,,,,,,,,,,,,,,,,,,,,,,,
6.4925031661987305,248.76,2252800,300,16,136,-0.31611725838497434,3200,0.6167515516281128,-0.0010613476236661275,7e-05,0.006785584,0.08033459595959595,0.2496454825229717,0.14281617105007172,0.15,,,,,,,,,,,,,,,,,,,,,,,,,,,,,
6.49244499206543,248.39,2255360,298,17,145,-0.3620336326956749,3205,0.5462754964828491,-0.0016450635623186827,7e-05,0.0041235415,0.08234375,0.524949301481247,0.43114912509918213,0.15,,,,,,,,,,,,,,,,,,,,,,,,,,,,,
6.486957550048828,249.84,2257920,307,18,149,-0.3444560781121254,3207,0.6249089241027832,0.0020933676278218627,7e-05,0.0056999796,0.0669921875,0.4178938515484333,0.8128925561904907,0.15,,,,,,,,,,,,,,,,,,,,,,,,,,,,,
6.475102424621582,251.67,2260480,307,19,158,-0.35610881611704825,3212,0.5176782011985779,0.0001623938139528036,7e-05,0.008952099,0.100234375,0.4521437644958496,0.4555954039096832,0.15,,,,,,,,,,,,,,,,,,,,,,,,,,,,,
6.232179641723633,257.29,2263040,308,20,166,-0.3760474920272827,3217,0.5193608999252319,-0.00205429726280272,7e-05,0.005521601,0.07953125,0.45654634123668075,0.08578290045261383,0.15,,,,,,,,,,,,,,,,,,,,,,,,,,,,,
,,,,,,-0.37620035365223886,3222,0.6684443950653076,-0.001999724227935076,7e-05,0.007454588,0.093359375,0.46767691714689136,0.15627415478229523,0.15,,,,,,,,,0.86,2.4434925548503212,6.352173383813351,251.72,1689600,3,0,101.08798939537772,,,,,,,,,,,,,
,,,,,,,,,,,,,,,,,,,,,,,,0.54,4.6586786570909835,3.813476883508265,289.91,1689600,3,1,139.6862265937483,,,,,,,,,,,,,
,,,,,,,,,,,,,,,,,,,,,,,,,,,,1689600,3,,,157.3,0,6.75,0.86,0,0.31999999999999995,0,0.86,0.86,0.0,0,0,0.54
6.215734958648682,258.35,2265600,2148,1,1,,,,,,,,,,,3,1,11,0.011,1689600,440,7e-05,15,,,,,,,,,,,,,,,,,,,,,
6.1520562171936035,260.06,2268160,1890,2,2,-0.38583622376124066,3223,0.5082642436027527,0.011910117955671417,7e-05,0.008376883,0.140625,0.7337956461641524,0.2591841518878937,0.15,,,,,,,,,,,,,,,,,,,,,,,,,,,,,
6.080569267272949,257.85,2270720,1459,3,5,-0.3691056143978368,3225,0.4976542592048645,0.003403851114537405,7e-05,0.014349747,0.051970108695652176,0.8256776531267426,0.13763689994812012,0.15,,,,,,,,,,,,,,,,,,,,,,,,,,,,,
6.069395542144775,259.14,2273280,750,4,13,-0.3275465600192547,3230,0.577916145324707,-0.000800446467474103,7e-05,0.0044719665,0.075703125,0.69915423553437,0.7583511471748352,0.15,,,,,,,,,,,,,,,,,,,,,,,,,,,,,
6.188388824462891,257.58,2275840,558,5,22,-0.32544163048267366,3235,0.31837064027786255,-0.0029183952743187546,7e-05,0.005916136,0.083046875,0.7905271660163998,0.6152072548866272,0.15,,,,,,,,,,,,,,,,,,,,,,,,,,,,,
6.070465087890625,258.33,2278400,478,6,32,-0.4027640648186207,3240,0.7606533765792847,-0.0005156045220792294,7e-05,0.010450015,0.100703125,0.8984930469933897,0.825079619884491,0.15,,,,,,,,,,,,,,,,,,,,,,,,,,,,,
5.960205078125,266.74,2280960,438,7,40,-0.39485972225666044,3245,0.8342300653457642,-0.002097833016887307,7e-05,0.003139476,0.08109375,0.4090434805583209,0.4399702847003937,0.15,,,,,,,,,,,,,,,,,,,,,,,,,,,,,
5.717609882354736,278.35,2283520,439,8,46,-0.37272313772103727,3249,0.3783964514732361,0.0021427793858143,7e-05,0.0062590837,0.08914262820512821,0.5891385613940656,0.10644521564245224,0.15,,,,,,,,,,,,,,,,,,,,,,,,,,,,,
5.836063861846924,268.12,2286080,412,9,55,-0.3791159102320671,3254,0.39606213569641113,-0.002877224967814982,7e-05,0.006710754,0.09421875,0.6523714530095458,0.21796543896198273,0.15,,,,,,,,,,,,,,,,,,,,,,,,,,,,,
5.9909162521362305,261.62,2288640,386,10,66,-0.35382901310920717,3259,0.2103956937789917,0.00013679607771337034,7e-05,0.005861164,0.089921875,0.8686451564356684,0.3997008502483368,0.15,,,,,,,,,,,,,,,,,,,,,,,,,,,,,
6.116036415100098,257.44,2291200,375,11,75,-0.36557788640260697,3264,0.13143008947372437,0.0004047548584640026,7e-05,0.0055993274,0.094609375,0.5544994818791747,0.06223107874393463,0.15,,,,,,,,,,,,,,,,,,,,,,,,,,,,,
6.056132793426514,259.91,2293760,363,12,84,-0.3636065244674683,3269,0.4788717031478882,-0.001543432530015707,7e-05,0.006523928,0.113046875,0.3966736425459385,0.09729423373937607,0.15,,,,,,,,,,,,,,,,,,,,,,,,,,,,,
6.2165093421936035,256.55,2296320,357,13,93,-0.3567638796567917,3274,0.44416344165802,-0.0006884239986538887,7e-05,0.0052998294,0.080234375,0.5271326429955662,0.30830496549606323,0.15,,,,,,,,,,,,,,,,,,,,,,,,,,,,,
6.219806671142578,257.31,2298880,360,14,99,-0.36429789276034746,3277,0.5947038531303406,0.00031197807510141974,7e-05,0.008475987,0.09085648148148148,0.5738748712120233,0.6408500671386719,0.15,,,,,,,,,,,,,,,,,,,,,,,,,,,,,
5.959017753601074,262.63,2301440,360,15,106,-0.41371810339067294,3282,0.6288691163063049,-8.98979361290517e-05,7e-05,0.01123768,0.11965013586956522,0.5121680097047078,0.16713175177574158,0.15,,,,,,,,,,,,,,,,,,,,,,,,,,,,,
5.8598456382751465,269.5,2304000,354,16,115,-0.4003123760223389,3287,0.6094467043876648,0.001816607117652893,7e-05,0.0084141465,0.093203125,0.5988077791966497,0.09321724623441696,0.15,,,,,,,,,,,,,,,,,,,,,,,,,,,,,
5.991994857788086,259.13,2306560,344,17,126,-0.3808964827656746,3292,0.6474773287773132,-0.0013267272897064687,7e-05,0.004131389,0.07859375,0.6837686748616397,0.012112503871321678,0.15,,,,,,,,,,,,,,,,,,,,,,,,,,,,,
6.097845077514648,255.49,2309120,340,18,135,-0.3516227972507477,3297,0.5301374197006226,-0.001869566673412919,7e-05,0.0068625035,0.092265625,0.5078922314569354,0.025809332728385925,0.15,,,,,,,,,,,,,,,,,,,,,,,,,,,,,
5.985350131988525,262.53,2311680,339,19,143,-0.4151181650161743,3302,0.4161810278892517,-0.0017056506033986806,7e-05,0.0043659443,0.081484375,0.8700207720696926,0.42750632762908936,0.15,,,,,,,,,,,,,,,,,,,,,,,,,,,,,
6.018798351287842,265.58,2314240,336,20,152,-0.3561190178990364,3307,0.3926514983177185,-0.0014579035714268685,7e-05,0.005738062,0.07859375,0.8444261629134416,0.8887600302696228,0.15,,,,,,,,,,,,,,,,,,,,,,,,,,,,,
,,,,,,-0.35689296666532755,3311,0.11615294218063354,0.0020779054320883006,7e-05,0.018293269,0.0924072265625,0.8148673615360167,0.36871659755706787,0.15,,,,,,,,,0.83,2.6828028356968083,6.092393534854055,255.83,1740800,3,0,102.54121659118347,,,,,,,,,,,,,
,,,,,,,,,,,,,,,,,,,,,,,,0.53,4.84376193603886,3.4083616019226612,292.74,1740800,3,1,140.0189001528008,,,,,,,,,,,,,
,,,,,,,,,,,,,,,,,,,,,,,,,,,,1740800,3,,,157.3,0,6.75,0.83,0,0.29999999999999993,0,0.83,0.83,0.0,0,0,0.53
6.1401801109313965,263.01,2316800,2138,1,1,,,,,,,,,,,3,1,11,0.011,1740800,440,7e-05,15,,,,,,,,,,,,,,,,,,,,,
6.081964492797852,262.37,2319360,548,2,9,-0.3909305742383003,3316,0.18570762872695923,-0.002477185791358352,7e-05,0.0053135823,0.0875,0.6980659843981266,0.05253916233778,0.15,,,,,,,,,,,,,,,,,,,,,,,,,,,,,
5.9957966804504395,265.7,2321920,422,3,18,-0.40870274633169174,3321,0.37029534578323364,-0.0013418891094624996,7e-05,0.0074483766,0.112265625,0.5124817657656968,0.18816539645195007,0.15,,,,,,,,,,,,,,,,,,,,,,,,,,,,,
5.987466812133789,266.2,2324480,380,4,26,-0.427461356818676,3326,0.4441162347793579,-0.002106969552114606,7e-05,0.0053702923,0.093671875,0.536656297929585,0.011362515389919281,0.15,,,,,,,,,,,,,,,,,,,,,,,,,,,,,
6.143510818481445,260.71,2327040,353,5,36,-0.4003643497824669,3331,0.43897950649261475,-0.0010913565754890441,7e-05,0.005505354,0.1015625,0.6177155016176402,0.4584468901157379,0.15,,,,,,,,,,,,,,,,,,,,,,,,,,,,,
6.205763339996338,258.78,2329600,328,6,46,-0.36491687804460526,3336,0.4700137972831726,-0.002063579196110368,7e-05,0.004551227,0.078125,0.6372234916500747,0.00781683623790741,0.15,,,,,,,,,,,,,,,,,,,,,,,,,,,,,
6.1833600997924805,261.15,2332160,332,7,53,-0.37264557868242265,3341,0.7159672379493713,0.0001466608326882124,7e-05,0.0031498882,0.06578125,0.5072718072123825,0.567368745803833,0.15,,,,,,,,,,,,,,,,,,,,,,,,,,,,,
6.138471603393555,259.08,2334720,326,8,62,-0.3969431149959564,3346,0.5579847693443298,-0.00224862608127296,7e-05,0.0062584514,0.10171875,0.719843539968133,0.07969336211681366,0.15,,,,,,,,,,,,,,,,,,,,,,,,,,,,,
6.075219631195068,261.9,2337280,326,9,70,-0.4011555036902428,3351,0.6095496416091919,-0.0046823800355196,7e-05,0.005284771,0.076640625,0.8473523696139454,0.3451962471008301,0.15,,,,,,,,,,,,,,,,,,,,,,,,,,,,,
6.125877857208252,261.3,2339840,324,10,78,-0.3871486511826515,3356,0.40706586837768555,0.0007038223976269365,7e-05,0.007540229,0.10953125,0.9129873126186431,0.979537844657898,0.15,,,,,,,,,,,,,,,,,,,,,,,,,,,,,
6.032037258148193,267.09,2342400,324,11,86,-0.38515968292951586,3361,0.3195455074310303,-0.001748074498027563,7e-05,0.0052811997,0.08015625,0.7628860274329782,0.07761538028717041,0.15,,,,,,,,,,,,,,,,,,,,,,,,,,,,,
5.903037071228027,270.64,2344960,322,12,95,-0.39328989684581755,3366,0.3212072253227234,-0.0021441709995269776,7e-05,0.0050599757,0.098046875,0.7102148231118918,0.5971117615699768,0.15,,,,,,,,,,,,,,,,,,,,,,,,,,,,,
6.089752674102783,267.16,2347520,320,13,103,-0.4209956705570221,3371,0.31106001138687134,-0.0028177689108997584,7e-05,0.0049736733,0.10859375,0.6671020912006498,0.022597497329115868,0.15,,,,,,,,,,,,,,,,,,,,,,,,,,,,,
6.109210968017578,264.47,2350080,317,14,112,-0.40410713136196136,3376,0.16397660970687866,-0.0008488796092569828,7e-05,0.0056346618,0.109609375,0.8929141809605062,1.3327594995498657,0.15,,,,,,,,,,,,,,,,,,,,,,,,,,,,,
6.1709885597229,261.89,2352640,313,15,122,-0.36190619617700576,3381,0.28248918056488037,-0.0028593412041664126,7e-05,0.006506704,0.08484375,0.6594237909466029,0.002014264464378357,0.15,,,,,,,,,,,,,,,,,,,,,,,,,,,,,
6.0163116455078125,268.73,2355200,311,16,131,-0.3984524831175804,3386,0.3694606423377991,-0.0008557355590164662,7e-05,0.004935871,0.10015625,0.6746474889107048,0.31302759051322937,0.15,,,,,,,,,,,,,,,,,,,,,,,,,,,,,
6.018031120300293,269.43,2357760,321,17,135,-0.3903222839499629,3389,0.4229608178138733,0.001196579856061658,7e-05,0.020221855,0.08393895348837209,0.5486153229464625,0.15053008496761322,0.15,,,,,,,,,,,,,,,,,,,,,,,,,,,,,
6.021359443664551,269.98,2360320,318,18,144,-0.3300413820147514,3394,0.39352113008499146,-0.0006544972117990256,7e-05,0.0033964764,0.0734375,0.7678242048993706,0.11383580416440964,0.15,,,,,,,,,,,,,,,,,,,,,,,,,,,,,
6.271973133087158,261.62,2362880,314,19,154,-0.3385663357377052,3399,0.3779881000518799,-0.0019316587876528502,7e-05,0.0041391575,0.060859375,0.893163474407047,0.3527567386627197,0.15,,,,,,,,,,,,,,,,,,,,,,,,,,,,,
6.272120475769043,259.78,2365440,313,20,163,-0.3420996931195259,3404,0.3436564803123474,-0.002554825786501169,7e-05,0.0032930009,0.07875,0.847670439593494,0.3421023488044739,0.15,,,,,,,,,,,,,,,,,,,,,,,,,,,,,
,,,,,,-0.36205059885978697,3409,0.26587265729904175,-0.002560201296582818,7e-05,0.0075122328,0.104609375,0.7447558305971325,0.0702504962682724,0.15,,,,,,,,,0.88,2.326022984779858,6.466952105611563,244.62,1792000,3,0,90.00464210250492,,,,,,,,,,,,,
,,,,,,,,,,,,,,,,,,,,,,,,0.54,4.994100842736202,3.471338359770016,290.44,1792000,3,1,139.18658843437467,,,,,,,,,,,,,
,,,,,,,,,,,,,,,,,,,,,,,,,,,,1792000,3,,,157.3,0,6.75,0.88,0,0.33999999999999997,0,0.88,0.88,0.0,0,0,0.54
6.271992206573486,259.48,2368000,1974,1,1,,,,,,,,,,,3,1,11,0.011,1792000,440,7e-05,15,,,,,,,,,,,,,,,,,,,,,
6.298601150512695,255.86,2370560,497,2,10,-0.3401565885543823,3414,0.2866145372390747,-0.0019122091215103864,7e-05,0.0046172156,0.079375,0.6544750364497304,0.17883333563804626,0.15,,,,,,,,,,,,,,,,,,,,,,,,,,,,,
6.321174144744873,252.06,2373120,406,3,18,-0.3231421895325184,3419,0.204084575176239,-3.726652357727289e-05,7e-05,0.012631793,0.064453125,0.6838033906268802,0.5366954803466797,0.15,,,,,,,,,,,,,,,,,,,,,,,,,,,,,
6.098926544189453,260.19,2375680,366,4,27,-0.28559992745518686,3424,0.28255730867385864,-0.0010840886365622283,7e-05,0.003980629,0.06359375,0.6557068223133683,0.208027184009552,0.15,,,,,,,,,,,,,,,,,,,,,,,,,,,,,
6.080814361572266,262.72,2378240,339,5,37,-0.28976061776280404,3429,0.39441078901290894,-0.0014805721305310726,7e-05,0.0062780874,0.0784375,0.45336016898974774,0.546344518661499,0.15,,,,,,,,,,,,,,,,,,,,,,,,,,,,,
6.045344352722168,267.04,2380800,353,6,43,-0.3354179623411663,3433,0.3850266933441162,-0.00010915955445214884,7e-05,0.011394709,0.07101212686567164,0.634382961818309,0.041475772857666016,0.15,,,,,,,,,,,,,,,,,,,,,,,,,,,,,
6.074627876281738,261.74,2383360,332,7,53,-0.3259748043119907,3438,0.30476492643356323,-0.002122184354811907,7e-05,0.004611769,0.07625,0.9471238371357322,0.9646141529083252,0.15,,,,,,,,,,,,,,,,,,,,,,,,,,,,,
6.031681060791016,266.9,2385920,354,8,57,-0.3399635899066925,3441,0.4681413173675537,-0.0004665561765432358,7e-05,0.0077572404,0.0603125,0.6399734460562467,0.05180034786462784,0.15,,,,,,,,,,,,,,,,,,,,,,,,,,,,,
5.90671443939209,269.0,2388480,341,9,67,-0.34757203340530396,3446,0.3127325773239136,-0.002178245522081852,7e-05,0.0069265524,0.08734375,0.9972692485200241,0.07542113959789276,0.15,,,,,,,,,,,,,,,,,,,,,,,,,,,,,
5.833615779876709,270.33,2391040,331,10,77,-0.3286224728822708,3451,0.39421164989471436,0.0013038975279778243,7e-05,0.0076307184,0.075078125,0.805404189992696,0.16219647228717804,0.15,,,,,,,,,,,,,,,,,,,,,,,,,,,,,
5.912631034851074,268.89,2393600,316,11,88,-0.34361816763877867,3456,0.1940893530845642,-0.001270616389811039,7e-05,0.0065622395,0.08390625,1.0409912832826376,0.4539949297904968,0.15,,,,,,,,,,,,,,,,,,,,,,,,,,,,,
6.021030426025391,262.34,2396160,318,12,96,-0.37238649040460586,3461,0.20782655477523804,-0.0013432166073471309,7e-05,0.008788208,0.10390625,0.6897040746547282,0.6017920970916748,0.15,,,,,,,,,,,,,,,,,,,,,,,,,,,,,
5.933101654052734,265.82,2398720,307,13,108,-0.3660335749387741,3466,0.3115200400352478,0.00033009257167577745,7e-05,0.003973033,0.07921875,0.633974694153294,0.07742036879062653,0.15,,,,,,,,,,,,,,,,,,,,,,,,,,,,,
5.981512069702148,265.07,2401280,304,14,117,-0.4322004550695419,3471,0.42751628160476685,-0.002333311103284359,7e-05,0.005081552,0.1028125,0.5726017725095153,0.15687240660190582,0.15,,,,,,,,,,,,,,,,,,,,,,,,,,,,,
5.898359775543213,263.84,2403840,314,15,122,-0.41777809858322146,3474,0.5932852029800415,0.002469153366982937,7e-05,0.011404751,0.09953125,0.5371671588532627,0.2658979594707489,0.15,,,,,,,,,,,,,,,,,,,,,,,,,,,,,
6.087526321411133,253.5,2406400,322,16,126,-0.36792980590645147,3477,0.7368639707565308,-0.0001570406769003187,7e-05,0.007351971,0.09311224489795919,0.4984209045615731,0.17017963528633118,0.15,,,,,,,,,,,,,,,,,,,,,,,,,,,,,
6.167067050933838,250.14,2408960,318,17,136,-0.3449292466044426,3482,0.606048047542572,-0.0013734779320657253,7e-05,0.0093936,0.085234375,0.5502008514106274,0.6987171173095703,0.15,,,,,,,,,,,,,,,,,,,,,,,,,,,,,
6.180438041687012,247.7,2411520,320,18,143,-0.3591959441962995,3487,0.5418426394462585,-0.00027202315824596503,7e-05,0.010547039,0.0921875,0.5148079832133494,0.18220645189285278,0.15,,,,,,,,,,,,,,,,,,,,,,,,,,,,,
6.326310634613037,242.0,2414080,316,19,153,-0.3663204403221607,3492,0.7608931064605713,-0.000933516277000308,7e-05,0.0065940013,0.085234375,0.5111607518047094,0.10053446143865585,0.15,,,,,,,,,,,,,,,,,,,,,,,,,,,,,
6.346042633056641,239.82,2416640,313,20,163,-0.34244890689849855,3497,0.6249547004699707,0.00010430276393890381,7e-05,0.007066699,0.0890625,0.65715178783983,0.6724569201469421,0.15,,,,,,,,,,,,,,,,,,,,,,,,,,,,,
,,,,,,-0.35490728259086607,3502,0.598465085029602,-0.0022644392773509027,7e-05,0.006124467,0.07765625,0.43490102514624596,0.12738004326820374,0.15,,,,,,,,,0.85,2.6643369590999915,6.232428352124989,251.72,1843200,3,0,102.40557406703992,,,,,,,,,,,,,
,,,,,,,,,,,,,,,,,,,,,,,,0.56,4.004285473304106,4.26448920911178,281.32,1843200,3,1,141.897701179406,,,,,,,,,,,,,
,,,,,,,,,,,,,,,,,,,,,,,,,,,,1843200,3,,,157.3,0,6.75,0.85,0,0.2899999999999999,0,0.85,0.85,0.0,0,0,0.56
6.305666923522949,244.41,2419200,2112,1,1,,,,,,,,,,,3,1,11,0.011,1843200,440,7e-05,15,,,,,,,,,,,,,,,,,,,,,
6.231046676635742,247.62,2421760,552,2,9,-0.3718002784252167,3507,0.5968796014785767,-0.00035769956186413763,7e-05,0.005522169,0.07953125,0.7285093998908997,0.1214064434170723,0.15,,,,,,,,,,,,,,,,,,,,,,,,,,,,,
6.193961143493652,252.2,2424320,424,3,18,-0.40132368475198743,3512,0.7141245603561401,0.0027477324288338423,7e-05,0.006220394,0.11328125,0.5273659502342344,0.42562344670295715,0.15,,,,,,,,,,,,,,,,,,,,,,,,,,,,,
6.254419326782227,253.9,2426880,385,4,26,-0.3745729777216911,3517,0.6783108711242676,0.00017533860635012387,7e-05,0.0052699735,0.096796875,0.7914461888931692,0.8441093564033508,0.15,,,,,,,,,,,,,,,,,,,,,,,,,,,,,
6.285049915313721,255.31,2429440,369,5,34,-0.4002015459537506,3522,0.6286019086837769,-0.0008923219237476587,7e-05,0.004417597,0.085,0.9126804816350341,1.9383180141448975,0.15,,,,,,,,,,,,,,,,,,,,,,,,,,,,,
6.268726825714111,257.71,2432000,341,6,44,-0.3560822185873985,3527,0.5562076568603516,-0.00032809107564389704,7e-05,0.0059987754,0.074140625,0.9306069008633494,0.213509663939476,0.15,,,,,,,,,,,,,,,,,,,,,,,,,,,,,
6.195380210876465,261.47,2434560,336,7,53,-0.39166147604584695,3532,0.5987242460250854,-0.00044067282229661944,7e-05,0.011075481,0.110703125,0.9076909708231687,0.09932329505681992,0.15,,,,,,,,,,,,,,,,,,,,,,,,,,,,,
6.072353363037109,261.78,2437120,350,8,58,-0.3851123624481261,3536,0.6888732314109802,-0.0008634941768832505,7e-05,0.01210119,0.0814208984375,0.7580768660991453,0.08931783586740494,0.15,,,,,,,,,,,,,,,,,,,,,,,,,,,,,
6.020787239074707,270.59,2439680,346,9,66,-0.3809246337413788,3541,0.5717697143554688,0.0009347958769649268,7e-05,0.0066629625,0.09296875,0.7837512670643627,0.08445543795824051,0.15,,,,,,,,,,,,,,,,,,,,,,,,,,,,,
6.032514572143555,269.17,2442240,368,10,69,-0.39692258834838867,3542,0.4807845950126648,0.003246918211088461,7e-05,0.0044392436,0.06939338235294118,1.5419127217987005,1.6962890625,0.15,,,,,,,,,,,,,,,,,,,,,,,,,,,,,
5.823070049285889,275.52,2444800,361,11,77,-0.3888035133481026,3547,0.649455189704895,-0.0006236657360568642,7e-05,0.0067588845,0.0984375,0.7827884732745588,0.04134342074394226,0.15,,,,,,,,,,,,,,,,,,,,,,,,,,,,,
5.885129928588867,273.84,2447360,353,12,86,-0.3875724595785141,3552,0.6916599273681641,-0.0010500404331833125,7e-05,0.0052736606,0.10453125,0.6406322522833944,0.04529934376478195,0.15,,,,,,,,,,,,,,,,,,,,,,,,,,,,,
6.0776190757751465,265.16,2449920,340,13,97,-0.39040857762098313,3557,0.40166139602661133,-0.003585031470283866,7e-05,0.0056666792,0.09375,1.3723268560320139,0.7983882427215576,0.15,,,,,,,,,,,,,,,,,,,,,,,,,,,,,
6.045673847198486,263.57,2452480,329,14,108,-0.36733828991651535,3562,0.2743780016899109,-0.0017784450668841601,7e-05,0.005133149,0.075859375,1.194381401129067,0.046396736055612564,0.15,,,,,,,,,,,,,,,,,,,,,,,,,,,,,
6.103110313415527,262.47,2455040,325,15,117,-0.3725285151600838,3567,0.16960150003433228,-0.0019084985554218292,7e-05,0.005020677,0.08375,0.842033547013998,0.08459199219942093,0.15,,,,,,,,,,,,,,,,,,,,,,,,,,,,,
6.147879123687744,263.32,2457600,322,16,127,-0.4002125084400177,3572,0.16412872076034546,-0.0019665494840592147,7e-05,0.006826003,0.099921875,0.7847722662240266,0.25599539279937744,0.15,,,,,,,,,,,,,,,,,,,,,,,,,,,,,
6.085695266723633,264.67,2460160,323,17,134,-0.39193040668964385,3577,0.17412567138671875,-0.001694164010696113,7e-05,0.0067524984,0.1015625,0.6785895646177232,0.04153181239962578,0.15,,,,,,,,,,,,,,,,,,,,,,,,,,,,,
6.194154262542725,262.4,2462720,335,18,137,-0.4393288464773269,3579,0.4751242995262146,0.004911499585778941,7e-05,0.17031056,0.09151785714285714,0.6334910091190111,0.05832742899656296,0.15,,,,,,,,,,,,,,,,,,,,,,,,,,,,,
6.281911849975586,257.74,2465280,329,19,147,-0.39374988883733747,3584,0.24991226196289062,-0.000810831282287836,7e-05,0.005091643,0.0834375,0.7062518188450485,0.19961248338222504,0.15,,,,,,,,,,,,,,,,,,,,,,,,,,,,,
6.2048468589782715,261.93,2467840,329,20,155,-0.3838605922460556,3589,0.16560786962509155,-0.002178675460163504,7e-05,0.0042699026,0.078203125,0.5895599560439586,0.05583846569061279,0.15,,,,,,,,,,,,,,,,,,,,,,,,,,,,,
,,,,,,-0.419106068611145,3594,0.21614480018615723,-0.0024502868857234714,7e-05,0.0057751867,0.09359375,0.6046569470316172,0.045046962797641754,0.15,,,,,,,,,0.82,2.705134854697786,6.0014064272865655,271.33,1894400,3,0,102.20724582924638,,,,,,,,,,,,,
,,,,,,,,,,,,,,,,,,,,,,,,0.58,4.076728185474314,4.337070399413336,280.32,1894400,3,1,136.84172463104957,,,,,,,,,,,,,
,,,,,,,,,,,,,,,,,,,,,,,,,,,,1894400,3,,,157.3,0,6.75,0.82,0,0.24,0,0.82,0.82,0.0,0,0,0.58
6.3415961265563965,259.85,2470400,2343,1,1,,,,,,,,,,,3,1,11,0.011,1894400,440,7e-05,15,,,,,,,,,,,,,,,,,,,,,
6.426983833312988,257.23,2472960,479,2,10,-0.43639160215854644,3599,0.18406862020492554,-0.00014572122134268284,7e-05,0.0059890384,0.077421875,0.7478686058521271,0.03466303274035454,0.15,,,,,,,,,,,,,,,,,,,,,,,,,,,,,
6.274472236633301,263.9,2475520,430,3,17,-0.40757041692733764,3604,0.3440800905227661,-0.0015465684421360492,7e-05,0.0047895587,0.1084375,0.5673505322635174,0.15107887983322144,0.15,,,,,,,,,,,,,,,,,,,,,,,,,,,,,
6.278871536254883,263.64,2478080,372,4,27,-0.4109025514125824,3609,0.3040761947631836,-0.002447459930554032,7e-05,0.007901986,0.0984375,0.4406543108820915,0.025458574295043945,0.15,,,,,,,,,,,,,,,,,,,,,,,,,,,,,
6.256124496459961,266.82,2480640,343,5,37,-0.4186041823029518,3614,0.30567699670791626,0.0002566686365753412,7e-05,0.0045778705,0.0953125,0.5951530911773443,0.4444407820701599,0.15,,,,,,,,,,,,,,,,,,,,,,,,,,,,,
6.128094673156738,270.03,2483200,342,6,44,-0.37289875984191895,3619,0.32309430837631226,-0.003832458108663559,7e-05,0.0039214147,0.070703125,0.487613907456398,0.41255947947502136,0.15,,,,,,,,,,,,,,,,,,,,,,,,,,,,,
5.95619010925293,273.01,2485760,362,7,49,-0.4141112778049249,3622,0.3469657301902771,0.002614055384093752,7e-05,0.008294048,0.07271634615384616,0.48809755894427115,0.7888960838317871,0.15,,,,,,,,,,,,,,,,,,,,,,,,,,,,,
6.102138042449951,271.67,2488320,362,8,56,-0.41802310563148337,3627,0.2644069790840149,0.0010136442179692552,7e-05,0.008756361,0.09050864361702128,0.48263022541365724,0.07158923149108887,0.15,,,,,,,,,,,,,,,,,,,,,,,,,,,,,
6.145582675933838,272.92,2490880,352,9,65,-0.42109201341867447,3632,0.30159175395965576,-0.0018128281086683274,7e-05,0.008610128,0.112265625,0.6965513881389052,0.4753030836582184,0.15,,,,,,,,,,,,,,,,,,,,,,,,,,,,,
6.071975231170654,274.12,2493440,345,10,74,-0.4461330899596214,3637,0.2733003497123718,0.0006417984329164028,7e-05,0.010287538,0.112265625,0.6112259864807129,0.32089290022850037,0.15,,,,,,,,,,,,,,,,,,,,,,,,,,,,,
6.116970062255859,274.17,2496000,343,11,81,-0.47658122688531873,3642,0.4155261516571045,-0.003699344377964735,7e-05,0.0056936424,0.11625,0.5142500469833613,0.5426225066184998,0.15,,,,,,,,,,,,,,,,,,,,,,,,,,,,,
5.997506618499756,276.12,2498560,338,12,90,-0.45848084688186647,3647,0.24929898977279663,-0.0022974998690187933,7e-05,0.008356849,0.111328125,0.5988393571972846,0.5399032831192017,0.15,,,,,,,,,,,,,,,,,,,,,,,,,,,,,
6.028412342071533,272.98,2501120,327,13,101,-0.4424575009942055,3652,0.35305720567703247,-0.0020880181808024647,7e-05,0.0053899456,0.087421875,0.5779475886747241,0.1580367386341095,0.15,,,,,,,,,,,,,,,,,,,,,,,,,,,,,
6.116306781768799,267.45,2503680,322,14,111,-0.4083495473861694,3657,0.45029568672180176,-0.0008403814490884542,7e-05,0.0062498436,0.092734375,0.427832097876817,0.28926709294319153,0.15,,,,,,,,,,,,,,,,,,,,,,,,,,,,,
6.216670036315918,268.78,2506240,318,15,120,-0.3991949164867401,3662,0.5547653436660767,-0.0025021262746304273,7e-05,0.0046951175,0.07421875,0.5414995286241173,0.03124634176492691,0.15,,,,,,,,,,,,,,,,,,,,,,,,,,,,,
6.290173530578613,265.79,2508800,318,16,128,-0.41660653114318846,3667,0.46650469303131104,-0.0035454528871923683,7e-05,0.0071024625,0.098671875,0.4897961193881929,0.24999898672103882,0.15,,,,,,,,,,,,,,,,,,,,,,,,,,,,,
6.433323383331299,261.02,2511360,311,17,139,-0.3800551149249077,3672,0.4275318384170532,0.0003917235042899847,7e-05,0.007444608,0.08828125,0.48560338603332637,0.29788750410079956,0.15,,,,,,,,,,,,,,,,,,,,,,,,,,,,,
6.409480571746826,257.81,2513920,309,18,148,-0.3820965228974819,3677,0.39968520402908325,-0.001215597908012569,7e-05,0.0062874802,0.091875,0.44101369760930537,0.3340076506137848,0.15,,,,,,,,,,,,,,,,,,,,,,,,,,,,,
6.382474422454834,261.0,2516480,311,19,156,-0.3870780128240585,3682,0.41406095027923584,-0.001034594438970089,7e-05,0.0048868684,0.08796875,0.3434188662096858,0.26239609718322754,0.15,,,,,,,,,,,,,,,,,,,,,,,,,,,,,
6.223691463470459,267.61,2519040,317,20,161,-0.3895743959225141,3685,0.3331391215324402,0.00014939914958981366,7e-05,0.007142099,0.08218149038461539,0.6639846708768835,0.40712985396385193,0.15,,,,,,,,,,,,,,,,,,,,,,,,,,,,,
,,,,,,-0.3818051517009735,3690,0.32884401082992554,-0.0051883029285818335,7e-05,0.006504035,0.094765625,0.58625427916646,0.10288430750370026,0.15,,,,,,,,,0.88,2.362499044343764,6.376225359737873,259.64,1945600,3,0,92.84724228537969,,,,,,,,,,,,,
,,,,,,,,,,,,,,,,,,,,,,,,0.47,4.895971047507154,3.0772792864590883,308.77,1945600,3,1,140.1602550654072,,,,,,,,,,,,,
,,,,,,,,,,,,,,,,,,,,,,,,,,,,1945600,3,,,157.3,0,6.75,0.88,0,0.41000000000000003,0,0.88,0.88,0.0,0,0,0.47
6.3291850090026855,258.9,2521600,2006,1,1,,,,,,,,,,,3,1,11,0.011,1945600,440,7e-05,15,,,,,,,,,,,,,,,,,,,,,
6.426450252532959,259.79,2524160,515,2,9,-0.39158868696540594,3695,0.4544045925140381,-0.0016772618303851534,7e-05,0.006640253,0.09171549479166667,0.6544676996612301,0.9641095399856567,0.15,,,,,,,,,,,,,,,,,,,,,,,,,,,,,
6.41403341293335,260.79,2526720,485,3,15,-0.3540964060359531,3699,0.32108038663864136,0.00033907772093597386,7e-05,0.0077228937,0.09657118055555555,0.7263577400913669,0.7063618898391724,0.15,,,,,,,,,,,,,,,,,,,,,,,,,,,,,
6.403012752532959,261.45,2529280,401,4,25,-0.3719968196749687,3704,0.42748475074768066,-0.0032864628452807664,7e-05,0.0042929994,0.088828125,0.5033145459182561,0.07558947801589966,0.15,,,,,,,,,,,,,,,,,,,,,,,,,,,,,
6.489254951477051,256.47,2531840,348,5,36,-0.3432283365726471,3709,0.390129029750824,-0.0018770228419452905,7e-05,0.005748044,0.079375,0.7069292319566012,1.9282331466674805,0.15,,,,,,,,,,,,,,,,,,,,,,,,,,,,,
6.515622615814209,252.95,2534400,335,6,45,-0.3574523465335369,3714,0.434532105922699,-0.001071071531623602,7e-05,0.005793817,0.088046875,0.5188314881362021,0.3227142095565796,0.15,,,,,,,,,,,,,,,,,,,,,,,,,,,,,
6.384714126586914,255.84,2536960,366,7,48,-0.37567955828630006,3716,0.6231586933135986,0.0033473570186358234,7e-05,0.017683217,0.10186298076923077,0.44844312908557743,0.22492963075637817,0.15,,,,,,,,,,,,,,,,,,,,,,,,,,,,,
6.416349411010742,257.71,2539520,352,8,58,-0.3568722453713417,3721,0.5728378295898438,-0.001900998903438449,7e-05,0.005458527,0.0928125,0.3892054421454668,0.02321338653564453,0.15,,,,,,,,,,,,,,,,,,,,,,,,,,,,,
6.465261459350586,250.93,2542080,340,9,67,-0.3607154142856598,3726,0.3569328188896179,0.00012828467413783073,7e-05,0.00574638,0.094296875,0.5172567999362946,0.5164949893951416,0.15,,,,,,,,,,,,,,,,,,,,,,,,,,,,,
6.397478103637695,253.67,2544640,329,10,77,-0.33122971415519714,3731,0.45450645685195923,-0.0014361035916954279,7e-05,0.00496105,0.08640625,0.5409655060991645,0.3538854718208313,0.15,,,,,,,,,,,,,,,,,,,,,,,,,,,,,
6.498761177062988,249.32,2547200,328,11,85,-0.3351583781838417,3736,0.5201407670974731,-0.0003903727233409882,7e-05,0.005951035,0.07984375,0.4477553836628795,0.09714321792125702,0.15,,,,,,,,,,,,,,,,,,,,,,,,,,,,,
6.382342338562012,252.2,2549760,326,12,94,-0.39944820672273634,3741,0.6631761789321899,-0.002228464977815747,7e-05,0.0054349997,0.085078125,0.5929433981515467,0.08353375643491745,0.15,,,,,,,,,,,,,,,,,,,,,,,,,,,,,
6.412713527679443,247.51,2552320,335,13,99,-0.3593737518086153,3744,0.6114187240600586,0.0017144899705753608,7e-05,0.005534822,0.05575980392156863,0.7141593505500579,0.04463009908795357,0.15,,,,,,,,,,,,,,,,,,,,,,,,,,,,,
6.40134334564209,248.56,2554880,324,14,110,-0.30746051982045175,3749,0.5821964740753174,-0.0018363907374441624,7e-05,0.0035747208,0.065859375,0.5181367521733046,0.37744376063346863,0.15,,,,,,,,,,,,,,,,,,,,,,,,,,,,,
6.489781379699707,242.95,2557440,317,15,120,-0.28446793273091314,3754,0.48013579845428467,-0.0010725407861173152,7e-05,0.00687701,0.072890625,0.4227887908369303,0.1207747533917427,0.15,,,,,,,,,,,,,,,,,,,,,,,,,,,,,
6.403764247894287,248.14,2560000,318,16,128,-0.323718778192997,3759,0.28014540672302246,-0.0010653522051870823,7e-05,0.0060058264,0.089453125,0.5117154625616968,0.16058331727981567,0.15,,,,,,,,,,,,,,,,,,,,,,,,,,,,,
6.30905818939209,252.31,2562560,319,17,136,-0.291950362175703,3764,0.2910501956939697,0.0012792034167796373,7e-05,0.004300743,0.074453125,0.29634645152837036,0.0698707103729248,0.15,,,,,,,,,,,,,,,,,,,,,,,,,,,,,
6.205112934112549,250.84,2565120,318,18,144,-0.32561133202256226,3769,0.34809398651123047,0.0005665753809053724,7e-05,0.03493633,0.09899009146341463,0.3087516562536177,0.052953675389289856,0.15,,,,,,,,,,,,,,,,,,,,,,,,,,,,,
6.276491165161133,247.62,2567680,309,19,157,-0.320844766497612,3773,0.3112024664878845,0.0038142743653484753,7e-05,0.010321322,0.1,0.6565196349418589,0.6054354310035706,0.15,,,,,,,,,,,,,,,,,,,,,,,,,,,,,
6.216315269470215,248.6,2570240,305,20,167,-0.3203278179466724,3778,0.3241904377937317,0.00016076809726655483,7e-05,0.004161995,0.091953125,0.5218784025683999,0.11979477852582932,0.15,,,,,,,,,,,,,,,,,,,,,,,,,,,,,
,,,,,,-0.37492360228841953,3781,0.4252902865409851,0.0025903587822209704,7e-05,0.0100325765,0.08579545454545455,0.4460955503312024,0.1994476318359375,0.15,,,,,,,,,0.82,2.876026493475865,6.0915296060591935,247.98,1996800,3,0,102.21115203342539,,,,,,,,,,,,,
,,,,,,,,,,,,,,,,,,,,,,,,0.5,4.766584284531891,3.369363213777542,302.27,1996800,3,1,139.32285203799125,,,,,,,,,,,,,
,,,,,,,,,,,,,,,,,,,,,,,,,,,,1996800,3,,,157.3,0,6.75,0.82,0,0.31999999999999995,0,0.82,0.82,0.0,0,0,0.5
6.130303382873535,248.34,2572800,2351,1,1,,,,,,,,,,,3,1,11,0.011,1996800,440,7e-05,15,,,,,,,,,,,,,,,,,,,,,
6.170772552490234,246.87,2575360,434,2,11,-0.34126105725765227,3786,0.4312736392021179,-0.0021856862492859366,7e-05,0.0064544715,0.0959375,0.6884322042763233,0.33881285786628723,0.15,,,,,,,,,,,,,,,,,,,,,,,,,,,,,
6.031458854675293,250.61,2577920,367,3,20,-0.33641869738698005,3791,0.5117543339729309,-0.0025553935393691062,7e-05,0.008492733,0.099375,0.438065645955503,0.017000611871480942,0.15,,,,,,,,,,,,,,,,,,,,,,,,,,,,,
5.796387195587158,260.33,2580480,357,4,28,-0.3432988850772381,3796,0.6275202631950378,-0.0006234305072575808,7e-05,0.0050333883,0.08765625,0.3169161574542522,0.006250758655369282,0.15,,,,,,,,,,,,,,,,,,,,,,,,,,,,,
5.654903411865234,264.63,2583040,334,5,38,-0.3116414491832256,3801,0.6470167636871338,-0.0022911172732710838,7e-05,0.0050868127,0.075078125,0.4638397503644228,0.1664019227027893,0.15,,,,,,,,,,,,,,,,,,,,,,,,,,,,,
5.742878437042236,259.11,2585600,312,6,49,-0.28827218666672705,3806,0.6799607276916504,-0.0019820579886436463,7e-05,0.0047105984,0.07375,0.4899340723827481,0.1637832224369049,0.15,,,,,,,,,,,,,,,,,,,,,,,,,,,,,
6.030272960662842,249.06,2588160,307,7,58,-0.30997916266322134,3811,0.6838884949684143,-9.938634000718594e-05,7e-05,0.0065509686,0.07921875,0.645464854426682,0.05565883591771126,0.15,,,,,,,,,,,,,,,,,,,,,,,,,,,,,
6.088094711303711,249.05,2590720,302,8,67,-0.2938038057088852,3816,0.45203739404678345,-0.0017888838984072208,7e-05,0.0039394475,0.05609375,1.0909041805565358,0.39846789836883545,0.15,,,,,,,,,,,,,,,,,,,,,,,,,,,,,
5.854654312133789,259.19,2593280,305,9,75,-0.31819313794374465,3821,0.4995541572570801,-0.0012570240627974272,7e-05,0.0065626726,0.08328125,0.5231948537006974,0.03776019066572189,0.15,,,,,,,,,,,,,,,,,,,,,,,,,,,,,
6.054426670074463,254.53,2595840,326,10,78,-0.3456064239144325,3823,0.5681936740875244,0.0009364324754902295,7e-05,0.010685195,0.07840401785714286,0.587565351543682,0.1529199182987213,0.15,,,,,,,,,,,,,,,,,,,,,,,,,,,,,
6.1581292152404785,251.87,2598400,331,11,84,-0.31746677331188144,3827,0.13744258880615234,0.0009093832717660596,7e-05,0.015170803,0.08386948529411764,1.079522862263462,0.5756959915161133,0.15,,,,,,,,,,,,,,,,,,,,,,,,,,,,,
6.004392147064209,259.07,2600960,327,12,93,-0.3238137763738632,3832,0.3055838346481323,-0.0020237695425748825,7e-05,0.008537353,0.081484375,0.7490793237648904,0.7024151682853699,0.15,,,,,,,,,,,,,,,,,,,,,,,,,,,,,
6.19412088394165,255.31,2603520,321,13,103,-0.30234596073627473,3837,0.3630157709121704,0.000987248830497265,7e-05,0.004922641,0.09,0.6922091604210436,0.07569064199924469,0.15,,,,,,,,,,,,,,,,,,,,,,,,,,,,,
6.396379470825195,251.05,2606080,332,14,107,-0.3383899688720703,3839,0.3944767117500305,0.0002861602231860161,7e-05,0.005286276,0.065234375,0.8155563468113541,0.1915750652551651,0.15,,,,,,,,,,,,,,,,,,,,,,,,,,,,,
6.512001991271973,249.77,2608640,325,15,117,-0.3411638717353344,3844,0.29211217164993286,-0.0008204304613173008,7e-05,0.004679835,0.07046875,1.013227709904313,0.8723978400230408,0.15,,,,,,,,,,,,,,,,,,,,,,,,,,,,,
6.584898471832275,253.14,2611200,322,16,126,-0.34083167761564254,3849,0.44238704442977905,-0.0004418034665286541,7e-05,0.0075253746,0.088125,0.8018583485484123,0.38901910185813904,0.15,,,,,,,,,,,,,,,,,,,,,,,,,,,,,
6.572107315063477,254.84,2613760,319,17,136,-0.39188907414674756,3854,0.16154563426971436,-0.00233532584272325,7e-05,0.0063353805,0.101484375,1.0227327608689665,0.16884419322013855,0.15,,,,,,,,,,,,,,,,,,,,,,,,,,,,,
6.497303485870361,258.1,2616320,315,18,146,-0.35218548744916917,3859,0.15928524732589722,-0.00038510427810251713,7e-05,0.006554137,0.07890625,0.8586405276879668,0.6143291592597961,0.15,,,,,,,,,,,,,,,,,,,,,,,,,,,,,
6.652627944946289,251.57,2618880,318,19,152,-0.355768266171217,3864,0.2163507342338562,-0.002832244951277971,7e-05,0.009231034,0.10078125,0.6361562660336495,0.10720410197973251,0.15,,,,,,,,,,,,,,,,,,,,,,,,,,,,,
6.620615005493164,256.27,2621440,321,20,159,-0.3544330775153403,3867,0.19297337532043457,0.0013384168383245374,7e-05,0.009884351,0.08517156862745098,1.0511434821083265,0.2795475423336029,0.15,,,,,,,,,,,,,,,,,,,,,,,,,,,,,
,,,,,,-0.3477858051657677,3872,0.20882022380828857,-0.00036729279905557634,7e-05,0.007402912,0.095703125,0.5270717176515609,0.05246775224804878,0.15,,,,,,,,,0.87,2.348478301504933,6.373445664756,255.36,2048000,3,0,94.69525014487263,,,,,,,,,,,,,
,,,,,,,,,,,,,,,,,,,,,,,,0.58,4.918167691973994,3.9147561369091273,284.52,2048000,3,1,134.04480444985552,,,,,,,,,,,,,
,,,,,,,,,,,,,,,,,,,,,,,,,,,,2048000,3,,,157.3,0,6.75,0.87,0,0.29000000000000004,0,0.87,0.87,0.0,0,0,0.58
6.4590744972229,264.49,2624000,2181,1,1,,,,,,,,,,,3,1,11,0.011,2048000,440,7e-05,15,,,,,,,,,,,,,,,,,,,,,
6.448886871337891,266.13,2626560,1260,2,4,-0.38041896952523124,3873,0.2718191146850586,0.002913395563761393,7e-05,0.0062976517,0.09375,0.5697283384700617,0.3829071521759033,0.15,,,,,,,,,,,,,,,,,,,,,,,,,,,,,
6.434473037719727,266.85,2629120,572,3,13,-0.3596011316776276,3878,0.2626175880432129,-0.001962313805706799,7e-05,0.0043597207,0.072421875,0.6891771304793656,0.8396483063697815,0.15,,,,,,,,,,,,,,,,,,,,,,,,,,,,,
6.36309814453125,269.66,2631680,442,4,23,-0.3614075343677963,3882,0.285835862159729,-0.0027925030638774237,7e-05,0.013027709,0.08197463768115942,0.6403718750815892,0.17392811179161072,0.15,,,,,,,,,,,,,,,,,,,,,,,,,,,,,
6.190378189086914,272.72,2634240,440,5,29,-0.42603896523630896,3885,0.2866455316543579,0.0024970467094072076,7e-05,0.032180857,0.09393168604651163,1.0438993822696596,0.04317979887127876,0.15,,,,,,,,,,,,,,,,,,,,,,,,,,,,,
6.2218708992004395,269.38,2636800,395,6,38,-0.3892646323144436,3890,0.21636110544204712,0.0004776595253497362,7e-05,0.0060722637,0.09140625,0.8146647511050105,0.7727961540222168,0.15,,,,,,,,,,,,,,,,,,,,,,,,,,,,,
6.084246635437012,273.92,2639360,377,7,47,-0.36256211787462234,3895,0.17752671241760254,-0.00012319358065724373,7e-05,0.005915514,0.096015625,0.70795841362793,0.5107554793357849,0.15,,,,,,,,,,,,,,,,,,,,,,,,,,,,,
6.132372856140137,274.0,2641920,371,8,55,-0.44068936854600904,3900,0.1132858395576477,-0.0005920146219432354,7e-05,0.004505177,0.10046875,0.5190601734258234,0.011726384051144123,0.15,,,,,,,,,,,,,,,,,,,,,,,,,,,,,
6.229040622711182,268.58,2644480,355,9,64,-0.3662344843149185,3905,0.19144314527511597,-0.00042805287055671217,7e-05,0.0057459855,0.0984375,0.661503074131906,0.015809576958417892,0.15,,,,,,,,,,,,,,,,,,,,,,,,,,,,,
6.108797073364258,270.58,2647040,355,10,72,-0.38470735907554626,3910,-0.019751787185668945,0.0012789201457053423,7e-05,0.0055754283,0.084609375,0.6117946828342974,0.952992856502533,0.15,,,,,,,,,,,,,,,,,,,,,,,,,,,,,
6.188395977020264,263.55,2649600,339,11,82,-0.3734309244155884,3915,0.3478813171386719,-0.0010301442351192236,7e-05,0.0047973874,0.09484375,0.6824695744551719,0.43598130345344543,0.15,,,,,,,,,,,,,,,,,,,,,,,,,,,,,
6.3219709396362305,259.19,2652160,333,12,92,-0.36664808362722395,3920,0.3965063691139221,-0.0005295978486537933,7e-05,0.008564964,0.091484375,0.6618356799334287,0.049105532467365265,0.15,,,,,,,,,,,,,,,,,,,,,,,,,,,,,
6.427816867828369,253.77,2654720,323,13,103,-0.3442395985126495,3925,0.5939022302627563,-0.0034500658325850963,7e-05,0.0055233603,0.0921875,0.35979963921010494,0.11847418546676636,0.15,,,,,,,,,,,,,,,,,,,,,,,,,,,,,
6.433783054351807,252.47,2657280,322,14,111,-0.36604557633399964,3930,0.5140863060951233,-0.0014338341727852821,7e-05,0.0053699696,0.0865625,0.39437430050224065,0.24000298976898193,0.15,,,,,,,,,,,,,,,,,,,,,,,,,,,,,
6.613065719604492,248.55,2659840,317,15,121,-0.39274185001850126,3935,0.6346427202224731,-0.0007889541797339916,7e-05,0.0048879087,0.09078125,0.3602900714334101,0.18236158788204193,0.15,,,,,,,,,,,,,,,,,,,,,,,,,,,,,
6.6282572746276855,246.87,2662400,316,16,129,-0.37252257267634076,3939,0.7367376089096069,-0.0006351720784669337,7e-05,0.007465861,0.08106884057971014,0.42151064236742863,0.2217877209186554,0.15,,,,,,,,,,,,,,,,,,,,,,,,,,,,,
6.826440334320068,241.81,2664960,318,17,136,-0.37740862399339675,3944,0.49746066331863403,-0.0020304316841065883,7e-05,0.0069937473,0.091171875,0.3094519956037402,-0.007924938574433327,0.15,,,,,,,,,,,,,,,,,,,,,,,,,,,,,
6.682195663452148,247.87,2667520,329,18,139,-0.36457813473848194,3946,0.6555893421173096,0.0027773120583823095,7e-05,0.009639899,0.08984375,0.30198346042575747,0.256305456161499,0.15,,,,,,,,,,,,,,,,,,,,,,,,,,,,,
6.723750114440918,244.16,2670080,328,19,148,-0.3449905985593796,3951,0.46085041761398315,-0.001656335135921836,7e-05,0.005375469,0.08328125,0.2916189455147833,0.009181390516459942,0.15,,,,,,,,,,,,,,,,,,,,,,,,,,,,,
6.642850875854492,246.5,2672640,324,20,157,-0.35052789315581323,3956,0.42420369386672974,-0.00010830854065716267,7e-05,0.0069843144,0.096328125,0.39839159020222725,-0.0011676512658596039,0.15,,,,,,,,,,,,,,,,,,,,,,,,,,,,,
,,,,,,-0.34324431136250494,3961,0.46741485595703125,-0.0017413614923134446,7e-05,0.005570214,0.080546875,0.46028957111760976,0.18654032051563263,0.15,,,,,,,,,0.88,2.297504884212782,6.468744660913944,246.38,2099200,3,0,97.75579573610969,,,,,,,,,,,,,
,,,,,,,,,,,,,,,,,,,,,,,,0.59,4.330685693086058,4.295115098059178,280.51,2099200,3,1,134.33886221045643,,,,,,,,,,,,,
,,,,,,,,,,,,,,,,,,,,,,,,,,,,2099200,3,,,157.3,0,6.75,0.88,0,0.29000000000000004,0,0.88,0.88,0.0,0,0,0.59
6.661437511444092,246.9,2675200,2058,1,1,,,,,,,,,,,3,1,11,0.011,2099200,440,7e-05,15,,,,,,,,,,,,,,,,,,,,,
6.694224834442139,242.48,2677760,457,2,11,-0.3310738696157932,3966,0.7079670429229736,-0.001654502796009183,7e-05,0.008008163,0.08625,0.28832014014478774,0.08764705061912537,0.15,,,,,,,,,,,,,,,,,,,,,,,,,,,,,
6.611759662628174,245.8,2680320,392,3,19,-0.32449313686337583,3971,0.55965256690979,-0.0006428679862861024,7e-05,0.013523643,0.08975290697674419,0.46231579356068786,0.14358530938625336,0.15,,,,,,,,,,,,,,,,,,,,,,,,,,,,,
6.607459545135498,246.53,2682880,449,4,22,-0.37172169983386993,3973,0.4639244079589844,0.0010883425129577518,7e-05,0.01656324,0.056966145833333336,0.5641044823763272,0.29851439595222473,0.15,,,,,,,,,,,,,,,,,,,,,,,,,,,,,
6.467410087585449,252.53,2685440,405,5,31,-0.3196453955769539,3978,0.43727391958236694,-0.0019271255750209094,7e-05,0.005367611,0.077734375,0.6124017769284547,0.32368406653404236,0.15,,,,,,,,,,,,,,,,,,,,,,,,,,,,,
6.335093975067139,253.8,2688000,398,6,38,-0.35907306927668897,3982,0.5059056282043457,-0.00017517796257817292,7e-05,0.0068583456,0.08089398734177215,0.46983115528297575,0.07433655112981796,0.15,,,,,,,,,,,,,,,,,,,,,,,,,,,,,
6.369121551513672,249.13,2690560,377,7,47,-0.3231568942964077,3987,0.6841728687286377,0.000270704934373498,7e-05,0.008301538,0.097734375,0.23958783160895109,0.11153845489025116,0.15,,,,,,,,,,,,,,,,,,,,,,,,,,,,,
6.295787334442139,250.32,2693120,403,8,50,-0.3573964868600552,3989,0.46408337354660034,0.002209133325287929,7e-05,0.008281387,0.049879807692307696,0.7780873174420916,0.14465922117233276,0.15,,,,,,,,,,,,,,,,,,,,,,,,,,,,,
6.365779876708984,247.51,2695680,375,9,61,-0.3726776952926929,3994,0.5752862691879272,0.0009367686215337816,7e-05,0.008940008,0.10808722527472528,0.760965932979361,0.3397141695022583,0.15,,,,,,,,,,,,,,,,,,,,,,,,,,,,,
6.434149742126465,246.81,2698240,351,10,72,-0.33835476249456403,3999,0.576514482498169,-0.0002445101458579302,7e-05,0.003486064,0.072578125,0.6760950531065464,0.20298343896865845,0.15,,,,,,,,,,,,,,,,,,,,,,,,,,,,,
6.395270347595215,251.46,2700800,333,11,84,-0.3471325746178627,4004,0.4675273895263672,-0.0021513806376606227,7e-05,0.0051828893,0.088828125,0.4984875871427357,0.01869700476527214,0.15,,,,,,,,,,,,,,,,,,,,,,,,,,,,,
6.233059883117676,259.23,2703360,346,12,88,-0.35304503963918105,4007,0.36554116010665894,0.0022465255757679746,7e-05,0.009563377,0.07940051020408163,0.575986961320955,0.11521486937999725,0.15,,,,,,,,,,,,,,,,,,,,,,,,,,,,,
6.092862606048584,264.01,2705920,346,13,95,-0.39433124840259554,4012,0.39154052734375,-0.00010807957500219345,7e-05,0.008158938,0.0884375,0.5056810278259217,0.13401293754577637,0.15,,,,,,,,,,,,,,,,,,,,,,,,,,,,,
6.104276657104492,262.31,2708480,344,14,104,-0.3597767524421215,4017,0.44205015897750854,0.0002563380170613527,7e-05,0.0055904253,0.09546875,0.5660830167680979,0.5483832359313965,0.15,,,,,,,,,,,,,,,,,,,,,,,,,,,,,
6.0974297523498535,262.1,2711040,336,15,114,-0.421066989004612,4022,0.4151938557624817,-0.0014139087870717049,7e-05,0.0045650634,0.0996875,0.8060813792608679,0.45432448387145996,0.15,,,,,,,,,,,,,,,,,,,,,,,,,,,,,
6.133738994598389,263.62,2713600,334,16,122,-0.3936522141098976,4027,0.2732164263725281,-0.00010221999138593674,7e-05,0.0047508385,0.08609375,0.7847902328707278,0.004831236787140369,0.15,,,,,,,,,,,,,,,,,,,,,,,,,,,,,
6.133272171020508,265.42,2716160,329,17,132,-0.40683588951826094,4032,0.1485232710838318,-0.0025527747999876736,7e-05,0.004938109,0.09828125,0.9346191329881549,0.5519891381263733,0.15,,,,,,,,,,,,,,,,,,,,,,,,,,,,,
6.057960033416748,268.94,2718720,329,18,139,-0.35883198663592336,4037,0.29294049739837646,-0.0019171037571504713,7e-05,0.004199988,0.06875,0.4801253765821457,0.15314316749572754,0.15,,,,,,,,,,,,,,,,,,,,,,,,,,,,,
6.079589366912842,266.22,2721280,325,19,149,-0.3510346254706383,4042,0.062192440032958984,-0.0038867028523236515,7e-05,0.0041077547,0.0753125,0.8066991813108325,0.50387042760849,0.15,,,,,,,,,,,,,,,,,,,,,,,,,,,,,
5.945505142211914,270.9,2723840,322,20,158,-0.35986269146204,4047,0.10726428031921387,-0.0008966631814837456,7e-05,0.0067719123,0.085546875,0.4881214532069862,0.01583946868777275,0.15,,,,,,,,,,,,,,,,,,,,,,,,,,,,,
,,,,,,-0.3732923328876495,4052,0.33341705799102783,-0.0005739080347120762,7e-05,0.0074528875,0.089375,0.5790991215035319,0.061326876282691956,0.15,,,,,,,,,0.83,2.5883987969608824,6.072104883566499,270.87,2150400,3,0,97.8203102632577,,,,,,,,,,,,,
,,,,,,,,,,,,,,,,,,,,,,,,0.66,4.003733899895591,4.99897036479786,259.72,2150400,3,1,130.71687572765805,,,,,,,,,,,,,
,,,,,,,,,,,,,,,,,,,,,,,,,,,,2150400,3,,,157.3,0,6.75,0.83,0,0.16999999999999993,0,0.83,0.83,0.0,0,0,0.66
5.801847457885742,276.86,2726400,2109,1,1,,,,,,,,,,,3,1,11,0.011,2150400,440,7e-05,15,,,,,,,,,,,,,,,,,,,,,
5.808321475982666,275.73,2728960,459,2,11,-0.3816512331366539,4057,0.30488622188568115,-0.002058422118425369,7e-05,0.007253579,0.085234375,0.9634178721532226,0.7918961644172668,0.15,,,,,,,,,,,,,,,,,,,,,,,,,,,,,
5.811763763427734,274.49,2731520,429,3,17,-0.3680632941424847,4062,0.43726688623428345,-0.0017596148047596216,7e-05,0.005832755,0.101171875,0.46471156318672,0.030364440754055977,0.15,,,,,,,,,,,,,,,,,,,,,,,,,,,,,
5.975916862487793,268.18,2734080,374,4,27,-0.3719733230769634,4067,0.45907098054885864,-6.303928792476654e-05,7e-05,0.007065358,0.102578125,0.8536137114837765,-0.016581544652581215,0.15,,,,,,,,,,,,,,,,,,,,,,,,,,,,,
5.9866838455200195,267.52,2736640,342,5,37,-0.34149567037820816,4072,0.42944037914276123,-0.001040723752230406,7e-05,0.0065946467,0.0809375,0.8586881275102496,0.1924561858177185,0.15,,,,,,,,,,,,,,,,,,,,,,,,,,,,,
5.934103965759277,275.01,2739200,338,6,45,-0.3820291283726692,4077,0.585444450378418,0.000920171458274126,7e-05,0.007181502,0.089453125,0.5451002382487059,0.5979364514350891,0.15,,,,,,,,,,,,,,,,,,,,,,,,,,,,,
5.898106098175049,274.3,2741760,336,7,53,-0.3708727130293846,4082,0.39505743980407715,-0.00024889913387596605,7e-05,0.006085553,0.084453125,0.9592022720351815,0.7623129487037659,0.15,,,,,,,,,,,,,,,,,,,,,,,,,,,,,
5.8273701667785645,274.71,2744320,329,8,62,-0.398673809170723,4087,0.487194299697876,-0.0005338251870125533,7e-05,0.006814912,0.100859375,0.9264799474971369,0.0014747590757906437,0.15,,,,,,,,,,,,,,,,,,,,,,,,,,,,,
5.9605231285095215,271.41,2746880,321,9,71,-0.37682761520147323,4092,0.34065043926239014,-0.0015684872213751078,7e-05,0.00836895,0.086328125,0.7706069964077323,0.24042128026485443,0.15,,,,,,,,,,,,,,,,,,,,,,,,,,,,,
6.00491189956665,272.12,2749440,331,10,77,-0.37752452113411644,4095,0.420398473739624,0.0005193613977594809,7e-05,0.00592864,0.08053977272727272,0.9712943785569884,0.904282808303833,0.15,,,,,,,,,,,,,,,,,,,,,,,,,,,,,
6.003772735595703,269.81,2752000,329,11,85,-0.39313717275857923,4100,0.23657596111297607,-0.0002538659935817122,7e-05,0.0035369068,0.063671875,0.6696126724220812,0.27824416756629944,0.15,,,,,,,,,,,,,,,,,,,,,,,,,,,,,
5.964698314666748,275.28,2754560,329,12,93,-0.38789416462182996,4105,0.3941246271133423,0.0007790956553071737,7e-05,0.006385925,0.107734375,0.3419717718474567,0.006097137928009033,0.15,,,,,,,,,,,,,,,,,,,,,,,,,,,,,
6.089959621429443,272.13,2757120,327,13,101,-0.4395453733205795,4110,0.38011735677719116,-0.0025294953538104892,7e-05,0.006709791,0.092734375,0.6354427987709641,0.08207603543996811,0.15,,,,,,,,,,,,,,,,,,,,,,,,,,,,,
6.048248767852783,270.23,2759680,326,14,109,-0.40049415349960327,4115,0.262256383895874,-0.0005414710007607937,7e-05,0.0046646665,0.06625,0.751036313213408,0.006297018378973007,0.15,,,,,,,,,,,,,,,,,,,,,,,,,,,,,
5.949960708618164,273.32,2762240,321,15,119,-0.3874670061469078,4120,0.33857232332229614,-0.0025152027513831855,7e-05,0.0044917436,0.078046875,0.7118845798820257,0.24657227098941803,0.15,,,,,,,,,,,,,,,,,,,,,,,,,,,,,
5.9348978996276855,276.11,2764800,327,16,125,-0.44810540072711896,4125,0.36438459157943726,0.00194722772748382,7e-05,0.03704623,0.13753858024691357,0.4979860861268308,0.06089142709970474,0.15,,,,,,,,,,,,,,,,,,,,,,,,,,,,,
5.985927104949951,269.05,2767360,325,17,133,-0.44687378764152524,4130,0.35540759563446045,-0.003124041389673948,7e-05,0.008190164,0.11015625,0.6949237099289894,0.5783965587615967,0.15,,,,,,,,,,,,,,,,,,,,,,,,,,,,,
5.858590602874756,273.5,2769920,325,18,141,-0.4715456560254097,4135,0.3235777020454407,-4.963868297636509e-05,7e-05,0.00764422,0.093671875,0.6597418709099293,0.05971084535121918,0.15,,,,,,,,,,,,,,,,,,,,,,,,,,,,,
5.675997257232666,280.02,2772480,328,19,148,-0.4964217554245676,4140,0.43214744329452515,-0.001415607419663242,7e-05,0.022225138,0.11123511904761904,0.7158080864742044,0.016143307089805603,0.15,,,,,,,,,,,,,,,,,,,,,,,,,,,,,
5.673256874084473,279.55,2775040,327,20,156,-0.4817452862858772,4145,0.43448013067245483,-0.002053070361725986,7e-05,0.0064329044,0.1009375,0.795972836278379,-0.004932979121804237,0.15,,,,,,,,,,,,,,,,,,,,,,,,,,,,,
,,,,,,-0.41217965508500737,4148,0.21749192476272583,0.0019040559612525005,7e-05,0.00861166,0.07698567708333333,0.9905844780538852,0.2702009677886963,0.15,,,,,,,,,0.82,2.756425990694133,6.015525552211329,264.17,2201600,3,0,95.50079109619982,,,,,,,,,,,,,
,,,,,,,,,,,,,,,,,,,,,,,,0.45,4.092604249450235,3.36435916762799,311.93,2201600,3,1,142.30701001707538,,,,,,,,,,,,,
,,,,,,,,,,,,,,,,,,,,,,,,,,,,2201600,3,,,157.3,0,6.75,0.82,0,0.36999999999999994,0,0.82,0.82,0.0,0,0,0.45
5.649726390838623,281.62,2777600,2087,1,1,,,,,,,,,,,3,1,11,0.011,2201600,440,7e-05,15,,,,,,,,,,,,,,,,,,,,,
5.850472927093506,277.02,2780160,452,2,11,-0.41613004058599473,4153,0.3037567734718323,-0.0016430671093985438,7e-05,0.0039433273,0.06828125,0.8873251342587173,0.23739035427570343,0.15,,,,,,,,,,,,,,,,,,,,,,,,,,,,,
5.942343235015869,271.51,2782720,351,3,21,-0.4280460527539253,4158,0.28933030366897583,-0.0021824687533080578,7e-05,0.005694681,0.09734375,0.9332069575041533,0.026221511885523796,0.15,,,,,,,,,,,,,,,,,,,,,,,,,,,,,
5.982750415802002,267.47,2785280,340,4,30,-0.42148774564266206,4163,0.1993253231048584,0.0005050413496792317,7e-05,0.0048067467,0.09796875,0.7884691642969847,0.13585200905799866,0.15,,,,,,,,,,,,,,,,,,,,,,,,,,,,,
6.146874904632568,261.11,2787840,312,5,41,-0.4160057321190834,4168,0.35579895973205566,-0.0012255075573921203,7e-05,0.004757098,0.084921875,0.644737233761698,0.5429517030715942,0.15,,,,,,,,,,,,,,,,,,,,,,,,,,,,,
6.1618571281433105,258.34,2790400,305,6,50,-0.3928981301188469,4173,0.36770880222320557,-0.00014195017516613006,7e-05,0.0051220343,0.07734375,0.507219220418483,0.14873772859573364,0.15,,,,,,,,,,,,,,,,,,,,,,,,,,,,,
6.234763145446777,256.5,2792960,304,7,58,-0.41352072715759275,4178,0.46629345417022705,-0.0003539455775171518,7e-05,0.0044275704,0.086015625,0.39698647076264026,0.087462417781353,0.15,,,,,,,,,,,,,,,,,,,,,,,,,,,,,
6.475932598114014,251.23,2795520,302,8,67,-0.38745664089918136,4183,0.5107731819152832,-0.0016498968284577131,7e-05,0.0045864945,0.085390625,0.5241417028848082,0.03630746155977249,0.15,,,,,,,,,,,,,,,,,,,,,,,,,,,,,
6.488236904144287,254.61,2798080,310,9,74,-0.4025526711344719,4188,0.5665944814682007,-0.002631146409548819,7e-05,0.003996361,0.08546875,0.31583968199789525,0.11149609833955765,0.15,,,,,,,,,,,,,,,,,,,,,,,,,,,,,
6.498642444610596,253.2,2800640,301,10,85,-0.40607531398534774,4193,0.5516595840454102,-0.0016120599675923586,7e-05,0.0045283013,0.08125,0.5325419664569199,0.4907228350639343,0.15,,,,,,,,,,,,,,,,,,,,,,,,,,,,,
6.531208515167236,250.69,2803200,302,11,93,-0.40429143846035004,4198,0.4649643301963806,-0.0017627632059156895,7e-05,0.006444052,0.083359375,0.35372211270034315,0.05355563014745712,0.15,,,,,,,,,,,,,,,,,,,,,,,,,,,,,
6.438809394836426,250.02,2805760,299,12,102,-0.37712198957800863,4203,0.5061095952987671,-0.002576544675976038,7e-05,0.0053554894,0.07984375,0.38939559476450086,0.5895103216171265,0.15,,,,,,,,,,,,,,,,,,,,,,,,,,,,,
6.442939281463623,250.59,2808320,296,13,112,-0.3953665405511856,4208,0.4976605176925659,-0.00041971297934651375,7e-05,0.004989748,0.06921875,0.4637526885420084,0.7037985324859619,0.15,,,,,,,,,,,,,,,,,,,,,,,,,,,,,
6.1457929611206055,260.37,2810880,301,14,118,-0.38586913138628004,4213,0.5900200605392456,-0.0034571895375847816,7e-05,0.007048907,0.08828125,0.30510306313633917,0.166142076253891,0.15,,,,,,,,,,,,,,,,,,,,,,,,,,,,,
6.070009708404541,264.34,2813440,300,15,127,-0.40844873398542403,4218,0.6478308439254761,-0.00016304560005664826,7e-05,0.005504876,0.078203125,0.4018692600633949,0.1585448682308197,0.15,,,,,,,,,,,,,,,,,,,,,,,,,,,,,
6.222911834716797,257.2,2816000,295,16,138,-0.35670803755521774,4223,0.6922578811645508,-0.002603147001937032,7e-05,0.0056766905,0.090078125,0.5578262845799327,0.5528238415718079,0.15,,,,,,,,,,,,,,,,,,,,,,,,,,,,,
6.215330600738525,258.96,2818560,294,17,147,-0.36416867971420286,4228,0.705035924911499,-0.0017484497744590043,7e-05,0.004129463,0.072109375,0.41418728802353144,0.49181094765663147,0.15,,,,,,,,,,,,,,,,,,,,,,,,,,,,,
6.280114650726318,249.24,2821120,293,18,156,-0.37366705626249314,4233,0.6839819550514221,-0.0006759374961256981,7e-05,0.0062203957,0.08421875,0.8068310444056987,0.0559692457318306,0.15,,,,,,,,,,,,,,,,,,,,,,,,,,,,,
6.410550117492676,244.72,2823680,289,19,167,-0.36433617264032364,4238,0.8283308744430542,-0.0010044492594897746,7e-05,0.0032880623,0.0759375,0.2832245931401849,0.08475245535373688,0.15,,,,,,,,,,,,,,,,,,,,,,,,,,,,,
6.35457706451416,245.79,2826240,289,20,177,-0.35336420565843585,4243,0.6969767212867737,-0.001764115998521447,7e-05,0.0048884037,0.08234375,0.38628793887794016,0.1745447814464569,0.15,,,,,,,,,,,,,,,,,,,,,,,,,,,,,
,,,,,,-0.3522292950749397,4248,0.8676750063896179,-0.0003712914604693651,7e-05,0.0051990324,0.074296875,0.4119166746735573,0.08454301953315735,0.15,,,,,,,,,0.88,2.4899724856805228,6.314333322867751,262.76,2252800,3,0,88.5100129928812,,,,,,,,,,,,,
,,,,,,,,,,,,,,,,,,,,,,,,0.47,4.219623363794763,3.483920884281397,311.01,2252800,3,1,138.1718129721109,,,,,,,,,,,,,
,,,,,,,,,,,,,,,,,,,,,,,,,,,,2252800,3,,,157.3,0,6.75,0.88,0,0.41000000000000003,0,0.88,0.88,0.0,0,0,0.47
6.360782623291016,244.59,2828800,2095,1,1,,,,,,,,,,,3,1,11,0.011,2252800,440,7e-05,15,,,,,,,,,,,,,,,,,,,,,
6.265058994293213,249.14,2831360,492,2,10,-0.4083287933468819,4253,0.8418729305267334,-0.0008571243472397328,7e-05,0.0040742205,0.073203125,0.41778259494341907,0.18028180301189423,0.15,,,,,,,,,,,,,,,,,,,,,,,,,,,,,
6.465451240539551,243.86,2833920,364,3,21,-0.3848992571234703,4258,0.6483536958694458,-5.204113200306892e-05,7e-05,0.007309751,0.082734375,0.8305887546576559,0.10171478986740112,0.15,,,,,,,,,,,,,,,,,,,,,,,,,,,,,
6.651920318603516,238.83,2836480,435,4,23,-0.3949294913382757,4260,0.41293197870254517,0.002255379355379513,7e-05,0.044546038,0.08444940476190477,1.4063606045785404,0.7180644869804382,0.15,,,,,,,,,,,,,,,,,,,,,,,,,,,,,
6.609066009521484,244.56,2839040,391,5,32,-0.35869271218776705,4265,0.5749794244766235,-0.0018218052014708518,7e-05,0.0037212907,0.0590625,0.9485191712528467,0.49982473254203796,0.15,,,,,,,,,,,,,,,,,,,,,,,,,,,,,
6.550333023071289,246.0,2841600,359,6,42,-0.3691235128045082,4270,0.67268306016922,-0.0023281524423509835,7e-05,0.005308512,0.06578125,0.7911533078178763,0.03584147244691849,0.15,,,,,,,,,,,,,,,,,,,,,,,,,,,,,
6.548920154571533,245.87,2844160,341,7,52,-0.39665874987840655,4275,0.7894023656845093,0.00023476863279938697,7e-05,0.006543384,0.10234375,0.6615553939528763,0.019614076241850853,0.15,,,,,,,,,,,,,,,,,,,,,,,,,,,,,
6.489455699920654,252.67,2846720,334,8,61,-0.40155199974775313,4280,0.5834636688232422,-0.0004198362026363611,7e-05,0.005007813,0.087421875,1.1905134532880037,0.7704338431358337,0.15,,,,,,,,,,,,,,,,,,,,,,,,,,,,,
6.396243095397949,257.91,2849280,325,9,70,-0.4391255870461464,4285,0.5956346988677979,-0.002303119041025639,7e-05,0.004397821,0.091328125,1.1920320958644153,0.5720481276512146,0.15,,,,,,,,,,,,,,,,,,,,,,,,,,,,,
6.263516426086426,261.56,2851840,326,10,78,-0.412192645072937,4290,0.5827549695968628,-0.0017125264834612608,7e-05,0.0059450925,0.08921875,0.9833892638795078,1.3745654821395874,0.15,,,,,,,,,,,,,,,,,,,,,,,,,,,,,
6.426079750061035,260.51,2854400,319,11,88,-0.43858030438423157,4295,0.5299222469329834,-0.0022755037620663643,7e-05,0.0044820104,0.082890625,0.9276164555177092,0.0941576287150383,0.15,,,,,,,,,,,,,,,,,,,,,,,,,,,,,
6.302450656890869,262.34,2856960,321,12,95,-0.40954828679561617,4300,0.458861768245697,-0.00019669924862682819,7e-05,0.0065387795,0.076796875,1.17445237968117,0.8852390646934509,0.15,,,,,,,,,,,,,,,,,,,,,,,,,,,,,
6.3009443283081055,263.4,2859520,318,13,104,-0.42378687679767607,4305,0.4999959468841553,-0.0019874190166592597,7e-05,0.0065876865,0.08984375,1.0016042349487544,0.1139383539557457,0.15,,,,,,,,,,,,,,,,,,,,,,,,,,,,,
6.103304386138916,267.66,2862080,316,14,113,-0.4236300526559353,4310,0.26343703269958496,0.0015438381116837264,7e-05,0.0067290673,0.0834375,1.0889556503482163,0.07920808345079422,0.15,,,,,,,,,,,,,,,,,,,,,,,,,,,,,
5.877319812774658,276.82,2864640,318,15,120,-0.42740033090114593,4315,0.4643958806991577,-0.001236412450671196,7e-05,0.005407943,0.095546875,0.5979619340598583,0.007069211453199387,0.15,,,,,,,,,,,,,,,,,,,,,,,,,,,,,
5.639904975891113,280.73,2867200,323,16,126,-0.41033688147325775,4319,0.4684271216392517,-0.0007107771077268833,7e-05,0.0120383585,0.09427787162162163,0.7779138748458511,0.18918699026107788,0.15,,,,,,,,,,,,,,,,,,,,,,,,,,,,,
5.738321304321289,280.15,2869760,326,17,133,-0.43350137705388275,4323,0.4852566719055176,0.002114100381731987,7e-05,0.011728453,0.09827898550724638,0.9412895160308783,0.39461588859558105,0.15,,,,,,,,,,,,,,,,,,,,,,,,,,,,,
5.682266712188721,280.78,2872320,326,18,141,-0.3942960971593857,4328,0.11189305782318115,-0.001472516916692257,7e-05,0.005080969,0.080078125,1.2732847894728183,0.7291555404663086,0.15,,,,,,,,,,,,,,,,,,,,,,,,,,,,,
5.85385274887085,271.96,2874880,324,19,149,-0.38952390640974044,4333,0.2586135268211365,-0.0006780753564089537,7e-05,0.005289416,0.081640625,0.7314289152808487,0.061193086206912994,0.15,,,,,,,,,,,,,,,,,,,,,,,,,,,,,
5.80543327331543,271.87,2877440,321,20,159,-0.39909788846969607,4338,0.31306004524230957,-0.003982317196205259,7e-05,0.0072480654,0.10515625,0.7781347760558128,0.233396977186203,0.15,,,,,,,,,,,,,,,,,,,,,,,,,,,,,
,,,,,,-0.4182621994614601,4343,0.5132203102111816,-0.0008528654091060162,7e-05,0.0072544017,0.094453125,0.5197339074406773,0.03756805136799812,0.15,,,,,,,,,0.89,2.2312667261791046,6.4510246554017066,255.02,2304000,3,0,90.52524288837893,,,,,,,,,,,,,
,,,,,,,,,,,,,,,,,,,,,,,,0.47,4.726629985912433,2.9699341789633036,313.7,2304000,3,1,135.4472960232134,,,,,,,,,,,,,
,,,,,,,,,,,,,,,,,,,,,,,,,,,,2304000,3,,,157.3,0,6.75,0.89,0,0.42000000000000004,0,0.89,0.89,0.0,0,0,0.47
5.839282035827637,268.45,2880000,2186,1,1,,,,,,,,,,,3,1,11,0.011,2304000,440,7e-05,15,,,,,,,,,,,,,,,,,,,,,
5.843713760375977,264.61,2882560,671,2,7,-0.38433793498508967,4347,0.45936793088912964,0.0005374475340567418,7e-05,0.008203189,0.07136194029850747,1.054018679728259,0.16304878890514374,0.15,,,,,,,,,,,,,,,,,,,,,,,,,,,,,
5.9467267990112305,258.23,2885120,485,3,15,-0.3782696536183357,4352,0.521436333656311,-0.000405656760558486,7e-05,0.004235944,0.09828125,0.6810930155403913,0.2790982723236084,0.15,,,,,,,,,,,,,,,,,,,,,,,,,,,,,
6.16928768157959,249.87,2887680,367,4,27,-0.3740006671845913,4357,0.6185725927352905,-0.0009397212695330382,7e-05,0.008219497,0.08953125,0.7009668153896927,1.673305869102478,0.15,,,,,,,,,,,,,,,,,,,,,,,,,,,,,
6.30413818359375,245.7,2890240,380,5,33,-0.4010695382660511,4360,0.7516767978668213,0.0015075961675714044,7e-05,0.0085012335,0.0742953431372549,0.5456070890102316,0.6184040904045105,0.15,,,,,,,,,,,,,,,,,,,,,,,,,,,,,
6.525972843170166,238.23,2892800,337,6,45,-0.37088059455156325,4365,0.6681086421012878,-0.0019308558944612741,7e-05,0.0064522466,0.092734375,0.7105198366940022,0.01683260127902031,0.15,,,,,,,,,,,,,,,,,,,,,,,,,,,,,
6.504205226898193,241.2,2895360,337,7,53,-0.38514548540115356,4370,0.6467801332473755,-0.0007089034002274275,7e-05,0.0068607004,0.108359375,0.4867072281427681,0.12214992195367813,0.15,,,,,,,,,,,,,,,,,,,,,,,,,,,,,
6.427063465118408,245.26,2897920,329,8,62,-0.369285129904747,4375,0.6135669946670532,0.00019010653719305992,7e-05,0.003341503,0.083984375,0.7007055750116706,0.024749932810664177,0.15,,,,,,,,,,,,,,,,,,,,,,,,,,,,,
6.293560981750488,250.0,2900480,334,9,68,-0.36174598008394243,4380,0.6334407925605774,-0.0018460747739300132,7e-05,0.0049711256,0.079765625,0.5645857241377235,0.1518632173538208,0.15,,,,,,,,,,,,,,,,,,,,,,,,,,,,,
6.403017520904541,249.08,2903040,331,10,77,-0.38771820574998855,4385,0.4829508066177368,-0.002937582116574049,7e-05,0.004456018,0.062578125,0.8021773080527782,0.7262787222862244,0.15,,,,,,,,,,,,,,,,,,,,,,,,,,,,,
6.252418041229248,255.26,2905600,327,11,86,-0.4014607328176498,4390,0.5594435334205627,-0.0010739932395517826,7e-05,0.010400055,0.095859375,1.0272806474380196,0.1842653453350067,0.15,,,,,,,,,,,,,,,,,,,,,,,,,,,,,
6.144564628601074,261.01,2908160,331,12,92,-0.4194598525762558,4395,0.6066762804985046,0.00017115285620093347,7e-05,0.007263391,0.09359375,0.610012850863859,0.13270007073879242,0.15,,,,,,,,,,,,,,,,,,,,,,,,,,,,,
6.2769775390625,260.73,2910720,345,13,96,-0.4154526756869422,4398,0.6394287943840027,0.0029294578151570425,7e-05,0.017550047,0.09774305555555556,0.4954076748341322,0.06633590906858444,0.15,,,,,,,,,,,,,,,,,,,,,,,,,,,,,
6.401389122009277,258.38,2913280,353,14,101,-0.37887230856078014,4400,0.01454538106918335,0.0013314205088785717,7e-05,0.006643156,0.07834821428571428,1.0329667385135377,0.222574383020401,0.15,,,,,,,,,,,,,,,,,,,,,,,,,,,,,
6.480782985687256,254.61,2915840,344,15,111,-0.36546141356229783,4405,0.20068001747131348,-0.003762817354872823,7e-05,0.0041754725,0.06515625,0.5584082996379585,0.2618946433067322,0.15,,,,,,,,,,,,,,,,,,,,,,,,,,,,,
6.4358229637146,253.61,2918400,360,16,113,-0.3763074465095997,4406,0.27280479669570923,0.0032260449370369315,7e-05,0.00687291,0.09814453125,0.6590264150872827,1.1041377782821655,0.15,,,,,,,,,,,,,,,,,,,,,,,,,,,,,
6.51016092300415,250.57,2920960,354,17,122,-0.35133808210492135,4411,0.3673829436302185,-0.00148548215162009,7e-05,0.0072224177,0.11171875,0.4541163185611367,0.19730643928050995,0.15,,,,,,,,,,,,,,,,,,,,,,,,,,,,,
6.4012274742126465,256.41,2923520,358,18,128,-0.3296621994538741,4414,0.24823319911956787,-0.0017005772583863952,7e-05,0.0059219073,0.06946022727272727,0.5520561435005882,0.5592344999313354,0.15,,,,,,,,,,,,,,,,,,,,,,,,,,,,,
6.403481483459473,255.12,2926080,366,19,132,-0.32500441893935206,4416,0.3393273949623108,-8.755603339523077e-05,7e-05,0.008904712,0.0681640625,0.42328050257638095,0.18148650228977203,0.15,,,,,,,,,,,,,,,,,,,,,,,,,,,,,
6.503981113433838,248.13,2928640,362,20,141,-0.33416815117001536,4421,0.37530243396759033,-0.0014900029357522726,7e-05,0.0040365676,0.086171875,0.39236669082194564,0.09800916165113449,0.15,,,,,,,,,,,,,,,,,,,,,,,,,,,,,
,,,,,,-0.2982702192664146,4426,0.5178301334381104,-0.002722840216010809,7e-05,0.0048431377,0.072734375,0.47818536885082724,0.5585281848907471,0.15,,,,,,,,,0.85,2.4980497358323084,6.338477482050657,248.0,2355200,3,0,100.67323378137806,,,,,,,,,,,,,
,,,,,,,,,,,,,,,,,,,,,,,,0.5,4.497010109307311,3.483630568571389,300.27,2355200,3,1,141.0757849526275,,,,,,,,,,,,,
,,,,,,,,,,,,,,,,,,,,,,,,,,,,2355200,3,,,157.3,0,6.75,0.85,0,0.35,0,0.85,0.85,0.0,0,0,0.5
6.6014862060546875,243.17,2931200,2253,1,1,,,,,,,,,,,3,1,11,0.011,2355200,440,7e-05,15,,,,,,,,,,,,,,,,,,,,,
6.578690052032471,238.8,2933760,421,2,12,-0.3269091884791851,4431,0.5254679918289185,-0.00039851381443440915,7e-05,0.00541444,0.07921875,0.4623150899633765,0.017170242965221405,0.15,,,,,,,,,,,,,,,,,,,,,,,,,,,,,
6.427237510681152,245.31,2936320,305,3,25,-0.3275559052824974,4436,0.6289785504341125,-0.0022826465032994747,7e-05,0.0035837903,0.06484375,0.49096845725551247,0.36522170901298523,0.15,,,,,,,,,,,,,,,,,,,,,,,,,,,,,
6.317905902862549,245.51,2938880,293,4,34,-0.31166596204042435,4441,0.7144708037376404,-0.0013061716314405204,7e-05,0.0051309536,0.068203125,0.49131256793625655,-0.0030144723132252693,0.15,,,,,,,,,,,,,,,,,,,,,,,,,,,,,
6.2397589683532715,248.64,2941440,289,5,44,-0.3390671795606613,4446,0.8153096437454224,0.00033173529664054513,7e-05,0.004960363,0.08546875,0.5402058706246317,0.14418287575244904,0.15,,,,,,,,,,,,,,,,,,,,,,,,,,,,,
6.0852742195129395,255.12,2944000,293,6,52,-0.3420508998632431,4451,0.7000716924667358,-0.00029309330508112905,7e-05,0.0043454533,0.069765625,0.9321119701350108,0.24345292150974274,0.15,,,,,,,,,,,,,,,,,,,,,,,,,,,,,
6.048178672790527,253.93,2946560,302,7,59,-0.33777355988110813,4454,0.7904152870178223,0.0004714341401787741,7e-05,0.008299884,0.08314732142857142,0.8118135472426989,0.4697161316871643,0.15,,,,,,,,,,,,,,,,,,,,,,,,,,,,,
6.07215690612793,251.53,2949120,295,8,69,-0.36106134980916976,4459,0.8122532963752747,-2.5377217680215837e-05,7e-05,0.007885397,0.09859375,0.6578158238530158,0.42172348499298096,0.15,,,,,,,,,,,,,,,,,,,,,,,,,,,,,
6.009002685546875,254.07,2951680,293,9,78,-0.380806820243597,4464,0.5330101251602173,-0.00033054344821721316,7e-05,0.005492581,0.093046875,0.7878144925832749,0.17710110545158386,0.15,,,,,,,,,,,,,,,,,,,,,,,,,,,,,
6.084841728210449,251.37,2954240,286,10,89,-0.35549197673797606,4469,0.7167090773582458,-0.0023220473248511554,7e-05,0.013857409,0.102265625,0.7483952189702541,-0.003381735645234585,0.15,,,,,,,,,,,,,,,,,,,,,,,,,,,,,
5.914570331573486,260.06,2956800,289,11,97,-0.3754871232807636,4474,0.6585747599601746,-0.0012624535569921136,7e-05,0.0062259347,0.086640625,0.8442492133565247,0.42937740683555603,0.15,,,,,,,,,,,,,,,,,,,,,,,,,,,,,
6.098353862762451,256.48,2959360,290,12,105,-0.380445364266634,4479,0.7063005566596985,-0.0006629989948123693,7e-05,0.005267112,0.07484375,0.8662567088007926,0.4482955038547516,0.15,,,,,,,,,,,,,,,,,,,,,,,,,,,,,
6.178305149078369,252.7,2961920,287,13,115,-0.4102711170911789,4484,0.5755513906478882,-9.798291604965925e-05,7e-05,0.005811702,0.0984375,1.2436976429075002,1.183796763420105,0.15,,,,,,,,,,,,,,,,,,,,,,,,,,,,,
6.211134433746338,254.89,2964480,286,14,125,-0.39155718341469764,4489,0.480196475982666,-0.0016222506947815418,7e-05,0.0048811603,0.07609375,0.7970253679342568,0.3521243631839752,0.15,,,,,,,,,,,,,,,,,,,,,,,,,,,,,
6.135135650634766,259.18,2967040,286,15,133,-0.3922859162092209,4494,0.5210214853286743,-0.0019346570502966642,7e-05,0.0047731185,0.07453125,0.8983891414850951,0.17049714922904968,0.15,,,,,,,,,,,,,,,,,,,,,,,,,,,,,
6.222843170166016,255.25,2969600,285,16,143,-0.4026819160580635,4499,0.5338302850723267,-0.001438201265409589,7e-05,0.0044922684,0.0828125,0.8458299735561013,0.6185126900672913,0.15,,,,,,,,,,,,,,,,,,,,,,,,,,,,,
6.434330940246582,248.02,2972160,284,17,153,-0.38621240458926376,4504,0.5308717489242554,-0.0014741908644839209,7e-05,0.0064391796,0.07748724489795919,0.8407452655195886,1.5784040689468384,0.15,,,,,,,,,,,,,,,,,,,,,,,,,,,,,
6.444950580596924,247.06,2974720,284,18,161,-0.37603030502796175,4509,0.5095316171646118,-0.0007918437290936708,7e-05,0.006959693,0.084140625,0.6849229185283184,0.04178228974342346,0.15,,,,,,,,,,,,,,,,,,,,,,,,,,,,,
6.53653621673584,247.3,2977280,295,19,164,-0.39242592255274455,4511,0.18144947290420532,0.0032607031054794787,7e-05,0.008794345,0.07760416666666667,0.6372067889819543,0.15326276421546936,0.15,,,,,,,,,,,,,,,,,,,,,,,,,,,,,
6.53449821472168,247.38,2979840,292,20,174,-0.4251353695988655,4516,0.2894953489303589,-0.0012769235577434301,7e-05,0.006148389,0.0940625,0.5801958963647484,0.41210752725601196,0.15,,,,,,,,,,,,,,,,,,,,,,,,,,,,,
,,,,,,-0.4053850215673447,4521,0.2743801474571228,-0.0013232704345136881,7e-05,0.005898434,0.092421875,0.5262749164924025,0.2658887505531311,0.15,,,,,,,,,0.93,1.8369002912629708,6.8660731741786005,232.88,2406400,3,0,83.33418026236293,,,,,,,,,,,,,
,,,,,,,,,,,,,,,,,,,,,,,,0.47,4.713152097741729,3.0914900874719025,311.97,2406400,3,1,137.54348076153954,,,,,,,,,,,,,
,,,,,,,,,,,,,,,,,,,,,,,,,,,,2406400,3,,,157.3,0,6.75,0.93,0,0.4600000000000001,0,0.93,0.93,0.0,0,0,0.47
6.4577507972717285,250.64,2982400,2115,1,1,,,,,,,,,,,3,1,11,0.011,2406400,440,7e-05,15,,,,,,,,,,,,,,,,,,,,,
6.537418842315674,248.2,2984960,446,2,11,-0.3863980558514595,4526,0.22785937786102295,-0.002379749473184347,7e-05,0.0064242007,0.0815625,0.4537347534671426,0.01000339537858963,0.15,,,,,,,,,,,,,,,,,,,,,,,,,,,,,
6.515305995941162,252.09,2987520,372,3,20,-0.35277588456869124,4531,0.1734592318534851,-0.0019614654034376144,7e-05,0.005288525,0.065625,0.5326135651767254,0.20363406836986542,0.15,,,,,,,,,,,,,,,,,,,,,,,,,,,,,
6.462901592254639,255.91,2990080,321,4,31,-0.38604690700769423,4536,0.45106804370880127,-0.0015963348373770714,7e-05,0.005557486,0.0853125,0.534043036326766,0.07624541223049164,0.15,,,,,,,,,,,,,,,,,,,,,,,,,,,,,
6.596343517303467,251.67,2992640,364,5,35,-0.4712312828217234,4538,0.5517821311950684,0.0038177470144416603,7e-05,0.017746575,0.10658482142857142,0.36030812920736416,0.10942339152097702,0.15,,,,,,,,,,,,,,,,,,,,,,,,,,,,,
6.444057464599609,258.06,2995200,403,6,38,-0.39380896659124465,4540,0.581274151802063,0.0027276375109241122,7e-05,0.046291918,0.11830357142857142,0.3611847059357734,0.09691312909126282,0.15,,,,,,,,,,,,,,,,,,,,,,,,,,,,,
6.541503429412842,257.89,2997760,382,7,46,-0.3344546201825142,4545,0.43586283922195435,-0.002152105951681733,7e-05,0.006755286,0.083828125,0.3752462530694902,-0.002199377864599228,0.15,,,,,,,,,,,,,,,,,,,,,,,,,,,,,
6.373687267303467,264.94,3000320,383,8,53,-0.3375434548887488,4549,0.39702171087265015,-0.00021572337064841023,7e-05,0.0074716783,0.09342893835616438,0.38153882207323425,0.08276347815990448,0.15,,,,,,,,,,,,,,,,,,,,,,,,,,,,,
6.350460052490234,261.04,3002880,365,9,63,-0.3474414974451065,4554,0.24553930759429932,0.000492614945396781,7e-05,0.0063296966,0.087578125,0.45875845331698656,0.12973441183567047,0.15,,,,,,,,,,,,,,,,,,,,,,,,,,,,,
6.304169178009033,260.39,3005440,380,10,67,-0.33395813562368093,4556,0.5424748659133911,0.0012152437855930704,7e-05,0.008721626,0.0834703947368421,0.48422225152975634,0.6522092819213867,0.15,,,,,,,,,,,,,,,,,,,,,,,,,,,,,
6.287511825561523,262.35,3008000,379,11,74,-0.3075357888638973,4561,0.26709145307540894,0.0021166323591023683,7e-05,0.007213804,0.103203125,0.43749153027310966,0.11307531595230103,0.15,,,,,,,,,,,,,,,,,,,,,,,,,,,,,
6.298488140106201,258.95,3010560,368,12,83,-0.33714675590395926,4566,0.37332141399383545,-0.0028311557322740553,7e-05,0.0065632774,0.079375,0.49448495617136357,0.1030714362859726,0.15,,,,,,,,,,,,,,,,,,,,,,,,,,,,,
6.220329761505127,262.62,3013120,347,13,95,-0.3110795849561691,4571,0.34305256605148315,-0.0006710470467805863,7e-05,0.0042755962,0.082109375,0.71665134601295,0.05115695297718048,0.15,,,,,,,,,,,,,,,,,,,,,,,,,,,,,
6.272834300994873,256.03,3015680,352,14,101,-0.37090675584201155,4574,0.3149954080581665,-0.0002114173217580236,7e-05,0.0055904025,0.06734913793103449,0.6010851521558803,0.2973785996437073,0.15,,,,,,,,,,,,,,,,,,,,,,,,,,,,,
6.2386674880981445,256.65,3018240,349,15,110,-0.3737784966826439,4579,0.3026321530342102,0.00039511192589998246,7e-05,0.0049321316,0.0925,0.4582731136865914,0.11397441476583481,0.15,,,,,,,,,,,,,,,,,,,,,,,,,,,,,
6.313085556030273,253.38,3020800,339,16,120,-0.4081806820631027,4584,0.5085925459861755,-0.001426200084388256,7e-05,0.005114739,0.091171875,0.4334786770492792,0.23956625163555145,0.15,,,,,,,,,,,,,,,,,,,,,,,,,,,,,
6.217522144317627,252.59,3023360,334,17,129,-0.4044331794977188,4589,0.4866008758544922,-0.002024401901289821,7e-05,0.0054547084,0.10046875,0.4003908983711153,0.4024992287158966,0.15,,,,,,,,,,,,,,,,,,,,,,,,,,,,,
6.243034839630127,250.09,3025920,325,18,141,-0.380911810696125,4594,0.5066608190536499,0.00025680733844637873,7e-05,0.004507778,0.08828125,0.5551141357049346,0.2917841672897339,0.15,,,,,,,,,,,,,,,,,,,,,,,,,,,,,
6.365538120269775,249.41,3028480,323,19,150,-0.3790102700889111,4599,0.6837261915206909,-0.0023357085045427085,7e-05,0.003958446,0.070078125,0.4991596394777298,0.0008902028203010559,0.15,,,,,,,,,,,,,,,,,,,,,,,,,,,,,
6.497305393218994,247.33,3031040,320,20,159,-0.41051309555768967,4604,0.1451408863067627,-0.00046390118077397344,7e-05,0.006435712,0.102109375,0.576929046176374,1.8044509887695312,0.15,,,,,,,,,,,,,,,,,,,,,,,,,,,,,
,,,,,,-0.4041481526196003,4609,0.6005163192749023,0.0003944604564458132,7e-05,0.0043359944,0.089375,0.3676764344796538,0.2910536527633667,0.15,,,,,,,,,0.89,2.176882959915275,6.557122695557773,246.31,2457600,3,0,86.5314619083718,,,,,,,,,,,,,
,,,,,,,,,,,,,,,,,,,,,,,,0.55,3.9090230380890354,4.219396437853574,289.54,2457600,3,1,137.9769850373605,,,,,,,,,,,,,
,,,,,,,,,,,,,,,,,,,,,,,,,,,,2457600,3,,,157.3,0,6.75,0.89,0,0.33999999999999997,0,0.89,0.89,0.0,0,0,0.55
6.506197452545166,246.38,3033600,2243,1,1,,,,,,,,,,,3,1,11,0.011,2457600,440,7e-05,15,,,,,,,,,,,,,,,,,,,,,
6.499526500701904,248.74,3036160,571,2,8,-0.3603144261240959,4614,0.4798845648765564,-0.0031374036706984043,7e-05,0.0040268674,0.067109375,0.3549295058846474,0.034493762999773026,0.15,,,,,,,,,,,,,,,,,,,,,,,,,,,,,
6.562343597412109,247.22,3038720,397,3,19,-0.368910958164746,4619,0.5885324478149414,-0.0016464573263968389,7e-05,0.0078393165,0.10373711340206186,0.3348037202640907,0.29188740253448486,0.15,,,,,,,,,,,,,,,,,,,,,,,,,,,,,
6.5942888259887695,243.56,3041280,361,4,28,-0.3424864472448826,4624,0.6083487272262573,-0.002915797661989927,7e-05,0.0072957105,0.092890625,0.33589719373732807,0.06481228768825531,0.15,,,,,,,,,,,,,,,,,,,,,,,,,,,,,
6.5251545906066895,247.7,3043840,341,5,37,-0.3287507891654968,4629,0.5418553352355957,-0.0024792386312037706,7e-05,0.0041819387,0.06296875,0.34112821467220783,0.14791512489318848,0.15,,,,,,,,,,,,,,,,,,,,,,,,,,,,,
6.670861721038818,242.02,3046400,332,6,46,-0.3435614435374737,4634,0.550268292427063,-0.0014988938719034195,7e-05,0.00757314,0.092421875,0.330071543995291,0.09930720925331116,0.15,,,,,,,,,,,,,,,,,,,,,,,,,,,,,
6.783799648284912,242.11,3048960,326,7,54,-0.3067323884367943,4639,0.520220160484314,-0.0004008509963750839,7e-05,0.004581335,0.075625,0.37399686720222236,0.2546418607234955,0.15,,,,,,,,,,,,,,,,,,,,,,,,,,,,,
6.767100811004639,244.44,3051520,317,8,64,-0.3442901003360748,4644,0.5193089246749878,-0.0017743057012557983,7e-05,0.003579637,0.07046875,0.41655663516372443,0.14804917573928833,0.15,,,,,,,,,,,,,,,,,,,,,,,,,,,,,
6.851208686828613,239.62,3054080,312,9,73,-0.3459759783744812,4649,0.48977094888687134,-0.0009987389808520674,7e-05,0.003644053,0.073125,0.3681133019179106,0.15599589049816132,0.15,,,,,,,,,,,,,,,,,,,,,,,,,,,,,
6.736337661743164,241.21,3056640,309,10,82,-0.31688090294599536,4654,0.5426870584487915,-0.0015755161084234715,7e-05,0.004970655,0.0778125,0.36466221529990434,0.2509702444076538,0.15,,,,,,,,,,,,,,,,,,,,,,,,,,,,,
6.753190517425537,239.11,3059200,313,11,89,-0.3429732342129168,4658,0.5424231290817261,0.0012617461329353027,7e-05,0.008283488,0.09725996376811594,0.2759083359623733,0.17219623923301697,0.15,,,,,,,,,,,,,,,,,,,,,,,,,,,,,
6.569090366363525,246.19,3061760,322,12,95,-0.34366478110259435,4661,0.5084398984909058,1.4359368679096113e-05,7e-05,0.0072116735,0.08225235849056604,0.38434908651518374,0.3699158728122711,0.15,,,,,,,,,,,,,,,,,,,,,,,,,,,,,
6.4168291091918945,251.67,3064320,322,13,103,-0.36170924186706543,4666,0.6051509380340576,-0.00044870573095977305,7e-05,0.011232346,0.117109375,0.3034478064440191,0.0358688086271286,0.15,,,,,,,,,,,,,,,,,,,,,,,,,,,,,
6.484829902648926,247.68,3066880,322,14,111,-0.3477489271759987,4671,0.42256444692611694,-0.0003528938116505742,7e-05,0.0054356186,0.082890625,0.4504409549385309,1.0993572473526,0.15,,,,,,,,,,,,,,,,,,,,,,,,,,,,,
6.489779472351074,246.21,3069440,317,15,120,-0.3010300427675247,4676,0.5739884376525879,-0.0012428715825080871,7e-05,0.004576846,0.076484375,0.3946639352943748,0.15904748439788818,0.15,,,,,,,,,,,,,,,,,,,,,,,,,,,,,
6.280822277069092,253.23,3072000,317,16,129,-0.30680096596479417,4681,0.6178318858146667,-0.0003351498953998089,7e-05,0.004234638,0.061953125,0.5495436154678464,0.0046204011887311935,0.15,,,,,,,,,,,,,,,,,,,,,,,,,,,,,
6.223151206970215,253.31,3074560,315,17,138,-0.3333065819740295,4686,0.6712664365768433,-0.0003196509042754769,7e-05,0.008770185,0.10015625,0.528363731764257,0.03904183954000473,0.15,,,,,,,,,,,,,,,,,,,,,,,,,,,,,
6.239108085632324,251.15,3077120,312,18,147,-0.3348860703408718,4691,0.4223364591598511,-0.0002519597578793764,7e-05,0.005936708,0.084921875,0.7901449422165752,0.03708238899707794,0.15,,,,,,,,,,,,,,,,,,,,,,,,,,,,,
6.325890064239502,246.42,3079680,307,19,158,-0.30698211401700976,4696,0.23814541101455688,-0.0014384682476520539,7e-05,0.0056303614,0.089140625,0.8158185765706003,1.6340830326080322,0.15,,,,,,,,,,,,,,,,,,,,,,,,,,,,,
6.264955997467041,248.23,3082240,306,20,167,-0.2731286159157753,4701,0.6416119337081909,-0.001923617604188621,7e-05,0.0036249072,0.055,0.49521516567096113,0.2314784973859787,0.15,,,,,,,,,,,,,,,,,,,,,,,,,,,,,
,,,,,,-0.26829557597637177,4706,0.7440731525421143,-0.0016175582446157932,7e-05,0.0059543345,0.05875,0.37772168206050993,0.2948917746543884,0.15,,,,,,,,,0.82,2.828897882166601,6.013796451762318,260.5,2508800,3,0,110.10363300091419,,,,,,,,,,,,,
,,,,,,,,,,,,,,,,,,,,,,,,0.57,3.9896432615043094,4.378326964750886,280.59,2508800,3,1,139.75042719076032,,,,,,,,,,,,,
,,,,,,,,,,,,,,,,,,,,,,,,,,,,2508800,3,,,157.3,0,6.75,0.82,0,0.25,0,0.82,0.82,0.0,0,0,0.57
6.138368606567383,250.7,3084800,2118,1,1,,,,,,,,,,,3,1,11,0.011,2508800,440,7e-05,15,,,,,,,,,,,,,,,,,,,,,
6.11013126373291,251.27,3087360,499,2,10,-0.31302017539739607,4711,0.7922403812408447,0.0002918414957821369,7e-05,0.008416905,0.087734375,0.38612824054434897,0.17446790635585785,0.15,,,,,,,,,,,,,,,,,,,,,,,,,,,,,
6.1253461837768555,249.73,3089920,403,3,19,-0.2946393606066704,4716,0.795116662979126,0.0017486733198165893,7e-05,0.0043975646,0.076953125,0.6538117610104383,0.013330411165952682,0.15,,,,,,,,,,,,,,,,,,,,,,,,,,,,,
5.975433826446533,256.01,3092480,335,4,30,-0.2567651864886284,4721,0.8820666670799255,-0.0010507790884003044,7e-05,0.0043383334,0.05984375,0.5504990108497441,0.7224396467208862,0.15,,,,,,,,,,,,,,,,,,,,,,,,,,,,,
5.835427284240723,260.22,3095040,324,5,39,-0.2860391569137573,4726,0.9117522239685059,-0.0005220214324072003,7e-05,0.0052445335,0.068203125,0.42334570228122176,0.8323934674263,0.15,,,,,,,,,,,,,,,,,,,,,,,,,,,,,
5.987306594848633,260.95,3097600,321,6,47,-0.2860209308564663,4731,0.7338441610336304,0.0001703444868326187,7e-05,0.0037834602,0.0725,1.4092790831252933,2.5108115673065186,0.15,,,,,,,,,,,,,,,,,,,,,,,,,,,,,
6.064242362976074,257.61,3100160,311,7,57,-0.27761025965213776,4736,0.6054429411888123,-0.0012602364923804997,7e-05,0.0057901507,0.07859375,1.8354473728686571,1.5991151332855225,0.15,,,,,,,,,,,,,,,,,,,,,,,,,,,,,
6.051062107086182,259.47,3102720,305,8,67,-0.3060351091623306,4741,0.37056654691696167,-0.00020180833525955676,7e-05,0.002950574,0.065859375,1.38222404262051,1.1001194715499878,0.15,,,,,,,,,,,,,,,,,,,,,,,,,,,,,
6.046582221984863,259.41,3105280,300,9,76,-0.3259733098745346,4746,0.4358128309249878,-0.0001970827952027321,7e-05,0.0048108245,0.08171875,0.9159025907330215,0.5592606663703918,0.15,,,,,,,,,,,,,,,,,,,,,,,,,,,,,
6.046937465667725,259.68,3107840,296,10,86,-0.3115494632720947,4751,0.29939448833465576,-0.0021641290094703437,7e-05,0.006789539,0.085078125,0.9370081949234009,0.7832145094871521,0.15,,,,,,,,,,,,,,,,,,,,,,,,,,,,,
6.095895290374756,260.47,3110400,299,11,94,-0.31940267892444835,4755,0.471683144569397,0.0014135518029113026,7e-05,0.009128053,0.10202205882352941,0.6482781589524272,0.739445149898529,0.15,,,,,,,,,,,,,,,,,,,,,,,,,,,,,
6.000744819641113,266.2,3112960,306,12,100,-0.31498099759221077,4760,0.517632007598877,0.002221830328926444,7e-05,0.0069793584,0.095546875,0.542695706281811,0.05208501219749451,0.15,,,,,,,,,,,,,,,,,,,,,,,,,,,,,
6.178660869598389,263.46,3115520,302,13,110,-0.29936106100678445,4765,0.5347251296043396,-0.0005031049065291882,7e-05,0.0045522447,0.073515625,0.656192568372935,0.11241025477647781,0.15,,,,,,,,,,,,,,,,,,,,,,,,,,,,,
6.448919773101807,254.75,3118080,297,14,120,-0.326187316775322,4770,0.33677011728286743,0.0007452914118766785,7e-05,0.00434213,0.091953125,0.9828753440827132,0.04253406450152397,0.15,,,,,,,,,,,,,,,,,,,,,,,,,,,,,
6.555914878845215,248.55,3120640,298,15,128,-0.29423772112319346,4774,0.3882397413253784,-0.0030885025197149893,7e-05,0.01108004,0.08460115131578948,0.6074010892526099,0.5890860557556152,0.15,,,,,,,,,,,,,,,,,,,,,,,,,,,,,
6.565370082855225,245.76,3123200,307,16,132,-0.3125361797382247,4777,0.6046642065048218,0.0013948128259969206,7e-05,0.007284403,0.06367924528301887,0.45480313840902076,0.2812230885028839,0.15,,,,,,,,,,,,,,,,,,,,,,,,,,,,,
6.507608413696289,245.81,3125760,303,17,143,-0.3129564191401005,4782,0.5145931243896484,-0.002409903723746538,7e-05,0.0047632493,0.071796875,0.8242860664054752,0.21269789338111877,0.15,,,,,,,,,,,,,,,,,,,,,,,,,,,,,
6.435100078582764,247.21,3128320,302,18,152,-0.29798980817198756,4787,0.7184175252914429,-0.0002573977317661047,7e-05,0.0055328854,0.072265625,0.7502781872078776,0.26897168159484863,0.15,,,,,,,,,,,,,,,,,,,,,,,,,,,,,
6.433811664581299,246.67,3130880,300,19,161,-0.2745992457866669,4792,0.695621132850647,0.0002603297494351864,7e-05,0.0075861677,0.073359375,1.0748011260665953,1.4055993556976318,0.15,,,,,,,,,,,,,,,,,,,,,,,,,,,,,
6.435110569000244,245.68,3133440,297,20,171,-0.2896546755731106,4797,0.576014518737793,-0.000863307910040021,7e-05,0.0026062683,0.051484375,1.2913087052851915,0.2508653402328491,0.15,,,,,,,,,,,,,,,,,,,,,,,,,,,,,
,,,,,,-0.30459492415189743,4802,0.7789505124092102,-0.0009187032002955676,7e-05,0.008130068,0.087578125,0.6807489799614995,0.36418616771698,0.15,,,,,,,,,0.79,2.8992415083234073,5.890994236618281,257.45,2560000,3,0,110.14067141614855,,,,,,,,,,,,,
,,,,,,,,,,,,,,,,,,,,,,,,0.58,4.059014446435166,4.368841756731272,281.87,2560000,3,1,137.07535555306796,,,,,,,,,,,,,
,,,,,,,,,,,,,,,,,,,,,,,,,,,,2560000,3,,,157.3,0,6.75,0.79,0,0.21000000000000008,0,0.79,0.79,0.0,0,0,0.58
6.383904933929443,245.52,3136000,2251,1,1,,,,,,,,,,,3,1,11,0.011,2560000,440,7e-05,15,,,,,,,,,,,,,,,,,,,,,
6.399728298187256,249.21,3138560,536,2,9,-0.3336795049905777,4807,0.4812658429145813,0.0009885445842519403,7e-05,0.0047755493,0.085390625,1.1147776084020733,0.25085848569869995,0.15,,,,,,,,,,,,,,,,,,,,,,,,,,,,,
6.421199321746826,245.41,3141120,424,3,18,-0.34646276116371155,4812,0.5605897903442383,0.00033971795812249184,7e-05,0.0037053148,0.087890625,1.0178148774802684,0.8510664105415344,0.15,,,,,,,,,,,,,,,,,,,,,,,,,,,,,
6.3516459465026855,249.03,3143680,355,4,28,-0.3161278676986694,4817,0.47553932666778564,-0.001165066072717309,7e-05,0.004310144,0.058203125,0.9576987027190625,0.26879751682281494,0.15,,,,,,,,,,,,,,,,,,,,,,,,,,,,,
6.501933574676514,243.73,3146240,336,5,38,-0.3447418209910393,4822,0.5456250905990601,-0.0006230053957551717,7e-05,0.005402648,0.0875,0.7230632263794541,0.2607963979244232,0.15,,,,,,,,,,,,,,,,,,,,,,,,,,,,,
6.274219989776611,253.58,3148800,328,6,46,-0.34093810752034187,4827,0.1817033886909485,-0.00034141051582992077,7e-05,0.004458635,0.07125,0.6877620034106076,0.06996481120586395,0.15,,,,,,,,,,,,,,,,,,,,,,,,,,,,,
6.164157867431641,260.3,3151360,333,7,53,-0.3628683546185493,4832,0.5880012512207031,-0.0013500945828855038,7e-05,0.00942079,0.0984375,0.4575453752838075,0.021934162825345993,0.15,,,,,,,,,,,,,,,,,,,,,,,,,,,,,
6.221502780914307,261.02,3153920,330,8,61,-0.38643629670143126,4837,0.5088223218917847,-0.000675250580534339,7e-05,0.0045192065,0.069296875,0.6429970430210232,1.7881428003311157,0.15,,,,,,,,,,,,,,,,,,,,,,,,,,,,,
6.277777671813965,259.58,3156480,322,9,71,-0.37867718547582624,4842,0.37909823656082153,-0.00050114456564188,7e-05,0.005628506,0.085390625,0.7633835234865546,0.19222719967365265,0.15,,,,,,,,,,,,,,,,,,,,,,,,,,,,,
6.311049938201904,261.94,3159040,314,10,81,-0.36801827043294905,4847,0.40855634212493896,-0.001975721633061767,7e-05,0.0039598835,0.074765625,0.5352119555231184,0.11712084710597992,0.15,,,,,,,,,,,,,,,,,,,,,,,,,,,,,
6.362250804901123,257.22,3161600,312,11,90,-0.4436174635589123,4852,0.22064489126205444,-0.0004221726395189762,7e-05,0.0039554657,0.075,1.0091088937409223,0.8744482398033142,0.15,,,,,,,,,,,,,,,,,,,,,,,,,,,,,
6.434286117553711,255.29,3164160,331,12,92,-0.4217790444691976,4853,0.46351009607315063,0.004747439858814081,7e-05,0.00603984,0.08385416666666666,0.6694716647267341,0.12819842994213104,0.15,,,,,,,,,,,,,,,,,,,,,,,,,,,,,
6.3124871253967285,258.04,3166720,329,13,101,-0.41277294427156447,4858,0.4007805585861206,-0.0018700270541012287,7e-05,0.004884274,0.07578125,0.8692939062044025,0.7186238169670105,0.15,,,,,,,,,,,,,,,,,,,,,,,,,,,,,
6.170867443084717,263.58,3169280,333,14,107,-0.42342897495136983,4862,0.4821397662162781,-0.0007040665921153902,7e-05,0.009229116,0.11125395569620253,0.6661188791541359,0.37485355138778687,0.15,,,,,,,,,,,,,,,,,,,,,,,,,,,,,
6.094952583312988,264.41,3171840,328,15,116,-0.38648518443107605,4867,0.5154521465301514,-0.001546789426356554,7e-05,0.007636624,0.091328125,0.7360186835750937,0.13927100598812103,0.15,,,,,,,,,,,,,,,,,,,,,,,,,,,,,
6.06715202331543,262.49,3174400,338,16,120,-0.47817246579542394,4870,0.5658071041107178,0.002967278245927357,7e-05,0.05330974,0.10842225609756098,0.9227285382406014,0.07254665344953537,0.15,,,,,,,,,,,,,,,,,,,,,,,,,,,,,
6.248737335205078,253.32,3176960,349,17,124,-0.3924771403112719,4872,0.3567241430282593,0.0019730036597578756,7e-05,0.006893502,0.09702620967741936,0.8417867247856432,0.29338890314102173,0.15,,,,,,,,,,,,,,,,,,,,,,,,,,,,,
6.07949686050415,255.81,3179520,359,18,128,-0.42794593266750636,4874,0.5073986053466797,0.0036640214782796407,7e-05,0.0085051395,0.09189967105263158,0.8712619693067513,0.2249753773212433,0.15,,,,,,,,,,,,,,,,,,,,,,,,,,,,,
6.142722129821777,255.56,3182080,348,19,139,-0.4059418073296547,4879,0.3650675415992737,-0.0025271208956837653,7e-05,0.0047087283,0.069765625,0.9212458413094282,0.4987544119358063,0.15,,,,,,,,,,,,,,,,,,,,,,,,,,,,,
6.16248893737793,253.13,3184640,354,20,144,-0.40304647649035735,4882,0.2995184063911438,-0.0010085789778945492,7e-05,0.012839496,0.07490808823529412,0.5167449669291576,0.17649120092391968,0.15,,,,,,,,,,,,,,,,,,,,,,,,,,,,,
,,,,,,-0.39025439649820326,4887,0.31922686100006104,-0.0026186697278171777,7e-05,0.004407729,0.08125,0.6127122586965561,0.2826800048351288,0.15,,,,,,,,,0.88,2.547738383116841,6.463071611821651,240.97,2611200,3,0,88.67473766524488,,,,,,,,,,,,,
,,,,,,,,,,,,,,,,,,,,,,,,0.52,4.3648395605989725,3.7602204877883194,296.24,2611200,3,1,139.3541617606019,,,,,,,,,,,,,
,,,,,,,,,,,,,,,,,,,,,,,,,,,,2611200,3,,,157.3,0,6.75,0.88,0,0.36,0,0.88,0.88,0.0,0,0,0.52
6.249351978302002,252.24,3187200,2177,1,1,,,,,,,,,,,3,1,11,0.011,2611200,440,7e-05,15,,,,,,,,,,,,,,,,,,,,,
6.268925666809082,249.79,3189760,498,2,10,-0.3639383526146412,4892,0.29467999935150146,-0.0009131490997970104,7e-05,0.005235915,0.09265625,0.4817729988787323,0.28289270401000977,0.15,,,,,,,,,,,,,,,,,,,,,,,,,,,,,
6.207564830780029,257.88,3192320,424,3,18,-0.36450481578707694,4897,0.12477606534957886,-0.0011769657395780087,7e-05,0.0043701404,0.07640625,0.35657521918416024,0.2152104526758194,0.15,,,,,,,,,,,,,,,,,,,,,,,,,,,,,
6.211660385131836,256.49,3194880,340,4,30,-0.42062702745199204,4902,0.2154608964920044,-0.0014254206139594316,7e-05,0.0051501906,0.099375,0.3852923409920186,0.07992339879274368,0.15,,,,,,,,,,,,,,,,,,,,,,,,,,,,,
6.124755859375,263.85,3197440,365,5,35,-0.4239963822894626,4905,0.24214106798171997,0.0010425076750969445,7e-05,0.00675089,0.09143518518518519,0.4791383828829836,0.08593597263097763,0.15,,,,,,,,,,,,,,,,,,,,,,,,,,,,,
6.364227771759033,258.93,3200000,338,6,45,-0.41412987142801283,4910,0.11761975288391113,-0.0025390353333204986,7e-05,0.0073277294,0.0940625,0.5637506291270256,0.023131025955080986,0.15,,,,,,,,,,,,,,,,,,,,,,,,,,,,,
6.199992656707764,268.06,3202560,345,7,51,-0.40015142125847897,4915,0.15548175573349,-0.001028697213364972,7e-05,0.032286573,0.11140046296296297,0.5184061456885602,0.10097870975732803,0.15,,,,,,,,,,,,,,,,,,,,,,,,,,,,,
6.2848076820373535,263.81,3205120,318,8,64,-0.391061589717865,4920,0.17680251598358154,-0.0018510084878653288,7e-05,0.005116667,0.077109375,0.7405993722379207,0.3047136962413788,0.15,,,,,,,,,,,,,,,,,,,,,,,,,,,,,
6.254090785980225,266.88,3207680,323,9,71,-0.36116295963525774,4925,0.2799028754234314,-0.0018501416966319084,7e-05,0.00559209,0.095703125,0.33678100975230335,0.0034958096221089363,0.15,,,,,,,,,,,,,,,,,,,,,,,,,,,,,
6.289339542388916,263.48,3210240,307,10,83,-0.3409075677394867,4930,0.3348962068557739,-0.0036837736796587707,7e-05,0.005087831,0.070234375,0.6820152418687939,0.41773444414138794,0.15,,,,,,,,,,,,,,,,,,,,,,,,,,,,,
6.396020889282227,256.22,3212800,296,11,95,-0.33153638646006584,4935,0.6173121333122253,-0.002653426891192794,7e-05,0.00427699,0.078203125,0.46806165281683204,0.028418131172657013,0.15,,,,,,,,,,,,,,,,,,,,,,,,,,,,,
6.349627494812012,255.52,3215360,291,12,105,-0.3278545944392681,4940,0.7734497785568237,-0.0022610019613057376,7e-05,0.0045704506,0.068671875,0.3316584487259388,0.07360541075468063,0.15,,,,,,,,,,,,,,,,,,,,,,,,,,,,,
6.504721641540527,248.49,3217920,294,13,112,-0.3350266481935978,4945,0.5440226793289185,-0.0028155760327354075,7e-05,0.005811269,0.0734375,0.31116440404206513,0.2332407534122467,0.15,,,,,,,,,,,,,,,,,,,,,,,,,,,,,
6.76331901550293,235.05,3220480,297,14,120,-0.3616393307844798,4948,0.48654264211654663,-0.0012758431073866393,7e-05,0.0073536225,0.07606907894736842,0.4049187530681752,0.16073358058929443,0.15,,,,,,,,,,,,,,,,,,,,,,,,,,,,,
6.682097911834717,237.97,3223040,288,15,133,-0.3191054597496986,4953,0.6763466000556946,-0.001991723366081715,7e-05,0.008172694,0.07359375,0.2753429679386318,0.06250279396772385,0.15,,,,,,,,,,,,,,,,,,,,,,,,,,,,,
6.764203071594238,233.44,3225600,289,16,141,-0.3078979304432869,4958,0.4689587950706482,-0.002079065339639783,7e-05,0.0066558085,0.080234375,0.36700226858258245,0.2760290503501892,0.15,,,,,,,,,,,,,,,,,,,,,,,,,,,,,
6.671083450317383,238.07,3228160,289,17,150,-0.3151817815005779,4963,0.49453067779541016,-0.0006225782167166472,7e-05,0.004771754,0.0834375,0.321717963963747,0.19980113208293915,0.15,,,,,,,,,,,,,,,,,,,,,,,,,,,,,
6.824606418609619,231.11,3230720,285,18,161,-0.30679579749703406,4968,0.4442989230155945,0.00040241356007754804,7e-05,0.008062512,0.09859375,0.40056365316733716,0.09765847772359848,0.15,,,,,,,,,,,,,,,,,,,,,,,,,,,,,
6.69698429107666,241.25,3233280,287,19,169,-0.3107201530673038,4973,0.4389635920524597,0.0015996397076838318,7e-05,0.016589127,0.10416666666666667,0.3393996054113939,0.27557486295700073,0.15,,,,,,,,,,,,,,,,,,,,,,,,,,,,,
6.531145095825195,248.6,3235840,287,20,177,-0.3136637718975544,4978,0.3644104599952698,-0.0021808989066630603,7e-05,0.004464062,0.067734375,0.4591242562606931,0.016497790813446045,0.15,,,,,,,,,,,,,,,,,,,,,,,,,,,,,
,,,,,,-0.36932160377502443,4983,0.4159437417984009,-0.0005513265915215016,7e-05,0.005704445,0.092734375,0.60868014825508,0.031342919915914536,0.15,,,,,,,,,0.82,2.786440089981134,6.07357598695904,257.26,2662400,3,0,102.66767943223418,,,,,,,,,,,,,
,,,,,,,,,,,,,,,,,,,,,,,,0.46,4.391652689343222,3.2899411411210893,313.5,2662400,3,1,137.58201190562667,,,,,,,,,,,,,
,,,,,,,,,,,,,,,,,,,,,,,,,,,,2662400,3,,,157.3,0,6.75,0.82,0,0.35999999999999993,0,0.82,0.82,0.0,0,0,0.46
6.402132987976074,251.54,3238400,1707,1,1,,,,,,,,,,,3,1,11,0.011,2662400,440,7e-05,15,,,,,,,,,,,,,,,,,,,,,
6.381589412689209,253.33,3240960,408,2,12,-0.3361100752651691,4988,0.4697648286819458,-0.0013615665584802627,7e-05,0.005181265,0.08,0.4838772104587406,0.18827159702777863,0.15,,,,,,,,,,,,,,,,,,,,,,,,,,,,,
6.450599193572998,251.57,3243520,354,3,21,-0.34223606675863266,4993,0.5573161840438843,-0.001452096812427044,7e-05,0.00390992,0.075546875,0.6540805267728865,1.0141104459762573,0.15,,,,,,,,,,,,,,,,,,,,,,,,,,,,,
6.427684783935547,253.75,3246080,316,4,32,-0.3473359650373459,4998,0.3907597064971924,-0.0012129641976207494,7e-05,0.006074275,0.076953125,0.7717033248767257,0.08478114753961563,0.15,,,,,,,,,,,,,,,,,,,,,,,,,,,,,
6.321177959442139,261.47,3248640,323,5,39,-0.3715054160356522,5003,0.34808194637298584,-0.002428263798356056,7e-05,0.0048036496,0.08640625,0.692364286929369,0.22187216579914093,0.15,,,,,,,,,,,,,,,,,,,,,,,,,,,,,
6.268020153045654,260.72,3251200,312,6,49,-0.36605036407709124,5008,0.3637990951538086,-0.002594292899593711,7e-05,0.0043410007,0.076484375,0.8624671095609665,0.05330982431769371,0.15,,,,,,,,,,,,,,,,,,,,,,,,,,,,,
6.3959736824035645,256.69,3253760,298,7,60,-0.38638336762785913,5013,0.26473164558410645,-0.0014368633832782507,7e-05,0.007205634,0.083828125,0.8334647895675152,0.9848911762237549,0.15,,,,,,,,,,,,,,,,,,,,,,,,,,,,,
6.433632850646973,258.62,3256320,294,8,69,-0.3553021538257599,5018,0.1312851905822754,-0.0001710101030766964,7e-05,0.010581577,0.09953125,0.6752593842707575,0.08100035041570663,0.15,,,,,,,,,,,,,,,,,,,,,,,,,,,,,
6.393520355224609,257.18,3258880,289,9,79,-0.3394441479444504,5023,0.2658141255378723,-0.0017110051214694977,7e-05,0.004065343,0.06765625,0.6567467096447944,0.4237169623374939,0.15,,,,,,,,,,,,,,,,,,,,,,,,,,,,,
6.471035957336426,249.18,3261440,303,10,84,-0.40691960983806186,5026,0.3347008228302002,-0.00022199077324734794,7e-05,0.018686444,0.07239583333333334,0.5934966928429074,0.13106858730316162,0.15,,,,,,,,,,,,,,,,,,,,,,,,,,,,,
6.424745082855225,254.79,3264000,298,11,94,-0.33590394765138626,5031,0.3129444718360901,-0.00015415994450449945,7e-05,0.0047431556,0.075390625,0.5178135849535466,0.03639890253543854,0.15,,,,,,,,,,,,,,,,,,,,,,,,,,,,,
6.416563510894775,254.38,3266560,294,12,104,-0.3792082917690277,5036,0.2042250633239746,-0.0020484858751296997,7e-05,0.005153765,0.088515625,0.5858902913331986,0.23899604380130768,0.15,,,,,,,,,,,,,,,,,,,,,,,,,,,,,
6.503541469573975,249.9,3269120,300,13,110,-0.4117433875799179,5040,0.3608390688896179,-0.001171841738479478,7e-05,0.008585976,0.10033482142857143,0.4640624273834484,0.2850467264652252,0.15,,,,,,,,,,,,,,,,,,,,,,,,,,,,,
6.382678031921387,251.26,3271680,300,14,119,-0.34716312155127527,5045,0.23750388622283936,-0.0006369053153321147,7e-05,0.005550157,0.0946875,0.39055516801774504,0.44772475957870483,0.15,,,,,,,,,,,,,,,,,,,,,,,,,,,,,
6.46218729019165,247.27,3274240,293,15,130,-0.35742280825972556,5050,0.34311938285827637,-0.0023906942922621967,7e-05,0.006368124,0.08703125,0.595938770622015,0.3165883421897888,0.15,,,,,,,,,,,,,,,,,,,,,,,,,,,,,
6.507779598236084,248.46,3276800,290,16,140,-0.34306394815444946,5055,0.4833226203918457,-0.001641624979674816,7e-05,0.0065730647,0.099921875,0.362063894206658,0.5063628554344177,0.15,,,,,,,,,,,,,,,,,,,,,,,,,,,,,
6.536632537841797,245.84,3279360,285,17,152,-0.3508173689246178,5060,0.45715761184692383,-0.0014234328363090755,7e-05,0.005076532,0.090859375,0.5916931974515319,0.1483321636915207,0.15,,,,,,,,,,,,,,,,,,,,,,,,,,,,,
6.5520195960998535,243.67,3281920,283,18,162,-0.3783533984422684,5065,0.5640448331832886,-0.0016072080517187714,7e-05,0.0046875253,0.075859375,0.4021088382229209,0.344460129737854,0.15,,,,,,,,,,,,,,,,,,,,,,,,,,,,,
6.5913405418396,242.7,3284480,288,19,168,-0.3918548192618028,5068,0.5997169017791748,0.0020526035530668385,7e-05,0.014495123,0.07783018867924528,0.48013231685420255,0.31105583906173706,0.15,,,,,,,,,,,,,,,,,,,,,,,,,,,,,
6.582927703857422,243.8,3287040,286,20,178,-0.3639017191529274,5073,0.5700474977493286,-0.00020198558457195758,7e-05,0.005905313,0.078671875,0.363354428447783,0.3743857443332672,0.15,,,,,,,,,,,,,,,,,,,,,,,,,,,,,
,,,,,,-0.3376644618809223,5078,0.596595287322998,-0.00016908856108784675,7e-05,0.0055584046,0.088828125,0.37321551790460944,0.035783227533102036,0.15,,,,,,,,,0.9,2.272497223927369,6.627603910490871,241.92,2713600,3,0,91.40718571315934,,,,,,,,,,,,,
,,,,,,,,,,,,,,,,,,,,,,,,0.51,4.496488748389027,3.6405468064919115,305.4,2713600,3,1,133.3497656540873,,,,,,,,,,,,,
,,,,,,,,,,,,,,,,,,,,,,,,,,,,2713600,3,,,157.3,0,6.75,0.9,0,0.39,0,0.9,0.9,0.0,0,0,0.51
6.6485443115234375,242.69,3289600,1970,1,1,,,,,,,,,,,3,1,11,0.011,2713600,440,7e-05,15,,,,,,,,,,,,,,,,,,,,,
6.7461838722229,238.33,3292160,508,2,10,-0.30926933497190473,5083,0.4177842140197754,-0.0012024328904226423,7e-05,0.003004552,0.05796875,0.63011832524091,0.971470832824707,0.15,,,,,,,,,,,,,,,,,,,,,,,,,,,,,
6.8580193519592285,231.68,3294720,348,3,22,-0.32948316395282745,5088,0.4407239556312561,-0.0023356872238218785,7e-05,0.0074329996,0.08109375,0.46165170463733374,0.11496356129646301,0.15,,,,,,,,,,,,,,,,,,,,,,,,,,,,,
6.841714859008789,234.62,3297280,315,4,32,-0.35811989322304727,5093,0.45481574535369873,-0.0009106414485722781,7e-05,0.0072164997,0.1090625,0.42328215977177025,0.16529953479766846,0.15,,,,,,,,,,,,,,,,,,,,,,,,,,,,,
6.785964488983154,236.39,3299840,303,5,42,-0.35087556421756744,5098,0.48621058464050293,-0.0028727832809090615,7e-05,0.0061198063,0.08890625,0.2985843598842621,0.0025273440405726433,0.15,,,,,,,,,,,,,,,,,,,,,,,,,,,,,
6.638985633850098,242.33,3302400,342,6,44,-0.3423415720462799,5100,0.3065102696418762,0.004483230285007845,7e-05,0.01726469,0.07066761363636363,0.39357217587530613,0.30523189902305603,0.15,,,,,,,,,,,,,,,,,,,,,,,,,,,,,
6.4921159744262695,246.94,3304960,332,7,53,-0.3646311372518539,5105,0.2362481951713562,0.0012410068325698375,7e-05,0.006311617,0.106875,0.3306828279234469,0.25036439299583435,0.15,,,,,,,,,,,,,,,,,,,,,,,,,,,,,
6.713007926940918,241.53,3307520,319,8,64,-0.36085504323244094,5110,0.2670837640762329,-0.0017559497244656085,7e-05,0.0063230516,0.091484375,0.4067518297210336,0.022018522024154663,0.15,,,,,,,,,,,,,,,,,,,,,,,,,,,,,
6.642303943634033,242.55,3310080,339,9,67,-0.34255308315560623,5112,0.3654455542564392,0.001452789969138197,7e-05,0.0051368903,0.060599662162162164,0.42519147573290644,0.12480027973651886,0.15,,,,,,,,,,,,,,,,,,,,,,,,,,,,,
6.488849639892578,249.72,3312640,329,10,77,-0.3630560767650604,5117,0.442992627620697,-0.00027209612540900706,7e-05,0.0049482393,0.08421875,0.5530281617119909,0.14564378559589386,0.15,,,,,,,,,,,,,,,,,,,,,,,,,,,,,
6.54905891418457,245.72,3315200,336,11,83,-0.35749839884894236,5120,0.3985031843185425,0.0008624065477324991,7e-05,0.01452377,0.08832908163265306,0.625894385237931,0.23340526223182678,0.15,,,,,,,,,,,,,,,,,,,,,,,,,,,,,
6.516951084136963,249.98,3317760,324,12,94,-0.3199677008390427,5125,0.3457738161087036,-0.0024998036213219168,7e-05,0.0049734064,0.084453125,0.6378672808595002,0.10300983488559723,0.15,,,,,,,,,,,,,,,,,,,,,,,,,,,,,
6.522485256195068,249.04,3320320,337,13,98,-0.3210878039107603,5127,0.34801530838012695,0.0015394023674375871,7e-05,0.007446043,0.0700827205882353,0.5268429786733845,0.051953889429569244,0.15,,,,,,,,,,,,,,,,,,,,,,,,,,,,,
6.306221961975098,253.86,3322880,336,14,106,-0.40841494739055634,5132,0.46248859167099,-0.0009344338066875935,7e-05,0.008649262,0.099375,0.34475195594131947,0.11054452508687973,0.15,,,,,,,,,,,,,,,,,,,,,,,,,,,,,
6.394333362579346,246.9,3325440,352,15,108,-0.37383991692747387,5133,0.5540913939476013,0.009668531827628613,7e-05,0.013805911,0.12834821428571427,0.5616412923804351,0.4940018057823181,0.15,,,,,,,,,,,,,,,,,,,,,,,,,,,,,
6.524091720581055,236.43,3328000,344,16,118,-0.38374981373548506,5138,0.5788388252258301,-0.0024671022314578296,7e-05,0.009482871,0.108515625,0.49574060237035156,0.19613465666770935,0.15,,,,,,,,,,,,,,,,,,,,,,,,,,,,,
6.524191856384277,236.37,3330560,352,17,123,-0.39935038685798646,5140,0.7644116878509521,0.002586155167470376,7e-05,0.0082856985,0.05390625,0.45474313472708067,0.35447588562965393,0.15,,,,,,,,,,,,,,,,,,,,,,,,,,,,,
6.604674816131592,233.57,3333120,344,18,133,-0.32861470580101015,5145,0.6391667127609253,5.8500920422375204e-05,7e-05,0.0059067146,0.079296875,0.3557033033110201,0.16992062330245972,0.15,,,,,,,,,,,,,,,,,,,,,,,,,,,,,
6.624692916870117,231.46,3335680,346,19,140,-0.3646593432341303,5149,0.4682657718658447,-0.000625748120780502,7e-05,0.010052559,0.06752232142857142,0.4257132594606706,0.2941192388534546,0.15,,,,,,,,,,,,,,,,,,,,,,,,,,,,,
6.586613655090332,231.72,3338240,339,20,150,-0.3385942476987839,5154,0.6067262887954712,-0.0014302835613489151,7e-05,0.005230697,0.083515625,0.31048521378077565,0.10257712006568909,0.15,,,,,,,,,,,,,,,,,,,,,,,,,,,,,
,,,,,,-0.3267597281932831,5159,0.5272560119628906,-0.0011614782363176346,7e-05,0.0037754264,0.06484375,0.3878515496477485,0.12384768575429916,0.15,,,,,,,,,0.9,2.1544916751396337,6.5329640862345695,250.14,2764800,3,0,93.61100576321142,,,,,,,,,,,,,
,,,,,,,,,,,,,,,,,,,,,,,,0.61,4.46213382171416,4.39075299160555,270.34,2764800,3,1,137.15248594174295,,,,,,,,,,,,,
,,,,,,,,,,,,,,,,,,,,,,,,,,,,2764800,3,,,157.3,0,6.75,0.9,0,0.29000000000000004,0,0.9,0.9,0.0,0,0,0.61
6.4617438316345215,235.11,3340800,1982,1,1,,,,,,,,,,,3,1,11,0.011,2764800,440,7e-05,15,,,,,,,,,,,,,,,,,,,,,
6.375015735626221,239.65,3343360,416,2,12,-0.31692613020539284,5164,0.6145651340484619,-0.0013451594952493906,7e-05,0.002890833,0.062734375,0.35790000049397347,0.1812870353460312,0.15,,,,,,,,,,,,,,,,,,,,,,,,,,,,,
6.5343523025512695,233.24,3345920,415,3,18,-0.3318442408243815,5168,0.45558756589889526,0.001101734402279059,7e-05,0.011400247,0.09635416666666667,0.5132994204262893,0.1972230076789856,0.15,,,,,,,,,,,,,,,,,,,,,,,,,,,,,
6.46091365814209,236.36,3348480,363,4,28,-0.3035048286616802,5173,0.5263899564743042,-0.0001752973906695843,7e-05,0.006310382,0.069453125,0.3555681043956429,0.4168434143066406,0.15,,,,,,,,,,,,,,,,,,,,,,,,,,,,,
6.361346244812012,242.61,3351040,354,5,36,-0.3389616060256958,5178,0.6031511425971985,0.00026425009593367577,7e-05,0.00531284,0.077890625,0.3076087635755539,0.1505291759967804,0.15,,,,,,,,,,,,,,,,,,,,,,,,,,,,,
6.370882987976074,247.62,3353600,329,6,46,-0.334110873490572,5183,0.47465598583221436,0.00014634236693382264,7e-05,0.0043060207,0.06390625,0.5499680868536234,0.024242864921689034,0.15,,,,,,,,,,,,,,,,,,,,,,,,,,,,,
6.235126972198486,256.95,3356160,308,7,58,-0.3886284275352955,5188,0.5378034710884094,-0.0021492864657193422,7e-05,0.003889482,0.0859375,0.4775700669363141,0.2708514928817749,0.15,,,,,,,,,,,,,,,,,,,,,,,,,,,,,
6.179157733917236,256.65,3358720,310,8,65,-0.357139481570233,5193,0.2879645824432373,0.0004187467275187373,7e-05,0.01101071,0.08904474431818182,0.3799839787693186,0.06183375418186188,0.15,,,,,,,,,,,,,,,,,,,,,,,,,,,,,
6.207412242889404,259.44,3361280,310,9,74,-0.3441433963179588,5198,0.4455287456512451,-0.00041697004809975623,7e-05,0.0060132467,0.075390625,0.41606917733326554,0.10559024661779404,0.15,,,,,,,,,,,,,,,,,,,,,,,,,,,,,
6.211772918701172,258.68,3363840,303,10,84,-0.3550453335046768,5203,0.25236672163009644,-0.0009244051296263933,7e-05,0.0061554387,0.093203125,0.5918700355291366,0.3987681269645691,0.15,,,,,,,,,,,,,,,,,,,,,,,,,,,,,
6.268296718597412,257.84,3366400,302,11,93,-0.3419207428395748,5208,0.2810601592063904,-0.001445344164967537,7e-05,0.007455642,0.0915625,0.4281030508503318,0.06590686738491058,0.15,,,,,,,,,,,,,,,,,,,,,,,,,,,,,
5.971181869506836,269.36,3368960,307,12,99,-0.36138559960656697,5212,0.24167519807815552,0.001192567727735473,7e-05,0.0112373745,0.09049479166666667,0.45300187858649427,0.13163813948631287,0.15,,,,,,,,,,,,,,,,,,,,,,,,,,,,,
6.167410850524902,264.37,3371520,302,13,110,-0.36785304215219283,5217,0.3570381999015808,-0.00016363635847363808,7e-05,0.0055476474,0.07315340909090909,0.42934924422415216,0.12004707753658295,0.15,,,,,,,,,,,,,,,,,,,,,,,,,,,,,
6.319643020629883,258.56,3374080,296,14,120,-0.38597535103559494,5222,0.26170212030410767,-0.00047165341675281525,7e-05,0.004064157,0.088359375,0.6932030738890171,0.4013998210430145,0.15,,,,,,,,,,,,,,,,,,,,,,,,,,,,,
6.331795692443848,257.52,3376640,303,15,126,-0.3809914696723857,5225,0.3487457036972046,0.0008979348782846269,7e-05,0.008272281,0.078125,0.6475125360996166,0.41961631178855896,0.15,,,,,,,,,,,,,,,,,,,,,,,,,,,,,
6.19122314453125,262.47,3379200,304,16,134,-0.3810043889284134,5230,0.27198320627212524,-0.00363561175763607,7e-05,0.0054735793,0.093203125,0.5320507828332484,0.08965901285409927,0.15,,,,,,,,,,,,,,,,,,,,,,,,,,,,,
6.304117202758789,256.47,3381760,301,17,144,-0.3859391242265701,5235,0.32870084047317505,-0.0025590550526976585,7e-05,0.006026227,0.088203125,0.5784933452587575,0.36713549494743347,0.15,,,,,,,,,,,,,,,,,,,,,,,,,,,,,
6.325360298156738,253.6,3384320,300,18,153,-0.36857175827026367,5240,0.3818330764770508,-0.002690245285630226,7e-05,0.004513501,0.076953125,0.559738180693239,0.517754077911377,0.15,,,,,,,,,,,,,,,,,,,,,,,,,,,,,
6.334036827087402,253.04,3386880,297,19,163,-0.3305935223400593,5245,0.3166961669921875,-0.000248148376122117,7e-05,0.003483019,0.054140625,0.6555268740281462,0.32723531126976013,0.15,,,,,,,,,,,,,,,,,,,,,,,,,,,,,
6.387097358703613,251.85,3389440,297,20,172,-0.3362110117077827,5250,0.4146098494529724,6.416076794266701e-05,7e-05,0.0064522317,0.081484375,0.727131592873484,0.03069297969341278,0.15,,,,,,,,,,,,,,,,,,,,,,,,,,,,,
,,,,,,-0.32123116284608844,5255,0.2000609040260315,-0.0004498211853206158,7e-05,0.003688025,0.061015625,0.786702686548233,0.41861385107040405,0.15,,,,,,,,,0.88,2.2947146369431253,6.491949133574963,245.81,2816000,3,0,89.6356731441227,,,,,,,,,,,,,
,,,,,,,,,,,,,,,,,,,,,,,,0.58,4.2766162067504,4.262714489195496,280.53,2816000,3,1,137.0560071649543,,,,,,,,,,,,,
,,,,,,,,,,,,,,,,,,,,,,,,,,,,2816000,3,,,157.3,0,6.75,0.88,0,0.30000000000000004,0,0.88,0.88,0.0,0,0,0.58
6.330489635467529,254.81,3392000,2107,1,1,,,,,,,,,,,3,1,11,0.011,2816000,440,7e-05,15,,,,,,,,,,,,,,,,,,,,,
6.5321269035339355,249.01,3394560,539,2,9,-0.3249147215485573,5260,0.17029619216918945,-0.0008014845009893179,7e-05,0.0059277383,0.08546875,0.5963956157863141,1.3037322759628296,0.15,,,,,,,,,,,,,,,,,,,,,,,,,,,,,
6.481517314910889,249.09,3397120,374,3,20,-0.36299681454896926,5265,0.20433425903320312,-0.00206270394846797,7e-05,0.0049398327,0.072890625,0.7026174602564424,0.08662392944097519,0.15,,,,,,,,,,,,,,,,,,,,,,,,,,,,,
6.528278350830078,249.92,3399680,313,4,32,-0.3313205622136593,5270,0.4167962074279785,-8.687589317560196e-05,7e-05,0.0045699147,0.095703125,0.6971554429084063,0.4810708165168762,0.15,,,,,,,,,,,,,,,,,,,,,,,,,,,,,
6.612173557281494,242.92,3402240,296,5,43,-0.34862586483359337,5275,0.34703415632247925,-0.003108637910336256,7e-05,0.0046239654,0.071484375,0.5527530823275447,0.0032034777104854584,0.15,,,,,,,,,,,,,,,,,,,,,,,,,,,,,
6.589864730834961,245.78,3404800,272,6,56,-0.3601705240107131,5280,0.5810743570327759,-0.0010222191012453758,7e-05,0.009598293,0.07641882183908046,0.5121977069768412,0.5042986869812012,0.15,,,,,,,,,,,,,,,,,,,,,,,,,,,,,
6.597576141357422,244.47,3407360,271,7,65,-0.3276547947525978,5285,0.5578460693359375,0.0027930775284767152,7e-05,0.0040006274,0.096640625,0.39406410459429025,0.016579128801822662,0.15,,,,,,,,,,,,,,,,,,,,,,,,,,,,,
6.545736789703369,245.44,3409920,271,8,75,-0.35012188568711283,5290,0.5528785586357117,-0.0020631110901013017,7e-05,0.003973902,0.07609375,0.4333681081421673,0.003974231891334057,0.15,,,,,,,,,,,,,,,,,,,,,,,,,,,,,
6.540491104125977,246.21,3412480,274,9,83,-0.3530637130141258,5295,0.42582643032073975,-0.0006116323173046112,7e-05,0.007715705,0.099296875,0.4078013074398041,0.05489668622612953,0.15,,,,,,,,,,,,,,,,,,,,,,,,,,,,,
6.402167797088623,244.37,3415040,273,10,93,-0.33657974943518637,5300,0.43290263414382935,-0.0011323319002985955,7e-05,0.0072541847,0.09203125,0.673905080165714,0.544334888458252,0.15,,,,,,,,,,,,,,,,,,,,,,,,,,,,,
6.258777618408203,249.51,3417600,286,11,98,-0.37140620627054355,5303,0.716057300567627,-0.00017834770515924548,7e-05,0.04603322,0.0703125,0.5524315984874237,0.04147021844983101,0.15,,,,,,,,,,,,,,,,,,,,,,,,,,,,,
