cbp/utility_mean,rollout/ep_len_mean,time/total_timesteps,time/iterations,cbp/target_count,rollout/ep_rew_mean,cbp/total_replacements,cbp/last_replacements,time/fps,cbp/rollout_replacements,time/time_elapsed,train/approx_kl,train/clip_fraction,train/value_loss,train/entropy_loss,train/policy_gradient_loss,train/n_updates,train/explained_variance,train/learning_rate,train/clip_range,train/loss,curriculum/preferred_eval_mode,curriculum/stage,curriculum/obs_quantity,train/stage_learning_rate,curriculum/grid_size,train/ent_coef,curriculum/max_steps,curriculum/stage_timesteps,plasticity/weight_max_abs,plasticity/effective_rank_99_mean,plasticity/weight_rms,plasticity/total_weight_units,plasticity/effective_rank_99_normalized_mean,plasticity/low_weight_units,plasticity/weight_abs_mean,plasticity/low_weight_unit_ratio,eval/deterministic,eval/std_reward,eval/std_ep_length,eval/mean_reward,eval/stage,eval/stage_timesteps,eval/full_coverage_rate,eval/mean_ep_length,eval/promotion_full_coverage_rate,eval/diagnostic_full_coverage_rate,eval/stochastic_quality_passed,eval/mode_gap,eval/coverage_promotion_passed,eval/promotion_passed,eval/quality_promotion_passed,eval/promotion_max_mean_length,eval/deterministic_full_coverage_rate,eval/deterministic_quality_passed,eval/deterministic_promotion_floor,eval/stochastic_full_coverage_rate,eval/promotion_min_mean_reward
0.0,182.2608695652174,5120,1,6,-7.854568004608154,0,0,2088,0,2,,,,,,,,,,,,,,,,,,,,,,,,,,,,,,,,,,,,,,,,,,,,,,,
0.0,179.47169811320754,10240,2,6,-8.66906452178955,0,0,228,0,44,0.0007782206,0.077294921875,1.5633727561682462,-1.385493279621005,-0.00192649408854777,8,0.005260348320007324,3.5e-05,0.055999999999999994,0.0013967379927635193,,,,,,,,,,,,,,,,,,,,,,,,,,,,,,,,,,,,,
0.0,182.75641025641025,15360,3,6,-8.68598461151123,0,0,172,0,89,0.000805315,0.0640869140625,1.1613235660945065,-1.3845459844917059,-0.0020710385608254,16,0.020628690719604492,3.5e-05,0.055999999999999994,0.05352742224931717,,,,,,,,,,,,,,,,,,,,,,,,,,,,,,,,,,,,,
0.0,181.36,20480,4,6,-8.48275375366211,0,0,162,0,126,0.00032229724,0.113232421875,0.7844696133979596,-1.384214525669813,-0.002018804772524163,24,0.07926273345947266,3.5e-05,0.055999999999999994,0.13801752030849457,,,,,,,,,,,,,,,,,,,,,,,,,,,,,,,,,,,,,
0.20450988163550696,183.19,25600,1,6,-8.580599784851074,6,6,2439,6,2,0.0007303905,0.0814697265625,0.7921633010206278,-1.3819321166723966,-0.0019805988762527705,32,0.1033942699432373,3.5e-05,0.055999999999999994,0.9117509126663208,0,1,3,7e-05,5,0.015,200,0,,,,,,,,,,,,,,,,,,,,,,,,,,,,,
0.20450988163550696,180.75,30720,2,6,-7.643563270568848,6,0,248,0,41,0.0011489419,0.12392578125,0.41014710984309205,-1.3789600890129805,-0.0037793935829540715,40,0.1500476598739624,7e-05,0.08,0.29935958981513977,,,,,,,,,,,,,,,,,,,,,,,,,,,,,,,,,,,,,
0.20450988163550696,179.89,35840,3,6,-7.629405975341797,6,0,182,0,83,0.0017368307,0.144189453125,0.6147101609327364,-1.3736850194633008,-0.004010878165718168,48,0.16299033164978027,7e-05,0.08,0.04078437387943268,,,,,,,,,,,,,,,,,,,,,,,,,,,,,,,,,,,,,
0.20450988163550696,174.87,40960,4,6,-7.096644401550293,6,0,166,0,122,0.0018048398,0.1229736328125,0.5745800368487834,-1.367095472663641,-0.0032904197942116298,56,0.18519634008407593,7e-05,0.08,-0.004904208704829216,,,,,,,,,,,,,,,,,,,,,,,,,,,,,,,,,,,,,
0.24016601095596948,172.18,46080,5,6,-7.0899553298950195,12,6,158,6,162,0.0015777985,0.134130859375,0.581031382115907,-1.3563070245087148,-0.0032353828966733998,64,0.1687237024307251,7e-05,0.08,2.5629498958587646,,,,,,,,,,,,,,,,,,,,,,,,,,,,,,,,,,,,,
0.24016601095596948,,,,6,,12,6,,,,0.0020834804,0.15546875,0.575237870629644,-1.3449763122946023,-0.0037898528098594397,72,0.16556525230407715,7e-05,0.08,0.005504939705133438,,,,,,,,,1.0185418128967285,142.16666666666666,0.04206129446789641,1925,0.9903428819444445,0,0.027749099551031556,0.0,,,,,,,,,,,,,,,,,,,,,
0.24016601095596948,167.49,51200,1,6,-6.553640365600586,12,0,2119,0,2,,,,,,,,,,,0,1,3,7e-05,5,0.011415999999999999,200,25600,,,,,,,,,,,,,,,,,,,,,,,,,,,,,
0.24016601095596948,164.78,56320,2,6,-6.258813381195068,12,0,246,0,41,0.0021903096,0.149853515625,0.6076819829613669,-1.3373897910118102,-0.0024786447844235226,80,0.16346746683120728,7e-05,0.08,0.2712832987308502,,,,,,,,,,,,,,,,,,,,,,,,,,,,,,,,,,,,,
0.24016601095596948,155.11,61440,3,6,-5.9498467445373535,12,0,184,0,83,0.0018227196,0.1933837890625,0.4658267879858613,-1.3265164483338594,-0.0033397709659766404,88,0.21714895963668823,7e-05,0.08,-0.017116183415055275,,,,,,,,,,,,,,,,,,,,,,,,,,,,,,,,,,,,,
0.24921270770331225,161.51,66560,4,6,-5.933992385864258,18,6,165,6,123,0.002027858,0.1998046875,1.0488704720512032,-1.3195936676114797,-0.0009914560549077577,96,0.19063782691955566,7e-05,0.08,0.7799252867698669,,,,,,,,,,,,,,,,,,,,,,,,,,,,,,,,,,,,,
0.24921270770331225,164.64,71680,5,6,-6.0746073722839355,18,0,158,0,161,0.0015580623,0.15087890625,0.4336242326826323,-1.3191037591546775,-0.003102458194189239,104,0.38129210472106934,7e-05,0.08,-0.008160438388586044,,,,,,,,,,,,,,,,,,,,,,,,,,,,,,,,,,,,,
0.24921270770331225,,,,6,,18,0,,,,0.0015991755,0.167626953125,0.5945777285451186,-1.3121974132955074,-0.002531851839739829,112,0.317359983921051,7e-05,0.08,0.08216585218906403,,,,,,,,,1.0153785943984985,141.33333333333334,0.036340648473910636,1925,0.9860026041666666,0,0.02180886538915109,0.0,,,,,,,,,,,,,,,,,,,,,
0.24921270770331225,166.23,76800,1,6,-5.563420295715332,18,0,2343,0,2,,,,,,,,,,,0,1,3,7e-05,5,0.007832,200,51200,,,,,,,,,,,,,,,,,,,,,,,,,,,,,
0.24921270770331225,163.12,81920,2,6,-5.404289722442627,18,0,223,0,45,0.001054588,0.1626953125,0.8622132850287016,-1.3031484741717576,-0.0018132972923922352,120,0.2675313949584961,7e-05,0.08,1.0730483531951904,,,,,,,,,,,,,,,,,,,,,,,,,,,,,,,,,,,,,
0.24838198100527129,159.97,87040,3,6,-5.030335903167725,24,6,187,6,82,0.0019350912,0.154296875,0.6437374446046306,-1.2973189987242222,-0.0034689405758399515,128,0.3596254587173462,7e-05,0.08,0.01793874055147171,,,,,,,,,,,,,,,,,,,,,,,,,,,,,,,,,,,,,
0.24838198100527129,161.94,92160,4,6,-5.345767974853516,24,0,166,0,123,0.0026129559,0.1591552734375,0.7922118746500928,-1.2833397898823022,-0.001931386618525721,136,0.3440556526184082,7e-05,0.08,0.050794653594493866,,,,,,,,,,,,,,,,,,,,,,,,,,,,,,,,,,,,,
0.24838198100527129,152.56,97280,5,6,-5.077136993408203,24,0,155,0,164,0.0030458693,0.242578125,0.6317837238777428,-1.2798590432852506,0.0007930596548249014,144,0.36156612634658813,7e-05,0.08,0.02218685671687126,,,,,,,,,,,,,,,,,,,,,,,,,,,,,,,,,,,,,
0.24838198100527129,,,,6,,24,0,,,,0.0014623528,0.1767578125,1.0876282537530642,-1.2639645840972662,-0.002416004463157151,152,0.2731426954269409,7e-05,0.08,0.05514299124479294,,,,,,,,,1.0138996839523315,139.66666666666666,0.0325270025217544,1925,0.9763454861111112,0,0.018034644799974183,0.0,,,,,,,,,,,,,,,,,,,,,
0.24838198100527129,147.66,102400,1,6,-4.808525085449219,24,0,2556,0,2,,,,,,,,,,,0,1,3,7e-05,5,0.004248,200,76800,,,,,,,,,,,,,,,,,,,,,,,,,,,,,
0.2651249517997106,146.58,107520,2,6,-4.3232197761535645,30,6,238,6,42,0.001757244,0.1537109375,1.2514642112626462,-1.2538931015878916,-0.0026987298362655563,160,0.34108495712280273,7e-05,0.08,0.01684979721903801,,,,,,,,,,,,,,,,,,,,,,,,,,,,,,,,,,,,,
0.2651249517997106,149.86,112640,3,6,-4.535394668579102,30,0,195,0,78,0.001550319,0.128466796875,1.125487297703512,-1.2558617793023585,-0.0019562504603527486,168,0.4271194338798523,7e-05,0.08,0.8022705316543579,,,,,,,,,,,,,,,,,,,,,,,,,,,,,,,,,,,,,
0.2651249517997106,150.4,117760,4,6,-3.768831729888916,30,0,175,0,116,0.002117456,0.185693359375,1.0179012289445382,-1.2517649065703154,-0.0006776042995625175,176,0.4401639699935913,7e-05,0.08,0.015677500516176224,,,,,,,,,,,,,,,,,,,,,,,,,,,,,,,,,,,,,
0.2651249517997106,150.66,122880,5,6,-3.344505548477173,30,0,164,0,156,0.0015158575,0.1535400390625,0.98295714520209,-1.2409246388822794,-0.002712685422739014,184,0.35049474239349365,7e-05,0.08,1.9150985479354858,,,,,,,,,,,,,,,,,,,,,,,,,,,,,,,,,,,,,
0.2651249517997106,,,,6,,30,0,,,,0.0017846528,0.15693359375,0.6180438050767407,-1.2300746645778418,-0.003915426917956211,192,0.3624234199523926,7e-05,0.08,0.02923627197742462,,,,,,,,,1.0102660655975342,137.91666666666666,0.02964082395603821,1925,0.96484375,0,0.01539944496354731,0.0,,,,,,,,,,,,,,,,,,,,,
,,,,,,,,,,,,,,,,,,,,,,,,,,,,,,,,,,,,,0,4.618978831414479,52.91140141784189,-2.5534331461787225,1,102400,0.72,131.06,,,,,,,,,,,,,
,,,,,,,,,,,,,,,,,,,,,,,,,,,,,,,,,,,,,1,4.3647890674930485,48.61585235291057,-2.9712682342529297,1,102400,0.1,183.83,,,,,,,,,,,,,
,,,,,,,,,,,,,,,,,,,,,,,,,,,,,,,,,,,,,,,,,1,102400,,,0.72,0.72,0,0.62,0,0,0,45.0,0.1,0,0.0,0.72,6.0
0.28131452947854996,147.65,128000,1,6,-2.966695547103882,36,6,2218,6,2,,,,,,,,,,,1,1,3,7e-05,5,0.0010000000000000009,200,102400,,,,,,,,,,,,,,,,,,,,,,,,,,,,,
0.28131452947854996,138.57,133120,2,6,-2.786203384399414,36,0,245,0,41,0.0028120312,0.1966064453125,1.1257757184299408,-1.2163132142275572,-0.0018912800223915838,200,0.303472638130188,7e-05,0.08,1.6500331163406372,,,,,,,,,,,,,,,,,,,,,,,,,,,,,,,,,,,,,
0.28131452947854996,134.88,138240,3,6,-2.918776035308838,36,0,180,0,85,0.0015599938,0.1491943359375,1.657151750533376,-1.1919209446758032,-0.001831125906028319,208,0.2536091208457947,7e-05,0.08,1.803206205368042,,,,,,,,,,,,,,,,,,,,,,,,,,,,,,,,,,,,,
0.28131452947854996,135.66,143360,4,6,-2.9625344276428223,36,0,167,0,122,0.0024891696,0.1845458984375,1.3220781272742896,-1.198709375038743,-0.00041411089041503145,216,0.3616179823875427,7e-05,0.08,2.161818265914917,,,,,,,,,,,,,,,,,,,,,,,,,,,,,,,,,,,,,
0.2701309695839882,140.87,148480,5,6,-2.8014590740203857,42,6,154,6,165,0.0019153379,0.185205078125,1.1616734216164333,-1.2000687718391418,-0.0018277686933288351,224,0.4817679524421692,7e-05,0.08,0.06488914042711258,,,,,,,,,,,,,,,,,,,,,,,,,,,,,,,,,,,,,
0.2701309695839882,,,,6,,42,6,,,,0.0030466493,0.1870361328125,1.4310336943890434,-1.1881424911320209,-0.0020863385245320385,232,0.46272850036621094,7e-05,0.08,0.051626529544591904,,,,,,,,,1.0088235139846802,135.91666666666666,0.027443891428239248,1925,0.9549696180555555,1,0.013517018581780815,0.0005194805194805195,,,,,,,,,,,,,,,,,,,,,
,,,,,,,,,,,,,,,,,,,,,,,,,,,,,,,,,,,,,0,4.4862001986643865,52.74030337417486,-1.0305145193217322,1,128000,0.8,113.02,,,,,,,,,,,,,
,,,,,,,,,,,,,,,,,,,,,,,,,,,,,,,,,,,,,1,5.542245465352602,55.19122756380765,-2.8555659365653994,1,128000,0.14,177.78,,,,,,,,,,,,,
,,,,,,,,,,,,,,,,,,,,,,,,,,,,,,,,,,,,,,,,,1,128000,,,0.8,0.8,0,0.66,0,0,0,45.0,0.14,0,0.0,0.8,6.0
0.2701309695839882,126.38,153600,1,6,-1.9318431615829468,42,0,2096,0,2,,,,,,,,,,,1,1,3,7e-05,5,0.0010000000000000009,200,128000,,,,,,,,,,,,,,,,,,,,,,,,,,,,,
0.2701309695839882,122.96,158720,2,6,-1.9729629755020142,42,0,246,0,41,0.0019628548,0.130908203125,1.6124638656969181,-1.1822822127491235,-0.0018484149419236927,240,0.4213002920150757,7e-05,0.08,0.24653412401676178,,,,,,,,,,,,,,,,,,,,,,,,,,,,,,,,,,,,,
0.2701309695839882,119.75,163840,3,6,-2.292465925216675,42,0,188,0,81,0.0021770895,0.1473388671875,1.3338682180503383,-1.177736498042941,-0.002534755720989779,248,0.47207820415496826,7e-05,0.08,1.7547492980957031,,,,,,,,,,,,,,,,,,,,,,,,,,,,,,,,,,,,,
0.25433460374673206,112.32,168960,4,6,-1.8549683094024658,48,6,120,6,170,0.0014711795,0.1320068359375,1.5482420239481143,-1.182538541033864,-0.0019859551182889847,256,0.49765855073928833,7e-05,0.08,0.5412108898162842,,,,,,,,,,,,,,,,,,,,,,,,,,,,,,,,,,,,,
0.25433460374673206,110.46,174080,5,6,-1.3863316774368286,48,0,110,0,230,0.0015298259,0.140283203125,1.4726557215908542,-1.178062890097499,-0.0019383137841941789,264,0.5652201771736145,7e-05,0.08,0.13573329150676727,,,,,,,,,,,,,,,,,,,,,,,,,,,,,,,,,,,,,
0.25433460374673206,,,,6,,48,0,,,,0.0019154185,0.172998046875,1.3808311073924415,-1.1736246388405562,-0.0007085595658281818,272,0.6080360412597656,7e-05,0.08,0.24439400434494019,,,,,,,,,1.0047461986541748,133.66666666666666,0.025451296399717542,1925,0.9436848958333334,2,0.01184124302553105,0.001038961038961039,,,,,,,,,,,,,,,,,,,,,
,,,,,,,,,,,,,,,,,,,,,,,,,,,,,,,,,,,,,0,4.118191301080104,55.54401767967455,0.5985671679675579,1,153600,0.8,101.61,,,,,,,,,,,,,
,,,,,,,,,,,,,,,,,,,,,,,,,,,,,,,,,,,,,1,5.22385993426616,74.44515833820222,-0.007057167887687683,1,153600,0.34,146.72,,,,,,,,,,,,,
,,,,,,,,,,,,,,,,,,,,,,,,,,,,,,,,,,,,,,,,,1,153600,,,0.8,0.8,0,0.46,0,0,0,45.0,0.34,0,0.0,0.8,6.0
0.25433460374673206,110.79,179200,1,6,-0.8233640789985657,48,0,1775,0,2,,,,,,,,,,,1,1,3,7e-05,5,0.0010000000000000009,200,153600,,,,,,,,,,,,,,,,,,,,,,,,,,,,,
0.25433460374673206,104.11,184320,2,6,0.4418710470199585,48,0,226,0,45,0.002028163,0.1549072265625,1.6331086331047118,-1.1618026725947856,-0.0012751990550896152,280,0.5764508247375488,7e-05,0.08,2.7908475399017334,,,,,,,,,,,,,,,,,,,,,,,,,,,,,,,,,,,,,
0.24967463066180548,103.21,189440,3,6,-0.026821451261639595,54,6,180,6,85,0.0016978575,0.1688232421875,1.754936746112071,-1.1608460076153277,-0.001723607575695496,288,0.6151145100593567,7e-05,0.08,0.03282830864191055,,,,,,,,,,,,,,,,,,,,,,,,,,,,,,,,,,,,,
0.24967463066180548,103.52,194560,4,6,-0.5501198172569275,54,0,165,0,124,0.0014598768,0.1611572265625,1.8266045475844295,-1.1543313894420861,-0.0008023575966944918,296,0.6408069133758545,7e-05,0.08,1.2434818744659424,,,,,,,,,,,,,,,,,,,,,,,,,,,,,,,,,,,,,
0.24967463066180548,90.23,199680,5,6,0.3503539264202118,54,0,159,0,160,0.0015599903,0.169580078125,2.152696835133247,-1.1470025658607483,-0.0010663391469279305,304,0.6216856241226196,7e-05,0.08,1.6641186475753784,,,,,,,,,,,,,,,,,,,,,,,,,,,,,,,,,,,,,
0.24967463066180548,,,,6,,54,0,,,,0.0023123727,0.1576416015625,2.403908290201798,-1.1283568430691957,-0.0020319788018241525,312,0.4716995358467102,7e-05,0.08,0.07095099240541458,,,,,,,,,1.0055198669433594,130.83333333333334,0.023686210245444712,1925,0.9310980902777778,6,0.010474788031085138,0.003116883116883117,,,,,,,,,,,,,,,,,,,,,
,,,,,,,,,,,,,,,,,,,,,,,,,,,,,,,,,,,,,0,4.8372376999220945,43.530075809720344,1.1271617999859154,1,179200,0.94,84.45,,,,,,,,,,,,,
,,,,,,,,,,,,,,,,,,,,,,,,,,,,,,,,,,,,,1,4.645185385200029,79.60376875500305,2.1041440951824186,1,179200,0.51,119.2,,,,,,,,,,,,,
,,,,,,,,,,,,,,,,,,,,,,,,,,,,,,,,,,,,,,,,,1,179200,,,0.94,0.94,0,0.42999999999999994,0,0,0,45.0,0.51,0,0.0,0.94,6.0
0.24967463066180548,87.8,204800,1,6,0.909862756729126,54,0,2404,0,2,,,,,,,,,,,1,1,3,7e-05,5,0.0010000000000000009,200,179200,,,,,,,,,,,,,,,,,,,,,,,,,,,,,
0.2884567913909753,82.18,209920,2,6,1.4112136363983154,60,6,245,6,41,0.0022200814,0.205908203125,1.8871831526281313,-1.129608168080449,-0.0009326979561592452,320,0.6789137125015259,7e-05,0.08,1.869472622871399,,,,,,,,,,,,,,,,,,,,,,,,,,,,,,,,,,,,,
0.2884567913909753,83.62,215040,3,6,1.2418017387390137,60,0,191,0,80,0.0032956358,0.1835205078125,2.143368670111522,-1.1103370722383261,-0.0011050948378397152,328,0.6786006689071655,7e-05,0.08,0.9852361679077148,,,,,,,,,,,,,,,,,,,,,,,,,,,,,,,,,,,,,
0.2884567913909753,80.89,220160,4,6,1.4157648086547852,60,0,169,0,120,0.0025593997,0.21484375,2.169104967266321,-1.1246334332972765,0.00029012419108767065,336,0.7116802334785461,7e-05,0.08,1.4419196844100952,,,,,,,,,,,,,,,,,,,,,,,,,,,,,,,,,,,,,
0.2884567913909753,76.27,225280,5,6,1.8858047723770142,60,0,152,0,168,0.0020584867,0.1931884765625,2.5165800994611347,-1.1110259089618921,-0.00018555595306679606,344,0.6362608075141907,7e-05,0.08,1.1779406070709229,,,,,,,,,,,,,,,,,,,,,,,,,,,,,,,,,,,,,
0.2884567913909753,,,,6,,60,0,,,,0.0013834154,0.1478515625,2.2806181078311054,-1.0997618895024062,-0.00010316465486539527,352,0.6734810471534729,7e-05,0.08,0.8044594526290894,,,,,,,,,1.002061367034912,127.91666666666667,0.02220179032289306,1925,0.9191623263888888,15,0.00939678948373004,0.007792207792207792,,,,,,,,,,,,,,,,,,,,,
,,,,,,,,,,,,,,,,,,,,,,,,,,,,,,,,,,,,,0,4.02250696934944,39.50898631957038,2.5307738464325666,1,204800,0.95,73.4,,,,,,,,,,,,,
,,,,,,,,,,,,,,,,,,,,,,,,,,,,,,,,,,,,,1,5.006207736014938,81.2729296875657,2.4971913862228394,1,204800,0.54,112.47,,,,,,,,,,,,,
,,,,,,,,,,,,,,,,,,,,,,,,,,,,,,,,,,,,,,,,,1,204800,,,0.95,0.95,0,0.4099999999999999,1,0,0,45.0,0.54,0,0.0,0.95,6.0
0.2743480366965135,78.27,230400,1,6,1.5325121879577637,66,6,2094,6,2,,,,,,,,,,,1,1,3,7e-05,5,0.0010000000000000009,200,204800,,,,,,,,,,,,,,,,,,,,,,,,,,,,,
0.2743480366965135,78.03,235520,2,6,1.8249202966690063,66,0,243,0,42,0.0019403107,0.12958984375,1.8006867598742247,-1.105646652728319,-0.0017541685228934512,360,0.7529984712600708,7e-05,0.08,0.36147037148475647,,,,,,,,,,,,,,,,,,,,,,,,,,,,,,,,,,,,,
0.2743480366965135,73.28,240640,3,6,2.4127843379974365,66,0,190,0,80,0.0064234883,0.227880859375,1.8525519034126774,-1.0962522342801093,0.0011928059495403432,368,0.7823525071144104,7e-05,0.08,1.2401491403579712,,,,,,,,,,,,,,,,,,,,,,,,,,,,,,,,,,,,,
0.30781517922878265,74.61,245760,4,6,2.3221988677978516,72,6,172,6,118,0.0025475672,0.2375,1.4715749794151634,-1.0928070779889822,0.0016061424772487952,376,0.7921440005302429,7e-05,0.08,0.5231034755706787,,,,,,,,,,,,,,,,,,,,,,,,,,,,,,,,,,,,,
0.30781517922878265,71.64,250880,5,6,2.1651294231414795,72,0,164,0,156,0.0016378928,0.1895751953125,1.5876935590524226,-1.0831090595573187,-0.0011925410202820786,384,0.7897437810897827,7e-05,0.08,0.6702154874801636,,,,,,,,,,,,,,,,,,,,,,,,,,,,,,,,,,,,,
0.30781517922878265,,,,6,,72,0,,,,0.0018436376,0.1447265625,1.7927787502296268,-1.0977729089558124,-0.0017967677064007147,392,0.7191282510757446,7e-05,0.08,2.075836181640625,,,,,,,,,1.0015277862548828,124.08333333333333,0.02088787738973369,1925,0.8821614583333334,25,0.008546595132285386,0.012987012987012988,,,,,,,,,,,,,,,,,,,,,
,,,,,,,,,,,,,,,,,,,,,,,,,,,,,,,,,,,,,0,3.6653279816513487,28.775856199251486,3.1314928822033106,1,230400,0.99,64.99,,,,,,,,,,,,,
,,,,,,,,,,,,,,,,,,,,,,,,,,,,,,,,,,,,,1,4.518194130523399,76.41214824882232,3.710271062850952,1,230400,0.67,92.94,,,,,,,,,,,,,
,,,,,,,,,,,,,,,,,,,,,,,,,,,,,,,,,,,,,,,,,1,230400,,,0.99,0.99,0,0.31999999999999995,1,0,0,45.0,0.67,0,0.0,0.99,6.0
0.30781517922878265,70.28,256000,1,6,2.4816231727600098,72,0,1745,0,2,,,,,,,,,,,1,1,3,7e-05,5,0.0010000000000000009,200,230400,,,,,,,,,,,,,,,,,,,,,,,,,,,,,
0.30781517922878265,70.03,261120,2,6,2.5171971321105957,72,0,240,0,42,0.0036622018,0.1744384765625,1.923111994471401,-1.0787013886496424,0.0007851485133869573,400,0.7266762256622314,7e-05,0.08,0.7019254565238953,,,,,,,,,,,,,,,,,,,,,,,,,,,,,,,,,,,,,
0.3333220419784387,71.26,266240,3,6,2.7577788829803467,78,6,187,6,81,0.0019866657,0.1515625,1.8517433442175388,-1.0822081957012415,-0.0028445455216569828,408,0.76242995262146,7e-05,0.08,0.9440575242042542,,,,,,,,,,,,,,,,,,,,,,,,,,,,,,,,,,,,,
0.3333220419784387,67.04,271360,4,6,2.894500732421875,78,0,170,0,120,0.001930478,0.137060546875,2.106823888607323,-1.0701290531083942,-0.002182471367996186,416,0.7559012770652771,7e-05,0.08,0.33419424295425415,,,,,,,,,,,,,,,,,,,,,,,,,,,,,,,,,,,,,
0.3333220419784387,64.54,276480,5,6,3.2404022216796875,78,0,160,0,159,0.0021252981,0.172265625,2.095862988661975,-1.0445073086768388,-0.0019706314196810126,424,0.7560857534408569,7e-05,0.08,0.8689160943031311,,,,,,,,,,,,,,,,,,,,,,,,,,,,,,,,,,,,,
0.3333220419784387,,,,6,,78,0,,,,0.0018505829,0.1807861328125,1.527861667238176,-1.0275580143555998,-0.0016936216299654916,432,0.748632550239563,7e-05,0.08,1.012094259262085,,,,,,,,,0.9970258474349976,120.0,0.01987276511025096,1925,0.8662109375,34,0.007918899105812591,0.017662337662337664,,,,,,,,,,,,,,,,,,,,,
,,,,,,,,,,,,,,,,,,,,,,,,,,,,,,,,,,,,,0,3.2628241529455817,22.457237140841702,3.8782487876713274,1,256000,1.0,58.35,,,,,,,,,,,,,
,,,,,,,,,,,,,,,,,,,,,,,,,,,,,,,,,,,,,1,3.6996862300671993,47.73158702578409,6.156463626623154,1,256000,0.91,50.66,,,,,,,,,,,,,
,,,,,,,,,,,,,,,,,,,,,,,,,,,,,,,,,,,,,,,,,1,256000,,,1.0,1.0,0,0.08999999999999997,1,0,0,45.0,0.91,0,0.0,1.0,6.0
0.3333220419784387,63.99,281600,1,6,3.5013952255249023,78,0,2367,0,2,,,,,,,,,,,1,1,3,7e-05,5,0.0010000000000000009,200,256000,,,,,,,,,,,,,,,,,,,,,,,,,,,,,
0.3614006961385409,65.6,286720,2,6,3.423866033554077,84,6,260,6,39,0.003623095,0.197705078125,1.662419986911118,-1.021228952333331,-0.0009969533522962593,440,0.8200969696044922,7e-05,0.08,0.3478868305683136,,,,,,,,,,,,,,,,,,,,,,,,,,,,,,,,,,,,,
0.3614006961385409,62.41,291840,3,6,3.608516216278076,84,0,201,0,76,0.0022676862,0.1619873046875,1.4732730915304273,-1.0044172067195176,-0.002433700524852611,448,0.806861162185669,7e-05,0.08,0.33300167322158813,,,,,,,,,,,,,,,,,,,,,,,,,,,,,,,,,,,,,
0.3614006961385409,62.81,296960,4,6,3.393326997756958,84,0,178,0,115,0.0019826135,0.2293701171875,1.9597577575594187,-1.0056381210684777,0.0009670787971117534,456,0.8036282658576965,7e-05,0.08,0.6083580255508423,,,,,,,,,,,,,,,,,,,,,,,,,,,,,,,,,,,,,
0.3614006961385409,66.26,302080,5,6,3.4707987308502197,84,0,168,0,151,0.002074915,0.1554443359375,1.762554816226475,-1.0040183695033194,-0.0024489389426889828,464,0.8258494734764099,7e-05,0.08,0.8321413397789001,,,,,,,,,,,,,,,,,,,,,,,,,,,,,,,,,,,,,
0.3614006961385409,,,,6,,84,0,,,,0.0026853415,0.1697021484375,2.1241954825352876,-1.0030989771708847,-0.0020166424888884648,472,0.8260003924369812,7e-05,0.08,0.08293704688549042,,,,,,,,,0.9920346140861511,115.66666666666667,0.01907812577421984,1925,0.8487413194444445,38,0.007488642674884341,0.019740259740259742,,,,,,,,,,,,,,,,,,,,,
,,,,,,,,,,,,,,,,,,,,,,,,,,,,,,,,,,,,,0,3.158281894550646,25.929519856719292,4.5710394233465195,1,281600,0.99,54.6,,,,,,,,,,,,,
,,,,,,,,,,,,,,,,,,,,,,,,,,,,,,,,,,,,,1,4.204224168954085,56.48721182710295,5.743377090394497,1,281600,0.87,57.43,,,,,,,,,,,,,
,,,,,,,,,,,,,,,,,,,,,,,,,,,,,,,,,,,,,,,,,1,281600,,,0.99,0.99,0,0.12,1,0,0,45.0,0.87,0,0.0,0.99,6.0
0.3950009656449159,58.0,307200,1,6,4.221400737762451,90,6,2086,6,2,,,,,,,,,,,1,1,3,7e-05,5,0.0010000000000000009,200,281600,,,,,,,,,,,,,,,,,,,,,,,,,,,,,
0.3950009656449159,55.68,312320,2,6,4.706531047821045,90,0,265,0,38,0.0020550073,0.1789794921875,2.349221857637167,-0.9827999819070101,-0.0008022110734600574,480,0.7877398133277893,7e-05,0.08,1.5458868741989136,,,,,,,,,,,,,,,,,,,,,,,,,,,,,,,,,,,,,
0.3950009656449159,60.55,317440,3,6,4.02377986907959,90,0,205,0,74,0.0020854939,0.177392578125,1.7955860156100243,-0.9687231341376901,-0.002532040060032159,488,0.8198803067207336,7e-05,0.08,0.515378475189209,,,,,,,,,,,,,,,,,,,,,,,,,,,,,,,,,,,,,
0.3950009656449159,50.91,322560,4,6,5.079071044921875,90,0,182,0,112,0.0020617922,0.1654052734375,1.618559931218624,-0.9659234590828418,-0.0017960363140446134,496,0.8216344118118286,7e-05,0.08,0.6168112754821777,,,,,,,,,,,,,,,,,,,,,,,,,,,,,,,,,,,,,
0.3993101306259632,53.64,327680,5,6,4.7184834480285645,96,6,173,6,147,0.0033547587,0.1967529296875,1.5827787808142602,-0.9378466442227363,-0.0009078652263269759,504,0.8070095777511597,7e-05,0.08,0.3689902722835541,,,,,,,,,,,,,,,,,,,,,,,,,,,,,,,,,,,,,
0.3993101306259632,,,,6,,96,6,,,,0.002545864,0.2380126953125,1.534196216519922,-0.9522446416318416,0.002779529700637795,512,0.8308197855949402,7e-05,0.08,0.2939082980155945,,,,,,,,,0.988670825958252,111.58333333333333,0.018328620417962623,1925,0.8318142361111112,42,0.007071975641650502,0.02181818181818182,,,,,,,,,,,,,,,,,,,,,
,,,,,,,,,,,,,,,,,,,,,,,,,,,,,,,,,,,,,0,3.1533570367872032,26.093238587802784,4.968564209267497,1,307200,0.99,51.73,,,,,,,,,,,,,
,,,,,,,,,,,,,,,,,,,,,,,,,,,,,,,,,,,,,1,3.66642404288767,43.0656057660867,6.536703474521637,1,307200,0.93,45.56,,,,,,,,,,,,,
,,,,,,,,,,,,,,,,,,,,,,,,,,,,,,,,,,,,,,,,,1,307200,,,0.99,0.99,0,0.05999999999999994,1,0,0,45.0,0.93,0,0.0,0.99,6.0
0.3993101306259632,52.46,332800,1,6,5.002523422241211,96,0,2245,0,2,,,,,,,,,,,1,1,3,7e-05,5,0.0010000000000000009,200,307200,,,,,,,,,,,,,,,,,,,,,,,,,,,,,
0.3993101306259632,54.79,337920,2,6,4.94050931930542,96,0,277,0,36,0.00251429,0.1755615234375,1.1164753282326274,-0.915345461294055,-0.0016817997326143085,520,0.8695052862167358,7e-05,0.08,0.13319143652915955,,,,,,,,,,,,,,,,,,,,,,,,,,,,,,,,,,,,,
0.3993101306259632,52.46,343040,3,6,4.7179789543151855,96,0,220,0,69,0.004541193,0.1968017578125,1.4824988029897213,-0.9187650348991155,0.0008847739591146819,528,0.8807792663574219,7e-05,0.08,0.3039770722389221,,,,,,,,,,,,,,,,,,,,,,,,,,,,,,,,,,,,,
0.4553350235025088,47.22,348160,4,6,5.631336688995361,102,6,198,6,103,0.002255707,0.2044677734375,1.9533845250029116,-0.8695465233176947,-0.0002467127356794663,536,0.8005247116088867,7e-05,0.08,2.4944841861724854,,,,,,,,,,,,,,,,,,,,,,,,,,,,,,,,,,,,,
0.4553350235025088,45.62,353280,5,6,5.766177177429199,102,0,189,0,134,0.0024000902,0.1777099609375,1.293824249599129,-0.8553756272420288,-0.0009565536718582734,544,0.8059780597686768,7e-05,0.08,0.7210802435874939,,,,,,,,,,,,,,,,,,,,,,,,,,,,,,,,,,,,,
0.4553350235025088,,,,6,,102,0,,,,0.0019086928,0.15009765625,0.9467953237937763,-0.8275289915502071,-0.0017607997491722927,552,0.7341423034667969,7e-05,0.08,0.18990689516067505,,,,,,,,,0.985021710395813,107.91666666666667,0.01775819390794107,1925,0.8174913194444445,45,0.006814010529807509,0.023376623376623377,,,,,,,,,,,,,,,,,,,,,
,,,,,,,,,,,,,,,,,,,,,,,,,,,,,,,,,,,,,0,3.3991823093397295,27.886849947600748,5.620468880571425,1,332800,0.99,47.06,,,,,,,,,,,,,
,,,,,,,,,,,,,,,,,,,,,,,,,,,,,,,,,,,,,1,3.107161729639437,51.35188019926827,6.45002032160759,1,332800,0.9,50.38,,,,,,,,,,,,,
,,,,,,,,,,,,,,,,,,,,,,,,,,,,,,,,,,,,,,,,,1,332800,,,0.99,0.99,0,0.08999999999999997,1,1,0,45.0,0.9,0,0.0,0.99,6.0
,,,,,,,,,,,,,,,,,,,,,,,,,,,,,,,,,,,,,0,3.1665455491748795,22.70193604078736,5.639845089912415,1,332800,1.0,46.39,,,,,,,,,,,,,
,,,,,,,,,,,,,,,,,,,,,,,,,,,,,,,,,,,,,1,4.951184586869973,44.06833216721504,6.321294173002243,1,332800,0.93,44.61,,,,,,,,,,,,,
,,,,,,,,,,,,,,,,,,,,,,,,,,,,,,,,,,,,,,,,,1,332800,,,1.0,1.0,0,0.06999999999999995,1,1,1,45.0,0.93,1,0.0,1.0,6.0
,,,,,,,,,,,,,,,,,,,,,,,,,,,,,,,,,,,,,0,3.029368018030677,21.485294971212287,5.570536407232285,1,332800,1.0,46.89,,,,,,,,,,,,,
,,,,,,,,,,,,,,,,,,,,,,,,,,,,,,,,,,,,,1,5.030471033268887,50.848838728136165,6.037541925907135,1,332800,0.9,49.34,,,,,,,,,,,,,
,,,,,,,,,,,,,,,,,,,,,,,,,,,,,,,,,,,,,,,,,1,332800,,,1.0,1.0,0,0.09999999999999998,1,1,0,45.0,0.9,0,0.0,1.0,6.0
0.4553350235025088,72.66,358400,1,6,5.188653469085693,102,0,1846,0,2,,,,,,,,,,,,,,,,,,,,,,,,,,,,,,,,,,,,,,,,,,,,,,,
0.4553350235025088,102.97,363520,2,6,4.176931858062744,102,0,235,0,43,0.0012573327,0.2166015625,4.501867093192414,-0.947543615102768,0.0009251191542716697,560,0.7916432023048401,3.5e-05,0.055999999999999994,2.313815116882324,,,,,,,,,,,,,,,,,,,,,,,,,,,,,,,,,,,,,
0.3909636822839578,145.05,368640,3,6,2.873220205307007,108,6,190,6,80,0.0015314764,0.164404296875,3.917945694923401,-0.9784261681139469,0.00042492736247368157,568,0.7527613639831543,3.5e-05,0.055999999999999994,0.7121545076370239,,,,,,,,,,,,,,,,,,,,,,,,,,,,,,,,,,,,,
0.3909636822839578,150.84,373760,4,6,2.6325747966766357,108,0,171,0,119,0.0018939867,0.212060546875,3.996147467906121,-0.981435465067625,0.0020081564885913394,576,0.7803200483322144,3.5e-05,0.055999999999999994,0.2677123546600342,,,,,,,,,,,,,,,,,,,,,,,,,,,,,,,,,,,,,
0.3909636822839578,146.33,378880,1,6,3.0094006061553955,108,0,2215,0,2,0.0018253021,0.2130615234375,3.851460136054084,-0.9971523964777589,0.0022021071941708214,584,0.75815749168396,3.5e-05,0.055999999999999994,1.3268251419067383,0,2,6,3e-05,7,0.012,280,0,,,,,,,,,,,,,,,,,,,,,,,,,,,,,
0.3909636822839578,137.94,384000,2,6,3.2804441452026367,108,0,221,0,46,0.0017525945,0.1156982421875,3.8067758137360217,-1.0083834305405617,-0.0010734352486906572,592,0.7053331136703491,3e-05,0.08,1.3509799242019653,,,,,,,,,,,,,,,,,,,,,,,,,,,,,,,,,,,,,
0.36394042025009793,140.13,389120,3,6,3.0402615070343018,114,6,171,6,89,0.0015098627,0.143896484375,3.945290309935808,-0.9704179583117366,-0.0008706070351763628,600,0.6595362424850464,3e-05,0.08,2.4850831031799316,,,,,,,,,,,,,,,,,,,,,,,,,,,,,,,,,,,,,
0.36394042025009793,133.08,394240,4,6,3.24692964553833,114,0,158,0,129,0.001610299,0.1091064453125,2.6307642874191517,-0.9886076716706157,-0.0013391301283263602,608,0.7556835412979126,3e-05,0.08,0.932989239692688,,,,,,,,,,,,,,,,,,,,,,,,,,,,,,,,,,,,,
0.36394042025009793,128.07,399360,5,6,3.4088363647460938,114,0,149,0,170,0.0014241331,0.1041015625,2.752471461612731,-0.9764573149383068,-0.00025341923756059257,616,0.6892825365066528,3e-05,0.08,0.7196459770202637,,,,,,,,,,,,,,,,,,,,,,,,,,,,,,,,,,,,,
0.36394042025009793,,,,6,,114,0,,,,0.001985462,0.1430908203125,2.537167782196775,-0.9681038262322545,-0.001429707495844923,624,0.6372275352478027,3e-05,0.08,2.1208720207214355,,,,,,,,,0.983121395111084,104.5,0.017107480298747053,1925,0.8036024305555555,46,0.0063390801105055175,0.023896103896103898,,,,,,,,,,,,,,,,,,,,,
0.36394042025009793,131.72,404480,1,6,3.3447625637054443,114,0,2333,0,2,,,,,,,,,,,0,2,6,3e-05,7,0.010976,280,25600,,,,,,,,,,,,,,,,,,,,,,,,,,,,,
0.36855604002873105,136.62,409600,2,6,3.045647382736206,120,6,238,6,42,0.0015736843,0.116259765625,1.786486216634512,-0.9913401011377573,-0.0002060300757875666,632,0.7898615002632141,3e-05,0.08,1.7975479364395142,,,,,,,,,,,,,,,,,,,,,,,,,,,,,,,,,,,,,
0.36855604002873105,138.16,414720,3,6,2.879023790359497,120,0,177,0,86,0.0008489665,0.1153564453125,2.2976374088786544,-0.983757927082479,3.445387410465628e-05,640,0.7608231902122498,3e-05,0.08,3.587465763092041,,,,,,,,,,,,,,,,,,,,,,,,,,,,,,,,,,,,,
0.36855604002873105,133.75,419840,4,6,3.0972235202789307,120,0,160,0,127,0.0012099857,0.082421875,2.467031404748559,-0.9664657130837441,-0.0016975293692667037,648,0.6729731559753418,3e-05,0.08,0.5185469388961792,,,,,,,,,,,,,,,,,,,,,,,,,,,,,,,,,,,,,
0.36855604002873105,134.03,424960,5,6,3.060116767883301,120,0,152,0,167,0.0015558738,0.1076904296875,2.2599559735739603,-0.9881136782467366,-0.00011561441060621291,656,0.7995250821113586,3e-05,0.08,0.5046753883361816,,,,,,,,,,,,,,,,,,,,,,,,,,,,,,,,,,,,,
0.36855604002873105,,,,6,,120,0,,,,0.0014852541,0.112890625,2.7670951982960106,-0.9817718612030149,-0.00021652069845004007,664,0.7232003808021545,3e-05,0.08,0.3884652256965637,,,,,,,,,0.9820312857627869,102.75,0.01681579318509465,1925,0.7967664930555555,47,0.006160469784797799,0.024415584415584415,,,,,,,,,,,,,,,,,,,,,
0.3770580900212129,136.79,430080,1,6,2.8760836124420166,126,6,2167,6,2,,,,,,,,,,,0,2,6,3e-05,7,0.009952,280,51200,,,,,,,,,,,,,,,,,,,,,,,,,,,,,
0.3770580900212129,124.34,435200,2,6,3.4843225479125977,126,0,227,0,45,0.0011252686,0.095458984375,2.6752084790263324,-0.9906154051423073,-0.0008560755173675716,672,0.7314339280128479,3e-05,0.08,1.4510399103164673,,,,,,,,,,,,,,,,,,,,,,,,,,,,,,,,,,,,,
0.3770580900212129,120.87,440320,3,6,3.789780616760254,126,0,167,0,91,0.0018303022,0.10966796875,2.4203508595936,-0.9763577645644546,-0.0013025516193010845,680,0.704940676689148,3e-05,0.08,0.40223929286003113,,,,,,,,,,,,,,,,,,,,,,,,,,,,,,,,,,,,,
0.3770580900212129,123.81,445440,4,6,3.5765914916992188,126,0,151,0,134,0.0012150083,0.096533203125,1.612875999789685,-0.9757441256195307,-0.0010804595716763289,688,0.7579431533813477,3e-05,0.08,1.276991367340088,,,,,,,,,,,,,,,,,,,,,,,,,,,,,,,,,,,,,
0.38900146012504894,130.4,450560,5,6,3.4268569946289062,132,6,142,6,179,0.0014913641,0.1009033203125,1.9452153472229838,-0.9646935775876045,-0.000871466871467419,696,0.7327612638473511,3e-05,0.08,1.3999582529067993,,,,,,,,,,,,,,,,,,,,,,,,,,,,,,,,,,,,,
0.38900146012504894,,,,6,,132,6,,,,0.0010549065,0.104541015625,1.7848923176759854,-0.9592174164950847,-0.0010251030093058945,704,0.8111662864685059,3e-05,0.08,0.825246274471283,,,,,,,,,0.9820874333381653,100.83333333333333,0.016551098247017466,1925,0.7892795138888888,47,0.006004032821918441,0.024415584415584415,,,,,,,,,,,,,,,,,,,,,
0.38900146012504894,130.63,455680,1,6,3.4584619998931885,132,0,2329,0,2,,,,,,,,,,,0,2,6,3e-05,7,0.008928,280,76800,,,,,,,,,,,,,,,,,,,,,,,,,,,,,
0.38900146012504894,134.08,460800,2,6,3.205519676208496,132,0,238,0,42,0.001254142,0.117333984375,2.6540133736561984,-0.9399143803864718,-0.0002870993281248957,712,0.8012304306030273,3e-05,0.08,1.630773663520813,,,,,,,,,,,,,,,,,,,,,,,,,,,,,,,,,,,,,
0.44571828097105026,135.54,465920,3,6,3.07392954826355,138,6,180,6,85,0.001508192,0.11376953125,2.4240645380690693,-0.9400882856920362,-0.000185951279127039,720,0.7976845502853394,3e-05,0.08,0.6639747023582458,,,,,,,,,,,,,,,,,,,,,,,,,,,,,,,,,,,,,
0.44571828097105026,127.52,471040,4,6,3.657106637954712,138,0,156,0,130,0.0009417629,0.109814453125,2.3976945511531085,-0.9396207110956312,0.00019318921549711378,728,0.8152481317520142,3e-05,0.08,1.799056887626648,,,,,,,,,,,,,,,,,,,,,,,,,,,,,,,,,,,,,
0.44571828097105026,122.32,476160,5,6,3.7734813690185547,138,0,145,0,175,0.0012079161,0.0877685546875,2.3118907616473736,-0.9022462531924248,-0.00017691503453534096,736,0.7361739873886108,3e-05,0.08,0.7090194225311279,,,,,,,,,,,,,,,,,,,,,,,,,,,,,,,,,,,,,
0.44571828097105026,,,,6,,138,0,,,,0.0020051019,0.1233154296875,1.9681424390058964,-0.9428307821974158,-0.0002007876566494815,744,0.7517042756080627,3e-05,0.08,0.5265896320343018,,,,,,,,,0.9808323383331299,99.25,0.01635375991937191,1925,0.7830946180555555,48,0.005975536928359864,0.024935064935064935,,,,,,,,,,,,,,,,,,,,,
,,,,,,,,,,,,,,,,,,,,,,,,,,,,,,,,,,,,,0,3.392406573082905,53.08926068424761,3.2922653591632844,2,102400,0.96,127.48,,,,,,,,,,,,,
,,,,,,,,,,,,,,,,,,,,,,,,,,,,,,,,,,,,,1,4.407124566528417,75.68673860062938,4.742804232384078,2,102400,0.85,114.76,,,,,,,,,,,,,
,,,,,,,,,,,,,,,,,,,,,,,,,,,,,,,,,,,,,,,,,2,102400,,,0.96,0.96,0,0.10999999999999999,1,0,0,88.2,0.85,0,0.0,0.96,6.0
0.44571828097105026,118.3,481280,1,6,3.9038915634155273,138,0,1862,0,2,,,,,,,,,,,1,2,6,3e-05,7,0.008004,280,102400,,,,,,,,,,,,,,,,,,,,,,,,,,,,,
0.4216192315022151,116.14,486400,2,6,4.02954626083374,144,6,222,6,46,0.001411625,0.1080322265625,2.479283426888287,-0.8966386798769236,-0.00048450927861267703,752,0.627741813659668,3e-05,0.08,1.609605073928833,,,,,,,,,,,,,,,,,,,,,,,,,,,,,,,,,,,,,
0.4216192315022151,121.85,491520,3,6,3.6981945037841797,144,0,168,0,90,0.0010947812,0.127978515625,1.6517125211423263,-0.9084144555032253,-0.0005616887923679314,760,0.7499954104423523,3e-05,0.08,0.6984726190567017,,,,,,,,,,,,,,,,,,,,,,,,,,,,,,,,,,,,,
0.4216192315022151,126.57,496640,4,6,3.4384188652038574,144,0,154,0,132,0.0015554487,0.08466796875,1.7826578390784562,-0.9218811126425862,-0.0010671522468328476,768,0.8206214904785156,3e-05,0.08,0.24222268164157867,,,,,,,,,,,,,,,,,,,,,,,,,,,,,,,,,,,,,
0.4216192315022151,122.44,501760,5,6,3.8013198375701904,144,0,140,0,182,0.0015906172,0.1158935546875,2.0138844112399967,-0.8970744974911213,-0.0003212878422345966,776,0.7743817567825317,3e-05,0.08,0.6886974573135376,,,,,,,,,,,,,,,,,,,,,,,,,,,,,,,,,,,,,
0.4216192315022151,,,,6,,144,0,,,,0.0013694708,0.1293212890625,2.0657283694949,-0.8978083457797765,0.001403532519179862,784,0.7961346507072449,3e-05,0.08,0.4554405212402344,,,,,,,,,0.979739785194397,97.5,0.0161239644381992,1925,0.7762586805555555,50,0.0058109725448120715,0.025974025974025976,,,,,,,,,,,,,,,,,,,,,
,,,,,,,,,,,,,,,,,,,,,,,,,,,,,,,,,,,,,0,2.5565236687096258,45.035763566303615,4.643122618496418,2,128000,0.97,108.8,,,,,,,,,,,,,
,,,,,,,,,,,,,,,,,,,,,,,,,,,,,,,,,,,,,1,4.573625650707859,78.90571335461077,4.713858416378498,2,128000,0.82,115.78,,,,,,,,,,,,,
,,,,,,,,,,,,,,,,,,,,,,,,,,,,,,,,,,,,,,,,,2,128000,,,0.97,0.97,0,0.15000000000000002,1,0,0,88.2,0.82,0,0.0,0.97,6.0
0.44008511304855347,120.5,506880,1,6,3.9468741416931152,150,6,1503,6,3,,,,,,,,,,,1,2,6,3e-05,7,0.0070799999999999995,280,128000,,,,,,,,,,,,,,,,,,,,,,,,,,,,,
0.44008511304855347,130.77,512000,2,6,3.658829927444458,150,0,216,0,47,0.00219211,0.1231201171875,2.202567218663171,-0.9107417799532413,0.00026842724182643,792,0.7942491769790649,3e-05,0.08,0.5160017609596252,,,,,,,,,,,,,,,,,,,,,,,,,,,,,,,,,,,,,
0.44008511304855347,136.41,517120,3,6,3.349430799484253,150,0,170,0,90,0.0010982594,0.095458984375,2.170255732862279,-0.9065312245860696,-0.0009713066756376065,800,0.8316506147384644,3e-05,0.08,1.9862178564071655,,,,,,,,,,,,,,,,,,,,,,,,,,,,,,,,,,,,,
0.44008511304855347,120.42,522240,4,6,4.045663356781006,150,0,149,0,136,0.0033215887,0.134814453125,2.91778126694262,-0.9050195353105664,0.0009142734750639647,808,0.7704159021377563,3e-05,0.08,2.7686967849731445,,,,,,,,,,,,,,,,,,,,,,,,,,,,,,,,,,,,,
0.45689792186021805,115.18,527360,5,6,4.3277058601379395,156,6,138,6,184,0.0022652918,0.15517578125,2.6838421343360097,-0.8940720248967409,0.0011676673180772922,816,0.7279796004295349,3e-05,0.08,3.705004930496216,,,,,,,,,,,,,,,,,,,,,,,,,,,,,,,,,,,,,
0.45689792186021805,,,,6,,156,6,,,,0.0020311736,0.1312744140625,2.212075427453965,-0.8605326915159821,-0.00043578103941399604,824,0.7295271158218384,3e-05,0.08,2.574387550354004,,,,,,,,,0.9785504937171936,95.83333333333333,0.015928578495388906,1925,0.7697482638888888,53,0.0057379848512195365,0.027532467532467533,,,,,,,,,,,,,,,,,,,,,
,,,,,,,,,,,,,,,,,,,,,,,,,,,,,,,,,,,,,0,2.830652549300693,41.00495579804958,4.221702007651329,2,153600,0.99,112.44,,,,,,,,,,,,,
,,,,,,,,,,,,,,,,,,,,,,,,,,,,,,,,,,,,,1,3.793496430601359,76.60264747383081,5.073711673133075,2,153600,0.84,112.88,,,,,,,,,,,,,
,,,,,,,,,,,,,,,,,,,,,,,,,,,,,,,,,,,,,,,,,2,153600,,,0.99,0.99,0,0.15000000000000002,1,0,0,88.2,0.84,0,0.0,0.99,6.0
0.45689792186021805,113.53,532480,1,6,4.374993801116943,156,0,1981,0,2,,,,,,,,,,,1,2,6,3e-05,7,0.006156,280,153600,,,,,,,,,,,,,,,,,,,,,,,,,,,,,
0.45689792186021805,117.0,537600,2,6,4.130457878112793,156,0,202,0,50,0.0037494847,0.1826171875,1.5997398398583755,-0.855303887091577,0.0031569430750096215,832,0.7982516288757324,3e-05,0.08,1.410988688468933,,,,,,,,,,,,,,,,,,,,,,,,,,,,,,,,,,,,,
0.45689792186021805,120.16,542720,3,6,3.8268260955810547,156,0,154,0,99,0.0013165446,0.1282958984375,2.2711712546180935,-0.8629737420007586,0.0006088127294788138,840,0.7274996042251587,3e-05,0.08,1.6279796361923218,,,,,,,,,,,,,,,,,,,,,,,,,,,,,,,,,,,,,
0.46778570860624313,119.56,547840,4,6,3.924539566040039,162,6,143,6,142,0.004412915,0.09760451158940397,2.0043684478035035,-0.8678263488984266,0.0003343010999706407,848,0.8123024702072144,3e-05,0.08,1.5917776823043823,,,,,,,,,,,,,,,,,,,,,,,,,,,,,,,,,,,,,
0.46778570860624313,125.32,552960,5,6,3.8116135597229004,162,0,136,0,187,0.0014300768,0.13271484375,2.532055638451129,-0.8509463619440794,-1.8508486391510814e-05,856,0.7904235124588013,3e-05,0.08,0.6459702849388123,,,,,,,,,,,,,,,,,,,,,,,,,,,,,,,,,,,,,
0.46778570860624313,,,,6,,162,0,,,,0.002051509,0.1199462890625,2.4293358267983423,-0.8640750417485833,0.0010516751470277085,864,0.8515003323554993,3e-05,0.08,0.8571380376815796,,,,,,,,,0.9777281284332275,94.25,0.01573402725413466,1925,0.7635633680555555,55,0.005623406303511029,0.02857142857142857,,,,,,,,,,,,,,,,,,,,,
,,,,,,,,,,,,,,,,,,,,,,,,,,,,,,,,,,,,,0,2.5970918596046753,47.70116455601477,4.420006113909185,2,179200,0.96,113.17,,,,,,,,,,,,,
,,,,,,,,,,,,,,,,,,,,,,,,,,,,,,,,,,,,,1,4.6617047328520815,83.63087707300457,4.802009982429444,2,179200,0.8,117.58,,,,,,,,,,,,,
,,,,,,,,,,,,,,,,,,,,,,,,,,,,,,,,,,,,,,,,,2,179200,,,0.96,0.96,0,0.15999999999999992,1,0,0,88.2,0.8,0,0.0,0.96,6.0
0.46778570860624313,128.73,558080,1,6,3.4942874908447266,162,0,1933,0,2,,,,,,,,,,,1,2,6,3e-05,7,0.0052320000000000005,280,179200,,,,,,,,,,,,,,,,,,,,,,,,,,,,,
0.46778570860624313,127.7,563200,2,6,3.5644173622131348,162,0,229,0,44,0.0019770202,0.11923828125,2.746736046439037,-0.8651265138760209,0.0012492769281379878,872,0.7706303000450134,3e-05,0.08,1.3574579954147339,,,,,,,,,,,,,,,,,,,,,,,,,,,,,,,,,,,,,
0.4481684813896815,118.08,568320,3,6,4.116323471069336,168,6,173,6,88,0.0018313413,0.125537109375,2.726611128076911,-0.8484223060309887,0.00016742486986913717,880,0.7528142929077148,3e-05,0.08,0.48282095789909363,,,,,,,,,,,,,,,,,,,,,,,,,,,,,,,,,,,,,
0.4481684813896815,111.01,573440,4,6,4.329984188079834,168,0,156,0,130,0.0018122088,0.1298828125,2.5256242637522517,-0.8631202142685652,0.0004673925199313089,888,0.7614564895629883,3e-05,0.08,0.9871099591255188,,,,,,,,,,,,,,,,,,,,,,,,,,,,,,,,,,,,,
0.4481684813896815,119.27,578560,5,6,3.859001874923706,168,0,144,0,176,0.0017596502,0.12548828125,2.351675229007378,-0.8509096089750529,-0.0006456461822381243,896,0.69952392578125,3e-05,0.08,0.4888303875923157,,,,,,,,,,,,,,,,,,,,,,,,,,,,,,,,,,,,,
0.4481684813896815,,,,6,,168,0,,,,0.00155866,0.1298095703125,2.776039083627984,-0.8672532064840197,0.0007612764049554244,904,0.8140817880630493,3e-05,0.08,0.09194836765527725,,,,,,,,,0.9785305857658386,92.58333333333333,0.015507313715170428,1925,0.7565104166666666,57,0.005492054869982913,0.02961038961038961,,,,,,,,,,,,,,,,,,,,,
,,,,,,,,,,,,,,,,,,,,,,,,,,,,,,,,,,,,,0,2.495135408150694,41.18672601700698,4.404044295996427,2,204800,0.98,111.44,,,,,,,,,,,,,
,,,,,,,,,,,,,,,,,,,,,,,,,,,,,,,,,,,,,1,3.5860695208783246,77.51772635984625,5.42468674164731,2,204800,0.84,108.89,,,,,,,,,,,,,
,,,,,,,,,,,,,,,,,,,,,,,,,,,,,,,,,,,,,,,,,2,204800,,,0.98,0.98,0,0.14,1,0,0,88.2,0.84,0,0.0,0.98,6.0
0.4481684813896815,121.69,583680,1,6,3.7621119022369385,168,0,2107,0,2,,,,,,,,,,,1,2,6,3e-05,7,0.0045000000000000005,280,204800,,,,,,,,,,,,,,,,,,,,,,,,,,,,,
0.48627318690220517,134.82,588800,2,6,2.943570613861084,174,6,229,6,44,0.0014403906,0.0892822265625,2.7533934058621528,-0.8619820786640048,-0.0008066355308983475,912,0.8098322153091431,3e-05,0.08,0.8975333571434021,,,,,,,,,,,,,,,,,,,,,,,,,,,,,,,,,,,,,
0.48627318690220517,127.42,593920,3,6,3.34722900390625,174,0,174,0,87,0.0044000656,0.140283203125,2.7449989989865573,-0.8638632727786899,0.0014098626154009253,920,0.8230735063552856,3e-05,0.08,1.6390292644500732,,,,,,,,,,,,,,,,,,,,,,,,,,,,,,,,,,,,,
0.48627318690220517,124.65,599040,4,6,3.4372034072875977,174,0,147,0,139,0.001992689,0.1685791015625,2.845024719508365,-0.8559049861505628,0.002348394729779102,928,0.7401751279830933,3e-05,0.08,1.7061214447021484,,,,,,,,,,,,,,,,,,,,,,,,,,,,,,,,,,,,,
0.48627318690220517,121.49,604160,5,6,3.8124091625213623,174,0,138,0,184,0.0019640476,0.12265625,2.72641617055051,-0.8490119688212872,0.00021542029426200316,936,0.8202126026153564,3e-05,0.08,0.02209331840276718,,,,,,,,,,,,,,,,,,,,,,,,,,,,,,,,,,,,,
0.48627318690220517,,,,6,,174,0,,,,0.0023814638,0.1319580078125,2.707220877613872,-0.8523254511877895,6.199597119120881e-05,944,0.7441019415855408,3e-05,0.08,1.402772307395935,,,,,,,,,0.9757386445999146,90.83333333333333,0.015273316446041959,1925,0.7496744791666666,61,0.005375871396057048,0.03168831168831169,,,,,,,,,,,,,,,,,,,,,
,,,,,,,,,,,,,,,,,,,,,,,,,,,,,,,,,,,,,0,3.6759252409365892,59.876626491478284,3.762266966179013,2,230400,0.95,122.36,,,,,,,,,,,,,
,,,,,,,,,,,,,,,,,,,,,,,,,,,,,,,,,,,,,1,4.49650482269141,87.03734830519598,4.881704837512225,2,230400,0.78,120.6,,,,,,,,,,,,,
,,,,,,,,,,,,,,,,,,,,,,,,,,,,,,,,,,,,,,,,,2,230400,,,0.95,0.95,0,0.16999999999999993,1,0,0,88.2,0.78,0,0.0,0.95,6.0
0.489299938082695,114.21,609280,1,6,4.343877792358398,180,6,1890,6,2,,,,,,,,,,,1,2,6,3e-05,7,0.0046,280,230400,,,,,,,,,,,,,,,,,,,,,,,,,,,,,
0.489299938082695,114.96,614400,2,6,4.192361831665039,180,0,188,0,54,0.0012294733,0.11298828125,2.3157124842517076,-0.8265285316854716,-0.0005972811501123943,952,0.5976243019104004,3e-05,0.08,0.26877498626708984,,,,,,,,,,,,,,,,,,,,,,,,,,,,,,,,,,,,,
0.489299938082695,122.07,619520,3,6,3.818233013153076,180,0,155,0,98,0.001707186,0.0984130859375,2.2939955241512506,-0.8292629236355424,-0.000876146779046394,960,0.7937007546424866,3e-05,0.08,2.3568902015686035,,,,,,,,,,,,,,,,,,,,,,,,,,,,,,,,,,,,,
0.489299938082695,117.46,624640,4,6,4.045641899108887,180,0,139,0,147,0.0019472744,0.110009765625,2.217005088785663,-0.8261997958645224,-0.00038727550709154456,968,0.7940006256103516,3e-05,0.08,0.19207224249839783,,,,,,,,,,,,,,,,,,,,,,,,,,,,,,,,,,,,,
0.5070746503770351,111.52,629760,5,6,4.322119235992432,186,6,132,6,193,0.0019430298,0.1350341796875,2.16318950378336,-0.8157816039398312,0.00037360450078267605,976,0.732327938079834,3e-05,0.08,0.3974367082118988,,,,,,,,,,,,,,,,,,,,,,,,,,,,,,,,,,,,,
0.5070746503770351,,,,6,,186,6,,,,0.0014289939,0.1122314453125,2.0334226030856373,-0.7918505728244781,-3.110013494733721e-05,984,0.73549485206604,3e-05,0.08,0.9019547700881958,,,,,,,,,0.9728384613990784,89.16666666666667,0.015110527952734114,1925,0.7431640625,67,0.005321907888548994,0.034805194805194804,,,,,,,,,,,,,,,,,,,,,
,,,,,,,,,,,,,,,,,,,,,,,,,,,,,,,,,,,,,0,2.5371007701794177,44.09938321564146,4.408095242604613,2,256000,0.97,112.62,,,,,,,,,,,,,
,,,,,,,,,,,,,,,,,,,,,,,,,,,,,,,,,,,,,1,3.2796743891013036,77.48242316809664,5.772531019686721,2,256000,0.84,105.29,,,,,,,,,,,,,
,,,,,,,,,,,,,,,,,,,,,,,,,,,,,,,,,,,,,,,,,2,256000,,,0.97,0.97,0,0.13,1,0,0,88.2,0.84,0,0.0,0.97,6.0
0.5070746503770351,112.26,634880,1,6,4.311431407928467,186,0,2070,0,2,,,,,,,,,,,1,2,6,3e-05,7,0.0047,280,256000,,,,,,,,,,,,,,,,,,,,,,,,,,,,,
0.5070746503770351,114.6,640000,2,6,4.395379543304443,186,0,202,0,50,0.00120474,0.0726806640625,1.912714764615521,-0.8111503552645445,-0.001133010775083676,992,0.6964714527130127,3e-05,0.08,0.08353716135025024,,,,,,,,,,,,,,,,,,,,,,,,,,,,,,,,,,,,,
0.5070746503770351,119.44,645120,3,6,4.072874069213867,186,0,167,0,91,0.0033250272,0.1364990234375,1.7331756863975898,-0.8041766729205847,0.0018726834779954516,1000,0.8200716972351074,3e-05,0.08,1.240942358970642,,,,,,,,,,,,,,,,,,,,,,,,,,,,,,,,,,,,,
0.497492798914512,119.72,650240,4,6,4.055299282073975,192,6,155,6,131,0.002895609,0.133984375,2.339125795196742,-0.8098996747285128,0.001335873783682473,1008,0.800392210483551,3e-05,0.08,1.0474141836166382,,,,,,,,,,,,,,,,,,,,,,,,,,,,,,,,,,,,,
0.497492798914512,106.5,655360,5,6,4.753312110900879,192,0,144,0,176,0.0011658702,0.0843017578125,2.4183131844736634,-0.7870904695242643,-4.383258346933872e-05,1016,0.70569908618927,3e-05,0.08,0.9200125336647034,,,,,,,,,,,,,,,,,,,,,,,,,,,,,,,,,,,,,
0.497492798914512,,,,6,,192,0,,,,0.001640854,0.1236083984375,1.9072240225737915,-0.7957315748557449,0.0002514767984393984,1024,0.6728166341781616,3e-05,0.08,0.45614340901374817,,,,,,,,,0.9725443720817566,87.58333333333333,0.014942165134513737,1925,0.7369791666666666,72,0.005261834128812507,0.0374025974025974,,,,,,,,,,,,,,,,,,,,,
,,,,,,,,,,,,,,,,,,,,,,,,,,,,,,,,,,,,,0,2.562133001118902,38.16316941764664,5.038465219549835,2,281600,0.99,101.15,,,,,,,,,,,,,
,,,,,,,,,,,,,,,,,,,,,,,,,,,,,,,,,,,,,1,3.5013952071231276,76.14894024213336,5.5118049429124225,2,281600,0.84,108.67,,,,,,,,,,,,,
,,,,,,,,,,,,,,,,,,,,,,,,,,,,,,,,,,,,,,,,,2,281600,,,0.99,0.99,0,0.15000000000000002,1,0,0,88.2,0.84,0,0.0,0.99,6.0
0.497492798914512,107.24,660480,1,6,4.717428684234619,192,0,2007,0,2,,,,,,,,,,,1,2,6,3e-05,7,0.0048000000000000004,280,281600,,,,,,,,,,,,,,,,,,,,,,,,,,,,,
0.497492798914512,105.19,665600,2,6,4.953085899353027,192,0,230,0,44,0.0019588047,0.1063232421875,2.1677979448344558,-0.7901444053277373,-0.000637725880369544,1032,0.7833131551742554,3e-05,0.08,0.2784445881843567,,,,,,,,,,,,,,,,,,,,,,,,,,,,,,,,,,,,,
0.552674662321806,105.48,670720,3,6,4.836926460266113,198,6,170,6,90,0.0014333774,0.1205322265625,1.8449066491797566,-0.7635343935340643,-0.0011754695209674538,1040,0.7210257053375244,3e-05,0.08,0.03845521807670593,,,,,,,,,,,,,,,,,,,,,,,,,,,,,,,,,,,,,
0.552674662321806,109.57,675840,4,6,4.7098283767700195,198,0,154,0,132,0.0018889762,0.1343017578125,1.619063931168057,-0.7744092956185341,-0.000539797374221962,1048,0.8310786485671997,3e-05,0.08,0.9998143911361694,,,,,,,,,,,,,,,,,,,,,,,,,,,,,,,,,,,,,
0.552674662321806,100.71,680960,5,6,5.206603527069092,198,0,140,0,181,0.0013541805,0.103515625,1.2709251374006272,-0.7741791652515531,-0.0008361459927982651,1056,0.8267416954040527,3e-05,0.08,0.3180585205554962,,,,,,,,,,,,,,,,,,,,,,,,,,,,,,,,,,,,,
0.552674662321806,,,,6,,198,0,,,,0.001819659,0.1337646484375,1.3919715693918988,-0.7653643013909459,-0.0001678184766205959,1064,0.4840860962867737,3e-05,0.08,0.8544664978981018,,,,,,,,,0.9715957641601562,86.16666666666667,0.014790680113502238,1925,0.73046875,78,0.0051960245434986285,0.04051948051948052,,,,,,,,,,,,,,,,,,,,,
,,,,,,,,,,,,,,,,,,,,,,,,,,,,,,,,,,,,,0,2.544681280672974,35.325654983312056,5.27719515811652,2,307200,0.99,97.59,,,,,,,,,,,,,
,,,,,,,,,,,,,,,,,,,,,,,,,,,,,,,,,,,,,1,2.97444460452195,60.49214494461244,6.158865188956261,2,307200,0.91,92.98,,,,,,,,,,,,,
,,,,,,,,,,,,,,,,,,,,,,,,,,,,,,,,,,,,,,,,,2,307200,,,0.99,0.99,0,0.07999999999999996,1,1,0,88.2,0.91,0,0.0,0.99,6.0
,,,,,,,,,,,,,,,,,,,,,,,,,,,,,,,,,,,,,0,2.1651809408135807,41.12758077008664,5.0875726485997435,2,307200,0.97,102.89,,,,,,,,,,,,,
,,,,,,,,,,,,,,,,,,,,,,,,,,,,,,,,,,,,,1,3.03241828013181,76.63053960399861,5.696422401070595,2,307200,0.85,107.02,,,,,,,,,,,,,
,,,,,,,,,,,,,,,,,,,,,,,,,,,,,,,,,,,,,,,,,2,307200,,,0.97,0.97,0,0.12,1,0,0,88.2,0.85,0,0.0,0.97,6.0
0.6083305006225904,96.68,686080,1,6,5.339271068572998,204,6,1828,6,2,,,,,,,,,,,1,2,6,3e-05,7,0.005,280,307200,,,,,,,,,,,,,,,,,,,,,,,,,,,,,
0.6083305006225904,101.5,691200,2,6,5.056861877441406,204,0,191,0,53,0.0016890686,0.0941650390625,1.312528097734321,-0.7542613791301847,-0.0012524002260761336,1072,0.6934345364570618,3e-05,0.08,0.7189314961433411,,,,,,,,,,,,,,,,,,,,,,,,,,,,,,,,,,,,,
0.6083305006225904,106.76,696320,3,6,4.691262722015381,204,0,150,0,102,0.0014696077,0.1328857421875,1.4069922943133861,-0.7587170196697116,0.0013501211535185576,1080,0.8185999989509583,3e-05,0.08,0.19108179211616516,,,,,,,,,,,,,,,,,,,,,,,,,,,,,,,,,,,,,
0.6083305006225904,102.29,701440,4,6,5.0346174240112305,204,0,135,0,151,0.0013840005,0.114208984375,1.8874533344060183,-0.7547194316983223,-0.00040884207555791363,1088,0.8080629110336304,3e-05,0.08,0.8420057892799377,,,,,,,,,,,,,,,,,,,,,,,,,,,,,,,,,,,,,
0.6124828780690829,103.08,706560,5,6,5.1244425773620605,210,6,127,6,200,0.0033393786,0.1484619140625,1.7753153865924105,-0.7578796718269587,0.0028859473575721497,1096,0.7924639582633972,3e-05,0.08,4.395030498504639,,,,,,,,,,,,,,,,,,,,,,,,,,,,,,,,,,,,,
0.6124828780690829,,,,6,,210,6,,,,0.0019543977,0.127978515625,1.9060183155816048,-0.7455364851281047,0.000599223050812725,1104,0.7884176969528198,3e-05,0.08,0.3876092731952667,,,,,,,,,0.9695441126823425,84.91666666666667,0.014639385693372538,1925,0.7255859375,85,0.005150583107897828,0.04415584415584416,,,,,,,,,,,,,,,,,,,,,
,,,,,,,,,,,,,,,,,,,,,,,,,,,,,,,,,,,,,0,3.2301379052356793,52.274486128512066,4.524088950126315,2,332800,0.97,110.59,,,,,,,,,,,,,
,,,,,,,,,,,,,,,,,,,,,,,,,,,,,,,,,,,,,1,2.652486700432811,75.43011268717554,6.023595340847969,2,332800,0.85,103.41,,,,,,,,,,,,,
,,,,,,,,,,,,,,,,,,,,,,,,,,,,,,,,,,,,,,,,,2,332800,,,0.97,0.97,0,0.12,1,0,0,88.2,0.85,0,0.0,0.97,6.0
0.6124828780690829,107.65,711680,1,6,4.700106143951416,210,0,1601,0,3,,,,,,,,,,,1,2,6,3e-05,7,0.0051,280,332800,,,,,,,,,,,,,,,,,,,,,,,,,,,,,
0.6124828780690829,98.34,716800,2,6,5.2748188972473145,210,0,193,0,52,0.0012367154,0.0885009765625,2.0663481375202535,-0.7291628448292613,-0.00013702480646315962,1112,0.8311358094215393,3e-05,0.08,0.42208191752433777,,,,,,,,,,,,,,,,,,,,,,,,,,,,,,,,,,,,,
0.6124828780690829,97.8,721920,3,6,5.510284423828125,210,0,147,0,104,0.0015491428,0.1344970703125,1.434535219031386,-0.7246589858084918,0.00021544845512835308,1120,0.7728372812271118,3e-05,0.08,0.38336148858070374,,,,,,,,,,,,,,,,,,,,,,,,,,,,,,,,,,,,,
0.6468335216244062,111.06,727040,4,6,4.816108226776123,216,6,134,6,152,0.0011532228,0.1364501953125,1.8087851290591062,-0.7416983179748058,0.0015850492694880814,1128,0.8292199969291687,3e-05,0.08,0.7237901091575623,,,,,,,,,,,,,,,,,,,,,,,,,,,,,,,,,,,,,
0.6468335216244062,114.64,732160,5,6,4.619352340698242,216,0,127,0,200,0.0012317853,0.096142578125,2.5029932143399494,-0.7275489946827293,-7.859363540774211e-05,1136,0.8516194224357605,3e-05,0.08,0.27939778566360474,,,,,,,,,,,,,,,,,,,,,,,,,,,,,,,,,,,,,
0.6468335216244062,,,,6,,216,0,,,,0.0018625241,0.114697265625,2.7815746665699406,-0.7308223696425558,-5.660909082507715e-05,1144,0.8189409375190735,3e-05,0.08,0.9737183451652527,,,,,,,,,0.9680052399635315,83.58333333333333,0.014477481277004916,1925,0.7203776041666666,89,0.005053130365643918,0.04623376623376623,,,,,,,,,,,,,,,,,,,,,
,,,,,,,,,,,,,,,,,,,,,,,,,,,,,,,,,,,,,0,2.340184278599703,43.93673178560281,5.323299885690212,2,358400,0.97,100.06,,,,,,,,,,,,,
,,,,,,,,,,,,,,,,,,,,,,,,,,,,,,,,,,,,,1,3.1414109824574696,76.24708453442662,5.927940449416638,2,358400,0.85,102.61,,,,,,,,,,,,,
,,,,,,,,,,,,,,,,,,,,,,,,,,,,,,,,,,,,,,,,,2,358400,,,0.97,0.97,0,0.12,1,0,0,88.2,0.85,0,0.0,0.97,6.0
0.6468335216244062,106.59,737280,1,6,4.950942039489746,216,0,1700,0,3,,,,,,,,,,,1,2,6,3e-05,7,0.005200000000000001,280,358400,,,,,,,,,,,,,,,,,,,,,,,,,,,,,
0.6468335216244062,107.54,742400,2,6,4.691561698913574,216,0,223,0,45,0.0013363594,0.11611328125,2.7141973378136752,-0.7257559394463897,-0.0006876718136481941,1152,0.8260431289672852,3e-05,0.08,2.6647775173187256,,,,,,,,,,,,,,,,,,,,,,,,,,,,,,,,,,,,,
0.6415264271199703,108.93,747520,3,6,4.675198078155518,222,6,172,6,89,0.0045519182,0.126318359375,2.577757627307437,-0.7348960375413298,0.0026475005070096813,1160,0.8367993235588074,3e-05,0.08,0.1833328753709793,,,,,,,,,,,,,,,,,,,,,,,,,,,,,,,,,,,,,
0.6415264271199703,109.34,752640,4,6,4.846075057983398,222,0,159,0,128,0.002684826,0.14267578125,2.0868654055753724,-0.7207200484350323,0.0011596458600251936,1168,0.8451023101806641,3e-05,0.08,0.5202094912528992,,,,,,,,,,,,,,,,,,,,,,,,,,,,,,,,,,,,,
0.6415264271199703,111.93,757760,5,6,4.604057312011719,222,0,150,0,169,0.0018651417,0.1206298828125,2.637576928542694,-0.7360558979213238,-6.152823043521493e-05,1176,0.8148371577262878,3e-05,0.08,1.6096668243408203,,,,,,,,,,,,,,,,,,,,,,,,,,,,,,,,,,,,,
0.6415264271199703,,,,6,,222,0,,,,0.0011138472,0.093017578125,2.8119049296015874,-0.6942140311002731,-0.00034762681316351517,1184,0.8291767239570618,3e-05,0.08,0.32602134346961975,,,,,,,,,0.9642497301101685,82.08333333333333,0.014341411323667706,1925,0.7145182291666666,91,0.004998294293552788,0.04727272727272727,,,,,,,,,,,,,,,,,,,,,
,,,,,,,,,,,,,,,,,,,,,,,,,,,,,,,,,,,,,0,3.011488901210694,55.19943749713397,5.1720863263309,2,384000,0.95,103.61,,,,,,,,,,,,,
,,,,,,,,,,,,,,,,,,,,,,,,,,,,,,,,,,,,,1,2.874783968687528,74.33651256280456,6.06745245186612,2,384000,0.86,99.73,,,,,,,,,,,,,
,,,,,,,,,,,,,,,,,,,,,,,,,,,,,,,,,,,,,,,,,2,384000,,,0.95,0.95,0,0.08999999999999997,1,0,0,88.2,0.86,0,0.0,0.95,6.0
0.6415264271199703,109.26,762880,1,6,4.793489456176758,222,0,2007,0,2,,,,,,,,,,,1,2,6,3e-05,7,0.005300000000000001,280,384000,,,,,,,,,,,,,,,,,,,,,,,,,,,,,
0.6195805246631304,106.56,768000,2,6,5.148611068725586,228,6,228,6,44,0.0013113257,0.101708984375,2.096497063245624,-0.6858825044706464,1.0591876343823969e-05,1192,0.8407735824584961,3e-05,0.08,0.9022409319877625,,,,,,,,,,,,,,,,,,,,,,,,,,,,,,,,,,,,,
0.6195805246631304,111.78,773120,3,6,4.939452171325684,228,0,179,0,85,0.0024736621,0.111962890625,1.946197423117701,-0.7000083414837718,-0.0003313397290185094,1200,0.8765408396720886,3e-05,0.08,0.2502162754535675,,,,,,,,,,,,,,,,,,,,,,,,,,,,,,,,,,,,,
0.6195805246631304,107.7,778240,4,6,5.070574760437012,228,0,163,0,125,0.0017047573,0.1095458984375,2.399115988705307,-0.6815677983686328,-0.0007108286808943376,1208,0.827799379825592,3e-05,0.08,0.5174539685249329,,,,,,,,,,,,,,,,,,,,,,,,,,,,,,,,,,,,,
0.6195805246631304,111.2,783360,5,6,4.933104038238525,228,0,148,0,172,0.0020266555,0.122412109375,1.9704061689903027,-0.6787641502916812,0.0003738188155693933,1216,0.8604400157928467,3e-05,0.08,0.8699390888214111,,,,,,,,,,,,,,,,,,,,,,,,,,,,,,,,,,,,,
0.6195805246631304,,,,6,,228,0,,,,0.0014384165,0.1095458984375,2.3325043260119855,-0.7014020506292582,-0.00016895343869691715,1224,0.8486924767494202,3e-05,0.08,1.7397903203964233,,,,,,,,,0.9627212285995483,81.08333333333333,0.014216608696087402,1925,0.7106119791666666,94,0.0049519985891742875,0.04883116883116883,,,,,,,,,,,,,,,,,,,,,
,,,,,,,,,,,,,,,,,,,,,,,,,,,,,,,,,,,,,0,2.622034034907628,40.10068702653359,5.339572498053312,2,409600,0.99,97.57,,,,,,,,,,,,,
,,,,,,,,,,,,,,,,,,,,,,,,,,,,,,,,,,,,,1,2.9093768036893515,78.56670732568598,6.039530128538608,2,409600,0.84,102.45,,,,,,,,,,,,,
,,,,,,,,,,,,,,,,,,,,,,,,,,,,,,,,,,,,,,,,,2,409600,,,0.99,0.99,0,0.15000000000000002,1,1,0,88.2,0.84,0,0.0,0.99,6.0
,,,,,,,,,,,,,,,,,,,,,,,,,,,,,,,,,,,,,0,2.841514908845613,57.24985502165049,4.662261303921696,2,409600,0.93,112.79,,,,,,,,,,,,,
,,,,,,,,,,,,,,,,,,,,,,,,,,,,,,,,,,,,,1,3.58649174409792,83.57956448797756,5.655068130902946,2,409600,0.81,109.58,,,,,,,,,,,,,
,,,,,,,,,,,,,,,,,,,,,,,,,,,,,,,,,,,,,,,,,2,409600,,,0.93,0.93,0,0.12,0,0,0,88.2,0.81,0,0.0,0.93,6.0
0.6162123729785284,108.13,788480,1,6,4.974750995635986,234,6,1589,6,3,,,,,,,,,,,1,2,6,3e-05,7,0.0055000000000000005,280,409600,,,,,,,,,,,,,,,,,,,,,,,,,,,,,
0.6162123729785284,112.02,793600,2,6,4.93005895614624,234,0,212,0,48,0.0015924231,0.1027099609375,2.8001189085189253,-0.6862103838473559,0.00014341527421493083,1232,0.6946768760681152,3e-05,0.08,8.749282836914062,,,,,,,,,,,,,,,,,,,,,,,,,,,,,,,,,,,,,
0.6162123729785284,110.6,798720,3,6,5.128825664520264,234,0,185,0,82,0.0012762384,0.0879150390625,1.5287508186418564,-0.6907526476308703,-2.4447240866720678e-05,1240,0.8534170985221863,3e-05,0.08,0.604511022567749,,,,,,,,,,,,,,,,,,,,,,,,,,,,,,,,,,,,,
0.6162123729785284,120.02,803840,4,6,4.454282760620117,234,0,166,0,123,0.0018891275,0.1236328125,2.2032725213561206,-0.6795633705332875,0.00028418088331818583,1248,0.7560625076293945,3e-05,0.08,0.4633791446685791,,,,,,,,,,,,,,,,,,,,,,,,,,,,,,,,,,,,,
0.5435900253554186,111.47,808960,5,6,4.720819473266602,240,6,149,6,170,0.0019377837,0.116162109375,1.882274785451591,-0.6944771761074662,0.0011722999915946275,1256,0.7829298973083496,3e-05,0.08,0.33518749475479126,,,,,,,,,,,,,,,,,,,,,,,,,,,,,,,,,,,,,
0.5435900253554186,,,,6,,240,6,,,,0.0013888634,0.0906494140625,2.1646058856509627,-0.680265149101615,0.0005327089224010706,1264,0.8052629828453064,3e-05,0.08,0.8849690556526184,,,,,,,,,0.9613276720046997,79.66666666666667,0.014086791544771424,1925,0.705078125,97,0.004860265956326422,0.05038961038961039,,,,,,,,,,,,,,,,,,,,,
,,,,,,,,,,,,,,,,,,,,,,,,,,,,,,,,,,,,,0,3.005695507722384,59.36101077306551,4.872738479450345,2,435200,0.93,110.48,,,,,,,,,,,,,
,,,,,,,,,,,,,,,,,,,,,,,,,,,,,,,,,,,,,1,4.091770137405221,90.91992685874753,4.788249058648944,2,435200,0.75,126.37,,,,,,,,,,,,,
,,,,,,,,,,,,,,,,,,,,,,,,,,,,,,,,,,,,,,,,,2,435200,,,0.93,0.93,0,0.18000000000000005,0,0,0,88.2,0.75,0,0.0,0.93,6.0
0.5435900253554186,108.38,814080,1,6,4.948519706726074,240,0,2062,0,2,,,,,,,,,,,1,2,6,3e-05,7,0.005600000000000001,280,435200,,,,,,,,,,,,,,,,,,,,,,,,,,,,,
0.5435900253554186,117.52,819200,2,6,4.359398365020752,240,0,234,0,43,0.0028414933,0.12265625,2.1019236249965614,-0.7099783051759004,0.0006310195676633157,1272,0.8113081455230713,3e-05,0.08,0.6888967752456665,,,,,,,,,,,,,,,,,,,,,,,,,,,,,,,,,,,,,
0.5435900253554186,105.74,824320,3,6,4.839953899383545,240,0,172,0,89,0.002285678,0.10078125,2.013376952242106,-0.6877931749448181,0.0017841298729763366,1280,0.7969771027565002,3e-05,0.08,0.4079098701477051,,,,,,,,,,,,,,,,,,,,,,,,,,,,,,,,,,,,,
0.6647250528136889,101.29,829440,4,6,5.155038356781006,246,6,153,6,133,0.0010901027,0.0842041015625,1.8178617573343216,-0.68742252625525,-0.0008280702517367899,1288,0.6815153360366821,3e-05,0.08,1.3073129653930664,,,,,,,,,,,,,,,,,,,,,,,,,,,,,,,,,,,,,
0.6647250528136889,103.09,834560,5,6,5.169645309448242,246,0,146,0,175,0.001629154,0.1092041015625,1.746978111518547,-0.665479376167059,-0.00021638055332005024,1296,0.8765531778335571,3e-05,0.08,0.26753178238868713,,,,,,,,,,,,,,,,,,,,,,,,,,,,,,,,,,,,,
0.6647250528136889,,,,6,,246,0,,,,0.0013846972,0.115576171875,1.979453118192032,-0.6780418096110225,4.479940253077075e-06,1304,0.80326908826828,3e-05,0.08,1.143522024154663,,,,,,,,,0.9610622525215149,78.5,0.013990457018473117,1925,0.7005208333333334,94,0.004830791275087739,0.04883116883116883,,,,,,,,,,,,,,,,,,,,,
,,,,,,,,,,,,,,,,,,,,,,,,,,,,,,,,,,,,,0,3.46927057798166,61.48815414370478,4.918947260826826,2,460800,0.94,108.37,,,,,,,,,,,,,
,,,,,,,,,,,,,,,,,,,,,,,,,,,,,,,,,,,,,1,2.8189746085839857,67.3786694733578,6.343208961337805,2,460800,0.89,91.93,,,,,,,,,,,,,
,,,,,,,,,,,,,,,,,,,,,,,,,,,,,,,,,,,,,,,,,2,460800,,,0.94,0.94,0,0.04999999999999993,0,0,0,88.2,0.89,0,0.0,0.94,6.0
0.6647250528136889,106.63,839680,1,6,5.002502918243408,246,0,2255,0,2,,,,,,,,,,,1,2,6,3e-05,7,0.0057,280,460800,,,,,,,,,,,,,,,,,,,,,,,,,,,,,
0.6647250528136889,106.23,844800,2,6,4.86372184753418,246,0,235,0,43,0.0010586269,0.0988525390625,1.802415519207716,-0.6749070415273308,-7.289930290426128e-05,1312,0.8669499158859253,3e-05,0.08,0.6225746870040894,,,,,,,,,,,,,,,,,,,,,,,,,,,,,,,,,,,,,
0.6131463125348091,98.86,849920,3,6,5.130312919616699,252,6,173,6,88,0.0011579402,0.0673095703125,2.4071999778039754,-0.6618387768045068,-0.0010529316132306121,1320,0.775213897228241,3e-05,0.08,0.8598464727401733,,,,,,,,,,,,,,,,,,,,,,,,,,,,,,,,,,,,,
0.6131463125348091,99.87,855040,4,6,5.140254974365234,252,0,157,0,129,0.0020015961,0.119384765625,2.454173151170835,-0.6776630587875843,-0.000460042706981767,1328,0.76408851146698,3e-05,0.08,0.878798246383667,,,,,,,,,,,,,,,,,,,,,,,,,,,,,,,,,,,,,
0.6131463125348091,103.86,860160,5,6,5.032857894897461,252,0,146,0,174,0.0013199769,0.0919677734375,1.7676047687418759,-0.6822132542729378,0.000387240773125086,1336,0.8147222399711609,3e-05,0.08,0.2941281199455261,,,,,,,,,,,,,,,,,,,,,,,,,,,,,,,,,,,,,
0.6131463125348091,,,,6,,252,0,,,,0.0011542363,0.0767822265625,2.133525751600973,-0.6903380086645484,-0.0005800854385597631,1344,0.8192490935325623,3e-05,0.08,0.526636004447937,,,,,,,,,0.958038330078125,77.0,0.013829416669197427,1925,0.6941189236111112,100,0.0047205136332954456,0.05194805194805195,,,,,,,,,,,,,,,,,,,,,
,,,,,,,,,,,,,,,,,,,,,,,,,,,,,,,,,,,,,0,3.1074895382084256,54.754082952780784,4.965488536171615,2,486400,0.95,106.52,,,,,,,,,,,,,
,,,,,,,,,,,,,,,,,,,,,,,,,,,,,,,,,,,,,1,3.4580357552446914,64.63764460436349,6.241906407475471,2,486400,0.9,90.43,,,,,,,,,,,,,
,,,,,,,,,,,,,,,,,,,,,,,,,,,,,,,,,,,,,,,,,2,486400,,,0.95,0.95,0,0.04999999999999993,1,0,0,88.2,0.9,0,0.0,0.95,6.0
0.6131463125348091,103.48,865280,1,6,5.137635707855225,252,0,2226,0,2,,,,,,,,,,,1,2,6,3e-05,7,0.0058000000000000005,280,486400,,,,,,,,,,,,,,,,,,,,,,,,,,,,,
0.594988706211249,98.88,870400,2,6,5.3690667152404785,258,6,241,6,42,0.0022777393,0.10546875,2.021736004250124,-0.6711027165874839,-0.00016496212483616546,1352,0.8011639714241028,3e-05,0.08,1.199821949005127,,,,,,,,,,,,,,,,,,,,,,,,,,,,,,,,,,,,,
0.594988706211249,106.47,875520,3,6,4.871115207672119,258,0,174,0,87,0.0024982605,0.1178466796875,2.101645514089614,-0.6609090590849519,-6.835689273430035e-05,1360,0.8028111457824707,3e-05,0.08,0.7665480971336365,,,,,,,,,,,,,,,,,,,,,,,,,,,,,,,,,,,,,
0.594988706211249,107.75,880640,4,6,4.7963666915893555,258,0,150,0,136,0.0015332525,0.108251953125,2.071467410819605,-0.6547430265694857,0.0008165085659129545,1368,0.8016015291213989,3e-05,0.08,0.3697334825992584,,,,,,,,,,,,,,,,,,,,,,,,,,,,,,,,,,,,,
0.594988706211249,101.53,885760,5,6,5.118529796600342,258,0,142,0,179,0.0011799207,0.1046142578125,1.9941906053107232,-0.6633463814854622,0.0006419172801543027,1376,0.8477968573570251,3e-05,0.08,0.06223469600081444,,,,,,,,,,,,,,,,,,,,,,,,,,,,,,,,,,,,,
0.594988706211249,,,,6,,258,0,,,,0.0016284144,0.09716796875,1.272028831881471,-0.6432443268597126,-0.0009060262935236096,1384,0.8488885164260864,3e-05,0.08,0.7218502759933472,,,,,,,,,0.9567133188247681,75.66666666666667,0.013719089564270566,1925,0.6889105902777778,105,0.004683646155262065,0.05454545454545454,,,,,,,,,,,,,,,,,,,,,
,,,,,,,,,,,,,,,,,,,,,,,,,,,,,,,,,,,,,0,2.649704505723626,48.92775388263802,5.202206820510328,2,512000,0.96,102.43,,,,,,,,,,,,,
,,,,,,,,,,,,,,,,,,,,,,,,,,,,,,,,,,,,,1,4.353866225268963,73.11028039886047,5.625255450606346,2,512000,0.86,101.13,,,,,,,,,,,,,
,,,,,,,,,,,,,,,,,,,,,,,,,,,,,,,,,,,,,,,,,2,512000,,,0.96,0.96,0,0.09999999999999998,1,0,0,88.2,0.86,0,0.0,0.96,6.0
0.6720139582951864,92.95,890880,1,6,5.692556858062744,264,6,2095,6,2,,,,,,,,,,,1,2,6,3e-05,7,0.005900000000000001,280,512000,,,,,,,,,,,,,,,,,,,,,,,,,,,,,
0.6720139582951864,93.22,896000,2,6,5.6783833503723145,264,0,214,0,47,0.0017363258,0.0851806640625,1.0863940451294183,-0.6519859112799168,-0.0008072970769717358,1392,0.6486108303070068,3e-05,0.08,0.3238726854324341,,,,,,,,,,,,,,,,,,,,,,,,,,,,,,,,,,,,,
0.6720139582951864,99.35,901120,3,6,5.295909881591797,264,0,171,0,89,0.0018890055,0.0924072265625,1.4145293067907914,-0.6411855595186353,-0.0008286498647066765,1400,0.8426104784011841,3e-05,0.08,0.1915282905101776,,,,,,,,,,,,,,,,,,,,,,,,,,,,,,,,,,,,,
0.6230320384105047,100.77,906240,4,6,5.2025146484375,270,6,152,6,134,0.0019814193,0.1472412109375,1.6006153158377856,-0.6532741948030889,0.002684722695266828,1408,0.8458150625228882,3e-05,0.08,1.1631847620010376,,,,,,,,,,,,,,,,,,,,,,,,,,,,,,,,,,,,,
0.6230320384105047,102.32,911360,5,6,5.16433048248291,270,0,144,0,177,0.0015872803,0.1168212890625,1.7918593464419246,-0.66654331125319,5.362443625926972e-05,1416,0.813873291015625,3e-05,0.08,0.5108588933944702,,,,,,,,,,,,,,,,,,,,,,,,,,,,,,,,,,,,,
0.6230320384105047,,,,6,,270,0,,,,0.0017606027,0.10302734375,2.009051985410042,-0.65543278362602,-0.0008380177197977901,1424,0.8353273868560791,3e-05,0.08,2.1468944549560547,,,,,,,,,0.9541507959365845,74.58333333333333,0.013610516994881108,1925,0.6846788194444445,107,0.0046456408787226,0.055584415584415584,,,,,,,,,,,,,,,,,,,,,
,,,,,,,,,,,,,,,,,,,,,,,,,,,,,,,,,,,,,0,2.7543958321825865,47.69007863277225,5.442747481912375,2,537600,0.97,98.58,,,,,,,,,,,,,
,,,,,,,,,,,,,,,,,,,,,,,,,,,,,,,,,,,,,1,3.8906075098983908,75.69868162656466,5.702739498466253,2,537600,0.85,102.36,,,,,,,,,,,,,
,,,,,,,,,,,,,,,,,,,,,,,,,,,,,,,,,,,,,,,,,2,537600,,,0.97,0.97,0,0.12,1,0,0,88.2,0.85,0,0.0,0.97,6.0
0.6230320384105047,100.8,916480,1,6,5.272027015686035,270,0,1970,0,2,,,,,,,,,,,1,2,6,3e-05,7,0.006,280,537600,,,,,,,,,,,,,,,,,,,,,,,,,,,,,
0.6230320384105047,96.93,921600,2,6,5.533206939697266,270,0,217,0,47,0.0016923174,0.1048828125,1.6420050038490444,-0.6470733732916415,0.0001770137416315265,1432,0.8140482306480408,3e-05,0.08,0.31644725799560547,,,,,,,,,,,,,,,,,,,,,,,,,,,,,,,,,,,,,
0.7102153698603312,93.1,926720,3,6,5.800504207611084,276,6,165,6,92,0.0017841604,0.0970458984375,1.6363011803012342,-0.6476255657151342,-0.0003457191152847372,1440,0.8109958171844482,3e-05,0.08,0.3851553201675415,,,,,,,,,,,,,,,,,,,,,,,,,,,,,,,,,,,,,
0.7102153698603312,93.67,931840,4,6,5.76567268371582,276,0,151,0,135,0.0015391043,0.1010986328125,1.7712452108971775,-0.6232150095514953,-0.0010670394010958261,1448,0.8182612061500549,3e-05,0.08,0.4224091172218323,,,,,,,,,,,,,,,,,,,,,,,,,,,,,,,,,,,,,
0.7102153698603312,104.5,936960,5,6,5.192089080810547,276,0,143,0,178,0.0013116181,0.0723876953125,1.9355971098411828,-0.6155761845409871,-0.0005868198291864246,1456,0.7996413707733154,3e-05,0.08,0.22892016172409058,,,,,,,,,,,,,,,,,,,,,,,,,,,,,,,,,,,,,
0.7102153698603312,,,,6,,276,0,,,,0.0014952845,0.0906494140625,2.3173306968063114,-0.6192089688964189,-0.00044688973139273003,1464,0.868261992931366,3e-05,0.08,0.677757978439331,,,,,,,,,0.9538614153862,73.41666666666667,0.013497117626514288,1925,0.6801215277777778,108,0.004591490414888678,0.05610389610389611,,,,,,,,,,,,,,,,,,,,,
,,,,,,,,,,,,,,,,,,,,,,,,,,,,,,,,,,,,,0,2.869662653355472,56.79267910567347,5.295908364802599,2,563200,0.93,103.46,,,,,,,,,,,,,
,,,,,,,,,,,,,,,,,,,,,,,,,,,,,,,,,,,,,1,3.4885405651026,69.11569720403607,6.085114942193031,2,563200,0.88,94.98,,,,,,,,,,,,,
,,,,,,,,,,,,,,,,,,,,,,,,,,,,,,,,,,,,,,,,,2,563200,,,0.93,0.93,0,0.050000000000000044,0,0,0,88.2,0.88,0,0.0,0.93,6.0
0.7102153698603312,114.84,942080,1,6,4.782284736633301,276,0,1516,0,3,,,,,,,,,,,1,2,6,3e-05,7,0.0061,280,563200,,,,,,,,,,,,,,,,,,,,,,,,,,,,,
0.6816541279355685,107.95,947200,2,6,4.951112747192383,282,6,231,6,44,0.0029008756,0.13349609375,1.8408031007857062,-0.5916671219281853,0.0018737142148893327,1472,0.8900011777877808,3e-05,0.08,3.0905818939208984,,,,,,,,,,,,,,,,,,,,,,,,,,,,,,,,,,,,,
0.6816541279355685,103.11,952320,3,6,5.134521484375,282,0,171,0,89,0.0016741946,0.1247802734375,3.0256450369022785,-0.6157951564528048,0.0026504600667976775,1480,0.8311329483985901,3e-05,0.08,0.6691551804542542,,,,,,,,,,,,,,,,,,,,,,,,,,,,,,,,,,,,,
0.6816541279355685,100.12,957440,4,6,5.3176422119140625,282,0,148,0,137,0.0017429475,0.090869140625,2.5892488040786703,-0.6280262239277363,0.0003993783058831468,1488,0.7874398827552795,3e-05,0.08,6.741864204406738,,,,,,,,,,,,,,,,,,,,,,,,,,,,,,,,,,,,,
0.6816541279355685,98.61,962560,5,6,5.409695625305176,282,0,139,0,183,0.001129891,0.09326171875,1.7743232598062604,-0.6022471867501735,-0.0010538845184782986,1496,0.8584867119789124,3e-05,0.08,0.34109362959861755,,,,,,,,,,,,,,,,,,,,,,,,,,,,,,,,,,,,,
0.6816541279355685,,,,6,,282,0,,,,0.00085436006,0.067138671875,2.113695731968619,-0.5993442857638002,-0.0006753359382855705,1504,0.8069320321083069,3e-05,0.08,0.38574525713920593,,,,,,,,,0.9536492228507996,72.33333333333333,0.013394880246662544,1925,0.6758897569444445,109,0.004549681509416191,0.056623376623376624,,,,,,,,,,,,,,,,,,,,,
,,,,,,,,,,,,,,,,,,,,,,,,,,,,,,,,,,,,,0,2.2905302269152332,43.3064371658533,5.826950617879629,2,588800,0.97,93.05,,,,,,,,,,,,,
,,,,,,,,,,,,,,,,,,,,,,,,,,,,,,,,,,,,,1,4.052054772066439,84.36412981830608,5.462711447179317,2,588800,0.8,112.44,,,,,,,,,,,,,
,,,,,,,,,,,,,,,,,,,,,,,,,,,,,,,,,,,,,,,,,2,588800,,,0.97,0.97,0,0.16999999999999993,1,1,0,88.2,0.8,0,0.0,0.97,6.0
,,,,,,,,,,,,,,,,,,,,,,,,,,,,,,,,,,,,,0,2.660403422311814,49.77428653431408,5.551796260476112,2,588800,0.96,97.98,,,,,,,,,,,,,
,,,,,,,,,,,,,,,,,,,,,,,,,,,,,,,,,,,,,1,3.5872861759472303,69.92444207857507,6.149091681689024,2,588800,0.88,94.18,,,,,,,,,,,,,
,,,,,,,,,,,,,,,,,,,,,,,,,,,,,,,,,,,,,,,,,2,588800,,,0.96,0.96,0,0.07999999999999996,1,1,0,88.2,0.88,0,0.0,0.96,6.0
,,,,,,,,,,,,,,,,,,,,,,,,,,,,,,,,,,,,,0,2.8059972472451213,45.09410050106333,5.600885888151825,2,588800,0.98,95.11,,,,,,,,,,,,,
,,,,,,,,,,,,,,,,,,,,,,,,,,,,,,,,,,,,,1,4.294683992496914,77.44560090799219,5.508721322566271,2,588800,0.84,104.83,,,,,,,,,,,,,
,,,,,,,,,,,,,,,,,,,,,,,,,,,,,,,,,,,,,,,,,2,588800,,,0.98,0.98,0,0.14,1,1,0,88.2,0.84,0,0.0,0.98,6.0
0.6305997942884763,119.09,967680,1,6,5.2511725425720215,288,6,1768,6,2,,,,,,,,,,,,,,,,,,,,,,,,,,,,,,,,,,,,,,,,,,,,,,,
0.6305997942884763,146.67,972800,2,6,4.792111873626709,288,0,1623,0,6,0.009442256,0.23224431818181818,3.625133655288003,-0.6471015214920044,0.014389279044487259,1505,0.7508461475372314,3.5e-05,0.055999999999999994,0.12032503634691238,,,,,,,,,,,,,,,,,,,,,,,,,,,,,,,,,,,,,
0.6305997942884763,175.3,977920,3,6,4.505577087402344,288,0,382,0,40,0.0030942983,0.2183837890625,3.2651082332013175,-0.6209346113726497,0.0040506315635866486,1513,0.767387866973877,3.5e-05,0.055999999999999994,0.853659987449646,,,,,,,,,,,,,,,,,,,,,,,,,,,,,,,,,,,,,
0.6305997942884763,199.01,983040,4,6,4.255904197692871,288,0,258,0,79,0.0040866397,0.2348876953125,3.2454358028480783,-0.6622459038160742,0.004676280308922287,1521,0.6377428770065308,3.5e-05,0.055999999999999994,1.5133615732192993,,,,,,,,,,,,,,,,,,,,,,,,,,,,,,,,,,,,,
0.533555186043183,210.97,988160,1,6,4.074904918670654,294,6,1991,6,2,0.00293376,0.187109375,2.5416249888716265,-0.643321945797652,0.003382098107249476,1529,0.7412917017936707,3.5e-05,0.055999999999999994,0.08879664540290833,0,3,10,3e-05,9,0.011,360,0,,,,,,,,,,,,,,,,,,,,,,,,,,,,,
0.533555186043183,195.31,993280,2,6,4.6083760261535645,294,0,280,0,36,0.0035652206,0.1918212890625,2.7289708975702522,-0.6727047518827021,0.004288477302179672,1537,0.6764351725578308,3e-05,0.08,0.12723179161548615,,,,,,,,,,,,,,,,,,,,,,,,,,,,,,,,,,,,,
0.533555186043183,195.65,998400,3,6,4.617693901062012,294,0,187,0,82,0.0027994919,0.1133544921875,3.2761307295411823,-0.6569342895410955,0.00018014094384852797,1545,0.49742573499679565,3e-05,0.08,0.4687386453151703,,,,,,,,,,,,,,,,,,,,,,,,,,,,,,,,,,,,,
0.533555186043183,185.08,1003520,4,6,4.945865154266357,294,0,173,0,118,0.0018169868,0.116943359375,2.1389701212057846,-0.6115104178898036,0.000833039017743431,1553,0.7074549198150635,3e-05,0.08,0.4825855493545532,,,,,,,,,,,,,,,,,,,,,,,,,,,,,,,,,,,,,
0.6452533801396688,186.06,1008640,5,6,4.899510860443115,300,6,161,6,158,0.0014370842,0.1231689453125,2.159860383835621,-0.6648704413324594,0.0007421468573738821,1561,0.6866554021835327,3e-05,0.08,0.5965175032615662,,,,,,,,,,,,,,,,,,,,,,,,,,,,,,,,,,,,,
0.6452533801396688,,,,6,,300,6,,,,0.0015490344,0.125439453125,1.4329205069225281,-0.6458741179667413,0.00017857820639619604,1569,0.8324379920959473,3e-05,0.08,1.3683537244796753,,,,,,,,,0.9511906504631042,70.5,0.013195646808715978,1925,0.6687282986111112,75,0.004440756807607914,0.03896103896103896,,,,,,,,,,,,,,,,,,,,,
0.6452533801396688,190.49,1013760,1,6,4.780416965484619,300,0,2131,0,2,,,,,,,,,,,0,3,10,3e-05,9,0.0102832,360,25600,,,,,,,,,,,,,,,,,,,,,,,,,,,,,
0.6452533801396688,192.24,1018880,2,6,4.695013999938965,300,0,223,0,45,0.0017049804,0.0987548828125,1.8462768482975662,-0.6518348474986851,0.0003117229949566536,1577,0.7835283279418945,3e-05,0.08,0.19721412658691406,,,,,,,,,,,,,,,,,,,,,,,,,,,,,,,,,,,,,
0.6452533801396688,204.84,1024000,3,6,4.273054599761963,300,0,189,0,81,0.001157523,0.1169189453125,1.7751624968601392,-0.6673775653354823,0.0014284487260738388,1585,0.7881861329078674,3e-05,0.08,0.20068396627902985,,,,,,,,,,,,,,,,,,,,,,,,,,,,,,,,,,,,,
0.599245510995388,205.16,1029120,4,6,4.211516857147217,306,6,178,6,114,0.0017821062,0.1224365234375,1.804186650342308,-0.6694610975682735,0.0005853764247149229,1593,0.8088887929916382,3e-05,0.08,0.2573361098766327,,,,,,,,,,,,,,,,,,,,,,,,,,,,,,,,,,,,,
0.599245510995388,207.24,1034240,5,6,4.093939304351807,306,0,168,0,151,0.0019725505,0.1184814453125,2.4410375575535,-0.652628133725375,0.0011355526876286604,1601,0.6881916522979736,3e-05,0.08,2.279634475708008,,,,,,,,,,,,,,,,,,,,,,,,,,,,,,,,,,,,,
0.599245510995388,,,,6,,306,0,,,,0.002078758,0.114599609375,2.299407975212671,-0.6495263831689954,0.0013512274526874535,1609,0.6454489231109619,3e-05,0.08,1.5916059017181396,,,,,,,,,0.9497815370559692,69.58333333333333,0.01306606928871738,1925,0.6651475694444445,73,0.00434474308608716,0.03792207792207792,,,,,,,,,,,,,,,,,,,,,
0.599245510995388,213.81,1039360,1,6,4.0674662590026855,306,0,1807,0,2,,,,,,,,,,,0,3,10,3e-05,9,0.0095664,360,51200,,,,,,,,,,,,,,,,,,,,,,,,,,,,,
0.599245510995388,216.47,1044480,2,6,4.117738723754883,306,0,521,0,19,0.010744501,0.15044806985294118,2.027038630536374,-0.6838742963531438,0.005929158000713762,1613,0.8041961193084717,3e-05,0.08,0.35596024990081787,,,,,,,,,,,,,,,,,,,,,,,,,,,,,,,,,,,,,
0.5470706795652708,224.03,1049600,3,6,3.8728997707366943,312,6,357,6,43,0.0059842966,0.15334302325581395,2.0316715367311655,-0.6631717110789099,0.003632749640924293,1619,0.7793548107147217,3e-05,0.08,0.32324057817459106,,,,,,,,,,,,,,,,,,,,,,,,,,,,,,,,,,,,,
0.5470706795652708,221.84,1054720,4,6,4.003458023071289,312,0,252,0,81,0.0027568005,0.13828125,2.637985358230071,-0.6558619540184736,0.0032105378108099104,1627,0.5634027719497681,3e-05,0.08,0.5462743043899536,,,,,,,,,,,,,,,,,,,,,,,,,,,,,,,,,,,,,
0.5470706795652708,226.24,1059840,5,6,3.730881690979004,312,0,208,0,122,0.0013926231,0.1393798828125,2.739567494019866,-0.6710790883749723,9.747773292474448e-05,1635,0.25938302278518677,3e-05,0.08,0.46264564990997314,,,,,,,,,,,,,,,,,,,,,,,,,,,,,,,,,,,,,
0.5470706795652708,,,,6,,312,0,,,,0.001423918,0.094921875,2.0447220777510666,-0.7138437593355775,-0.001030291111965198,1643,0.5606703758239746,3e-05,0.08,1.2450014352798462,,,,,,,,,0.9481449127197266,68.83333333333333,0.012915574055012799,1925,0.6622178819444445,69,0.004244538241192431,0.035844155844155845,,,,,,,,,,,,,,,,,,,,,
0.5470706795652708,217.42,1064960,1,6,3.7649245262145996,312,0,2227,0,2,,,,,,,,,,,0,3,10,3e-05,9,0.0088496,360,76800,,,,,,,,,,,,,,,,,,,,,,,,,,,,,
0.5012313239276409,198.07,1070080,2,6,4.381344795227051,318,6,272,6,37,0.0016175515,0.11806640625,2.025153894000687,-0.6857915828935802,0.00034806856710929425,1651,0.5561902523040771,3e-05,0.08,0.8245164155960083,,,,,,,,,,,,,,,,,,,,,,,,,,,,,,,,,,,,,
0.5012313239276409,195.61,1075200,3,6,4.442562103271484,318,0,191,0,80,0.0022372233,0.138330078125,2.5355287414742635,-0.7080991800874472,0.0009070665662875399,1659,0.32765257358551025,3e-05,0.08,1.5042452812194824,,,,,,,,,,,,,,,,,,,,,,,,,,,,,,,,,,,,,
0.5012313239276409,190.09,1080320,4,6,4.6728129386901855,318,0,180,0,113,0.0011003001,0.0849853515625,1.7316119246417656,-0.7071147172711789,-0.0010235210473183542,1667,0.5742210149765015,3e-05,0.08,0.9428260326385498,,,,,,,,,,,,,,,,,,,,,,,,,,,,,,,,,,,,,
0.5012313239276409,191.36,1085440,5,6,4.70073127746582,318,0,173,0,147,0.0011893032,0.11162109375,1.828555248538032,-0.6998486407101154,6.2282603175845e-05,1675,0.615069568157196,3e-05,0.08,2.881662130355835,,,,,,,,,,,,,,,,,,,,,,,,,,,,,,,,,,,,,
0.5012313239276409,,,,6,,318,0,,,,0.0020494,0.110693359375,1.668428952503018,-0.6923368602991105,-0.0005084201722638682,1683,0.6200369596481323,3e-05,0.08,0.39774090051651,,,,,,,,,0.9457613825798035,67.58333333333333,0.012844875950064965,1925,0.6573350694444445,69,0.004214162899525988,0.035844155844155845,,,,,,,,,,,,,,,,,,,,,
0.5907160751521587,206.64,1090560,1,6,4.223328113555908,324,6,2075,6,2,,,,,,,,,,,0,3,10,3e-05,9,0.008132799999999999,360,102400,,,,,,,,,,,,,,,,,,,,,,,,,,,,,
0.5907160751521587,211.2,1095680,2,6,4.108794689178467,324,0,275,0,37,0.002330835,0.11552734375,1.5372754543088376,-0.6792467311955989,0.0002548156655393541,1691,0.5785185098648071,3e-05,0.08,1.065858006477356,,,,,,,,,,,,,,,,,,,,,,,,,,,,,,,,,,,,,
0.5907160751521587,217.78,1100800,3,6,3.8067080974578857,324,0,220,0,69,0.00095390936,0.0912109375,1.4163601018022747,-0.684706871304661,0.00027195211150683464,1699,0.5962522625923157,3e-05,0.08,0.05434603989124298,,,,,,,,,,,,,,,,,,,,,,,,,,,,,,,,,,,,,
0.5907160751521587,216.68,1105920,4,6,3.8069090843200684,324,0,201,0,101,0.0014261628,0.0927734375,1.3331717117456718,-0.6649264567531645,-0.0010419298108899967,1707,0.6543524265289307,3e-05,0.08,0.18433447182178497,,,,,,,,,,,,,,,,,,,,,,,,,,,,,,,,,,,,,
0.5421704898277918,216.68,1111040,5,6,3.765872001647949,330,6,189,6,134,0.00200609,0.11943359375,1.5938761512981727,-0.6702275840565562,0.00044108205183874817,1715,0.5924838781356812,3e-05,0.08,0.450808048248291,,,,,,,,,,,,,,,,,,,,,,,,,,,,,,,,,,,,,
0.5421704898277918,,,,6,,330,6,,,,0.0014331597,0.0724365234375,1.6331931530032306,-0.6623865294270217,-0.00044073887111153456,1723,0.6076520681381226,3e-05,0.08,0.1144929975271225,,,,,,,,,0.946571409702301,66.66666666666667,0.012699373381322043,1925,0.6537543402777778,78,0.004113154049845904,0.04051948051948052,,,,,,,,,,,,,,,,,,,,,
,,,,,,,,,,,,,,,,,,,,,,,,,,,,,,,,,,,,,0,2.4632826116668634,85.41813566216486,4.294779826849699,3,128000,0.81,206.39,,,,,,,,,,,,,
,,,,,,,,,,,,,,,,,,,,,,,,,,,,,,,,,,,,,1,3.535383999370051,118.57576944721886,4.468027207702399,3,128000,0.59,219.13,,,,,,,,,,,,,
,,,,,,,,,,,,,,,,,,,,,,,,,,,,,,,,,,,,,,,,,3,128000,,,0.81,0.81,0,0.22000000000000008,0,0,0,145.8,0.59,0,0.0,0.81,6.0
0.5421704898277918,215.61,1116160,1,6,3.765885591506958,330,0,2035,0,2,,,,,,,,,,,1,3,10,3e-05,9,0.007516,360,128000,,,,,,,,,,,,,,,,,,,,,,,,,,,,,
0.5421704898277918,213.97,1121280,2,6,3.8421502113342285,330,0,287,0,35,0.0013839356,0.0825927734375,1.8959902746137232,-0.645781229250133,0.00010045241797342896,1731,0.5444289445877075,3e-05,0.08,0.8232120871543884,,,,,,,,,,,,,,,,,,,,,,,,,,,,,,,,,,,,,
0.551590251425902,210.51,1126400,3,6,3.947899103164673,336,6,204,6,75,0.0010115542,0.0727783203125,1.3045191568206065,-0.6317724892869592,-0.0011363660276401788,1739,0.5880590677261353,3e-05,0.08,0.5851474404335022,,,,,,,,,,,,,,,,,,,,,,,,,,,,,,,,,,,,,
0.551590251425902,212.93,1131520,4,6,3.8132498264312744,336,0,186,0,109,0.0018932692,0.0977783203125,1.5963180772960186,-0.6668947760015727,0.0006373216136125847,1747,0.5364295244216919,3e-05,0.08,0.12621554732322693,,,,,,,,,,,,,,,,,,,,,,,,,,,,,,,,,,,,,
0.551590251425902,212.84,1136640,5,6,3.7421464920043945,336,0,175,0,145,0.0011399239,0.1052978515625,1.8733298287028446,-0.6559344239532947,0.0007709555633482523,1755,0.5643585324287415,3e-05,0.08,0.619850218296051,,,,,,,,,,,,,,,,,,,,,,,,,,,,,,,,,,,,,
0.551590251425902,,,,6,,336,0,,,,0.0013362119,0.116064453125,2.0678937441669403,-0.6916340481489897,0.000963931906153448,1763,0.4606819152832031,3e-05,0.08,2.87408185005188,,,,,,,,,0.9461726546287537,65.66666666666667,0.01257128491102919,1925,0.6493055555555555,97,0.0040349336062138665,0.05038961038961039,,,,,,,,,,,,,,,,,,,,,
,,,,,,,,,,,,,,,,,,,,,,,,,,,,,,,,,,,,,0,2.5958657825434326,79.02303714740405,4.1185713401436805,3,153600,0.87,205.86,,,,,,,,,,,,,
,,,,,,,,,,,,,,,,,,,,,,,,,,,,,,,,,,,,,1,3.5556810661569567,118.97538232760591,4.43493430942297,3,153600,0.58,221.72,,,,,,,,,,,,,
,,,,,,,,,,,,,,,,,,,,,,,,,,,,,,,,,,,,,,,,,3,153600,,,0.87,0.87,0,0.29000000000000004,0,0,0,145.8,0.58,0,0.0,0.87,6.0
0.551590251425902,220.38,1141760,1,6,3.584446907043457,336,0,1508,0,3,,,,,,,,,,,1,3,10,3e-05,9,0.006899199999999999,360,153600,,,,,,,,,,,,,,,,,,,,,,,,,,,,,
0.5064442877968153,225.29,1146880,2,6,3.5538322925567627,342,6,251,6,40,0.0011750974,0.094140625,1.675790819246322,-0.6811429540626704,-0.0009310847904998809,1771,0.37983494997024536,3e-05,0.08,1.3098881244659424,,,,,,,,,,,,,,,,,,,,,,,,,,,,,,,,,,,,,
0.5064442877968153,227.57,1152000,3,6,3.4808969497680664,342,0,203,0,75,0.0015734471,0.1056396484375,1.2283241679368075,-0.664744221419096,-0.0005343402124708518,1779,0.3706861734390259,3e-05,0.08,0.2891165614128113,,,,,,,,,,,,,,,,,,,,,,,,,,,,,,,,,,,,,
0.5064442877968153,227.36,1157120,4,6,3.4955763816833496,342,0,179,0,114,0.0014833423,0.087939453125,1.4926272728480399,-0.6653456140309573,-0.0011099250870756805,1787,0.39579689502716064,3e-05,0.08,1.1001375913619995,,,,,,,,,,,,,,,,,,,,,,,,,,,,,,,,,,,,,
0.5064442877968153,221.67,1162240,5,6,3.6841342449188232,342,0,166,0,153,0.0021980589,0.1103759765625,1.9525972902702051,-0.6611057271249592,0.00022227546141948551,1795,0.4474257230758667,3e-05,0.08,4.039616584777832,,,,,,,,,,,,,,,,,,,,,,,,,,,,,,,,,,,,,
0.5064442877968153,,,,6,,342,0,,,,0.0012231143,0.1013916015625,2.3789177662692964,-0.6611709887161851,-0.00039724580565234644,1803,0.26951754093170166,3e-05,0.08,0.0514393113553524,,,,,,,,,0.9439667463302612,64.75,0.012497754270536576,1925,0.6447482638888888,102,0.004020113793763028,0.052987012987012985,,,,,,,,,,,,,,,,,,,,,
,,,,,,,,,,,,,,,,,,,,,,,,,,,,,,,,,,,,,0,2.5670469660612265,84.9931591364858,4.3398482044786215,3,179200,0.83,204.27,,,,,,,,,,,,,
,,,,,,,,,,,,,,,,,,,,,,,,,,,,,,,,,,,,,1,3.4593219057923386,118.82187340721406,4.064230491742491,3,179200,0.53,234.68,,,,,,,,,,,,,
,,,,,,,,,,,,,,,,,,,,,,,,,,,,,,,,,,,,,,,,,3,179200,,,0.83,0.83,0,0.29999999999999993,0,0,0,145.8,0.53,0,0.0,0.83,6.0
0.5267216215531031,213.93,1167360,1,6,3.802206039428711,348,6,1523,6,3,,,,,,,,,,,1,3,10,3e-05,9,0.0062824,360,179200,,,,,,,,,,,,,,,,,,,,,,,,,,,,,
0.5267216215531031,203.3,1172480,2,6,4.264001369476318,348,0,231,0,44,0.0011583031,0.09755859375,1.4695059906225652,-0.6340273717418313,-0.0007313824549783021,1811,0.5630958676338196,3e-05,0.08,0.14369788765907288,,,,,,,,,,,,,,,,,,,,,,,,,,,,,,,,,,,,,
0.5267216215531031,192.86,1177600,3,6,4.54011344909668,348,0,170,0,89,0.0012948259,0.0997314453125,2.2845632436452434,-0.6445873189717531,-0.0005921486968873069,1819,0.45649564266204834,3e-05,0.08,0.14313405752182007,,,,,,,,,,,,,,,,,,,,,,,,,,,,,,,,,,,,,
0.5267216215531031,199.19,1182720,4,6,4.310588836669922,348,0,153,0,133,0.0016203139,0.0937744140625,1.8816864590393378,-0.6280709767714143,0.00027475560491438953,1827,0.4862097501754761,3e-05,0.08,0.18909642100334167,,,,,,,,,,,,,,,,,,,,,,,,,,,,,,,,,,,,,
0.6143738652269045,195.59,1187840,5,6,4.2879533767700195,354,6,149,6,170,0.0012698764,0.0923095703125,1.3270153489429504,-0.6361952522769571,0.0010418009376735426,1835,0.7434357404708862,3e-05,0.08,0.36151400208473206,,,,,,,,,,,,,,,,,,,,,,,,,,,,,,,,,,,,,
0.6143738652269045,,,,6,,354,6,,,,0.00135362,0.0991943359375,2.1001693071040792,-0.6378949222154915,0.000775987669476308,1843,0.7021051049232483,3e-05,0.08,0.2883005738258362,,,,,,,,,0.9415461421012878,64.0,0.012440030877548153,1925,0.6418185763888888,90,0.004024303505566404,0.046753246753246755,,,,,,,,,,,,,,,,,,,,,
,,,,,,,,,,,,,,,,,,,,,,,,,,,,,,,,,,,,,0,2.875514139215937,89.22290905367298,3.6090176510065795,3,204800,0.81,223.15,,,,,,,,,,,,,
,,,,,,,,,,,,,,,,,,,,,,,,,,,,,,,,,,,,,1,3.68550040495721,117.97375767517114,3.6777218536473812,3,204800,0.5,243.05,,,,,,,,,,,,,
,,,,,,,,,,,,,,,,,,,,,,,,,,,,,,,,,,,,,,,,,3,204800,,,0.81,0.81,0,0.31000000000000005,0,0,0,145.8,0.5,0,0.0,0.81,6.0
0.6143738652269045,200.21,1192960,1,6,4.167208671569824,354,0,1514,0,3,,,,,,,,,,,1,3,10,3e-05,9,0.0056656,360,204800,,,,,,,,,,,,,,,,,,,,,,,,,,,,,
0.6143738652269045,212.98,1198080,2,6,3.8631808757781982,354,0,246,0,41,0.0014378456,0.1054443359375,1.741307474602945,-0.664769006613642,0.00044571682665264236,1851,0.7305771112442017,3e-05,0.08,0.16725021600723267,,,,,,,,,,,,,,,,,,,,,,,,,,,,,,,,,,,,,
0.6143738652269045,215.78,1203200,3,6,4.022940158843994,354,0,188,0,81,0.0010239318,0.0759033203125,1.6520188919850625,-0.6640512697398663,-0.0006674437070614658,1859,0.7399802207946777,3e-05,0.08,2.0691792964935303,,,,,,,,,,,,,,,,,,,,,,,,,,,,,,,,,,,,,
0.5768191715081533,212.94,1208320,4,6,4.07040548324585,360,6,169,6,120,0.0014528742,0.095849609375,1.9387556076515466,-0.667154748737812,-0.00018530308734625577,1867,0.6896886825561523,3e-05,0.08,0.24136701226234436,,,,,,,,,,,,,,,,,,,,,,,,,,,,,,,,,,,,,
0.5768191715081533,208.86,1213440,5,6,4.146313667297363,360,0,158,0,161,0.002216869,0.1137451171875,1.7520297785755248,-0.6411238765344024,0.0007433601305820048,1875,0.5965485572814941,3e-05,0.08,1.8674671649932861,,,,,,,,,,,,,,,,,,,,,,,,,,,,,,,,,,,,,
0.5768191715081533,,,,6,,360,0,,,,0.0011404824,0.08447265625,1.5689042663667352,-0.6512296682223677,-0.0003083730873186141,1883,0.587176501750946,3e-05,0.08,1.1369673013687134,,,,,,,,,0.9402288794517517,63.25,0.012328985370831257,1925,0.6388888888888888,119,0.003927930283292018,0.06181818181818182,,,,,,,,,,,,,,,,,,,,,
,,,,,,,,,,,,,,,,,,,,,,,,,,,,,,,,,,,,,0,2.413699997856093,77.33623924138024,4.619408603375778,3,230400,0.88,193.31,,,,,,,,,,,,,
,,,,,,,,,,,,,,,,,,,,,,,,,,,,,,,,,,,,,1,3.833137455583851,117.87564421881224,3.190315401777625,3,230400,0.42,260.35,,,,,,,,,,,,,
,,,,,,,,,,,,,,,,,,,,,,,,,,,,,,,,,,,,,,,,,3,230400,,,0.88,0.88,0,0.46,0,0,0,145.8,0.42,0,0.0,0.88,6.0
0.5768191715081533,204.52,1218560,1,6,4.225214958190918,360,0,1539,0,3,,,,,,,,,,,1,3,10,3e-05,9,0.005048800000000001,360,230400,,,,,,,,,,,,,,,,,,,,,,,,,,,,,
0.5768191715081533,197.52,1223680,2,6,4.284326553344727,360,0,234,0,43,0.0017678661,0.0975341796875,1.7528757048770784,-0.6439694766886532,-0.000982947314332705,1891,0.5866328477859497,3e-05,0.08,0.21559108793735504,,,,,,,,,,,,,,,,,,,,,,,,,,,,,,,,,,,,,
0.5636546636621157,199.65,1228800,3,6,4.222222328186035,366,6,181,6,84,0.001307708,0.095556640625,1.7853942970279604,-0.6434355130419135,-0.00023173259396571665,1899,0.5770462155342102,3e-05,0.08,0.9371206164360046,,,,,,,,,,,,,,,,,,,,,,,,,,,,,,,,,,,,,
0.5636546636621157,206.84,1233920,4,6,4.052559852600098,366,0,166,0,123,0.0020530487,0.1181884765625,1.784487157536205,-0.66025301059708,-0.00026350838306825607,1907,0.5786376595497131,3e-05,0.08,1.1011821031570435,,,,,,,,,,,,,,,,,,,,,,,,,,,,,,,,,,,,,
0.5636546636621157,210.8,1239040,5,6,3.9534778594970703,366,0,158,0,161,0.0014051439,0.102587890625,1.5459231969434768,-0.6652978739701212,6.696078344248235e-05,1915,0.5820692181587219,3e-05,0.08,0.2865120470523834,,,,,,,,,,,,,,,,,,,,,,,,,,,,,,,,,,,,,
0.5636546636621157,,,,6,,366,0,,,,0.0020872657,0.1507568359375,1.8904179868404754,-0.6902402272447944,0.0024760614556726067,1923,0.5022770166397095,3e-05,0.08,0.2822006940841675,,,,,,,,,0.940665066242218,62.583333333333336,0.01222335533514462,1925,0.6362847222222222,120,0.0038561172310334797,0.06233766233766234,,,,,,,,,,,,,,,,,,,,,
,,,,,,,,,,,,,,,,,,,,,,,,,,,,,,,,,,,,,0,2.53749027834136,89.04702746302092,4.194506876245141,3,256000,0.78,212.13,,,,,,,,,,,,,
,,,,,,,,,,,,,,,,,,,,,,,,,,,,,,,,,,,,,1,3.31179913689579,117.22880362777742,3.948149731308222,3,256000,0.51,241.26,,,,,,,,,,,,,
,,,,,,,,,,,,,,,,,,,,,,,,,,,,,,,,,,,,,,,,,3,256000,,,0.78,0.78,0,0.27,0,0,0,145.8,0.51,0,0.0,0.78,6.0
0.5636546636621157,213.42,1244160,1,6,3.9746203422546387,366,0,1567,0,3,,,,,,,,,,,1,3,10,3e-05,9,0.0046,360,256000,,,,,,,,,,,,,,,,,,,,,,,,,,,,,
0.5468078106641769,214.69,1249280,2,6,3.982501268386841,372,6,241,6,42,0.0013406345,0.07841796875,1.743157464277465,-0.6585261696949601,-0.001113551175512839,1931,0.48770302534103394,3e-05,0.08,0.47548699378967285,,,,,,,,,,,,,,,,,,,,,,,,,,,,,,,,,,,,,
0.5468078106641769,207.98,1254400,3,6,4.210071563720703,372,0,176,0,87,0.0018232878,0.1343017578125,1.8083441561786457,-0.6394786538556219,0.001179499164572917,1939,0.37372255325317383,3e-05,0.08,0.35093390941619873,,,,,,,,,,,,,,,,,,,,,,,,,,,,,,,,,,,,,
0.5468078106641769,206.24,1259520,4,6,4.214310169219971,372,0,158,0,128,0.0022142923,0.0977294921875,1.908657198783476,-0.649155699275434,-0.0007173980789957568,1947,0.31961774826049805,3e-05,0.08,4.077168941497803,,,,,,,,,,,,,,,,,,,,,,,,,,,,,,,,,,,,,
0.5468078106641769,204.6,1264640,5,6,4.194090366363525,372,0,153,0,166,0.0016017733,0.112353515625,1.4412328066537157,-0.6365741141140461,0.0005315311369486153,1955,0.45096904039382935,3e-05,0.08,0.15215907990932465,,,,,,,,,,,,,,,,,,,,,,,,,,,,,,,,,,,,,
0.5468078106641769,,,,6,,372,0,,,,0.0019825245,0.0967529296875,1.7539359925314784,-0.6566495284438133,0.00014055781648494303,1963,0.3297266960144043,3e-05,0.08,0.392694890499115,,,,,,,,,0.9401453137397766,61.833333333333336,0.012156002320467856,1925,0.6333550347222222,125,0.0038077100489794136,0.06493506493506493,,,,,,,,,,,,,,,,,,,,,
,,,,,,,,,,,,,,,,,,,,,,,,,,,,,,,,,,,,,0,2.5792275627779735,74.8141537411204,4.388173430413008,3,281600,0.91,195.68,,,,,,,,,,,,,
,,,,,,,,,,,,,,,,,,,,,,,,,,,,,,,,,,,,,1,3.5558546052064512,116.66632933284565,4.2585018070042135,3,281600,0.58,223.74,,,,,,,,,,,,,
,,,,,,,,,,,,,,,,,,,,,,,,,,,,,,,,,,,,,,,,,3,281600,,,0.91,0.91,0,0.33000000000000007,0,0,0,145.8,0.58,0,0.0,0.91,6.0
0.5529807160298029,214.19,1269760,1,6,3.7369089126586914,378,6,1504,6,3,,,,,,,,,,,1,3,10,3e-05,9,0.0047,360,281600,,,,,,,,,,,,,,,,,,,,,,,,,,,,,
0.5529807160298029,213.38,1274880,2,6,3.7727746963500977,378,0,248,0,41,0.001282059,0.1135498046875,1.7014397926337552,-0.6392764990217984,-0.0005158871193998493,1971,0.4113588333129883,3e-05,0.08,1.7752665281295776,,,,,,,,,,,,,,,,,,,,,,,,,,,,,,,,,,,,,
0.5529807160298029,211.96,1280000,3,6,3.861727237701416,378,0,197,0,77,0.001703565,0.118310546875,1.8056121172267012,-0.6638979595154524,0.0006312381083262153,1979,0.43594253063201904,3e-05,0.08,2.0093026161193848,,,,,,,,,,,,,,,,,,,,,,,,,,,,,,,,,,,,,
0.5529807160298029,216.32,1285120,4,6,3.7513396739959717,378,0,174,0,117,0.0019032691,0.10654296875,2.256715967855416,-0.6538686045445502,0.0008096882098470815,1987,0.4285892844200134,3e-05,0.08,0.98311448097229,,,,,,,,,,,,,,,,,,,,,,,,,,,,,,,,,,,,,
0.5574980626503626,206.71,1290240,5,6,4.245083808898926,384,6,163,6,156,0.0023406588,0.145654296875,1.8029002265422605,-0.6405101286247372,0.0013179917761590332,1995,0.44437456130981445,3e-05,0.08,0.8379272222518921,,,,,,,,,,,,,,,,,,,,,,,,,,,,,,,,,,,,,
0.5574980626503626,,,,6,,384,6,,,,0.0014115918,0.08564453125,2.2711025641066955,-0.6279640654101968,-0.00047705268225399776,2003,0.3684276342391968,3e-05,0.08,0.19909171760082245,,,,,,,,,0.9374299049377441,61.166666666666664,0.012119228664980065,1925,0.6307508680555555,121,0.003814268244537439,0.06285714285714286,,,,,,,,,,,,,,,,,,,,,
,,,,,,,,,,,,,,,,,,,,,,,,,,,,,,,,,,,,,0,2.6393137336405323,74.10412876486707,4.431732418164611,3,307200,0.92,193.09,,,,,,,,,,,,,
,,,,,,,,,,,,,,,,,,,,,,,,,,,,,,,,,,,,,1,3.3125228603979364,116.72390115139228,4.522469129264355,3,307200,0.6,219.03,,,,,,,,,,,,,
,,,,,,,,,,,,,,,,,,,,,,,,,,,,,,,,,,,,,,,,,3,307200,,,0.92,0.92,0,0.32000000000000006,0,0,0,145.8,0.6,0,0.0,0.92,6.0
0.5574980626503626,202.91,1295360,1,6,4.374266624450684,384,0,1545,0,3,,,,,,,,,,,1,3,10,3e-05,9,0.0048000000000000004,360,307200,,,,,,,,,,,,,,,,,,,,,,,,,,,,,
0.5574980626503626,202.38,1300480,2,6,4.19394588470459,384,0,230,0,44,0.0032116496,0.125927734375,1.7886757832486182,-0.6259260512888432,0.00244304126536008,2011,0.53277587890625,3e-05,0.08,1.5561137199401855,,,,,,,,,,,,,,,,,,,,,,,,,,,,,,,,,,,,,
0.5574980626503626,202.66,1305600,3,6,4.2766828536987305,384,0,187,0,82,0.0010793695,0.0891845703125,1.899832072138088,-0.6095557182095945,0.0005796614437713288,2019,0.5999453067779541,3e-05,0.08,2.451748847961426,,,,,,,,,,,,,,,,,,,,,,,,,,,,,,,,,,,,,
0.5457732081413269,213.21,1310720,4,6,3.8420498371124268,390,6,167,6,121,0.003855187,0.144287109375,2.1492867237422617,-0.6018667736090719,0.0026689187085139564,2027,0.4332599639892578,3e-05,0.08,0.347650945186615,,,,,,,,,,,,,,,,,,,,,,,,,,,,,,,,,,,,,
0.5457732081413269,211.68,1315840,5,6,3.852085828781128,390,0,159,0,160,0.0017377663,0.1113525390625,1.8241999311256223,-0.6267832015641034,0.0005117729568155482,2035,0.46712368726730347,3e-05,0.08,2.5866520404815674,,,,,,,,,,,,,,,,,,,,,,,,,,,,,,,,,,,,,
0.5457732081413269,,,,6,,390,0,,,,0.001351929,0.1029052734375,2.3116654532495886,-0.6315328596159816,-1.0218423267360776e-05,2043,0.3875514268875122,3e-05,0.08,1.6325422525405884,,,,,,,,,0.9385123252868652,60.583333333333336,0.012014115484729191,1925,0.6284722222222222,73,0.0037589162411432245,0.03792207792207792,,,,,,,,,,,,,,,,,,,,,
,,,,,,,,,,,,,,,,,,,,,,,,,,,,,,,,,,,,,0,2.6397648968889644,80.0346643648863,4.13558562412858,3,332800,0.87,205.65,,,,,,,,,,,,,
,,,,,,,,,,,,,,,,,,,,,,,,,,,,,,,,,,,,,1,3.639029971387883,120.31137061807583,4.1317749163508415,3,332800,0.54,230.79,,,,,,,,,,,,,
,,,,,,,,,,,,,,,,,,,,,,,,,,,,,,,,,,,,,,,,,3,332800,,,0.87,0.87,0,0.32999999999999996,0,0,0,145.8,0.54,0,0.0,0.87,6.0
0.5457732081413269,207.26,1320960,1,6,4.078763961791992,390,0,1544,0,3,,,,,,,,,,,1,3,10,3e-05,9,0.0049,360,332800,,,,,,,,,,,,,,,,,,,,,,,,,,,,,
0.5457732081413269,214.72,1326080,2,6,3.880697250366211,390,0,227,0,44,0.0010131301,0.07431640625,1.7091827061260119,-0.6362494235858321,-0.0006869818287668749,2051,0.514689564704895,3e-05,0.08,0.2739608883857727,,,,,,,,,,,,,,,,,,,,,,,,,,,,,,,,,,,,,
0.5083885168035825,205.06,1331200,3,6,4.187544345855713,396,6,188,6,81,0.0011185871,0.081103515625,1.6221205559384544,-0.6245167700573802,8.909901953302324e-06,2059,0.5980615615844727,3e-05,0.08,3.2238471508026123,,,,,,,,,,,,,,,,,,,,,,,,,,,,,,,,,,,,,
0.5083885168035825,210.31,1336320,4,6,3.993412733078003,396,0,170,0,120,0.0015672252,0.0882080078125,1.9667710467008874,-0.6280148935504257,0.00022653144551441074,2067,0.34182900190353394,3e-05,0.08,2.4770617485046387,,,,,,,,,,,,,,,,,,,,,,,,,,,,,,,,,,,,,
0.5083885168035825,210.18,1341440,5,6,4.010300159454346,396,0,156,0,163,0.002305593,0.0936767578125,2.3533205375308173,-0.6412525112740696,0.00023736772127449512,2075,0.33744150400161743,3e-05,0.08,0.6425875425338745,,,,,,,,,,,,,,,,,,,,,,,,,,,,,,,,,,,,,
0.5083885168035825,,,,6,,396,0,,,,0.0024868334,0.1281494140625,1.5734030280960725,-0.6611533261835575,-0.00011455117346486077,2083,0.44986844062805176,3e-05,0.08,0.08089107275009155,,,,,,,,,0.9387199878692627,59.75,0.01194106882848856,1925,0.6252170138888888,78,0.003710536700044455,0.04051948051948052,,,,,,,,,,,,,,,,,,,,,
,,,,,,,,,,,,,,,,,,,,,,,,,,,,,,,,,,,,,0,3.012295956849744,80.53424799425399,4.310715269744396,3,358400,0.91,195.57,,,,,,,,,,,,,
,,,,,,,,,,,,,,,,,,,,,,,,,,,,,,,,,,,,,1,3.317781930548632,118.54673129192554,4.175336991921068,3,358400,0.54,232.55,,,,,,,,,,,,,
,,,,,,,,,,,,,,,,,,,,,,,,,,,,,,,,,,,,,,,,,3,358400,,,0.91,0.91,0,0.37,0,0,0,145.8,0.54,0,0.0,0.91,6.0
0.5352115780115128,203.82,1346560,1,6,4.153172492980957,402,6,1541,6,3,,,,,,,,,,,1,3,10,3e-05,9,0.005,360,358400,,,,,,,,,,,,,,,,,,,,,,,,,,,,,
0.5352115780115128,199.17,1351680,2,6,4.227743625640869,402,0,227,0,45,0.0017359818,0.1359619140625,1.4301879201782868,-0.6381421593949199,0.002838790655368939,2091,0.43373239040374756,3e-05,0.08,0.17801766097545624,,,,,,,,,,,,,,,,,,,,,,,,,,,,,,,,,,,,,
0.5352115780115128,191.0,1356800,3,6,4.537186622619629,402,0,176,0,86,0.0016610797,0.096533203125,1.4236357332905754,-0.6363035723567009,-0.00010794930276460945,2099,0.5498021245002747,3e-05,0.08,0.5206877589225769,,,,,,,,,,,,,,,,,,,,,,,,,,,,,,,,,,,,,
0.5352115780115128,191.06,1361920,4,6,4.564946174621582,402,0,155,0,131,0.0016292926,0.1245361328125,1.486926833819598,-0.6253676936961711,0.0005723423295421526,2107,0.44205814599990845,3e-05,0.08,0.7512441873550415,,,,,,,,,,,,,,,,,,,,,,,,,,,,,,,,,,,,,
0.6589860767126083,186.65,1367040,5,6,4.738255023956299,408,6,145,6,175,0.0013512087,0.1058837890625,1.2780724186100998,-0.6211375541985035,0.00031713858770672233,2115,0.475358247756958,3e-05,0.08,0.7300108075141907,,,,,,,,,,,,,,,,,,,,,,,,,,,,,,,,,,,,,
0.6589860767126083,,,,6,,408,6,,,,0.0015920151,0.126953125,1.4302507890097331,-0.6058756005018949,0.0011030520501662977,2123,0.574288010597229,3e-05,0.08,0.4048174321651459,,,,,,,,,0.9383004903793335,59.166666666666664,0.011920674458181851,1925,0.6229383680555555,75,0.0037274564553838848,0.03896103896103896,,,,,,,,,,,,,,,,,,,,,
,,,,,,,,,,,,,,,,,,,,,,,,,,,,,,,,,,,,,0,2.5907344041412004,83.22625787574496,4.498733328278177,3,384000,0.85,199.1,,,,,,,,,,,,,
,,,,,,,,,,,,,,,,,,,,,,,,,,,,,,,,,,,,,1,3.7910622925785074,118.87046563381503,4.116198151223362,3,384000,0.57,224.18,,,,,,,,,,,,,
,,,,,,,,,,,,,,,,,,,,,,,,,,,,,,,,,,,,,,,,,3,384000,,,0.85,0.85,0,0.28,0,0,0,145.8,0.57,0,0.0,0.85,6.0
0.6589860767126083,188.44,1372160,1,6,4.718906402587891,408,0,1551,0,3,,,,,,,,,,,1,3,10,3e-05,9,0.0051,360,384000,,,,,,,,,,,,,,,,,,,,,,,,,,,,,
0.6589860767126083,194.3,1377280,2,6,4.503414154052734,408,0,236,0,43,0.0015020701,0.0908447265625,1.2663797103916294,-0.6361336870118975,0.0005768185743363574,2131,0.5741507411003113,3e-05,0.08,1.1029809713363647,,,,,,,,,,,,,,,,,,,,,,,,,,,,,,,,,,,,,
0.6589860767126083,202.61,1382400,3,6,4.319902420043945,408,0,183,0,83,0.0010326996,0.125341796875,1.8409041559905746,-0.6510702528990805,0.0014853286513243802,2139,0.6345597505569458,3e-05,0.08,0.14924383163452148,,,,,,,,,,,,,,,,,,,,,,,,,,,,,,,,,,,,,
0.6057176478207111,206.82,1387520,4,6,4.166830539703369,414,6,165,6,123,0.0015703987,0.1237060546875,1.8181337417801842,-0.6361741301603615,0.0014758410514332354,2147,0.5494454503059387,3e-05,0.08,0.40675926208496094,,,,,,,,,,,,,,,,,,,,,,,,,,,,,,,,,,,,,
0.6057176478207111,203.16,1392640,5,6,4.283950328826904,414,0,157,0,162,0.0015576005,0.07431640625,1.6858985411701723,-0.6345631527714432,-0.0003654895903309807,2155,0.4198540449142456,3e-05,0.08,1.1338284015655518,,,,,,,,,,,,,,,,,,,,,,,,,,,,,,,,,,,,,
0.6057176478207111,,,,6,,414,0,,,,0.0015047215,0.10419921875,2.264978908398189,-0.6581654596142471,-0.00023452741879737005,2163,0.29458141326904297,3e-05,0.08,0.7131636738777161,,,,,,,,,0.9396585822105408,58.5,0.011789818021055285,1925,0.6203342013888888,80,0.0036353567724175476,0.04155844155844156,,,,,,,,,,,,,,,,,,,,,
,,,,,,,,,,,,,,,,,,,,,,,,,,,,,,,,,,,,,0,2.3316263191541076,71.64069444107867,4.377747442815453,3,409600,0.9,196.97,,,,,,,,,,,,,
,,,,,,,,,,,,,,,,,,,,,,,,,,,,,,,,,,,,,1,3.542785705048098,119.49120260504537,4.61695250954479,3,409600,0.6,214.65,,,,,,,,,,,,,
,,,,,,,,,,,,,,,,,,,,,,,,,,,,,,,,,,,,,,,,,3,409600,,,0.9,0.9,0,0.30000000000000004,0,0,0,145.8,0.6,0,0.0,0.9,6.0
0.6057176478207111,199.52,1397760,1,6,4.393814563751221,414,0,1546,0,3,,,,,,,,,,,1,3,10,3e-05,9,0.005200000000000001,360,409600,,,,,,,,,,,,,,,,,,,,,,,,,,,,,
0.6057176478207111,199.92,1402880,2,6,4.322781562805176,414,0,230,0,44,0.002430794,0.11455078125,2.1798880547750743,-0.6400466787628829,0.00012252825690666213,2171,0.42615729570388794,3e-05,0.08,0.8874309062957764,,,,,,,,,,,,,,,,,,,,,,,,,,,,,,,,,,,,,
0.6483462229371071,201.97,1408000,3,6,4.177745342254639,420,6,186,6,82,0.0013866778,0.0986572265625,1.3602182424627245,-0.6217398402281106,0.0005161232576938346,2179,0.6233135461807251,3e-05,0.08,0.4354887306690216,,,,,,,,,,,,,,,,,,,,,,,,,,,,,,,,,,,,,
0.6483462229371071,207.82,1413120,4,6,4.01227331161499,420,0,171,0,119,0.0014209796,0.0983642578125,1.6336889741010965,-0.625396528467536,0.0003921778217772953,2187,0.6161950826644897,3e-05,0.08,0.8007916212081909,,,,,,,,,,,,,,,,,,,,,,,,,,,,,,,,,,,,,
0.6483462229371071,211.63,1418240,5,6,3.976100444793701,420,0,154,0,165,0.0015692165,0.104052734375,1.8876287962659262,-0.6406046254560351,2.4196387676056476e-05,2195,0.48935025930404663,3e-05,0.08,0.2526171803474426,,,,,,,,,,,,,,,,,,,,,,,,,,,,,,,,,,,,,
0.6483462229371071,,,,6,,420,0,,,,0.0011851552,0.0668212890625,1.3964198909350671,-0.6158348423428833,-0.0010047025425592437,2203,0.6596170663833618,3e-05,0.08,0.5995228290557861,,,,,,,,,0.9354568123817444,57.833333333333336,0.011744144048894605,1925,0.6177300347222222,82,0.00364689098114313,0.0425974025974026,,,,,,,,,,,,,,,,,,,,,
,,,,,,,,,,,,,,,,,,,,,,,,,,,,,,,,,,,,,0,2.8355682372646602,73.76115169925156,4.741431656330824,3,435200,0.95,183.45,,,,,,,,,,,,,
,,,,,,,,,,,,,,,,,,,,,,,,,,,,,,,,,,,,,1,4.2496805026219535,116.64204044854496,4.113553779087961,3,435200,0.6,218.12,,,,,,,,,,,,,
,,,,,,,,,,,,,,,,,,,,,,,,,,,,,,,,,,,,,,,,,3,435200,,,0.95,0.95,0,0.35,1,0,0,145.8,0.6,0,0.0,0.95,6.0
0.6483462229371071,204.97,1423360,1,6,4.1774067878723145,420,0,1532,0,3,,,,,,,,,,,1,3,10,3e-05,9,0.005300000000000001,360,435200,,,,,,,,,,,,,,,,,,,,,,,,,,,,,
0.6898572643597921,197.16,1428480,2,6,4.546402931213379,426,6,238,6,42,0.0011319788,0.088525390625,1.4500158548355102,-0.6242601697333157,4.233957879478112e-05,2211,0.6628354787826538,3e-05,0.08,0.06318657100200653,,,,,,,,,,,,,,,,,,,,,,,,,,,,,,,,,,,,,
0.6898572643597921,200.6,1433600,3,6,4.379244804382324,426,0,179,0,85,0.0017115136,0.0982177734375,1.5934413275681436,-0.6310834625735879,0.00041407699463889,2219,0.6442502737045288,3e-05,0.08,0.7556735277175903,,,,,,,,,,,,,,,,,,,,,,,,,,,,,,,,,,,,,
0.6898572643597921,197.55,1438720,4,6,4.426136493682861,426,0,160,0,127,0.0010354451,0.0801513671875,1.7876230897381902,-0.6460284086875617,-0.0002879430976463482,2227,0.6809843182563782,3e-05,0.08,1.3044157028198242,,,,,,,,,,,,,,,,,,,,,,,,,,,,,,,,,,,,,
0.6898572643597921,197.29,1443840,5,6,4.466303825378418,426,0,151,0,168,0.0016802249,0.105712890625,2.1344936758629047,-0.6293175528757274,-0.00021574248530669137,2235,0.5928055047988892,3e-05,0.08,0.7242023944854736,,,,,,,,,,,,,,,,,,,,,,,,,,,,,,,,,,,,,
0.6898572643597921,,,,6,,426,0,,,,0.0016822473,0.0959228515625,1.4791296089300885,-0.6219282666221261,4.668871406465769e-06,2243,0.6984199285507202,3e-05,0.08,0.3855609595775604,,,,,,,,,0.9338105320930481,57.333333333333336,0.01168001553801706,1925,0.6157769097222222,86,0.0036165266840368225,0.044675324675324674,,,,,,,,,,,,,,,,,,,,,
,,,,,,,,,,,,,,,,,,,,,,,,,,,,,,,,,,,,,0,2.5034619358787586,76.23512248301304,4.78928609133698,3,460800,0.89,186.81,,,,,,,,,,,,,
,,,,,,,,,,,,,,,,,,,,,,,,,,,,,,,,,,,,,1,3.2734885706887367,116.19349164217418,5.092150954902172,3,460800,0.66,199.35,,,,,,,,,,,,,
,,,,,,,,,,,,,,,,,,,,,,,,,,,,,,,,,,,,,,,,,3,460800,,,0.89,0.89,0,0.22999999999999998,0,0,0,145.8,0.66,0,0.0,0.89,6.0
0.7206951354940733,189.61,1448960,1,6,4.769262313842773,432,6,1488,6,3,,,,,,,,,,,1,3,10,3e-05,9,0.0054,360,460800,,,,,,,,,,,,,,,,,,,,,,,,,,,,,
0.7206951354940733,196.23,1454080,2,6,4.52656364440918,432,0,215,0,47,0.0012727033,0.0883544921875,2.1908060658490287,-0.6205607787705958,-0.0006872921367175877,2251,0.6298656463623047,3e-05,0.08,0.25338828563690186,,,,,,,,,,,,,,,,,,,,,,,,,,,,,,,,,,,,,
0.7206951354940733,189.28,1459200,3,6,4.707251071929932,432,0,173,0,88,0.00088729535,0.089404296875,1.293175363354385,-0.621544883493334,-0.00040426981358905324,2259,0.7138975858688354,3e-05,0.08,0.23383739590644836,,,,,,,,,,,,,,,,,,,,,,,,,,,,,,,,,,,,,
0.7206951354940733,188.96,1464320,4,6,4.641042709350586,432,0,151,0,134,0.0012260333,0.0669921875,1.1929632596671582,-0.623403343744576,6.51368114631623e-05,2267,0.6898452043533325,3e-05,0.08,0.46841350197792053,,,,,,,,,,,,,,,,,,,,,,,,,,,,,,,,,,,,,
0.8079853728413582,188.41,1469440,5,6,4.637960433959961,438,6,143,6,178,0.001423633,0.08896484375,1.2649383265990763,-0.6367197987623513,9.152827842626721e-05,2275,0.7144122123718262,3e-05,0.08,1.568445086479187,,,,,,,,,,,,,,,,,,,,,,,,,,,,,,,,,,,,,
0.8079853728413582,,,,6,,438,6,,,,0.0016326591,0.10244140625,1.2078101044520735,-0.6018189689144492,-0.0005438536609290168,2283,0.7820901870727539,3e-05,0.08,0.459998220205307,,,,,,,,,0.9312727451324463,56.75,0.011666583494078491,1925,0.6129557291666666,108,0.0036644567063981196,0.05610389610389611,,,,,,,,,,,,,,,,,,,,,
,,,,,,,,,,,,,,,,,,,,,,,,,,,,,,,,,,,,,0,2.7136827295835038,72.56248273040276,4.513458945513703,3,486400,0.94,189.69,,,,,,,,,,,,,
,,,,,,,,,,,,,,,,,,,,,,,,,,,,,,,,,,,,,1,3.23488832812599,120.56850791147745,4.434052322208881,3,486400,0.55,227.57,,,,,,,,,,,,,
,,,,,,,,,,,,,,,,,,,,,,,,,,,,,,,,,,,,,,,,,3,486400,,,0.94,0.94,0,0.3899999999999999,1,0,0,145.8,0.55,0,0.0,0.94,6.0
0.8079853728413582,188.27,1474560,1,6,4.638075828552246,438,0,2000,0,2,,,,,,,,,,,1,3,10,3e-05,9,0.0055000000000000005,360,486400,,,,,,,,,,,,,,,,,,,,,,,,,,,,,
0.8079853728413582,189.54,1479680,2,6,4.57029390335083,438,0,226,0,45,0.0017767322,0.0900390625,1.4535735893761739,-0.6157932700589299,-2.2106568212620915e-05,2291,0.8042855262756348,3e-05,0.08,1.2038025856018066,,,,,,,,,,,,,,,,,,,,,,,,,,,,,,,,,,,,,
0.8079853728413582,191.99,1484800,3,6,4.619711399078369,438,0,181,0,84,0.003110563,0.1278564453125,1.2395777429686858,-0.629064274393022,0.001352443645009771,2299,0.82716965675354,3e-05,0.08,0.3612001836299896,,,,,,,,,,,,,,,,,,,,,,,,,,,,,,,,,,,,,
0.8547710354129473,192.8,1489920,4,6,4.5437092781066895,444,6,168,6,121,0.0014988186,0.118408203125,2.131986078619957,-0.6095674669370055,0.0016295086665195414,2307,0.8343576192855835,3e-05,0.08,0.7380596995353699,,,,,,,,,,,,,,,,,,,,,,,,,,,,,,,,,,,,,
0.8547710354129473,196.18,1495040,5,6,4.628653049468994,444,0,155,0,164,0.001335922,0.0859375,1.9393975096638314,-0.6123607040382921,-0.000531396885344293,2315,0.8286532759666443,3e-05,0.08,0.34816744923591614,,,,,,,,,,,,,,,,,,,,,,,,,,,,,,,,,,,,,
0.8547710354129473,,,,6,,444,0,,,,0.0012029943,0.0754150390625,2.343628419516608,-0.6120746661908925,-0.0002660144367837347,2323,0.8345103859901428,3e-05,0.08,3.630265235900879,,,,,,,,,0.930374264717102,56.25,0.011601680951612334,1925,0.6110026041666666,125,0.0036291534818168394,0.06493506493506493,,,,,,,,,,,,,,,,,,,,,
,,,,,,,,,,,,,,,,,,,,,,,,,,,,,,,,,,,,,0,2.390425790590894,81.23287511839034,4.901647944748402,3,512000,0.86,189.2,,,,,,,,,,,,,
,,,,,,,,,,,,,,,,,,,,,,,,,,,,,,,,,,,,,1,3.197845967341468,116.94377238656192,4.88525496006012,3,512000,0.63,208.21,,,,,,,,,,,,,
,,,,,,,,,,,,,,,,,,,,,,,,,,,,,,,,,,,,,,,,,3,512000,,,0.86,0.86,0,0.22999999999999998,0,0,0,145.8,0.63,0,0.0,0.86,6.0
0.8547710354129473,195.53,1500160,1,6,4.76120662689209,444,0,1555,0,3,,,,,,,,,,,1,3,10,3e-05,9,0.005600000000000001,360,512000,,,,,,,,,,,,,,,,,,,,,,,,,,,,,
0.8547710354129473,197.96,1505280,2,6,4.624109268188477,444,0,235,0,43,0.0010028003,0.0898681640625,1.940792829275597,-0.6051513029262423,1.6785625484772025e-05,2331,0.8067846298217773,3e-05,0.08,1.8868919610977173,,,,,,,,,,,,,,,,,,,,,,,,,,,,,,,,,,,,,
0.7410260165731112,193.84,1510400,3,6,4.685855865478516,450,6,181,6,84,0.0012981878,0.1028076171875,1.7188563035335391,-0.6153512115590274,-0.0001658598572248593,2339,0.7687926292419434,3e-05,0.08,2.455202341079712,,,,,,,,,,,,,,,,,,,,,,,,,,,,,,,,,,,,,
0.7410260165731112,198.74,1515520,4,6,4.377838611602783,450,0,163,0,125,0.002101201,0.103076171875,1.6209162433049642,-0.6412912400439381,0.0008830764127196744,2347,0.7878358960151672,3e-05,0.08,0.16598568856716156,,,,,,,,,,,,,,,,,,,,,,,,,,,,,,,,,,,,,
0.7410260165731112,201.14,1520640,5,6,4.2060441970825195,450,0,155,0,164,0.0011274749,0.0927734375,1.6318953280104325,-0.647151836939156,0.0007871570691349916,2355,0.7928448915481567,3e-05,0.08,1.0596891641616821,,,,,,,,,,,,,,,,,,,,,,,,,,,,,,,,,,,,,
0.7410260165731112,,,,6,,450,0,,,,0.0011663435,0.072802734375,1.8601806349353864,-0.6176926124840975,9.807834285311401e-05,2363,0.7273598909378052,3e-05,0.08,2.103482961654663,,,,,,,,,0.9273715019226074,55.916666666666664,0.011467681717444084,1925,0.6097005208333334,139,0.003507077055937568,0.0722077922077922,,,,,,,,,,,,,,,,,,,,,
,,,,,,,,,,,,,,,,,,,,,,,,,,,,,,,,,,,,,0,2.3007063211305705,74.42925231385843,4.8170633134990934,3,537600,0.89,187.92,,,,,,,,,,,,,
,,,,,,,,,,,,,,,,,,,,,,,,,,,,,,,,,,,,,1,3.7581457627218025,115.99848102453757,4.479269345998764,3,537600,0.62,212.82,,,,,,,,,,,,,
,,,,,,,,,,,,,,,,,,,,,,,,,,,,,,,,,,,,,,,,,3,537600,,,0.89,0.89,0,0.27,0,0,0,145.8,0.62,0,0.0,0.89,6.0
0.7410260165731112,204.3,1525760,1,6,4.0282368659973145,450,0,1534,0,3,,,,,,,,,,,1,3,10,3e-05,9,0.0057,360,537600,,,,,,,,,,,,,,,,,,,,,,,,,,,,,
0.6276111553112665,202.19,1530880,2,6,4.190412998199463,456,6,219,6,46,0.0015382518,0.104833984375,2.3695558521896602,-0.6346922650933265,-5.1053185597993436e-05,2371,0.6762944459915161,3e-05,0.08,2.6445209980010986,,,,,,,,,,,,,,,,,,,,,,,,,,,,,,,,,,,,,
0.6276111553112665,190.93,1536000,3,6,4.582830905914307,456,0,178,0,86,0.0012782805,0.071630859375,1.9814392585773022,-0.6132270362228155,-0.00041283589089289305,2379,0.3419310450553894,3e-05,0.08,1.6649775505065918,,,,,,,,,,,,,,,,,,,,,,,,,,,,,,,,,,,,,
0.6276111553112665,178.73,1541120,4,6,5.02418327331543,456,0,160,0,127,0.0015955511,0.0834228515625,1.5732550757820718,-0.6337195059284568,-0.000451245583826676,2387,0.30746597051620483,3e-05,0.08,2.9677999019622803,,,,,,,,,,,,,,,,,,,,,,,,,,,,,,,,,,,,,
0.6276111553112665,178.86,1546240,5,6,5.100193977355957,456,0,151,0,169,0.0011675418,0.1150634765625,1.3008531244471668,-0.651418568007648,0.00010382075124653057,2395,0.5011745095252991,3e-05,0.08,0.19348320364952087,,,,,,,,,,,,,,,,,,,,,,,,,,,,,,,,,,,,,
0.6276111553112665,,,,6,,456,0,,,,0.0008796418,0.08759765625,0.9869732818566262,-0.6308701583184302,-0.0005397548855398781,2403,0.7398251295089722,3e-05,0.08,0.3051501512527466,,,,,,,,,0.9241266250610352,55.666666666666664,0.011459724004361425,1925,0.6087239583333334,115,0.003575021931229962,0.05974025974025974,,,,,,,,,,,,,,,,,,,,,
,,,,,,,,,,,,,,,,,,,,,,,,,,,,,,,,,,,,,0,2.131901931559609,65.449469822146,5.080553246736526,3,563200,0.93,178.63,,,,,,,,,,,,,
,,,,,,,,,,,,,,,,,,,,,,,,,,,,,,,,,,,,,1,4.052286055261528,115.42658099415404,4.4619789420068265,3,563200,0.63,210.38,,,,,,,,,,,,,
,,,,,,,,,,,,,,,,,,,,,,,,,,,,,,,,,,,,,,,,,3,563200,,,0.93,0.93,0,0.30000000000000004,0,0,0,145.8,0.63,0,0.0,0.93,6.0
0.8045765161514282,177.49,1551360,1,6,5.113513946533203,462,6,1848,6,2,,,,,,,,,,,1,3,10,3e-05,9,0.0058000000000000005,360,563200,,,,,,,,,,,,,,,,,,,,,,,,,,,,,
0.8045765161514282,181.49,1556480,2,6,4.968461990356445,462,0,235,0,43,0.0014192715,0.0813232421875,1.476953300466994,-0.6267884180881083,1.0194038623012601e-06,2411,0.7337507009506226,3e-05,0.08,0.3331148028373718,,,,,,,,,,,,,,,,,,,,,,,,,,,,,,,,,,,,,
0.8045765161514282,186.09,1561600,3,6,4.8119587898254395,462,0,180,0,84,0.0012627682,0.0818115234375,1.0751102771260777,-0.626383987814188,-0.0009208182702423074,2419,0.7186042070388794,3e-05,0.08,0.014182299375534058,,,,,,,,,,,,,,,,,,,,,,,,,,,,,,,,,,,,,
0.8169787675142288,180.71,1566720,4,6,4.936209678649902,468,6,171,6,119,0.0014923231,0.09970703125,1.262897093151696,-0.6028368609026075,0.0003925098237232305,2427,0.7505637407302856,3e-05,0.08,0.15505605936050415,,,,,,,,,,,,,,,,,,,,,,,,,,,,,,,,,,,,,
0.8169787675142288,183.79,1571840,5,6,4.847304344177246,468,0,159,0,160,0.0018700268,0.0952880859375,1.9686281407950446,-0.6419982290826738,8.0106157111004e-05,2435,0.7742127180099487,3e-05,0.08,0.053631652146577835,,,,,,,,,,,,,,,,,,,,,,,,,,,,,,,,,,,,,
0.8169787675142288,,,,6,,468,0,,,,0.002182645,0.124755859375,1.4473588144290261,-0.6323428213596344,0.0013501993249519727,2443,0.7949995398521423,3e-05,0.08,0.5738950967788696,,,,,,,,,0.9218114614486694,55.333333333333336,0.011422300292839669,1925,0.607421875,144,0.003557902314327035,0.0748051948051948,,,,,,,,,,,,,,,,,,,,,
,,,,,,,,,,,,,,,,,,,,,,,,,,,,,,,,,,,,,0,2.390412894552407,75.25218667919225,4.759259026944637,3,588800,0.89,188.78,,,,,,,,,,,,,
,,,,,,,,,,,,,,,,,,,,,,,,,,,,,,,,,,,,,1,3.106290492673577,113.76375345425272,5.022304340545088,3,588800,0.66,202.78,,,,,,,,,,,,,
,,,,,,,,,,,,,,,,,,,,,,,,,,,,,,,,,,,,,,,,,3,588800,,,0.89,0.89,0,0.22999999999999998,0,0,0,145.8,0.66,0,0.0,0.89,6.0
0.8169787675142288,185.07,1576960,1,6,4.8537678718566895,468,0,2062,0,2,,,,,,,,,,,1,3,10,3e-05,9,0.005900000000000001,360,588800,,,,,,,,,,,,,,,,,,,,,,,,,,,,,
0.8169787675142288,178.13,1582080,2,6,5.017663478851318,468,0,246,0,41,0.0013858734,0.0989013671875,1.4978688075207174,-0.6193376041948795,-0.0001197017845697701,2451,0.7859848141670227,3e-05,0.08,1.3245134353637695,,,,,,,,,,,,,,,,,,,,,,,,,,,,,,,,,,,,,
0.8448419372240702,173.4,1587200,3,6,5.190157890319824,474,6,184,6,83,0.0011951642,0.0696533203125,1.7821656833635644,-0.6060164422728122,-0.0012611604382982478,2459,0.5405177474021912,3e-05,0.08,0.09148392826318741,,,,,,,,,,,,,,,,,,,,,,,,,,,,,,,,,,,,,
0.8448419372240702,181.35,1592320,4,6,5.060358047485352,474,0,166,0,122,0.0009421438,0.083544921875,1.3927144575631245,-0.6011611802503467,0.0002844861461198889,2467,0.7382290363311768,3e-05,0.08,0.16852901875972748,,,,,,,,,,,,,,,,,,,,,,,,,,,,,,,,,,,,,
0.8448419372240702,180.91,1597440,5,6,5.040395736694336,474,0,161,0,158,0.0013180462,0.0760498046875,1.2007879754761235,-0.5999602539464831,0.00017102756246458739,2475,0.8087133765220642,3e-05,0.08,0.7518148422241211,,,,,,,,,,,,,,,,,,,,,,,,,,,,,,,,,,,,,
0.8448419372240702,,,,6,,474,0,,,,0.0015769362,0.0936767578125,1.3001565875601955,-0.605630605109036,-0.00036808529403060676,2483,0.778383731842041,3e-05,0.08,0.03341402858495712,,,,,,,,,0.9218772649765015,54.916666666666664,0.01136319445802555,1925,0.6057942708333334,145,0.0035450565213592734,0.07532467532467532,,,,,,,,,,,,,,,,,,,,,
,,,,,,,,,,,,,,,,,,,,,,,,,,,,,,,,,,,,,0,1.9276907117758164,58.52850502105791,5.534930868372321,3,614400,0.95,165.79,,,,,,,,,,,,,
,,,,,,,,,,,,,,,,,,,,,,,,,,,,,,,,,,,,,1,3.7660524884311433,117.26042128527425,4.43955701828003,3,614400,0.6,217.44,,,,,,,,,,,,,
,,,,,,,,,,,,,,,,,,,,,,,,,,,,,,,,,,,,,,,,,3,614400,,,0.95,0.95,0,0.35,1,0,0,145.8,0.6,0,0.0,0.95,6.0
0.8448419372240702,187.22,1602560,1,6,4.830016613006592,474,0,2124,0,2,,,,,,,,,,,1,3,10,3e-05,9,0.006,360,614400,,,,,,,,,,,,,,,,,,,,,,,,,,,,,
0.8711630379160246,178.29,1607680,2,6,5.037603378295898,480,6,234,6,43,0.0027659934,0.1108642578125,1.8815118240425364,-0.6012084061279893,-2.677083102753386e-05,2491,0.7358867526054382,3e-05,0.08,0.7591225504875183,,,,,,,,,,,,,,,,,,,,,,,,,,,,,,,,,,,,,
0.8711630379160246,178.31,1612800,3,6,4.982118129730225,480,0,186,0,82,0.0010978313,0.090283203125,1.5756566393189133,-0.5961185052059591,0.0001353961750282906,2499,0.6578791737556458,3e-05,0.08,0.9023518562316895,,,,,,,,,,,,,,,,,,,,,,,,,,,,,,,,,,,,,
0.8711630379160246,183.23,1617920,4,6,4.857791900634766,480,0,171,0,119,0.000993964,0.0844970703125,1.760602167993784,-0.569835381442681,0.0004742165736388415,2507,0.6907296776771545,3e-05,0.08,0.3323438763618469,,,,,,,,,,,,,,,,,,,,,,,,,,,,,,,,,,,,,
0.8711630379160246,190.09,1623040,5,6,4.703323841094971,480,0,161,0,158,0.0009924801,0.089892578125,1.4483833932317793,-0.6083356655202806,0.0007300325116375462,2515,0.6602392196655273,3e-05,0.08,0.8100398182868958,,,,,,,,,,,,,,,,,,,,,,,,,,,,,,,,,,,,,
0.8711630379160246,,,,6,,480,0,,,,0.0007718845,0.07158203125,1.2567608842393383,-0.5895847893320024,0.00013345942861633375,2523,0.6884821653366089,3e-05,0.08,0.8360750079154968,,,,,,,,,0.9198954105377197,54.5,0.011264692847180834,1925,0.6041666666666666,146,0.003485517818840128,0.07584415584415584,,,,,,,,,,,,,,,,,,,,,
,,,,,,,,,,,,,,,,,,,,,,,,,,,,,,,,,,,,,0,2.6377642582571306,80.25014579426009,4.748391591757536,3,640000,0.89,189.79,,,,,,,,,,,,,
,,,,,,,,,,,,,,,,,,,,,,,,,,,,,,,,,,,,,1,3.345301052493192,116.50413554891517,4.905235343575478,3,640000,0.64,206.08,,,,,,,,,,,,,
,,,,,,,,,,,,,,,,,,,,,,,,,,,,,,,,,,,,,,,,,3,640000,,,0.89,0.89,0,0.25,0,0,0,145.8,0.64,0,0.0,0.89,6.0
0.7662416199843088,194.8,1628160,1,6,4.521164417266846,486,6,2067,6,2,,,,,,,,,,,1,3,10,3e-05,9,0.0061,360,640000,,,,,,,,,,,,,,,,,,,,,,,,,,,,,
0.7662416199843088,194.55,1633280,2,6,4.467029571533203,486,0,254,0,40,0.0017207137,0.09599609375,1.9817978194798342,-0.6004341825842857,0.0006653766147792339,2531,0.6648204326629639,3e-05,0.08,0.22456106543540955,,,,,,,,,,,,,,,,,,,,,,,,,,,,,,,,,,,,,
0.7662416199843088,193.19,1638400,3,6,4.454555511474609,486,0,191,0,80,0.0009072985,0.073681640625,1.806668334081769,-0.6199137940071523,-0.00038194247899809853,2539,0.5974928140640259,3e-05,0.08,0.4846489727497101,,,,,,,,,,,,,,,,,,,,,,,,,,,,,,,,,,,,,
0.7662416199843088,195.04,1643520,4,6,4.41581916809082,486,0,174,0,117,0.0011618596,0.104150390625,1.1716114688664674,-0.6118069970980287,-5.590614455286413e-06,2547,0.6785151958465576,3e-05,0.08,0.2550724744796753,,,,,,,,,,,,,,,,,,,,,,,,,,,,,,,,,,,,,
0.7260671692589918,201.3,1648640,5,6,4.215500354766846,492,6,168,6,151,0.0012505266,0.1034912109375,1.6589802821108606,-0.6290147955529392,0.0005027426028391347,2555,0.7066065073013306,3e-05,0.08,0.5424941778182983,,,,,,,,,,,,,,,,,,,,,,,,,,,,,,,,,,,,,
0.7260671692589918,,,,6,,492,6,,,,0.0015807453,0.079833984375,1.7490154055180027,-0.6371725665405392,8.916377701098099e-05,2563,0.7292553186416626,3e-05,0.08,0.41054949164390564,,,,,,,,,0.9182066917419434,54.166666666666664,0.01117782204392672,1925,0.6028645833333334,148,0.003426212520194334,0.07688311688311689,,,,,,,,,,,,,,,,,,,,,
,,,,,,,,,,,,,,,,,,,,,,,,,,,,,,,,,,,,,0,2.1354976566883965,73.9127079736631,4.877024740576744,3,665600,0.88,188.46,,,,,,,,,,,,,
,,,,,,,,,,,,,,,,,,,,,,,,,,,,,,,,,,,,,1,3.4798357633295116,115.83584764657269,4.6074622845649715,3,665600,0.62,213.58,,,,,,,,,,,,,
,,,,,,,,,,,,,,,,,,,,,,,,,,,,,,,,,,,,,,,,,3,665600,,,0.88,0.88,0,0.26,0,0,0,145.8,0.62,0,0.0,0.88,6.0
0.7260671692589918,202.03,1653760,1,6,4.314113616943359,492,0,1845,0,2,,,,,,,,,,,1,3,10,3e-05,9,0.006200000000000001,360,665600,,,,,,,,,,,,,,,,,,,,,,,,,,,,,
0.7260671692589918,198.1,1658880,2,6,4.359540939331055,492,0,229,0,44,0.002439331,0.1170654296875,1.377061370771844,-0.632217513024807,0.0009103269199840725,2571,0.7103861570358276,3e-05,0.08,0.5470418334007263,,,,,,,,,,,,,,,,,,,,,,,,,,,,,,,,,,,,,
0.7260671692589918,187.8,1664000,3,6,4.733455181121826,492,0,166,0,92,0.0011660018,0.08720703125,1.4390916279051453,-0.6514971036463976,0.0003009548832778819,2579,0.592583417892456,3e-05,0.08,1.3410422801971436,,,,,,,,,,,,,,,,,,,,,,,,,,,,,,,,,,,,,
0.8111816930274168,186.53,1669120,4,6,4.77970552444458,498,6,149,6,136,0.0013376519,0.094677734375,1.717516321130097,-0.6344499403610826,-0.00037479399325093257,2587,0.7121601104736328,3e-05,0.08,0.28968295454978943,,,,,,,,,,,,,,,,,,,,,,,,,,,,,,,,,,,,,
0.8111816930274168,186.21,1674240,5,6,4.7807512283325195,498,0,142,0,179,0.001260662,0.09443359375,1.0779348593554459,-0.6704170569777489,-1.4994699449744076e-05,2595,0.7517821192741394,3e-05,0.08,0.29903262853622437,,,,,,,,,,,,,,,,,,,,,,,,,,,,,,,,,,,,,
0.8111816930274168,,,,6,,498,0,,,,0.0011490437,0.1096435546875,1.4115732870734063,-0.654396085627377,0.0007856456257286481,2603,0.7357652187347412,3e-05,0.08,0.20034867525100708,,,,,,,,,0.9172598719596863,53.833333333333336,0.011128794895359196,1925,0.6015625,152,0.003412292778357049,0.07896103896103897,,,,,,,,,,,,,,,,,,,,,
,,,,,,,,,,,,,,,,,,,,,,,,,,,,,,,,,,,,,0,2.3167736827213625,68.1903006299283,4.671766608208418,3,691200,0.92,187.73,,,,,,,,,,,,,
,,,,,,,,,,,,,,,,,,,,,,,,,,,,,,,,,,,,,1,3.7405890372031094,114.23383868188971,4.798274238109588,3,691200,0.66,202.51,,,,,,,,,,,,,
,,,,,,,,,,,,,,,,,,,,,,,,,,,,,,,,,,,,,,,,,3,691200,,,0.92,0.92,0,0.26,0,0,0,145.8,0.66,0,0.0,0.92,6.0
0.8111816930274168,191.98,1679360,1,6,4.6061506271362305,498,0,1465,0,3,,,,,,,,,,,1,3,10,3e-05,9,0.0063,360,691200,,,,,,,,,,,,,,,,,,,,,,,,,,,,,
0.8111816930274168,197.91,1684480,2,6,4.380525588989258,498,0,227,0,45,0.0010262772,0.1061279296875,1.2475310503272339,-0.6428894479759037,0.0001775172524503432,2611,0.7690781354904175,3e-05,0.08,0.9007382392883301,,,,,,,,,,,,,,,,,,,,,,,,,,,,,,,,,,,,,
0.7406481256087621,201.54,1689600,3,6,4.289747714996338,504,6,188,6,81,0.0013199921,0.073291015625,1.6982139914529397,-0.6273785880766809,-0.0003477243531960994,2619,0.769776463508606,3e-05,0.08,0.359481543302536,,,,,,,,,,,,,,,,,,,,,,,,,,,,,,,,,,,,,
0.7406481256087621,211.93,1694720,4,6,4.026708602905273,504,0,164,0,124,0.00093522295,0.06669921875,1.9220427976106293,-0.6307272641919554,0.00045212555705802514,2627,0.7502465844154358,3e-05,0.08,0.30404049158096313,,,,,,,,,,,,,,,,,,,,,,,,,,,,,,,,,,,,,
0.7406481256087621,205.68,1699840,5,6,4.25955057144165,504,0,154,0,165,0.0014007662,0.102880859375,1.408204161649337,-0.6275071313604712,0.0006854022096376867,2635,0.769112229347229,3e-05,0.08,0.36162590980529785,,,,,,,,,,,,,,,,,,,,,,,,,,,,,,,,,,,,,
0.7406481256087621,,,,6,,504,0,,,,0.0020275295,0.1067138671875,2.108065453893505,-0.6211848363280297,-0.0008064993569860234,2643,0.6757583618164062,3e-05,0.08,0.8001837730407715,,,,,,,,,0.9150423407554626,53.5,0.011052999512389434,1925,0.6002604166666666,152,0.0033616925167397485,0.07896103896103897,,,,,,,,,,,,,,,,,,,,,
,,,,,,,,,,,,,,,,,,,,,,,,,,,,,,,,,,,,,0,2.107917828674854,66.15558253087943,5.303422155380249,3,716800,0.92,174.17,,,,,,,,,,,,,
,,,,,,,,,,,,,,,,,,,,,,,,,,,,,,,,,,,,,1,3.338549306171828,116.50992919060589,4.230632667839527,3,716800,0.56,229.42,,,,,,,,,,,,,
,,,,,,,,,,,,,,,,,,,,,,,,,,,,,,,,,,,,,,,,,3,716800,,,0.92,0.92,0,0.36,0,0,0,145.8,0.56,0,0.0,0.92,6.0
0.7406481256087621,204.29,1704960,1,6,4.322992324829102,504,0,1499,0,3,,,,,,,,,,,1,3,10,3e-05,9,0.0063999999999999994,360,716800,,,,,,,,,,,,,,,,,,,,,,,,,,,,,
0.7484374220172564,199.38,1710080,2,6,4.389697074890137,510,6,238,6,43,0.00085725356,0.0658447265625,2.287295886629727,-0.6387227835133672,-0.0001691166908130981,2651,0.6975855827331543,3e-05,0.08,0.3633705973625183,,,,,,,,,,,,,,,,,,,,,,,,,,,,,,,,,,,,,
0.7484374220172564,192.31,1715200,3,6,4.474206924438477,510,0,178,0,86,0.0022109034,0.103662109375,2.5626891430933028,-0.6380294185131788,-0.00028701577393803747,2659,0.6469405889511108,3e-05,0.08,0.45910805463790894,,,,,,,,,,,,,,,,,,,,,,,,,,,,,,,,,,,,,
0.7484374220172564,195.0,1720320,4,6,4.40455961227417,510,0,162,0,125,0.0019448523,0.0974609375,2.041900639794767,-0.6116901003755629,7.36132962629199e-05,2667,0.6000552773475647,3e-05,0.08,0.4158081114292145,,,,,,,,,,,,,,,,,,,,,,,,,,,,,,,,,,,,,
0.7484374220172564,190.9,1725440,5,6,4.503352165222168,510,0,147,0,173,0.0015258833,0.1028564453125,2.4488213832490144,-0.6084494541399181,0.0006747860519681126,2675,0.31711477041244507,3e-05,0.08,0.4746100902557373,,,,,,,,,,,,,,,,,,,,,,,,,,,,,,,,,,,,,
0.7484374220172564,,,,6,,510,0,,,,0.0014430888,0.0823486328125,1.8235593379009516,-0.6226122687570751,-0.00038913317839615045,2683,0.377625048160553,3e-05,0.08,1.0074092149734497,,,,,,,,,0.913775622844696,53.416666666666664,0.010925074978492329,1925,0.5999348958333334,152,0.0032747060776887635,0.07896103896103897,,,,,,,,,,,,,,,,,,,,,
,,,,,,,,,,,,,,,,,,,,,,,,,,,,,,,,,,,,,0,2.3626658421153937,73.20445068436754,4.471754463827238,3,742400,0.9,196.22,,,,,,,,,,,,,
,,,,,,,,,,,,,,,,,,,,,,,,,,,,,,,,,,,,,1,3.3784900845810446,115.49140703965816,4.389116299571469,3,742400,0.59,222.57,,,,,,,,,,,,,
,,,,,,,,,,,,,,,,,,,,,,,,,,,,,,,,,,,,,,,,,3,742400,,,0.9,0.9,0,0.31000000000000005,0,0,0,145.8,0.59,0,0.0,0.9,6.0
0.6305946360031763,196.93,1730560,1,6,4.348353385925293,516,6,1531,6,3,,,,,,,,,,,1,3,10,3e-05,9,0.0065,360,742400,,,,,,,,,,,,,,,,,,,,,,,,,,,,,
0.6305946360031763,198.82,1735680,2,6,4.362716197967529,516,0,235,0,43,0.001890904,0.0923828125,1.6129292430006898,-0.6296661064960063,0.0005941429946688004,2691,0.521900475025177,3e-05,0.08,0.7770910263061523,,,,,,,,,,,,,,,,,,,,,,,,,,,,,,,,,,,,,
0.6305946360031763,202.91,1740800,3,6,4.1359333992004395,516,0,182,0,83,0.0022684517,0.1119140625,1.8247967248782515,-0.627983617130667,0.0017073373950552196,2699,0.4720049500465393,3e-05,0.08,0.41525202989578247,,,,,,,,,,,,,,,,,,,,,,,,,,,,,,,,,,,,,
0.6305946360031763,203.7,1745920,4,6,4.1448588371276855,516,0,168,0,121,0.0012309279,0.093359375,1.7428156108129769,-0.650123194232583,-8.207459468394518e-05,2707,0.45387423038482666,3e-05,0.08,1.287889003753662,,,,,,,,,,,,,,,,,,,,,,,,,,,,,,,,,,,,,
0.634951863437891,200.2,1751040,5,6,4.286536693572998,522,6,156,6,163,0.0015132888,0.1019287109375,2.328180398745462,-0.6408466721884907,0.0005032870423747227,2715,0.37814754247665405,3e-05,0.08,0.2678125202655792,,,,,,,,,,,,,,,,,,,,,,,,,,,,,,,,,,,,,
0.634951863437891,,,,6,,522,6,,,,0.0013702274,0.098681640625,2.0216583033441564,-0.6677043113857508,-3.55683543602936e-05,2723,0.4330286383628845,3e-05,0.08,1.3998920917510986,,,,,,,,,0.9118549823760986,52.916666666666664,0.01083679227024216,1925,0.5979817708333334,154,0.003209272011274457,0.08,,,,,,,,,,,,,,,,,,,,,
,,,,,,,,,,,,,,,,,,,,,,,,,,,,,,,,,,,,,0,2.5888646784865497,78.32663403976966,4.249848798513413,3,768000,0.88,202.28,,,,,,,,,,,,,
,,,,,,,,,,,,,,,,,,,,,,,,,,,,,,,,,,,,,1,3.523447328563596,115.59562967517417,4.156019905345165,3,768000,0.56,230.52,,,,,,,,,,,,,
,,,,,,,,,,,,,,,,,,,,,,,,,,,,,,,,,,,,,,,,,3,768000,,,0.88,0.88,0,0.31999999999999995,0,0,0,145.8,0.56,0,0.0,0.88,6.0
0.634951863437891,195.97,1756160,1,6,4.503704071044922,522,0,1499,0,3,,,,,,,,,,,1,3,10,3e-05,9,0.0066,360,768000,,,,,,,,,,,,,,,,,,,,,,,,,,,,,
0.634951863437891,186.01,1761280,2,6,4.889073848724365,522,0,209,0,48,0.0013531996,0.076318359375,1.7542693505296483,-0.6398614481091499,-4.8447710287291554e-05,2731,0.46916455030441284,3e-05,0.08,1.0786148309707642,,,,,,,,,,,,,,,,,,,,,,,,,,,,,,,,,,,,,
0.634951863437891,181.79,1766400,3,6,4.974455833435059,522,0,160,0,95,0.0016497992,0.096240234375,1.521190911717713,-0.6582730121910572,-0.0008734165312489495,2739,0.561386227607727,3e-05,0.08,0.07462558150291443,,,,,,,,,,,,,,,,,,,,,,,,,,,,,,,,,,,,,
0.8071934270362059,184.68,1771520,4,6,4.846783638000488,528,6,151,6,134,0.0014496391,0.0802978515625,1.5228324294788762,-0.644622382055968,-0.000581606819469016,2747,0.6876190304756165,3e-05,0.08,0.06998825818300247,,,,,,,,,,,,,,,,,,,,,,,,,,,,,,,,,,,,,
0.8071934270362059,187.38,1776640,5,6,4.753836154937744,528,0,142,0,180,0.001849083,0.101123046875,1.5007981688366272,-0.6517049539834261,-0.0002528521770727821,2755,0.7466340065002441,3e-05,0.08,0.4901900291442871,,,,,,,,,,,,,,,,,,,,,,,,,,,,,,,,,,,,,
0.8071934270362059,,,,6,,528,0,,,,0.0009715093,0.077001953125,1.5480717752478086,-0.6494851998984814,-0.0003957352280849591,2763,0.7056111097335815,3e-05,0.08,0.3284425735473633,,,,,,,,,0.9097777009010315,52.583333333333336,0.010849290221145757,1925,0.595703125,153,0.0032503909048006633,0.07948051948051948,,,,,,,,,,,,,,,,,,,,,
,,,,,,,,,,,,,,,,,,,,,,,,,,,,,,,,,,,,,0,2.6020021452234965,83.5543290320735,4.383556255511939,3,793600,0.84,201.71,,,,,,,,,,,,,
,,,,,,,,,,,,,,,,,,,,,,,,,,,,,,,,,,,,,1,3.620612306632859,112.3163474299267,4.9172675850987435,3,793600,0.67,201.59,,,,,,,,,,,,,
,,,,,,,,,,,,,,,,,,,,,,,,,,,,,,,,,,,,,,,,,3,793600,,,0.84,0.84,0,0.16999999999999993,0,0,0,145.8,0.67,0,0.0,0.84,6.0
0.8071934270362059,191.84,1781760,1,6,4.662012577056885,528,0,1521,0,3,,,,,,,,,,,1,3,10,3e-05,9,0.006699999999999999,360,793600,,,,,,,,,,,,,,,,,,,,,,,,,,,,,
0.8806247214476267,190.74,1786880,2,6,4.620045185089111,534,6,213,6,47,0.0011171693,0.096875,1.4432053656317294,-0.6395889461040497,-0.0001354426727630198,2771,0.757493257522583,3e-05,0.08,0.17862184345722198,,,,,,,,,,,,,,,,,,,,,,,,,,,,,,,,,,,,,
0.8806247214476267,189.72,1792000,3,6,4.610105037689209,534,0,165,0,93,0.0011191773,0.0902587890625,1.4080729573732242,-0.651451847795397,0.0007339190764469094,2779,0.7419186234474182,3e-05,0.08,0.12624642252922058,,,,,,,,,,,,,,,,,,,,,,,,,,,,,,,,,,,,,
0.8806247214476267,189.74,1797120,4,6,4.61396598815918,534,0,153,0,133,0.0008645487,0.066796875,1.4216826916555874,-0.6179572809487581,-0.00042345792026026173,2787,0.7674859762191772,3e-05,0.08,0.0966896265745163,,,,,,,,,,,,,,,,,,,,,,,,,,,,,,,,,,,,,
0.8806247214476267,196.73,1802240,5,6,4.409923553466797,534,0,149,0,171,0.00148635,0.0896240234375,1.229557983635459,-0.620057069323957,0.0009299802928580903,2795,0.7890464663505554,3e-05,0.08,0.2631533145904541,,,,,,,,,,,,,,,,,,,,,,,,,,,,,,,,,,,,,
0.8806247214476267,,,,6,,534,0,,,,0.0007550757,0.0876953125,1.4508564770454542,-0.6480383682064712,0.000578592435340397,2803,0.8105857968330383,3e-05,0.08,0.8765961527824402,,,,,,,,,0.9092898368835449,52.333333333333336,0.010808831241354724,1925,0.5947265625,154,0.003232860552335564,0.08,,,,,,,,,,,,,,,,,,,,,
,,,,,,,,,,,,,,,,,,,,,,,,,,,,,,,,,,,,,0,2.708068030380058,75.27624060751174,4.468475983440876,3,819200,0.92,193.26,,,,,,,,,,,,,
,,,,,,,,,,,,,,,,,,,,,,,,,,,,,,,,,,,,,1,3.5196058874328298,115.35007585606522,4.928103255107999,3,819200,0.65,204.4,,,,,,,,,,,,,
,,,,,,,,,,,,,,,,,,,,,,,,,,,,,,,,,,,,,,,,,3,819200,,,0.92,0.92,0,0.27,0,0,0,145.8,0.65,0,0.0,0.92,6.0
0.7970244387785593,198.86,1807360,1,6,4.32031774520874,540,6,1533,6,3,,,,,,,,,,,1,3,10,3e-05,9,0.006799999999999999,360,819200,,,,,,,,,,,,,,,,,,,,,,,,,,,,,
0.7970244387785593,200.41,1812480,2,6,4.293788909912109,540,0,228,0,44,0.0015682895,0.1021728515625,1.7363614746020175,-0.6327046019956469,-0.000493757042568177,2811,0.8145813345909119,3e-05,0.08,0.17773649096488953,,,,,,,,,,,,,,,,,,,,,,,,,,,,,,,,,,,,,
0.7970244387785593,193.3,1817600,3,6,4.510398864746094,540,0,179,0,85,0.0011936838,0.0969970703125,1.2570749216014518,-0.6417213529348373,0.00019762467563850806,2819,0.7629069685935974,3e-05,0.08,0.1379043310880661,,,,,,,,,,,,,,,,,,,,,,,,,,,,,,,,,,,,,
0.7970244387785593,195.85,1822720,4,6,4.399046421051025,540,0,159,0,128,0.0011698406,0.08486328125,1.6285135340527632,-0.6369272006675601,-0.0006713073802529834,2827,0.7957332134246826,3e-05,0.08,0.19709669053554535,,,,,,,,,,,,,,,,,,,,,,,,,,,,,,,,,,,,,
0.7986761430899302,187.72,1827840,5,6,4.755432605743408,546,6,151,6,168,0.0013322257,0.100341796875,1.3205471393303014,-0.6145890407264233,0.0005215283876168541,2835,0.7145227193832397,3e-05,0.08,0.44476261734962463,,,,,,,,,,,,,,,,,,,,,,,,,,,,,,,,,,,,,
0.7986761430899302,,,,6,,546,6,,,,0.001477613,0.0865966796875,1.4493706557434052,-0.6291154947131872,-0.000532752306025941,2843,0.6986375451087952,3e-05,0.08,0.6973492503166199,,,,,,,,,0.9078614711761475,52.0,0.010756136272509311,1925,0.5934244791666666,155,0.0031917222990254152,0.08051948051948052,,,,,,,,,,,,,,,,,,,,,
,,,,,,,,,,,,,,,,,,,,,,,,,,,,,,,,,,,,,0,2.455236475529626,72.97065917202612,4.582858932465315,3,844800,0.91,191.77,,,,,,,,,,,,,
,,,,,,,,,,,,,,,,,,,,,,,,,,,,,,,,,,,,,1,3.6390995690111554,115.25700672844147,4.859141846895218,3,844800,0.65,204.32,,,,,,,,,,,,,
,,,,,,,,,,,,,,,,,,,,,,,,,,,,,,,,,,,,,,,,,3,844800,,,0.91,0.91,0,0.26,0,0,0,145.8,0.65,0,0.0,0.91,6.0
0.7986761430899302,189.62,1832960,1,6,4.73619270324707,546,0,1479,0,3,,,,,,,,,,,1,3,10,3e-05,9,0.006899999999999999,360,844800,,,,,,,,,,,,,,,,,,,,,,,,,,,,,
0.7986761430899302,191.6,1838080,2,6,4.617706298828125,546,0,241,0,42,0.0011995304,0.07978515625,1.3805618224898353,-0.6155259593389928,0.0003477365680737421,2851,0.7631232142448425,3e-05,0.08,0.35039153695106506,,,,,,,,,,,,,,,,,,,,,,,,,,,,,,,,,,,,,
0.7986761430899302,189.59,1843200,3,6,4.703930854797363,546,0,176,0,86,0.0013635065,0.101416015625,2.031699169141939,-0.6110299206338823,0.0005842069935170002,2859,0.6975709199905396,3e-05,0.08,2.8938393592834473,,,,,,,,,,,,,,,,,,,,,,,,,,,,,,,,,,,,,
0.8196576262513796,192.93,1848320,4,6,4.631155490875244,552,6,163,6,125,0.0014452694,0.092822265625,1.59921431154944,-0.5990210090763867,0.0005713607126381249,2867,0.7417542934417725,3e-05,0.08,1.1980513334274292,,,,,,,,,,,,,,,,,,,,,,,,,,,,,,,,,,,,,
0.8196576262513796,182.71,1853440,5,6,4.961089134216309,552,0,150,0,169,0.00094859937,0.06298828125,1.7692090647760779,-0.6234138046391309,-0.0002952420793008059,2875,0.726576566696167,3e-05,0.08,0.3085428476333618,,,,,,,,,,,,,,,,,,,,,,,,,,,,,,,,,,,,,
0.8196576262513796,,,,6,,552,0,,,,0.0008386144,0.054443359375,1.2198024176293984,-0.6364507399499416,-0.0006326292437734083,2883,0.6538808345794678,3e-05,0.08,2.387969970703125,,,,,,,,,0.9062055945396423,51.75,0.010714658260060432,1925,0.5924479166666666,155,0.0031713152363522113,0.08051948051948052,,,,,,,,,,,,,,,,,,,,,
,,,,,,,,,,,,,,,,,,,,,,,,,,,,,,,,,,,,,0,2.3926108748789137,76.12153111965104,4.842553750872612,3,870400,0.89,187.65,,,,,,,,,,,,,
,,,,,,,,,,,,,,,,,,,,,,,,,,,,,,,,,,,,,1,3.4982337194893725,114.60187433022202,4.9473343384265895,3,870400,0.66,201.48,,,,,,,,,,,,,
,,,,,,,,,,,,,,,,,,,,,,,,,,,,,,,,,,,,,,,,,3,870400,,,0.89,0.89,0,0.22999999999999998,0,0,0,145.8,0.66,0,0.0,0.89,6.0
0.8196576262513796,181.54,1858560,1,6,5.068147659301758,552,0,1565,0,3,,,,,,,,,,,1,3,10,3e-05,9,0.006999999999999999,360,870400,,,,,,,,,,,,,,,,,,,,,,,,,,,,,
0.8196576262513796,178.22,1863680,2,6,5.046436309814453,552,0,218,0,46,0.0012391612,0.0832275390625,0.9204118014196865,-0.6637324301525951,-0.0005681904192897491,2891,0.7205133438110352,3e-05,0.08,0.10352883487939835,,,,,,,,,,,,,,,,,,,,,,,,,,,,,,,,,,,,,
0.800186869998773,186.95,1868800,3,6,4.7602152824401855,558,6,168,6,90,0.0013577952,0.09931640625,1.0841863225912676,-0.5960254573263228,0.00041744125919649375,2899,0.7422610521316528,3e-05,0.08,0.6814046502113342,,,,,,,,,,,,,,,,,,,,,,,,,,,,,,,,,,,,,
0.800186869998773,189.38,1873920,4,6,4.7186174392700195,558,0,157,0,130,0.0013876058,0.1068603515625,1.1922629310865887,-0.6159460427239537,0.0007747677766019479,2907,0.7645938396453857,3e-05,0.08,0.48397618532180786,,,,,,,,,,,,,,,,,,,,,,,,,,,,,,,,,,,,,
0.800186869998773,187.82,1879040,5,6,4.767533779144287,558,0,147,0,173,0.001181646,0.0930419921875,2.1029570259619503,-0.6247286665253341,-0.0007328398220124655,2915,0.6670398712158203,3e-05,0.08,1.185653567314148,,,,,,,,,,,,,,,,,,,,,,,,,,,,,,,,,,,,,
0.800186869998773,,,,6,,558,0,,,,0.0011953898,0.0697998046875,2.374048154661432,-0.6319481722079218,0.00012554011482279748,2923,0.6456716656684875,3e-05,0.08,0.6425158381462097,,,,,,,,,0.902789831161499,51.333333333333336,0.0106395487700471,1925,0.5902777777777778,155,0.003122493252358946,0.08051948051948052,,,,,,,,,,,,,,,,,,,,,
,,,,,,,,,,,,,,,,,,,,,,,,,,,,,,,,,,,,,0,2.1299552519968374,71.52459367238656,5.318330349922181,3,896000,0.9,175.45,,,,,,,,,,,,,
,,,,,,,,,,,,,,,,,,,,,,,,,,,,,,,,,,,,,1,3.8100570076625067,118.31685044827722,4.494266069317237,3,896000,0.61,213.27,,,,,,,,,,,,,
,,,,,,,,,,,,,,,,,,,,,,,,,,,,,,,,,,,,,,,,,3,896000,,,0.9,0.9,0,0.29000000000000004,0,0,0,145.8,0.61,0,0.0,0.9,6.0
0.800186869998773,183.56,1884160,1,6,4.9825263023376465,558,0,1815,0,2,,,,,,,,,,,1,3,10,3e-05,9,0.007099999999999999,360,896000,,,,,,,,,,,,,,,,,,,,,,,,,,,,,
0.8950991580883662,181.75,1889280,2,6,4.942168712615967,564,6,243,6,42,0.0017978421,0.1245361328125,2.2753592194290833,-0.6257463243789971,0.0003046468060347252,2931,0.7512514591217041,3e-05,0.08,0.3774547278881073,,,,,,,,,,,,,,,,,,,,,,,,,,,,,,,,,,,,,
0.8950991580883662,180.57,1894400,3,6,4.999030590057373,564,0,197,0,77,0.0015335565,0.124658203125,1.1799241939093918,-0.6316233586519957,0.0012459625708288514,2939,0.7324981093406677,3e-05,0.08,0.7510993480682373,,,,,,,,,,,,,,,,,,,,,,,,,,,,,,,,,,,,,
0.8950991580883662,178.29,1899520,4,6,5.012166976928711,564,0,169,0,120,0.0011379684,0.0687255859375,2.146055448264815,-0.6031909247860312,-0.000929254715447314,2947,0.7702608704566956,3e-05,0.08,0.37150251865386963,,,,,,,,,,,,,,,,,,,,,,,,,,,,,,,,,,,,,
0.8950991580883662,179.86,1904640,5,6,4.873040676116943,564,0,158,0,161,0.00089313445,0.06845703125,1.8421445853833576,-0.5995229612104594,0.00018870658677769825,2955,0.6834546327590942,3e-05,0.08,1.2059670686721802,,,,,,,,,,,,,,,,,,,,,,,,,,,,,,,,,,,,,
0.8950991580883662,,,,6,,564,0,,,,0.0020215018,0.1156982421875,2.018416444258764,-0.6309564922004938,0.0013268554946989752,2963,0.7339584827423096,3e-05,0.08,0.2787093222141266,,,,,,,,,0.9015858769416809,51.166666666666664,0.010643281980688965,1925,0.5896267361111112,156,0.0031578629948756966,0.08103896103896104,,,,,,,,,,,,,,,,,,,,,
,,,,,,,,,,,,,,,,,,,,,,,,,,,,,,,,,,,,,0,2.362033856680291,67.15524998092107,4.894018974900246,3,921600,0.94,181.18,,,,,,,,,,,,,
,,,,,,,,,,,,,,,,,,,,,,,,,,,,,,,,,,,,,1,3.340825691195891,118.60965348570916,4.9046869766712184,3,921600,0.63,207.01,,,,,,,,,,,,,
,,,,,,,,,,,,,,,,,,,,,,,,,,,,,,,,,,,,,,,,,3,921600,,,0.94,0.94,0,0.30999999999999994,1,0,0,145.8,0.63,0,0.0,0.94,6.0
0.912173700829347,178.1,1909760,1,6,4.940796852111816,570,6,2053,6,2,,,,,,,,,,,1,3,10,3e-05,9,0.007199999999999998,360,921600,,,,,,,,,,,,,,,,,,,,,,,,,,,,,
0.912173700829347,179.28,1914880,2,6,4.852970600128174,570,0,237,0,43,0.0012569528,0.0795654296875,1.8504643981927074,-0.6050482328981162,-0.0002364037136430852,2971,0.7628111243247986,3e-05,0.08,0.35066425800323486,,,,,,,,,,,,,,,,,,,,,,,,,,,,,,,,,,,,,
0.912173700829347,176.25,1920000,3,6,4.987316131591797,570,0,182,0,84,0.0014750035,0.0992919921875,2.176100279157981,-0.6050184364430606,0.0007955215070978739,2979,0.7141987085342407,3e-05,0.08,1.0283737182617188,,,,,,,,,,,,,,,,,,,,,,,,,,,,,,,,,,,,,
0.912173700829347,172.45,1925120,4,6,5.1403727531433105,570,0,156,0,131,0.001417005,0.103515625,2.7953679877333344,-0.6014079767279327,-0.0001506496781075839,2987,0.8025763034820557,3e-05,0.08,0.12181146442890167,,,,,,,,,,,,,,,,,,,,,,,,,,,,,,,,,,,,,
0.9237824057539304,172.29,1930240,5,6,5.170171737670898,576,6,144,6,177,0.0016984731,0.0973388671875,1.7455029901582748,-0.6058620692230761,-0.00020547677704598754,2995,0.7457257509231567,3e-05,0.08,1.1773014068603516,,,,,,,,,,,,,,,,,,,,,,,,,,,,,,,,,,,,,
0.9237824057539304,,,,6,,576,6,,,,0.0011259427,0.075,1.1395298525458202,-0.5912238209508359,-0.0005623523917165585,3003,0.7675593495368958,3e-05,0.08,0.6324622631072998,,,,,,,,,0.9029828310012817,51.083333333333336,0.010638007138527434,1925,0.5893012152777778,156,0.0031888660472747746,0.08103896103896104,,,,,,,,,,,,,,,,,,,,,
,,,,,,,,,,,,,,,,,,,,,,,,,,,,,,,,,,,,,0,2.373871850784862,75.28750958824445,5.081651038527489,3,947200,0.9,181.03,,,,,,,,,,,,,
,,,,,,,,,,,,,,,,,,,,,,,,,,,,,,,,,,,,,1,3.5616980947243047,120.3025170144,4.397581918239593,3,947200,0.57,222.62,,,,,,,,,,,,,
,,,,,,,,,,,,,,,,,,,,,,,,,,,,,,,,,,,,,,,,,3,947200,,,0.9,0.9,0,0.33000000000000007,0,0,0,145.8,0.57,0,0.0,0.9,6.0
0.9237824057539304,174.93,1935360,1,6,5.140997409820557,576,0,1548,0,3,,,,,,,,,,,1,3,10,3e-05,9,0.007299999999999998,360,947200,,,,,,,,,,,,,,,,,,,,,,,,,,,,,
0.9237824057539304,178.48,1940480,2,6,4.98197603225708,576,0,208,0,49,0.0014566763,0.0696044921875,1.375322271604091,-0.6045363364741206,-0.0003638226364273578,3011,0.7824405431747437,3e-05,0.08,0.2763856053352356,,,,,,,,,,,,,,,,,,,,,,,,,,,,,,,,,,,,,
0.9237824057539304,180.58,1945600,3,6,4.97947883605957,576,0,169,0,90,0.0017651065,0.10107421875,1.6978977556806059,-0.5958578211255372,0.0012431673050741665,3019,0.8272832632064819,3e-05,0.08,0.44608187675476074,,,,,,,,,,,,,,,,,,,,,,,,,,,,,,,,,,,,,
0.9034745246171951,178.54,1950720,4,6,5.043732166290283,582,6,155,6,131,0.0019700679,0.0978759765625,1.6903494462836535,-0.5832284094765783,0.00040510214457754044,3027,0.7641257047653198,3e-05,0.08,1.3563830852508545,,,,,,,,,,,,,,,,,,,,,,,,,,,,,,,,,,,,,
0.9034745246171951,180.95,1955840,5,6,5.009520053863525,582,0,148,0,172,0.0009483915,0.09736328125,2.254265593609307,-0.5879296247847379,0.0008802930024103262,3035,0.7324710488319397,3e-05,0.08,0.5973576307296753,,,,,,,,,,,,,,,,,,,,,,,,,,,,,,,,,,,,,
0.9034745246171951,,,,6,,582,0,,,,0.0013392867,0.088720703125,2.1903755233855917,-0.6261748973280191,0.0007044659694656729,3043,0.656596302986145,3e-05,0.08,0.3177001178264618,,,,,,,,,0.9015396237373352,50.75,0.010554474066991773,1925,0.5879991319444445,157,0.003158757766156383,0.08155844155844155,,,,,,,,,,,,,,,,,,,,,
,,,,,,,,,,,,,,,,,,,,,,,,,,,,,,,,,,,,,0,2.2570033284353443,69.91127162339417,5.279058494567871,3,972800,0.92,174.29,,,,,,,,,,,,,
,,,,,,,,,,,,,,,,,,,,,,,,,,,,,,,,,,,,,1,3.17747831588216,118.3012696466103,5.089654940366745,3,972800,0.64,203.36,,,,,,,,,,,,,
,,,,,,,,,,,,,,,,,,,,,,,,,,,,,,,,,,,,,,,,,3,972800,,,0.92,0.92,0,0.28,0,0,0,145.8,0.64,0,0.0,0.92,6.0
0.9034745246171951,177.64,1960960,1,6,5.092022895812988,582,0,1788,0,2,,,,,,,,,,,1,3,10,3e-05,9,0.007399999999999999,360,972800,,,,,,,,,,,,,,,,,,,,,,,,,,,,,
0.9034745246171951,184.35,1966080,2,6,4.807434558868408,582,0,240,0,42,0.0017315767,0.13037109375,2.29828873075312,-0.6226229123771191,0.0013151647668564691,3051,0.7118607759475708,3e-05,0.08,0.5196698904037476,,,,,,,,,,,,,,,,,,,,,,,,,,,,,,,,,,,,,
0.8935414863129457,177.93,1971200,3,6,5.054712772369385,588,6,191,6,80,0.0012116426,0.07666015625,1.7608665780629962,-0.6242412999272346,-0.0004654630116419867,3059,0.6938982605934143,3e-05,0.08,0.31173327565193176,,,,,,,,,,,,,,,,,,,,,,,,,,,,,,,,,,,,,
0.8935414863129457,172.47,1976320,4,6,5.159515380859375,588,0,170,0,120,0.0009946619,0.075,1.1161316101206467,-0.6263858621008694,8.870549791026861e-05,3067,0.6013491153717041,3e-05,0.08,0.944847583770752,,,,,,,,,,,,,,,,,,,,,,,,,,,,,,,,,,,,,
0.8935414863129457,173.77,1981440,5,6,5.134113788604736,588,0,159,0,160,0.00086917373,0.09384765625,1.1903101920499466,-0.6186930226162076,-0.0009809375449549406,3075,0.6136940717697144,3e-05,0.08,1.7328084707260132,,,,,,,,,,,,,,,,,,,,,,,,,,,,,,,,,,,,,
0.8935414863129457,,,,6,,588,0,,,,0.0015665486,0.0986572265625,1.0967909099534154,-0.6086498219519854,0.00034044989151880143,3083,0.74797123670578,3e-05,0.08,0.7494990825653076,,,,,,,,,0.9000062942504883,50.416666666666664,0.01049314448156591,1925,0.5866970486111112,158,0.003143597945733177,0.08207792207792208,,,,,,,,,,,,,,,,,,,,,
,,,,,,,,,,,,,,,,,,,,,,,,,,,,,,,,,,,,,0,2.577978462101382,74.13679990396133,4.859285426139832,3,998400,0.92,183.93,,,,,,,,,,,,,
,,,,,,,,,,,,,,,,,,,,,,,,,,,,,,,,,,,,,1,3.072526954955224,114.55308769299937,5.220101810693741,3,998400,0.67,198.01,,,,,,,,,,,,,
,,,,,,,,,,,,,,,,,,,,,,,,,,,,,,,,,,,,,,,,,3,998400,,,0.92,0.92,0,0.25,0,0,0,145.8,0.67,0,0.0,0.92,6.0
0.8935414863129457,177.7,1986560,1,6,4.972055435180664,588,0,2007,0,2,,,,,,,,,,,1,3,10,3e-05,9,0.007499999999999998,360,998400,,,,,,,,,,,,,,,,,,,,,,,,,,,,,
0.9368220505615076,183.98,1991680,2,6,4.738760471343994,594,6,266,6,38,0.0015695503,0.1023681640625,0.9498096395982429,-0.6246174102649092,0.001070832351251738,3091,0.6337894201278687,3e-05,0.08,0.10145264118909836,,,,,,,,,,,,,,,,,,,,,,,,,,,,,,,,,,,,,
0.9368220505615076,188.7,1996800,3,6,4.631126403808594,594,0,189,0,81,0.0016669348,0.1124267578125,1.0531584433512762,-0.6242964859120548,0.0011589509536861441,3099,0.5333563089370728,3e-05,0.08,0.21510574221611023,,,,,,,,,,,,,,,,,,,,,,,,,,,,,,,,,,,,,
0.9368220505615076,191.0,2001920,4,6,4.4068098068237305,594,0,162,0,126,0.0016722903,0.09052734375,1.1792923715664074,-0.6317850447259843,0.0005267447369988077,3107,0.4136347770690918,3e-05,0.08,0.11840730905532837,,,,,,,,,,,,,,,,,,,,,,,,,,,,,,,,,,,,,
0.9368220505615076,182.09,2007040,5,6,4.7455735206604,594,0,151,0,169,0.0016886715,0.098095703125,1.2768898534122854,-0.6353660264983774,0.0003523515712004155,3115,0.712639331817627,3e-05,0.08,0.007525250315666199,,,,,,,,,,,,,,,,,,,,,,,,,,,,,,,,,,,,,
0.9368220505615076,,,,6,,594,0,,,,0.0013378866,0.1026123046875,1.5440947244991547,-0.6342247357591987,0.0002874940866604447,3123,0.8045781850814819,3e-05,0.08,1.2232463359832764,,,,,,,,,0.8981917500495911,50.25,0.010445637642532672,1925,0.5860460069444445,157,0.003145854637850792,0.08155844155844155,,,,,,,,,,,,,,,,,,,,,
,,,,,,,,,,,,,,,,,,,,,,,,,,,,,,,,,,,,,0,2.628817228049715,74.30575953450716,4.989798710346222,3,1024000,0.93,179.71,,,,,,,,,,,,,
,,,,,,,,,,,,,,,,,,,,,,,,,,,,,,,,,,,,,1,3.612356805492514,121.41663806908836,4.779789946079254,3,1024000,0.61,209.6,,,,,,,,,,,,,
,,,,,,,,,,,,,,,,,,,,,,,,,,,,,,,,,,,,,,,,,3,1024000,,,0.93,0.93,0,0.32000000000000006,0,0,0,145.8,0.61,0,0.0,0.93,6.0
0.9138755860428015,181.62,2012160,1,6,4.8045783042907715,600,6,1360,6,3,,,,,,,,,,,1,3,10,3e-05,9,0.007599999999999997,360,1024000,,,,,,,,,,,,,,,,,,,,,,,,,,,,,
0.9138755860428015,184.08,2017280,2,6,4.726700305938721,600,0,3,0,3180,0.0013317382,0.095703125,1.9860569693148136,-0.6284613538533449,0.0002843116206349805,3131,0.8246123790740967,3e-05,0.08,2.125108480453491,,,,,,,,,,,,,,,,,,,,,,,,,,,,,,,,,,,,,
0.9138755860428015,194.9,2022400,3,6,4.508101940155029,600,0,4,0,3218,0.0013154808,0.09013671875,2.4722911796416156,-0.6128514101728797,0.0006667562731308863,3139,0.7515344619750977,3e-05,0.08,0.6884815692901611,,,,,,,,,,,,,,,,,,,,,,,,,,,,,,,,,,,,,
0.8753736540675163,196.48,2027520,4,6,4.416679859161377,606,6,6,6,3254,0.0013138477,0.105322265625,2.478958769142628,-0.6470570668578148,0.0014247917861212045,3147,0.8052303791046143,3e-05,0.08,7.174444675445557,,,,,,,,,,,,,,,,,,,,,,,,,,,,,,,,,,,,,
0.8753736540675163,192.99,2032640,5,6,4.480062007904053,606,0,7,0,3293,0.001222634,0.0901123046875,1.4222065905109047,-0.6111310627311468,-0.0006957044766750187,3155,0.7471883296966553,3e-05,0.08,0.43154963850975037,,,,,,,,,,,,,,,,,,,,,,,,,,,,,,,,,,,,,
0.8753736540675163,,,,6,,606,0,,,,0.0016191907,0.0893310546875,1.8632886831415818,-0.6116251804865896,-0.000320090058085043,3163,0.8005167245864868,3e-05,0.08,1.941270112991333,,,,,,,,,0.8962875604629517,50.0,0.01039255846705192,1925,0.5850694444444445,159,0.0031504032201161475,0.0825974025974026,,,,,,,,,,,,,,,,,,,,,
,,,,,,,,,,,,,,,,,,,,,,,,,,,,,,,,,,,,,0,2.5926423761595485,75.67712732391472,4.886121270116418,3,1049600,0.91,183.82,,,,,,,,,,,,,
,,,,,,,,,,,,,,,,,,,,,,,,,,,,,,,,,,,,,1,2.8183629520814155,103.90394169616474,6.038821121752262,3,1049600,0.78,166.97,,,,,,,,,,,,,
,,,,,,,,,,,,,,,,,,,,,,,,,,,,,,,,,,,,,,,,,3,1049600,,,0.91,0.91,0,0.13,0,0,0,145.8,0.78,0,0.0,0.91,6.0
0.8753736540675163,189.48,2037760,1,6,4.552688121795654,606,0,961,0,5,,,,,,,,,,,1,3,10,3e-05,9,0.007699999999999998,360,1049600,,,,,,,,,,,,,,,,,,,,,,,,,,,,,
0.8753736540675163,177.07,2042880,2,6,5.035229682922363,606,0,194,0,52,0.0014206882,0.0999755859375,1.8611837179516442,-0.6049527704715729,0.0008094313365290873,3171,0.7742086052894592,3e-05,0.08,0.18009191751480103,,,,,,,,,,,,,,,,,,,,,,,,,,,,,,,,,,,,,
0.9042899385094643,181.52,2048000,3,6,4.888765811920166,612,6,153,6,100,0.0029713488,0.0919189453125,1.6658288835547865,-0.6027673215605318,0.0005568427674006671,3179,0.6794928312301636,3e-05,0.08,0.41185203194618225,,,,,,,,,,,,,,,,,,,,,,,,,,,,,,,,,,,,,
0.9042899385094643,179.78,2053120,4,6,4.967170238494873,612,0,139,0,146,0.0016284868,0.097314453125,1.5947935595642775,-0.6101201168261469,-3.413389640627429e-05,3187,0.7960963249206543,3e-05,0.08,0.3313494026660919,,,,,,,,,,,,,,,,,,,,,,,,,,,,,,,,,,,,,
0.9042899385094643,182.34,2058240,5,6,4.903125762939453,612,0,136,0,187,0.0015971083,0.0821533203125,1.9143620205810294,-0.6194598448462785,-8.567501208744943e-05,3195,0.718353271484375,3e-05,0.08,0.4405876100063324,,,,,,,,,,,,,,,,,,,,,,,,,,,,,,,,,,,,,
0.9042899385094643,,,,6,,612,0,,,,0.0009503126,0.077001953125,2.9553211110411213,-0.6294339913874865,0.000586955455946736,3203,0.7346228361129761,3e-05,0.08,0.4835681617259979,,,,,,,,,0.8953259587287903,49.75,0.010277338217378881,1925,0.5840928819444445,159,0.0030631637848231815,0.0825974025974026,,,,,,,,,,,,,,,,,,,,,
,,,,,,,,,,,,,,,,,,,,,,,,,,,,,,,,,,,,,0,2.564972789845807,75.97411138012737,4.7614756032824515,3,1075200,0.91,187.12,,,,,,,,,,,,,
,,,,,,,,,,,,,,,,,,,,,,,,,,,,,,,,,,,,,1,3.3289483797254413,118.3548271089946,5.205534214475993,3,1075200,0.66,196.07,,,,,,,,,,,,,
,,,,,,,,,,,,,,,,,,,,,,,,,,,,,,,,,,,,,,,,,3,1075200,,,0.91,0.91,0,0.25,0,0,0,145.8,0.66,0,0.0,0.91,6.0
0.9042899385094643,184.52,2063360,1,6,4.7746381759643555,612,0,1322,0,3,,,,,,,,,,,1,3,10,3e-05,9,0.007799999999999998,360,1075200,,,,,,,,,,,,,,,,,,,,,,,,,,,,,
0.9070436035593351,184.37,2068480,2,6,4.757021903991699,618,6,190,6,53,0.001269177,0.0818603515625,1.3789608475519344,-0.6450559001415967,-0.0008187155806808732,3211,0.559370219707489,3e-05,0.08,1.8367913961410522,,,,,,,,,,,,,,,,,,,,,,,,,,,,,,,,,,,,,
0.9070436035593351,185.92,2073600,3,6,4.71739387512207,618,0,153,0,99,0.0011403578,0.0701904296875,0.9180095777614042,-0.6289057764224708,0.00011720513139152899,3219,0.49110013246536255,3e-05,0.08,0.8612962961196899,,,,,,,,,,,,,,,,,,,,,,,,,,,,,,,,,,,,,
0.9070436035593351,184.8,2078720,4,6,4.786816596984863,618,0,143,0,142,0.0011222276,0.098876953125,1.2911338751902803,-0.6289329076185822,0.001436393620679155,3227,0.6866927146911621,3e-05,0.08,1.045875906944275,,,,,,,,,,,,,,,,,,,,,,,,,,,,,,,,,,,,,
0.9070436035593351,190.73,2083840,5,6,4.65017557144165,618,0,138,0,184,0.0015523053,0.0984375,1.857159999012947,-0.6275904550217092,-1.817074080463499e-05,3235,0.7332515120506287,3e-05,0.08,0.47720983624458313,,,,,,,,,,,,,,,,,,,,,,,,,,,,,,,,,,,,,
0.9070436035593351,,,,6,,618,0,,,,0.00094519334,0.0648681640625,2.3885156432166696,-0.6614832697436214,-0.00030423887073993683,3243,0.6545635461807251,3e-05,0.08,2.2631404399871826,,,,,,,,,0.8926382660865784,49.416666666666664,0.010183585090679194,1925,0.5827907986111112,160,0.0030028649145921807,0.08311688311688312,,,,,,,,,,,,,,,,,,,,,
,,,,,,,,,,,,,,,,,,,,,,,,,,,,,,,,,,,,,0,2.3617147572005512,62.89426921429329,5.0114793659187855,3,1100800,0.96,175.97,,,,,,,,,,,,,
,,,,,,,,,,,,,,,,,,,,,,,,,,,,,,,,,,,,,1,3.3524509705709447,124.75836605214097,4.414913844019175,3,1100800,0.53,228.51,,,,,,,,,,,,,
,,,,,,,,,,,,,,,,,,,,,,,,,,,,,,,,,,,,,,,,,3,1100800,,,0.96,0.96,0,0.42999999999999994,1,0,0,145.8,0.53,0,0.0,0.96,6.0
0.7831892147660255,195.72,2088960,1,6,4.546459674835205,624,6,1499,6,3,,,,,,,,,,,1,3,10,3e-05,9,0.007899999999999997,360,1100800,,,,,,,,,,,,,,,,,,,,,,,,,,,,,
0.7831892147660255,193.0,2094080,2,6,4.6295366287231445,624,0,222,0,46,0.0008409506,0.0814453125,1.614492550655268,-0.669751972425729,0.0005674846135661938,3251,0.5269372463226318,3e-05,0.08,0.9485189914703369,,,,,,,,,,,,,,,,,,,,,,,,,,,,,,,,,,,,,
0.7831892147660255,201.08,2099200,3,6,4.309524059295654,624,0,178,0,86,0.002656775,0.119384765625,2.1129593558143824,-0.7055683949962258,0.0011874436604557559,3259,0.5570453405380249,3e-05,0.08,0.05623042955994606,,,,,,,,,,,,,,,,,,,,,,,,,,,,,,,,,,,,,
0.7831892147660255,201.93,2104320,4,6,4.230276107788086,624,0,162,0,125,0.0011708451,0.10517578125,1.2837271121097729,-0.6978414777666331,0.00039531769580207764,3267,0.5841430425643921,3e-05,0.08,0.6125855445861816,,,,,,,,,,,,,,,,,,,,,,,,,,,,,,,,,,,,,
0.7209955751895905,200.35,2109440,5,6,4.266063690185547,630,6,152,6,167,0.0009075556,0.087255859375,1.6091039846651256,-0.6800705220550298,-0.0001075782609404996,3275,0.4679783582687378,3e-05,0.08,2.4795045852661133,,,,,,,,,,,,,,,,,,,,,,,,,,,,,,,,,,,,,
0.7209955751895905,,,,6,,630,6,,,,0.0015416626,0.0824462890625,2.1155767030781134,-0.6544297397136688,-0.000303136749425903,3283,0.4500669836997986,3e-05,0.08,0.26180851459503174,,,,,,,,,0.8909317255020142,49.083333333333336,0.010065779098013638,1925,0.5814887152777778,161,0.002978637837973008,0.08363636363636363,,,,,,,,,,,,,,,,,,,,,
,,,,,,,,,,,,,,,,,,,,,,,,,,,,,,,,,,,,,0,2.6965442697239967,79.82474804219554,4.5389890864491464,3,1126400,0.89,193.64,,,,,,,,,,,,,
,,,,,,,,,,,,,,,,,,,,,,,,,,,,,,,,,,,,,1,3.2809166417604385,122.3180706191853,4.383480317629874,3,1126400,0.54,228.36,,,,,,,,,,,,,
,,,,,,,,,,,,,,,,,,,,,,,,,,,,,,,,,,,,,,,,,3,1126400,,,0.89,0.89,0,0.35,0,0,0,145.8,0.54,0,0.0,0.89,6.0
0.7209955751895905,197.26,2114560,1,6,4.3814377784729,630,0,1515,0,3,,,,,,,,,,,1,3,10,3e-05,9,0.007999999999999997,360,1126400,,,,,,,,,,,,,,,,,,,,,,,,,,,,,
0.7209955751895905,183.34,2119680,2,6,4.937961578369141,630,0,225,0,45,0.00084297714,0.0767822265625,1.4784915726864711,-0.6589550880715251,-0.0006299202883383259,3291,-0.0802687406539917,3e-05,0.08,0.5219903588294983,,,,,,,,,,,,,,,,,,,,,,,,,,,,,,,,,,,,,
0.7209955751895905,188.18,2124800,3,6,4.6796674728393555,630,0,171,0,89,0.0013838568,0.0893310546875,0.8238063499331474,-0.6468976670876145,-0.001181045208068099,3299,0.3227422833442688,3e-05,0.08,0.10646176338195801,,,,,,,,,,,,,,,,,,,,,,,,,,,,,,,,,,,,,
0.8348102644085884,184.71,2129920,4,6,4.732084274291992,636,6,155,6,131,0.0013954601,0.07509765625,1.0203211797052063,-0.6519479751586914,-0.00017040330421878025,3307,0.4126598834991455,3e-05,0.08,0.05435232073068619,,,,,,,,,,,,,,,,,,,,,,,,,,,,,,,,,,,,,
0.8348102644085884,184.35,2135040,5,6,4.79777717590332,636,0,146,0,175,0.000975143,0.071484375,1.0113915191497653,-0.6642072981223464,-0.0003119653178146109,3315,0.6396456956863403,3e-05,0.08,0.07670290023088455,,,,,,,,,,,,,,,,,,,,,,,,,,,,,,,,,,,,,
0.8348102644085884,,,,6,,636,0,,,,0.0015249766,0.094580078125,1.0503685036557726,-0.658168219961226,0.0008364620589418337,3323,0.7632366418838501,3e-05,0.08,0.2294565886259079,,,,,,,,,0.8881722688674927,49.0,0.010086672089090427,1925,0.5811631944444445,94,0.0030243753153303514,0.04883116883116883,,,,,,,,,,,,,,,,,,,,,
,,,,,,,,,,,,,,,,,,,,,,,,,,,,,,,,,,,,,0,2.5074075547382138,68.84685904237027,4.739680270552635,3,1152000,0.94,184.5,,,,,,,,,,,,,
,,,,,,,,,,,,,,,,,,,,,,,,,,,,,,,,,,,,,1,3.171816738768915,117.95637964942803,5.369027330540121,3,1152000,0.67,193.05,,,,,,,,,,,,,
,,,,,,,,,,,,,,,,,,,,,,,,,,,,,,,,,,,,,,,,,3,1152000,,,0.94,0.94,0,0.2699999999999999,1,0,0,145.8,0.67,0,0.0,0.94,6.0
0.8348102644085884,188.11,2140160,1,6,4.626755237579346,636,0,1532,0,3,,,,,,,,,,,1,3,10,3e-05,9,0.008099999999999998,360,1152000,,,,,,,,,,,,,,,,,,,,,,,,,,,,,
0.8348102644085884,190.53,2145280,2,6,4.681737422943115,636,0,219,0,46,0.0010395211,0.076806640625,1.3890437082620337,-0.645098658464849,-0.0003828424451057799,3331,0.7161726951599121,3e-05,0.08,0.5929376482963562,,,,,,,,,,,,,,,,,,,,,,,,,,,,,,,,,,,,,
0.8828434695800146,197.25,2150400,3,6,4.392279148101807,642,6,175,6,87,0.0009814054,0.06484375,1.4305709829786792,-0.6367783453315496,-0.0005149918113602325,3339,0.8107110857963562,3e-05,0.08,0.3390779197216034,,,,,,,,,,,,,,,,,,,,,,,,,,,,,,,,,,,,,
0.8828434695800146,189.66,2155520,4,6,4.571299076080322,642,0,161,0,127,0.0018510977,0.06708984375,1.6422403240343555,-0.634185746498406,-0.00021801105176564307,3347,0.8049346208572388,3e-05,0.08,0.9931178689002991,,,,,,,,,,,,,,,,,,,,,,,,,,,,,,,,,,,,,
0.8828434695800146,185.86,2160640,5,6,4.664324760437012,642,0,146,0,174,0.0011471042,0.0870849609375,1.4444544756435789,-0.6525764431804418,-0.0010357928549638018,3355,0.6729179620742798,3e-05,0.08,0.0881868302822113,,,,,,,,,,,,,,,,,,,,,,,,,,,,,,,,,,,,,
0.8828434695800146,,,,6,,642,0,,,,0.0010328315,0.1093505859375,0.9163210275350139,-0.6306213329546153,-0.000680883348104544,3363,0.6333816051483154,3e-05,0.08,0.12481357157230377,,,,,,,,,0.8867264986038208,48.833333333333336,0.010035666908294556,1925,0.5805121527777778,95,0.002976798109161683,0.04935064935064935,,,,,,,,,,,,,,,,,,,,,
,,,,,,,,,,,,,,,,,,,,,,,,,,,,,,,,,,,,,0,2.5348603299609724,70.19741020863947,4.696555258762092,3,1177600,0.94,186.06,,,,,,,,,,,,,
,,,,,,,,,,,,,,,,,,,,,,,,,,,,,,,,,,,,,1,3.519858791252099,122.62651263083363,4.919223857149482,3,1177600,0.61,207.28,,,,,,,,,,,,,
,,,,,,,,,,,,,,,,,,,,,,,,,,,,,,,,,,,,,,,,,3,1177600,,,0.94,0.94,0,0.32999999999999996,1,0,0,145.8,0.61,0,0.0,0.94,6.0
0.8828434695800146,177.11,2165760,1,6,4.9778218269348145,642,0,1513,0,3,,,,,,,,,,,1,3,10,3e-05,9,0.008199999999999999,360,1177600,,,,,,,,,,,,,,,,,,,,,,,,,,,,,
0.9055356259147326,179.55,2170880,2,6,4.96259880065918,648,6,205,6,49,0.0011856309,0.0804443359375,1.0053239538799972,-0.6255705801770091,-0.00105426107547828,3371,0.7540971040725708,3e-05,0.08,0.3972286880016327,,,,,,,,,,,,,,,,,,,,,,,,,,,,,,,,,,,,,
0.9055356259147326,184.61,2176000,3,6,4.82521390914917,648,0,170,0,89,0.0012433936,0.08125,0.8924330738256685,-0.6233253424055875,0.000532742348877946,3379,0.7871072292327881,3e-05,0.08,0.24059106409549713,,,,,,,,,,,,,,,,,,,,,,,,,,,,,,,,,,,,,
0.9055356259147326,181.78,2181120,4,6,4.907109260559082,648,0,153,0,133,0.0008895048,0.0824951171875,1.178678093117196,-0.6402625376358628,-0.00012490983790485187,3387,0.762796938419342,3e-05,0.08,2.9152398109436035,,,,,,,,,,,,,,,,,,,,,,,,,,,,,,,,,,,,,
0.9055356259147326,187.06,2186240,5,6,4.726586818695068,648,0,140,0,181,0.0008976646,0.074072265625,0.8976022457471118,-0.6264969194307923,-0.000520531481015496,3395,0.6672990322113037,3e-05,0.08,0.4098593592643738,,,,,,,,,,,,,,,,,,,,,,,,,,,,,,,,,,,,,
0.9055356259147326,,,,6,,648,0,,,,0.0013566574,0.0694580078125,1.3739339411724358,-0.6120662412606179,-0.00013440666953101754,3403,0.7687103748321533,3e-05,0.08,0.36254847049713135,,,,,,,,,0.8824948072433472,48.833333333333336,0.010028422333666418,1925,0.5805121527777778,95,0.0029960535692348813,0.04935064935064935,,,,,,,,,,,,,,,,,,,,,
,,,,,,,,,,,,,,,,,,,,,,,,,,,,,,,,,,,,,0,2.2617326255819687,60.82625995406918,4.911922555565834,3,1203200,0.96,178.81,,,,,,,,,,,,,
,,,,,,,,,,,,,,,,,,,,,,,,,,,,,,,,,,,,,1,3.2831729805014582,119.17776638282831,4.888024209886789,3,1203200,0.62,208.6,,,,,,,,,,,,,
,,,,,,,,,,,,,,,,,,,,,,,,,,,,,,,,,,,,,,,,,3,1203200,,,0.96,0.96,0,0.33999999999999997,1,0,0,145.8,0.62,0,0.0,0.96,6.0
0.9401546120643616,181.43,2191360,1,6,4.880426406860352,654,6,1458,6,3,,,,,,,,,,,1,3,10,3e-05,9,0.008299999999999998,360,1203200,,,,,,,,,,,,,,,,,,,,,,,,,,,,,
0.9401546120643616,183.85,2196480,2,6,4.930059909820557,654,0,231,0,44,0.0011304027,0.0652587890625,1.457371130719548,-0.6309451093897224,-0.00023487977887270972,3411,0.822510838508606,3e-05,0.08,0.2645944654941559,,,,,,,,,,,,,,,,,,,,,,,,,,,,,,,,,,,,,
0.9401546120643616,191.57,2201600,3,6,4.677058219909668,654,0,162,0,94,0.0010405696,0.09677734375,1.6091156156384385,-0.6098287610337139,-0.00016023890348151326,3419,0.7177484035491943,3e-05,0.08,0.17951977252960205,,,,,,,,,,,,,,,,,,,,,,,,,,,,,,,,,,,,,
0.9401546120643616,193.87,2206720,4,6,4.547560691833496,654,0,149,0,136,0.001043407,0.07822265625,1.1402981501771137,-0.6038647519424558,-0.00034122297947760674,3427,0.784578800201416,3e-05,0.08,0.7545726895332336,,,,,,,,,,,,,,,,,,,,,,,,,,,,,,,,,,,,,
0.8399715200066566,187.31,2211840,5,6,4.661941051483154,660,6,141,6,180,0.0010464551,0.072265625,1.334906330157537,-0.6278505337424576,-0.0004444946040166542,3435,0.7576627731323242,3e-05,0.08,0.3378205895423889,,,,,,,,,,,,,,,,,,,,,,,,,,,,,,,,,,,,,
0.8399715200066566,,,,6,,660,6,,,,0.0012641272,0.05966796875,1.5298295262735337,-0.6073535659350455,-0.00036489979829639195,3443,0.7545934915542603,3e-05,0.08,0.2543887495994568,,,,,,,,,0.8823606371879578,48.666666666666664,0.00996658231236414,1925,0.5798611111111112,98,0.0029349583213257612,0.05090909090909091,,,,,,,,,,,,,,,,,,,,,
,,,,,,,,,,,,,,,,,,,,,,,,,,,,,,,,,,,,,0,2.319557666333053,60.2198264693614,5.095680409371853,3,1228800,0.97,173.55,,,,,,,,,,,,,
,,,,,,,,,,,,,,,,,,,,,,,,,,,,,,,,,,,,,1,3.8447335134248535,121.49300226762034,4.153746137470007,3,1228800,0.54,229.52,,,,,,,,,,,,,
,,,,,,,,,,,,,,,,,,,,,,,,,,,,,,,,,,,,,,,,,3,1228800,,,0.97,0.97,0,0.42999999999999994,1,0,0,145.8,0.54,0,0.0,0.97,6.0
0.8399715200066566,193.94,2216960,1,6,4.422937393188477,660,0,1958,0,2,,,,,,,,,,,1,3,10,3e-05,9,0.008399999999999998,360,1228800,,,,,,,,,,,,,,,,,,,,,,,,,,,,,
0.8399715200066566,187.17,2222080,2,6,4.581472873687744,660,0,235,0,43,0.0015468225,0.100439453125,1.2234386695898138,-0.5931491660885513,0.00025248160818591714,3451,0.7133862972259521,3e-05,0.08,0.6346408724784851,,,,,,,,,,,,,,,,,,,,,,,,,,,,,,,,,,,,,
0.8399715200066566,184.6,2227200,3,6,4.718613147735596,660,0,178,0,86,0.0008438604,0.070947265625,1.5806655870110262,-0.603192464262247,-0.0005558640899835154,3459,0.7729594707489014,3e-05,0.08,0.4673282206058502,,,,,,,,,,,,,,,,,,,,,,,,,,,,,,,,,,,,,
0.9776899268229803,179.35,2232320,4,6,4.913392066955566,666,6,154,6,132,0.0011676347,0.0601806640625,2.3146748390980063,-0.594850755110383,-8.852552564349025e-05,3467,0.7523171901702881,3e-05,0.08,0.8782963156700134,,,,,,,,,,,,,,,,,,,,,,,,,,,,,,,,,,,,,
0.9776899268229803,178.8,2237440,5,6,4.906715393066406,666,0,146,0,174,0.001626069,0.1127197265625,1.5426285768742674,-0.6047533549368381,0.0009524922061245888,3475,0.8169413805007935,3e-05,0.08,0.4697093963623047,,,,,,,,,,,,,,,,,,,,,,,,,,,,,,,,,,,,,
0.9776899268229803,,,,6,,666,0,,,,0.0009822181,0.0626953125,2.038538664218504,-0.5959008246660232,-0.0010282471761456692,3483,0.7363066673278809,3e-05,0.08,2.899127960205078,,,,,,,,,0.8811583518981934,48.416666666666664,0.010007950173273243,1925,0.5788845486111112,97,0.0030125590250694354,0.05038961038961039,,,,,,,,,,,,,,,,,,,,,
,,,,,,,,,,,,,,,,,,,,,,,,,,,,,,,,,,,,,0,2.1490640518972532,65.06376180332644,5.012134404182434,3,1254400,0.93,179.63,,,,,,,,,,,,,
,,,,,,,,,,,,,,,,,,,,,,,,,,,,,,,,,,,,,1,3.041593467093335,109.54030262875851,5.362381525970996,3,1254400,0.71,190.11,,,,,,,,,,,,,
,,,,,,,,,,,,,,,,,,,,,,,,,,,,,,,,,,,,,,,,,3,1254400,,,0.93,0.93,0,0.22000000000000008,0,0,0,145.8,0.71,0,0.0,0.93,6.0
0.9776899268229803,169.9,2242560,1,6,5.348935127258301,666,0,1404,0,3,,,,,,,,,,,1,3,10,3e-05,9,0.008499999999999999,360,1254400,,,,,,,,,,,,,,,,,,,,,,,,,,,,,
1.0447429393728573,166.0,2247680,2,6,5.483755588531494,672,6,191,6,53,0.0009922567,0.0616455078125,1.747556311287917,-0.5788977275602519,-0.0003656737157143652,3491,0.7432241439819336,3e-05,0.08,0.11719942092895508,,,,,,,,,,,,,,,,,,,,,,,,,,,,,,,,,,,,,
1.0447429393728573,165.13,2252800,3,6,5.4691481590271,672,0,146,0,104,0.0019768332,0.1189208984375,1.7100927369843704,-0.5753474503755569,0.0015771139398566448,3499,0.7362951040267944,3e-05,0.08,0.6071379780769348,,,,,,,,,,,,,,,,,,,,,,,,,,,,,,,,,,,,,
1.0447429393728573,167.92,2257920,4,6,5.299123764038086,672,0,130,0,157,0.0012275476,0.079931640625,1.5603499833028764,-0.5721349994651973,0.0004691878755693324,3507,0.7622532844543457,3e-05,0.08,0.11399425566196442,,,,,,,,,,,,,,,,,,,,,,,,,,,,,,,,,,,,,
1.0447429393728573,175.73,2263040,5,6,5.084052562713623,672,0,121,0,209,0.0010701104,0.096923828125,1.211389032821171,-0.5792710313573479,4.270649078534916e-05,3515,0.8073214292526245,3e-05,0.08,0.29709726572036743,,,,,,,,,,,,,,,,,,,,,,,,,,,,,,,,,,,,,
1.0447429393728573,,,,6,,672,0,,,,0.0016008656,0.1081787109375,1.2402116598095745,-0.599959000106901,-0.0008318365289596841,3523,0.7542608976364136,3e-05,0.08,0.3457720875740051,,,,,,,,,0.879331648349762,48.333333333333336,0.009937076533251224,1925,0.5780164930555555,156,0.0029436137734834933,0.08103896103896104,,,,,,,,,,,,,,,,,,,,,
,,,,,,,,,,,,,,,,,,,,,,,,,,,,,,,,,,,,,0,2.74175114215114,68.25974216183357,4.815904289260507,3,1280000,0.97,179.74,,,,,,,,,,,,,
,,,,,,,,,,,,,,,,,,,,,,,,,,,,,,,,,,,,,1,3.619265076484216,113.73746040773023,4.837735843770206,3,1280000,0.66,203.49,,,,,,,,,,,,,
,,,,,,,,,,,,,,,,,,,,,,,,,,,,,,,,,,,,,,,,,3,1280000,,,0.97,0.97,0,0.30999999999999994,1,0,0,145.8,0.66,0,0.0,0.97,6.0
0.9478006313244501,181.46,2268160,1,6,4.793256759643555,678,6,1381,6,3,,,,,,,,,,,1,3,10,3e-05,9,0.0086,360,1280000,,,,,,,,,,,,,,,,,,,,,,,,,,,,,
0.9478006313244501,183.09,2273280,2,6,4.7544169425964355,678,0,206,0,49,0.0009867649,0.0779052734375,1.5275983813102356,-0.5756287244148552,0.0009413286810740828,3531,0.8017304539680481,3e-05,0.08,0.5363181233406067,,,,,,,,,,,,,,,,,,,,,,,,,,,,,,,,,,,,,
0.9478006313244501,188.42,2278400,3,6,4.4790263175964355,678,0,161,0,95,0.0012274177,0.0787841796875,1.1597460036748088,-0.5748150093946606,6.749307212885469e-05,3539,0.8053392171859741,3e-05,0.08,0.39367276430130005,,,,,,,,,,,,,,,,,,,,,,,,,,,,,,,,,,,,,
0.9478006313244501,192.82,2283520,4,6,4.329679489135742,678,0,141,0,144,0.0012367491,0.0900146484375,1.8224803946039174,-0.5977593524381518,0.0008055730504565872,3547,0.7816474437713623,3e-05,0.08,0.6119263768196106,,,,,,,,,,,,,,,,,,,,,,,,,,,,,,,,,,,,,
0.8055740743875504,194.09,2288640,5,6,4.458481788635254,684,6,138,6,185,0.0014923683,0.1034912109375,2.791332379495725,-0.5955175453796983,0.0009234203869709745,3555,0.6861354112625122,3e-05,0.08,0.3636030852794647,,,,,,,,,,,,,,,,,,,,,,,,,,,,,,,,,,,,,
0.8055740743875504,,,,6,,684,6,,,,0.001601851,0.08662109375,1.2954296158161014,-0.608243390545249,0.0003369208163348958,3563,0.7691627144813538,3e-05,0.08,0.3341001868247986,,,,,,,,,0.8794377446174622,48.083333333333336,0.009824894302056153,1925,0.5770399305555555,158,0.0028458668148130823,0.08207792207792208,,,,,,,,,,,,,,,,,,,,,
,,,,,,,,,,,,,,,,,,,,,,,,,,,,,,,,,,,,,0,2.6112769881970577,72.79446682269196,4.887400876283646,3,1305600,0.93,182.16,,,,,,,,,,,,,
,,,,,,,,,,,,,,,,,,,,,,,,,,,,,,,,,,,,,1,3.2514691563502787,119.43123544533898,4.551553371623158,3,1305600,0.58,220.8,,,,,,,,,,,,,
,,,,,,,,,,,,,,,,,,,,,,,,,,,,,,,,,,,,,,,,,3,1305600,,,0.93,0.93,0,0.3500000000000001,0,0,0,145.8,0.58,0,0.0,0.93,6.0
0.8055740743875504,196.44,2293760,1,6,4.398923397064209,684,0,1603,0,3,,,,,,,,,,,1,3,10,3e-05,9,0.0087,360,1305600,,,,,,,,,,,,,,,,,,,,,,,,,,,,,
0.8055740743875504,183.15,2298880,2,6,4.947042465209961,684,0,225,0,45,0.001549677,0.0875,1.8713130914140492,-0.5810804422944784,-0.0004077316451002844,3571,0.2775335907936096,3e-05,0.08,1.1083978414535522,,,,,,,,,,,,,,,,,,,,,,,,,,,,,,,,,,,,,
0.8055740743875504,170.59,2304000,3,6,5.373891830444336,684,0,159,0,96,0.0020504172,0.09541015625,1.7006662192288786,-0.5990066994912923,0.00036101306322962047,3579,-0.03542912006378174,3e-05,0.08,0.49717268347740173,,,,,,,,,,,,,,,,,,,,,,,,,,,,,,,,,,,,,
0.911673386891683,172.48,2309120,4,6,5.324524402618408,690,6,144,6,141,0.0020817358,0.1261474609375,1.2354666606523097,-0.5876667435280979,0.001471968051919248,3587,0.6088706254959106,3e-05,0.08,0.8398932814598083,,,,,,,,,,,,,,,,,,,,,,,,,,,,,,,,,,,,,
0.911673386891683,175.75,2314240,5,6,5.241609573364258,690,0,136,0,188,0.0010869328,0.10458984375,1.6084002885851079,-0.5631863885559142,0.0007376759924227372,3595,0.7976444363594055,3e-05,0.08,0.654718816280365,,,,,,,,,,,,,,,,,,,,,,,,,,,,,,,,,,,,,
0.911673386891683,,,,6,,690,0,,,,0.0014018508,0.0902099609375,1.7480562562821433,-0.5654197207652032,-0.0006601664983463707,3603,0.772741436958313,3e-05,0.08,0.08180133253335953,,,,,,,,,0.8778783679008484,47.916666666666664,0.009836971722795894,1925,0.5763888888888888,160,0.0028939602182794775,0.08311688311688312,,,,,,,,,,,,,,,,,,,,,
,,,,,,,,,,,,,,,,,,,,,,,,,,,,,,,,,,,,,0,2.5896189238309226,79.5982480962992,4.69622464299202,3,1331200,0.88,191.17,,,,,,,,,,,,,
,,,,,,,,,,,,,,,,,,,,,,,,,,,,,,,,,,,,,1,4.569071096762013,117.22707665040531,4.160379015312064,3,1331200,0.6,217.35,,,,,,,,,,,,,
,,,,,,,,,,,,,,,,,,,,,,,,,,,,,,,,,,,,,,,,,3,1331200,,,0.88,0.88,0,0.28,0,0,0,145.8,0.6,0,0.0,0.88,6.0
0.911673386891683,181.85,2319360,1,6,4.956988334655762,690,0,1359,0,3,,,,,,,,,,,1,3,10,3e-05,9,0.008799999999999999,360,1331200,,,,,,,,,,,,,,,,,,,,,,,,,,,,,
0.911673386891683,183.53,2324480,2,6,4.838380813598633,690,0,227,0,44,0.0016920908,0.0974609375,1.0922237403690815,-0.577011087257415,0.0009247721012798138,3611,0.6530719995498657,3e-05,0.08,1.76142418384552,,,,,,,,,,,,,,,,,,,,,,,,,,,,,,,,,,,,,
1.005829632282257,179.52,2329600,3,6,4.955967426300049,696,6,159,6,96,0.0010323604,0.06669921875,0.8046011696918868,-0.5682288714684546,-0.0008992419854621403,3619,0.690584659576416,3e-05,0.08,0.47610339522361755,,,,,,,,,,,,,,,,,,,,,,,,,,,,,,,,,,,,,
1.005829632282257,176.91,2334720,4,6,5.097854137420654,696,0,142,0,143,0.0015025365,0.065087890625,1.2964581383625045,-0.5526797753758729,-0.0008111560237011872,3627,0.824251651763916,3e-05,0.08,0.13430973887443542,,,,,,,,,,,,,,,,,,,,,,,,,,,,,,,,,,,,,
1.005829632282257,172.31,2339840,5,6,5.284665107727051,696,0,129,0,197,0.000806522,0.0671630859375,0.925562233524397,-0.5607464027591049,-0.0008649920200696215,3635,0.693987250328064,3e-05,0.08,0.14621931314468384,,,,,,,,,,,,,,,,,,,,,,,,,,,,,,,,,,,,,
1.005829632282257,,,,6,,696,0,,,,0.0010098253,0.0706298828125,1.0903721338836476,-0.5551647908985615,-0.00015043202292872593,3643,0.7425780892372131,3e-05,0.08,0.8412896394729614,,,,,,,,,0.8758460283279419,47.916666666666664,0.009833859489856211,1925,0.5763888888888888,161,0.002910447501668491,0.08363636363636363,,,,,,,,,,,,,,,,,,,,,
,,,,,,,,,,,,,,,,,,,,,,,,,,,,,,,,,,,,,0,2.2839222166905744,61.791750258428515,5.162700514048338,3,1356800,0.96,172.86,,,,,,,,,,,,,
,,,,,,,,,,,,,,,,,,,,,,,,,,,,,,,,,,,,,1,3.559193398189038,113.95390471589815,5.126591897010803,3,1356800,0.68,195.26,,,,,,,,,,,,,
,,,,,,,,,,,,,,,,,,,,,,,,,,,,,,,,,,,,,,,,,3,1356800,,,0.96,0.96,0,0.2799999999999999,1,0,0,145.8,0.68,0,0.0,0.96,6.0
1.005829632282257,170.57,2344960,1,6,5.365241527557373,696,0,1418,0,3,,,,,,,,,,,1,3,10,3e-05,9,0.0089,360,1356800,,,,,,,,,,,,,,,,,,,,,,,,,,,,,
0.9537778769930204,185.4,2350080,2,6,4.846884250640869,702,6,233,6,43,0.0013017496,0.07783203125,1.6306879644282162,-0.5777428232133388,0.00016119282227009535,3651,0.6917718648910522,3e-05,0.08,1.810784101486206,,,,,,,,,,,,,,,,,,,,,,,,,,,,,,,,,,,,,
0.9537778769930204,191.22,2355200,3,6,4.6405487060546875,702,0,178,0,86,0.000776522,0.063037109375,1.1493529245257377,-0.574678221065551,0.0003206617140676826,3659,0.8260445594787598,3e-05,0.08,0.33928993344306946,,,,,,,,,,,,,,,,,,,,,,,,,,,,,,,,,,,,,
0.9537778769930204,183.84,2360320,4,6,4.851425647735596,702,0,159,0,128,0.0019949062,0.0866943359375,1.563635724922642,-0.5709733771160245,-0.0001865280413767323,3667,0.7573540210723877,3e-05,0.08,0.3733421564102173,,,,,,,,,,,,,,,,,,,,,,,,,,,,,,,,,,,,,
0.9537778769930204,178.52,2365440,5,6,4.977405548095703,702,0,147,0,173,0.0012339905,0.0817138671875,2.1751116053783335,-0.5895397729240358,-0.0007649149702046998,3675,0.49409860372543335,3e-05,0.08,0.3554476797580719,,,,,,,,,,,,,,,,,,,,,,,,,,,,,,,,,,,,,
0.9537778769930204,,,,6,,702,0,,,,0.001728246,0.09111328125,1.0591101394442375,-0.5949575314298272,2.768381964415312e-05,3683,0.6709726452827454,3e-05,0.08,0.6091406941413879,,,,,,,,,0.8748113512992859,47.75,0.009783009217552742,1925,0.5757378472222222,157,0.002866398675233315,0.08155844155844155,,,,,,,,,,,,,,,,,,,,,
,,,,,,,,,,,,,,,,,,,,,,,,,,,,,,,,,,,,,0,2.0372756821213556,62.62311394365502,5.250391268134117,3,1382400,0.94,173.16,,,,,,,,,,,,,
,,,,,,,,,,,,,,,,,,,,,,,,,,,,,,,,,,,,,1,3.045212419187402,119.68804284472198,4.6633068668842315,3,1382400,0.57,222.82,,,,,,,,,,,,,
,,,,,,,,,,,,,,,,,,,,,,,,,,,,,,,,,,,,,,,,,3,1382400,,,0.94,0.94,0,0.37,1,0,0,145.8,0.57,0,0.0,0.94,6.0
0.9651912053426107,176.13,2370560,1,6,5.029084205627441,708,6,1679,6,3,,,,,,,,,,,1,3,10,3e-05,9,0.009000000000000001,360,1382400,,,,,,,,,,,,,,,,,,,,,,,,,,,,,
0.9651912053426107,175.89,2375680,2,6,5.035327434539795,708,0,225,0,45,0.0012172794,0.0760009765625,1.3132098133675754,-0.5629602721892297,-0.00026816327444976194,3691,0.8174553513526917,3e-05,0.08,0.9729734659194946,,,,,,,,,,,,,,,,,,,,,,,,,,,,,,,,,,,,,
0.9651912053426107,180.74,2380800,3,6,4.8886823654174805,708,0,162,0,94,0.00081189256,0.0636962890625,1.357730089733377,-0.5761210164986551,-0.0010285038209985943,3699,0.8121721148490906,3e-05,0.08,1.88538658618927,,,,,,,,,,,,,,,,,,,,,,,,,,,,,,,,,,,,,
0.9651912053426107,177.67,2385920,4,6,5.086202144622803,708,0,145,0,140,0.0011166375,0.0764892578125,1.5297727496363223,-0.5658669342286885,-1.92575782421045e-05,3707,0.783778965473175,3e-05,0.08,5.6583075523376465,,,,,,,,,,,,,,,,,,,,,,,,,,,,,,,,,,,,,
1.0609179039796193,171.23,2391040,5,6,5.351513862609863,714,6,135,6,188,0.00091858284,0.0836669921875,1.9515075476374477,-0.5681502586230636,0.00021131254034116863,3715,0.7872238159179688,3e-05,0.08,0.5751782655715942,,,,,,,,,,,,,,,,,,,,,,,,,,,,,,,,,,,,,
1.0609179039796193,,,,6,,714,6,,,,0.0013007701,0.0828125,1.9294290096964688,-0.5599184195511043,2.5762336736079306e-05,3723,0.8144747018814087,3e-05,0.08,0.2619008719921112,,,,,,,,,0.8724856376647949,47.583333333333336,0.009804629418741648,1925,0.5750868055555555,164,0.0029132281434783983,0.0851948051948052,,,,,,,,,,,,,,,,,,,,,
,,,,,,,,,,,,,,,,,,,,,,,,,,,,,,,,,,,,,0,2.542191480956147,63.89037486194614,4.887929965257644,3,1408000,0.97,178.4,,,,,,,,,,,,,
,,,,,,,,,,,,,,,,,,,,,,,,,,,,,,,,,,,,,1,3.2228733866985304,114.97752997868758,5.027044325768948,3,1408000,0.65,204.26,,,,,,,,,,,,,
,,,,,,,,,,,,,,,,,,,,,,,,,,,,,,,,,,,,,,,,,3,1408000,,,0.97,0.97,0,0.31999999999999995,1,0,0,145.8,0.65,0,0.0,0.97,6.0
1.0609179039796193,176.92,2396160,1,6,5.167216777801514,714,0,1529,0,3,,,,,,,,,,,1,3,10,3e-05,9,0.0091,360,1408000,,,,,,,,,,,,,,,,,,,,,,,,,,,,,
1.0609179039796193,172.99,2401280,2,6,5.18571662902832,714,0,198,0,51,0.0012270671,0.0730712890625,1.4742253661737776,-0.563813261501491,0.0005515016906429082,3731,0.8356205821037292,3e-05,0.08,0.11070044338703156,,,,,,,,,,,,,,,,,,,,,,,,,,,,,,,,,,,,,
1.0609179039796193,170.85,2406400,3,6,5.362371444702148,714,0,157,0,97,0.0022538486,0.1048583984375,2.6981814600294456,-0.5470919150859117,-0.000833982000767719,3739,0.6976708769798279,3e-05,0.08,0.16855187714099884,,,,,,,,,,,,,,,,,,,,,,,,,,,,,,,,,,,,,
0.9835406815012296,173.55,2411520,4,6,5.2349653244018555,720,6,145,6,140,0.0013614801,0.0793701171875,1.9090538860065862,-0.5586660450324417,0.0004778704940690659,3747,0.7971572875976562,3e-05,0.08,0.2985179126262665,,,,,,,,,,,,,,,,,,,,,,,,,,,,,,,,,,,,,
0.9835406815012296,176.77,2416640,5,6,5.159244537353516,720,0,139,0,184,0.001173734,0.080322265625,1.5853161114035175,-0.5965123889036477,0.00020314043504185975,3755,0.8362565040588379,3e-05,0.08,0.6810621023178101,,,,,,,,,,,,,,,,,,,,,,,,,,,,,,,,,,,,,
0.9835406815012296,,,,6,,720,0,,,,0.0012963957,0.0872802734375,1.564742385863792,-0.5793120997026563,-0.0001440822714357637,3763,0.7990446090698242,3e-05,0.08,1.3959919214248657,,,,,,,,,0.8728408217430115,47.5,0.009755005353933305,1925,0.5747612847222222,164,0.0028775238388119503,0.0851948051948052,,,,,,,,,,,,,,,,,,,,,
,,,,,,,,,,,,,,,,,,,,,,,,,,,,,,,,,,,,,0,2.3624574289711857,68.77175219521457,4.765662004984915,3,1433600,0.93,185.81,,,,,,,,,,,,,
,,,,,,,,,,,,,,,,,,,,,,,,,,,,,,,,,,,,,1,3.0766182509147586,109.61252620024776,5.3699763083457945,3,1433600,0.71,189.79,,,,,,,,,,,,,
,,,,,,,,,,,,,,,,,,,,,,,,,,,,,,,,,,,,,,,,,3,1433600,,,0.93,0.93,0,0.22000000000000008,0,0,0,145.8,0.71,0,0.0,0.93,6.0
0.9835406815012296,175.95,2421760,1,6,5.207363128662109,720,0,1441,0,3,,,,,,,,,,,1,3,10,3e-05,9,0.0092,360,1433600,,,,,,,,,,,,,,,,,,,,,,,,,,,,,
0.9835406815012296,180.09,2426880,2,6,5.0305585861206055,720,0,205,0,49,0.00084277365,0.0594970703125,1.6644707823637872,-0.580000517424196,-0.0005289117078064009,3771,0.8276574611663818,3e-05,0.08,0.2331717610359192,,,,,,,,,,,,,,,,,,,,,,,,,,,,,,,,,,,,,
1.0186563755075138,184.87,2432000,3,6,4.839437961578369,726,6,164,6,93,0.00086399476,0.0627197265625,1.5918288699118421,-0.5788366485387086,-0.0002328449016204104,3779,0.8213593363761902,3e-05,0.08,0.4044514000415802,,,,,,,,,,,,,,,,,,,,,,,,,,,,,,,,,,,,,
1.0186563755075138,190.01,2437120,4,6,4.664433479309082,726,0,156,0,130,0.0011971939,0.0728515625,1.3972734899667558,-0.5752179601229728,0.0002333668788196519,3787,0.8654414415359497,3e-05,0.08,0.05540526658296585,,,,,,,,,,,,,,,,,,,,,,,,,,,,,,,,,,,,,
1.0186563755075138,185.85,2442240,5,6,4.847932815551758,726,0,144,0,177,0.0012073487,0.087744140625,1.1067150640417822,-0.5598302641883492,0.0004770566898514517,3795,0.8697338104248047,3e-05,0.08,1.1859172582626343,,,,,,,,,,,,,,,,,,,,,,,,,,,,,,,,,,,,,
1.0186563755075138,,,,6,,726,0,,,,0.0012456605,0.0815673828125,1.5187605432001874,-0.5595527472905815,0.00013426945370156317,3803,0.7926193475723267,3e-05,0.08,0.02858719415962696,,,,,,,,,0.8701469302177429,47.333333333333336,0.009768900628771558,1925,0.5741102430555555,162,0.002915204164988781,0.08415584415584415,,,,,,,,,,,,,,,,,,,,,
,,,,,,,,,,,,,,,,,,,,,,,,,,,,,,,,,,,,,0,2.233563394678312,59.33437115197228,5.525193548053503,3,1459200,0.97,163.82,,,,,,,,,,,,,
,,,,,,,,,,,,,,,,,,,,,,,,,,,,,,,,,,,,,1,3.342421763373384,117.00243544473766,4.78997668530792,3,1459200,0.62,211.51,,,,,,,,,,,,,
,,,,,,,,,,,,,,,,,,,,,,,,,,,,,,,,,,,,,,,,,3,1459200,,,0.97,0.97,0,0.35,1,0,0,145.8,0.62,0,0.0,0.97,6.0
1.0186563755075138,188.7,2447360,1,6,4.776941299438477,726,0,1350,0,3,,,,,,,,,,,1,3,10,3e-05,9,0.009300000000000001,360,1459200,,,,,,,,,,,,,,,,,,,,,,,,,,,,,
1.0010766337315242,180.26,2452480,2,6,4.95649528503418,732,6,231,6,44,0.0020366977,0.1016845703125,1.838085898134159,-0.5805837241001427,0.0013049576606135815,3811,0.7596765160560608,3e-05,0.08,0.39590978622436523,,,,,,,,,,,,,,,,,,,,,,,,,,,,,,,,,,,,,
1.0010766337315242,180.2,2457600,3,6,4.96137809753418,732,0,171,0,89,0.0012988268,0.0899658203125,1.6842219672631473,-0.6024261521175504,0.00024060288560576737,3819,0.7344729900360107,3e-05,0.08,1.3236852884292603,,,,,,,,,,,,,,,,,,,,,,,,,,,,,,,,,,,,,
1.0010766337315242,186.84,2462720,4,6,4.713014602661133,732,0,151,0,135,0.0012024954,0.0970947265625,1.8802672750083729,-0.5951602759771049,0.00024707535631023346,3827,0.7117979526519775,3e-05,0.08,0.6524602770805359,,,,,,,,,,,,,,,,,,,,,,,,,,,,,,,,,,,,,
1.0286486943562825,168.06,2467840,5,6,5.469557285308838,738,6,142,6,179,0.0008019889,0.0689453125,1.2308299159747549,-0.5839528528042137,-0.00022823684412287548,3835,0.7771589159965515,3e-05,0.08,0.04472348093986511,,,,,,,,,,,,,,,,,,,,,,,,,,,,,,,,,,,,,
1.0286486943562825,,,,6,,738,6,,,,0.0009842679,0.0528076171875,1.1145012311870233,-0.5792280514724553,-0.0006657769903540611,3843,0.6671494841575623,3e-05,0.08,0.0306764617562294,,,,,,,,,0.8691704869270325,47.166666666666664,0.009730118098637205,1925,0.5734592013888888,164,0.0029117337116923224,0.0851948051948052,,,,,,,,,,,,,,,,,,,,,
,,,,,,,,,,,,,,,,,,,,,,,,,,,,,,,,,,,,,0,2.308908187253821,61.28126222590393,5.627422677278519,3,1484800,0.97,161.37,,,,,,,,,,,,,
,,,,,,,,,,,,,,,,,,,,,,,,,,,,,,,,,,,,,1,3.2391053226988267,114.42801405250378,4.828743278086185,3,1484800,0.64,208.64,,,,,,,,,,,,,
,,,,,,,,,,,,,,,,,,,,,,,,,,,,,,,,,,,,,,,,,3,1484800,,,0.97,0.97,0,0.32999999999999996,1,0,0,145.8,0.64,0,0.0,0.97,6.0
1.0286486943562825,163.7,2472960,1,6,5.579785346984863,738,0,1416,0,3,,,,,,,,,,,1,3,10,3e-05,9,0.009400000000000002,360,1484800,,,,,,,,,,,,,,,,,,,,,,,,,,,,,
1.0286486943562825,165.18,2478080,2,6,5.516195297241211,738,0,196,0,52,0.0016656095,0.065869140625,1.226748472766485,-0.5653649660758674,-0.00034032237599603834,3851,0.6634110808372498,3e-05,0.08,2.504626989364624,,,,,,,,,,,,,,,,,,,,,,,,,,,,,,,,,,,,,
1.0286486943562825,167.72,2483200,3,6,5.397190093994141,738,0,157,0,97,0.00081173173,0.0783447265625,1.1356669316708576,-0.5560501022264361,-0.0008123644802253693,3859,0.8251075744628906,3e-05,0.08,0.1874842643737793,,,,,,,,,,,,,,,,,,,,,,,,,,,,,,,,,,,,,
1.0612189744909604,171.46,2488320,4,6,5.284693717956543,744,6,139,6,146,0.0011793618,0.07392578125,1.425907444069162,-0.5698195658624172,-0.00024166647344827651,3867,0.7180129289627075,3e-05,0.08,0.3004886209964752,,,,,,,,,,,,,,,,,,,,,,,,,,,,,,,,,,,,,
1.0612189744909604,164.44,2493440,5,6,5.536224842071533,744,0,131,0,194,0.0015257238,0.103515625,1.2752590792719274,-0.5615329088643193,0.0003428361174883321,3875,0.7333720922470093,3e-05,0.08,0.3471985161304474,,,,,,,,,,,,,,,,,,,,,,,,,,,,,,,,,,,,,
1.0612189744909604,,,,6,,744,0,,,,0.0008671094,0.082958984375,1.7281043632887303,-0.5580588361248374,-0.0004842123482376337,3883,0.7888157963752747,3e-05,0.08,3.103151798248291,,,,,,,,,0.8673294186592102,47.083333333333336,0.009716254463408057,1925,0.5731336805555555,165,0.0029237575548738837,0.08571428571428572,,,,,,,,,,,,,,,,,,,,,
,,,,,,,,,,,,,,,,,,,,,,,,,,,,,,,,,,,,,0,2.0015589770655406,59.65267051859456,5.437643524948507,3,1510400,0.95,168.33,,,,,,,,,,,,,
,,,,,,,,,,,,,,,,,,,,,,,,,,,,,,,,,,,,,1,2.915449377204218,108.31218352521566,5.471203081449493,3,1510400,0.72,188.03,,,,,,,,,,,,,
,,,,,,,,,,,,,,,,,,,,,,,,,,,,,,,,,,,,,,,,,3,1510400,,,0.95,0.95,0,0.22999999999999998,1,0,0,145.8,0.72,0,0.0,0.95,6.0
1.0612189744909604,163.33,2498560,1,6,5.496563911437988,744,0,1447,0,3,,,,,,,,,,,1,3,10,3e-05,9,0.009500000000000001,360,1510400,,,,,,,,,,,,,,,,,,,,,,,,,,,,,
1.0612189744909604,170.11,2503680,2,6,5.248415946960449,744,0,221,0,46,0.0009435501,0.0785400390625,1.7649680154398084,-0.5787088068202138,-0.00022827288339613005,3891,0.7977825999259949,3e-05,0.08,0.12742187082767487,,,,,,,,,,,,,,,,,,,,,,,,,,,,,,,,,,,,,
1.1101712733507156,171.08,2508800,3,6,5.256816864013672,750,6,169,6,90,0.0008498922,0.0673583984375,1.806719134876039,-0.5736146470531821,-0.00014030087913852185,3899,0.8161342144012451,3e-05,0.08,1.0344796180725098,,,,,,,,,,,,,,,,,,,,,,,,,,,,,,,,,,,,,
1.1101712733507156,172.91,2513920,4,6,5.218327045440674,750,0,150,0,135,0.0014725201,0.0871826171875,1.8812743098009377,-0.5796635835431516,-9.99370968202129e-05,3907,0.8073619604110718,3e-05,0.08,2.656569480895996,,,,,,,,,,,,,,,,,,,,,,,,,,,,,,,,,,,,,
1.1101712733507156,168.49,2519040,5,6,5.424592971801758,750,0,139,0,183,0.0009208916,0.0789794921875,0.9077410693978891,-0.5863947045058012,-0.0008446030406048521,3915,0.8260753750801086,3e-05,0.08,0.08122200518846512,,,,,,,,,,,,,,,,,,,,,,,,,,,,,,,,,,,,,
1.1101712733507156,,,,6,,750,0,,,,0.0013802433,0.087109375,1.1445400895434432,-0.5813220319338143,0.0006358900369377807,3923,0.7465680837631226,3e-05,0.08,0.6526849269866943,,,,,,,,,0.8651750683784485,46.916666666666664,0.009656580554613712,1925,0.5724826388888888,165,0.002882439906167691,0.08571428571428572,,,,,,,,,,,,,,,,,,,,,
,,,,,,,,,,,,,,,,,,,,,,,,,,,,,,,,,,,,,0,2.514460114890616,69.989098436828,4.962790648043156,3,1536000,0.94,180.19,,,,,,,,,,,,,
,,,,,,,,,,,,,,,,,,,,,,,,,,,,,,,,,,,,,1,2.8825547034404853,106.62837145900708,5.668507241010666,3,1536000,0.74,181.48,,,,,,,,,,,,,
,,,,,,,,,,,,,,,,,,,,,,,,,,,,,,,,,,,,,,,,,3,1536000,,,0.94,0.94,0,0.19999999999999996,1,0,0,145.8,0.74,0,0.0,0.94,6.0
1.1101712733507156,173.37,2524160,1,6,5.217416286468506,750,0,1491,0,3,,,,,,,,,,,1,3,10,3e-05,9,0.009600000000000001,360,1536000,,,,,,,,,,,,,,,,,,,,,,,,,,,,,
1.1268127684791882,174.16,2529280,2,6,5.093420028686523,756,6,221,6,46,0.00088816526,0.0640625,1.2156851259816903,-0.5455513095483184,0.00028113843291066587,3931,0.8203680515289307,3e-05,0.08,0.3807049095630646,,,,,,,,,,,,,,,,,,,,,,,,,,,,,,,,,,,,,
1.1268127684791882,174.04,2534400,3,6,5.137191295623779,756,0,162,0,94,0.0015446281,0.0911376953125,1.6362560055917128,-0.608671401347965,0.0004788398218806833,3939,0.8565404415130615,3e-05,0.08,0.7987073063850403,,,,,,,,,,,,,,,,,,,,,,,,,,,,,,,,,,,,,
1.1268127684791882,180.26,2539520,4,6,4.983800888061523,756,0,151,0,135,0.00067711633,0.0716552734375,1.3153848121874034,-0.5740758148021996,-0.0005321280215866864,3947,0.8209775686264038,3e-05,0.08,0.7921206951141357,,,,,,,,,,,,,,,,,,,,,,,,,,,,,,,,,,,,,
1.1268127684791882,166.92,2544640,5,6,5.449706554412842,756,0,140,0,181,0.0019407496,0.081396484375,1.6512516543851234,-0.5795470274053514,0.0006171074986923486,3955,0.8317252993583679,3e-05,0.08,0.25606071949005127,,,,,,,,,,,,,,,,,,,,,,,,,,,,,,,,,,,,,
1.1268127684791882,,,,6,,756,0,,,,0.0018374806,0.1093017578125,1.2585936275543645,-0.5930099632591009,1.3827558723278343e-05,3963,0.7245619297027588,3e-05,0.08,0.26518556475639343,,,,,,,,,0.8610120415687561,46.916666666666664,0.009612189178197592,1925,0.5724826388888888,166,0.0028511695413609007,0.08623376623376623,,,,,,,,,,,,,,,,,,,,,
,,,,,,,,,,,,,,,,,,,,,,,,,,,,,,,,,,,,,0,2.4420910157140616,67.1730146710716,5.053836551671847,3,1561600,0.95,177.31,,,,,,,,,,,,,
,,,,,,,,,,,,,,,,,,,,,,,,,,,,,,,,,,,,,1,3.4514320472175775,105.61958341141096,5.528490895926953,3,1561600,0.75,178.94,,,,,,,,,,,,,
,,,,,,,,,,,,,,,,,,,,,,,,,,,,,,,,,,,,,,,,,3,1561600,,,0.95,0.95,0,0.19999999999999996,1,0,0,145.8,0.75,0,0.0,0.95,6.0
1.0718996028105419,171.5,2549760,1,6,5.2975921630859375,762,6,1957,6,2,,,,,,,,,,,1,3,10,3e-05,9,0.009700000000000002,360,1561600,,,,,,,,,,,,,,,,,,,,,,,,,,,,,
1.0718996028105419,176.79,2554880,2,6,5.219851016998291,762,0,222,0,45,0.0014420289,0.096044921875,1.0256529633887113,-0.5908910946920514,-0.0005263093684334308,3971,0.807348370552063,3e-05,0.08,0.0497015118598938,,,,,,,,,,,,,,,,,,,,,,,,,,,,,,,,,,,,,
1.0718996028105419,177.7,2560000,3,6,5.175710678100586,762,0,177,0,86,0.0011061052,0.075634765625,1.1137039099819959,-0.5949900631792844,0.00010663817956810818,3979,0.8508924841880798,3e-05,0.08,0.2095070630311966,,,,,,,,,,,,,,,,,,,,,,,,,,,,,,,,,,,,,
1.0718996028105419,176.89,2565120,4,6,5.152082920074463,762,0,155,0,132,0.0026537534,0.1034423828125,1.4111830006702804,-0.597627475578338,0.0004882991182967089,3987,0.75635826587677,3e-05,0.08,0.5238817930221558,,,,,,,,,,,,,,,,,,,,,,,,,,,,,,,,,,,,,
1.0368992686271667,183.18,2570240,5,6,4.968082904815674,768,6,146,6,174,0.0011301561,0.087841796875,1.3343187258811668,-0.5938606752082706,-3.6887072201352564e-05,3995,0.7568102478981018,3e-05,0.08,0.29151540994644165,,,,,,,,,,,,,,,,,,,,,,,,,,,,,,,,,,,,,
1.0368992686271667,,,,6,,768,6,,,,0.0016058335,0.079443359375,1.0018215312389658,-0.5865198926068842,-0.0006154244067147375,4003,0.8128452897071838,3e-05,0.08,0.40900641679763794,,,,,,,,,0.8618171215057373,46.583333333333336,0.00955891084124983,1925,0.5706380208333334,167,0.0028178782623441514,0.08675324675324675,,,,,,,,,,,,,,,,,,,,,
,,,,,,,,,,,,,,,,,,,,,,,,,,,,,,,,,,,,,0,2.3900227678970514,64.19445069474463,5.424270208254456,3,1587200,0.96,167.05,,,,,,,,,,,,,
,,,,,,,,,,,,,,,,,,,,,,,,,,,,,,,,,,,,,1,3.8305251805776726,115.82218224502591,4.867283734083176,3,1587200,0.65,202.89,,,,,,,,,,,,,
,,,,,,,,,,,,,,,,,,,,,,,,,,,,,,,,,,,,,,,,,3,1587200,,,0.96,0.96,0,0.30999999999999994,1,0,0,145.8,0.65,0,0.0,0.96,6.0
1.0368992686271667,177.01,2575360,1,6,5.096463680267334,768,0,1996,0,2,,,,,,,,,,,1,3,10,3e-05,9,0.009800000000000003,360,1587200,,,,,,,,,,,,,,,,,,,,,,,,,,,,,
1.0368992686271667,175.99,2580480,2,6,5.107654571533203,768,0,210,0,48,0.0015129637,0.1486328125,1.462710925610736,-0.5856941930949688,0.002340726534021087,4011,0.790033221244812,3e-05,0.08,0.385407030582428,,,,,,,,,,,,,,,,,,,,,,,,,,,,,,,,,,,,,
1.0368992686271667,169.81,2585600,3,6,5.366396427154541,768,0,157,0,97,0.0018635861,0.0840087890625,1.6520040787756443,-0.6006671512499452,-0.0006250274513149634,4019,0.6990693807601929,3e-05,0.08,4.143110752105713,,,,,,,,,,,,,,,,,,,,,,,,,,,,,,,,,,,,,
1.0634099692106247,161.45,2590720,4,6,5.6383585929870605,774,6,142,6,143,0.0016828388,0.0789794921875,1.4092476555961184,-0.5670816645957529,-0.0005741833520005457,4027,0.7598705887794495,3e-05,0.08,3.5888404846191406,,,,,,,,,,,,,,,,,,,,,,,,,,,,,,,,,,,,,
1.0634099692106247,162.68,2595840,5,6,5.673364639282227,774,0,134,0,190,0.0011690889,0.0860107421875,1.2203995139221662,-0.5683482989668847,-0.0005430730496300384,4035,0.8034199476242065,3e-05,0.08,0.15101806819438934,,,,,,,,,,,,,,,,,,,,,,,,,,,,,,,,,,,,,
1.0634099692106247,,,,6,,774,0,,,,0.0013723634,0.082421875,1.3748061212187168,-0.5645266493782402,-0.0008549106336431578,4043,0.8264550566673279,3e-05,0.08,0.24464906752109528,,,,,,,,,0.8603447079658508,46.333333333333336,0.00960815687925942,1925,0.5696614583333334,167,0.002886628748669737,0.08675324675324675,,,,,,,,,,,,,,,,,,,,,
,,,,,,,,,,,,,,,,,,,,,,,,,,,,,,,,,,,,,0,1.9618958568269815,57.290152731512244,5.856099200695753,3,1612800,0.96,157.28,,,,,,,,,,,,,
,,,,,,,,,,,,,,,,,,,,,,,,,,,,,,,,,,,,,1,2.647506032085681,95.29705976576614,6.054171180129051,3,1612800,0.81,165.48,,,,,,,,,,,,,
,,,,,,,,,,,,,,,,,,,,,,,,,,,,,,,,,,,,,,,,,3,1612800,,,0.96,0.96,0,0.1499999999999999,1,1,0,145.8,0.81,0,0.0,0.96,6.0
,,,,,,,,,,,,,,,,,,,,,,,,,,,,,,,,,,,,,0,2.471860693577586,67.55106142763412,5.178728895187378,3,1612800,0.95,173.79,,,,,,,,,,,,,
,,,,,,,,,,,,,,,,,,,,,,,,,,,,,,,,,,,,,1,3.784688138037805,115.18382525337489,4.7731726965308185,3,1612800,0.65,204.08,,,,,,,,,,,,,
,,,,,,,,,,,,,,,,,,,,,,,,,,,,,,,,,,,,,,,,,3,1612800,,,0.95,0.95,0,0.29999999999999993,1,0,0,145.8,0.65,0,0.0,0.95,6.0
1.0634099692106247,171.84,2600960,1,6,5.354980945587158,774,0,1998,0,2,,,,,,,,,,,1,3,10,3e-05,9,0.010000000000000002,360,1612800,,,,,,,,,,,,,,,,,,,,,,,,,,,,,
1.0634099692106247,173.26,2606080,2,6,5.2674241065979,774,0,241,0,42,0.0010265214,0.0881591796875,1.460089135169983,-0.5469917225651443,8.384145476156846e-05,4051,0.817920446395874,3e-05,0.08,0.33206576108932495,,,,,,,,,,,,,,,,,,,,,,,,,,,,,,,,,,,,,
1.086581828693549,167.9,2611200,3,6,5.408205032348633,780,6,172,6,89,0.0014353332,0.0776611328125,1.9689209942473098,-0.5581522841006518,-0.00011274217686150224,4059,0.7790157794952393,3e-05,0.08,2.9196014404296875,,,,,,,,,,,,,,,,,,,,,,,,,,,,,,,,,,,,,
1.086581828693549,165.99,2616320,4,6,5.423647880554199,780,0,153,0,133,0.0013065202,0.0982421875,1.7001471215859056,-0.561495762411505,0.00016227204323513434,4067,0.706211507320404,3e-05,0.08,0.5077651143074036,,,,,,,,,,,,,,,,,,,,,,,,,,,,,,,,,,,,,
1.086581828693549,166.48,2621440,5,6,5.3834943771362305,780,0,146,0,175,0.0010674043,0.0625732421875,1.5738012508023531,-0.5720353203825652,-0.0008062818713369779,4075,0.7433122396469116,3e-05,0.08,0.5046361088752747,,,,,,,,,,,,,,,,,,,,,,,,,,,,,,,,,,,,,
1.086581828693549,,,,6,,780,0,,,,0.00095254683,0.07646484375,1.4885948583483697,-0.5338217923417687,-0.00043072043044958266,4083,0.8312071561813354,3e-05,0.08,0.6772162914276123,,,,,,,,,0.8610461354255676,46.333333333333336,0.009557798184494678,1925,0.5696614583333334,168,0.002848057516487017,0.08727272727272728,,,,,,,,,,,,,,,,,,,,,
,,,,,,,,,,,,,,,,,,,,,,,,,,,,,,,,,,,,,0,2.233647415664914,59.84956140190168,5.384676247835159,3,1638400,0.97,167.3,,,,,,,,,,,,,
,,,,,,,,,,,,,,,,,,,,,,,,,,,,,,,,,,,,,1,3.178540834729067,115.97576427857675,5.106407449543476,3,1638400,0.65,202.89,,,,,,,,,,,,,
,,,,,,,,,,,,,,,,,,,,,,,,,,,,,,,,,,,,,,,,,3,1638400,,,0.97,0.97,0,0.31999999999999995,1,0,0,145.8,0.65,0,0.0,0.97,6.0
1.086581828693549,165.4,2626560,1,6,5.44014835357666,780,0,1516,0,3,,,,,,,,,,,1,3,10,3e-05,9,0.010100000000000003,360,1638400,,,,,,,,,,,,,,,,,,,,,,,,,,,,,
1.1144657830397289,160.94,2631680,2,6,5.6054768562316895,786,6,202,6,50,0.00090880756,0.06484375,1.778937780857086,-0.5482400631532073,0.0005606206483207643,4091,0.6806128025054932,3e-05,0.08,2.2976629734039307,,,,,,,,,,,,,,,,,,,,,,,,,,,,,,,,,,,,,
1.1144657830397289,158.98,2636800,3,6,5.707266330718994,786,0,148,0,103,0.0011131458,0.069921875,1.7603152802912518,-0.5625343740917742,-0.000638563244137913,4099,0.6189508438110352,3e-05,0.08,1.2228049039840698,,,,,,,,,,,,,,,,,,,,,,,,,,,,,,,,,,,,,
1.1144657830397289,158.48,2641920,4,6,5.754934787750244,786,0,132,0,154,0.001160905,0.0701416015625,1.5065739192184993,-0.5424676954746246,0.0001040719187585637,4107,0.6287258863449097,3e-05,0.08,0.7926867008209229,,,,,,,,,,,,,,,,,,,,,,,,,,,,,,,,,,,,,
1.1144657830397289,168.78,2647040,5,6,5.427814483642578,786,0,124,0,206,0.0011456676,0.0822021484375,1.7683359265094623,-0.526991540659219,0.00043887402571272103,4115,0.5634298324584961,3e-05,0.08,0.11249841749668121,,,,,,,,,,,,,,,,,,,,,,,,,,,,,,,,,,,,,
1.1144657830397289,,,,6,,786,0,,,,0.0010226617,0.066357421875,1.5502503977739253,-0.5321603494696319,-0.00011288277164567262,4123,0.7188467383384705,3e-05,0.08,0.4176212549209595,,,,,,,,,0.8585343956947327,46.083333333333336,0.009494013407383692,1925,0.5686848958333334,168,0.002809988067776424,0.08727272727272728,,,,,,,,,,,,,,,,,,,,,
,,,,,,,,,,,,,,,,,,,,,,,,,,,,,,,,,,,,,0,2.0516917294341566,65.14775514167775,5.393517836332321,3,1664000,0.93,170.9,,,,,,,,,,,,,
,,,,,,,,,,,,,,,,,,,,,,,,,,,,,,,,,,,,,1,3.1185925493521807,117.71647081016317,4.719622319340706,3,1664000,0.6,217.35,,,,,,,,,,,,,
,,,,,,,,,,,,,,,,,,,,,,,,,,,,,,,,,,,,,,,,,3,1664000,,,0.93,0.93,0,0.33000000000000007,0,0,0,145.8,0.6,0,0.0,0.93,6.0
1.0990514904260635,169.2,2652160,1,6,5.399826526641846,792,6,1532,6,3,,,,,,,,,,,1,3,10,3e-05,9,0.010200000000000004,360,1664000,,,,,,,,,,,,,,,,,,,,,,,,,,,,,
1.0990514904260635,167.95,2657280,2,6,5.421595573425293,792,0,174,0,58,0.0010716831,0.0629150390625,1.0448779969941824,-0.5269813611172139,-0.000756476167589426,4131,0.6853970885276794,3e-05,0.08,0.09634902328252792,,,,,,,,,,,,,,,,,,,,,,,,,,,,,,,,,,,,,
1.0990514904260635,167.18,2662400,3,6,5.450593948364258,792,0,136,0,112,0.0006137805,0.0630615234375,1.3934255735948682,-0.5399073491804302,-0.0002562747977208346,4139,0.7351374626159668,3e-05,0.08,0.14660291373729706,,,,,,,,,,,,,,,,,,,,,,,,,,,,,,,,,,,,,
1.0990514904260635,173.72,2667520,4,6,5.135909557342529,792,0,125,0,162,0.0007054582,0.072216796875,1.362613513332326,-0.5422408421523869,0.00010937051847577095,4147,0.776787519454956,3e-05,0.08,0.4819294512271881,,,,,,,,,,,,,,,,,,,,,,,,,,,,,,,,,,,,,
0.9738565385341644,176.71,2672640,5,6,5.004054069519043,798,6,119,6,214,0.0013687673,0.0687744140625,1.640839944127947,-0.5379824496805667,-0.00036196349683450537,4155,0.7167599201202393,3e-05,0.08,0.19336675107479095,,,,,,,,,,,,,,,,,,,,,,,,,,,,,,,,,,,,,
0.9738565385341644,,,,6,,798,6,,,,0.0007642909,0.054150390625,1.832094082608819,-0.5337736890651286,-7.803543558111414e-05,4163,0.6779106855392456,3e-05,0.08,0.4000745713710785,,,,,,,,,0.856627345085144,46.0,0.00944059529098282,1925,0.568359375,168,0.002783027271701689,0.08727272727272728,,,,,,,,,,,,,,,,,,,,,
,,,,,,,,,,,,,,,,,,,,,,,,,,,,,,,,,,,,,0,2.5190525775893287,71.68133020529125,4.777182172238827,3,1689600,0.93,185.13,,,,,,,,,,,,,
,,,,,,,,,,,,,,,,,,,,,,,,,,,,,,,,,,,,,1,3.3005421475262997,114.34228264294885,5.170250942707062,3,1689600,0.67,197.68,,,,,,,,,,,,,
,,,,,,,,,,,,,,,,,,,,,,,,,,,,,,,,,,,,,,,,,3,1689600,,,0.93,0.93,0,0.26,0,0,0,145.8,0.67,0,0.0,0.93,6.0
0.9738565385341644,177.83,2677760,1,6,4.87513542175293,798,0,1603,0,3,,,,,,,,,,,1,3,10,3e-05,9,0.010300000000000004,360,1689600,,,,,,,,,,,,,,,,,,,,,,,,,,,,,
0.9738565385341644,171.24,2682880,2,6,5.119311809539795,798,0,187,0,54,0.00089852174,0.06875,1.72444515558891,-0.5248660037294031,2.900197432609275e-06,4171,0.6991156339645386,3e-05,0.08,1.3783237934112549,,,,,,,,,,,,,,,,,,,,,,,,,,,,,,,,,,,,,
0.9157976632316908,168.94,2688000,3,6,5.267134189605713,804,6,152,6,101,0.00080531463,0.0710205078125,1.6315282687079162,-0.5523522802628577,-2.076490636682138e-05,4179,0.6187394261360168,3e-05,0.08,1.1656121015548706,,,,,,,,,,,,,,,,,,,,,,,,,,,,,,,,,,,,,
0.9157976632316908,168.88,2693120,4,6,5.262365818023682,804,0,135,0,150,0.0013600879,0.0802734375,1.8297548922011628,-0.5498819685541093,-0.0005321790900779888,4187,0.4478764533996582,3e-05,0.08,0.775486409664154,,,,,,,,,,,,,,,,,,,,,,,,,,,,,,,,,,,,,
0.9157976632316908,168.62,2698240,5,6,5.276532173156738,804,0,128,0,199,0.0011359937,0.08154296875,1.1912671438069082,-0.5393620166927576,1.4797360927332193e-05,4195,0.6389732360839844,3e-05,0.08,0.14132940769195557,,,,,,,,,,,,,,,,,,,,,,,,,,,,,,,,,,,,,
0.9157976632316908,,,,6,,804,0,,,,0.0011230448,0.0602294921875,1.3985915397992357,-0.5318980740383268,-0.0004303490874008276,4203,0.6568307876586914,3e-05,0.08,0.05035381391644478,,,,,,,,,0.8544483780860901,45.833333333333336,0.00943977283453479,1925,0.5677083333333334,162,0.002802494426244958,0.08415584415584415,,,,,,,,,,,,,,,,,,,,,
,,,,,,,,,,,,,,,,,,,,,,,,,,,,,,,,,,,,,0,2.2106794583326135,63.05005233939144,5.293614147901535,3,1715200,0.95,171.47,,,,,,,,,,,,,
,,,,,,,,,,,,,,,,,,,,,,,,,,,,,,,,,,,,,1,3.0384938001628563,109.0523997901926,5.491983292736113,3,1715200,0.72,186.79,,,,,,,,,,,,,
,,,,,,,,,,,,,,,,,,,,,,,,,,,,,,,,,,,,,,,,,3,1715200,,,0.95,0.95,0,0.22999999999999998,1,0,0,145.8,0.72,0,0.0,0.95,6.0
0.9157976632316908,169.13,2703360,1,6,5.304620265960693,804,0,1587,0,3,,,,,,,,,,,1,3,10,3e-05,9,0.010400000000000003,360,1715200,,,,,,,,,,,,,,,,,,,,,,,,,,,,,
1.0314351469278336,166.46,2708480,2,6,5.411801338195801,810,6,189,6,53,0.0009934298,0.06435546875,1.5344224042724819,-0.5336378211155534,-0.0001488475187215954,4211,0.5766143798828125,3e-05,0.08,0.0944497138261795,,,,,,,,,,,,,,,,,,,,,,,,,,,,,,,,,,,,,
1.0314351469278336,169.33,2713600,3,6,5.340224742889404,810,0,158,0,96,0.0013787589,0.0853515625,1.9413062080275267,-0.5431467144750058,0.0007197917846497148,4219,0.6278308629989624,3e-05,0.08,0.41979679465293884,,,,,,,,,,,,,,,,,,,,,,,,,,,,,,,,,,,,,
1.0314351469278336,171.0,2718720,4,6,5.1988091468811035,810,0,149,0,137,0.0018304266,0.1015380859375,1.9793074143119156,-0.5596586680971086,0.0016586138648563066,4227,0.6303669214248657,3e-05,0.08,0.1917775273323059,,,,,,,,,,,,,,,,,,,,,,,,,,,,,,,,,,,,,
1.0314351469278336,180.76,2723840,5,6,4.905942916870117,810,0,135,0,188,0.0021584525,0.0802978515625,2.1241800805786624,-0.5505945510230958,-0.0001431296012015082,4235,0.5514037609100342,3e-05,0.08,2.2888758182525635,,,,,,,,,,,,,,,,,,,,,,,,,,,,,,,,,,,,,
1.0314351469278336,,,,6,,810,0,,,,0.00086181983,0.061767578125,2.338440405018628,-0.5506375508382917,-0.0009492493089055642,4243,0.28451764583587646,3e-05,0.08,0.46034127473831177,,,,,,,,,0.8516411185264587,45.833333333333336,0.009314338075596304,1925,0.5677083333333334,99,0.0027078331326364094,0.05142857142857143,,,,,,,,,,,,,,,,,,,,,
,,,,,,,,,,,,,,,,,,,,,,,,,,,,,,,,,,,,,0,2.0114823291854655,55.69178036299432,5.527330984473228,3,1740800,0.97,164.16,,,,,,,,,,,,,
,,,,,,,,,,,,,,,,,,,,,,,,,,,,,,,,,,,,,1,3.4430234975583516,114.19176677852043,5.005004983693361,3,1740800,0.66,201.98,,,,,,,,,,,,,
,,,,,,,,,,,,,,,,,,,,,,,,,,,,,,,,,,,,,,,,,3,1740800,,,0.97,0.97,0,0.30999999999999994,1,0,0,145.8,0.66,0,0.0,0.97,6.0
0.9150330175956091,173.81,2728960,1,6,5.209763050079346,816,6,1348,6,3,,,,,,,,,,,1,3,10,3e-05,9,0.010500000000000004,360,1740800,,,,,,,,,,,,,,,,,,,,,,,,,,,,,
0.9150330175956091,171.85,2734080,2,6,5.249452590942383,816,0,196,0,52,0.0013923176,0.0620849609375,1.4151854793308303,-0.5743511789478362,-0.0012156953787780366,4251,0.32610374689102173,3e-05,0.08,0.7354256510734558,,,,,,,,,,,,,,,,,,,,,,,,,,,,,,,,,,,,,
0.9150330175956091,177.3,2739200,3,6,4.982542037963867,816,0,147,0,104,0.00094682036,0.0732421875,1.2754731741268188,-0.5621602208353579,4.619334649760276e-05,4259,0.5167688131332397,3e-05,0.08,0.20618164539337158,,,,,,,,,,,,,,,,,,,,,,,,,,,,,,,,,,,,,
0.9150330175956091,186.32,2744320,4,6,4.634340763092041,816,0,132,0,154,0.00046625588,0.0579833984375,1.3909718341194093,-0.5537315564230084,-0.0003544966129993554,4267,0.6879346966743469,3e-05,0.08,0.5145282745361328,,,,,,,,,,,,,,,,,,,,,,,,,,,,,,,,,,,,,
0.9727952467898527,186.47,2749440,5,6,4.663358688354492,822,6,121,6,210,0.0007778323,0.0814453125,1.099232577253133,-0.5880549534223973,0.00015707382844993846,4275,0.7417923808097839,3e-05,0.08,0.2126460075378418,,,,,,,,,,,,,,,,,,,,,,,,,,,,,,,,,,,,,
0.9727952467898527,,,,6,,822,6,,,,0.0015271557,0.0742919921875,1.5722897153696977,-0.5525464163161814,6.861984438728541e-05,4283,0.6714531183242798,3e-05,0.08,0.5199480056762695,,,,,,,,,0.8494282364845276,45.666666666666664,0.009327834043053403,1925,0.5670572916666666,138,0.0027185634111065384,0.07168831168831169,,,,,,,,,,,,,,,,,,,,,
,,,,,,,,,,,,,,,,,,,,,,,,,,,,,,,,,,,,,0,1.8531106574756808,61.47904602382831,5.4192342063784595,3,1766400,0.93,170.37,,,,,,,,,,,,,
,,,,,,,,,,,,,,,,,,,,,,,,,,,,,,,,,,,,,1,3.0593377263718815,108.29253852412917,5.281435040533543,3,1766400,0.71,192.19,,,,,,,,,,,,,
,,,,,,,,,,,,,,,,,,,,,,,,,,,,,,,,,,,,,,,,,3,1766400,,,0.93,0.93,0,0.22000000000000008,0,0,0,145.8,0.71,0,0.0,0.93,6.0
0.9727952467898527,173.75,2754560,1,6,5.175569534301758,822,0,1372,0,3,,,,,,,,,,,1,3,10,3e-05,9,0.010600000000000005,360,1766400,,,,,,,,,,,,,,,,,,,,,,,,,,,,,
0.9727952467898527,167.39,2759680,2,6,5.447067737579346,822,0,178,0,57,0.0015034216,0.08876953125,2.3702488916460425,-0.5526925711892545,0.00039106222684495153,4291,0.638697624206543,3e-05,0.08,0.2451067715883255,,,,,,,,,,,,,,,,,,,,,,,,,,,,,,,,,,,,,
0.9727952467898527,167.19,2764800,3,6,5.3830413818359375,822,0,149,0,102,0.0012763145,0.0878662109375,0.9279228853585664,-0.568712552357465,-0.0006345085887005553,4299,0.7189390659332275,3e-05,0.08,0.0359564833343029,,,,,,,,,,,,,,,,,,,,,,,,,,,,,,,,,,,,,
1.0578255156675975,171.93,2769920,4,6,5.267636775970459,828,6,137,6,148,0.0020428293,0.0950439453125,1.3469302492332644,-0.566908507887274,0.0005286460756906309,4307,0.8127964735031128,3e-05,0.08,1.8829727172851562,,,,,,,,,,,,,,,,,,,,,,,,,,,,,,,,,,,,,
1.0578255156675975,177.55,2775040,5,6,5.030466079711914,828,0,130,0,196,0.0012047917,0.0756103515625,1.3595397792058066,-0.5307483746670186,-1.6623661940684543e-05,4315,0.7462350130081177,3e-05,0.08,0.23824036121368408,,,,,,,,,,,,,,,,,,,,,,,,,,,,,,,,,,,,,
1.0578255156675975,,,,6,,828,0,,,,0.00072277477,0.0524658203125,1.6296592206228524,-0.5301455341279506,-0.0003042538184672594,4323,0.7500085830688477,3e-05,0.08,0.10574228316545486,,,,,,,,,0.8486886024475098,45.416666666666664,0.009351420382196931,1925,0.5660807291666666,100,0.002746091620012567,0.05194805194805195,,,,,,,,,,,,,,,,,,,,,
,,,,,,,,,,,,,,,,,,,,,,,,,,,,,,,,,,,,,0,2.2046982860202995,71.37077553172587,5.388997573852539,3,1792000,0.91,172.82,,,,,,,,,,,,,
,,,,,,,,,,,,,,,,,,,,,,,,,,,,,,,,,,,,,1,3.094470723801368,115.62112090790333,5.110816448256373,3,1792000,0.65,203.42,,,,,,,,,,,,,
,,,,,,,,,,,,,,,,,,,,,,,,,,,,,,,,,,,,,,,,,3,1792000,,,0.91,0.91,0,0.26,0,0,0,145.8,0.65,0,0.0,0.91,6.0
1.0578255156675975,171.26,2780160,1,6,5.2450361251831055,828,0,1403,0,3,,,,,,,,,,,1,3,10,3e-05,9,0.010700000000000005,360,1792000,,,,,,,,,,,,,,,,,,,,,,,,,,,,,
1.0578255156675975,182.16,2785280,2,6,4.806633472442627,828,0,210,0,48,0.0009800694,0.0684814453125,2.1537095274077727,-0.536211949121207,0.00023346519737970083,4331,0.651934027671814,3e-05,0.08,2.3755264282226562,,,,,,,,,,,,,,,,,,,,,,,,,,,,,,,,,,,,,
0.9501228531201681,176.42,2790400,3,6,4.914697170257568,834,6,155,6,98,0.0015931356,0.0963623046875,1.8480856584152208,-0.5696713315322995,0.0008570357589633204,4339,0.732844889163971,3e-05,0.08,0.29607853293418884,,,,,,,,,,,,,,,,,,,,,,,,,,,,,,,,,,,,,
0.9501228531201681,179.7,2795520,4,6,4.87534236907959,834,0,142,0,144,0.0013276457,0.0664794921875,1.4807959045050665,-0.5477467965334654,-0.0005566510517382994,4347,0.745723307132721,3e-05,0.08,0.26842325925827026,,,,,,,,,,,,,,,,,,,,,,,,,,,,,,,,,,,,,
0.9501228531201681,172.25,2800640,5,6,5.199202060699463,834,0,132,0,193,0.0009931581,0.065625,1.3719911338761448,-0.5280483101494611,-0.0004554144252324477,4355,0.7258771657943726,3e-05,0.08,2.3101000785827637,,,,,,,,,,,,,,,,,,,,,,,,,,,,,,,,,,,,,
0.9501228531201681,,,,6,,834,0,,,,0.0010287652,0.069091796875,1.7901861568912865,-0.5357448750175535,-0.00021391133923316376,4363,0.7693145871162415,3e-05,0.08,0.12298856675624847,,,,,,,,,0.8456926941871643,45.166666666666664,0.00932775468244944,1925,0.5651041666666666,162,0.0027587546046288786,0.08415584415584415,,,,,,,,,,,,,,,,,,,,,
,,,,,,,,,,,,,,,,,,,,,,,,,,,,,,,,,,,,,0,2.2222879470885246,62.84638016624346,5.1069104784727095,3,1817600,0.95,175.75,,,,,,,,,,,,,
,,,,,,,,,,,,,,,,,,,,,,,,,,,,,,,,,,,,,1,3.085693965947756,116.68603172616677,4.742589976042509,3,1817600,0.61,215.5,,,,,,,,,,,,,
,,,,,,,,,,,,,,,,,,,,,,,,,,,,,,,,,,,,,,,,,3,1817600,,,0.95,0.95,0,0.33999999999999997,1,0,0,145.8,0.61,0,0.0,0.95,6.0
0.9501228531201681,176.68,2805760,1,6,5.191061973571777,834,0,1240,0,4,,,,,,,,,,,1,3,10,3e-05,9,0.010800000000000004,360,1817600,,,,,,,,,,,,,,,,,,,,,,,,,,,,,
1.1317998692393303,173.17,2810880,2,6,5.289100170135498,840,6,177,6,57,0.0013124126,0.06455078125,1.8977897656615823,-0.5092519101686775,7.823474807082676e-05,4371,0.7989055514335632,3e-05,0.08,0.06762896478176117,,,,,,,,,,,,,,,,,,,,,,,,,,,,,,,,,,,,,
1.1317998692393303,174.34,2816000,3,6,5.228602886199951,840,0,138,0,110,0.0009133777,0.096826171875,1.989713886124082,-0.5465341033414006,0.0009512683056527749,4379,0.7627419233322144,3e-05,0.08,0.9178271889686584,,,,,,,,,,,,,,,,,,,,,,,,,,,,,,,,,,,,,
1.1317998692393303,171.31,2821120,4,6,5.286749839782715,840,0,123,0,165,0.0013857733,0.0750244140625,2.646643143030815,-0.5646317716687917,0.0002414113230770454,4387,0.756094753742218,3e-05,0.08,0.03657722473144531,,,,,,,,,,,,,,,,,,,,,,,,,,,,,,,,,,,,,
1.1317998692393303,170.08,2826240,5,6,5.343003749847412,840,0,121,0,211,0.0014354816,0.07861328125,2.4109831175068392,-0.5745477584190667,-0.0005482145919813774,4395,0.8002749681472778,3e-05,0.08,0.3435221016407013,,,,,,,,,,,,,,,,,,,,,,,,,,,,,,,,,,,,,
1.1317998692393303,,,,6,,840,0,,,,0.00067835994,0.0655029296875,1.3262907052761874,-0.5620381916873157,-0.0011963115088292398,4403,0.7597435116767883,3e-05,0.08,0.1116103082895279,,,,,,,,,0.8454843759536743,45.083333333333336,0.00928890166473701,1925,0.5647786458333334,139,0.0027441471240072525,0.0722077922077922,,,,,,,,,,,,,,,,,,,,,
,,,,,,,,,,,,,,,,,,,,,,,,,,,,,,,,,,,,,0,2.172552564447628,52.68883752750671,5.380483140349388,3,1843200,0.99,164.92,,,,,,,,,,,,,
,,,,,,,,,,,,,,,,,,,,,,,,,,,,,,,,,,,,,1,2.812412203562945,107.6212636982116,5.590030081868171,3,1843200,0.73,184.94,,,,,,,,,,,,,
,,,,,,,,,,,,,,,,,,,,,,,,,,,,,,,,,,,,,,,,,3,1843200,,,0.99,0.99,0,0.26,1,0,0,145.8,0.73,0,0.0,0.99,6.0
1.1839305435617764,171.46,2831360,1,6,5.333126068115234,846,6,990,6,5,,,,,,,,,,,1,3,10,3e-05,9,0.010900000000000005,360,1843200,,,,,,,,,,,,,,,,,,,,,,,,,,,,,
1.1839305435617764,167.72,2836480,2,6,5.443078994750977,846,0,188,0,54,0.0006977109,0.0647216796875,1.0588481396669522,-0.5538848320953548,-2.6025224360637367e-05,4411,0.741156816482544,3e-05,0.08,0.2513009309768677,,,,,,,,,,,,,,,,,,,,,,,,,,,,,,,,,,,,,
1.1839305435617764,167.83,2841600,3,6,5.461379528045654,846,0,147,0,104,0.0011331185,0.073291015625,1.1462316859979182,-0.5741272591985762,-0.001012184664432425,4419,0.7054696083068848,3e-05,0.08,0.0501859188079834,,,,,,,,,,,,,,,,,,,,,,,,,,,,,,,,,,,,,
1.1839305435617764,164.57,2846720,4,6,5.600994110107422,846,0,134,0,152,0.0011514887,0.0764892578125,1.3878974737250247,-0.561288651265204,-0.0004477489230339415,4427,0.7853908538818359,3e-05,0.08,0.1657852977514267,,,,,,,,,,,,,,,,,,,,,,,,,,,,,,,,,,,,,
1.0754191527764003,167.57,2851840,5,6,5.4327473640441895,852,6,128,6,198,0.0014064644,0.0745849609375,1.3210695762420073,-0.5558713008649647,-0.0003056343863136135,4435,0.7572810053825378,3e-05,0.08,1.3245022296905518,,,,,,,,,,,,,,,,,,,,,,,,,,,,,,,,,,,,,
1.0754191527764003,,,,6,,852,6,,,,0.001680363,0.0705322265625,1.2990008028340525,-0.5287283298559486,0.0005633565888274461,4443,0.789474606513977,3e-05,0.08,0.6463359594345093,,,,,,,,,0.842710018157959,44.916666666666664,0.009249507453843146,1925,0.5641276041666666,168,0.0027134707464384882,0.08727272727272728,,,,,,,,,,,,,,,,,,,,,
,,,,,,,,,,,,,,,,,,,,,,,,,,,,,,,,,,,,,0,2.093046664690909,61.33760999582557,5.505160404965282,3,1868800,0.95,166.24,,,,,,,,,,,,,
,,,,,,,,,,,,,,,,,,,,,,,,,,,,,,,,,,,,,1,3.308613557661946,105.705097322693,5.7179750674963,3,1868800,0.76,174.18,,,,,,,,,,,,,
,,,,,,,,,,,,,,,,,,,,,,,,,,,,,,,,,,,,,,,,,3,1868800,,,0.95,0.95,0,0.18999999999999995,1,0,0,145.8,0.76,0,0.0,0.95,6.0
1.0754191527764003,169.49,2856960,1,6,5.360428333282471,852,0,1492,0,3,,,,,,,,,,,1,3,10,3e-05,9,0.011,360,1868800,,,,,,,,,,,,,,,,,,,,,,,,,,,,,
1.0754191527764003,174.18,2862080,2,6,5.223068714141846,852,0,201,0,50,0.0014184931,0.068994140625,1.5294651652802713,-0.5728637998923659,2.5394646218046547e-05,4451,0.7933335304260254,3e-05,0.08,0.03132041171193123,,,,,,,,,,,,,,,,,,,,,,,,,,,,,,,,,,,,,
1.0754191527764003,167.16,2867200,3,6,5.422814846038818,852,0,148,0,103,0.0013344786,0.0723876953125,1.1498785463161767,-0.5342980273999274,-0.00025462967605562883,4459,0.8201620578765869,3e-05,0.08,0.2901347875595093,,,,,,,,,,,,,,,,,,,,,,,,,,,,,,,,,,,,,
1.1312997962037723,164.86,2872320,4,6,5.527719497680664,858,6,133,6,153,0.0008780545,0.0677734375,1.3485495080472902,-0.5223216549493372,-0.00026655866822693496,4467,0.7515126466751099,3e-05,0.08,0.07499381899833679,,,,,,,,,,,,,,,,,,,,,,,,,,,,,,,,,,,,,
1.1312997962037723,161.61,2877440,5,6,5.5916056632995605,858,0,129,0,197,0.0006253524,0.0738525390625,1.6101491671055554,-0.520328732393682,0.0002690796012757346,4475,0.8193579912185669,3e-05,0.08,3.629272699356079,,,,,,,,,,,,,,,,,,,,,,,,,,,,,,,,,,,,,
1.1312997962037723,,,,6,,858,0,,,,0.0015511962,0.0725341796875,2.4375987163279205,-0.5274548797868193,-0.000293464757851325,4483,0.7264833450317383,3e-05,0.08,3.476412296295166,,,,,,,,,0.8411439657211304,44.833333333333336,0.009277595993625022,1925,0.5638020833333334,168,0.002751072484691094,0.08727272727272728,,,,,,,,,,,,,,,,,,,,,
,,,,,,,,,,,,,,,,,,,,,,,,,,,,,,,,,,,,,0,2.4938630763269396,64.07246210346533,5.2608262313529845,3,1894400,0.97,169.86,,,,,,,,,,,,,
,,,,,,,,,,,,,,,,,,,,,,,,,,,,,,,,,,,,,1,3.4325412791143424,109.79698493128123,5.511020192168653,3,1894400,0.73,181.11,,,,,,,,,,,,,
,,,,,,,,,,,,,,,,,,,,,,,,,,,,,,,,,,,,,,,,,3,1894400,,,0.97,0.97,0,0.24,1,0,0,145.8,0.73,0,0.0,0.97,6.0
1.1312997962037723,161.1,2882560,1,6,5.672358989715576,858,0,1073,0,4,,,,,,,,,,,1,3,10,3e-05,9,0.011,360,1894400,,,,,,,,,,,,,,,,,,,,,,,,,,,,,
1.1312997962037723,159.28,2887680,2,6,5.7502899169921875,858,0,186,0,55,0.000627125,0.0651123046875,0.8480642002308741,-0.5476077285595238,-0.0008145235377014614,4491,0.717380166053772,3e-05,0.08,0.15177133679389954,,,,,,,,,,,,,,,,,,,,,,,,,,,,,,,,,,,,,
1.1912255734205246,162.32,2892800,3,6,5.693976402282715,864,6,154,6,99,0.0009344863,0.0606689453125,1.1800590756349265,-0.5296923980116844,-0.00028992093721171843,4499,0.7611967325210571,3e-05,0.08,0.2651498019695282,,,,,,,,,,,,,,,,,,,,,,,,,,,,,,,,,,,,,
1.1912255734205246,161.04,2897920,4,6,5.694232940673828,864,0,139,0,146,0.0011559052,0.06728515625,1.1485402729362248,-0.5237239392474293,-0.0009422158051165752,4507,0.7914169430732727,3e-05,0.08,0.15502318739891052,,,,,,,,,,,,,,,,,,,,,,,,,,,,,,,,,,,,,
1.1912255734205246,161.38,2903040,5,6,5.6390380859375,864,0,131,0,194,0.00082574843,0.0696533203125,1.0943383253645151,-0.5148167422041297,-0.0012756764539517463,4515,0.7263200283050537,3e-05,0.08,0.6303024888038635,,,,,,,,,,,,,,,,,,,,,,,,,,,,,,,,,,,,,
1.1912255734205246,,,,6,,864,0,,,,0.0008357263,0.0818603515625,1.3837506746174768,-0.5195310717448592,0.0007705625845119357,4523,0.8455274105072021,3e-05,0.08,0.024166950955986977,,,,,,,,,0.8404451608657837,44.666666666666664,0.009238396808075268,1925,0.5631510416666666,170,0.002713720749919497,0.08831168831168831,,,,,,,,,,,,,,,,,,,,,
,,,,,,,,,,,,,,,,,,,,,,,,,,,,,,,,,,,,,0,2.657969548584085,70.97112863693236,5.32682950630784,3,1920000,0.94,170.17,,,,,,,,,,,,,
,,,,,,,,,,,,,,,,,,,,,,,,,,,,,,,,,,,,,1,2.9071898125144386,108.09310801341591,5.7206179651618,3,1920000,0.74,179.4,,,,,,,,,,,,,
,,,,,,,,,,,,,,,,,,,,,,,,,,,,,,,,,,,,,,,,,3,1920000,,,0.94,0.94,0,0.19999999999999996,1,0,0,145.8,0.74,0,0.0,0.94,6.0
1.1920708070198696,160.99,2908160,1,6,5.662181377410889,870,6,1438,6,3,,,,,,,,,,,1,3,10,3e-05,9,0.011,360,1920000,,,,,,,,,,,,,,,,,,,,,,,,,,,,,
1.1920708070198696,162.78,2913280,2,6,5.580324649810791,870,0,217,0,47,0.0011527061,0.083984375,1.4578251771163195,-0.510206613317132,0.000676268374081701,4531,0.8039637207984924,3e-05,0.08,1.6984468698501587,,,,,,,,,,,,,,,,,,,,,,,,,,,,,,,,,,,,,
1.1920708070198696,166.51,2918400,3,6,5.419740676879883,870,0,162,0,94,0.0015358584,0.0826904296875,1.694818331603892,-0.5033809906803072,-0.0010171790840104223,4539,0.7075763940811157,3e-05,0.08,0.1201721727848053,,,,,,,,,,,,,,,,,,,,,,,,,,,,,,,,,,,,,
1.1920708070198696,168.69,2923520,4,6,5.366978168487549,870,0,145,0,140,0.0026316014,0.1012451171875,1.79081688541919,-0.5227902677841485,0.0019339207079610786,4547,0.769178569316864,3e-05,0.08,0.5072823762893677,,,,,,,,,,,,,,,,,,,,,,,,,,,,,,,,,,,,,
1.0265027085940044,179.78,2928640,5,6,5.062218189239502,876,6,141,6,180,0.0014692519,0.103662109375,1.3304195038159379,-0.524215679988265,0.0012015323241939767,4555,0.7701417803764343,3e-05,0.08,0.18984554708003998,,,,,,,,,,,,,,,,,,,,,,,,,,,,,,,,,,,,,
1.0265027085940044,,,,6,,876,6,,,,0.00076973136,0.045361328125,1.455572360381484,-0.5642012500204145,-0.00029709352238569406,4563,0.7594242691993713,3e-05,0.08,0.30223819613456726,,,,,,,,,0.840932309627533,44.5,0.009163783135849876,1925,0.5619574652777778,172,0.0026569341661036496,0.08935064935064935,,,,,,,,,,,,,,,,,,,,,
,,,,,,,,,,,,,,,,,,,,,,,,,,,,,,,,,,,,,0,1.7642703535534285,53.78745206830306,5.756612300425768,3,1945600,0.96,159.1,,,,,,,,,,,,,
,,,,,,,,,,,,,,,,,,,,,,,,,,,,,,,,,,,,,1,3.060125431359815,117.89937404413986,5.200565342009067,3,1945600,0.65,200.76,,,,,,,,,,,,,
,,,,,,,,,,,,,,,,,,,,,,,,,,,,,,,,,,,,,,,,,3,1945600,,,0.96,0.96,0,0.30999999999999994,1,0,0,145.8,0.65,0,0.0,0.96,6.0
1.0265027085940044,184.1,2933760,1,6,4.925053596496582,876,0,1509,0,3,,,,,,,,,,,1,3,10,3e-05,9,0.011,360,1945600,,,,,,,,,,,,,,,,,,,,,,,,,,,,,
1.0265027085940044,182.8,2938880,2,6,4.943913459777832,876,0,231,0,44,0.0012698974,0.0759033203125,1.6024329556617887,-0.5399456811137497,-0.0014397562787053174,4571,0.6633001565933228,3e-05,0.08,0.6964346170425415,,,,,,,,,,,,,,,,,,,,,,,,,,,,,,,,,,,,,
1.0265027085940044,184.19,2944000,3,6,4.884028434753418,876,0,189,0,81,0.0013133287,0.0874755859375,1.4739216144895182,-0.548545444663614,-0.0003259560122387484,4579,0.6910837292671204,3e-05,0.08,0.37156060338020325,,,,,,,,,,,,,,,,,,,,,,,,,,,,,,,,,,,,,
1.0218045661846797,172.93,2949120,4,6,5.201490879058838,882,6,173,6,118,0.0011014082,0.0557861328125,1.3346533563453704,-0.5348571539856494,0.0002100954341585748,4587,0.7338665127754211,3e-05,0.08,0.44465312361717224,,,,,,,,,,,,,,,,,,,,,,,,,,,,,,,,,,,,,
1.0218045661846797,178.84,2954240,5,6,5.076508522033691,882,0,161,0,158,0.0010881328,0.07158203125,2.3344197967089713,-0.5493759594857692,-0.00018005484016612173,4595,0.6421643495559692,3e-05,0.08,0.41878917813301086,,,,,,,,,,,,,,,,,,,,,,,,,,,,,,,,,,,,,
1.0218045661846797,,,,6,,882,0,,,,0.0009795207,0.0749267578125,1.3376475925091653,-0.528588090930134,-1.3146194396540522e-05,4603,0.7304030060768127,3e-05,0.08,0.1514367163181305,,,,,,,,,0.8376227021217346,44.333333333333336,0.009116730074481254,1925,0.5613064236111112,172,0.0026401028456301914,0.08935064935064935,,,,,,,,,,,,,,,,,,,,,
,,,,,,,,,,,,,,,,,,,,,,,,,,,,,,,,,,,,,0,2.149086799466539,67.71963600020307,5.256188198924065,3,1971200,0.92,174.53,,,,,,,,,,,,,
,,,,,,,,,,,,,,,,,,,,,,,,,,,,,,,,,,,,,1,3.0531776994855933,115.34270674819453,5.393519123643637,3,1971200,0.68,193.4,,,,,,,,,,,,,
,,,,,,,,,,,,,,,,,,,,,,,,,,,,,,,,,,,,,,,,,3,1971200,,,0.92,0.92,0,0.24,0,0,0,145.8,0.68,0,0.0,0.92,6.0
1.0218045661846797,172.04,2959360,1,6,5.32921028137207,882,0,1933,0,2,,,,,,,,,,,1,3,10,3e-05,9,0.011,360,1971200,,,,,,,,,,,,,,,,,,,,,,,,,,,,,
1.0218045661846797,171.92,2964480,2,6,5.3710408210754395,882,0,230,0,44,0.0013120817,0.0785400390625,1.357165820512455,-0.5552021861076355,-0.0010331656681955791,4611,0.7025113105773926,3e-05,0.08,0.1467517763376236,,,,,,,,,,,,,,,,,,,,,,,,,,,,,,,,,,,,,
1.1789512758453686,171.05,2969600,3,6,5.325319766998291,888,6,180,6,85,0.001119083,0.0767333984375,1.4066677510738372,-0.532676194049418,0.0010096866149979177,4619,0.7479664087295532,3e-05,0.08,0.20361490547657013,,,,,,,,,,,,,,,,,,,,,,,,,,,,,,,,,,,,,
1.1789512758453686,168.09,2974720,4,6,5.321645736694336,888,0,161,0,126,0.0008997525,0.052587890625,1.4675714164040983,-0.5142985665239393,-0.0009574616691679694,4627,0.7420732975006104,3e-05,0.08,0.40840834379196167,,,,,,,,,,,,,,,,,,,,,,,,,,,,,,,,,,,,,
1.1789512758453686,166.99,2979840,5,6,5.329700469970703,888,0,151,0,168,0.0010030202,0.08291015625,1.071342589147389,-0.519826599676162,0.0006476165246567689,4635,0.7739531993865967,3e-05,0.08,0.11289271712303162,,,,,,,,,,,,,,,,,,,,,,,,,,,,,,,,,,,,,
1.1789512758453686,,,,6,,888,0,,,,0.0012632972,0.0913330078125,0.9933369998179842,-0.5299823056906462,0.00019980981887783854,4643,0.6997885704040527,3e-05,0.08,0.22313976287841797,,,,,,,,,0.8348953723907471,44.083333333333336,0.009115696343116764,1925,0.5603298611111112,173,0.0026654394469385044,0.08987012987012986,,,,,,,,,,,,,,,,,,,,,
,,,,,,,,,,,,,,,,,,,,,,,,,,,,,,,,,,,,,0,1.8875319839327853,50.63105371212414,5.742422898262739,3,1996800,0.98,157.58,,,,,,,,,,,,,
,,,,,,,,,,,,,,,,,,,,,,,,,,,,,,,,,,,,,1,3.1475678617714635,117.33757241395443,5.162507184837014,3,1996800,0.65,201.21,,,,,,,,,,,,,
,,,,,,,,,,,,,,,,,,,,,,,,,,,,,,,,,,,,,,,,,3,1996800,,,0.98,0.98,0,0.32999999999999996,1,0,0,145.8,0.65,0,0.0,0.98,6.0
1.1789512758453686,174.26,2984960,1,6,5.117375373840332,888,0,1897,0,2,,,,,,,,,,,1,3,10,3e-05,9,0.011,360,1996800,,,,,,,,,,,,,,,,,,,,,,,,,,,,,
1.0513577808936436,183.23,2990080,2,6,4.789272308349609,894,6,254,6,40,0.0015248017,0.0928955078125,1.0934007518808357,-0.5257119001355022,0.0005048993436503225,4651,0.7723151445388794,3e-05,0.08,0.78836989402771,,,,,,,,,,,,,,,,,,,,,,,,,,,,,,,,,,,,,
1.0513577808936436,194.84,2995200,3,6,4.539015293121338,894,0,200,0,76,0.0008468695,0.066796875,1.5056792660616338,-0.5447866525501013,0.0008420730926445685,4659,0.8090419769287109,3e-05,0.08,0.5780935883522034,,,,,,,,,,,,,,,,,,,,,,,,,,,,,,,,,,,,,
1.0513577808936436,197.79,3000320,4,6,4.374777317047119,894,0,185,0,110,0.0017280814,0.0816162109375,1.451696502265986,-0.531444610375911,0.0004406448933877982,4667,0.8256558179855347,3e-05,0.08,0.42071232199668884,,,,,,,,,,,,,,,,,,,,,,,,,,,,,,,,,,,,,
1.0513577808936436,191.53,3005440,5,6,4.636226177215576,894,0,173,0,147,0.0011519141,0.0726318359375,1.582875960302772,-0.5298880317248404,0.0005962792580248788,4675,0.7593767642974854,3e-05,0.08,0.7960158586502075,,,,,,,,,,,,,,,,,,,,,,,,,,,,,,,,,,,,,
1.0513577808936436,,,,6,,894,0,,,,0.0011242056,0.064501953125,1.8629997771349736,-0.5374986032955349,-0.0006866374853416346,4683,0.7329964637756348,3e-05,0.08,0.034214816987514496,,,,,,,,,0.8336769342422485,44.083333333333336,0.009052607392331356,1925,0.5603298611111112,173,0.002607252105783,0.08987012987012986,,,,,,,,,,,,,,,,,,,,,
,,,,,,,,,,,,,,,,,,,,,,,,,,,,,,,,,,,,,0,2.5806393578002322,74.95723047178303,5.000684593729675,3,2022400,0.92,180.56,,,,,,,,,,,,,
,,,,,,,,,,,,,,,,,,,,,,,,,,,,,,,,,,,,,1,3.533227277558312,117.78001995245204,5.2147887623310085,3,2022400,0.66,196.63,,,,,,,,,,,,,
,,,,,,,,,,,,,,,,,,,,,,,,,,,,,,,,,,,,,,,,,3,2022400,,,0.92,0.92,0,0.26,0,0,0,145.8,0.66,0,0.0,0.92,6.0
1.0016246636708577,189.92,3010560,1,6,4.633078098297119,900,6,1982,6,2,,,,,,,,,,,1,3,10,3e-05,9,0.011,360,2022400,,,,,,,,,,,,,,,,,,,,,,,,,,,,,
1.0016246636708577,179.07,3015680,2,6,5.00084114074707,900,0,276,0,37,0.0016232945,0.081884765625,1.5813106002402493,-0.5168398460373282,0.001136714448512066,4691,0.7955493927001953,3e-05,0.08,0.33854925632476807,,,,,,,,,,,,,,,,,,,,,,,,,,,,,,,,,,,,,
1.0016246636708577,181.0,3020800,3,6,5.042194843292236,900,0,200,0,76,0.0012745291,0.0822998046875,1.559097324020695,-0.5343174239620566,0.00037239754456095395,4699,0.7123585939407349,3e-05,0.08,1.2274686098098755,,,,,,,,,,,,,,,,,,,,,,,,,,,,,,,,,,,,,
1.0016246636708577,185.72,3025920,4,6,4.917728424072266,900,0,179,0,114,0.0007558124,0.0628662109375,1.8492732399376108,-0.5340472849085927,-5.254069401416928e-06,4707,0.7619009017944336,3e-05,0.08,0.5008252859115601,,,,,,,,,,,,,,,,,,,,,,,,,,,,,,,,,,,,,
0.9999411851167679,186.59,3031040,5,6,4.903020858764648,906,6,171,6,149,0.0008559123,0.0691650390625,1.5359030833467842,-0.5696419450454414,0.00027711185248335823,4715,0.8028717637062073,3e-05,0.08,0.5734255313873291,,,,,,,,,,,,,,,,,,,,,,,,,,,,,,,,,,,,,
0.9999411851167679,,,,6,,906,6,,,,0.0009305718,0.073486328125,1.849075597745832,-0.5655477891676128,9.141202026512474e-05,4723,0.6980235576629639,3e-05,0.08,1.4687767028808594,,,,,,,,,0.8308865427970886,43.833333333333336,0.008990144758854766,1925,0.5593532986111112,106,0.0025720468372623763,0.05506493506493507,,,,,,,,,,,,,,,,,,,,,
,,,,,,,,,,,,,,,,,,,,,,,,,,,,,,,,,,,,,0,2.358945739280781,70.69269481353784,4.98131212040782,3,2048000,0.92,180.77,,,,,,,,,,,,,
,,,,,,,,,,,,,,,,,,,,,,,,,,,,,,,,,,,,,1,3.4045133823877647,113.51421761171594,5.156234797537326,3,2048000,0.68,195.68,,,,,,,,,,,,,
,,,,,,,,,,,,,,,,,,,,,,,,,,,,,,,,,,,,,,,,,3,2048000,,,0.92,0.92,0,0.24,0,0,0,145.8,0.68,0,0.0,0.92,6.0
0.9999411851167679,193.92,3036160,1,6,4.578782558441162,906,0,1793,0,2,,,,,,,,,,,1,3,10,3e-05,9,0.011,360,2048000,,,,,,,,,,,,,,,,,,,,,,,,,,,,,
0.9999411851167679,187.37,3041280,2,6,4.656740188598633,906,0,249,0,40,0.0010095539,0.1049560546875,1.0655696435831488,-0.5747852101922035,0.0006286613308475353,4731,0.6844006776809692,3e-05,0.08,0.32160353660583496,,,,,,,,,,,,,,,,,,,,,,,,,,,,,,,,,,,,,
0.9999411851167679,180.6,3046400,3,6,4.825286388397217,906,0,192,0,79,0.00105161,0.0678955078125,1.1816118763410486,-0.5981349523179234,-0.00032432858424726876,4739,0.7400461435317993,3e-05,0.08,1.014609932899475,,,,,,,,,,,,,,,,,,,,,,,,,,,,,,,,,,,,,
1.1708049327135086,174.46,3051520,4,6,4.989669322967529,912,6,168,6,121,0.00067123317,0.0567138671875,1.452196113485843,-0.5852170400321484,-0.0002640484002768062,4747,0.7806857824325562,3e-05,0.08,1.8028494119644165,,,,,,,,,,,,,,,,,,,,,,,,,,,,,,,,,,,,,
1.1708049327135086,177.51,3056640,5,6,4.9755449295043945,912,0,157,0,162,0.00091191346,0.068408203125,1.0926356553914958,-0.5940622488968075,-0.0007934013236081227,4755,0.8373448848724365,3e-05,0.08,0.18784727156162262,,,,,,,,,,,,,,,,,,,,,,,,,,,,,,,,,,,,,
1.1708049327135086,,,,6,,912,0,,,,0.0011800504,0.0723876953125,1.1763566230307334,-0.5927599432878197,-0.0005600677366601303,4763,0.8674699664115906,3e-05,0.08,0.14014703035354614,,,,,,,,,0.8289955258369446,43.75,0.00902156760214683,1925,0.5580512152777778,166,0.002658594534856384,0.08623376623376623,,,,,,,,,,,,,,,,,,,,,
,,,,,,,,,,,,,,,,,,,,,,,,,,,,,,,,,,,,,0,2.322009801968429,73.61354427005944,4.930715800523758,3,2073600,0.9,184.31,,,,,,,,,,,,,
,,,,,,,,,,,,,,,,,,,,,,,,,,,,,,,,,,,,,1,3.4222566588269863,114.68008501915232,4.683673836477101,3,2073600,0.63,211.91,,,,,,,,,,,,,
,,,,,,,,,,,,,,,,,,,,,,,,,,,,,,,,,,,,,,,,,3,2073600,,,0.9,0.9,0,0.27,0,0,0,145.8,0.63,0,0.0,0.9,6.0
1.1708049327135086,185.37,3061760,1,6,4.74594259262085,912,0,1969,0,2,,,,,,,,,,,1,3,10,3e-05,9,0.011,360,2073600,,,,,,,,,,,,,,,,,,,,,,,,,,,,,
1.1708049327135086,176.94,3066880,2,6,5.071060657501221,912,0,241,0,42,0.0017662009,0.0796142578125,1.3044517814647407,-0.5895769920200109,0.00017921170510817319,4771,0.8406002521514893,3e-05,0.08,0.14178992807865143,,,,,,,,,,,,,,,,,,,,,,,,,,,,,,,,,,,,,
0.9825433269143105,179.7,3072000,3,6,4.900668144226074,918,6,188,6,81,0.0009797902,0.0664306640625,1.1852455760352314,-0.5817047360353171,0.000220179081952665,4779,0.5347687005996704,3e-05,0.08,0.31124043464660645,,,,,,,,,,,,,,,,,,,,,,,,,,,,,,,,,,,,,
0.9825433269143105,175.35,3077120,4,6,4.950006484985352,918,0,168,0,121,0.0010317015,0.059228515625,1.3072726577636786,-0.5884510036557913,-0.00025669867463875564,4787,0.7858899831771851,3e-05,0.08,0.960689902305603,,,,,,,,,,,,,,,,,,,,,,,,,,,,,,,,,,,,,
0.9825433269143105,175.86,3082240,5,6,4.943986415863037,918,0,161,0,158,0.001319509,0.075439453125,2.1008952111005783,-0.6069729561917484,-1.5373615315183998e-05,4795,0.7397844195365906,3e-05,0.08,0.08079411834478378,,,,,,,,,,,,,,,,,,,,,,,,,,,,,,,,,,,,,
0.9825433269143105,,,,6,,918,0,,,,0.0013451229,0.0620361328125,2.1811673790449277,-0.5984047587960959,-0.0008460968005238101,4803,0.665961742401123,3e-05,0.08,0.8608948588371277,,,,,,,,,0.8292539119720459,43.583333333333336,0.008952630273113936,1925,0.5574001736111112,173,0.0025797962956070272,0.08987012987012986,,,,,,,,,,,,,,,,,,,,,
,,,,,,,,,,,,,,,,,,,,,,,,,,,,,,,,,,,,,0,2.2915008982595437,62.11650344312693,5.204237828738988,3,2099200,0.96,172.0,,,,,,,,,,,,,
,,,,,,,,,,,,,,,,,,,,,,,,,,,,,,,,,,,,,1,3.4251541985488347,115.33811859051629,5.071326163304039,3,2099200,0.66,200.28,,,,,,,,,,,,,
,,,,,,,,,,,,,,,,,,,,,,,,,,,,,,,,,,,,,,,,,3,2099200,,,0.96,0.96,0,0.29999999999999993,1,0,0,145.8,0.66,0,0.0,0.96,6.0
0.9825433269143105,173.31,3087360,1,6,5.09003210067749,918,0,2000,0,2,,,,,,,,,,,1,3,10,3e-05,9,0.011,360,2099200,,,,,,,,,,,,,,,,,,,,,,,,,,,,,
1.0694862032930057,176.56,3092480,2,6,5.096393585205078,924,6,247,6,41,0.001071159,0.0939208984375,1.6833958432485816,-0.5827980021014809,-0.0004240429538185708,4811,0.677143931388855,3e-05,0.08,0.6863541007041931,,,,,,,,,,,,,,,,,,,,,,,,,,,,,,,,,,,,,
1.0694862032930057,173.04,3097600,3,6,5.253108024597168,924,0,191,0,80,0.001380652,0.07578125,1.251823186466936,-0.6071958541870117,-0.0006473139277659356,4819,0.750991702079773,3e-05,0.08,0.35809099674224854,,,,,,,,,,,,,,,,,,,,,,,,,,,,,,,,,,,,,
1.0694862032930057,170.15,3102720,4,6,5.377150058746338,924,0,167,0,121,0.0008134543,0.07734375,1.1850290447706358,-0.5818308825604618,-0.0005911240514251404,4827,0.7576484680175781,3e-05,0.08,0.14357063174247742,,,,,,,,,,,,,,,,,,,,,,,,,,,,,,,,,,,,,
1.0694862032930057,171.04,3107840,5,6,5.244015693664551,924,0,155,0,164,0.00093496015,0.089990234375,1.0825715883052909,-0.5755268208682537,-0.00010225948644801975,4835,0.655510425567627,3e-05,0.08,0.3189135491847992,,,,,,,,,,,,,,,,,,,,,,,,,,,,,,,,,,,,,
1.0694862032930057,,,,6,,924,0,,,,0.0009513471,0.0833251953125,1.1130942354328,-0.571527433115989,0.00043937484151683747,4843,0.7855939269065857,3e-05,0.08,0.18139347434043884,,,,,,,,,0.8262816071510315,43.666666666666664,0.008994891740746755,1925,0.5577256944444445,175,0.002650296226765455,0.09090909090909091,,,,,,,,,,,,,,,,,,,,,
,,,,,,,,,,,,,,,,,,,,,,,,,,,,,,,,,,,,,0,2.256225595473149,64.78435845171272,5.410918987691402,3,2124800,0.94,168.63,,,,,,,,,,,,,
,,,,,,,,,,,,,,,,,,,,,,,,,,,,,,,,,,,,,1,3.7149983323787716,115.05766336928626,4.683867439776659,3,2124800,0.64,207.79,,,,,,,,,,,,,
,,,,,,,,,,,,,,,,,,,,,,,,,,,,,,,,,,,,,,,,,3,2124800,,,0.94,0.94,0,0.29999999999999993,1,0,0,145.8,0.64,0,0.0,0.94,6.0
1.1435934181014697,171.43,3112960,1,6,5.119755744934082,930,6,1935,6,2,,,,,,,,,,,1,3,10,3e-05,9,0.011,360,2124800,,,,,,,,,,,,,,,,,,,,,,,,,,,,,
1.1435934181014697,179.28,3118080,2,6,4.760149002075195,930,0,258,0,39,0.001081766,0.101220703125,1.6381082854000852,-0.581628495734185,0.00046008083591004835,4851,0.7333148717880249,3e-05,0.08,0.7157989144325256,,,,,,,,,,,,,,,,,,,,,,,,,,,,,,,,,,,,,
1.1435934181014697,179.36,3123200,3,6,4.834045886993408,930,0,195,0,78,0.0011965694,0.06171875,2.0983811220619826,-0.5830770619213581,-0.00011315023511997424,4859,0.7499863505363464,3e-05,0.08,2.5724287033081055,,,,,,,,,,,,,,,,,,,,,,,,,,,,,,,,,,,,,
1.1058387234807014,178.35,3128320,4,6,4.885598182678223,936,6,165,6,123,0.00093289575,0.0601318359375,1.9753665246069432,-0.6057215908542275,-0.0009802588465390727,4867,0.7049950361251831,3e-05,0.08,1.4483907222747803,,,,,,,,,,,,,,,,,,,,,,,,,,,,,,,,,,,,,
1.1058387234807014,176.52,3133440,5,6,5.014955520629883,936,0,156,0,163,0.0011527629,0.056396484375,1.3535594026499893,-0.5799799352884293,-0.0010325418843422085,4875,0.7624101638793945,3e-05,0.08,1.4600759744644165,,,,,,,,,,,,,,,,,,,,,,,,,,,,,,,,,,,,,
1.1058387234807014,,,,6,,936,0,,,,0.0016947739,0.073486328125,1.5083467236720025,-0.5937313489615917,-0.00040659556398168204,4883,0.8328003883361816,3e-05,0.08,0.3517668545246124,,,,,,,,,0.8253251910209656,43.416666666666664,0.008936922904845875,1925,0.5567491319444445,175,0.0025813513433315173,0.09090909090909091,,,,,,,,,,,,,,,,,,,,,
,,,,,,,,,,,,,,,,,,,,,,,,,,,,,,,,,,,,,0,2.400618011397962,74.76598424417351,4.852984219342471,3,2150400,0.9,186.26,,,,,,,,,,,,,
,,,,,,,,,,,,,,,,,,,,,,,,,,,,,,,,,,,,,1,3.841478895044511,114.4882784393232,4.562894259989261,3,2150400,0.63,211.71,,,,,,,,,,,,,
,,,,,,,,,,,,,,,,,,,,,,,,,,,,,,,,,,,,,,,,,3,2150400,,,0.9,0.9,0,0.27,0,0,0,145.8,0.63,0,0.0,0.9,6.0
1.1058387234807014,172.44,3138560,1,6,5.178159236907959,936,0,1784,0,2,,,,,,,,,,,1,3,10,3e-05,9,0.011,360,2150400,,,,,,,,,,,,,,,,,,,,,,,,,,,,,
1.1058387234807014,177.95,3143680,2,6,4.966455936431885,936,0,235,0,43,0.0010835693,0.07578125,1.806528514868114,-0.5881888007745146,-0.0004108548935619183,4891,0.7823759913444519,3e-05,0.08,0.20386168360710144,,,,,,,,,,,,,,,,,,,,,,,,,,,,,,,,,,,,,
1.1115211223562558,180.25,3148800,3,6,4.9753313064575195,942,6,176,6,86,0.0007647617,0.0650146484375,2.2974009767058305,-0.5623954131267965,-0.00018440457424730993,4899,0.7659047842025757,3e-05,0.08,4.039264678955078,,,,,,,,,,,,,,,,,,,,,,,,,,,,,,,,,,,,,
1.1115211223562558,172.72,3153920,4,6,5.185886383056641,942,0,162,0,125,0.0016642939,0.07880859375,2.0230135998572223,-0.5859091554768383,-0.00019313426892040298,4907,0.77804034948349,3e-05,0.08,0.07255499064922333,,,,,,,,,,,,,,,,,,,,,,,,,,,,,,,,,,,,,
1.1115211223562558,171.2,3159040,5,6,5.25920295715332,942,0,153,0,167,0.0011837753,0.0709716796875,1.0091419857577422,-0.5770612867549062,-0.0007135381631087512,4915,0.6600281000137329,3e-05,0.08,1.9877616167068481,,,,,,,,,,,,,,,,,,,,,,,,,,,,,,,,,,,,,
1.1115211223562558,,,,6,,942,0,,,,0.0012802193,0.068798828125,1.1880396758817369,-0.5507876498624682,-8.418227807851508e-05,4923,0.8342052698135376,3e-05,0.08,1.3602200746536255,,,,,,,,,0.8223432898521423,43.333333333333336,0.008947012598614164,1925,0.5564236111111112,178,0.0026181708504519636,0.09246753246753246,,,,,,,,,,,,,,,,,,,,,
,,,,,,,,,,,,,,,,,,,,,,,,,,,,,,,,,,,,,0,2.4904970426722914,75.21315310502546,4.758437792658806,3,2176000,0.9,188.04,,,,,,,,,,,,,
,,,,,,,,,,,,,,,,,,,,,,,,,,,,,,,,,,,,,1,3.337038152288817,115.05394560813636,4.504091104716062,3,2176000,0.6,220.36,,,,,,,,,,,,,
,,,,,,,,,,,,,,,,,,,,,,,,,,,,,,,,,,,,,,,,,3,2176000,,,0.9,0.9,0,0.30000000000000004,0,0,0,145.8,0.6,0,0.0,0.9,6.0
1.1115211223562558,171.16,3164160,1,6,5.216729640960693,942,0,1985,0,2,,,,,,,,,,,1,3,10,3e-05,9,0.011,360,2176000,,,,,,,,,,,,,,,,,,,,,,,,,,,,,
1.1639488066236179,173.13,3169280,2,6,5.1213860511779785,948,6,246,6,41,0.0011476431,0.07890625,1.5852576510515064,-0.5616150547750294,-0.0004203709395369515,4931,0.8041534423828125,3e-05,0.08,0.962888777256012,,,,,,,,,,,,,,,,,,,,,,,,,,,,,,,,,,,,,
1.1639488066236179,175.23,3174400,3,6,4.923829078674316,948,0,189,0,81,0.0011596441,0.064453125,1.142056816269178,-0.5622458304278553,-0.001080348202958703,4939,0.8536316752433777,3e-05,0.08,0.09315028041601181,,,,,,,,,,,,,,,,,,,,,,,,,,,,,,,,,,,,,
1.1639488066236179,177.74,3179520,4,6,4.851680278778076,948,0,173,0,118,0.0009567843,0.0759033203125,1.1506944237276913,-0.5801855699159205,0.0001370223704725504,4947,0.8091963529586792,3e-05,0.08,0.5775654315948486,,,,,,,,,,,,,,,,,,,,,,,,,,,,,,,,,,,,,
1.1639488066236179,177.13,3184640,5,6,4.9568586349487305,948,0,160,0,159,0.0008389866,0.0778076171875,1.7339652018155902,-0.5715055751614273,-9.050494118127972e-05,4955,0.8062365055084229,3e-05,0.08,0.13083645701408386,,,,,,,,,,,,,,,,,,,,,,,,,,,,,,,,,,,,,
1.1639488066236179,,,,6,,948,0,,,,0.0012961866,0.065087890625,2.127240281854756,-0.5514281613752245,-0.0006413917028112337,4963,0.8691771626472473,3e-05,0.08,2.7947826385498047,,,,,,,,,0.8217542767524719,43.25,0.008869243152151889,1925,0.5560980902777778,182,0.0025375827229766994,0.09454545454545454,,,,,,,,,,,,,,,,,,,,,
,,,,,,,,,,,,,,,,,,,,,,,,,,,,,,,,,,,,,0,2.133922017439535,60.22167383924163,5.33168824583292,3,2201600,0.96,169.1,,,,,,,,,,,,,
,,,,,,,,,,,,,,,,,,,,,,,,,,,,,,,,,,,,,1,3.0129346269783377,106.0895263444983,5.448212576508522,3,2201600,0.73,186.82,,,,,,,,,,,,,
,,,,,,,,,,,,,,,,,,,,,,,,,,,,,,,,,,,,,,,,,3,2201600,,,0.96,0.96,0,0.22999999999999998,1,0,0,145.8,0.73,0,0.0,0.96,6.0
1.082576294740041,180.89,3189760,1,6,4.926916122436523,954,6,1936,6,2,,,,,,,,,,,1,3,10,3e-05,9,0.011,360,2201600,,,,,,,,,,,,,,,,,,,,,,,,,,,,,
1.082576294740041,189.31,3194880,2,6,4.755719184875488,954,0,273,0,37,0.001263913,0.0794189453125,2.50354675228009,-0.557755544129759,0.00020725472568301485,4971,0.8179097175598145,3e-05,0.08,1.0322273969650269,,,,,,,,,,,,,,,,,,,,,,,,,,,,,,,,,,,,,
1.082576294740041,189.52,3200000,3,6,4.743225574493408,954,0,208,0,73,0.0010202008,0.067626953125,1.0018711158074438,-0.5462726391851902,-0.0001389021927025169,4979,0.8427042961120605,3e-05,0.08,0.24329768121242523,,,,,,,,,,,,,,,,,,,,,,,,,,,,,,,,,,,,,
1.082576294740041,176.75,3205120,4,6,5.044106960296631,954,0,177,0,115,0.0021132359,0.0951171875,1.5736286902800203,-0.5647604172118008,-0.00018560794997029005,4987,0.8342096209526062,3e-05,0.08,0.12029127776622772,,,,,,,,,,,,,,,,,,,,,,,,,,,,,,,,,,,,,
1.1171947966019313,175.9,3210240,5,6,5.130447864532471,960,6,165,6,154,0.0011558104,0.0833740234375,1.0899280467187054,-0.5553486835211515,0.00037000447628088295,4995,0.7394354343414307,3e-05,0.08,1.0502893924713135,,,,,,,,,,,,,,,,,,,,,,,,,,,,,,,,,,,,,
1.1171947966019313,,,,6,,960,6,,,,0.001159527,0.079736328125,1.7123829461284914,-0.5646305779926479,0.0008636801663669758,5003,0.8058912754058838,3e-05,0.08,0.12198179215192795,,,,,,,,,0.820863664150238,42.916666666666664,0.00887197936387716,1925,0.5542534722222222,183,0.0025665341959670916,0.09506493506493506,,,,,,,,,,,,,,,,,,,,,
,,,,,,,,,,,,,,,,,,,,,,,,,,,,,,,,,,,,,0,2.687410098387338,76.25225177002973,4.964675647988916,3,2227200,0.92,181.21,,,,,,,,,,,,,
,,,,,,,,,,,,,,,,,,,,,,,,,,,,,,,,,,,,,1,3.9988873149737247,116.1368894882242,4.362741633410915,3,2227200,0.61,215.77,,,,,,,,,,,,,
,,,,,,,,,,,,,,,,,,,,,,,,,,,,,,,,,,,,,,,,,3,2227200,,,0.92,0.92,0,0.31000000000000005,0,0,0,145.8,0.61,0,0.0,0.92,6.0
1.1171947966019313,175.32,3215360,1,6,5.0657148361206055,960,0,1864,0,2,,,,,,,,,,,1,3,10,3e-05,9,0.011,360,2227200,,,,,,,,,,,,,,,,,,,,,,,,,,,,,
1.1171947966019313,174.94,3220480,2,6,5.125662326812744,960,0,220,0,46,0.0011231853,0.0669677734375,1.0375871011056006,-0.5323382525704801,-0.00081493381439941,5011,0.7918384075164795,3e-05,0.08,0.2599407136440277,,,,,,,,,,,,,,,,,,,,,,,,,,,,,,,,,,,,,
1.1171947966019313,175.25,3225600,3,6,5.095497131347656,960,0,160,0,95,0.00073005946,0.061328125,1.265944982797373,-0.5390406736172736,-0.00016897772147785872,5019,0.7972337007522583,3e-05,0.08,0.10505729168653488,,,,,,,,,,,,,,,,,,,,,,,,,,,,,,,,,,,,,
1.1387341916561127,172.48,3230720,4,6,5.2595720291137695,966,6,155,6,131,0.0007668705,0.068603515625,1.2953397490200587,-0.5376794137060642,-9.336885850643739e-05,5027,0.8064488768577576,3e-05,0.08,0.47086477279663086,,,,,,,,,,,,,,,,,,,,,,,,,,,,,,,,,,,,,
1.1387341916561127,177.96,3235840,5,6,5.019212245941162,966,0,148,0,172,0.0007511953,0.0560791015625,1.3355504421982913,-0.54751180941239,-0.00024093731335597112,5035,0.79146808385849,3e-05,0.08,0.19524087011814117,,,,,,,,,,,,,,,,,,,,,,,,,,,,,,,,,,,,,
1.1387341916561127,,,,6,,966,0,,,,0.0014050443,0.0897705078125,1.7633666633628309,-0.5349210645072162,0.00021764802950201555,5043,0.8183524012565613,3e-05,0.08,1.0835328102111816,,,,,,,,,0.8186895251274109,42.916666666666664,0.008833807600884978,1925,0.5542534722222222,185,0.0025583072701725862,0.09610389610389611,,,,,,,,,,,,,,,,,,,,,
,,,,,,,,,,,,,,,,,,,,,,,,,,,,,,,,,,,,,0,2.225056712598991,60.379685325447,5.308892532885075,3,2252800,0.96,169.44,,,,,,,,,,,,,
,,,,,,,,,,,,,,,,,,,,,,,,,,,,,,,,,,,,,1,3.7024116021150966,117.64613848316485,4.521680856943131,3,2252800,0.6,216.69,,,,,,,,,,,,,
,,,,,,,,,,,,,,,,,,,,,,,,,,,,,,,,,,,,,,,,,3,2252800,,,0.96,0.96,0,0.36,1,0,0,145.8,0.6,0,0.0,0.96,6.0
1.1387341916561127,183.75,3240960,1,6,4.861177921295166,966,0,1971,0,2,,,,,,,,,,,1,3,10,3e-05,9,0.011,360,2252800,,,,,,,,,,,,,,,,,,,,,,,,,,,,,
1.1387341916561127,187.25,3246080,2,6,4.802325248718262,966,0,246,0,41,0.0007753339,0.0611083984375,1.9944571448722854,-0.5469940748997033,-0.0003751652489881963,5051,0.754539430141449,3e-05,0.08,1.1485345363616943,,,,,,,,,,,,,,,,,,,,,,,,,,,,,,,,,,,,,
1.0022871692975361,185.87,3251200,3,6,4.8536882400512695,972,6,200,6,76,0.0013843899,0.072412109375,1.937648952472955,-0.5349925153888762,0.0005587374354945496,5059,0.7592036128044128,3e-05,0.08,2.1964128017425537,,,,,,,,,,,,,,,,,,,,,,,,,,,,,,,,,,,,,
1.0022871692975361,183.93,3256320,4,6,4.979785919189453,972,0,173,0,118,0.000788139,0.0560791015625,2.2663356670876964,-0.5628395882435143,-0.00027043162335758095,5067,0.6929528713226318,3e-05,0.08,3.2726056575775146,,,,,,,,,,,,,,,,,,,,,,,,,,,,,,,,,,,,,
1.0022871692975361,179.93,3261440,5,6,5.125728607177734,972,0,162,0,157,0.0012931776,0.0704345703125,2.0176002449472437,-0.54439497878775,-0.0008390402828808874,5075,0.7717730402946472,3e-05,0.08,0.719825029373169,,,,,,,,,,,,,,,,,,,,,,,,,,,,,,,,,,,,,
1.0022871692975361,,,,6,,972,0,,,,0.00082303456,0.0537353515625,1.4761306758737192,-0.55620001796633,-0.0006272731538047083,5083,0.6005027294158936,3e-05,0.08,0.23923616111278534,,,,,,,,,0.817980945110321,42.75,0.008859642570315103,1925,0.5536024305555555,183,0.002606757030644344,0.09506493506493506,,,,,,,,,,,,,,,,,,,,,
,,,,,,,,,,,,,,,,,,,,,,,,,,,,,,,,,,,,,0,2.2533512189419933,71.08911238720033,4.916949708433822,3,2278400,0.91,183.91,,,,,,,,,,,,,
,,,,,,,,,,,,,,,,,,,,,,,,,,,,,,,,,,,,,1,3.8815952730552827,112.64924145328277,4.390209858119488,3,2278400,0.63,213.78,,,,,,,,,,,,,
,,,,,,,,,,,,,,,,,,,,,,,,,,,,,,,,,,,,,,,,,3,2278400,,,0.91,0.91,0,0.28,0,0,0,145.8,0.63,0,0.0,0.91,6.0
1.0022871692975361,176.58,3266560,1,6,5.2204155921936035,972,0,1680,0,3,,,,,,,,,,,1,3,10,3e-05,9,0.011,360,2278400,,,,,,,,,,,,,,,,,,,,,,,,,,,,,
1.1399244541923206,176.08,3271680,2,6,5.188859462738037,978,6,211,6,48,0.001444754,0.0830078125,1.591940140526276,-0.5508532743901015,-0.000674721336690709,5091,0.8009864091873169,3e-05,0.08,2.003441572189331,,,,,,,,,,,,,,,,,,,,,,,,,,,,,,,,,,,,,
1.1399244541923206,175.31,3276800,3,6,5.261023044586182,978,0,164,0,93,0.0016138129,0.0934326171875,2.0706255606375636,-0.5630255007185042,0.0013441832328680904,5099,0.611973762512207,3e-05,0.08,0.6862741112709045,,,,,,,,,,,,,,,,,,,,,,,,,,,,,,,,,,,,,
1.1399244541923206,169.64,3281920,4,6,5.431177139282227,978,0,139,0,146,0.0009627648,0.045751953125,1.7059895256534219,-0.5620674307458102,-0.0009580374287907034,5107,0.705348789691925,3e-05,0.08,0.2504304051399231,,,,,,,,,,,,,,,,,,,,,,,,,,,,,,,,,,,,,
1.1399244541923206,171.15,3287040,5,6,5.396421432495117,978,0,132,0,192,0.00070904044,0.0500732421875,0.7447904660366476,-0.5536783617455512,-0.00119765082054073,5115,0.7113086581230164,3e-05,0.08,0.550062894821167,,,,,,,,,,,,,,,,,,,,,,,,,,,,,,,,,,,,,
1.1399244541923206,,,,6,,978,0,,,,0.0009743123,0.0717529296875,1.1521848217002115,-0.5291435462422669,-0.00013717919573537075,5123,0.7877678275108337,3e-05,0.08,2.9705076217651367,,,,,,,,,0.8159198760986328,42.833333333333336,0.008817292660010462,1925,0.5539279513888888,183,0.002558624443083189,0.09506493506493506,,,,,,,,,,,,,,,,,,,,,
,,,,,,,,,,,,,,,,,,,,,,,,,,,,,,,,,,,,,0,2.237490377678744,70.25511440457556,5.44973424166441,3,2304000,0.92,170.17,,,,,,,,,,,,,
,,,,,,,,,,,,,,,,,,,,,,,,,,,,,,,,,,,,,1,3.5518105810956535,111.22977838690501,4.718115611076355,3,2304000,0.66,206.58,,,,,,,,,,,,,
,,,,,,,,,,,,,,,,,,,,,,,,,,,,,,,,,,,,,,,,,3,2304000,,,0.92,0.92,0,0.26,0,0,0,145.8,0.66,0,0.0,0.92,6.0
1.2055423681934674,176.8,3292160,1,6,5.147384166717529,984,6,2019,6,2,,,,,,,,,,,1,3,10,3e-05,9,0.011,360,2304000,,,,,,,,,,,,,,,,,,,,,,,,,,,,,
1.2055423681934674,176.81,3297280,2,6,5.106675624847412,984,0,232,0,44,0.0011514064,0.0606689453125,0.9457658511120826,-0.5301323584280908,-1.4746720262337476e-05,5131,0.7974563241004944,3e-05,0.08,0.2129337638616562,,,,,,,,,,,,,,,,,,,,,,,,,,,,,,,,,,,,,
1.2055423681934674,178.47,3302400,3,6,4.987898349761963,984,0,164,0,93,0.0008034393,0.05146484375,1.0668590690242126,-0.5395266396924854,-0.0004819637484615669,5139,0.781427800655365,3e-05,0.08,0.32469674944877625,,,,,,,,,,,,,,,,,,,,,,,,,,,,,,,,,,,,,
1.2055423681934674,174.37,3307520,4,6,5.201149940490723,984,0,146,0,140,0.00069404795,0.054443359375,1.1466687999782152,-0.5229125513695181,4.116335476282984e-05,5147,0.8016950488090515,3e-05,0.08,0.3372303545475006,,,,,,,,,,,,,,,,,,,,,,,,,,,,,,,,,,,,,
1.2168405130505562,170.17,3312640,5,6,5.3492302894592285,990,6,141,6,181,0.0009832284,0.0559326171875,1.1695926225918811,-0.5203761587850749,-0.001241966022644192,5155,0.8152347803115845,3e-05,0.08,0.14259621500968933,,,,,,,,,,,,,,,,,,,,,,,,,,,,,,,,,,,,,
1.2168405130505562,,,,6,,990,6,,,,0.00076156296,0.0669921875,1.3703424880863166,-0.5271372128278017,-0.00025497390161035585,5163,0.5850571393966675,3e-05,0.08,0.22738757729530334,,,,,,,,,0.8140497803688049,42.75,0.008794556308244692,1925,0.5536024305555555,185,0.0025539088071876784,0.09610389610389611,,,,,,,,,,,,,,,,,,,,,
,,,,,,,,,,,,,,,,,,,,,,,,,,,,,,,,,,,,,0,2.224908107204329,67.78244905578434,5.430885829180479,3,2329600,0.92,169.86,,,,,,,,,,,,,
,,,,,,,,,,,,,,,,,,,,,,,,,,,,,,,,,,,,,1,3.478142217274624,110.03685019119732,4.825254561603069,3,2329600,0.67,204.46,,,,,,,,,,,,,
,,,,,,,,,,,,,,,,,,,,,,,,,,,,,,,,,,,,,,,,,3,2329600,,,0.92,0.92,0,0.25,0,0,0,145.8,0.67,0,0.0,0.92,6.0
1.2168405130505562,170.23,3317760,1,6,5.4609785079956055,990,0,2033,0,2,,,,,,,,,,,1,3,10,3e-05,9,0.011,360,2329600,,,,,,,,,,,,,,,,,,,,,,,,,,,,,
1.2168405130505562,163.19,3322880,2,6,5.680123805999756,990,0,247,0,41,0.0011714401,0.0721923828125,1.210586784640327,-0.5210596095770598,-0.0007949822465889156,5171,0.81150221824646,3e-05,0.08,1.3252609968185425,,,,,,,,,,,,,,,,,,,,,,,,,,,,,,,,,,,,,
1.2168405130505562,165.68,3328000,3,6,5.661684036254883,990,0,181,0,84,0.000796364,0.0492919921875,1.1157560165855103,-0.5137678858824074,-0.000934234845044557,5179,0.6553760766983032,3e-05,0.08,1.3764058351516724,,,,,,,,,,,,,,,,,,,,,,,,,,,,,,,,,,,,,
1.227486160894235,163.51,3333120,4,6,5.6445817947387695,996,6,158,6,128,0.0010338556,0.06318359375,0.9555012850323692,-0.5174774304032326,-0.0005620256808470004,5187,0.7976512908935547,3e-05,0.08,0.3571447730064392,,,,,,,,,,,,,,,,,,,,,,,,,,,,,,,,,,,,,
1.227486160894235,169.63,3338240,5,6,5.38740348815918,996,0,144,0,176,0.0007211011,0.073193359375,1.2162311451276764,-0.5187896476127207,2.5584700051695108e-05,5195,0.7397778034210205,3e-05,0.08,0.7248681783676147,,,,,,,,,,,,,,,,,,,,,,,,,,,,,,,,,,,,,
1.227486160894235,,,,6,,996,0,,,,0.0013758135,0.079541015625,1.1891470725298858,-0.5082589709199965,-0.00013424400967778637,5203,0.8060039281845093,3e-05,0.08,0.5343686938285828,,,,,,,,,0.8129101395606995,42.75,0.00880302714316226,1925,0.5536024305555555,186,0.002566515520444728,0.09662337662337663,,,,,,,,,,,,,,,,,,,,,
,,,,,,,,,,,,,,,,,,,,,,,,,,,,,,,,,,,,,0,2.101425215082104,59.667726620007905,5.507432307451963,3,2355200,0.96,165.68,,,,,,,,,,,,,
,,,,,,,,,,,,,,,,,,,,,,,,,,,,,,,,,,,,,1,3.909974654643064,106.24951764596392,4.99714109249413,3,2355200,0.72,191.2,,,,,,,,,,,,,
,,,,,,,,,,,,,,,,,,,,,,,,,,,,,,,,,,,,,,,,,3,2355200,,,0.96,0.96,0,0.24,1,0,0,145.8,0.72,0,0.0,0.96,6.0
1.227486160894235,173.84,3343360,1,6,5.2389607429504395,996,0,1731,0,2,,,,,,,,,,,1,3,10,3e-05,9,0.011,360,2355200,,,,,,,,,,,,,,,,,,,,,,,,,,,,,
1.2235924104849498,165.74,3348480,2,6,5.462113857269287,1002,6,235,6,43,0.0013782906,0.08671875,1.8028551773400978,-0.5129946165718138,0.0008526163437636569,5211,0.7652612924575806,3e-05,0.08,0.0305107943713665,,,,,,,,,,,,,,,,,,,,,,,,,,,,,,,,,,,,,
1.2235924104849498,167.51,3353600,3,6,5.397087574005127,1002,0,183,0,83,0.0011169078,0.0701904296875,1.0550301918527112,-0.5125693392939865,-0.0002802936025545932,5219,0.7576038837432861,3e-05,0.08,0.11476009339094162,,,,,,,,,,,,,,,,,,,,,,,,,,,,,,,,,,,,,
1.2235924104849498,161.87,3358720,4,6,5.631914138793945,1002,0,165,0,123,0.0008558566,0.06181640625,1.1507022339850663,-0.5064406972844153,-0.0005159993961569853,5227,0.7409130334854126,3e-05,0.08,0.09958378225564957,,,,,,,,,,,,,,,,,,,,,,,,,,,,,,,,,,,,,
1.2235924104849498,162.19,3363840,5,6,5.613593101501465,1002,0,153,0,166,0.0008716855,0.0569091796875,0.9240924459300004,-0.5083307477645576,-0.0009377077120007015,5235,0.7358735799789429,3e-05,0.08,0.26238223910331726,,,,,,,,,,,,,,,,,,,,,,,,,,,,,,,,,,,,,
1.2235924104849498,,,,6,,1002,0,,,,0.0011412094,0.0531005859375,1.078723266790621,-0.5015648698434234,-0.0005035703477915376,5243,0.7883265018463135,3e-05,0.08,0.06363103538751602,,,,,,,,,0.8132695555686951,42.75,0.00878105855451804,1925,0.5536024305555555,188,0.00255780442400689,0.09766233766233766,,,,,,,,,,,,,,,,,,,,,
,,,,,,,,,,,,,,,,,,,,,,,,,,,,,,,,,,,,,0,2.4204743436152105,63.38565768373789,5.236088007390499,3,2380800,0.94,171.72,,,,,,,,,,,,,
,,,,,,,,,,,,,,,,,,,,,,,,,,,,,,,,,,,,,1,3.3093988462276878,105.99786035576379,5.1093901968002315,3,2380800,0.72,192.56,,,,,,,,,,,,,
,,,,,,,,,,,,,,,,,,,,,,,,,,,,,,,,,,,,,,,,,3,2380800,,,0.94,0.94,0,0.21999999999999997,1,0,0,145.8,0.72,0,0.0,0.94,6.0
1.2278316939870517,164.38,3368960,1,6,5.549246788024902,1008,6,1910,6,2,,,,,,,,,,,1,3,10,3e-05,9,0.011,360,2380800,,,,,,,,,,,,,,,,,,,,,,,,,,,,,
1.2278316939870517,165.82,3374080,2,6,5.509977340698242,1008,0,250,0,40,0.0014036665,0.0773681640625,1.0860505921882577,-0.5108623304404318,0.00023416199255734682,5251,0.8197140097618103,3e-05,0.08,1.0761053562164307,,,,,,,,,,,,,,,,,,,,,,,,,,,,,,,,,,,,,
1.2278316939870517,173.5,3379200,3,6,5.307994365692139,1008,0,181,0,84,0.0012409058,0.087646484375,1.6864908365067095,-0.5082718802616,0.00020173986704321578,5259,0.7801308631896973,3e-05,0.08,0.6371660828590393,,,,,,,,,,,,,,,,,,,,,,,,,,,,,,,,,,,,,
1.2278316939870517,173.01,3384320,4,6,5.374626636505127,1008,0,163,0,125,0.000771674,0.0717041015625,1.6544504143064842,-0.5177537815645337,7.345292542595416e-05,5267,0.8485296964645386,3e-05,0.08,0.06993973255157471,,,,,,,,,,,,,,,,,,,,,,,,,,,,,,,,,,,,,
1.1887828707695007,177.67,3389440,5,6,5.177227973937988,1014,6,151,6,169,0.0015380562,0.0761474609375,1.4367561244405807,-0.5155678540468216,-0.0005623914941679687,5275,0.744871973991394,3e-05,0.08,0.3532651960849762,,,,,,,,,,,,,,,,,,,,,,,,,,,,,,,,,,,,,
1.1887828707695007,,,,6,,1014,6,,,,0.0012152845,0.0912841796875,1.3488924357574432,-0.5122213883325457,0.0003053990178159438,5283,0.8387237787246704,3e-05,0.08,0.39548546075820923,,,,,,,,,0.812018632888794,42.583333333333336,0.008793642552784519,1925,0.5529513888888888,192,0.0025674809614902967,0.09974025974025974,,,,,,,,,,,,,,,,,,,,,
,,,,,,,,,,,,,,,,,,,,,,,,,,,,,,,,,,,,,0,2.331945258587533,63.179414368922416,5.4775965863466265,3,2406400,0.96,165.96,,,,,,,,,,,,,
,,,,,,,,,,,,,,,,,,,,,,,,,,,,,,,,,,,,,1,3.163702586798815,108.07905254951118,5.125963658466935,3,2406400,0.7,196.28,,,,,,,,,,,,,
,,,,,,,,,,,,,,,,,,,,,,,,,,,,,,,,,,,,,,,,,3,2406400,,,0.96,0.96,0,0.26,1,0,0,145.8,0.7,0,0.0,0.96,6.0
1.1887828707695007,176.88,3394560,1,6,5.153809070587158,1014,0,1591,0,3,,,,,,,,,,,1,3,10,3e-05,9,0.011,360,2406400,,,,,,,,,,,,,,,,,,,,,,,,,,,,,
1.1887828707695007,180.11,3399680,2,6,5.057426452636719,1014,0,203,0,50,0.0012498277,0.0692138671875,1.8241350087570027,-0.5189515925012529,0.00013978103670524432,5291,0.810987651348114,3e-05,0.08,1.5695444345474243,,,,,,,,,,,,,,,,,,,,,,,,,,,,,,,,,,,,,
1.1887828707695007,180.7,3404800,3,6,5.0169172286987305,1014,0,174,0,88,0.0012479017,0.0727783203125,1.9297858455684036,-0.5215508526191115,0.0006929771159775555,5299,0.7756108641624451,3e-05,0.08,0.7635200619697571,,,,,,,,,,,,,,,,,,,,,,,,,,,,,,,,,,,,,
1.0712151701251666,176.78,3409920,4,6,5.143759250640869,1020,6,160,6,127,0.0011140559,0.0647705078125,1.9121176442829892,-0.5487246028147638,0.0002918388287071139,5307,0.7087416648864746,3e-05,0.08,0.8205247521400452,,,,,,,,,,,,,,,,,,,,,,,,,,,,,,,,,,,,,
1.0712151701251666,176.39,3415040,5,6,5.121139049530029,1020,0,148,0,172,0.0013289137,0.0864013671875,1.9635285773780198,-0.564700806234032,-0.0005015332237235271,5315,0.5885016918182373,3e-05,0.08,1.2915318012237549,,,,,,,,,,,,,,,,,,,,,,,,,,,,,,,,,,,,,
1.0712151701251666,,,,6,,1020,0,,,,0.0013806917,0.0772216796875,2.3794861778151244,-0.5529773205518722,-0.00012303483381401748,5323,0.4810296297073364,3e-05,0.08,1.4556593894958496,,,,,,,,,0.8122620582580566,42.666666666666664,0.008653778013252471,1925,0.5532769097222222,167,0.0024550732648024416,0.08675324675324675,,,,,,,,,,,,,,,,,,,,,
,,,,,,,,,,,,,,,,,,,,,,,,,,,,,,,,,,,,,0,2.455378812883168,72.12393777380711,4.870096835792065,3,2432000,0.92,184.24,,,,,,,,,,,,,
,,,,,,,,,,,,,,,,,,,,,,,,,,,,,,,,,,,,,1,3.372262053080532,111.96382272859391,5.04383886642754,3,2432000,0.68,198.32,,,,,,,,,,,,,
,,,,,,,,,,,,,,,,,,,,,,,,,,,,,,,,,,,,,,,,,3,2432000,,,0.92,0.92,0,0.24,0,0,0,145.8,0.68,0,0.0,0.92,6.0
1.0712151701251666,173.33,3420160,1,6,5.13401985168457,1020,0,1983,0,2,,,,,,,,,,,1,3,10,3e-05,9,0.011,360,2432000,,,,,,,,,,,,,,,,,,,,,,,,,,,,,
1.0712151701251666,173.24,3425280,2,6,5.145654201507568,1020,0,231,0,44,0.0010328069,0.0763916015625,1.6956000967416913,-0.5541196582838893,0.0002934763382654637,5331,0.45007604360580444,3e-05,0.08,1.5269567966461182,,,,,,,,,,,,,,,,,,,,,,,,,,,,,,,,,,,,,
0.9472569947441419,173.42,3430400,3,6,5.139995098114014,1026,6,175,6,87,0.0018035902,0.10107421875,2.0152224541059693,-0.5835898800753057,9.475151309743524e-05,5339,0.5244361162185669,3e-05,0.08,1.0447052717208862,,,,,,,,,,,,,,,,,,,,,,,,,,,,,,,,,,,,,
0.9472569947441419,184.06,3435520,4,6,4.757781505584717,1026,0,168,0,121,0.001478928,0.06875,1.3018577307229862,-0.5620105310343206,0.0001606614634511061,5347,0.7074116468429565,3e-05,0.08,0.7325595617294312,,,,,,,,,,,,,,,,,,,,,,,,,,,,,,,,,,,,,
0.9472569947441419,188.98,3440640,5,6,4.637910842895508,1026,0,161,0,158,0.0010413534,0.07470703125,1.8983457185793668,-0.5739772159606218,8.331164572155103e-05,5355,0.6922260522842407,3e-05,0.08,2.353564500808716,,,,,,,,,,,,,,,,,,,,,,,,,,,,,,,,,,,,,
0.9472569947441419,,,,6,,1026,0,,,,0.0008420881,0.0621337890625,1.860791467828676,-0.5607489532791078,-0.0005081234354292974,5363,0.6571047306060791,3e-05,0.08,0.49645406007766724,,,,,,,,,0.8099703192710876,42.583333333333336,0.008611461039296948,1925,0.5529513888888888,182,0.00242436617063502,0.09454545454545454,,,,,,,,,,,,,,,,,,,,,
,,,,,,,,,,,,,,,,,,,,,,,,,,,,,,,,,,,,,0,2.5413919117798316,64.93299546455562,5.052390896826982,3,2457600,0.97,174.81,,,,,,,,,,,,,
,,,,,,,,,,,,,,,,,,,,,,,,,,,,,,,,,,,,,1,3.507936945485878,109.47937888022565,4.9984707783535125,3,2457600,0.69,198.16,,,,,,,,,,,,,
,,,,,,,,,,,,,,,,,,,,,,,,,,,,,,,,,,,,,,,,,3,2457600,,,0.97,0.97,0,0.28,1,0,0,145.8,0.69,0,0.0,0.97,6.0
0.9472569947441419,189.85,3445760,1,6,4.631702899932861,1026,0,1653,0,3,,,,,,,,,,,1,3,10,3e-05,9,0.011,360,2457600,,,,,,,,,,,,,,,,,,,,,,,,,,,,,
0.970285102725029,183.47,3450880,2,6,4.93760871887207,1032,6,215,6,47,0.001036424,0.0607666015625,2.1403488921001554,-0.5504641734994948,-0.0003237419994547963,5371,0.4640713930130005,3e-05,0.08,0.7502176761627197,,,,,,,,,,,,,,,,,,,,,,,,,,,,,,,,,,,,,
0.970285102725029,177.69,3456000,3,6,5.14647102355957,1032,0,173,0,88,0.0008286234,0.0671875,1.6620451329741628,-0.5752037809230387,-0.0007164181442931294,5379,0.5301458835601807,3e-05,0.08,0.629493236541748,,,,,,,,,,,,,,,,,,,,,,,,,,,,,,,,,,,,,
0.970285102725029,176.16,3461120,4,6,5.180932998657227,1032,0,150,0,135,0.0007210389,0.0641845703125,1.6348501391592436,-0.5622462997213006,-0.00018665787356439978,5387,0.39444977045059204,3e-05,0.08,0.1667494773864746,,,,,,,,,,,,,,,,,,,,,,,,,,,,,,,,,,,,,
0.970285102725029,167.9,3466240,5,6,5.370766639709473,1032,0,141,0,181,0.0006678245,0.05546875,1.1521444324287586,-0.5667633183300496,-0.0005879616641323082,5395,0.6538820266723633,3e-05,0.08,1.4613920450210571,,,,,,,,,,,,,,,,,,,,,,,,,,,,,,,,,,,,,
0.970285102725029,,,,6,,1032,0,,,,0.000925409,0.066552734375,1.4335335301002488,-0.5647392588667571,-0.001013641782628838,5403,0.6989392042160034,3e-05,0.08,0.2368316948413849,,,,,,,,,0.8059374094009399,42.5,0.008711684095637516,1925,0.5520833333333334,170,0.0025415813227698016,0.08831168831168831,,,,,,,,,,,,,,,,,,,,,
,,,,,,,,,,,,,,,,,,,,,,,,,,,,,,,,,,,,,0,2.219179369522505,61.4557361033126,5.4000002819299695,3,2483200,0.96,167.75,,,,,,,,,,,,,
,,,,,,,,,,,,,,,,,,,,,,,,,,,,,,,,,,,,,1,2.8943573128578346,106.81925435051492,5.2193286880850795,3,2483200,0.71,194.87,,,,,,,,,,,,,
,,,,,,,,,,,,,,,,,,,,,,,,,,,,,,,,,,,,,,,,,3,2483200,,,0.96,0.96,0,0.25,1,0,0,145.8,0.71,0,0.0,0.96,6.0
1.2048915798465412,173.86,3471360,1,6,5.158371448516846,1038,6,1540,6,3,,,,,,,,,,,1,3,10,3e-05,9,0.011,360,2483200,,,,,,,,,,,,,,,,,,,,,,,,,,,,,
1.2048915798465412,179.29,3476480,2,6,4.922584533691406,1038,0,211,0,48,0.0006784521,0.052001953125,1.3227447916055097,-0.5570986546576023,-0.0005413883438450285,5411,0.7939563393592834,3e-05,0.08,0.8726415634155273,,,,,,,,,,,,,,,,,,,,,,,,,,,,,,,,,,,,,
1.2048915798465412,177.87,3481600,3,6,4.925441265106201,1038,0,172,0,89,0.0012340164,0.090185546875,1.7169011034420691,-0.5687396149151027,0.0008428094937698915,5419,0.6888298988342285,3e-05,0.08,0.0942891389131546,,,,,,,,,,,,,,,,,,,,,,,,,,,,,,,,,,,,,
1.2048915798465412,171.07,3486720,4,6,5.132704257965088,1038,0,156,0,131,0.0009925121,0.0591064453125,1.3504378471756353,-0.5892545869573951,-0.00019348438509041442,5427,0.7488855123519897,3e-05,0.08,1.1740611791610718,,,,,,,,,,,,,,,,,,,,,,,,,,,,,,,,,,,,,
1.180602769056956,173.2,3491840,5,6,5.0886006355285645,1044,6,146,6,174,0.0016850242,0.092236328125,1.613423905929085,-0.5906900915317237,-0.0005747275106841698,5435,0.723599910736084,3e-05,0.08,0.6766231060028076,,,,,,,,,,,,,,,,,,,,,,,,,,,,,,,,,,,,,
1.180602769056956,,,,6,,1044,6,,,,0.0009933065,0.0753662109375,1.4323470637085847,-0.5681622583419085,-0.00021417069074232132,5443,0.8474987745285034,3e-05,0.08,0.313215434551239,,,,,,,,,0.80507892370224,42.416666666666664,0.008727911857477623,1925,0.5517578125,155,0.0025662126726948447,0.08051948051948052,,,,,,,,,,,,,,,,,,,,,
,,,,,,,,,,,,,,,,,,,,,,,,,,,,,,,,,,,,,0,2.1749305293310566,65.26715559912198,5.324944795370102,3,2508800,0.94,172.28,,,,,,,,,,,,,
,,,,,,,,,,,,,,,,,,,,,,,,,,,,,,,,,,,,,1,2.9988411513548843,111.35761491698715,5.152639471888542,3,2508800,0.68,198.96,,,,,,,,,,,,,
,,,,,,,,,,,,,,,,,,,,,,,,,,,,,,,,,,,,,,,,,3,2508800,,,0.94,0.94,0,0.2599999999999999,1,0,0,145.8,0.68,0,0.0,0.94,6.0
1.180602769056956,173.69,3496960,1,6,5.104723930358887,1044,0,1944,0,2,,,,,,,,,,,1,3,10,3e-05,9,0.011,360,2508800,,,,,,,,,,,,,,,,,,,,,,,,,,,,,
1.180602769056956,178.49,3502080,2,6,4.976255893707275,1044,0,228,0,44,0.0010108796,0.060888671875,1.4422133248881437,-0.5600505751557648,-0.0007679142203414812,5451,0.808526873588562,3e-05,0.08,0.30198046565055847,,,,,,,,,,,,,,,,,,,,,,,,,,,,,,,,,,,,,
1.180602769056956,179.27,3507200,3,6,4.997478485107422,1044,0,170,0,90,0.0010779558,0.0693603515625,1.237307463621255,-0.5362761960364878,-0.0004335858640843071,5459,0.8244140148162842,3e-05,0.08,0.1614660620689392,,,,,,,,,,,,,,,,,,,,,,,,,,,,,,,,,,,,,
1.2644823690255482,178.16,3512320,4,6,5.057211399078369,1050,6,154,6,132,0.001013134,0.081787109375,1.3685909745516256,-0.5446285304613412,-0.0003328330596559681,5467,0.7804093360900879,3e-05,0.08,0.6462563872337341,,,,,,,,,,,,,,,,,,,,,,,,,,,,,,,,,,,,,
1.2644823690255482,174.61,3517440,5,6,5.184654712677002,1050,0,143,0,178,0.0008809827,0.05673828125,0.9815508427098394,-0.5501550315879286,-0.00045287304965313524,5475,0.8406583666801453,3e-05,0.08,1.758639931678772,,,,,,,,,,,,,,,,,,,,,,,,,,,,,,,,,,,,,
1.2644823690255482,,,,6,,1050,0,,,,0.0016140755,0.1095703125,1.0011083848308773,-0.5345100594684482,-0.00046543701901100574,5483,0.7119386196136475,3e-05,0.08,0.20192043483257294,,,,,,,,,0.8030566573143005,42.416666666666664,0.00869657522211183,1925,0.5517578125,166,0.002531916313648378,0.08623376623376623,,,,,,,,,,,,,,,,,,,,,
,,,,,,,,,,,,,,,,,,,,,,,,,,,,,,,,,,,,,0,1.8879449228401266,57.96343675111061,5.417741395831108,3,2534400,0.95,169.4,,,,,,,,,,,,,
,,,,,,,,,,,,,,,,,,,,,,,,,,,,,,,,,,,,,1,2.5795398842470454,96.35577616313408,5.775173755288124,3,2534400,0.79,175.38,,,,,,,,,,,,,
,,,,,,,,,,,,,,,,,,,,,,,,,,,,,,,,,,,,,,,,,3,2534400,,,0.95,0.95,0,0.15999999999999992,1,0,0,145.8,0.79,0,0.0,0.95,6.0
1.2644823690255482,175.06,3522560,1,6,5.151227951049805,1050,0,1539,0,3,,,,,,,,,,,1,3,10,3e-05,9,0.011,360,2534400,,,,,,,,,,,,,,,,,,,,,,,,,,,,,
1.2644823690255482,170.71,3527680,2,6,5.2637152671813965,1050,0,207,0,49,0.0009166399,0.087109375,1.2059474437846802,-0.5398029606789351,0.0001163972614449449,5491,0.8365978002548218,3e-05,0.08,0.2944636940956116,,,,,,,,,,,,,,,,,,,,,,,,,,,,,,,,,,,,,
1.1546603093544643,173.84,3532800,3,6,5.202871799468994,1056,6,169,6,90,0.0012833105,0.0736083984375,1.7145234292838722,-0.5334124634042382,-0.000819569821760524,5499,0.8186558485031128,3e-05,0.08,0.35485246777534485,,,,,,,,,,,,,,,,,,,,,,,,,,,,,,,,,,,,,
1.1546603093544643,170.53,3537920,4,6,5.389629364013672,1056,0,150,0,136,0.00077266444,0.0668701171875,2.0251898725051434,-0.5511325645260513,-0.0003695557898026891,5507,0.6468311548233032,3e-05,0.08,0.531898558139801,,,,,,,,,,,,,,,,,,,,,,,,,,,,,,,,,,,,,
1.1546603093544643,169.14,3543040,5,6,5.3634772300720215,1056,0,139,0,183,0.0016128982,0.0782958984375,1.5632715832209214,-0.558206413500011,0.00043397026602178814,5515,0.7518451809883118,3e-05,0.08,0.2224743515253067,,,,,,,,,,,,,,,,,,,,,,,,,,,,,,,,,,,,,
1.1546603093544643,,,,6,,1056,0,,,,0.0012403509,0.0947509765625,1.0298663990804926,-0.539900481980294,-0.0003631202969700098,5523,0.628667950630188,3e-05,0.08,0.09502589702606201,,,,,,,,,0.8024753928184509,42.166666666666664,0.008658695658083419,1925,0.55078125,185,0.002493517074629165,0.09610389610389611,,,,,,,,,,,,,,,,,,,,,
,,,,,,,,,,,,,,,,,,,,,,,,,,,,,,,,,,,,,0,1.9416969452143757,51.34771173090384,5.621492338776588,3,2560000,0.98,160.75,,,,,,,,,,,,,
,,,,,,,,,,,,,,,,,,,,,,,,,,,,,,,,,,,,,1,2.8315169846822417,101.7468284517999,5.709018594883382,3,2560000,0.77,176.77,,,,,,,,,,,,,
,,,,,,,,,,,,,,,,,,,,,,,,,,,,,,,,,,,,,,,,,3,2560000,,,0.98,0.98,0,0.20999999999999996,1,1,0,145.8,0.77,0,0.0,0.98,6.0
,,,,,,,,,,,,,,,,,,,,,,,,,,,,,,,,,,,,,0,1.8157875804310706,51.925957863095796,5.7088991981744766,3,2560000,0.97,159.57,,,,,,,,,,,,,
,,,,,,,,,,,,,,,,,,,,,,,,,,,,,,,,,,,,,1,3.0166215562687597,110.90774319225868,5.352495025470853,3,2560000,0.7,192.15,,,,,,,,,,,,,
,,,,,,,,,,,,,,,,,,,,,,,,,,,,,,,,,,,,,,,,,3,2560000,,,0.97,0.97,0,0.27,1,0,0,145.8,0.7,0,0.0,0.97,6.0
1.1546603093544643,164.86,3548160,1,6,5.518362998962402,1056,0,1430,0,3,,,,,,,,,,,1,3,10,3e-05,9,0.011,360,2560000,,,,,,,,,,,,,,,,,,,,,,,,,,,,,
1.2520271042982738,161.37,3553280,2,6,5.670217990875244,1062,6,199,6,51,0.0012895424,0.070068359375,1.1132690594764427,-0.5273778704926372,-0.0005176541337277741,5531,0.7612838745117188,3e-05,0.08,1.1361579895019531,,,,,,,,,,,,,,,,,,,,,,,,,,,,,,,,,,,,,
1.2520271042982738,160.07,3558400,3,6,5.749734401702881,1062,0,155,0,98,0.0013390944,0.0699951171875,1.4966259125387296,-0.5292999810539186,-0.0011247786111198365,5539,0.7520495653152466,3e-05,0.08,0.47798654437065125,,,,,,,,,,,,,,,,,,,,,,,,,,,,,,,,,,,,,
1.2520271042982738,159.07,3563520,4,6,5.8528571128845215,1062,0,141,0,144,0.0009000098,0.06708984375,1.1803168305195868,-0.5152769447304308,-0.0007888848733273335,5547,0.6901900768280029,3e-05,0.08,1.283601999282837,,,,,,,,,,,,,,,,,,,,,,,,,,,,,,,,,,,,,
1.2520271042982738,161.81,3568640,5,6,5.749936580657959,1062,0,136,0,187,0.00083300396,0.0789306640625,1.2008807532954962,-0.5085050287656486,-0.0004516661836532876,5555,0.8580813407897949,3e-05,0.08,0.05307691544294357,,,,,,,,,,,,,,,,,,,,,,,,,,,,,,,,,,,,,
1.2520271042982738,,,,6,,1062,0,,,,0.0021539382,0.0823486328125,1.5772205456276425,-0.5212257382459938,2.208880032412708e-05,5563,0.7528121471405029,3e-05,0.08,0.06313029676675797,,,,,,,,,0.8017658591270447,42.166666666666664,0.008688380854379448,1925,0.55078125,188,0.0025347083919428927,0.09766233766233766,,,,,,,,,,,,,,,,,,,,,
,,,,,,,,,,,,,,,,,,,,,,,,,,,,,,,,,,,,,0,2.3045205823882027,58.481158504256726,5.5412383744120595,3,2585600,0.98,162.79,,,,,,,,,,,,,
,,,,,,,,,,,,,,,,,,,,,,,,,,,,,,,,,,,,,1,2.71514926174597,97.17596976619271,5.962737771868706,3,2585600,0.8,167.97,,,,,,,,,,,,,
,,,,,,,,,,,,,,,,,,,,,,,,,,,,,,,,,,,,,,,,,3,2585600,,,0.98,0.98,0,0.17999999999999994,1,0,0,145.8,0.8,0,0.0,0.98,6.0
1.3529115964968998,166.77,3573760,1,6,5.597745895385742,1068,6,1550,6,3,,,,,,,,,,,1,3,10,3e-05,9,0.011,360,2585600,,,,,,,,,,,,,,,,,,,,,,,,,,,,,
1.3529115964968998,165.1,3578880,2,6,5.608314037322998,1068,0,201,0,50,0.0013157895,0.07177734375,1.412334428995382,-0.5004735979251563,-0.0005264279679977335,5571,0.7694215774536133,3e-05,0.08,1.1470919847488403,,,,,,,,,,,,,,,,,,,,,,,,,,,,,,,,,,,,,
1.3529115964968998,170.03,3584000,3,6,5.330408096313477,1068,0,155,0,98,0.00069502846,0.0765625,1.1305445370613598,-0.5202217580750584,-0.0006030511081917212,5579,0.7792338132858276,3e-05,0.08,0.37302300333976746,,,,,,,,,,,,,,,,,,,,,,,,,,,,,,,,,,,,,
1.3145243624846141,166.76,3589120,4,6,5.451074600219727,1074,6,143,6,143,0.00105572,0.079833984375,1.0942705345631112,-0.4919160474091768,-0.00030653326539322736,5587,0.8262115120887756,3e-05,0.08,0.06989782303571701,,,,,,,,,,,,,,,,,,,,,,,,,,,,,,,,,,,,,
1.3145243624846141,176.87,3594240,5,6,5.089684963226318,1074,0,134,0,190,0.000897184,0.068896484375,1.6187364012468606,-0.4950166391208768,-0.0003402577465749346,5595,0.7654025554656982,3e-05,0.08,0.2839430272579193,,,,,,,,,,,,,,,,,,,,,,,,,,,,,,,,,,,,,
1.3145243624846141,,,,6,,1074,0,,,,0.0012050322,0.0759521484375,1.5841525214142167,-0.4916300271637738,0.00029216027905931696,5603,0.7780541181564331,3e-05,0.08,0.3923252820968628,,,,,,,,,0.8002633452415466,42.0,0.008632254027799543,1925,0.5501302083333334,190,0.002484953740142447,0.0987012987012987,,,,,,,,,,,,,,,,,,,,,
,,,,,,,,,,,,,,,,,,,,,,,,,,,,,,,,,,,,,0,1.9765281297772206,61.93998627704078,5.502735272049904,3,2611200,0.94,168.09,,,,,,,,,,,,,
,,,,,,,,,,,,,,,,,,,,,,,,,,,,,,,,,,,,,1,3.076583452178708,114.05120955079782,5.311858978308737,3,2611200,0.68,195.04,,,,,,,,,,,,,
,,,,,,,,,,,,,,,,,,,,,,,,,,,,,,,,,,,,,,,,,3,2611200,,,0.94,0.94,0,0.2599999999999999,1,0,0,145.8,0.68,0,0.0,0.94,6.0
1.3145243624846141,172.26,3599360,1,6,5.273280620574951,1074,0,1614,0,3,,,,,,,,,,,1,3,10,3e-05,9,0.011,360,2611200,,,,,,,,,,,,,,,,,,,,,,,,,,,,,
1.3145243624846141,168.97,3604480,2,6,5.3814520835876465,1074,0,202,0,50,0.001562958,0.084423828125,1.6841318345279432,-0.5000433198176324,-0.00048393992910860105,5611,0.7627560496330261,3e-05,0.08,0.07312612235546112,,,,,,,,,,,,,,,,,,,,,,,,,,,,,,,,,,,,,
1.2922779619693756,161.46,3609600,3,6,5.6182684898376465,1080,6,152,6,100,0.0011229541,0.0847900390625,2.0819947200827302,-0.4956174733117223,-0.0004068734371685423,5619,0.6963510513305664,3e-05,0.08,0.9925076961517334,,,,,,,,,,,,,,,,,,,,,,,,,,,,,,,,,,,,,
1.2922779619693756,165.79,3614720,4,6,5.4855146408081055,1080,0,139,0,146,0.0011492126,0.063720703125,2.1204487524693834,-0.49204487102106215,-0.00024030435743043198,5627,0.662905752658844,3e-05,0.08,0.11652763932943344,,,,,,,,,,,,,,,,,,,,,,,,,,,,,,,,,,,,,
1.2922779619693756,168.95,3619840,5,6,5.413815975189209,1080,0,137,0,186,0.0013130648,0.072509765625,1.556363283796236,-0.49558621337637304,0.0005772640492068603,5635,0.8034062385559082,3e-05,0.08,0.670107901096344,,,,,,,,,,,,,,,,,,,,,,,,,,,,,,,,,,,,,
1.2922779619693756,,,,6,,1080,0,,,,0.0011075583,0.07880859375,2.369202814949676,-0.5052822221070528,-0.0002689742876100354,5643,0.7296863794326782,3e-05,0.08,1.0229085683822632,,,,,,,,,0.7995523810386658,42.0,0.008616395162342357,1925,0.5501302083333334,191,0.002469932591592596,0.09922077922077922,,,,,,,,,,,,,,,,,,,,,
,,,,,,,,,,,,,,,,,,,,,,,,,,,,,,,,,,,,,0,2.2378639553361213,58.34644376480884,5.6144617110490795,3,2636800,0.97,160.85,,,,,,,,,,,,,
,,,,,,,,,,,,,,,,,,,,,,,,,,,,,,,,,,,,,1,2.7496057869519284,98.2750929788418,6.025308836400509,3,2636800,0.8,165.81,,,,,,,,,,,,,
,,,,,,,,,,,,,,,,,,,,,,,,,,,,,,,,,,,,,,,,,3,2636800,,,0.97,0.97,0,0.16999999999999993,1,1,0,145.8,0.8,0,0.0,0.97,6.0
,,,,,,,,,,,,,,,,,,,,,,,,,,,,,,,,,,,,,0,2.4426559889369,65.26289221295666,5.269336649775505,3,2636800,0.96,170.57,,,,,,,,,,,,,
,,,,,,,,,,,,,,,,,,,,,,,,,,,,,,,,,,,,,1,2.8440947287305143,101.71502298087535,5.763646457791328,3,2636800,0.77,175.79,,,,,,,,,,,,,
,,,,,,,,,,,,,,,,,,,,,,,,,,,,,,,,,,,,,,,,,3,2636800,,,0.96,0.96,0,0.18999999999999995,1,0,0,145.8,0.77,0,0.0,0.96,6.0
1.2922779619693756,173.99,3624960,1,6,5.246039867401123,1080,0,1568,0,3,,,,,,,,,,,1,3,10,3e-05,9,0.011,360,2636800,,,,,,,,,,,,,,,,,,,,,,,,,,,,,
1.2045530875523884,175.9,3630080,2,6,5.151309013366699,1086,6,201,6,50,0.0018412912,0.0820556640625,1.1003712497185916,-0.5265843897126615,-0.00044807723897974936,5651,0.6633840203285217,3e-05,0.08,0.7776105403900146,,,,,,,,,,,,,,,,,,,,,,,,,,,,,,,,,,,,,
1.2045530875523884,172.44,3635200,3,6,5.254098892211914,1086,0,166,0,92,0.00086690264,0.0690673828125,1.4514803742291407,-0.5093469130806625,5.752565557486378e-05,5659,0.7380069494247437,3e-05,0.08,1.300885558128357,,,,,,,,,,,,,,,,,,,,,,,,,,,,,,,,,,,,,
1.2045530875523884,165.58,3640320,4,6,5.456693172454834,1086,0,148,0,137,0.0009467684,0.062158203125,1.0396058968850412,-0.5320856124162674,0.0003404047558433376,5667,0.7660030126571655,3e-05,0.08,0.3152129352092743,,,,,,,,,,,,,,,,,,,,,,,,,,,,,,,,,,,,,
1.2045530875523884,158.85,3645440,5,6,5.7046709060668945,1086,0,135,0,188,0.00061506464,0.0433837890625,1.1914266032981686,-0.5218866749666631,-0.0005492760785273277,5675,0.7455123662948608,3e-05,0.08,0.36259618401527405,,,,,,,,,,,,,,,,,,,,,,,,,,,,,,,,,,,,,
1.2045530875523884,,,,6,,1086,0,,,,0.001133797,0.06513671875,0.7861156015656888,-0.5005241337232291,-0.0011110528619610704,5683,0.6490923166275024,3e-05,0.08,0.508438766002655,,,,,,,,,0.8000847697257996,41.833333333333336,0.008627810321567324,1925,0.5494791666666666,194,0.0024940440080874413,0.10077922077922077,,,,,,,,,,,,,,,,,,,,,
,,,,,,,,,,,,,,,,,,,,,,,,,,,,,,,,,,,,,0,2.1776074420726275,61.385714136108255,5.628947862610221,3,2662400,0.96,162.79,,,,,,,,,,,,,
,,,,,,,,,,,,,,,,,,,,,,,,,,,,,,,,,,,,,1,3.080305530182193,105.86069336632931,5.616045897901058,3,2662400,0.75,178.44,,,,,,,,,,,,,
,,,,,,,,,,,,,,,,,,,,,,,,,,,,,,,,,,,,,,,,,3,2662400,,,0.96,0.96,0,0.20999999999999996,1,0,0,145.8,0.75,0,0.0,0.96,6.0
1.2747600277264912,153.55,3650560,1,6,5.876429557800293,1092,6,1533,6,3,,,,,,,,,,,1,3,10,3e-05,9,0.011,360,2662400,,,,,,,,,,,,,,,,,,,,,,,,,,,,,
1.2747600277264912,154.73,3655680,2,6,5.914931774139404,1092,0,223,0,45,0.0009093011,0.0679931640625,0.8707994672469794,-0.46537181520834564,-0.0008248507743701339,5691,0.6637946367263794,3e-05,0.08,0.45587214827537537,,,,,,,,,,,,,,,,,,,,,,,,,,,,,,,,,,,,,
1.2747600277264912,151.45,3660800,3,6,6.051950454711914,1092,0,157,0,97,0.0013923101,0.066943359375,0.7949324285029433,-0.498413316719234,-0.0004363146799732931,5699,0.6640491485595703,3e-05,0.08,0.6291317939758301,,,,,,,,,,,,,,,,,,,,,,,,,,,,,,,,,,,,,
1.2747600277264912,146.85,3665920,4,6,6.172313213348389,1092,0,140,0,145,0.0022292065,0.090869140625,0.870981700590346,-0.4877931335009634,0.0005967766424873844,5707,0.7350040674209595,3e-05,0.08,0.14911386370658875,,,,,,,,,,,,,,,,,,,,,,,,,,,,,,,,,,,,,
1.381968912978967,150.95,3671040,5,6,6.035310745239258,1098,6,131,6,194,0.00079085364,0.0811767578125,0.9521843031630851,-0.47355174357071517,0.0005711769990739413,5715,0.8007911443710327,3e-05,0.08,0.1366034299135208,,,,,,,,,,,,,,,,,,,,,,,,,,,,,,,,,,,,,
1.381968912978967,,,,6,,1098,6,,,,0.0014456995,0.0731689453125,1.1214990820270032,-0.47583507196977737,0.0008465832535875962,5723,0.7115033268928528,3e-05,0.08,0.293592631816864,,,,,,,,,0.7994808554649353,41.75,0.008624080222098004,1925,0.5491536458333334,194,0.0025060243849175058,0.10077922077922077,,,,,,,,,,,,,,,,,,,,,
,,,,,,,,,,,,,,,,,,,,,,,,,,,,,,,,,,,,,0,1.6423291879697817,42.50294107470682,6.137137421965599,3,2688000,0.99,148.0,,,,,,,,,,,,,
,,,,,,,,,,,,,,,,,,,,,,,,,,,,,,,,,,,,,1,2.9805144223055047,105.01301395541412,5.78288147569634,3,2688000,0.76,174.63,,,,,,,,,,,,,
,,,,,,,,,,,,,,,,,,,,,,,,,,,,,,,,,,,,,,,,,3,2688000,,,0.99,0.99,0,0.22999999999999998,1,1,0,145.8,0.76,0,0.0,0.99,6.0
,,,,,,,,,,,,,,,,,,,,,,,,,,,,,,,,,,,,,0,2.0038481493704055,58.32884020791088,5.708812806010246,3,2688000,0.96,160.92,,,,,,,,,,,,,
,,,,,,,,,,,,,,,,,,,,,,,,,,,,,,,,,,,,,1,3.096700135004877,111.65117957281059,5.5166999340616165,3,2688000,0.71,186.21,,,,,,,,,,,,,
,,,,,,,,,,,,,,,,,,,,,,,,,,,,,,,,,,,,,,,,,3,2688000,,,0.96,0.96,0,0.25,1,1,0,145.8,0.71,0,0.0,0.96,6.0
,,,,,,,,,,,,,,,,,,,,,,,,,,,,,,,,,,,,,0,1.8019006619488518,48.71997947454412,5.90831880569458,3,2688000,0.98,154.06,,,,,,,,,,,,,
,,,,,,,,,,,,,,,,,,,,,,,,,,,,,,,,,,,,,1,3.1676766844939603,109.49724928051846,5.441741025745869,3,2688000,0.72,185.82,,,,,,,,,,,,,
,,,,,,,,,,,,,,,,,,,,,,,,,,,,,,,,,,,,,,,,,3,2688000,,,0.98,0.98,0,0.26,1,1,0,145.8,0.72,0,0.0,0.98,6.0
1.381968912978967,175.29,3676160,1,6,5.618922233581543,1098,0,1480,0,3,,,,,,,,,,,,,,,,,,,,,,,,,,,,,,,,,,,,,,,,,,,,,,,
1.381968912978967,193.93,3681280,2,6,5.521287441253662,1098,0,299,0,34,0.002258361,0.191015625,2.106298667693045,-0.5236022147350013,0.0032761332928203045,5731,0.781615138053894,3.5e-05,0.055999999999999994,0.5360281467437744,,,,,,,,,,,,,,,,,,,,,,,,,,,,,,,,,,,,,
1.381968912978967,215.31,3686400,3,6,5.3226637840271,1098,0,222,0,68,0.0014547426,0.169140625,2.7013662954093887,-0.5410292861051857,0.003837213435326703,5739,0.6076796054840088,3.5e-05,0.055999999999999994,0.3725544214248657,,,,,,,,,,,,,,,,,,,,,,,,,,,,,,,,,,,,,
1.0077720483144124,242.73,3691520,4,6,4.986797332763672,1104,6,209,6,97,0.00088521803,0.1026611328125,1.6836008118931205,-0.5273746103048325,0.0008118691388517618,5747,0.6556915044784546,3.5e-05,0.055999999999999994,0.2657895088195801,,,,,,,,,,,,,,,,,,,,,,,,,,,,,,,,,,,,,
1.0077720483144124,267.06,3696640,1,6,4.680431365966797,1104,0,1661,0,3,0.0010605811,0.1369384765625,1.822580587118864,-0.5302722889930009,0.002071308453741949,5755,0.33755171298980713,3.5e-05,0.055999999999999994,0.21882791817188263,0,4,15,3e-05,11,0.011,440,0,,,,,,,,,,,,,,,,,,,,,,,,,,,,,
1.0077720483144124,290.57,3701760,2,6,4.389175891876221,1104,0,298,0,34,0.0011191549,0.08486328125,1.4822696502087638,-0.5194783791899681,0.0004241506991093047,5763,0.49088728427886963,3e-05,0.08,0.02722638100385666,,,,,,,,,,,,,,,,,,,,,,,,,,,,,,,,,,,,,
1.0077720483144124,280.98,3706880,3,6,4.590221881866455,1104,0,230,0,66,0.00096327794,0.0759033203125,1.9018270256579854,-0.531500433664769,-0.00018343619885854423,5771,0.260564923286438,3e-05,0.08,0.3803972601890564,,,,,,,,,,,,,,,,,,,,,,,,,,,,,,,,,,,,,
0.8110325361291567,285.17,3712000,4,6,4.48941707611084,1110,6,200,6,101,0.0012285112,0.090087890625,1.583396612026263,-0.539152919780463,0.00041698183631524446,5779,-0.26837635040283203,3e-05,0.08,1.419302225112915,,,,,,,,,,,,,,,,,,,,,,,,,,,,,,,,,,,,,
0.8110325361291567,281.22,3717120,5,6,4.589840888977051,1110,0,191,0,133,0.0011325169,0.09140625,1.2777235809946432,-0.5192368239164352,-0.00010529790743021294,5787,-0.007286787033081055,3e-05,0.08,1.775416612625122,,,,,,,,,,,,,,,,,,,,,,,,,,,,,,,,,,,,,
0.8110325361291567,,,,6,,1110,0,,,,0.0011382645,0.0630615234375,1.16939561489271,-0.5179929187521338,-0.00030230345000745726,5795,0.0015709996223449707,3e-05,0.08,0.07010605931282043,,,,,,,,,0.797494113445282,42.0,0.008408336463477438,1925,0.5501302083333334,108,0.0024233114967395536,0.05610389610389611,,,,,,,,,,,,,,,,,,,,,
0.8110325361291567,272.17,3722240,1,6,4.8378705978393555,1110,0,1875,0,2,,,,,,,,,,,0,4,15,3e-05,11,0.010317333333333333,440,25600,,,,,,,,,,,,,,,,,,,,,,,,,,,,,
0.8110325361291567,273.81,3727360,2,6,4.811663627624512,1110,0,278,0,36,0.0012129743,0.103369140625,1.2739573950879275,-0.5260211268439889,0.0009853174313320778,5803,0.034352898597717285,3e-05,0.08,0.7065616250038147,,,,,,,,,,,,,,,,,,,,,,,,,,,,,,,,,,,,,
0.8532427499691645,278.07,3732480,3,6,4.73171329498291,1116,6,218,6,70,0.0013860657,0.07783203125,1.002986606117338,-0.5129465388134122,0.00041063349635805935,5811,0.014868438243865967,3e-05,0.08,0.24895161390304565,,,,,,,,,,,,,,,,,,,,,,,,,,,,,,,,,,,,,
0.8532427499691645,283.56,3737600,4,6,4.634925842285156,1116,0,198,0,103,0.0011212963,0.104345703125,1.1699902297870721,-0.5345572027377784,0.0019530949197360315,5819,0.03778386116027832,3e-05,0.08,0.12797193229198456,,,,,,,,,,,,,,,,,,,,,,,,,,,,,,,,,,,,,
0.8532427499691645,285.63,3742720,5,6,4.625352382659912,1116,0,185,0,138,0.0015828682,0.08447265625,1.0254734792222735,-0.5516853915527463,-0.0009599023862392642,5827,0.046758830547332764,3e-05,0.08,1.2999658584594727,,,,,,,,,,,,,,,,,,,,,,,,,,,,,,,,,,,,,
0.8532427499691645,,,,6,,1116,0,,,,0.0012542733,0.0800537109375,0.9899581248842878,-0.517797885555774,4.292384255677462e-06,5835,0.07294332981109619,3e-05,0.08,-0.0059195151552557945,,,,,,,,,0.7961627244949341,42.0,0.008351966999725041,1925,0.5501302083333334,126,0.0023590437647879247,0.06545454545454546,,,,,,,,,,,,,,,,,,,,,
0.8532427499691645,286.2,3747840,1,6,4.644170761108398,1116,0,1827,0,2,,,,,,,,,,,0,4,15,3e-05,11,0.009634666666666666,440,51200,,,,,,,,,,,,,,,,,,,,,,,,,,,,,
0.8776794994870821,284.03,3752960,2,6,4.688318252563477,1122,6,285,6,35,0.0008675518,0.0691650390625,1.0792864810922764,-0.548608360439539,0.0003131426987238228,5843,0.10453611612319946,3e-05,0.08,0.5018072128295898,,,,,,,,,,,,,,,,,,,,,,,,,,,,,,,,,,,,,
0.8776794994870821,285.22,3758080,3,6,4.615452289581299,1122,0,220,0,69,0.00094377605,0.0645751953125,1.3960085799815716,-0.5127719069831074,-0.0003303832141682506,5851,0.08567845821380615,3e-05,0.08,0.010180814191699028,,,,,,,,,,,,,,,,,,,,,,,,,,,,,,,,,,,,,
0.8776794994870821,280.64,3763200,4,6,4.708037853240967,1122,0,198,0,102,0.0014505398,0.0672119140625,1.1744579747028183,-0.5201654708944261,-0.00043438291904749347,5859,0.09961283206939697,3e-05,0.08,2.2868430614471436,,,,,,,,,,,,,,,,,,,,,,,,,,,,,,,,,,,,,
0.8776794994870821,275.43,3768320,5,6,4.8639936447143555,1122,0,186,0,137,0.0010290201,0.072412109375,1.1821231890760828,-0.5168916260823607,-0.00027607754891505464,5867,-0.009270191192626953,3e-05,0.08,0.32815906405448914,,,,,,,,,,,,,,,,,,,,,,,,,,,,,,,,,,,,,
0.8776794994870821,,,,6,,1122,0,,,,0.0015005553,0.097021484375,1.2277392054325902,-0.5233909483999014,0.00041322444449178877,5875,0.035836994647979736,3e-05,0.08,0.3113621771335602,,,,,,,,,0.7930622696876526,41.916666666666664,0.008300673824658872,1925,0.5498046875,25,0.0023097830149227143,0.012987012987012988,,,,,,,,,,,,,,,,,,,,,
0.914357878267765,272.49,3773440,1,6,4.947103977203369,1128,6,1784,6,2,,,,,,,,,,,0,4,15,3e-05,11,0.008952,440,76800,,,,,,,,,,,,,,,,,,,,,,,,,,,,,
0.914357878267765,273.79,3778560,2,6,4.933926105499268,1128,0,274,0,37,0.0010442112,0.072021484375,1.132324806469842,-0.5083205358125269,-0.00018867163744289427,5883,0.06404799222946167,3e-05,0.08,0.4661833345890045,,,,,,,,,,,,,,,,,,,,,,,,,,,,,,,,,,,,,
0.914357878267765,278.43,3783680,3,6,4.857051849365234,1128,0,227,0,67,0.0010774153,0.088525390625,0.8280456386011792,-0.48326601134613156,-7.956229092087597e-05,5891,0.09650284051895142,3e-05,0.08,-0.0018849987536668777,,,,,,,,,,,,,,,,,,,,,,,,,,,,,,,,,,,,,
0.914357878267765,279.2,3788800,4,6,4.887057304382324,1128,0,204,0,100,0.0015378527,0.0665771484375,1.02940969063784,-0.486696407943964,-0.00017731295520206913,5899,0.054344773292541504,3e-05,0.08,0.5553981065750122,,,,,,,,,,,,,,,,,,,,,,,,,,,,,,,,,,,,,
0.9820425063371658,289.12,3793920,5,6,4.6401543617248535,1134,6,192,6,133,0.00069100515,0.061865234375,0.9662820314173587,-0.49118502242490647,-0.000749076264037285,5907,0.08474969863891602,3e-05,0.08,0.3874152600765228,,,,,,,,,,,,,,,,,,,,,,,,,,,,,,,,,,,,,
0.9820425063371658,,,,6,,1134,6,,,,0.001132084,0.070751953125,1.113081346396939,-0.4784577479586005,-0.0004005635826615617,5915,0.05984008312225342,3e-05,0.08,0.1292596310377121,,,,,,,,,0.7920791506767273,41.666666666666664,0.008280954767965544,1925,0.5482855902777778,136,0.002262905172917739,0.07064935064935066,,,,,,,,,,,,,,,,,,,,,
0.9820425063371658,290.48,3799040,1,6,4.567995548248291,1134,0,1786,0,2,,,,,,,,,,,0,4,15,3e-05,11,0.008269333333333333,440,102400,,,,,,,,,,,,,,,,,,,,,,,,,,,,,
0.9820425063371658,292.65,3804160,2,6,4.493198394775391,1134,0,276,0,37,0.00094741286,0.0783447265625,1.2404608251003082,-0.5067062319256366,-0.00014585726894438266,5923,0.16492486000061035,3e-05,0.08,0.2711449861526489,,,,,,,,,,,,,,,,,,,,,,,,,,,,,,,,,,,,,
0.9952216173211733,288.51,3809280,3,6,4.590085029602051,1140,6,217,6,70,0.00081544276,0.066357421875,1.0159248813666637,-0.4939914807677269,0.00012650780845433474,5931,0.2573602795600891,3e-05,0.08,0.4418043792247772,,,,,,,,,,,,,,,,,,,,,,,,,,,,,,,,,,,,,
0.9952216173211733,286.45,3814400,4,6,4.643289566040039,1140,0,193,0,105,0.0009888192,0.0662109375,1.2128782235027757,-0.47811062559485434,-0.00012751828035106882,5939,0.2735767364501953,3e-05,0.08,0.46220555901527405,,,,,,,,,,,,,,,,,,,,,,,,,,,,,,,,,,,,,
0.9952216173211733,269.56,3819520,5,6,5.022176742553711,1140,0,183,0,139,0.0012044145,0.0603759765625,1.123696445004316,-0.5156077887862921,-0.00044637082319241015,5947,0.23611795902252197,3e-05,0.08,0.17447757720947266,,,,,,,,,,,,,,,,,,,,,,,,,,,,,,,,,,,,,
0.9952216173211733,,,,6,,1140,0,,,,0.0011578077,0.0670166015625,1.0618165179737844,-0.5028926176950336,-0.00021484013996087015,5955,0.14778798818588257,3e-05,0.08,-0.002161653246730566,,,,,,,,,0.790101945400238,41.416666666666664,0.008280912906942576,1925,0.5473090277777778,139,0.002254495041064819,0.0722077922077922,,,,,,,,,,,,,,,,,,,,,
0.9952216173211733,269.03,3824640,1,6,5.021157264709473,1140,0,1755,0,2,,,,,,,,,,,0,4,15,3e-05,11,0.007586666666666665,440,128000,,,,,,,,,,,,,,,,,,,,,,,,,,,,,
1.076333537697792,262.5,3829760,2,6,5.191364288330078,1146,6,276,6,36,0.0009277249,0.0748779296875,0.6547638297197409,-0.49892548555508254,-0.0007086469006026164,5963,0.17779433727264404,3e-05,0.08,0.48925748467445374,,,,,,,,,,,,,,,,,,,,,,,,,,,,,,,,,,,,,
1.076333537697792,256.87,3834880,3,6,5.299509048461914,1146,0,203,0,75,0.00081985956,0.0666259765625,0.8330665614281315,-0.514065863750875,-0.0003699244058225304,5971,0.14830142259597778,3e-05,0.08,0.7711178064346313,,,,,,,,,,,,,,,,,,,,,,,,,,,,,,,,,,,,,
1.076333537697792,261.37,3840000,4,6,5.211617946624756,1146,0,185,0,110,0.0011356089,0.067578125,0.6554061044356786,-0.49970844816416504,-0.0004797885354491882,5979,0.25308525562286377,3e-05,0.08,0.3367190361022949,,,,,,,,,,,,,,,,,,,,,,,,,,,,,,,,,,,,,
1.076333537697792,264.76,3845120,5,6,5.075275421142578,1146,0,176,0,144,0.0013514163,0.0707763671875,0.6849308333563385,-0.47668351512402296,-0.00010597038199193776,5987,0.24073147773742676,3e-05,0.08,0.18902979791164398,,,,,,,,,,,,,,,,,,,,,,,,,,,,,,,,,,,,,
1.076333537697792,,,,6,,1146,0,,,,0.0010773933,0.0622802734375,0.938319811099791,-0.5008903102949261,0.0003035444358829409,5995,0.3707278370857239,3e-05,0.08,0.24285314977169037,,,,,,,,,0.7870334386825562,41.416666666666664,0.008295877902847052,1925,0.5473090277777778,146,0.00226636144882828,0.07584415584415584,,,,,,,,,,,,,,,,,,,,,
,,,,,,,,,,,,,,,,,,,,,,,,,,,,,,,,,,,,,0,2.1488809775718805,82.17626117072983,4.889653302431107,4,153600,0.91,269.39,,,,,,,,,,,,,
,,,,,,,,,,,,,,,,,,,,,,,,,,,,,,,,,,,,,1,2.9642576605745266,127.25138741876253,4.464371806979179,4,153600,0.54,303.38,,,,,,,,,,,,,
,,,,,,,,,,,,,,,,,,,,,,,,,,,,,,,,,,,,,,,,,4,153600,,,0.91,0.91,0,0.37,0,0,0,217.8,0.54,0,0.0,0.91,6.0
1.0540858904520671,270.69,3850240,1,6,4.954916954040527,1152,6,1463,6,3,,,,,,,,,,,1,4,15,3e-05,11,0.007103999999999999,440,153600,,,,,,,,,,,,,,,,,,,,,,,,,,,,,
1.0540858904520671,268.72,3855360,2,6,4.988112926483154,1152,0,255,0,40,0.0016034994,0.092822265625,1.297079673880944,-0.5168015081435442,-9.798163664527237e-05,6003,0.3011178970336914,3e-05,0.08,1.9095631837844849,,,,,,,,,,,,,,,,,,,,,,,,,,,,,,,,,,,,,
1.0540858904520671,279.29,3860480,3,6,4.758230686187744,1152,0,212,0,72,0.00088352896,0.07490234375,0.823814674076857,-0.50457037165761,-0.0004407232700032182,6011,0.04426795244216919,3e-05,0.08,0.009805336594581604,,,,,,,,,,,,,,,,,,,,,,,,,,,,,,,,,,,,,
1.0540858904520671,281.63,3865600,4,6,4.6935038566589355,1152,0,197,0,103,0.00110409,0.0735107421875,0.8246661226410652,-0.4913383090868592,-0.00021431456552818419,6019,0.197829008102417,3e-05,0.08,0.061658188700675964,,,,,,,,,,,,,,,,,,,,,,,,,,,,,,,,,,,,,
1.0178476969401042,277.03,3870720,5,6,4.840773105621338,1158,6,186,6,137,0.001190901,0.0796875,1.003166313865222,-0.49930251464247705,-0.0003356050292495638,6027,0.2325487732887268,3e-05,0.08,0.09284072369337082,,,,,,,,,,,,,,,,,,,,,,,,,,,,,,,,,,,,,
1.0178476969401042,,,,6,,1158,6,,,,0.0012572904,0.0775634765625,1.5078577791893621,-0.5097298295237124,2.758246846497059e-05,6035,0.11151641607284546,3e-05,0.08,0.06081404536962509,,,,,,,,,0.7866855263710022,41.333333333333336,0.008260584420275113,1925,0.5469835069444445,75,0.002240132296716292,0.03896103896103896,,,,,,,,,,,,,,,,,,,,,
,,,,,,,,,,,,,,,,,,,,,,,,,,,,,,,,,,,,,0,1.940051656845446,77.98623981190529,5.031034941375256,4,179200,0.91,266.08,,,,,,,,,,,,,
,,,,,,,,,,,,,,,,,,,,,,,,,,,,,,,,,,,,,1,3.0547161350342376,125.07963703177266,4.376370408535004,4,179200,0.54,305.62,,,,,,,,,,,,,
,,,,,,,,,,,,,,,,,,,,,,,,,,,,,,,,,,,,,,,,,4,179200,,,0.91,0.91,0,0.37,0,0,0,217.8,0.54,0,0.0,0.91,6.0
1.0178476969401042,278.93,3875840,1,6,4.734445571899414,1158,0,1474,0,3,,,,,,,,,,,1,4,15,3e-05,11,0.006621333333333332,440,179200,,,,,,,,,,,,,,,,,,,,,,,,,,,,,
1.0178476969401042,284.17,3880960,2,6,4.6439127922058105,1158,0,303,0,33,0.0013536472,0.076708984375,0.6972028470539954,-0.5156438729725779,-0.0006948419890250079,6043,0.04728978872299194,3e-05,0.08,0.01833951473236084,,,,,,,,,,,,,,,,,,,,,,,,,,,,,,,,,,,,,
1.0178476969401042,277.91,3886080,3,6,4.837228298187256,1158,0,229,0,66,0.0010718697,0.0752685546875,0.9341571186319925,-0.48693707277998327,-0.00032786070951260624,6051,0.18946021795272827,3e-05,0.08,0.15360978245735168,,,,,,,,,,,,,,,,,,,,,,,,,,,,,,,,,,,,,
1.0253858516613643,273.08,3891200,4,6,4.955184459686279,1164,6,203,6,100,0.0008855731,0.051123046875,0.9883511674735928,-0.46145176570862534,-0.00030005907465238126,6059,0.20073872804641724,3e-05,0.08,0.2551499009132385,,,,,,,,,,,,,,,,,,,,,,,,,,,,,,,,,,,,,
1.0253858516613643,276.91,3896320,5,6,4.824491500854492,1164,0,186,0,137,0.0010317024,0.0763671875,1.0343405206658645,-0.47939425045624373,-0.0003504135675029829,6067,0.06904757022857666,3e-05,0.08,0.7791515588760376,,,,,,,,,,,,,,,,,,,,,,,,,,,,,,,,,,,,,
1.0253858516613643,,,,6,,1164,0,,,,0.001216356,0.0701171875,0.8843257391417865,-0.44906512098386886,-0.0004909479088382795,6075,0.015233278274536133,3e-05,0.08,0.8115494847297668,,,,,,,,,0.7866625189781189,41.083333333333336,0.008235794063923366,1925,0.5460069444444445,156,0.002209479334386012,0.08103896103896104,,,,,,,,,,,,,,,,,,,,,
,,,,,,,,,,,,,,,,,,,,,,,,,,,,,,,,,,,,,0,1.739358204825285,74.50896858768077,5.6941886436939235,4,204800,0.92,242.44,,,,,,,,,,,,,
,,,,,,,,,,,,,,,,,,,,,,,,,,,,,,,,,,,,,1,2.99633484060714,126.00162697362285,4.200349338650703,4,204800,0.51,312.9,,,,,,,,,,,,,
,,,,,,,,,,,,,,,,,,,,,,,,,,,,,,,,,,,,,,,,,4,204800,,,0.92,0.92,0,0.41000000000000003,0,0,0,217.8,0.51,0,0.0,0.92,6.0
1.0253858516613643,275.74,3901440,1,6,4.907580852508545,1164,0,1468,0,3,,,,,,,,,,,1,4,15,3e-05,11,0.0061386666666666655,440,204800,,,,,,,,,,,,,,,,,,,,,,,,,,,,,
1.0253858516613643,267.9,3906560,2,6,5.027366638183594,1164,0,265,0,38,0.0008522336,0.0589599609375,1.2966697899915745,-0.4623043047264218,-0.00023866143310442568,6083,0.12068140506744385,3e-05,0.08,0.4956156611442566,,,,,,,,,,,,,,,,,,,,,,,,,,,,,,,,,,,,,
1.0545713330308597,278.85,3911680,3,6,4.820474624633789,1170,6,219,6,69,0.0013775459,0.0814453125,0.7579053534311242,-0.46689672488719225,0.00018858547700801865,6091,0.10238242149353027,3e-05,0.08,0.34785181283950806,,,,,,,,,,,,,,,,,,,,,,,,,,,,,,,,,,,,,
1.0545713330308597,284.5,3916800,4,6,4.639789581298828,1170,0,201,0,101,0.0009992322,0.0883056640625,0.8415179550385801,-0.46514952355064454,0.0002994090667925775,6099,0.1388196349143982,3e-05,0.08,1.3112016916275024,,,,,,,,,,,,,,,,,,,,,,,,,,,,,,,,,,,,,
1.0545713330308597,280.89,3921920,5,6,4.6990227699279785,1170,0,189,0,134,0.0007635327,0.0587890625,0.9085746518452652,-0.4670432506129146,-0.0003179324499797076,6107,0.1954054832458496,3e-05,0.08,0.9753724336624146,,,,,,,,,,,,,,,,,,,,,,,,,,,,,,,,,,,,,
1.0545713330308597,,,,6,,1170,0,,,,0.0007075799,0.071337890625,1.1054613621381577,-0.47117002299055455,-0.00036852986668236556,6115,0.10208296775817871,3e-05,0.08,1.1965291500091553,,,,,,,,,0.7846853137016296,40.833333333333336,0.008203172502699477,1925,0.5450303819444445,163,0.002178576062745134,0.08467532467532468,,,,,,,,,,,,,,,,,,,,,
,,,,,,,,,,,,,,,,,,,,,,,,,,,,,,,,,,,,,0,2.314005141184935,88.78834157703363,4.762459342023358,4,230400,0.93,274.48,,,,,,,,,,,,,
,,,,,,,,,,,,,,,,,,,,,,,,,,,,,,,,,,,,,1,2.857367385013579,126.73163575051024,4.23742411762476,4,230400,0.49,316.85,,,,,,,,,,,,,
,,,,,,,,,,,,,,,,,,,,,,,,,,,,,,,,,,,,,,,,,4,230400,,,0.93,0.93,0,0.44000000000000006,1,0,0,217.8,0.49,0,0.0,0.93,6.0
1.0545713330308597,281.75,3927040,1,6,4.728883743286133,1170,0,1461,0,3,,,,,,,,,,,1,4,15,3e-05,11,0.005656,440,230400,,,,,,,,,,,,,,,,,,,,,,,,,,,,,
1.0098985508084297,279.46,3932160,2,6,4.781290531158447,1176,6,284,6,36,0.0011221839,0.08037109375,0.8865907269529998,-0.46695768190547826,6.23248954070732e-05,6123,0.10898327827453613,3e-05,0.08,0.4465893805027008,,,,,,,,,,,,,,,,,,,,,,,,,,,,,,,,,,,,,
1.0098985508084297,262.74,3937280,3,6,5.158281326293945,1176,0,200,0,76,0.0015288366,0.0903564453125,1.251448330153653,-0.4738022991456091,-0.00041370340622961523,6131,0.08363920450210571,3e-05,0.08,0.09815692901611328,,,,,,,,,,,,,,,,,,,,,,,,,,,,,,,,,,,,,
1.0098985508084297,254.5,3942400,4,6,5.410628795623779,1176,0,182,0,112,0.0014757545,0.0751220703125,0.8137663846602663,-0.46085746404714883,-0.0007533862459240481,6139,0.24757462739944458,3e-05,0.08,0.032475195825099945,,,,,,,,,,,,,,,,,,,,,,,,,,,,,,,,,,,,,
1.0098985508084297,255.51,3947520,5,6,5.39846658706665,1176,0,176,0,145,0.0015754154,0.07490234375,0.9864723210128432,-0.4600206928793341,-0.0006340540217934177,6147,0.42136234045028687,3e-05,0.08,0.17167353630065918,,,,,,,,,,,,,,,,,,,,,,,,,,,,,,,,,,,,,
1.0098985508084297,,,,6,,1176,0,,,,0.0011876326,0.0802734375,0.6333880269492511,-0.46808869815431536,-0.00010039635380962864,6155,0.4567772150039673,3e-05,0.08,0.04171071574091911,,,,,,,,,0.7828449010848999,40.75,0.008303729442513352,1925,0.5447048611111112,77,0.002261719580828482,0.04,,,,,,,,,,,,,,,,,,,,,
,,,,,,,,,,,,,,,,,,,,,,,,,,,,,,,,,,,,,0,2.5472860004956397,94.27212260260188,4.856865386962891,4,256000,0.82,272.87,,,,,,,,,,,,,
,,,,,,,,,,,,,,,,,,,,,,,,,,,,,,,,,,,,,1,3.0939171358427138,127.1542130642945,3.800868866131641,4,256000,0.44,328.19,,,,,,,,,,,,,
,,,,,,,,,,,,,,,,,,,,,,,,,,,,,,,,,,,,,,,,,4,256000,,,0.82,0.82,0,0.37999999999999995,0,0,0,217.8,0.44,0,0.0,0.82,6.0
1.1640718181927998,254.33,3952640,1,6,5.409214019775391,1182,6,1439,6,3,,,,,,,,,,,1,4,15,3e-05,11,0.005173333333333332,440,256000,,,,,,,,,,,,,,,,,,,,,,,,,,,,,
1.1640718181927998,266.89,3957760,2,6,5.1108808517456055,1182,0,295,0,34,0.0010500068,0.0638671875,1.0035471750365104,-0.4380646084435284,-0.00030576705321436746,6163,0.4307732582092285,3e-05,0.08,0.40942955017089844,,,,,,,,,,,,,,,,,,,,,,,,,,,,,,,,,,,,,
1.1640718181927998,268.47,3962880,3,6,5.04306173324585,1182,0,226,0,67,0.0016130814,0.096826171875,0.9137016461871099,-0.48855220852419734,0.0005158845262485557,6171,0.46708446741104126,3e-05,0.08,0.7602531909942627,,,,,,,,,,,,,,,,,,,,,,,,,,,,,,,,,,,,,
1.1640718181927998,277.26,3968000,4,6,4.863614559173584,1182,0,191,0,106,0.0016084161,0.1009765625,1.3681437755265506,-0.46016368428245186,0.0012007982630166225,6179,0.28914153575897217,3e-05,0.08,0.025364384055137634,,,,,,,,,,,,,,,,,,,,,,,,,,,,,,,,,,,,,
1.1137680262327194,282.14,3973120,5,6,4.720667839050293,1188,6,184,6,138,0.00075105863,0.07099609375,0.693482577357645,-0.45405811369419097,-3.856180846923962e-05,6187,0.201133131980896,3e-05,0.08,0.03247704729437828,,,,,,,,,,,,,,,,,,,,,,,,,,,,,,,,,,,,,
1.1137680262327194,,,,6,,1188,6,,,,0.00093531515,0.065234375,0.7564870850590524,-0.44867664952762426,0.00017240320739801972,6195,0.30532681941986084,3e-05,0.08,0.17682664096355438,,,,,,,,,0.7824427485466003,40.666666666666664,0.008249765977223975,1925,0.5443793402777778,163,0.0022152858856257095,0.08467532467532468,,,,,,,,,,,,,,,,,,,,,
,,,,,,,,,,,,,,,,,,,,,,,,,,,,,,,,,,,,,0,2.588891964067738,91.31642294790133,4.793095538914204,4,281600,0.86,273.03,,,,,,,,,,,,,
,,,,,,,,,,,,,,,,,,,,,,,,,,,,,,,,,,,,,1,3.2276373074309257,128.61016250670082,3.730767700448632,4,281600,0.43,329.31,,,,,,,,,,,,,
,,,,,,,,,,,,,,,,,,,,,,,,,,,,,,,,,,,,,,,,,4,281600,,,0.86,0.86,0,0.43,0,0,0,217.8,0.43,0,0.0,0.86,6.0
1.1137680262327194,279.57,3978240,1,6,4.807458877563477,1188,0,1461,0,3,,,,,,,,,,,1,4,15,3e-05,11,0.004690666666666666,440,281600,,,,,,,,,,,,,,,,,,,,,,,,,,,,,
1.1137680262327194,272.43,3983360,2,6,4.979804515838623,1188,0,282,0,36,0.00088653807,0.0712158203125,1.0071509149609483,-0.4428312639705837,-0.0002464775461703539,6203,0.3503660559654236,3e-05,0.08,0.9023223519325256,,,,,,,,,,,,,,,,,,,,,,,,,,,,,,,,,,,,,
1.1137680262327194,281.96,3988480,3,6,4.747039318084717,1188,0,216,0,71,0.0010876519,0.0816650390625,1.1213482202612794,-0.4714737104251981,0.0009972690924769268,6211,0.40059393644332886,3e-05,0.08,0.0485738068819046,,,,,,,,,,,,,,,,,,,,,,,,,,,,,,,,,,,,,
1.047427013516426,285.56,3993600,4,6,4.715035438537598,1194,6,203,6,100,0.0017058831,0.1053466796875,0.7844285609549843,-0.44303585318848493,0.0010672919495846144,6219,0.48168015480041504,3e-05,0.08,0.2247256189584732,,,,,,,,,,,,,,,,,,,,,,,,,,,,,,,,,,,,,
1.047427013516426,274.21,3998720,5,6,4.956317901611328,1194,0,188,0,136,0.0015449686,0.0702880859375,1.3455162272555754,-0.45645687030628324,0.0002489457867341116,6227,0.16832804679870605,3e-05,0.08,0.11024359613656998,,,,,,,,,,,,,,,,,,,,,,,,,,,,,,,,,,,,,
1.047427013516426,,,,6,,1194,0,,,,0.0019647642,0.0895751953125,1.5312292241549585,-0.4722331459634006,0.0004973694391082973,6235,0.09295612573623657,3e-05,0.08,0.1420360505580902,,,,,,,,,0.7819879055023193,40.583333333333336,0.00820035334805797,1925,0.5440538194444445,200,0.002192176311607439,0.1038961038961039,,,,,,,,,,,,,,,,,,,,,
,,,,,,,,,,,,,,,,,,,,,,,,,,,,,,,,,,,,,0,2.367776754892363,92.87622892861229,4.971766876131296,4,307200,0.84,269.31,,,,,,,,,,,,,
,,,,,,,,,,,,,,,,,,,,,,,,,,,,,,,,,,,,,1,3.7340398357935403,129.18010682763813,3.6238762088492513,4,307200,0.45,324.0,,,,,,,,,,,,,
,,,,,,,,,,,,,,,,,,,,,,,,,,,,,,,,,,,,,,,,,4,307200,,,0.84,0.84,0,0.38999999999999996,0,0,0,217.8,0.45,0,0.0,0.84,6.0
1.047427013516426,282.72,4003840,1,6,4.7568511962890625,1194,0,1417,0,3,,,,,,,,,,,1,4,15,3e-05,11,0.004399999999999999,440,307200,,,,,,,,,,,,,,,,,,,,,,,,,,,,,
1.047427013516426,289.41,4008960,2,6,4.614813327789307,1194,0,298,0,34,0.0012880099,0.0607177734375,0.8657205436262302,-0.47011654544621706,-0.0005510985443834216,6243,0.0623171329498291,3e-05,0.08,0.1551675647497177,,,,,,,,,,,,,,,,,,,,,,,,,,,,,,,,,,,,,
0.9768206253647804,289.22,4014080,3,6,4.644708156585693,1200,6,241,6,63,0.0012345288,0.060986328125,0.7424562169937416,-0.43807662529870867,0.00018814763898262755,6251,0.18118584156036377,3e-05,0.08,0.11255858838558197,,,,,,,,,,,,,,,,,,,,,,,,,,,,,,,,,,,,,
0.9768206253647804,288.36,4019200,4,6,4.674575328826904,1200,0,214,0,95,0.0012181357,0.0689453125,1.0920569507754407,-0.49738882593810557,-0.0005118354718433693,6259,0.15506023168563843,3e-05,0.08,1.3749134540557861,,,,,,,,,,,,,,,,,,,,,,,,,,,,,,,,,,,,,
0.9768206253647804,281.71,4024320,5,6,4.817693710327148,1200,0,199,0,128,0.0017083839,0.0806396484375,1.05208151784027,-0.485494845546782,-3.5974761703982947e-05,6267,0.22531956434249878,3e-05,0.08,0.4194166958332062,,,,,,,,,,,,,,,,,,,,,,,,,,,,,,,,,,,,,
0.9768206253647804,,,,6,,1200,0,,,,0.0016024424,0.0952880859375,1.3569098943960853,-0.4793908161111176,0.00044710826769005506,6275,0.1647467017173767,3e-05,0.08,2.7822084426879883,,,,,,,,,0.7814356088638306,40.416666666666664,0.008197777355231967,1925,0.5434027777777778,166,0.00217933839953407,0.08623376623376623,,,,,,,,,,,,,,,,,,,,,
,,,,,,,,,,,,,,,,,,,,,,,,,,,,,,,,,,,,,0,2.028226103387124,90.20769091380181,4.734823278486728,4,332800,0.83,282.85,,,,,,,,,,,,,
,,,,,,,,,,,,,,,,,,,,,,,,,,,,,,,,,,,,,1,2.9947679872271427,126.42992683696372,3.8380740451812745,4,332800,0.43,331.44,,,,,,,,,,,,,
,,,,,,,,,,,,,,,,,,,,,,,,,,,,,,,,,,,,,,,,,4,332800,,,0.83,0.83,0,0.39999999999999997,0,0,0,217.8,0.43,0,0.0,0.83,6.0
1.0749245782693226,282.52,4029440,1,6,4.804259777069092,1206,6,1438,6,3,,,,,,,,,,,1,4,15,3e-05,11,0.0046,440,332800,,,,,,,,,,,,,,,,,,,,,,,,,,,,,
1.0749245782693226,274.95,4034560,2,6,4.94672966003418,1206,0,267,0,38,0.0012617788,0.100244140625,0.8583491036202758,-0.47728738114237784,0.0010273600521031768,6283,0.2526535391807556,3e-05,0.08,0.028031226247549057,,,,,,,,,,,,,,,,,,,,,,,,,,,,,,,,,,,,,
1.0749245782693226,276.48,4039680,3,6,4.874210834503174,1206,0,215,0,71,0.001154055,0.0837646484375,0.8188962527696276,-0.4591782847419381,-0.00017579004634171724,6291,0.3853077292442322,3e-05,0.08,0.3299853503704071,,,,,,,,,,,,,,,,,,,,,,,,,,,,,,,,,,,,,
1.0749245782693226,269.55,4044800,4,6,5.0361714363098145,1206,0,201,0,101,0.0025016773,0.107080078125,0.7524046691294644,-0.481504288315773,0.0008282799492008053,6299,0.5197279453277588,3e-05,0.08,0.6380130648612976,,,,,,,,,,,,,,,,,,,,,,,,,,,,,,,,,,,,,
1.0775287995735805,269.9,4049920,5,6,5.02348518371582,1212,6,188,6,135,0.0013564929,0.0959228515625,0.8425215704541188,-0.48393371552228925,0.0015996064219507388,6307,0.3137195110321045,3e-05,0.08,0.8846296668052673,,,,,,,,,,,,,,,,,,,,,,,,,,,,,,,,,,,,,
1.0775287995735805,,,,6,,1212,6,,,,0.001317593,0.0866455078125,0.882411000598222,-0.46452336125075816,0.00025037776358658446,6315,0.273205041885376,3e-05,0.08,0.019536379724740982,,,,,,,,,0.7811462879180908,40.25,0.008220692173832913,1925,0.5427517361111112,144,0.0021971942889635145,0.0748051948051948,,,,,,,,,,,,,,,,,,,,,
,,,,,,,,,,,,,,,,,,,,,,,,,,,,,,,,,,,,,0,2.060641680988499,87.864108713399,4.830123449265957,4,358400,0.84,277.72,,,,,,,,,,,,,
,,,,,,,,,,,,,,,,,,,,,,,,,,,,,,,,,,,,,1,2.9605861307312713,127.06542055177718,3.6667643450200558,4,358400,0.39,339.33,,,,,,,,,,,,,
,,,,,,,,,,,,,,,,,,,,,,,,,,,,,,,,,,,,,,,,,4,358400,,,0.84,0.84,0,0.44999999999999996,0,0,0,217.8,0.39,0,0.0,0.84,6.0
1.0775287995735805,272.16,4055040,1,6,4.9601731300354,1212,0,1493,0,3,,,,,,,,,,,1,4,15,3e-05,11,0.0048,440,358400,,,,,,,,,,,,,,,,,,,,,,,,,,,,,
1.0775287995735805,276.66,4060160,2,6,4.899145603179932,1212,0,294,0,34,0.0009941205,0.0765869140625,1.0001092521881219,-0.4545117184985429,0.00010439955949550494,6323,0.3575264811515808,3e-05,0.08,0.1083444133400917,,,,,,,,,,,,,,,,,,,,,,,,,,,,,,,,,,,,,
1.0775287995735805,281.19,4065280,3,6,4.795522689819336,1212,0,217,0,70,0.0011439179,0.0676025390625,0.9992444212890405,-0.4442842502146959,0.00024721969675738363,6331,0.45302748680114746,3e-05,0.08,1.093755841255188,,,,,,,,,,,,,,,,,,,,,,,,,,,,,,,,,,,,,
1.046910899380843,275.41,4070400,4,6,4.930071830749512,1218,6,200,6,102,0.0009627901,0.06240234375,1.0623118100396822,-0.4837442545220256,-0.00010293376690242439,6339,0.3835436701774597,3e-05,0.08,0.18284592032432556,,,,,,,,,,,,,,,,,,,,,,,,,,,,,,,,,,,,,
1.046910899380843,274.25,4075520,5,6,4.938636302947998,1218,0,188,0,135,0.0023679917,0.103271484375,1.2233334015269066,-0.48525430271402004,0.0008602107423939742,6347,0.17671853303909302,3e-05,0.08,0.3046809434890747,,,,,,,,,,,,,,,,,,,,,,,,,,,,,,,,,,,,,
1.046910899380843,,,,6,,1218,0,,,,0.0010101829,0.0723876953125,0.8842512864241143,-0.4590588929131627,-0.00013528204290196298,6355,0.19282633066177368,3e-05,0.08,0.020624322816729546,,,,,,,,,0.7818701863288879,40.25,0.0081874072061228,1925,0.5427517361111112,201,0.0021647596000738414,0.10441558441558442,,,,,,,,,,,,,,,,,,,,,
,,,,,,,,,,,,,,,,,,,,,,,,,,,,,,,,,,,,,0,2.1133508275108075,90.39628034382831,4.942271241247654,4,384000,0.86,272.25,,,,,,,,,,,,,
,,,,,,,,,,,,,,,,,,,,,,,,,,,,,,,,,,,,,1,3.2040230631436253,131.82601374539092,3.7656353881955145,4,384000,0.42,328.61,,,,,,,,,,,,,
,,,,,,,,,,,,,,,,,,,,,,,,,,,,,,,,,,,,,,,,,4,384000,,,0.86,0.86,0,0.44,0,0,0,217.8,0.42,0,0.0,0.86,6.0
1.046910899380843,275.37,4080640,1,6,4.912513732910156,1218,0,1475,0,3,,,,,,,,,,,1,4,15,3e-05,11,0.004999999999999999,440,384000,,,,,,,,,,,,,,,,,,,,,,,,,,,,,
1.046910899380843,278.81,4085760,2,6,4.818668842315674,1218,0,261,0,39,0.0013405203,0.0753173828125,0.9085070695902686,-0.4740930378437042,-0.0009245018154615536,6363,0.15097737312316895,3e-05,0.08,0.34480777382850647,,,,,,,,,,,,,,,,,,,,,,,,,,,,,,,,,,,,,
1.0457216650247574,270.73,4090880,3,6,4.957238674163818,1224,6,211,6,72,0.0013440477,0.087158203125,1.0642976230592467,-0.47991196075454357,0.0005417608030256815,6371,0.004005134105682373,3e-05,0.08,0.024715453386306763,,,,,,,,,,,,,,,,,,,,,,,,,,,,,,,,,,,,,
1.0457216650247574,263.41,4096000,4,6,5.088858127593994,1224,0,187,0,108,0.0012811598,0.073095703125,0.9126671560807154,-0.4760145217180252,0.0003255029965657741,6379,0.21687102317810059,3e-05,0.08,0.6229375004768372,,,,,,,,,,,,,,,,,,,,,,,,,,,,,,,,,,,,,
1.0457216650247574,271.62,4101120,5,6,4.858266830444336,1224,0,176,0,145,0.0030180397,0.0885498046875,1.1195473272295202,-0.47588098123669625,0.0006254359963349998,6387,0.16978079080581665,3e-05,0.08,0.6590913534164429,,,,,,,,,,,,,,,,,,,,,,,,,,,,,,,,,,,,,
1.0457216650247574,,,,6,,1224,0,,,,0.0011042815,0.093408203125,0.8015781458700075,-0.4573266183026135,0.0011784205402364024,6395,0.09830325841903687,3e-05,0.08,0.1130138635635376,,,,,,,,,0.7788640856742859,40.083333333333336,0.008165616488890939,1925,0.5421006944444445,203,0.0021450549495802287,0.10545454545454545,,,,,,,,,,,,,,,,,,,,,
,,,,,,,,,,,,,,,,,,,,,,,,,,,,,,,,,,,,,0,2.1291367300978363,92.82266695155877,5.034270453061908,4,409600,0.84,270.75,,,,,,,,,,,,,
,,,,,,,,,,,,,,,,,,,,,,,,,,,,,,,,,,,,,1,2.915383758863733,128.76380081373802,3.9936990904808045,4,409600,0.44,327.06,,,,,,,,,,,,,
,,,,,,,,,,,,,,,,,,,,,,,,,,,,,,,,,,,,,,,,,4,409600,,,0.84,0.84,0,0.39999999999999997,0,0,0,217.8,0.44,0,0.0,0.84,6.0
1.0457216650247574,280.24,4106240,1,6,4.673223495483398,1224,0,1478,0,3,,,,,,,,,,,1,4,15,3e-05,11,0.0052,440,409600,,,,,,,,,,,,,,,,,,,,,,,,,,,,,
1.0452984422445297,275.58,4111360,2,6,4.803776741027832,1230,6,285,6,35,0.0009583719,0.0838134765625,0.8783321907569188,-0.4485690669622272,-6.222948286449537e-05,6403,0.31415414810180664,3e-05,0.08,1.2046939134597778,,,,,,,,,,,,,,,,,,,,,,,,,,,,,,,,,,,,,
1.0452984422445297,286.17,4116480,3,6,4.569774150848389,1230,0,220,0,69,0.0019007556,0.086376953125,0.9740471616911236,-0.44669443075545134,0.0002810995181789622,6411,0.31868189573287964,3e-05,0.08,0.10708552598953247,,,,,,,,,,,,,,,,,,,,,,,,,,,,,,,,,,,,,
1.0452984422445297,283.67,4121600,4,6,4.651385307312012,1230,0,204,0,100,0.00091047597,0.07646484375,0.7679318478505592,-0.4517943114042282,0.0006380453589372337,6419,0.33243823051452637,3e-05,0.08,0.1593858152627945,,,,,,,,,,,,,,,,,,,,,,,,,,,,,,,,,,,,,
1.0452984422445297,293.41,4126720,5,6,4.415873050689697,1230,0,186,0,137,0.0008647271,0.07138671875,1.2352574364864268,-0.46419867426156997,-0.0004325700298068114,6427,0.08418011665344238,3e-05,0.08,0.6714990139007568,,,,,,,,,,,,,,,,,,,,,,,,,,,,,,,,,,,,,
1.0452984422445297,,,,6,,1230,0,,,,0.001082725,0.070263671875,1.1466820723493583,-0.47568112928420303,2.1683691011276095e-05,6435,0.1921597123146057,3e-05,0.08,0.03205025941133499,,,,,,,,,0.7768171429634094,39.833333333333336,0.008138169272238432,1925,0.5405815972222222,202,0.0021296380080705933,0.10493506493506494,,,,,,,,,,,,,,,,,,,,,
,,,,,,,,,,,,,,,,,,,,,,,,,,,,,,,,,,,,,0,2.1471137795712276,88.94162355163077,4.8489131307601925,4,435200,0.87,275.26,,,,,,,,,,,,,
,,,,,,,,,,,,,,,,,,,,,,,,,,,,,,,,,,,,,1,2.9804312707559535,125.77713464696197,3.683319123387337,4,435200,0.41,335.82,,,,,,,,,,,,,
,,,,,,,,,,,,,,,,,,,,,,,,,,,,,,,,,,,,,,,,,4,435200,,,0.87,0.87,0,0.46,0,0,0,217.8,0.41,0,0.0,0.87,6.0
0.9904705534378687,280.37,4131840,1,6,4.709784984588623,1236,6,1468,6,3,,,,,,,,,,,1,4,15,3e-05,11,0.0054,440,435200,,,,,,,,,,,,,,,,,,,,,,,,,,,,,
0.9904705534378687,273.91,4136960,2,6,4.887742042541504,1236,0,280,0,36,0.00080897275,0.056640625,1.243893300689524,-0.46683251913636925,-0.0005226713008596561,6443,0.3205162286758423,3e-05,0.08,0.02507135458290577,,,,,,,,,,,,,,,,,,,,,,,,,,,,,,,,,,,,,
0.9904705534378687,261.17,4142080,3,6,5.178709030151367,1236,0,211,0,72,0.0013812375,0.075830078125,1.3065805086749607,-0.45525342766195537,0.0005441649293061346,6451,0.0406571626663208,3e-05,0.08,0.5663799047470093,,,,,,,,,,,,,,,,,,,,,,,,,,,,,,,,,,,,,
0.9904705534378687,258.4,4147200,4,6,5.260686874389648,1236,0,186,0,109,0.0013908066,0.084765625,0.9523932834446895,-0.4403847482986748,0.00012711909366771578,6459,0.19161003828048706,3e-05,0.08,0.5756967663764954,,,,,,,,,,,,,,,,,,,,,,,,,,,,,,,,,,,,,
1.0988142142693202,259.25,4152320,5,6,5.237185478210449,1242,6,176,6,145,0.0006121214,0.05380859375,0.8004957516095601,-0.41326088369823993,-0.0003105263487668708,6467,0.2877352833747864,3e-05,0.08,0.6412181854248047,,,,,,,,,,,,,,,,,,,,,,,,,,,,,,,,,,,,,
1.0988142142693202,,,,6,,1242,6,,,,0.00069281564,0.056298828125,1.0062975153618026,-0.4316264728549868,-0.00024357985676033423,6475,0.3665621280670166,3e-05,0.08,0.8992244601249695,,,,,,,,,0.7753227949142456,39.75,0.00816942541537679,1925,0.5353732638888888,204,0.0021596941304666876,0.10597402597402597,,,,,,,,,,,,,,,,,,,,,
,,,,,,,,,,,,,,,,,,,,,,,,,,,,,,,,,,,,,0,2.125177153954702,93.43541673262874,4.846341238617897,4,460800,0.81,279.27,,,,,,,,,,,,,
,,,,,,,,,,,,,,,,,,,,,,,,,,,,,,,,,,,,,1,3.1455054121429464,129.85432568844212,3.745958862155676,4,460800,0.42,330.29,,,,,,,,,,,,,
,,,,,,,,,,,,,,,,,,,,,,,,,,,,,,,,,,,,,,,,,4,460800,,,0.81,0.81,0,0.39000000000000007,0,0,0,217.8,0.42,0,0.0,0.81,6.0
1.0988142142693202,267.01,4157440,1,6,5.055694103240967,1242,0,1483,0,3,,,,,,,,,,,1,4,15,3e-05,11,0.0056,440,460800,,,,,,,,,,,,,,,,,,,,,,,,,,,,,
1.0988142142693202,277.55,4162560,2,6,4.869273662567139,1242,0,308,0,33,0.0011691258,0.081689453125,0.953542738687247,-0.4172609820496291,-0.0001197159755975008,6483,0.4938715696334839,3e-05,0.08,0.021532781422138214,,,,,,,,,,,,,,,,,,,,,,,,,,,,,,,,,,,,,
1.0988142142693202,278.32,4167680,3,6,4.8461503982543945,1242,0,241,0,63,0.0024411776,0.0913818359375,1.0861223451094701,-0.4407963499426842,-3.611359425121918e-05,6491,0.48980873823165894,3e-05,0.08,0.024853315204381943,,,,,,,,,,,,,,,,,,,,,,,,,,,,,,,,,,,,,
1.0400294934709866,280.9,4172800,4,6,4.79894495010376,1248,6,211,6,96,0.0013823828,0.0735107421875,1.3469599872478284,-0.4531072863377631,0.0004352574112999719,6499,0.20286941528320312,3e-05,0.08,0.3359346091747284,,,,,,,,,,,,,,,,,,,,,,,,,,,,,,,,,,,,,
1.0400294934709866,278.91,4177920,5,6,4.850978851318359,1248,0,194,0,131,0.0011369592,0.068310546875,1.0450872871268075,-0.4666861926205456,-0.0008037935040192679,6507,0.1707490086555481,3e-05,0.08,0.9077886343002319,,,,,,,,,,,,,,,,,,,,,,,,,,,,,,,,,,,,,
1.0400294934709866,,,,6,,1248,0,,,,0.0011234891,0.067333984375,0.9492242434469518,-0.44781939340755345,-0.0004613410244928673,6515,0.26582908630371094,3e-05,0.08,0.2351536601781845,,,,,,,,,0.7741058468818665,39.75,0.008121816536231603,1925,0.5353732638888888,128,0.0021374643754892286,0.0664935064935065,,,,,,,,,,,,,,,,,,,,,
,,,,,,,,,,,,,,,,,,,,,,,,,,,,,,,,,,,,,0,2.0560473711110436,88.08798953319346,4.738412584066391,4,486400,0.85,280.69,,,,,,,,,,,,,
,,,,,,,,,,,,,,,,,,,,,,,,,,,,,,,,,,,,,1,2.8014206611077124,123.38693772032758,3.71727526018396,4,486400,0.41,338.06,,,,,,,,,,,,,
,,,,,,,,,,,,,,,,,,,,,,,,,,,,,,,,,,,,,,,,,4,486400,,,0.85,0.85,0,0.44,0,0,0,217.8,0.41,0,0.0,0.85,6.0
1.0400294934709866,277.28,4183040,1,6,4.924276828765869,1248,0,1487,0,3,,,,,,,,,,,1,4,15,3e-05,11,0.0058,440,486400,,,,,,,,,,,,,,,,,,,,,,,,,,,,,
1.0400294934709866,270.1,4188160,2,6,5.06780481338501,1248,0,281,0,36,0.0015766403,0.0736328125,1.2498496189975412,-0.4697602533735335,4.618705133907497e-06,6523,0.28801095485687256,3e-05,0.08,1.460756778717041,,,,,,,,,,,,,,,,,,,,,,,,,,,,,,,,,,,,,
1.0836655125021935,271.09,4193280,3,6,5.0245256423950195,1254,6,217,6,70,0.0012874842,0.085791015625,0.8594575101393275,-0.4417962264735252,0.0006841868220362812,6531,0.3538561463356018,3e-05,0.08,0.05623404681682587,,,,,,,,,,,,,,,,,,,,,,,,,,,,,,,,,,,,,
1.0836655125021935,263.13,4198400,4,6,5.1869306564331055,1254,0,196,0,104,0.0018726338,0.0978759765625,0.8768291178275831,-0.4607560431584716,0.0009440780937438831,6539,0.3808695673942566,3e-05,0.08,0.017503755167126656,,,,,,,,,,,,,,,,,,,,,,,,,,,,,,,,,,,,,
1.0836655125021935,264.0,4203520,5,6,5.1706767082214355,1254,0,181,0,141,0.0008999549,0.052587890625,0.9481768350757193,-0.45587590951472523,-2.42408670601435e-05,6547,0.32132118940353394,3e-05,0.08,0.5517137050628662,,,,,,,,,,,,,,,,,,,,,,,,,,,,,,,,,,,,,
1.0836655125021935,,,,6,,1254,0,,,,0.0012365838,0.07978515625,1.093979566040798,-0.4810934391804039,-0.0004542730690445751,6555,0.3830230236053467,3e-05,0.08,0.8853580951690674,,,,,,,,,0.7733775973320007,39.416666666666664,0.00813573389327984,1925,0.5340711805555555,124,0.0021451013952002154,0.06441558441558441,,,,,,,,,,,,,,,,,,,,,
,,,,,,,,,,,,,,,,,,,,,,,,,,,,,,,,,,,,,0,2.028004798493663,88.85479109198334,4.747465445399285,4,512000,0.84,281.69,,,,,,,,,,,,,
,,,,,,,,,,,,,,,,,,,,,,,,,,,,,,,,,,,,,1,2.950036820024362,119.72422436583166,3.209630858823657,4,512000,0.35,352.99,,,,,,,,,,,,,
,,,,,,,,,,,,,,,,,,,,,,,,,,,,,,,,,,,,,,,,,4,512000,,,0.84,0.84,0,0.49,0,0,0,217.8,0.35,0,0.0,0.84,6.0
1.0836655125021935,261.69,4208640,1,6,5.231570243835449,1254,0,1494,0,3,,,,,,,,,,,1,4,15,3e-05,11,0.006,440,512000,,,,,,,,,,,,,,,,,,,,,,,,,,,,,
1.1511366963386536,258.02,4213760,2,6,5.236493110656738,1260,6,277,6,36,0.0013387654,0.059521484375,0.8745535137248226,-0.4705934923607856,-0.00018190468545071782,6563,0.4968303442001343,3e-05,0.08,0.05007798224687576,,,,,,,,,,,,,,,,,,,,,,,,,,,,,,,,,,,,,
1.1511366963386536,260.44,4218880,3,6,5.229750156402588,1260,0,214,0,71,0.0013651504,0.0867919921875,1.1181954335886986,-0.48554488345980645,0.0004108975947019644,6571,0.5717996954917908,3e-05,0.08,2.6619179248809814,,,,,,,,,,,,,,,,,,,,,,,,,,,,,,,,,,,,,
1.1511366963386536,268.16,4224000,4,6,5.054203033447266,1260,0,195,0,104,0.0008128371,0.084375,0.8727233671932482,-0.4660128735471517,0.00036875557125313205,6579,0.5906169414520264,3e-05,0.08,0.5788183808326721,,,,,,,,,,,,,,,,,,,,,,,,,,,,,,,,,,,,,
1.1511366963386536,271.57,4229120,5,6,4.970245838165283,1260,0,186,0,137,0.0014028159,0.068115234375,0.8814793262223247,-0.4655402551870793,5.389801372075453e-05,6587,0.6905442476272583,3e-05,0.08,0.09306508302688599,,,,,,,,,,,,,,,,,,,,,,,,,,,,,,,,,,,,,
1.1511366963386536,,,,6,,1260,0,,,,0.0009707223,0.0781982421875,1.2587414051988162,-0.46608758089132607,0.0002549436670960858,6595,0.6323999166488647,3e-05,0.08,1.558800220489502,,,,,,,,,0.7730484008789062,39.416666666666664,0.008151686394020452,1925,0.5340711805555555,62,0.002175826927165321,0.032207792207792206,,,,,,,,,,,,,,,,,,,,,
,,,,,,,,,,,,,,,,,,,,,,,,,,,,,,,,,,,,,0,2.0742369891680634,86.586933771788,4.7943383513763544,4,537600,0.88,276.73,,,,,,,,,,,,,
,,,,,,,,,,,,,,,,,,,,,,,,,,,,,,,,,,,,,1,3.25749747404627,126.8050014786483,4.219264851808548,4,537600,0.51,311.54,,,,,,,,,,,,,
,,,,,,,,,,,,,,,,,,,,,,,,,,,,,,,,,,,,,,,,,4,537600,,,0.88,0.88,0,0.37,0,0,0,217.8,0.51,0,0.0,0.88,6.0
1.105937545498212,271.24,4234240,1,6,4.9553093910217285,1266,6,1476,6,3,,,,,,,,,,,1,4,15,3e-05,11,0.006200000000000001,440,537600,,,,,,,,,,,,,,,,,,,,,,,,,,,,,
1.105937545498212,277.23,4239360,2,6,4.82841682434082,1266,0,251,0,40,0.0012490405,0.081982421875,1.59999406557763,-0.48220653282478454,0.00017877658392535524,6603,0.40936046838760376,3e-05,0.08,0.5316604971885681,,,,,,,,,,,,,,,,,,,,,,,,,,,,,,,,,,,,,
1.105937545498212,279.45,4244480,3,6,4.810514450073242,1266,0,208,0,73,0.001528184,0.07890625,1.3538718805648386,-0.47480041449889543,0.00016684026923030615,6611,0.4356001019477844,3e-05,0.08,2.215811014175415,,,,,,,,,,,,,,,,,,,,,,,,,,,,,,,,,,,,,
1.000549666583538,280.22,4249600,4,6,4.745523452758789,1272,6,191,6,106,0.00076331256,0.076611328125,1.5040904001914897,-0.4761238098144531,0.0005382031798944808,6619,0.1191873550415039,3e-05,0.08,2.026499032974243,,,,,,,,,,,,,,,,,,,,,,,,,,,,,,,,,,,,,
1.000549666583538,270.43,4254720,5,6,4.958655834197998,1272,0,183,0,139,0.0008560736,0.0802490234375,1.430411220015958,-0.49171591685153543,-0.0008672343363286927,6627,0.18274033069610596,3e-05,0.08,1.499611258506775,,,,,,,,,,,,,,,,,,,,,,,,,,,,,,,,,,,,,
1.000549666583538,,,,6,,1272,0,,,,0.0021895121,0.1022705078125,2.197711322555551,-0.5060237290337681,3.603225923143327e-05,6635,-0.006554841995239258,3e-05,0.08,0.3458166718482971,,,,,,,,,0.7717425227165222,39.916666666666664,0.008099882251319019,1925,0.5409071180555555,16,0.0022029873143114176,0.008311688311688312,,,,,,,,,,,,,,,,,,,,,
,,,,,,,,,,,,,,,,,,,,,,,,,,,,,,,,,,,,,0,2.0484999095929215,84.65860854041956,5.223929677791894,4,563200,0.91,259.6,,,,,,,,,,,,,
,,,,,,,,,,,,,,,,,,,,,,,,,,,,,,,,,,,,,1,3.0301095875770008,126.72179725682555,4.318472651988268,4,563200,0.53,306.81,,,,,,,,,,,,,
,,,,,,,,,,,,,,,,,,,,,,,,,,,,,,,,,,,,,,,,,4,563200,,,0.91,0.91,0,0.38,0,0,0,217.8,0.53,0,0.0,0.91,6.0
1.000549666583538,269.93,4259840,1,6,4.950071811676025,1272,0,1477,0,3,,,,,,,,,,,1,4,15,3e-05,11,0.0064,440,563200,,,,,,,,,,,,,,,,,,,,,,,,,,,,,
1.000549666583538,268.55,4264960,2,6,5.020037651062012,1272,0,284,0,36,0.00093642634,0.0744384765625,0.9003767145826714,-0.468979830481112,-0.00014109548937994986,6643,0.04391908645629883,3e-05,0.08,0.02207699418067932,,,,,,,,,,,,,,,,,,,,,,,,,,,,,,,,,,,,,
0.9800479089220365,269.55,4270080,3,6,5.012088298797607,1278,6,223,6,68,0.0010011056,0.0578125,0.9293128727818839,-0.43192839878611267,-0.0004682584636611864,6651,-0.0004968643188476562,3e-05,0.08,0.010088613256812096,,,,,,,,,,,,,,,,,,,,,,,,,,,,,,,,,,,,,
0.9800479089220365,267.62,4275200,4,6,5.038103103637695,1278,0,202,0,101,0.0016345258,0.083056640625,0.9672839604347245,-0.4880766750313342,0.00018865870079025625,6659,0.18170827627182007,3e-05,0.08,0.9014332294464111,,,,,,,,,,,,,,,,,,,,,,,,,,,,,,,,,,,,,
0.9800479089220365,268.89,4280320,5,6,4.968463897705078,1278,0,182,0,140,0.001160993,0.08369140625,1.0130995559098666,-0.48017644193023445,0.00012468833883758635,6667,0.2929210066795349,3e-05,0.08,0.21948541700839996,,,,,,,,,,,,,,,,,,,,,,,,,,,,,,,,,,,,,
0.9800479089220365,,,,6,,1278,0,,,,0.00095181295,0.0802734375,0.7950318192772101,-0.47769698230549695,-0.0005229846079600975,6675,0.37890446186065674,3e-05,0.08,0.5614538788795471,,,,,,,,,0.7702856659889221,39.833333333333336,0.008094403484620653,1925,0.5356987847222222,17,0.002189588177958426,0.008831168831168832,,,,,,,,,,,,,,,,,,,,,
,,,,,,,,,,,,,,,,,,,,,,,,,,,,,,,,,,,,,0,1.8538089296918083,75.62257334949665,5.330896828472614,4,588800,0.93,254.92,,,,,,,,,,,,,
,,,,,,,,,,,,,,,,,,,,,,,,,,,,,,,,,,,,,1,3.1696210904845104,122.99994959348561,3.2825543719530104,4,588800,0.36,348.18,,,,,,,,,,,,,
,,,,,,,,,,,,,,,,,,,,,,,,,,,,,,,,,,,,,,,,,4,588800,,,0.93,0.93,0,0.5700000000000001,1,0,0,217.8,0.36,0,0.0,0.93,6.0
0.9800479089220365,273.63,4285440,1,6,4.8617939949035645,1278,0,1507,0,3,,,,,,,,,,,1,4,15,3e-05,11,0.0066,440,588800,,,,,,,,,,,,,,,,,,,,,,,,,,,,,
1.009204772611459,266.93,4290560,2,6,5.006875514984131,1284,6,261,6,39,0.0013651634,0.082421875,1.0445206259784754,-0.4692431898787618,-0.0002543067981605418,6683,0.3181479573249817,3e-05,0.08,0.05544617399573326,,,,,,,,,,,,,,,,,,,,,,,,,,,,,,,,,,,,,
1.009204772611459,260.06,4295680,3,6,5.167074203491211,1284,0,205,0,74,0.0017353402,0.09951171875,1.2532974255387672,-0.48867057394236324,0.0002356598313781433,6691,0.24291038513183594,3e-05,0.08,0.03624466061592102,,,,,,,,,,,,,,,,,,,,,,,,,,,,,,,,,,,,,
1.009204772611459,261.84,4300800,4,6,5.1301751136779785,1284,0,189,0,108,0.00089463836,0.08671875,0.7907706484489608,-0.47631397088989613,5.4331439605448396e-05,6699,0.17859762907028198,3e-05,0.08,0.508531391620636,,,,,,,,,,,,,,,,,,,,,,,,,,,,,,,,,,,,,
1.009204772611459,262.74,4305920,5,6,5.118103504180908,1284,0,178,0,143,0.00094908074,0.0592529296875,0.9866740148980171,-0.45358421839773655,-0.00023586657480336725,6707,0.15119433403015137,3e-05,0.08,1.72179114818573,,,,,,,,,,,,,,,,,,,,,,,,,,,,,,,,,,,,,
1.009204772611459,,,,6,,1284,0,,,,0.0007575484,0.06474609375,0.9190303037874401,-0.4726347143761814,-0.00026300638855900613,6715,0.3725433945655823,3e-05,0.08,0.19555796682834625,,,,,,,,,0.770839273929596,39.666666666666664,0.008072819154661036,1925,0.5350477430555555,19,0.002141206382330191,0.009870129870129871,,,,,,,,,,,,,,,,,,,,,
,,,,,,,,,,,,,,,,,,,,,,,,,,,,,,,,,,,,,0,1.9832316557867038,85.09468784830226,5.112108711898327,4,614400,0.88,265.79,,,,,,,,,,,,,
,,,,,,,,,,,,,,,,,,,,,,,,,,,,,,,,,,,,,1,3.070136318621055,127.23985224763506,4.115157561302185,4,614400,0.5,314.6,,,,,,,,,,,,,
,,,,,,,,,,,,,,,,,,,,,,,,,,,,,,,,,,,,,,,,,4,614400,,,0.88,0.88,0,0.38,0,0,0,217.8,0.5,0,0.0,0.88,6.0
1.0566894511381786,265.07,4311040,1,6,5.103862285614014,1290,6,1429,6,3,,,,,,,,,,,1,4,15,3e-05,11,0.0068000000000000005,440,614400,,,,,,,,,,,,,,,,,,,,,,,,,,,,,
1.0566894511381786,266.55,4316160,2,6,5.068464756011963,1290,0,272,0,37,0.0010647308,0.078369140625,1.0150220893148798,-0.456641049310565,0.0003988942000432871,6723,0.3522515892982483,3e-05,0.08,0.2833946943283081,,,,,,,,,,,,,,,,,,,,,,,,,,,,,,,,,,,,,
1.0566894511381786,275.77,4321280,3,6,4.875716686248779,1290,0,219,0,69,0.0009420082,0.081005859375,1.1981390484143049,-0.43686536522582176,0.00038181472627911716,6731,0.1942465901374817,3e-05,0.08,0.0382031574845314,,,,,,,,,,,,,,,,,,,,,,,,,,,,,,,,,,,,,
1.0566894511381786,274.19,4326400,4,6,4.927578926086426,1290,0,198,0,102,0.0013874385,0.068505859375,1.2284453227795893,-0.4613133154809475,0.0002668466157047078,6739,0.14174848794937134,3e-05,0.08,1.129373550415039,,,,,,,,,,,,,,,,,,,,,,,,,,,,,,,,,,,,,
1.036354772746563,276.66,4331520,5,6,4.888182163238525,1296,6,185,6,137,0.0008207131,0.061181640625,1.1124552331282758,-0.4431310722604394,-0.00036513538798317314,6747,0.09491682052612305,3e-05,0.08,0.6791561841964722,,,,,,,,,,,,,,,,,,,,,,,,,,,,,,,,,,,,,
1.036354772746563,,,,6,,1296,6,,,,0.000831528,0.06064453125,1.2451343683584128,-0.46435892637819054,-0.0004051408395753242,6755,-0.022248029708862305,3e-05,0.08,0.41735097765922546,,,,,,,,,0.7702881693840027,39.5,0.008033724740573896,1925,0.5343967013888888,19,0.002118752617459237,0.009870129870129871,,,,,,,,,,,,,,,,,,,,,
,,,,,,,,,,,,,,,,,,,,,,,,,,,,,,,,,,,,,0,2.1626587458076734,94.97372847266764,5.053150012493133,4,640000,0.81,270.97,,,,,,,,,,,,,
,,,,,,,,,,,,,,,,,,,,,,,,,,,,,,,,,,,,,1,3.173321711457766,125.89803652162331,3.5565089604258535,4,640000,0.42,334.38,,,,,,,,,,,,,
,,,,,,,,,,,,,,,,,,,,,,,,,,,,,,,,,,,,,,,,,4,640000,,,0.81,0.81,0,0.39000000000000007,0,0,0,217.8,0.42,0,0.0,0.81,6.0
1.036354772746563,277.49,4336640,1,6,4.906027317047119,1296,0,1482,0,3,,,,,,,,,,,1,4,15,3e-05,11,0.007,440,640000,,,,,,,,,,,,,,,,,,,,,,,,,,,,,
1.036354772746563,283.95,4341760,2,6,4.771136283874512,1296,0,261,0,39,0.001225271,0.0797119140625,0.8217552507994696,-0.4332223474979401,-0.00026890879234997556,6763,0.0704161524772644,3e-05,0.08,0.37041088938713074,,,,,,,,,,,,,,,,,,,,,,,,,,,,,,,,,,,,,
1.036354772746563,273.03,4346880,3,6,4.995910167694092,1296,0,216,0,70,0.0010816945,0.055224609375,0.9585608516208595,-0.46205591154284775,-0.00035832244611810893,6771,0.11781346797943115,3e-05,0.08,0.9666309356689453,,,,,,,,,,,,,,,,,,,,,,,,,,,,,,,,,,,,,
1.0915753096342087,267.22,4352000,4,6,5.146162033081055,1302,6,192,6,106,0.0010760825,0.07099609375,1.143401812360389,-0.44281165665015576,-0.00011328854016028345,6779,0.18402904272079468,3e-05,0.08,0.2512989044189453,,,,,,,,,,,,,,,,,,,,,,,,,,,,,,,,,,,,,
1.0915753096342087,265.64,4357120,5,6,5.191580772399902,1302,0,181,0,140,0.00084293156,0.0587646484375,0.8061671839488553,-0.43797387327067555,-0.0007794320787070319,6787,0.33145296573638916,3e-05,0.08,0.14526408910751343,,,,,,,,,,,,,,,,,,,,,,,,,,,,,,,,,,,,,
1.0915753096342087,,,,6,,1302,0,,,,0.00088242907,0.078466796875,0.6413488791557029,-0.4202330530621111,-0.00010808917140820995,6795,0.10156923532485962,3e-05,0.08,0.017095431685447693,,,,,,,,,0.7705446481704712,39.416666666666664,0.0080750446667123,1925,0.5340711805555555,17,0.0021413392498663584,0.008831168831168832,,,,,,,,,,,,,,,,,,,,,
,,,,,,,,,,,,,,,,,,,,,,,,,,,,,,,,,,,,,0,1.9580227363891147,81.84696940021665,5.0667502325773235,4,665600,0.88,266.44,,,,,,,,,,,,,
,,,,,,,,,,,,,,,,,,,,,,,,,,,,,,,,,,,,,1,3.221773801148327,126.44253200565072,4.4172904044389725,4,665600,0.55,301.81,,,,,,,,,,,,,
,,,,,,,,,,,,,,,,,,,,,,,,,,,,,,,,,,,,,,,,,4,665600,,,0.88,0.88,0,0.32999999999999996,0,0,0,217.8,0.55,0,0.0,0.88,6.0
1.0915753096342087,260.16,4362240,1,6,5.287260055541992,1302,0,1472,0,3,,,,,,,,,,,1,4,15,3e-05,11,0.0072,440,665600,,,,,,,,,,,,,,,,,,,,,,,,,,,,,
1.0915753096342087,254.85,4367360,2,6,5.359997749328613,1302,0,264,0,38,0.00095434266,0.0805419921875,0.8140709840692579,-0.46130691850557926,0.0010375549929449335,6803,0.3241361379623413,3e-05,0.08,0.5004575252532959,,,,,,,,,,,,,,,,,,,,,,,,,,,,,,,,,,,,,
1.1233488867680232,261.26,4372480,3,6,5.19510555267334,1308,6,210,6,73,0.0011715924,0.0833740234375,0.9329713687067851,-0.4339325136505067,0.0006187469814904034,6811,0.3298224210739136,3e-05,0.08,0.1470939666032791,,,,,,,,,,,,,,,,,,,,,,,,,,,,,,,,,,,,,
1.1233488867680232,269.11,4377600,4,6,4.966433048248291,1308,0,193,0,105,0.00088667066,0.0728515625,0.9913576744002057,-0.41060714013874533,-0.00035458935744827615,6819,0.46437543630599976,3e-05,0.08,0.7889853119850159,,,,,,,,,,,,,,,,,,,,,,,,,,,,,,,,,,,,,
1.1233488867680232,268.55,4382720,5,6,4.970364570617676,1308,0,184,0,138,0.00091355515,0.0684326171875,0.940937755012419,-0.4254365161061287,0.00018973332480527462,6827,0.5752325654029846,3e-05,0.08,0.015998590737581253,,,,,,,,,,,,,,,,,,,,,,,,,,,,,,,,,,,,,
1.1233488867680232,,,,6,,1308,0,,,,0.0010681236,0.0659423828125,1.4421403320564423,-0.42769293766468763,0.0005260627047391608,6835,0.42373090982437134,3e-05,0.08,0.2863766849040985,,,,,,,,,0.7695605158805847,39.333333333333336,0.008062963687136979,1925,0.5337456597222222,18,0.0021495336292246697,0.00935064935064935,,,,,,,,,,,,,,,,,,,,,
,,,,,,,,,,,,,,,,,,,,,,,,,,,,,,,,,,,,,0,2.134067007727067,84.41360316915751,5.164058520300314,4,691200,0.92,261.06,,,,,,,,,,,,,
,,,,,,,,,,,,,,,,,,,,,,,,,,,,,,,,,,,,,1,3.0920938414396133,130.35413303766012,4.392056356370449,4,691200,0.53,303.2,,,,,,,,,,,,,
,,,,,,,,,,,,,,,,,,,,,,,,,,,,,,,,,,,,,,,,,4,691200,,,0.92,0.92,0,0.39,0,0,0,217.8,0.53,0,0.0,0.92,6.0
1.1233488867680232,270.92,4387840,1,6,4.903489589691162,1308,0,1530,0,3,,,,,,,,,,,1,4,15,3e-05,11,0.0073999999999999995,440,691200,,,,,,,,,,,,,,,,,,,,,,,,,,,,,
1.0862300147612889,265.08,4392960,2,6,5.062606334686279,1314,6,265,6,38,0.001097143,0.0861328125,0.8483493271633051,-0.4600606707856059,2.7354327903594823e-05,6843,0.3075558543205261,3e-05,0.08,0.5635820627212524,,,,,,,,,,,,,,,,,,,,,,,,,,,,,,,,,,,,,
1.0862300147612889,265.23,4398080,3,6,5.085984706878662,1314,0,210,0,73,0.0007447861,0.077294921875,0.965740551345516,-0.43943900177255274,-0.00025955597229767593,6851,0.36736810207366943,3e-05,0.08,0.6392345428466797,,,,,,,,,,,,,,,,,,,,,,,,,,,,,,,,,,,,,
1.0862300147612889,262.98,4403200,4,6,5.1733574867248535,1314,0,188,0,108,0.001176676,0.071484375,0.9049885377229657,-0.45311910677701234,-0.0006786172452848405,6859,0.5015360116958618,3e-05,0.08,0.7127339839935303,,,,,,,,,,,,,,,,,,,,,,,,,,,,,,,,,,,,,
1.0862300147612889,266.21,4408320,5,6,5.129243850708008,1314,0,181,0,141,0.0011749106,0.0731201171875,1.0775072514690691,-0.40029442706145346,0.0005004654041840695,6867,0.5377320647239685,3e-05,0.08,0.00436649564653635,,,,,,,,,,,,,,,,,,,,,,,,,,,,,,,,,,,,,
1.0862300147612889,,,,6,,1314,0,,,,0.0010250608,0.05966796875,1.2297238686034688,-0.43203807799145577,0.00010382278269389644,6875,0.6246522665023804,3e-05,0.08,0.026401609182357788,,,,,,,,,0.7681437730789185,39.25,0.00806215380295555,1925,0.5328776041666666,18,0.002143650856385062,0.00935064935064935,,,,,,,,,,,,,,,,,,,,,
,,,,,,,,,,,,,,,,,,,,,,,,,,,,,,,,,,,,,0,1.9540280675569797,85.13630189290583,5.085153916664422,4,716800,0.87,266.99,,,,,,,,,,,,,
,,,,,,,,,,,,,,,,,,,,,,,,,,,,,,,,,,,,,1,2.9860657105296804,123.49783155991038,3.6136935731768607,4,716800,0.41,338.16,,,,,,,,,,,,,
,,,,,,,,,,,,,,,,,,,,,,,,,,,,,,,,,,,,,,,,,4,716800,,,0.87,0.87,0,0.46,0,0,0,217.8,0.41,0,0.0,0.87,6.0
1.066156841814518,278.97,4413440,1,6,4.902984619140625,1320,6,1432,6,3,,,,,,,,,,,1,4,15,3e-05,11,0.007599999999999999,440,716800,,,,,,,,,,,,,,,,,,,,,,,,,,,,,
1.066156841814518,280.38,4418560,2,6,4.870684623718262,1320,0,270,0,37,0.0011117944,0.05693359375,1.2941447598510423,-0.4379794341977686,-0.00033923854352906345,6883,0.5671676397323608,3e-05,0.08,1.8224377632141113,,,,,,,,,,,,,,,,,,,,,,,,,,,,,,,,,,,,,
1.066156841814518,280.5,4423680,3,6,4.856940746307373,1320,0,216,0,71,0.0012365695,0.07265625,1.4048768333392219,-0.4209063129033893,0.00019409934466239065,6891,0.3084067106246948,3e-05,0.08,0.0623740516602993,,,,,,,,,,,,,,,,,,,,,,,,,,,,,,,,,,,,,
1.066156841814518,285.91,4428800,4,6,4.745856285095215,1320,0,186,0,109,0.001956968,0.0780029296875,1.7496580357314087,-0.4298815539106727,0.0006778818846214562,6899,0.008123040199279785,3e-05,0.08,1.1906981468200684,,,,,,,,,,,,,,,,,,,,,,,,,,,,,,,,,,,,,
1.0473530689875286,279.5,4433920,5,6,4.874277114868164,1326,6,177,6,144,0.0013635665,0.1004150390625,1.0803969268454239,-0.4391579850576818,0.00027641760534606873,6907,0.10412144660949707,3e-05,0.08,0.38027191162109375,,,,,,,,,,,,,,,,,,,,,,,,,,,,,,,,,,,,,
1.0473530689875286,,,,6,,1326,6,,,,0.0011017134,0.0642578125,0.8810967933153734,-0.4251352631021291,-0.0007716040272498503,6915,0.21482884883880615,3e-05,0.08,1.002808690071106,,,,,,,,,0.7674309611320496,39.166666666666664,0.008005835718556358,1925,0.5325520833333334,20,0.0021004226414103877,0.01038961038961039,,,,,,,,,,,,,,,,,,,,,
,,,,,,,,,,,,,,,,,,,,,,,,,,,,,,,,,,,,,0,1.9558854496626268,85.65259774227516,5.138523252010345,4,742400,0.87,265.65,,,,,,,,,,,,,
,,,,,,,,,,,,,,,,,,,,,,,,,,,,,,,,,,,,,1,2.9934662473191676,128.6821180273312,3.993060295507312,4,742400,0.45,324.55,,,,,,,,,,,,,
,,,,,,,,,,,,,,,,,,,,,,,,,,,,,,,,,,,,,,,,,4,742400,,,0.87,0.87,0,0.42,0,0,0,217.8,0.45,0,0.0,0.87,6.0
1.0473530689875286,271.42,4439040,1,6,4.967811107635498,1326,0,1482,0,3,,,,,,,,,,,1,4,15,3e-05,11,0.007799999999999999,440,742400,,,,,,,,,,,,,,,,,,,,,,,,,,,,,
1.0473530689875286,277.33,4444160,2,6,4.848536491394043,1326,0,303,0,33,0.00089717953,0.05400390625,0.776716717594536,-0.4105948419775814,-0.0004386578148114495,6923,0.30425989627838135,3e-05,0.08,0.7095917463302612,,,,,,,,,,,,,,,,,,,,,,,,,,,,,,,,,,,,,
1.0473530689875286,277.69,4449280,3,6,4.8174943923950195,1326,0,231,0,66,0.00096922537,0.0656005859375,1.162864806689322,-0.40668551274575293,1.6317138215526938e-05,6931,0.38444608449935913,3e-05,0.08,0.1233142837882042,,,,,,,,,,,,,,,,,,,,,,,,,,,,,,,,,,,,,
1.0465808734297752,286.92,4454400,4,6,4.551884651184082,1332,6,200,6,102,0.0008594595,0.050244140625,1.3153721652342938,-0.412024501292035,-0.0009743017290020362,6939,0.34929192066192627,3e-05,0.08,0.45701175928115845,,,,,,,,,,,,,,,,,,,,,,,,,,,,,,,,,,,,,
1.0465808734297752,283.07,4459520,5,6,4.590144157409668,1332,0,189,0,134,0.0013473969,0.06884765625,1.196336967870593,-0.4331004627514631,-0.00036576090788003056,6947,0.345907986164093,3e-05,0.08,1.490108847618103,,,,,,,,,,,,,,,,,,,,,,,,,,,,,,,,,,,,,
1.0465808734297752,,,,6,,1332,0,,,,0.0010509674,0.0701904296875,1.7359753681812435,-0.44043097817339005,0.00040557688917033376,6955,0.24914199113845825,3e-05,0.08,0.5537741780281067,,,,,,,,,0.7674884796142578,39.083333333333336,0.007975311564398981,1925,0.5327690972222222,20,0.002064261528853778,0.01038961038961039,,,,,,,,,,,,,,,,,,,,,
,,,,,,,,,,,,,,,,,,,,,,,,,,,,,,,,,,,,,0,2.110965395469214,89.44696976421281,5.107113428413868,4,768000,0.88,266.14,,,,,,,,,,,,,
,,,,,,,,,,,,,,,,,,,,,,,,,,,,,,,,,,,,,1,3.3422609156360945,126.01468327143468,3.9171365287899973,4,768000,0.5,315.14,,,,,,,,,,,,,
,,,,,,,,,,,,,,,,,,,,,,,,,,,,,,,,,,,,,,,,,4,768000,,,0.88,0.88,0,0.38,0,0,0,217.8,0.5,0,0.0,0.88,6.0
1.0465808734297752,268.59,4464640,1,6,4.973608016967773,1332,0,1509,0,3,,,,,,,,,,,1,4,15,3e-05,11,0.007999999999999998,440,768000,,,,,,,,,,,,,,,,,,,,,,,,,,,,,
1.061323657631874,256.48,4469760,2,6,5.259710788726807,1338,6,257,6,39,0.0011141204,0.067919921875,1.336344965052558,-0.42780905552208426,5.6231179041787985e-05,6963,0.1393803358078003,3e-05,0.08,1.1776556968688965,,,,,,,,,,,,,,,,,,,,,,,,,,,,,,,,,,,,,
1.061323657631874,259.29,4474880,3,6,5.1795759201049805,1338,0,206,0,74,0.0011492511,0.0694580078125,0.9736736816441407,-0.4211884710006416,0.0005358146590879187,6971,0.2535734176635742,3e-05,0.08,0.6880836486816406,,,,,,,,,,,,,,,,,,,,,,,,,,,,,,,,,,,,,
1.061323657631874,258.01,4480000,4,6,5.2776899337768555,1338,0,192,0,106,0.0015810665,0.0767578125,0.8436843035480706,-0.41945346985012294,0.0003807379514910281,6979,0.29195255041122437,3e-05,0.08,0.12074960768222809,,,,,,,,,,,,,,,,,,,,,,,,,,,,,,,,,,,,,
1.061323657631874,258.2,4485120,5,6,5.324062347412109,1338,0,179,0,142,0.001558093,0.0703857421875,0.9854956423281692,-0.41280656196177007,0.00050455139571568,6987,0.43858057260513306,3e-05,0.08,1.055827021598816,,,,,,,,,,,,,,,,,,,,,,,,,,,,,,,,,,,,,
1.061323657631874,,,,6,,1338,0,,,,0.00091581035,0.0615966796875,1.1651753292186187,-0.4542916534468532,-0.00023830231220927088,6995,0.3930642008781433,3e-05,0.08,0.984772801399231,,,,,,,,,0.765894889831543,38.916666666666664,0.00801706365743736,1925,0.5315755208333334,90,0.002097457086421863,0.046753246753246755,,,,,,,,,,,,,,,,,,,,,
,,,,,,,,,,,,,,,,,,,,,,,,,,,,,,,,,,,,,0,2.0522651441604274,85.15084203928932,5.20949660718441,4,793600,0.89,260.21,,,,,,,,,,,,,
,,,,,,,,,,,,,,,,,,,,,,,,,,,,,,,,,,,,,1,3.1147533507413354,126.23659176324432,4.16208745867014,4,793600,0.52,310.77,,,,,,,,,,,,,
,,,,,,,,,,,,,,,,,,,,,,,,,,,,,,,,,,,,,,,,,4,793600,,,0.89,0.89,0,0.37,0,0,0,217.8,0.52,0,0.0,0.89,6.0
1.1317557866374652,263.18,4490240,1,6,5.178380966186523,1344,6,1490,6,3,,,,,,,,,,,1,4,15,3e-05,11,0.008199999999999999,440,793600,,,,,,,,,,,,,,,,,,,,,,,,,,,,,
1.1317557866374652,272.11,4495360,2,6,4.9764018058776855,1344,0,296,0,34,0.0018276796,0.07666015625,0.9657971481094136,-0.41856432165950536,0.0002512930310331285,7003,0.4531225562095642,3e-05,0.08,1.1601694822311401,,,,,,,,,,,,,,,,,,,,,,,,,,,,,,,,,,,,,
1.1317557866374652,272.51,4500480,3,6,4.944151401519775,1344,0,219,0,69,0.0017298732,0.08818359375,0.9563096212223172,-0.42730067279189826,0.0010607593460008502,7011,0.38059157133102417,3e-05,0.08,0.17387282848358154,,,,,,,,,,,,,,,,,,,,,,,,,,,,,,,,,,,,,
1.1317557866374652,268.74,4505600,4,6,5.066829681396484,1344,0,193,0,105,0.0010325436,0.07509765625,0.9740865020197816,-0.4437763650435954,-0.00022499506012536586,7019,0.4614901542663574,3e-05,0.08,0.01597793772816658,,,,,,,,,,,,,,,,,,,,,,,,,,,,,,,,,,,,,
1.12075637280941,267.97,4510720,5,6,5.029369354248047,1350,6,182,6,140,0.00085841323,0.07021484375,1.2392357232049107,-0.44160394836217165,-5.598533753072843e-05,7027,0.4866180419921875,3e-05,0.08,0.3421180546283722,,,,,,,,,,,,,,,,,,,,,,,,,,,,,,,,,,,,,
1.12075637280941,,,,6,,1350,6,,,,0.0014301004,0.082373046875,1.1657478881737915,-0.45068671042099595,-2.6135999360121786e-05,7035,0.4047597050666809,3e-05,0.08,0.26522356271743774,,,,,,,,,0.7651469707489014,38.833333333333336,0.008016180855729624,1925,0.53125,90,0.002083717251409934,0.046753246753246755,,,,,,,,,,,,,,,,,,,,,
,,,,,,,,,,,,,,,,,,,,,,,,,,,,,,,,,,,,,0,1.8901844181298562,81.67833250011903,5.589902248382568,4,819200,0.9,247.1,,,,,,,,,,,,,
,,,,,,,,,,,,,,,,,,,,,,,,,,,,,,,,,,,,,1,2.882829633883736,125.16343355788861,4.105585087537765,4,819200,0.49,319.43,,,,,,,,,,,,,
,,,,,,,,,,,,,,,,,,,,,,,,,,,,,,,,,,,,,,,,,4,819200,,,0.9,0.9,0,0.41000000000000003,0,0,0,217.8,0.49,0,0.0,0.9,6.0
1.12075637280941,269.32,4515840,1,6,4.980714797973633,1350,0,1480,0,3,,,,,,,,,,,1,4,15,3e-05,11,0.008399999999999998,440,819200,,,,,,,,,,,,,,,,,,,,,,,,,,,,,
1.12075637280941,261.26,4520960,2,6,5.175806999206543,1350,0,269,0,37,0.0017838351,0.0735595703125,0.9041565427614842,-0.42975137773901223,0.0010957401973428205,7043,0.4642544984817505,3e-05,0.08,0.5530518293380737,,,,,,,,,,,,,,,,,,,,,,,,,,,,,,,,,,,,,
1.12075637280941,260.0,4526080,3,6,5.226480007171631,1350,0,205,0,74,0.0013750715,0.0618408203125,1.289783222763799,-0.43633342953398824,-6.884895556140691e-05,7051,0.1537584662437439,3e-05,0.08,1.0284961462020874,,,,,,,,,,,,,,,,,,,,,,,,,,,,,,,,,,,,,
1.1171931972106297,258.44,4531200,4,6,5.229701042175293,1356,6,193,6,106,0.0019306366,0.063037109375,0.9454501212981995,-0.4339503447525203,0.0006600117892958223,7059,0.1752036213874817,3e-05,0.08,0.5383508205413818,,,,,,,,,,,,,,,,,,,,,,,,,,,,,,,,,,,,,
1.1171931972106297,259.86,4536320,5,6,5.228132724761963,1356,0,179,0,142,0.0008779674,0.0707275390625,1.0876408889249434,-0.44395895665511487,-2.95797100989148e-05,7067,0.12021297216415405,3e-05,0.08,0.24322868883609772,,,,,,,,,,,,,,,,,,,,,,,,,,,,,,,,,,,,,
1.1171931972106297,,,,6,,1356,0,,,,0.0010548595,0.074609375,1.186508452311682,-0.4357138713821769,0.00036938353005098177,7075,0.10056215524673462,3e-05,0.08,0.1536327451467514,,,,,,,,,0.7657797336578369,38.666666666666664,0.007988942517078925,1925,0.5305989583333334,92,0.002073565679620897,0.047792207792207796,,,,,,,,,,,,,,,,,,,,,
,,,,,,,,,,,,,,,,,,,,,,,,,,,,,,,,,,,,,0,1.866221948043269,78.944755367282,5.393701985925436,4,844800,0.91,253.84,,,,,,,,,,,,,
,,,,,,,,,,,,,,,,,,,,,,,,,,,,,,,,,,,,,1,2.972845021581799,128.38774513169082,4.400116356611252,4,844800,0.53,305.37,,,,,,,,,,,,,
,,,,,,,,,,,,,,,,,,,,,,,,,,,,,,,,,,,,,,,,,4,844800,,,0.91,0.91,0,0.38,0,0,0,217.8,0.53,0,0.0,0.91,6.0
1.1171931972106297,258.69,4541440,1,6,5.286028861999512,1356,0,1496,0,3,,,,,,,,,,,1,4,15,3e-05,11,0.008599999999999997,440,844800,,,,,,,,,,,,,,,,,,,,,,,,,,,,,
1.1171931972106297,263.19,4546560,2,6,5.197061061859131,1356,0,285,0,35,0.0017612102,0.0722412109375,0.9078078575897962,-0.4301275672391057,-0.00016914079897105693,7083,0.02760303020477295,3e-05,0.08,0.05842140316963196,,,,,,,,,,,,,,,,,,,,,,,,,,,,,,,,,,,,,
1.1247809305787086,265.81,4551680,3,6,5.092475414276123,1362,6,222,6,69,0.001302695,0.091845703125,0.6985540196241345,-0.44719758769497275,0.00025803241005633025,7091,0.2433081865310669,3e-05,0.08,0.18594148755073547,,,,,,,,,,,,,,,,,,,,,,,,,,,,,,,,,,,,,
1.1247809305787086,265.6,4556800,4,6,5.117554187774658,1362,0,195,0,104,0.0012583276,0.07373046875,0.8625503734045197,-0.4296184664592147,0.0005561303347349167,7099,0.34687328338623047,3e-05,0.08,1.2009421586990356,,,,,,,,,,,,,,,,,,,,,,,,,,,,,,,,,,,,,
1.1247809305787086,277.87,4561920,5,6,4.788555145263672,1362,0,185,0,137,0.0015045753,0.0792724609375,0.9473561352555407,-0.44505011644214393,0.00025873267150018365,7107,0.4262596368789673,3e-05,0.08,0.2204199582338333,,,,,,,,,,,,,,,,,,,,,,,,,,,,,,,,,,,,,
1.1247809305787086,,,,6,,1362,0,,,,0.0008530946,0.07421875,1.0549293023272184,-0.44411730985157194,0.0004321303844335489,7115,0.4030640721321106,3e-05,0.08,0.008353285491466522,,,,,,,,,0.766176700592041,38.5,0.007981509923901155,1925,0.5299479166666666,210,0.0020571842402544237,0.10909090909090909,,,,,,,,,,,,,,,,,,,,,
,,,,,,,,,,,,,,,,,,,,,,,,,,,,,,,,,,,,,0,2.188480007412958,92.73073438725694,4.6085284525156025,4,870400,0.85,284.47,,,,,,,,,,,,,
,,,,,,,,,,,,,,,,,,,,,,,,,,,,,,,,,,,,,1,2.9792314805875595,129.8083429522155,4.6765224695205685,4,870400,0.56,294.71,,,,,,,,,,,,,
,,,,,,,,,,,,,,,,,,,,,,,,,,,,,,,,,,,,,,,,,4,870400,,,0.85,0.85,0,0.2899999999999999,0,0,0,217.8,0.56,0,0.0,0.85,6.0
1.1247809305787086,274.91,4567040,1,6,4.859358787536621,1362,0,1453,0,3,,,,,,,,,,,1,4,15,3e-05,11,0.008799999999999997,440,870400,,,,,,,,,,,,,,,,,,,,,,,,,,,,,
1.065761648118496,278.71,4572160,2,6,4.659707546234131,1368,6,231,6,44,0.0018900156,0.0725341796875,1.7383982918807306,-0.45245128413662317,0.00028807268681703136,7123,0.04656946659088135,3e-05,0.08,2.5046684741973877,,,,,,,,,,,,,,,,,,,,,,,,,,,,,,,,,,,,,
1.065761648118496,275.52,4577280,3,6,4.738635063171387,1368,0,197,0,77,0.0010206767,0.0867919921875,1.0162094491010065,-0.4563538247719407,0.00038355330179911106,7131,0.16650044918060303,3e-05,0.08,0.836811363697052,,,,,,,,,,,,,,,,,,,,,,,,,,,,,,,,,,,,,
1.065761648118496,268.81,4582400,4,6,4.854739665985107,1368,0,180,0,113,0.00093087106,0.0611083984375,1.0872257315204479,-0.4158329928293824,0.000226142346218694,7139,0.1890861988067627,3e-05,0.08,0.050554364919662476,,,,,,,,,,,,,,,,,,,,,,,,,,,,,,,,,,,,,
1.065761648118496,271.43,4587520,5,6,4.788454055786133,1368,0,169,0,150,0.0013937497,0.08203125,0.9776045078702736,-0.4507747164927423,-0.0006429070213926025,7147,0.16494357585906982,3e-05,0.08,1.2690503597259521,,,,,,,,,,,,,,,,,,,,,,,,,,,,,,,,,,,,,
1.065761648118496,,,,6,,1368,0,,,,0.00087943283,0.06962890625,0.9478590250175329,-0.43157565761357547,1.0339543223381042e-05,7155,0.33088231086730957,3e-05,0.08,1.8435989618301392,,,,,,,,,0.7625003457069397,38.5,0.007949427255310509,1925,0.5299479166666666,164,0.0020419344924397544,0.0851948051948052,,,,,,,,,,,,,,,,,,,,,
,,,,,,,,,,,,,,,,,,,,,,,,,,,,,,,,,,,,,0,2.0586657601849803,81.79646447127162,5.018840104341507,4,896000,0.89,265.72,,,,,,,,,,,,,
,,,,,,,,,,,,,,,,,,,,,,,,,,,,,,,,,,,,,1,3.068261838979182,131.39348956474214,4.2823262709379195,4,896000,0.5,309.53,,,,,,,,,,,,,
,,,,,,,,,,,,,,,,,,,,,,,,,,,,,,,,,,,,,,,,,4,896000,,,0.89,0.89,0,0.39,0,0,0,217.8,0.5,0,0.0,0.89,6.0
1.0239196668068569,272.41,4592640,1,6,4.742928981781006,1374,6,1509,6,3,,,,,,,,,,,1,4,15,3e-05,11,0.008999999999999998,440,896000,,,,,,,,,,,,,,,,,,,,,,,,,,,,,
1.0239196668068569,275.24,4597760,2,6,4.746419429779053,1374,0,290,0,35,0.00085018,0.0537109375,1.198730316705769,-0.4735072857700288,-0.00030839098762953655,7163,0.40264683961868286,3e-05,0.08,0.12010407447814941,,,,,,,,,,,,,,,,,,,,,,,,,,,,,,,,,,,,,
1.0239196668068569,271.28,4602880,3,6,4.872588157653809,1374,0,216,0,71,0.0020513623,0.089599609375,1.3946684522612487,-0.4544459805823863,0.000510732748080045,7171,0.29983943700790405,3e-05,0.08,0.9741761088371277,,,,,,,,,,,,,,,,,,,,,,,,,,,,,,,,,,,,,
1.0239196668068569,278.68,4608000,4,6,4.737854957580566,1374,0,193,0,105,0.00085264334,0.063623046875,1.1384283779276303,-0.44966214811429384,0.00021928498754277825,7179,0.4003831148147583,3e-05,0.08,0.18934683501720428,,,,,,,,,,,,,,,,,,,,,,,,,,,,,,,,,,,,,
1.0384661157925923,284.84,4613120,5,6,4.5976176261901855,1380,6,184,6,138,0.0008692761,0.067724609375,0.841629683971405,-0.4298281910363585,-1.88241625437513e-05,7187,0.352036714553833,3e-05,0.08,1.1273545026779175,,,,,,,,,,,,,,,,,,,,,,,,,,,,,,,,,,,,,
1.0384661157925923,,,,6,,1380,6,,,,0.00073115324,0.065771484375,1.3664544608036522,-0.42905997508205473,-0.00038462503434857356,7195,0.2026640772819519,3e-05,0.08,0.4845988154411316,,,,,,,,,0.7627162337303162,38.416666666666664,0.007942194060601183,1925,0.5296223958333334,216,0.0020400034060338917,0.11220779220779221,,,,,,,,,,,,,,,,,,,,,
,,,,,,,,,,,,,,,,,,,,,,,,,,,,,,,,,,,,,0,2.2460467643604907,88.31798174777319,5.091261297911405,4,921600,0.89,262.79,,,,,,,,,,,,,
,,,,,,,,,,,,,,,,,,,,,,,,,,,,,,,,,,,,,1,3.017785479199083,132.49322095865887,4.0885601717233655,4,921600,0.45,320.92,,,,,,,,,,,,,
,,,,,,,,,,,,,,,,,,,,,,,,,,,,,,,,,,,,,,,,,4,921600,,,0.89,0.89,0,0.44,0,0,0,217.8,0.45,0,0.0,0.89,6.0
1.0384661157925923,277.88,4618240,1,6,4.732457160949707,1380,0,1490,0,3,,,,,,,,,,,1,4,15,3e-05,11,0.009199999999999996,440,921600,,,,,,,,,,,,,,,,,,,,,,,,,,,,,
1.0384661157925923,271.49,4623360,2,6,4.868940353393555,1380,0,270,0,37,0.0007474261,0.05869140625,1.1588486760738306,-0.44393774792551993,3.745878202607855e-05,7203,0.29417622089385986,3e-05,0.08,1.560900330543518,,,,,,,,,,,,,,,,,,,,,,,,,,,,,,,,,,,,,
1.0384661157925923,277.04,4628480,3,6,4.715047836303711,1380,0,214,0,71,0.0010374057,0.0699462890625,1.2175990461895707,-0.4199490012601018,-6.083749758545309e-05,7211,0.32495659589767456,3e-05,0.08,1.3778105974197388,,,,,,,,,,,,,,,,,,,,,,,,,,,,,,,,,,,,,
1.0775756289561589,271.31,4633600,4,6,4.819891929626465,1386,6,192,6,106,0.001199479,0.0614013671875,1.3397435782419052,-0.4334563044831157,1.8479186110198497e-07,7219,0.4636918902397156,3e-05,0.08,0.086192786693573,,,,,,,,,,,,,,,,,,,,,,,,,,,,,,,,,,,,,
1.0775756289561589,273.32,4638720,5,6,4.774041652679443,1386,0,180,0,141,0.0010400832,0.0717041015625,1.1398939952079672,-0.4392138442955911,0.0003683378265122883,7227,0.4069598913192749,3e-05,0.08,0.7840064167976379,,,,,,,,,,,,,,,,,,,,,,,,,,,,,,,,,,,,,
1.0775756289561589,,,,6,,1386,0,,,,0.0012496246,0.0798095703125,1.2605727659130934,-0.4508614596910775,-6.24936365056783e-07,7235,0.29430341720581055,3e-05,0.08,0.965165376663208,,,,,,,,,0.7623416185379028,38.083333333333336,0.007935030536347663,1925,0.5277777777777778,216,0.00202635717222348,0.11220779220779221,,,,,,,,,,,,,,,,,,,,,
,,,,,,,,,,,,,,,,,,,,,,,,,,,,,,,,,,,,,0,2.0365575490652,86.91159358796732,5.158057773113251,4,947200,0.88,263.07,,,,,,,,,,,,,
,,,,,,,,,,,,,,,,,,,,,,,,,,,,,,,,,,,,,1,3.2972236323009265,129.16372362238556,4.0245165036991235,4,947200,0.49,314.85,,,,,,,,,,,,,
,,,,,,,,,,,,,,,,,,,,,,,,,,,,,,,,,,,,,,,,,4,947200,,,0.88,0.88,0,0.39,0,0,0,217.8,0.49,0,0.0,0.88,6.0
1.0775756289561589,268.12,4643840,1,6,4.9342851638793945,1386,0,1491,0,3,,,,,,,,,,,1,4,15,3e-05,11,0.009399999999999995,440,947200,,,,,,,,,,,,,,,,,,,,,,,,,,,,,
1.0775756289561589,269.64,4648960,2,6,4.9354963302612305,1386,0,276,0,36,0.0014783932,0.0947021484375,1.3375125768303406,-0.44315286437049506,0.0003918810951290652,7243,0.3830835819244385,3e-05,0.08,1.2487760782241821,,,,,,,,,,,,,,,,,,,,,,,,,,,,,,,,,,,,,
1.1423607791463535,263.45,4654080,3,6,5.107825756072998,1392,6,209,6,73,0.0015676033,0.0656005859375,1.0339503610157408,-0.45837992914021014,-0.00036944580206181853,7251,0.425906777381897,3e-05,0.08,0.4016069173812866,,,,,,,,,,,,,,,,,,,,,,,,,,,,,,,,,,,,,
1.1423607791463535,259.54,4659200,4,6,5.2372002601623535,1392,0,190,0,107,0.00087134744,0.0907958984375,0.9479342381760943,-0.43409632802940906,-7.207542657852172e-05,7259,0.2910993695259094,3e-05,0.08,0.17101359367370605,,,,,,,,,,,,,,,,,,,,,,,,,,,,,,,,,,,,,
1.1423607791463535,257.3,4664320,5,6,5.269323348999023,1392,0,176,0,145,0.0009943247,0.058984375,0.9500688140571583,-0.4482845408841968,-0.00025559886125847697,7267,0.3906388282775879,3e-05,0.08,0.5844281315803528,,,,,,,,,,,,,,,,,,,,,,,,,,,,,,,,,,,,,
1.1423607791463535,,,,6,,1392,0,,,,0.0010695432,0.0588623046875,0.9083124286087696,-0.41252360101789237,-0.0002747569298662711,7275,0.37845009565353394,3e-05,0.08,0.4103005826473236,,,,,,,,,0.761408805847168,38.0,0.007953742193711047,1925,0.5274522569444445,218,0.002038593452604112,0.11324675324675325,,,,,,,,,,,,,,,,,,,,,
,,,,,,,,,,,,,,,,,,,,,,,,,,,,,,,,,,,,,0,2.1086895137036747,88.70549644751446,5.056436826437712,4,972800,0.87,267.43,,,,,,,,,,,,,
,,,,,,,,,,,,,,,,,,,,,,,,,,,,,,,,,,,,,1,3.0975292557858953,124.69196084752215,3.757980681210756,4,972800,0.44,330.57,,,,,,,,,,,,,
,,,,,,,,,,,,,,,,,,,,,,,,,,,,,,,,,,,,,,,,,4,972800,,,0.87,0.87,0,0.43,0,0,0,217.8,0.44,0,0.0,0.87,6.0
1.1423607791463535,265.0,4669440,1,6,5.102006912231445,1392,0,1443,0,3,,,,,,,,,,,1,4,15,3e-05,11,0.009599999999999996,440,972800,,,,,,,,,,,,,,,,,,,,,,,,,,,,,
1.1462027579545975,257.19,4674560,2,6,5.277531147003174,1398,6,289,6,35,0.0012468682,0.075048828125,1.0623612076044082,-0.4207645793445408,0.0005089860176667571,7283,0.3973205089569092,3e-05,0.08,0.48046085238456726,,,,,,,,,,,,,,,,,,,,,,,,,,,,,,,,,,,,,
1.1462027579545975,262.23,4679680,3,6,5.163947582244873,1398,0,213,0,71,0.0015247609,0.094970703125,1.0211493097012863,-0.44048293940722943,-0.00037371210055425763,7291,0.4435497522354126,3e-05,0.08,0.12915366888046265,,,,,,,,,,,,,,,,,,,,,,,,,,,,,,,,,,,,,
1.1462027579545975,258.43,4684800,4,6,5.212401866912842,1398,0,193,0,105,0.0009567033,0.0607177734375,0.7156029521254823,-0.4482808749191463,-0.0001466422705561854,7299,0.4612892270088196,3e-05,0.08,0.021067945286631584,,,,,,,,,,,,,,,,,,,,,,,,,,,,,,,,,,,,,
1.221580555041631,259.67,4689920,5,6,5.1955742835998535,1404,6,180,6,142,0.0020600145,0.0712158203125,0.7634425270342036,-0.4501465670764446,-0.0003280499193351716,7307,0.48693907260894775,3e-05,0.08,0.6695041060447693,,,,,,,,,,,,,,,,,,,,,,,,,,,,,,,,,,,,,
1.221580555041631,,,,6,,1404,6,,,,0.0018956267,0.0823974609375,0.972999269637512,-0.413158377725631,0.0006972068120376207,7315,0.48079735040664673,3e-05,0.08,0.7432360053062439,,,,,,,,,0.7607009410858154,38.0,0.007990157559209765,1925,0.5274522569444445,217,0.002077976488869188,0.11272727272727273,,,,,,,,,,,,,,,,,,,,,
,,,,,,,,,,,,,,,,,,,,,,,,,,,,,,,,,,,,,0,2.051157510933346,91.98554832146189,4.966314226388931,4,998400,0.83,274.17,,,,,,,,,,,,,
,,,,,,,,,,,,,,,,,,,,,,,,,,,,,,,,,,,,,1,3.088836103544287,123.79267950892735,3.4749155551195146,4,998400,0.41,338.75,,,,,,,,,,,,,
,,,,,,,,,,,,,,,,,,,,,,,,,,,,,,,,,,,,,,,,,4,998400,,,0.83,0.83,0,0.42,0,0,0,217.8,0.41,0,0.0,0.83,6.0
1.221580555041631,258.39,4695040,1,6,5.241885185241699,1404,0,1475,0,3,,,,,,,,,,,1,4,15,3e-05,11,0.009799999999999996,440,998400,,,,,,,,,,,,,,,,,,,,,,,,,,,,,
1.221580555041631,266.36,4700160,2,6,5.096876621246338,1404,0,265,0,38,0.0012490897,0.078466796875,1.112935790832853,-0.44506746996194124,0.0003641641247668304,7323,0.3774026036262512,3e-05,0.08,0.5362840294837952,,,,,,,,,,,,,,,,,,,,,,,,,,,,,,,,,,,,,
1.221580555041631,263.43,4705280,3,6,5.176513195037842,1404,0,211,0,72,0.0023231977,0.09375,1.0167296303785407,-0.4450186314061284,0.0009245899287634529,7331,0.34621334075927734,3e-05,0.08,0.41835224628448486,,,,,,,,,,,,,,,,,,,,,,,,,,,,,,,,,,,,,
1.1334817136327426,269.9,4710400,4,6,5.052183628082275,1410,6,189,6,108,0.0013894512,0.0853759765625,1.143051291978918,-0.4396746744401753,0.0005584453116171062,7339,0.130062997341156,3e-05,0.08,0.04770350456237793,,,,,,,,,,,,,,,,,,,,,,,,,,,,,,,,,,,,,
1.1334817136327426,274.0,4715520,5,6,4.962884902954102,1410,0,179,0,142,0.0016111203,0.0851806640625,0.9599050861404976,-0.45485758893191813,0.00027115986158605666,7347,0.25515425205230713,3e-05,0.08,0.6310165524482727,,,,,,,,,,,,,,,,,,,,,,,,,,,,,,,,,,,,,
1.1334817136327426,,,,6,,1410,0,,,,0.0009961228,0.0571044921875,1.0861224085791037,-0.4295160122681409,-0.00031413625983987,7355,0.23199790716171265,3e-05,0.08,1.9442765712738037,,,,,,,,,0.7606706619262695,37.916666666666664,0.007939974317788229,1925,0.5271267361111112,219,0.0020502304554088397,0.11376623376623377,,,,,,,,,,,,,,,,,,,,,
,,,,,,,,,,,,,,,,,,,,,,,,,,,,,,,,,,,,,0,1.9852685814194762,84.11609774591307,5.2240600198507305,4,1024000,0.89,260.61,,,,,,,,,,,,,
,,,,,,,,,,,,,,,,,,,,,,,,,,,,,,,,,,,,,1,2.8876418191972184,127.92565966216473,4.354615886807442,4,1024000,0.51,310.84,,,,,,,,,,,,,
,,,,,,,,,,,,,,,,,,,,,,,,,,,,,,,,,,,,,,,,,4,1024000,,,0.89,0.89,0,0.38,0,0,0,217.8,0.51,0,0.0,0.89,6.0
1.1334817136327426,272.31,4720640,1,6,4.973938941955566,1410,0,1485,0,3,,,,,,,,,,,1,4,15,3e-05,11,0.009999999999999995,440,1024000,,,,,,,,,,,,,,,,,,,,,,,,,,,,,
1.1334817136327426,265.27,4725760,2,6,5.084485054016113,1410,0,254,0,40,0.0010886068,0.0476318359375,0.9361708765791263,-0.42766326884739103,-0.00031589705613441763,7363,0.2303164005279541,3e-05,0.08,0.3515743017196655,,,,,,,,,,,,,,,,,,,,,,,,,,,,,,,,,,,,,
1.1085320711135864,279.62,4730880,3,6,4.7448201179504395,1416,6,209,6,73,0.001138395,0.0892578125,1.029115914533031,-0.4550504586659372,0.0008008618897292763,7371,0.39436179399490356,3e-05,0.08,0.4881831407546997,,,,,,,,,,,,,,,,,,,,,,,,,,,,,,,,,,,,,
1.1085320711135864,273.74,4736000,4,6,4.884202480316162,1416,0,196,0,104,0.0010094532,0.081201171875,0.8025514696812024,-0.46158354412764313,0.0004379158664960414,7379,0.4898701310157776,3e-05,0.08,0.9022017121315002,,,,,,,,,,,,,,,,,,,,,,,,,,,,,,,,,,,,,
1.1085320711135864,277.86,4741120,5,6,4.802082061767578,1416,0,180,0,142,0.00088908244,0.06435546875,1.2956504794303327,-0.45598446456715463,-0.00019954295858042314,7387,0.2952055335044861,3e-05,0.08,0.2938990592956543,,,,,,,,,,,,,,,,,,,,,,,,,,,,,,,,,,,,,
1.1085320711135864,,,,6,,1416,0,,,,0.0012990062,0.08125,0.6797424870484974,-0.45996076092123983,0.00020060864626429974,7395,0.34068989753723145,3e-05,0.08,1.2871099710464478,,,,,,,,,0.7592170238494873,37.833333333333336,0.007904592370931954,1925,0.5268012152777778,221,0.002012010659330606,0.1148051948051948,,,,,,,,,,,,,,,,,,,,,
,,,,,,,,,,,,,,,,,,,,,,,,,,,,,,,,,,,,,0,2.1902842227330064,94.26966638320091,4.755220205448568,4,1049600,0.83,281.3,,,,,,,,,,,,,
,,,,,,,,,,,,,,,,,,,,,,,,,,,,,,,,,,,,,1,3.577252017359074,126.64448033767601,3.460447187423706,4,1049600,0.4,337.34,,,,,,,,,,,,,
,,,,,,,,,,,,,,,,,,,,,,,,,,,,,,,,,,,,,,,,,4,1049600,,,0.83,0.83,0,0.42999999999999994,0,0,0,217.8,0.4,0,0.0,0.83,6.0
1.1085320711135864,283.51,4746240,1,6,4.711280345916748,1416,0,1452,0,3,,,,,,,,,,,1,4,15,3e-05,11,0.010199999999999994,440,1049600,,,,,,,,,,,,,,,,,,,,,,,,,,,,,
1.061645229657491,286.44,4751360,2,6,4.671606063842773,1422,6,270,6,37,0.0013181925,0.0677978515625,0.9417366089764982,-0.44202103316783903,0.000305586404283531,7403,0.31379586458206177,3e-05,0.08,0.03180767223238945,,,,,,,,,,,,,,,,,,,,,,,,,,,,,,,,,,,,,
1.061645229657491,274.74,4756480,3,6,4.887222766876221,1422,0,214,0,71,0.0011804816,0.057177734375,0.9300802935729735,-0.48934780042618514,-0.0009299536133767106,7411,0.16188037395477295,3e-05,0.08,0.026537004858255386,,,,,,,,,,,,,,,,,,,,,,,,,,,,,,,,,,,,,
1.061645229657491,279.33,4761600,4,6,4.714015960693359,1422,0,194,0,105,0.0013264061,0.079296875,1.1585556861420627,-0.4839013728313148,-0.0005244772182777524,7419,0.2249782681465149,3e-05,0.08,0.5101901888847351,,,,,,,,,,,,,,,,,,,,,,,,,,,,,,,,,,,,,
1.061645229657491,278.64,4766720,5,6,4.7255353927612305,1422,0,185,0,137,0.001112662,0.064697265625,1.2704479592095594,-0.44407387999817727,-0.0004131111520109698,7427,0.07681894302368164,3e-05,0.08,1.3230373859405518,,,,,,,,,,,,,,,,,,,,,,,,,,,,,,,,,,,,,
1.061645229657491,,,,6,,1422,0,,,,0.0014648078,0.07783203125,1.3191704394761472,-0.45924777002073824,-0.0003461316577158868,7435,0.16737836599349976,3e-05,0.08,0.4765373170375824,,,,,,,,,0.7601200342178345,37.833333333333336,0.00788125697219123,1925,0.5268012152777778,221,0.00201812796876954,0.1148051948051948,,,,,,,,,,,,,,,,,,,,,
,,,,,,,,,,,,,,,,,,,,,,,,,,,,,,,,,,,,,0,1.9795394000885362,82.35769545100203,5.018610333502292,4,1075200,0.89,267.5,,,,,,,,,,,,,
,,,,,,,,,,,,,,,,,,,,,,,,,,,,,,,,,,,,,1,3.1342076991369825,123.98743928317897,3.595476596951485,4,1075200,0.42,335.57,,,,,,,,,,,,,
,,,,,,,,,,,,,,,,,,,,,,,,,,,,,,,,,,,,,,,,,4,1075200,,,0.89,0.89,0,0.47000000000000003,0,0,0,217.8,0.42,0,0.0,0.89,6.0
1.048399105668068,273.37,4771840,1,6,4.798312187194824,1428,6,1481,6,3,,,,,,,,,,,1,4,15,3e-05,11,0.010399999999999994,440,1075200,,,,,,,,,,,,,,,,,,,,,,,,,,,,,
1.048399105668068,268.08,4776960,2,6,4.886187553405762,1428,0,282,0,36,0.0012621966,0.0923828125,0.8394173685315763,-0.4617701011709869,0.00017366039683111011,7443,0.4297149181365967,3e-05,0.08,0.7628881931304932,,,,,,,,,,,,,,,,,,,,,,,,,,,,,,,,,,,,,
1.048399105668068,267.48,4782080,3,6,4.968623161315918,1428,0,221,0,69,0.0007723675,0.051025390625,1.1041625160200055,-0.44183444045484066,-0.00022068243270041422,7451,0.28156745433807373,3e-05,0.08,1.3566312789916992,,,,,,,,,,,,,,,,,,,,,,,,,,,,,,,,,,,,,
1.048399105668068,272.69,4787200,4,6,4.910391807556152,1428,0,203,0,100,0.0009695012,0.0707763671875,0.9900346867449116,-0.4595034848898649,3.275475319242105e-05,7459,0.26203733682632446,3e-05,0.08,0.04799870029091835,,,,,,,,,,,,,,,,,,,,,,,,,,,,,,,,,,,,,
1.025072420636813,272.29,4792320,5,6,4.922855854034424,1434,6,188,6,135,0.0017581303,0.0627685546875,1.1908283317810855,-0.44897261513397096,0.00012907912314403803,7467,0.37270045280456543,3e-05,0.08,0.43349334597587585,,,,,,,,,,,,,,,,,,,,,,,,,,,,,,,,,,,,,
1.025072420636813,,,,6,,1434,6,,,,0.0014830364,0.0826904296875,1.106995054910658,-0.487513283547014,0.0004653900192352012,7475,0.5008809566497803,3e-05,0.08,0.45606082677841187,,,,,,,,,0.7591550946235657,37.833333333333336,0.007902452067201214,1925,0.5268012152777778,225,0.0020501851437998266,0.11688311688311688,,,,,,,,,,,,,,,,,,,,,
,,,,,,,,,,,,,,,,,,,,,,,,,,,,,,,,,,,,,0,2.0985126240446044,84.4305223245717,5.018855455219746,4,1100800,0.9,266.87,,,,,,,,,,,,,
,,,,,,,,,,,,,,,,,,,,,,,,,,,,,,,,,,,,,1,3.345918153886123,127.48046281685677,4.0839443145692345,4,1100800,0.5,313.54,,,,,,,,,,,,,
,,,,,,,,,,,,,,,,,,,,,,,,,,,,,,,,,,,,,,,,,4,1100800,,,0.9,0.9,0,0.4,0,0,0,217.8,0.5,0,0.0,0.9,6.0
1.025072420636813,265.38,4797440,1,6,5.052629470825195,1434,0,1527,0,3,,,,,,,,,,,1,4,15,3e-05,11,0.010599999999999995,440,1100800,,,,,,,,,,,,,,,,,,,,,,,,,,,,,
1.025072420636813,271.76,4802560,2,6,4.908356666564941,1434,0,262,0,39,0.0011251327,0.0901611328125,1.4646159270196222,-0.48989689759910104,0.0004100103076780215,7483,0.5319675207138062,3e-05,0.08,0.7037049531936646,,,,,,,,,,,,,,,,,,,,,,,,,,,,,,,,,,,,,
1.025072420636813,274.15,4807680,3,6,4.7994561195373535,1434,0,222,0,68,0.0009661714,0.0557861328125,0.9874609432474244,-0.44831963507458567,-2.4170754477381708e-05,7491,0.1785794496536255,3e-05,0.08,0.1358850747346878,,,,,,,,,,,,,,,,,,,,,,,,,,,,,,,,,,,,,
1.0682563583056133,265.08,4812800,4,6,5.007936000823975,1440,6,202,6,101,0.0011588857,0.073583984375,1.1762358340783976,-0.47094902861863375,-0.0005789921808172949,7499,0.3699420094490051,3e-05,0.08,0.013709617778658867,,,,,,,,,,,,,,,,,,,,,,,,,,,,,,,,,,,,,
1.0682563583056133,265.89,4817920,5,6,4.993251323699951,1440,0,182,0,140,0.0018755241,0.0906982421875,1.3578318918473087,-0.4685996677726507,0.000487665762193501,7507,0.3558031916618347,3e-05,0.08,1.5070021152496338,,,,,,,,,,,,,,,,,,,,,,,,,,,,,,,,,,,,,
1.0682563583056133,,,,6,,1440,0,,,,0.0009912899,0.063818359375,0.937996978549927,-0.437496393173933,-0.00017634973482927307,7515,0.4441183805465698,3e-05,0.08,0.0011148788034915924,,,,,,,,,0.7570343613624573,37.75,0.007921486728380962,1925,0.5264756944444445,225,0.0020636382950551166,0.11688311688311688,,,,,,,,,,,,,,,,,,,,,
,,,,,,,,,,,,,,,,,,,,,,,,,,,,,,,,,,,,,0,1.7648525186253865,77.5918159344141,5.238134982585907,4,1126400,0.9,260.01,,,,,,,,,,,,,
,,,,,,,,,,,,,,,,,,,,,,,,,,,,,,,,,,,,,1,2.8503638412349015,118.41699033500218,3.296118425875902,4,1126400,0.37,350.58,,,,,,,,,,,,,
,,,,,,,,,,,,,,,,,,,,,,,,,,,,,,,,,,,,,,,,,4,1126400,,,0.9,0.9,0,0.53,0,0,0,217.8,0.37,0,0.0,0.9,6.0
1.0682563583056133,271.54,4823040,1,6,4.89579963684082,1440,0,1463,0,3,,,,,,,,,,,1,4,15,3e-05,11,0.010799999999999994,440,1126400,,,,,,,,,,,,,,,,,,,,,,,,,,,,,
1.0682563583056133,271.82,4828160,2,6,4.844236373901367,1440,0,273,0,37,0.0013148378,0.0973388671875,0.9584028413461055,-0.46191488904878497,0.0017853857760201208,7523,0.3766552805900574,3e-05,0.08,0.12019182741641998,,,,,,,,,,,,,,,,,,,,,,,,,,,,,,,,,,,,,
1.1264512538909912,267.97,4833280,3,6,5.005981922149658,1446,6,207,6,73,0.0014810928,0.087158203125,1.2265253766570823,-0.44984006341546773,0.0002776762616122141,7531,0.45826107263565063,3e-05,0.08,1.3073524236679077,,,,,,,,,,,,,,,,,,,,,,,,,,,,,,,,,,,,,
1.1264512538909912,271.54,4838400,4,6,4.883885383605957,1446,0,192,0,106,0.001036143,0.0804443359375,0.8950470402487554,-0.4488807937130332,0.00042476165253901854,7539,0.42166584730148315,3e-05,0.08,0.020085327327251434,,,,,,,,,,,,,,,,,,,,,,,,,,,,,,,,,,,,,
1.1264512538909912,275.79,4843520,5,6,4.792542457580566,1446,0,186,0,137,0.0011883541,0.084814453125,1.0521833810664247,-0.43662741901353,0.00021323522669263183,7547,0.5400396585464478,3e-05,0.08,0.98271244764328,,,,,,,,,,,,,,,,,,,,,,,,,,,,,,,,,,,,,
1.1264512538909912,,,,6,,1446,0,,,,0.001146658,0.0560791015625,1.0471984338364564,-0.4596232027746737,-6.136216834420338e-05,7555,0.5453616380691528,3e-05,0.08,0.2563326060771942,,,,,,,,,0.7575774192810059,37.583333333333336,0.007884851734345952,1925,0.5258246527777778,226,0.002027078914632054,0.1174025974025974,,,,,,,,,,,,,,,,,,,,,
,,,,,,,,,,,,,,,,,,,,,,,,,,,,,,,,,,,,,0,1.9201475912846697,77.95217700616193,5.061292307078839,4,1152000,0.92,264.09,,,,,,,,,,,,,
,,,,,,,,,,,,,,,,,,,,,,,,,,,,,,,,,,,,,1,3.2285771170370743,129.53598882163985,3.86603228058666,4,1152000,0.45,324.26,,,,,,,,,,,,,
,,,,,,,,,,,,,,,,,,,,,,,,,,,,,,,,,,,,,,,,,4,1152000,,,0.92,0.92,0,0.47000000000000003,0,0,0,217.8,0.45,0,0.0,0.92,6.0
1.1264512538909912,275.53,4848640,1,6,4.792937755584717,1446,0,1454,0,3,,,,,,,,,,,1,4,15,3e-05,11,0.010999999999999994,440,1152000,,,,,,,,,,,,,,,,,,,,,,,,,,,,,
1.0659991353750229,274.63,4853760,2,6,4.839860916137695,1452,6,281,6,36,0.0015587487,0.078271484375,1.4817842907272278,-0.46481003100052476,0.0011114514418295585,7563,0.47074317932128906,3e-05,0.08,1.0871955156326294,,,,,,,,,,,,,,,,,,,,,,,,,,,,,,,,,,,,,
1.0659991353750229,277.69,4858880,3,6,4.793472766876221,1452,0,222,0,69,0.0012969583,0.077001953125,1.354970815149136,-0.4698693769052625,0.00017013528995448723,7571,0.36548346281051636,3e-05,0.08,2.3073413372039795,,,,,,,,,,,,,,,,,,,,,,,,,,,,,,,,,,,,,
1.0659991353750229,274.44,4864000,4,6,4.830687999725342,1452,0,194,0,105,0.0010820818,0.0704345703125,1.302083201170899,-0.47329641710966824,-0.0004390395333757624,7579,0.11153233051300049,3e-05,0.08,0.2503737211227417,,,,,,,,,,,,,,,,,,,,,,,,,,,,,,,,,,,,,
1.0659991353750229,268.92,4869120,5,6,4.934637546539307,1452,0,182,0,140,0.00095537084,0.0794677734375,1.0416394196974579,-0.4777682642452419,-0.0003843384882202372,7587,0.11234128475189209,3e-05,0.08,0.1793212592601776,,,,,,,,,,,,,,,,,,,,,,,,,,,,,,,,,,,,,
1.0659991353750229,,,,6,,1452,0,,,,0.0011806947,0.071240234375,0.7645651369661209,-0.46473581083118914,-0.0001977863532374613,7595,0.3374131917953491,3e-05,0.08,0.5168195366859436,,,,,,,,,0.757640540599823,37.583333333333336,0.007844274603379268,1925,0.5258246527777778,226,0.0020033632641120293,0.1174025974025974,,,,,,,,,,,,,,,,,,,,,
,,,,,,,,,,,,,,,,,,,,,,,,,,,,,,,,,,,,,0,2.1256327030793685,86.44186717094905,4.926863673212938,4,1177600,0.9,270.94,,,,,,,,,,,,,
,,,,,,,,,,,,,,,,,,,,,,,,,,,,,,,,,,,,,1,3.247232063888723,127.5668546292492,3.6069322876632213,4,1177600,0.41,334.24,,,,,,,,,,,,,
,,,,,,,,,,,,,,,,,,,,,,,,,,,,,,,,,,,,,,,,,4,1177600,,,0.9,0.9,0,0.49000000000000005,0,0,0,217.8,0.41,0,0.0,0.9,6.0
1.0812780261039734,273.29,4874240,1,6,4.819048881530762,1458,6,1455,6,3,,,,,,,,,,,1,4,15,3e-05,11,0.011,440,1177600,,,,,,,,,,,,,,,,,,,,,,,,,,,,,
1.0812780261039734,271.84,4879360,2,6,4.848326683044434,1458,0,278,0,36,0.0009297722,0.074658203125,1.1977039823599624,-0.46410886929370465,-0.00016032614366849883,7603,0.43777918815612793,3e-05,0.08,0.6038534641265869,,,,,,,,,,,,,,,,,,,,,,,,,,,,,,,,,,,,,
1.0812780261039734,272.09,4884480,3,6,4.837116241455078,1458,0,224,0,68,0.0009162958,0.0724853515625,1.1670775527207298,-0.4638417722657323,0.00041591604822315275,7611,0.47390955686569214,3e-05,0.08,0.4170549511909485,,,,,,,,,,,,,,,,,,,,,,,,,,,,,,,,,,,,,
1.0812780261039734,276.0,4889600,4,6,4.74403190612793,1458,0,195,0,104,0.0014815669,0.077978515625,1.3737090531882132,-0.48052062606438994,0.00042757706833072005,7619,0.3464779853820801,3e-05,0.08,3.4935033321380615,,,,,,,,,,,,,,,,,,,,,,,,,,,,,,,,,,,,,
1.1056305418411891,275.7,4894720,5,6,4.8017377853393555,1464,6,182,6,140,0.0008737423,0.07421875,0.9008276827342343,-0.45905970232561233,-0.0005216188117628917,7627,0.3638562560081482,3e-05,0.08,0.3059317469596863,,,,,,,,,,,,,,,,,,,,,,,,,,,,,,,,,,,,,
1.1056305418411891,,,,6,,1464,6,,,,0.0007028595,0.067138671875,0.8131241563285585,-0.44362336453050377,1.818891614675522e-05,7635,0.5715709924697876,3e-05,0.08,0.20435208082199097,,,,,,,,,0.7567063570022583,37.416666666666664,0.007851271869203822,1925,0.5251736111111112,226,0.0020051096679964647,0.1174025974025974,,,,,,,,,,,,,,,,,,,,,
,,,,,,,,,,,,,,,,,,,,,,,,,,,,,,,,,,,,,0,2.036968830453186,82.09572156939727,4.821467809081078,4,1203200,0.89,274.25,,,,,,,,,,,,,
,,,,,,,,,,,,,,,,,,,,,,,,,,,,,,,,,,,,,1,3.2620613103646794,125.33598685134291,4.175276717543602,4,1203200,0.52,310.52,,,,,,,,,,,,,
,,,,,,,,,,,,,,,,,,,,,,,,,,,,,,,,,,,,,,,,,4,1203200,,,0.89,0.89,0,0.37,0,0,0,217.8,0.52,0,0.0,0.89,6.0
1.1056305418411891,276.0,4899840,1,6,4.787725925445557,1464,0,1461,0,3,,,,,,,,,,,1,4,15,3e-05,11,0.011,440,1203200,,,,,,,,,,,,,,,,,,,,,,,,,,,,,
1.1056305418411891,271.76,4904960,2,6,4.904110908508301,1464,0,235,0,43,0.0010725057,0.0734375,1.3964640464342666,-0.4734967556782067,-0.00027644204237731174,7643,0.48346787691116333,3e-05,0.08,0.8855990767478943,,,,,,,,,,,,,,,,,,,,,,,,,,,,,,,,,,,,,
1.1827589571475983,269.22,4910080,3,6,4.931097984313965,1470,6,197,6,77,0.0008311899,0.057080078125,0.7674743092269637,-0.4557808428071439,-0.0006437353527871892,7651,0.5972535610198975,3e-05,0.08,0.05920349806547165,,,,,,,,,,,,,,,,,,,,,,,,,,,,,,,,,,,,,
1.1827589571475983,272.84,4915200,4,6,4.893445014953613,1470,0,182,0,112,0.0008446107,0.056884765625,0.7803466826298973,-0.45429156767204404,-0.00015320225793402642,7659,0.42356520891189575,3e-05,0.08,1.1869957447052002,,,,,,,,,,,,,,,,,,,,,,,,,,,,,,,,,,,,,
1.1827589571475983,280.26,4920320,5,6,4.78984260559082,1470,0,182,0,139,0.001160684,0.0674072265625,0.8161430699110497,-0.43082615789026024,-0.0002586583257652819,7667,0.5885754823684692,3e-05,0.08,0.5218822956085205,,,,,,,,,,,,,,,,,,,,,,,,,,,,,,,,,,,,,
1.1827589571475983,,,,6,,1470,0,,,,0.0011231744,0.0599365234375,1.131074815284228,-0.44995455639436843,-0.00033683337678667156,7675,0.5696489810943604,3e-05,0.08,0.5794415473937988,,,,,,,,,0.7548400163650513,37.416666666666664,0.007875717474973374,1925,0.5251736111111112,227,0.002014733228213676,0.11792207792207793,,,,,,,,,,,,,,,,,,,,,
,,,,,,,,,,,,,,,,,,,,,,,,,,,,,,,,,,,,,0,1.993640340081105,82.95626799705975,5.030408220291138,4,1228800,0.9,266.76,,,,,,,,,,,,,
,,,,,,,,,,,,,,,,,,,,,,,,,,,,,,,,,,,,,1,2.9688252761021685,129.30482434928712,4.306369852237403,4,1228800,0.5,311.68,,,,,,,,,,,,,
,,,,,,,,,,,,,,,,,,,,,,,,,,,,,,,,,,,,,,,,,4,1228800,,,0.9,0.9,0,0.4,0,0,0,217.8,0.5,0,0.0,0.9,6.0
1.1827589571475983,275.15,4925440,1,6,4.876954555511475,1470,0,1473,0,3,,,,,,,,,,,1,4,15,3e-05,11,0.011,440,1228800,,,,,,,,,,,,,,,,,,,,,,,,,,,,,
1.1172676980495453,283.26,4930560,2,6,4.7421488761901855,1476,6,304,6,33,0.001025806,0.0745849609375,0.7479087855899706,-0.4381165232509375,-1.7634623509366067e-05,7683,0.5471891164779663,3e-05,0.08,0.2567841410636902,,,,,,,,,,,,,,,,,,,,,,,,,,,,,,,,,,,,,
1.1172676980495453,289.71,4935680,3,6,4.612947463989258,1476,0,249,0,61,0.0014320542,0.08583984375,0.9226436054916121,-0.45889752684161067,0.0008483056124532595,7691,0.5787816047668457,3e-05,0.08,0.312091201543808,,,,,,,,,,,,,,,,,,,,,,,,,,,,,,,,,,,,,
1.1172676980495453,285.37,4940800,4,6,4.716622352600098,1476,0,203,0,100,0.001257506,0.08447265625,1.2497713654127438,-0.4570502462796867,0.000488800420134794,7699,0.45787960290908813,3e-05,0.08,1.0529412031173706,,,,,,,,,,,,,,,,,,,,,,,,,,,,,,,,,,,,,
1.1172676980495453,279.42,4945920,5,6,4.82521915435791,1476,0,185,0,137,0.0009322736,0.047509765625,1.1012424168613506,-0.4605589095503092,-0.000806603367527714,7707,0.4618673324584961,3e-05,0.08,1.0088486671447754,,,,,,,,,,,,,,,,,,,,,,,,,,,,,,,,,,,,,
1.1172676980495453,,,,6,,1476,0,,,,0.0012754136,0.0626953125,1.236620110226795,-0.42410066118463874,0.00034282886481378226,7715,0.5874691009521484,3e-05,0.08,0.42975184321403503,,,,,,,,,0.7543132305145264,37.333333333333336,0.00785202760856571,1925,0.5248480902777778,228,0.0019949289261041894,0.11844155844155844,,,,,,,,,,,,,,,,,,,,,
,,,,,,,,,,,,,,,,,,,,,,,,,,,,,,,,,,,,,0,1.989166757521333,79.13829603927545,5.019345112703741,4,1254400,0.91,265.49,,,,,,,,,,,,,
,,,,,,,,,,,,,,,,,,,,,,,,,,,,,,,,,,,,,1,3.2716698879265476,126.1074288057607,4.237057828009129,4,1254400,0.53,307.58,,,,,,,,,,,,,
,,,,,,,,,,,,,,,,,,,,,,,,,,,,,,,,,,,,,,,,,4,1254400,,,0.91,0.91,0,0.38,0,0,0,217.8,0.53,0,0.0,0.91,6.0
1.149599904815356,280.51,4951040,1,6,4.8294291496276855,1482,6,1471,6,3,,,,,,,,,,,1,4,15,3e-05,11,0.011,440,1254400,,,,,,,,,,,,,,,,,,,,,,,,,,,,,
1.149599904815356,280.76,4956160,2,6,4.744238376617432,1482,0,266,0,38,0.0019646552,0.08720703125,1.1951402821112425,-0.4467253768350929,0.001401368822553195,7723,0.5706475377082825,3e-05,0.08,2.0358753204345703,,,,,,,,,,,,,,,,,,,,,,,,,,,,,,,,,,,,,
1.149599904815356,276.71,4961280,3,6,4.8434319496154785,1482,0,219,0,70,0.0013542261,0.0955810546875,0.9605956458952278,-0.43645443534478545,0.0004992727728676983,7731,0.6963773369789124,3e-05,0.08,0.3462056517601013,,,,,,,,,,,,,,,,,,,,,,,,,,,,,,,,,,,,,
1.149599904815356,283.75,4966400,4,6,4.676519870758057,1482,0,203,0,100,0.0016047035,0.0812255859375,1.3363024805672468,-0.4564693155698478,0.0001684793984168209,7739,0.6104749441146851,3e-05,0.08,0.10052689164876938,,,,,,,,,,,,,,,,,,,,,,,,,,,,,,,,,,,,,
1.0788750449816387,286.0,4971520,5,6,4.614730358123779,1488,6,192,6,132,0.0014322652,0.0758544921875,1.3940409477683715,-0.44323595366440716,0.0007608401516336017,7747,0.544023871421814,3e-05,0.08,0.1208290308713913,,,,,,,,,,,,,,,,,,,,,,,,,,,,,,,,,,,,,
1.0788750449816387,,,,6,,1488,6,,,,0.0012443154,0.072705078125,1.5106277825310825,-0.4644230746664107,-0.0005223312095040455,7755,0.25064772367477417,3e-05,0.08,2.1672630310058594,,,,,,,,,0.7538003325462341,37.416666666666664,0.007815737709784379,1925,0.5251736111111112,24,0.0020233573784560394,0.012467532467532468,,,,,,,,,,,,,,,,,,,,,
,,,,,,,,,,,,,,,,,,,,,,,,,,,,,,,,,,,,,0,2.0823043353136157,88.61709541617803,4.859027145802974,4,1280000,0.86,275.52,,,,,,,,,,,,,
,,,,,,,,,,,,,,,,,,,,,,,,,,,,,,,,,,,,,1,3.4133772112744682,129.9077303319552,4.496920002698898,4,1280000,0.56,295.04,,,,,,,,,,,,,
,,,,,,,,,,,,,,,,,,,,,,,,,,,,,,,,,,,,,,,,,4,1280000,,,0.86,0.86,0,0.29999999999999993,0,0,0,217.8,0.56,0,0.0,0.86,6.0
1.0788750449816387,289.28,4976640,1,6,4.518401622772217,1488,0,1459,0,3,,,,,,,,,,,1,4,15,3e-05,11,0.011,440,1280000,,,,,,,,,,,,,,,,,,,,,,,,,,,,,
1.0788750449816387,285.2,4981760,2,6,4.627720355987549,1488,0,265,0,38,0.0007287717,0.05830078125,1.5280744081595912,-0.46736703244969247,-0.000432596386235673,7763,0.2214721441268921,3e-05,0.08,0.0325983464717865,,,,,,,,,,,,,,,,,,,,,,,,,,,,,,,,,,,,,
1.0788750449816387,284.51,4986880,3,6,4.657788276672363,1488,0,216,0,70,0.0013481347,0.064599609375,1.2743774675647728,-0.4363805976696312,-0.000791850198584143,7771,0.011813819408416748,3e-05,0.08,1.0181530714035034,,,,,,,,,,,,,,,,,,,,,,,,,,,,,,,,,,,,,
0.9248349020878474,284.81,4992000,4,6,4.625915050506592,1494,6,194,6,105,0.0010699809,0.0947509765625,1.1597871719277464,-0.4523084350861609,0.0007679388771066442,7779,0.060930728912353516,3e-05,0.08,0.03313294053077698,,,,,,,,,,,,,,,,,,,,,,,,,,,,,,,,,,,,,
0.9248349020878474,273.48,4997120,5,6,4.868126392364502,1494,0,185,0,138,0.0009503813,0.0738037109375,1.2239341832580977,-0.44924066425301135,-0.00011718011664925143,7787,0.17157316207885742,3e-05,0.08,0.09933474659919739,,,,,,,,,,,,,,,,,,,,,,,,,,,,,,,,,,,,,
0.9248349020878474,,,,6,,1494,0,,,,0.0010890802,0.0727294921875,1.1200994581326085,-0.44342570994049313,-0.0005526598921278492,7795,0.2938661575317383,3e-05,0.08,0.1942678838968277,,,,,,,,,0.7534365653991699,37.5,0.007777259465688316,1925,0.5254991319444445,95,0.002019283046004869,0.04935064935064935,,,,,,,,,,,,,,,,,,,,,
,,,,,,,,,,,,,,,,,,,,,,,,,,,,,,,,,,,,,0,2.2186095131607333,89.35925861375529,4.816303423345089,4,1305600,0.87,275.23,,,,,,,,,,,,,
,,,,,,,,,,,,,,,,,,,,,,,,,,,,,,,,,,,,,1,3.298025662271006,129.7568845957701,4.054905558973551,4,1305600,0.5,311.53,,,,,,,,,,,,,
,,,,,,,,,,,,,,,,,,,,,,,,,,,,,,,,,,,,,,,,,4,1305600,,,0.87,0.87,0,0.37,0,0,0,217.8,0.5,0,0.0,0.87,6.0
0.9248349020878474,274.73,5002240,1,6,4.906767845153809,1494,0,1488,0,3,,,,,,,,,,,1,4,15,3e-05,11,0.011,440,1305600,,,,,,,,,,,,,,,,,,,,,,,,,,,,,
0.9248349020878474,273.32,5007360,2,6,4.923871994018555,1494,0,259,0,39,0.00087411905,0.0657470703125,1.4967814001080115,-0.44861201886087654,-0.00025691104819998146,7803,0.10173076391220093,3e-05,0.08,0.9033083319664001,,,,,,,,,,,,,,,,,,,,,,,,,,,,,,,,,,,,,
1.0000877728064854,276.6,5012480,3,6,4.88191032409668,1500,6,207,6,74,0.0007662039,0.0625244140625,0.9851828886006843,-0.43225293727591635,0.00022811704402556643,7811,0.21189379692077637,3e-05,0.08,0.07755357772111893,,,,,,,,,,,,,,,,,,,,,,,,,,,,,,,,,,,,,
1.0000877728064854,270.58,5017600,4,6,5.018956184387207,1500,0,191,0,106,0.0013023757,0.0813720703125,0.8273236844979692,-0.45158400293439627,-6.720981909893453e-05,7819,0.20507842302322388,3e-05,0.08,1.0189945697784424,,,,,,,,,,,,,,,,,,,,,,,,,,,,,,,,,,,,,
1.0000877728064854,271.98,5022720,5,6,5.006247520446777,1500,0,181,0,141,0.0018142775,0.095166015625,1.0833737466527964,-0.4257619969546795,0.000504863660898991,7827,0.16883522272109985,3e-05,0.08,0.0395037978887558,,,,,,,,,,,,,,,,,,,,,,,,,,,,,,,,,,,,,
1.0000877728064854,,,,6,,1500,0,,,,0.0017452653,0.082763671875,0.9097694629104808,-0.42738698460161684,0.0007844447653042152,7835,0.16853225231170654,3e-05,0.08,0.07130087912082672,,,,,,,,,0.7527568340301514,37.5,0.007761263536120584,1925,0.5254991319444445,94,0.001985402520751213,0.04883116883116883,,,,,,,,,,,,,,,,,,,,,
,,,,,,,,,,,,,,,,,,,,,,,,,,,,,,,,,,,,,0,1.7700779245864044,71.04866712331767,5.553384400308132,4,1331200,0.95,245.63,,,,,,,,,,,,,
,,,,,,,,,,,,,,,,,,,,,,,,,,,,,,,,,,,,,1,3.278412326545985,129.70143252871188,4.1088677671551705,4,1331200,0.48,316.28,,,,,,,,,,,,,
,,,,,,,,,,,,,,,,,,,,,,,,,,,,,,,,,,,,,,,,,4,1331200,,,0.95,0.95,0,0.47,1,0,0,217.8,0.48,0,0.0,0.95,6.0
1.0000877728064854,275.55,5027840,1,6,4.921147346496582,1500,0,1435,0,3,,,,,,,,,,,1,4,15,3e-05,11,0.011,440,1331200,,,,,,,,,,,,,,,,,,,,,,,,,,,,,
1.0346934099992116,275.14,5032960,2,6,4.899951934814453,1506,6,264,6,38,0.0012951279,0.0845458984375,1.1307200460432796,-0.4442464430816472,0.0006394653290044516,7843,0.30489838123321533,3e-05,0.08,1.1042457818984985,,,,,,,,,,,,,,,,,,,,,,,,,,,,,,,,,,,,,
1.0346934099992116,264.09,5038080,3,6,5.141067028045654,1506,0,202,0,75,0.0010208287,0.0951171875,1.0166418139298912,-0.4697898879647255,0.0003908049693563953,7851,0.29473382234573364,3e-05,0.08,0.09861533343791962,,,,,,,,,,,,,,,,,,,,,,,,,,,,,,,,,,,,,
1.0346934099992116,261.12,5043200,4,6,5.218592643737793,1506,0,180,0,113,0.0012949551,0.0803466796875,0.9146127231477295,-0.4609214074909687,-0.0006794744433136657,7859,0.4620357155799866,3e-05,0.08,0.15079674124717712,,,,,,,,,,,,,,,,,,,,,,,,,,,,,,,,,,,,,
1.0346934099992116,255.97,5048320,5,6,5.402607440948486,1506,0,169,0,150,0.0011255528,0.0696533203125,0.6864893417747225,-0.4327304283156991,7.533588068326935e-05,7867,0.41432929039001465,3e-05,0.08,0.004135533235967159,,,,,,,,,,,,,,,,,,,,,,,,,,,,,,,,,,,,,
1.0346934099992116,,,,6,,1506,0,,,,0.0006828344,0.0600830078125,0.7900690803246107,-0.4318523611407727,-0.00039602668257430194,7875,0.5376194715499878,3e-05,0.08,0.6443809866905212,,,,,,,,,0.7505008578300476,37.416666666666664,0.007839806909275326,1925,0.5246310763888888,94,0.002031235478620045,0.04883116883116883,,,,,,,,,,,,,,,,,,,,,
,,,,,,,,,,,,,,,,,,,,,,,,,,,,,,,,,,,,,0,2.047932875469347,81.92236507816409,5.095026835501194,4,1356800,0.92,262.81,,,,,,,,,,,,,
,,,,,,,,,,,,,,,,,,,,,,,,,,,,,,,,,,,,,1,2.7116894445503896,128.1627008922643,4.723387142419815,4,1356800,0.55,300.11,,,,,,,,,,,,,
,,,,,,,,,,,,,,,,,,,,,,,,,,,,,,,,,,,,,,,,,4,1356800,,,0.92,0.92,0,0.37,0,0,0,217.8,0.55,0,0.0,0.92,6.0
1.2009013692537944,240.96,5053440,1,6,5.702552318572998,1512,6,1534,6,3,,,,,,,,,,,1,4,15,3e-05,11,0.011,440,1356800,,,,,,,,,,,,,,,,,,,,,,,,,,,,,
1.2009013692537944,246.08,5058560,2,6,5.619606971740723,1512,0,241,0,42,0.0009728467,0.0485107421875,0.9525933952187188,-0.45672034583985804,-0.0007237649377202615,7883,0.4187120795249939,3e-05,0.08,0.0745362862944603,,,,,,,,,,,,,,,,,,,,,,,,,,,,,,,,,,,,,
1.2009013692537944,247.34,5063680,3,6,5.5760602951049805,1512,0,192,0,79,0.0012636662,0.067626953125,1.001374898973154,-0.450863398052752,-0.0003961483045713976,7891,0.32798951864242554,3e-05,0.08,0.2973179519176483,,,,,,,,,,,,,,,,,,,,,,,,,,,,,,,,,,,,,
1.2009013692537944,249.5,5068800,4,6,5.511465072631836,1512,0,175,0,116,0.0010829142,0.0605712890625,0.9377274151018355,-0.46827547810971737,-0.0005450254117022269,7899,0.10986101627349854,3e-05,0.08,0.51020348072052,,,,,,,,,,,,,,,,,,,,,,,,,,,,,,,,,,,,,
1.1446564123034477,257.0,5073920,5,6,5.301828384399414,1518,6,170,6,150,0.0018259626,0.0798095703125,0.7900873780425173,-0.4671581377275288,-0.0003269873293902492,7907,0.10283845663070679,3e-05,0.08,0.4536323547363281,,,,,,,,,,,,,,,,,,,,,,,,,,,,,,,,,,,,,
1.1446564123034477,,,,6,,1518,6,,,,0.0010773588,0.0642822265625,0.775946587632643,-0.4510608539450914,-0.0005679129986674525,7915,0.16080915927886963,3e-05,0.08,0.8093871474266052,,,,,,,,,0.7517492771148682,37.416666666666664,0.0078007905034407155,1925,0.5246310763888888,149,0.002013239370179328,0.0774025974025974,,,,,,,,,,,,,,,,,,,,,
,,,,,,,,,,,,,,,,,,,,,,,,,,,,,,,,,,,,,0,1.6710726081230598,70.09974607657293,5.517130336761475,4,1382400,0.94,247.16,,,,,,,,,,,,,
,,,,,,,,,,,,,,,,,,,,,,,,,,,,,,,,,,,,,1,2.8878066503417377,126.24988871282223,4.100940356850624,4,1382400,0.48,319.84,,,,,,,,,,,,,
,,,,,,,,,,,,,,,,,,,,,,,,,,,,,,,,,,,,,,,,,4,1382400,,,0.94,0.94,0,0.45999999999999996,1,0,0,217.8,0.48,0,0.0,0.94,6.0
1.1446564123034477,264.61,5079040,1,6,5.114644527435303,1518,0,1483,0,3,,,,,,,,,,,1,4,15,3e-05,11,0.011,440,1382400,,,,,,,,,,,,,,,,,,,,,,,,,,,,,
1.1446564123034477,270.27,5084160,2,6,4.97983455657959,1518,0,263,0,38,0.0007676318,0.0531005859375,0.8685895635659108,-0.45304635502398016,-0.0007183930923929438,7923,0.18994581699371338,3e-05,0.08,0.22792412340641022,,,,,,,,,,,,,,,,,,,,,,,,,,,,,,,,,,,,,
1.1446564123034477,277.22,5089280,3,6,4.818941116333008,1518,0,206,0,74,0.0013440753,0.0785888671875,1.0710456611239352,-0.45993573442101476,-0.0004708696709712967,7931,0.21720260381698608,3e-05,0.08,0.1553717404603958,,,,,,,,,,,,,,,,,,,,,,,,,,,,,,,,,,,,,
1.106957621872425,280.85,5094400,4,6,4.783267021179199,1524,6,191,6,106,0.0014596239,0.0837890625,0.7538519186200574,-0.4608390239067376,0.00028797308186767623,7939,0.33422940969467163,3e-05,0.08,0.05964577943086624,,,,,,,,,,,,,,,,,,,,,,,,,,,,,,,,,,,,,
1.106957621872425,280.39,5099520,5,6,4.7732696533203125,1524,0,181,0,141,0.0010329557,0.078076171875,0.932864007394528,-0.4575717253610492,-0.0005813268595375121,7947,0.34614408016204834,3e-05,0.08,0.2441209852695465,,,,,,,,,,,,,,,,,,,,,,,,,,,,,,,,,,,,,
1.106957621872425,,,,6,,1524,0,,,,0.0007827257,0.063623046875,0.9472096913144924,-0.4678115461952984,-0.0004782530901138671,7955,0.3044459819793701,3e-05,0.08,1.2023648023605347,,,,,,,,,0.7498786449432373,37.25,0.007759031142400997,1925,0.5239800347222222,152,0.001967154232684916,0.07896103896103897,,,,,,,,,,,,,,,,,,,,,
,,,,,,,,,,,,,,,,,,,,,,,,,,,,,,,,,,,,,0,1.9773886153797084,88.63504047497241,4.566104363501072,4,1408000,0.82,288.64,,,,,,,,,,,,,
,,,,,,,,,,,,,,,,,,,,,,,,,,,,,,,,,,,,,1,3.0205863706287124,131.00684676764035,4.041574824899435,4,1408000,0.45,322.31,,,,,,,,,,,,,
,,,,,,,,,,,,,,,,,,,,,,,,,,,,,,,,,,,,,,,,,4,1408000,,,0.82,0.82,0,0.36999999999999994,0,0,0,217.8,0.45,0,0.0,0.82,6.0
1.106957621872425,274.87,5104640,1,6,4.880166053771973,1524,0,1527,0,3,,,,,,,,,,,1,4,15,3e-05,11,0.011,440,1408000,,,,,,,,,,,,,,,,,,,,,,,,,,,,,
1.106957621872425,286.7,5109760,2,6,4.6135358810424805,1524,0,282,0,36,0.0009845069,0.0602294921875,1.0461538737872615,-0.4589113683439791,-0.0003053759064641781,7963,0.3662257194519043,3e-05,0.08,0.037905797362327576,,,,,,,,,,,,,,,,,,,,,,,,,,,,,,,,,,,,,
1.0724962304035823,293.65,5114880,3,6,4.409876346588135,1530,6,231,6,66,0.0015313497,0.0761474609375,1.1448244732571766,-0.4685239934362471,0.0002899830273236148,7971,0.4527410864830017,3e-05,0.08,0.47062984108924866,,,,,,,,,,,,,,,,,,,,,,,,,,,,,,,,,,,,,
1.0724962304035823,286.76,5120000,4,6,4.5863165855407715,1530,0,205,0,99,0.0012643968,0.0685302734375,0.94250603520195,-0.4825008351355791,-0.0003824854735285044,7979,0.5493545532226562,3e-05,0.08,0.14195959270000458,,,,,,,,,,,,,,,,,,,,,,,,,,,,,,,,,,,,,
1.0724962304035823,290.11,5125120,5,6,4.498396396636963,1530,0,193,0,132,0.0010849306,0.0644287109375,1.2210728094214574,-0.48383490089327097,-0.0006184272468090057,7987,0.3009900450706482,3e-05,0.08,0.3332273066043854,,,,,,,,,,,,,,,,,,,,,,,,,,,,,,,,,,,,,
1.0724962304035823,,,,6,,1530,0,,,,0.00082502904,0.0604736328125,1.0427150146919302,-0.4931545891799033,-0.0001237099728314206,7995,0.4780547022819519,3e-05,0.08,0.14691901206970215,,,,,,,,,0.750318169593811,37.166666666666664,0.0077294394192560295,1925,0.5236545138888888,152,0.0019560096315799427,0.07896103896103897,,,,,,,,,,,,,,,,,,,,,
,,,,,,,,,,,,,,,,,,,,,,,,,,,,,,,,,,,,,0,1.8144945384207851,80.46040703352178,5.035418700873851,4,1433600,0.88,269.27,,,,,,,,,,,,,
,,,,,,,,,,,,,,,,,,,,,,,,,,,,,,,,,,,,,1,3.1057516821892888,130.96070059372772,3.7341467478871344,4,1433600,0.4,333.57,,,,,,,,,,,,,
,,,,,,,,,,,,,,,,,,,,,,,,,,,,,,,,,,,,,,,,,4,1433600,,,0.88,0.88,0,0.48,0,0,0,217.8,0.4,0,0.0,0.88,6.0
1.014888733625412,284.28,5130240,1,6,4.595709323883057,1536,6,1508,6,3,,,,,,,,,,,1,4,15,3e-05,11,0.011,440,1433600,,,,,,,,,,,,,,,,,,,,,,,,,,,,,
1.014888733625412,277.34,5135360,2,6,4.7820329666137695,1536,0,258,0,39,0.0013485306,0.0589111328125,1.4523360252263955,-0.5146517065353692,-0.00023168856860138475,8003,0.24277204275131226,3e-05,0.08,1.447049617767334,,,,,,,,,,,,,,,,,,,,,,,,,,,,,,,,,,,,,
1.014888733625412,273.46,5140480,3,6,4.889427661895752,1536,0,202,0,75,0.0012051289,0.0750244140625,1.692782128683757,-0.49347054762765763,-0.0004660431179217994,8011,0.45925474166870117,3e-05,0.08,0.78172767162323,,,,,,,,,,,,,,,,,,,,,,,,,,,,,,,,,,,,,
1.014888733625412,266.59,5145600,4,6,5.075493812561035,1536,0,192,0,106,0.0013406682,0.0773193359375,0.8512281251663808,-0.48979328349232676,0.0002662585189682432,8019,0.33444637060165405,3e-05,0.08,0.4403466284275055,,,,,,,,,,,,,,,,,,,,,,,,,,,,,,,,,,,,,
1.1445964922507603,276.33,5150720,5,6,4.857748031616211,1542,6,177,6,143,0.0012309557,0.059912109375,0.8561009953846224,-0.49121992541477083,-0.0003764892971958034,8027,0.4682942032814026,3e-05,0.08,0.06480995565652847,,,,,,,,,,,,,,,,,,,,,,,,,,,,,,,,,,,,,
1.1445964922507603,,,,6,,1542,6,,,,0.0010191102,0.069873046875,0.7455292364233174,-0.47493367195129393,0.0002701932622585446,8035,0.4070051312446594,3e-05,0.08,0.1205654963850975,,,,,,,,,0.750318169593811,37.083333333333336,0.007770706266376738,1925,0.5233289930555555,151,0.001995035634930565,0.07844155844155844,,,,,,,,,,,,,,,,,,,,,
,,,,,,,,,,,,,,,,,,,,,,,,,,,,,,,,,,,,,0,2.052661389444836,87.44302373545874,5.068501983955502,4,1459200,0.87,267.24,,,,,,,,,,,,,
,,,,,,,,,,,,,,,,,,,,,,,,,,,,,,,,,,,,,1,2.9810967005828823,133.11188489387413,4.596078791618347,4,1459200,0.53,300.19,,,,,,,,,,,,,
,,,,,,,,,,,,,,,,,,,,,,,,,,,,,,,,,,,,,,,,,4,1459200,,,0.87,0.87,0,0.33999999999999997,0,0,0,217.8,0.53,0,0.0,0.87,6.0
1.1445964922507603,278.61,5155840,1,6,4.843893051147461,1542,0,1490,0,3,,,,,,,,,,,1,4,15,3e-05,11,0.011,440,1459200,,,,,,,,,,,,,,,,,,,,,,,,,,,,,
1.1445964922507603,280.9,5160960,2,6,4.822150707244873,1542,0,277,0,36,0.0014752799,0.0795166015625,0.9873091221379582,-0.4849518744274974,0.0002754679982899688,8043,0.37792521715164185,3e-05,0.08,0.0028462987393140793,,,,,,,,,,,,,,,,,,,,,,,,,,,,,,,,,,,,,
1.1445964922507603,277.14,5166080,3,6,4.9012017250061035,1542,0,226,0,67,0.0007493353,0.07861328125,0.9325768809299916,-0.47594933230429887,0.00020803699153475462,8051,0.4404333233833313,3e-05,0.08,0.6085790395736694,,,,,,,,,,,,,,,,,,,,,,,,,,,,,,,,,,,,,
1.1562661603093147,281.57,5171200,4,6,4.775017261505127,1548,6,197,6,103,0.0013062286,0.0672119140625,1.2556514266412706,-0.4920089548453689,0.0001721089458442293,8059,0.32862555980682373,3e-05,0.08,0.1711738556623459,,,,,,,,,,,,,,,,,,,,,,,,,,,,,,,,,,,,,
1.1562661603093147,284.06,5176320,5,6,4.7310285568237305,1548,0,189,0,135,0.0007451264,0.0524658203125,1.0989719296980183,-0.4690590458922088,-0.0002704038517549634,8067,0.402609646320343,3e-05,0.08,0.019763629883527756,,,,,,,,,,,,,,,,,,,,,,,,,,,,,,,,,,,,,
1.1562661603093147,,,,6,,1548,0,,,,0.00063602196,0.0615234375,0.8463438873091945,-0.482189335860312,-0.0002871968812542036,8075,0.3905726671218872,3e-05,0.08,0.20924705266952515,,,,,,,,,0.7484638690948486,37.083333333333336,0.007728795971345102,1925,0.5233289930555555,227,0.001954012439080555,0.11792207792207793,,,,,,,,,,,,,,,,,,,,,
,,,,,,,,,,,,,,,,,,,,,,,,,,,,,,,,,,,,,0,2.095869140270287,91.8519085267149,4.959168543219566,4,1484800,0.84,273.13,,,,,,,,,,,,,
,,,,,,,,,,,,,,,,,,,,,,,,,,,,,,,,,,,,,1,3.055470451832587,132.08121138148303,4.291522193402052,4,1484800,0.5,309.44,,,,,,,,,,,,,
,,,,,,,,,,,,,,,,,,,,,,,,,,,,,,,,,,,,,,,,,4,1484800,,,0.84,0.84,0,0.33999999999999997,0,0,0,217.8,0.5,0,0.0,0.84,6.0
1.1562661603093147,281.84,5181440,1,6,4.76243782043457,1548,0,1493,0,3,,,,,,,,,,,1,4,15,3e-05,11,0.011,440,1484800,,,,,,,,,,,,,,,,,,,,,,,,,,,,,
1.1562661603093147,281.2,5186560,2,6,4.777504920959473,1548,0,278,0,36,0.0010585755,0.0747314453125,1.0359142323955894,-0.4920896598137915,-5.629691004287452e-05,8083,0.41162949800491333,3e-05,0.08,0.4071473777294159,,,,,,,,,,,,,,,,,,,,,,,,,,,,,,,,,,,,,
1.068028839925925,285.97,5191680,3,6,4.644292831420898,1554,6,213,6,71,0.0012816491,0.0801513671875,1.150494675565278,-0.5065794345922768,-0.000233565219969023,8091,0.18827354907989502,3e-05,0.08,0.2908754348754883,,,,,,,,,,,,,,,,,,,,,,,,,,,,,,,,,,,,,
1.068028839925925,291.74,5196800,4,6,4.496181488037109,1554,0,193,0,105,0.0012775075,0.063330078125,0.9119443113915622,-0.5195871690288186,-8.641520107630641e-05,8099,0.3773144483566284,3e-05,0.08,1.740952968597412,,,,,,,,,,,,,,,,,,,,,,,,,,,,,,,,,,,,,
1.068028839925925,280.63,5201920,5,6,4.750322341918945,1554,0,183,0,139,0.0010003659,0.078662109375,0.8404369865718764,-0.4844517035409808,-0.0009530991199426353,8107,0.2634549140930176,3e-05,0.08,0.14306855201721191,,,,,,,,,,,,,,,,,,,,,,,,,,,,,,,,,,,,,
1.068028839925925,,,,6,,1554,0,,,,0.0012709023,0.0704833984375,1.1324706245679408,-0.4872034788131714,-0.00017214151157531887,8115,0.27901530265808105,3e-05,0.08,1.1898040771484375,,,,,,,,,0.747849702835083,36.916666666666664,0.007711821593739346,1925,0.5226779513888888,230,0.001942947357523553,0.11948051948051948,,,,,,,,,,,,,,,,,,,,,
,,,,,,,,,,,,,,,,,,,,,,,,,,,,,,,,,,,,,0,1.9583813356788597,89.6043391806446,5.125672119855881,4,1510400,0.84,268.32,,,,,,,,,,,,,
,,,,,,,,,,,,,,,,,,,,,,,,,,,,,,,,,,,,,1,2.8645482680376113,130.27905280589047,4.787991017103195,4,1510400,0.56,294.22,,,,,,,,,,,,,
,,,,,,,,,,,,,,,,,,,,,,,,,,,,,,,,,,,,,,,,,4,1510400,,,0.84,0.84,0,0.2799999999999999,0,0,0,217.8,0.56,0,0.0,0.84,6.0
1.068028839925925,268.08,5207040,1,6,5.027369976043701,1554,0,1490,0,3,,,,,,,,,,,1,4,15,3e-05,11,0.011,440,1510400,,,,,,,,,,,,,,,,,,,,,,,,,,,,,
1.1722616478800774,272.92,5212160,2,6,4.876138687133789,1560,6,243,6,42,0.0012733598,0.0793701171875,0.8519704273785464,-0.4799597426317632,-0.00026669487124308944,8123,0.10749655961990356,3e-05,0.08,0.4700334370136261,,,,,,,,,,,,,,,,,,,,,,,,,,,,,,,,,,,,,
1.1722616478800774,269.01,5217280,3,6,5.0520219802856445,1560,0,206,0,74,0.0007724909,0.08544921875,0.6869756967149442,-0.4729729353450239,0.00021758919610874726,8131,-0.05540359020233154,3e-05,0.08,5.431473255157471e-05,,,,,,,,,,,,,,,,,,,,,,,,,,,,,,,,,,,,,
1.1722616478800774,261.29,5222400,4,6,5.239094257354736,1560,0,187,0,109,0.0011292103,0.067138671875,0.9173495102848392,-0.4659995355643332,-0.00034519357141107323,8139,0.2972451448440552,3e-05,0.08,0.08977159112691879,,,,,,,,,,,,,,,,,,,,,,,,,,,,,,,,,,,,,
1.1722616478800774,258.52,5227520,5,6,5.332905292510986,1560,0,180,0,141,0.00074579904,0.058349609375,0.7619285894674249,-0.4700543825514615,-7.678096444578842e-05,8147,0.39917200803756714,3e-05,0.08,0.4849731922149658,,,,,,,,,,,,,,,,,,,,,,,,,,,,,,,,,,,,,
1.1722616478800774,,,,6,,1560,0,,,,0.0018119037,0.0814453125,1.1639272686385085,-0.4710202993825078,0.0006438671509386041,8155,0.3665948510169983,3e-05,0.08,0.18708322942256927,,,,,,,,,0.7473214268684387,36.833333333333336,0.007761076367124464,1925,0.5223524305555555,212,0.001974755704203749,0.11012987012987013,,,,,,,,,,,,,,,,,,,,,
,,,,,,,,,,,,,,,,,,,,,,,,,,,,,,,,,,,,,0,2.1586354650035853,95.66819952314351,4.833216435611248,4,1536000,0.79,279.66,,,,,,,,,,,,,
,,,,,,,,,,,,,,,,,,,,,,,,,,,,,,,,,,,,,1,3.0154269499412827,125.28547042654226,3.782928412258625,4,1536000,0.42,334.03,,,,,,,,,,,,,
,,,,,,,,,,,,,,,,,,,,,,,,,,,,,,,,,,,,,,,,,4,1536000,,,0.79,0.79,0,0.37000000000000005,0,0,0,217.8,0.42,0,0.0,0.79,6.0
1.211961733798186,264.45,5232640,1,6,5.160039901733398,1566,6,1484,6,3,,,,,,,,,,,1,4,15,3e-05,11,0.011,440,1536000,,,,,,,,,,,,,,,,,,,,,,,,,,,,,
1.211961733798186,265.48,5237760,2,6,5.154052734375,1566,0,282,0,36,0.0011254391,0.07197265625,0.7144582924258429,-0.44598046196624636,0.0003702907357364893,8163,0.2819059491157532,3e-05,0.08,0.007476737257093191,,,,,,,,,,,,,,,,,,,,,,,,,,,,,,,,,,,,,
1.211961733798186,261.93,5242880,3,6,5.219188690185547,1566,0,222,0,69,0.0016429533,0.076611328125,0.7965821772930213,-0.45661686537787316,0.0006544186268001795,8171,0.36384594440460205,3e-05,0.08,0.3328770697116852,,,,,,,,,,,,,,,,,,,,,,,,,,,,,,,,,,,,,
1.211961733798186,270.0,5248000,4,6,4.983916759490967,1566,0,193,0,105,0.0010699524,0.0680419921875,0.8130828834226123,-0.46054876390844585,-0.00029071525787003336,8179,0.25202476978302,3e-05,0.08,0.4922313094139099,,,,,,,,,,,,,,,,,,,,,,,,,,,,,,,,,,,,,
1.187508578101794,271.53,5253120,5,6,4.880068778991699,1572,6,183,6,139,0.0015097975,0.0968017578125,0.9464998043957167,-0.48358086636289954,0.000866201872122474,8187,0.49433720111846924,3e-05,0.08,0.09802208840847015,,,,,,,,,,,,,,,,,,,,,,,,,,,,,,,,,,,,,
1.187508578101794,,,,6,,1572,6,,,,0.00078307337,0.066259765625,0.9133745424915105,-0.45920116547495127,-0.0003838190124952234,8195,0.5960307717323303,3e-05,0.08,0.43780428171157837,,,,,,,,,0.7478688359260559,36.666666666666664,0.007748434414705211,1925,0.5211588541666666,228,0.001956064471451131,0.11844155844155844,,,,,,,,,,,,,,,,,,,,,
,,,,,,,,,,,,,,,,,,,,,,,,,,,,,,,,,,,,,0,2.3102828887983278,96.89451790478137,4.831892995983362,4,1561600,0.84,277.82,,,,,,,,,,,,,
,,,,,,,,,,,,,,,,,,,,,,,,,,,,,,,,,,,,,1,3.335084084410912,129.92927152878215,4.347040592432022,4,1561600,0.54,300.62,,,,,,,,,,,,,
,,,,,,,,,,,,,,,,,,,,,,,,,,,,,,,,,,,,,,,,,4,1561600,,,0.84,0.84,0,0.29999999999999993,0,0,0,217.8,0.54,0,0.0,0.84,6.0
1.187508578101794,273.64,5258240,1,6,4.835821628570557,1572,0,1459,0,3,,,,,,,,,,,1,4,15,3e-05,11,0.011,440,1561600,,,,,,,,,,,,,,,,,,,,,,,,,,,,,
1.187508578101794,278.57,5263360,2,6,4.746130466461182,1572,0,293,0,34,0.0011441779,0.0859130859375,1.1132966798497363,-0.4328398211859167,0.0006354744895361364,8203,0.5210012197494507,3e-05,0.08,0.36420363187789917,,,,,,,,,,,,,,,,,,,,,,,,,,,,,,,,,,,,,
1.187508578101794,276.29,5268480,3,6,4.779780387878418,1572,0,227,0,67,0.00093389937,0.0694091796875,1.1191504811285995,-0.4368645891547203,-0.0003268028769525699,8211,0.4516487717628479,3e-05,0.08,0.14907331764698029,,,,,,,,,,,,,,,,,,,,,,,,,,,,,,,,,,,,,
1.0720160976052284,279.94,5273600,4,6,4.737433910369873,1578,6,200,6,101,0.0010790932,0.051220703125,1.2395995695609598,-0.44481949070468546,-0.00022898191236890851,8219,0.31091928482055664,3e-05,0.08,1.4217002391815186,,,,,,,,,,,,,,,,,,,,,,,,,,,,,,,,,,,,,
1.0720160976052284,286.59,5278720,5,6,4.651385307312012,1578,0,182,0,140,0.0026166094,0.0985595703125,1.4091045326378662,-0.46157517852261665,0.0007488793547963723,8227,0.04457700252532959,3e-05,0.08,0.7988660335540771,,,,,,,,,,,,,,,,,,,,,,,,,,,,,,,,,,,,,
1.0720160976052284,,,,6,,1578,0,,,,0.001219182,0.0730224609375,0.6875289856339805,-0.4543064361438155,0.00011156928667332977,8235,0.2462238073348999,3e-05,0.08,0.6685607433319092,,,,,,,,,0.7475100755691528,36.75,0.007672475847231,1925,0.521484375,25,0.0019309836561160444,0.012987012987012988,,,,,,,,,,,,,,,,,,,,,
,,,,,,,,,,,,,,,,,,,,,,,,,,,,,,,,,,,,,0,2.204300499955885,90.21589882055159,4.825348073616624,4,1587200,0.84,276.46,,,,,,,,,,,,,
,,,,,,,,,,,,,,,,,,,,,,,,,,,,,,,,,,,,,1,2.90243342296071,128.16747286265732,4.200688490569592,4,1587200,0.48,317.83,,,,,,,,,,,,,
,,,,,,,,,,,,,,,,,,,,,,,,,,,,,,,,,,,,,,,,,4,1587200,,,0.84,0.84,0,0.36,0,0,0,217.8,0.48,0,0.0,0.84,6.0
1.0720160976052284,282.11,5283840,1,6,4.786184310913086,1578,0,1475,0,3,,,,,,,,,,,1,4,15,3e-05,11,0.011,440,1587200,,,,,,,,,,,,,,,,,,,,,,,,,,,,,
1.0720160976052284,281.47,5288960,2,6,4.829334259033203,1578,0,261,0,39,0.001978058,0.0910888671875,1.3823145724076311,-0.4761940064840019,-7.3823583079501985e-06,8243,0.10560595989227295,3e-05,0.08,0.04851926490664482,,,,,,,,,,,,,,,,,,,,,,,,,,,,,,,,,,,,,
1.087317240734895,282.94,5294080,3,6,4.815077781677246,1584,6,213,6,72,0.0011093993,0.0625244140625,0.8066552403935929,-0.4793944013305008,-0.0004580330292810686,8251,0.14125210046768188,3e-05,0.08,0.04611141234636307,,,,,,,,,,,,,,,,,,,,,,,,,,,,,,,,,,,,,
1.087317240734895,287.33,5299200,4,6,4.716178894042969,1584,0,199,0,102,0.0014542444,0.0861083984375,0.7783100024767918,-0.4532450832426548,0.0007513359858421608,8259,0.10034990310668945,3e-05,0.08,2.3052377700805664,,,,,,,,,,,,,,,,,,,,,,,,,,,,,,,,,,,,,
1.087317240734895,289.65,5304320,5,6,4.62771463394165,1584,0,186,0,137,0.0010195605,0.074853515625,0.6139788552245591,-0.4575945740565658,-0.00038095511554274707,8267,0.1934758424758911,3e-05,0.08,0.7272369265556335,,,,,,,,,,,,,,,,,,,,,,,,,,,,,,,,,,,,,
1.087317240734895,,,,6,,1584,0,,,,0.00096133386,0.0842041015625,0.9198555662791478,-0.49957704367116096,-2.9165399610064924e-05,8275,0.1131213903427124,3e-05,0.08,2.387010335922241,,,,,,,,,0.7461869120597839,36.666666666666664,0.00766840374770183,1925,0.5211588541666666,96,0.0019182907785849671,0.04987012987012987,,,,,,,,,,,,,,,,,,,,,
,,,,,,,,,,,,,,,,,,,,,,,,,,,,,,,,,,,,,0,2.0711687897709266,90.08976134944525,5.000716712847352,4,1612800,0.85,271.93,,,,,,,,,,,,,
,,,,,,,,,,,,,,,,,,,,,,,,,,,,,,,,,,,,,1,3.3213859345924943,127.46293578919324,4.10124833881855,4,1612800,0.5,313.8,,,,,,,,,,,,,
,,,,,,,,,,,,,,,,,,,,,,,,,,,,,,,,,,,,,,,,,4,1612800,,,0.85,0.85,0,0.35,0,0,0,217.8,0.5,0,0.0,0.85,6.0
1.087317240734895,291.44,5309440,1,6,4.540186405181885,1584,0,1455,0,3,,,,,,,,,,,1,4,15,3e-05,11,0.011,440,1612800,,,,,,,,,,,,,,,,,,,,,,,,,,,,,
1.1034578482309978,290.4,5314560,2,6,4.513839244842529,1590,6,242,6,42,0.0009110952,0.071630859375,0.9631961929320824,-0.44928186312317847,-0.00037101709458511325,8283,0.2980470061302185,3e-05,0.08,0.1308603286743164,,,,,,,,,,,,,,,,,,,,,,,,,,,,,,,,,,,,,
1.1034578482309978,288.71,5319680,3,6,4.546221733093262,1590,0,195,0,78,0.0014430529,0.0800048828125,0.9474127597015467,-0.4732931800652295,-0.0002610664538224228,8291,0.3457961678504944,3e-05,0.08,0.08373656868934631,,,,,,,,,,,,,,,,,,,,,,,,,,,,,,,,,,,,,
1.1034578482309978,272.97,5324800,4,6,4.892782688140869,1590,0,179,0,113,0.001189105,0.07041015625,0.8598868146058521,-0.4643356460146606,-0.0010797601324156858,8299,0.39326101541519165,3e-05,0.08,0.03876660391688347,,,,,,,,,,,,,,,,,,,,,,,,,,,,,,,,,,,,,
1.1034578482309978,276.88,5329920,5,6,4.793310165405273,1590,0,174,0,146,0.0010752697,0.064404296875,0.9716563255467918,-0.46495854258537295,-0.0006853183935163542,8307,0.4196426272392273,3e-05,0.08,0.19405335187911987,,,,,,,,,,,,,,,,,,,,,,,,,,,,,,,,,,,,,
1.1034578482309978,,,,6,,1590,0,,,,0.0013375543,0.0708251953125,0.9304019703355152,-0.4472248464822769,-0.0002926868837676011,8315,0.5164992809295654,3e-05,0.08,0.002933124080300331,,,,,,,,,0.7470187544822693,36.5,0.00769448821509976,1925,0.5205078125,98,0.0019363564337020781,0.05090909090909091,,,,,,,,,,,,,,,,,,,,,
,,,,,,,,,,,,,,,,,,,,,,,,,,,,,,,,,,,,,0,2.2267651573985434,92.41096471739704,5.178423427939415,4,1638400,0.84,263.56,,,,,,,,,,,,,
,,,,,,,,,,,,,,,,,,,,,,,,,,,,,,,,,,,,,1,3.0176073789335742,127.81150808906058,4.036158944219351,4,1638400,0.47,320.72,,,,,,,,,,,,,
,,,,,,,,,,,,,,,,,,,,,,,,,,,,,,,,,,,,,,,,,4,1638400,,,0.84,0.84,0,0.37,0,0,0,217.8,0.47,0,0.0,0.84,6.0
1.1404837345083554,268.06,5335040,1,6,4.99605655670166,1596,6,1495,6,3,,,,,,,,,,,1,4,15,3e-05,11,0.011,440,1638400,,,,,,,,,,,,,,,,,,,,,,,,,,,,,
1.1404837345083554,269.9,5340160,2,6,4.969925403594971,1596,0,266,0,38,0.0009802055,0.052099609375,1.2648851850361098,-0.44478750685229895,-0.0005311676097335294,8323,0.3483145833015442,3e-05,0.08,0.07648412138223648,,,,,,,,,,,,,,,,,,,,,,,,,,,,,,,,,,,,,
1.1404837345083554,265.09,5345280,3,6,5.111654281616211,1596,0,204,0,74,0.0015019836,0.0714111328125,1.1709646968869492,-0.4393965878523886,-0.0007095925655448809,8331,0.2191830277442932,3e-05,0.08,0.2582751214504242,,,,,,,,,,,,,,,,,,,,,,,,,,,,,,,,,,,,,
1.1404837345083554,275.44,5350400,4,6,4.817355155944824,1596,0,181,0,112,0.002094172,0.087451171875,0.9693287720816443,-0.44855729648843407,0.0005421428941190243,8339,0.19981545209884644,3e-05,0.08,0.6289722323417664,,,,,,,,,,,,,,,,,,,,,,,,,,,,,,,,,,,,,
1.1134897097945213,270.93,5355520,5,6,4.913692474365234,1602,6,179,6,142,0.000874228,0.074462890625,0.7591742081625853,-0.42462886152789,-6.538677553180605e-05,8347,-0.06662189960479736,3e-05,0.08,0.05375172942876816,,,,,,,,,,,,,,,,,,,,,,,,,,,,,,,,,,,,,
1.1134897097945213,,,,6,,1602,6,,,,0.000960057,0.06015625,1.0345248653495218,-0.4617457401007414,0.0002316091806278564,8355,0.21143889427185059,3e-05,0.08,0.3335206210613251,,,,,,,,,0.7458916306495667,36.333333333333336,0.007663281134514167,1925,0.5198567708333334,230,0.0018936407030226278,0.11948051948051948,,,,,,,,,,,,,,,,,,,,,
,,,,,,,,,,,,,,,,,,,,,,,,,,,,,,,,,,,,,0,2.228827271698762,86.95448464570416,5.034605553150177,4,1664000,0.87,266.24,,,,,,,,,,,,,
,,,,,,,,,,,,,,,,,,,,,,,,,,,,,,,,,,,,,1,2.9895311285814645,129.63671702106623,4.257093627750874,4,1664000,0.5,312.04,,,,,,,,,,,,,
,,,,,,,,,,,,,,,,,,,,,,,,,,,,,,,,,,,,,,,,,4,1664000,,,0.87,0.87,0,0.37,0,0,0,217.8,0.5,0,0.0,0.87,6.0
1.1134897097945213,270.5,5360640,1,6,4.889224529266357,1602,0,1494,0,3,,,,,,,,,,,1,4,15,3e-05,11,0.011,440,1664000,,,,,,,,,,,,,,,,,,,,,,,,,,,,,
1.1134897097945213,267.65,5365760,2,6,4.928287982940674,1602,0,269,0,38,0.0007097196,0.050244140625,0.888457772450056,-0.4559843215160072,-0.0006761122698662802,8363,0.2514249086380005,3e-05,0.08,0.04536505043506622,,,,,,,,,,,,,,,,,,,,,,,,,,,,,,,,,,,,,
1.1462003563841183,268.71,5370880,3,6,4.879117012023926,1608,6,212,6,72,0.0011785151,0.068798828125,0.9228348388103769,-0.4704660026356578,0.00043554259318625557,8371,0.3649774193763733,3e-05,0.08,0.09689062833786011,,,,,,,,,,,,,,,,,,,,,,,,,,,,,,,,,,,,,
1.1462003563841183,270.07,5376000,4,6,4.887803554534912,1608,0,192,0,106,0.0010930196,0.0807861328125,0.7685113722342066,-0.45295365517958996,0.0005740009786677547,8379,0.425226092338562,3e-05,0.08,0.23241044580936432,,,,,,,,,,,,,,,,,,,,,,,,,,,,,,,,,,,,,
1.1462003563841183,270.08,5381120,5,6,4.9870076179504395,1608,0,188,0,135,0.0011985048,0.08173828125,0.7818308710528072,-0.43014275073073804,0.00013893113064114004,8387,0.3825416564941406,3e-05,0.08,0.8773036599159241,,,,,,,,,,,,,,,,,,,,,,,,,,,,,,,,,,,,,
1.1462003563841183,,,,6,,1608,0,,,,0.0010199158,0.0673095703125,0.9596436946245376,-0.4387553366832435,6.9246292696334425e-06,8395,0.48330938816070557,3e-05,0.08,0.44358423352241516,,,,,,,,,0.7463815212249756,36.333333333333336,0.007723286046594663,1925,0.5198567708333334,226,0.0019518950221429833,0.1174025974025974,,,,,,,,,,,,,,,,,,,,,
,,,,,,,,,,,,,,,,,,,,,,,,,,,,,,,,,,,,,0,2.1072584114087745,87.15843275323392,5.254374942034483,4,1689600,0.9,258.74,,,,,,,,,,,,,
,,,,,,,,,,,,,,,,,,,,,,,,,,,,,,,,,,,,,1,3.1728526435484157,132.19178340577753,4.33787322461605,4,1689600,0.51,306.18,,,,,,,,,,,,,
,,,,,,,,,,,,,,,,,,,,,,,,,,,,,,,,,,,,,,,,,4,1689600,,,0.9,0.9,0,0.39,0,0,0,217.8,0.51,0,0.0,0.9,6.0
1.1462003563841183,267.18,5386240,1,6,5.108704566955566,1608,0,1490,0,3,,,,,,,,,,,1,4,15,3e-05,11,0.011,440,1689600,,,,,,,,,,,,,,,,,,,,,,,,,,,,,
1.1825215791662533,272.99,5391360,2,6,4.9801435470581055,1614,6,264,6,38,0.0016364197,0.0778076171875,1.0460654233698734,-0.4524362971074879,0.0002215630083810538,8403,0.39529192447662354,3e-05,0.08,0.8189995288848877,,,,,,,,,,,,,,,,,,,,,,,,,,,,,,,,,,,,,
1.1825215791662533,275.85,5396480,3,6,4.92639684677124,1614,0,218,0,70,0.0009863522,0.0675048828125,1.0069373337028082,-0.42931300988420845,-0.00036204634088790046,8411,0.29635733366012573,3e-05,0.08,0.19343316555023193,,,,,,,,,,,,,,,,,,,,,,,,,,,,,,,,,,,,,
1.1825215791662533,273.89,5401600,4,6,4.917417526245117,1614,0,199,0,102,0.0011045333,0.0611328125,1.1746417288319209,-0.4607413881458342,-0.00034334769734414297,8419,0.25844037532806396,3e-05,0.08,0.046623438596725464,,,,,,,,,,,,,,,,,,,,,,,,,,,,,,,,,,,,,
1.1825215791662533,271.88,5406720,5,6,4.962164402008057,1614,0,188,0,136,0.0010647454,0.0598388671875,1.2057350579765624,-0.4370100571773946,-0.00032247735653072595,8427,0.37756597995758057,3e-05,0.08,0.024924680590629578,,,,,,,,,,,,,,,,,,,,,,,,,,,,,,,,,,,,,
1.1825215791662533,,,,6,,1614,0,,,,0.0010237133,0.0816650390625,1.461562739830697,-0.4424764532595873,0.00043554652656894175,8435,0.32954561710357666,3e-05,0.08,0.06024499982595444,,,,,,,,,0.7459877729415894,36.333333333333336,0.007661159683228121,1925,0.5198567708333334,101,0.0019195609242029202,0.05246753246753247,,,,,,,,,,,,,,,,,,,,,
,,,,,,,,,,,,,,,,,,,,,,,,,,,,,,,,,,,,,0,1.8367605873125603,78.37718800773602,5.251800640821457,4,1715200,0.91,258.58,,,,,,,,,,,,,
,,,,,,,,,,,,,,,,,,,,,,,,,,,,,,,,,,,,,1,3.356895471681359,129.90576392139036,4.304760555401445,4,1715200,0.52,305.65,,,,,,,,,,,,,
,,,,,,,,,,,,,,,,,,,,,,,,,,,,,,,,,,,,,,,,,4,1715200,,,0.91,0.91,0,0.39,0,0,0,217.8,0.52,0,0.0,0.91,6.0
1.1158843661348026,268.46,5411840,1,6,5.038707256317139,1620,6,1517,6,3,,,,,,,,,,,1,4,15,3e-05,11,0.011,440,1715200,,,,,,,,,,,,,,,,,,,,,,,,,,,,,
1.1158843661348026,273.11,5416960,2,6,4.908509731292725,1620,0,249,0,41,0.0014765284,0.0801025390625,1.1669871669553686,-0.44190972107462584,0.0009309253247920424,8443,0.17179125547409058,3e-05,0.08,0.10731633007526398,,,,,,,,,,,,,,,,,,,,,,,,,,,,,,,,,,,,,
1.1158843661348026,275.61,5422080,3,6,4.867726802825928,1620,0,204,0,74,0.0011650238,0.0769287109375,0.6212770251469919,-0.44051270838826895,-6.391420756699518e-05,8451,0.12886297702789307,3e-05,0.08,0.39165645837783813,,,,,,,,,,,,,,,,,,,,,,,,,,,,,,,,,,,,,
1.1158843661348026,273.44,5427200,4,6,4.965038299560547,1620,0,189,0,108,0.00082157255,0.0667236328125,0.8285195573946111,-0.43010800778865815,-0.00010958119382848963,8459,0.2639574408531189,3e-05,0.08,0.8096418380737305,,,,,,,,,,,,,,,,,,,,,,,,,,,,,,,,,,,,,
1.1737471198042233,262.38,5432320,5,6,5.200489044189453,1626,6,177,6,144,0.0010125169,0.0562744140625,0.8760737408345449,-0.4304105146788061,-0.00042639398452593014,8467,0.2912672162055969,3e-05,0.08,0.19672319293022156,,,,,,,,,,,,,,,,,,,,,,,,,,,,,,,,,,,,,
1.1737471198042233,,,,6,,1626,6,,,,0.0010105248,0.062060546875,1.0109339386952343,-0.4386897275224328,-0.0006530029000714421,8475,0.3050820231437683,3e-05,0.08,1.3067899942398071,,,,,,,,,0.7435863018035889,36.166666666666664,0.007686437510320867,1925,0.5192057291666666,232,0.0019216664279215266,0.12051948051948053,,,,,,,,,,,,,,,,,,,,,
,,,,,,,,,,,,,,,,,,,,,,,,,,,,,,,,,,,,,0,1.9433813195988208,76.42452158829653,5.245392835959792,4,1740800,0.94,256.55,,,,,,,,,,,,,
,,,,,,,,,,,,,,,,,,,,,,,,,,,,,,,,,,,,,1,3.0399424119078184,127.7841758591415,4.384426774978638,4,1740800,0.53,306.62,,,,,,,,,,,,,
,,,,,,,,,,,,,,,,,,,,,,,,,,,,,,,,,,,,,,,,,4,1740800,,,0.94,0.94,0,0.4099999999999999,1,0,0,217.8,0.53,0,0.0,0.94,6.0
1.1737471198042233,273.14,5437440,1,6,4.923593521118164,1626,0,1448,0,3,,,,,,,,,,,1,4,15,3e-05,11,0.011,440,1740800,,,,,,,,,,,,,,,,,,,,,,,,,,,,,
1.1737471198042233,275.57,5442560,2,6,4.8635735511779785,1626,0,250,0,40,0.0015919475,0.0673095703125,1.2728661785426083,-0.4538680411875248,-0.0002560724242357537,8483,0.27432864904403687,3e-05,0.08,0.4520344138145447,,,,,,,,,,,,,,,,,,,,,,,,,,,,,,,,,,,,,
1.1737471198042233,272.17,5447680,3,6,4.9195756912231445,1626,0,213,0,71,0.00075819984,0.0536865234375,0.9542035422753543,-0.435318699805066,-0.00013147649297025056,8491,0.24708813428878784,3e-05,0.08,0.2131047546863556,,,,,,,,,,,,,,,,,,,,,,,,,,,,,,,,,,,,,
1.1232922027508419,265.67,5452800,4,6,5.0054612159729,1632,6,194,6,105,0.0009370072,0.06220703125,1.1620819715317339,-0.4492210680618882,-0.00045492667122744025,8499,0.10572600364685059,3e-05,0.08,0.058259740471839905,,,,,,,,,,,,,,,,,,,,,,,,,,,,,,,,,,,,,
1.1232922027508419,272.41,5457920,5,6,4.8352885246276855,1632,0,174,0,146,0.0011064678,0.0673095703125,1.0793742197041865,-0.4642961132340133,-1.3087237311992794e-05,8507,0.16924560070037842,3e-05,0.08,0.054566897451877594,,,,,,,,,,,,,,,,,,,,,,,,,,,,,,,,,,,,,
1.1232922027508419,,,,6,,1632,0,,,,0.0009972304,0.07373046875,0.9468982620135649,-0.45768115650862456,0.00012379687832435592,8515,0.2103196382522583,3e-05,0.08,0.0724341943860054,,,,,,,,,0.7429037094116211,36.083333333333336,0.007638448147688013,1925,0.5188802083333334,232,0.0018925881204618466,0.12051948051948053,,,,,,,,,,,,,,,,,,,,,
,,,,,,,,,,,,,,,,,,,,,,,,,,,,,,,,,,,,,0,1.9202094256016848,86.89791424424409,5.127560742795468,4,1766400,0.85,267.45,,,,,,,,,,,,,
,,,,,,,,,,,,,,,,,,,,,,,,,,,,,,,,,,,,,1,3.616990404704974,133.07691422632251,4.296623425185681,4,1766400,0.52,302.57,,,,,,,,,,,,,
,,,,,,,,,,,,,,,,,,,,,,,,,,,,,,,,,,,,,,,,,4,1766400,,,0.85,0.85,0,0.32999999999999996,0,0,0,217.8,0.52,0,0.0,0.85,6.0
1.1232922027508419,270.91,5463040,1,6,4.862116813659668,1632,0,1467,0,3,,,,,,,,,,,1,4,15,3e-05,11,0.011,440,1766400,,,,,,,,,,,,,,,,,,,,,,,,,,,,,
1.1232922027508419,267.52,5468160,2,6,4.986538887023926,1632,0,254,0,40,0.0027618923,0.0876953125,1.1376246799132788,-0.4668137948960066,0.0002419240918243304,8523,0.20170027017593384,3e-05,0.08,0.0677332654595375,,,,,,,,,,,,,,,,,,,,,,,,,,,,,,,,,,,,,
1.1065263748168945,259.42,5473280,3,6,5.1864213943481445,1638,6,207,6,74,0.0007895714,0.062353515625,1.1043559607962379,-0.4722265822812915,-9.244155226042494e-05,8531,0.12479853630065918,3e-05,0.08,0.6030009984970093,,,,,,,,,,,,,,,,,,,,,,,,,,,,,,,,,,,,,
1.1065263748168945,264.97,5478400,4,6,5.079663276672363,1638,0,185,0,110,0.0012259079,0.0639892578125,0.922049163657357,-0.46140758879482746,-0.0005759744235547259,8539,0.12260890007019043,3e-05,0.08,0.37534070014953613,,,,,,,,,,,,,,,,,,,,,,,,,,,,,,,,,,,,,
1.1065263748168945,268.05,5483520,5,6,5.05781364440918,1638,0,176,0,144,0.0007867055,0.05947265625,0.9035237637610407,-0.4395530835725367,-0.00045765806280542167,8547,0.21669727563858032,3e-05,0.08,0.43061554431915283,,,,,,,,,,,,,,,,,,,,,,,,,,,,,,,,,,,,,
1.1065263748168945,,,,6,,1638,0,,,,0.0008507272,0.0606201171875,0.7832977281330387,-0.46501347683370114,5.8183261717204e-05,8555,0.22673636674880981,3e-05,0.08,0.19434189796447754,,,,,,,,,0.742132306098938,36.0,0.007640395139990603,1925,0.5185546875,234,0.0018840735972769317,0.12155844155844156,,,,,,,,,,,,,,,,,,,,,
,,,,,,,,,,,,,,,,,,,,,,,,,,,,,,,,,,,,,0,2.0825522223356456,90.66490555887653,4.961334763169289,4,1792000,0.84,272.93,,,,,,,,,,,,,
,,,,,,,,,,,,,,,,,,,,,,,,,,,,,,,,,,,,,1,3.107585643057096,130.57305388172554,4.29457587659359,4,1792000,0.51,307.76,,,,,,,,,,,,,
,,,,,,,,,,,,,,,,,,,,,,,,,,,,,,,,,,,,,,,,,4,1792000,,,0.84,0.84,0,0.32999999999999996,0,0,0,217.8,0.51,0,0.0,0.84,6.0
1.1065263748168945,263.67,5488640,1,6,5.121264457702637,1638,0,1426,0,3,,,,,,,,,,,1,4,15,3e-05,11,0.011,440,1792000,,,,,,,,,,,,,,,,,,,,,,,,,,,,,
1.108463282386462,262.17,5493760,2,6,5.107789039611816,1644,6,263,6,38,0.0010178445,0.06962890625,1.1220654949138407,-0.46602335199713707,1.5217615873552858e-05,8563,0.2661624550819397,3e-05,0.08,1.5436558723449707,,,,,,,,,,,,,,,,,,,,,,,,,,,,,,,,,,,,,
1.108463282386462,270.73,5498880,3,6,4.916276454925537,1644,0,212,0,72,0.0010842195,0.0647705078125,1.1701244498894083,-0.45351850911974906,-8.698541641933843e-05,8571,0.3176543116569519,3e-05,0.08,0.3687748610973358,,,,,,,,,,,,,,,,,,,,,,,,,,,,,,,,,,,,,
1.108463282386462,270.27,5504000,4,6,4.891332626342773,1644,0,187,0,109,0.00162758,0.0678955078125,1.1378226735570933,-0.4596525081433356,-0.0005805107386549935,8579,0.1818690299987793,3e-05,0.08,0.018909640610218048,,,,,,,,,,,,,,,,,,,,,,,,,,,,,,,,,,,,,
1.108463282386462,266.48,5509120,5,6,4.9788923263549805,1644,0,179,0,142,0.0015908905,0.08603515625,1.099356028377224,-0.4369254079647362,-1.4624781033489854e-05,8587,0.21677392721176147,3e-05,0.08,0.08460607379674911,,,,,,,,,,,,,,,,,,,,,,,,,,,,,,,,,,,,,
1.108463282386462,,,,6,,1644,0,,,,0.00097380654,0.072607421875,0.8712577623082325,-0.4438227930106223,0.0009508842456853017,8595,0.06625008583068848,3e-05,0.08,0.08312679827213287,,,,,,,,,0.7404924631118774,35.916666666666664,0.007645473363641418,1925,0.5176866319444445,233,0.0018860716751401276,0.12103896103896104,,,,,,,,,,,,,,,,,,,,,
,,,,,,,,,,,,,,,,,,,,,,,,,,,,,,,,,,,,,0,2.218745967199023,90.3743741333792,5.1039790672063825,4,1817600,0.87,263.55,,,,,,,,,,,,,
,,,,,,,,,,,,,,,,,,,,,,,,,,,,,,,,,,,,,1,3.438438415050985,128.1643238190722,3.9856496811658144,4,1817600,0.48,317.81,,,,,,,,,,,,,
,,,,,,,,,,,,,,,,,,,,,,,,,,,,,,,,,,,,,,,,,4,1817600,,,0.87,0.87,0,0.39,0,0,0,217.8,0.48,0,0.0,0.87,6.0
1.1475132256746292,268.89,5514240,1,6,4.931056976318359,1650,6,1454,6,3,,,,,,,,,,,1,4,15,3e-05,11,0.011,440,1817600,,,,,,,,,,,,,,,,,,,,,,,,,,,,,
1.1475132256746292,269.03,5519360,2,6,4.94901704788208,1650,0,302,0,33,0.0013758717,0.0677001953125,0.8511248768947552,-0.43710760176181795,-0.00015701132797403262,8603,0.18145751953125,3e-05,0.08,0.053249675780534744,,,,,,,,,,,,,,,,,,,,,,,,,,,,,,,,,,,,,
1.1475132256746292,264.07,5524480,3,6,5.069161891937256,1650,0,212,0,72,0.001655204,0.0664794921875,1.1983219732850556,-0.4354784809052944,0.0005205837107496337,8611,0.22622573375701904,3e-05,0.08,0.8274523019790649,,,,,,,,,,,,,,,,,,,,,,,,,,,,,,,,,,,,,
1.1475132256746292,264.19,5529600,4,6,5.094152927398682,1650,0,186,0,109,0.0012031805,0.0784423828125,0.9383150714231305,-0.4336554788984358,-0.00030242701759561894,8619,0.2028328776359558,3e-05,0.08,0.665590763092041,,,,,,,,,,,,,,,,,,,,,,,,,,,,,,,,,,,,,
1.1909100835522015,260.55,5534720,5,6,5.1742072105407715,1656,6,177,6,144,0.0011734108,0.0589111328125,0.8633714062074432,-0.40013336059637367,0.0001969002012629062,8627,0.19655615091323853,3e-05,0.08,0.07099347561597824,,,,,,,,,,,,,,,,,,,,,,,,,,,,,,,,,,,,,
1.1909100835522015,,,,6,,1656,6,,,,0.0010289832,0.0645263671875,0.9316080270742532,-0.4324996775947511,3.543571219779551e-05,8635,0.3010866045951843,3e-05,0.08,0.1144990399479866,,,,,,,,,0.7377336025238037,35.833333333333336,0.007645149285609638,1925,0.5173611111111112,103,0.0018789262250925147,0.05350649350649351,,,,,,,,,,,,,,,,,,,,,
,,,,,,,,,,,,,,,,,,,,,,,,,,,,,,,,,,,,,0,2.053974782989316,85.47819838999884,5.073280947040766,4,1843200,0.89,265.76,,,,,,,,,,,,,
,,,,,,,,,,,,,,,,,,,,,,,,,,,,,,,,,,,,,1,3.3440874700535215,127.13772492851993,3.7767997840046883,4,1843200,0.44,328.83,,,,,,,,,,,,,
,,,,,,,,,,,,,,,,,,,,,,,,,,,,,,,,,,,,,,,,,4,1843200,,,0.89,0.89,0,0.45,0,0,0,217.8,0.44,0,0.0,0.89,6.0
1.1909100835522015,251.34,5539840,1,6,5.390113353729248,1656,0,1511,0,3,,,,,,,,,,,1,4,15,3e-05,11,0.011,440,1843200,,,,,,,,,,,,,,,,,,,,,,,,,,,,,
1.1909100835522015,254.25,5544960,2,6,5.366023063659668,1656,0,250,0,40,0.0013038317,0.0618896484375,1.0324549370619933,-0.4186358420643955,-2.173588436562568e-05,8643,0.2912904620170593,3e-05,0.08,0.4534035325050354,,,,,,,,,,,,,,,,,,,,,,,,,,,,,,,,,,,,,
1.1909100835522015,260.94,5550080,3,6,5.167304515838623,1656,0,202,0,75,0.0011572508,0.069482421875,0.7920220599815366,-0.4371008292771876,-2.947488101199269e-05,8651,0.4158923625946045,3e-05,0.08,0.9186081290245056,,,,,,,,,,,,,,,,,,,,,,,,,,,,,,,,,,,,,
1.2165822312235832,263.89,5555200,4,6,5.097909450531006,1662,6,185,6,110,0.0006503028,0.0550537109375,1.1556849891145249,-0.4381004486232996,0.0003188578964909539,8659,0.45715880393981934,3e-05,0.08,0.7891603708267212,,,,,,,,,,,,,,,,,,,,,,,,,,,,,,,,,,,,,
1.2165822312235832,272.74,5560320,5,6,4.931755542755127,1662,0,179,0,142,0.001132111,0.0677001953125,1.1519848941941746,-0.4295381560921669,0.00030287501285783944,8667,0.4520033597946167,3e-05,0.08,1.2506794929504395,,,,,,,,,,,,,,,,,,,,,,,,,,,,,,,,,,,,,
1.2165822312235832,,,,6,,1662,0,,,,0.0011976074,0.06044921875,1.1949066697154194,-0.4221488577313721,-2.1815982472617178e-05,8675,0.38621950149536133,3e-05,0.08,0.4298650920391083,,,,,,,,,0.7374988198280334,35.666666666666664,0.007628698489499976,1925,0.5167100694444445,233,0.0018684407278704235,0.12103896103896104,,,,,,,,,,,,,,,,,,,,,
,,,,,,,,,,,,,,,,,,,,,,,,,,,,,,,,,,,,,0,2.0772951653713014,87.7946074653791,5.239817600399256,4,1868800,0.89,259.63,,,,,,,,,,,,,
,,,,,,,,,,,,,,,,,,,,,,,,,,,,,,,,,,,,,1,3.1639507828412854,130.92462564391772,4.266387668401003,4,1868800,0.51,307.68,,,,,,,,,,,,,
,,,,,,,,,,,,,,,,,,,,,,,,,,,,,,,,,,,,,,,,,4,1868800,,,0.89,0.89,0,0.38,0,0,0,217.8,0.51,0,0.0,0.89,6.0
1.2165822312235832,278.61,5565440,1,6,4.81023645401001,1662,0,1545,0,3,,,,,,,,,,,1,4,15,3e-05,11,0.011,440,1868800,,,,,,,,,,,,,,,,,,,,,,,,,,,,,
1.2165822312235832,271.54,5570560,2,6,4.917170524597168,1662,0,249,0,41,0.0016113285,0.073193359375,1.5036318438505987,-0.4346618917770684,-0.00011673037661239505,8683,0.16598272323608398,3e-05,0.08,0.8589595556259155,,,,,,,,,,,,,,,,,,,,,,,,,,,,,,,,,,,,,
1.1360283220807712,280.77,5575680,3,6,4.698547840118408,1668,6,198,6,77,0.001168956,0.072216796875,0.8077763905195752,-0.4248472330160439,-0.0003498612000839785,8691,0.08793187141418457,3e-05,0.08,0.22462166845798492,,,,,,,,,,,,,,,,,,,,,,,,,,,,,,,,,,,,,
1.1360283220807712,280.25,5580800,4,6,4.694189071655273,1668,0,187,0,109,0.00092527905,0.069189453125,0.9056376434571576,-0.4552624740637839,0.0001028115424560383,8699,0.2086876630783081,3e-05,0.08,0.12563061714172363,,,,,,,,,,,,,,,,,,,,,,,,,,,,,,,,,,,,,
1.1360283220807712,275.29,5585920,5,6,4.770882606506348,1668,0,178,0,143,0.0013007554,0.0698486328125,0.9598467466537841,-0.4310326408594847,0.00028240912943147125,8707,0.22252297401428223,3e-05,0.08,0.2663089632987976,,,,,,,,,,,,,,,,,,,,,,,,,,,,,,,,,,,,,
1.1360283220807712,,,,6,,1668,0,,,,0.0006959592,0.046826171875,1.0944590794446412,-0.432101687323302,-0.0007646667654626071,8715,0.2568744421005249,3e-05,0.08,0.06765025109052658,,,,,,,,,0.7362257838249207,35.5,0.007609067848691819,1925,0.5160590277777778,235,0.0018580374409826817,0.12207792207792208,,,,,,,,,,,,,,,,,,,,,
,,,,,,,,,,,,,,,,,,,,,,,,,,,,,,,,,,,,,0,2.0564695137476487,82.08049402872768,5.296064985692501,4,1894400,0.93,255.75,,,,,,,,,,,,,
,,,,,,,,,,,,,,,,,,,,,,,,,,,,,,,,,,,,,1,3.6856824979499896,131.00538118718634,3.8322810173034667,4,1894400,0.47,317.49,,,,,,,,,,,,,
,,,,,,,,,,,,,,,,,,,,,,,,,,,,,,,,,,,,,,,,,4,1894400,,,0.93,0.93,0,0.4600000000000001,1,0,0,217.8,0.47,0,0.0,0.93,6.0
1.1467525735497475,269.78,5591040,1,6,4.853964328765869,1674,6,1467,6,3,,,,,,,,,,,1,4,15,3e-05,11,0.011,440,1894400,,,,,,,,,,,,,,,,,,,,,,,,,,,,,
1.1467525735497475,269.9,5596160,2,6,4.875103950500488,1674,0,259,0,39,0.000985319,0.0637451171875,1.122758630051976,-0.4535253562964499,-0.00033346631389576944,8723,0.216438889503479,3e-05,0.08,0.9230719804763794,,,,,,,,,,,,,,,,,,,,,,,,,,,,,,,,,,,,,
1.1467525735497475,261.03,5601280,3,6,5.107789516448975,1674,0,197,0,77,0.0011598906,0.07177734375,0.8093315572186839,-0.44747680965811015,-0.0006748857937054709,8731,0.28377091884613037,3e-05,0.08,0.00074809230864048,,,,,,,,,,,,,,,,,,,,,,,,,,,,,,,,,,,,,
1.1467525735497475,253.0,5606400,4,6,5.2870564460754395,1674,0,172,0,118,0.00079382164,0.0500732421875,0.7737411567912205,-0.43714818740263583,-0.0003018533388967626,8739,0.39518851041793823,3e-05,0.08,0.3372422456741333,,,,,,,,,,,,,,,,,,,,,,,,,,,,,,,,,,,,,
1.1817772413293521,251.61,5611520,5,6,5.37186336517334,1680,6,165,6,154,0.0008656209,0.071533203125,1.278404838842107,-0.4638348944485188,-0.0007944527678773738,8747,0.38511520624160767,3e-05,0.08,0.7746637463569641,,,,,,,,,,,,,,,,,,,,,,,,,,,,,,,,,,,,,
1.1817772413293521,,,,6,,1680,6,,,,0.0011211821,0.0786865234375,0.825266234917217,-0.4458562720566988,-0.0001908490085043013,8755,0.42307335138320923,3e-05,0.08,0.6025676727294922,,,,,,,,,0.7360602021217346,35.416666666666664,0.007648055396802751,1925,0.5151909722222222,234,0.0018900725246439518,0.12155844155844156,,,,,,,,,,,,,,,,,,,,,
,,,,,,,,,,,,,,,,,,,,,,,,,,,,,,,,,,,,,0,2.0592920943090434,86.32871770158526,5.436709471493959,4,1920000,0.9,251.55,,,,,,,,,,,,,
,,,,,,,,,,,,,,,,,,,,,,,,,,,,,,,,,,,,,1,3.0327286561117557,129.16233971247192,4.071421097517014,4,1920000,0.48,318.7,,,,,,,,,,,,,
,,,,,,,,,,,,,,,,,,,,,,,,,,,,,,,,,,,,,,,,,4,1920000,,,0.9,0.9,0,0.42000000000000004,0,0,0,217.8,0.48,0,0.0,0.9,6.0
1.1817772413293521,257.43,5616640,1,6,5.247875213623047,1680,0,1422,0,3,,,,,,,,,,,1,4,15,3e-05,11,0.011,440,1920000,,,,,,,,,,,,,,,,,,,,,,,,,,,,,
1.1817772413293521,261.03,5621760,2,6,5.161565780639648,1680,0,286,0,35,0.000851778,0.0755615234375,0.9393786492291838,-0.4349401890300214,0.0005872914036444854,8763,0.5109751224517822,3e-05,0.08,0.5799535512924194,,,,,,,,,,,,,,,,,,,,,,,,,,,,,,,,,,,,,
1.1817772413293521,262.83,5626880,3,6,5.088484764099121,1680,0,213,0,71,0.0007104372,0.04658203125,1.2707298806926701,-0.4560016178525984,-0.0006627969021792523,8771,0.49796533584594727,3e-05,0.08,0.5593319535255432,,,,,,,,,,,,,,,,,,,,,,,,,,,,,,,,,,,,,
1.1403179839253426,268.3,5632000,4,6,4.979468822479248,1686,6,189,6,107,0.0014248451,0.0727294921875,1.1777366887487006,-0.44857854121364654,0.0004191347339656204,8779,0.1392732858657837,3e-05,0.08,0.047401852905750275,,,,,,,,,,,,,,,,,,,,,,,,,,,,,,,,,,,,,
1.1403179839253426,272.22,5637120,5,6,4.902238845825195,1686,0,181,0,140,0.0009040609,0.0560791015625,1.078035472292686,-0.44841284831054506,-0.0005800243467092514,8787,0.3983917832374573,3e-05,0.08,0.5067350268363953,,,,,,,,,,,,,,,,,,,,,,,,,,,,,,,,,,,,,
1.1403179839253426,,,,6,,1686,0,,,,0.0011576307,0.07197265625,1.36443244619295,-0.46488456064835193,-0.0005027534469263628,8795,0.12595820426940918,3e-05,0.08,0.58949214220047,,,,,,,,,0.7345913052558899,35.416666666666664,0.007595739467294069,1925,0.5151909722222222,230,0.0018757989887303547,0.11948051948051948,,,,,,,,,,,,,,,,,,,,,
,,,,,,,,,,,,,,,,,,,,,,,,,,,,,,,,,,,,,0,2.031081279142058,87.84943710690467,4.968329651355743,4,1945600,0.86,271.58,,,,,,,,,,,,,
,,,,,,,,,,,,,,,,,,,,,,,,,,,,,,,,,,,,,1,3.011880749848864,127.26572633666929,3.8987630781531335,4,1945600,0.45,325.93,,,,,,,,,,,,,
,,,,,,,,,,,,,,,,,,,,,,,,,,,,,,,,,,,,,,,,,4,1945600,,,0.86,0.86,0,0.41,0,0,0,217.8,0.45,0,0.0,0.86,6.0
1.1403179839253426,264.16,5642240,1,6,5.110688209533691,1686,0,1482,0,3,,,,,,,,,,,1,4,15,3e-05,11,0.011,440,1945600,,,,,,,,,,,,,,,,,,,,,,,,,,,,,
1.1403179839253426,267.34,5647360,2,6,5.028996467590332,1686,0,259,0,39,0.00073231343,0.0634521484375,0.8360581136599649,-0.46605763491243124,-0.0005022973535233177,8803,0.3141553997993469,3e-05,0.08,0.1622506082057953,,,,,,,,,,,,,,,,,,,,,,,,,,,,,,,,,,,,,
1.178342267870903,263.94,5652480,3,6,5.148291110992432,1692,6,210,6,72,0.001084789,0.0608642578125,0.7405975184490672,-0.43988303788937627,-0.0003028435865417123,8811,0.18455862998962402,3e-05,0.08,0.011170418001711369,,,,,,,,,,,,,,,,,,,,,,,,,,,,,,,,,,,,,
1.178342267870903,257.77,5657600,4,6,5.301313400268555,1692,0,188,0,108,0.001066997,0.0698486328125,0.7969217875332106,-0.4595973022282124,-0.00035153128555975854,8819,0.3783339858055115,3e-05,0.08,0.30022159218788147,,,,,,,,,,,,,,,,,,,,,,,,,,,,,,,,,,,,,
1.178342267870903,258.74,5662720,5,6,5.226303577423096,1692,0,175,0,145,0.0018941455,0.0680908203125,1.171228579079616,-0.452041654009372,-0.0002781403512926772,8827,0.32864654064178467,3e-05,0.08,3.0076451301574707,,,,,,,,,,,,,,,,,,,,,,,,,,,,,,,,,,,,,
1.178342267870903,,,,6,,1692,0,,,,0.001145733,0.08505859375,1.0324923371488695,-0.45587974609807136,0.0007710429432336241,8835,0.15391230583190918,3e-05,0.08,0.5302076935768127,,,,,,,,,0.7336359024047852,35.416666666666664,0.007591451835349684,1925,0.5151909722222222,101,0.0018789398582816652,0.05246753246753247,,,,,,,,,,,,,,,,,,,,,
,,,,,,,,,,,,,,,,,,,,,,,,,,,,,,,,,,,,,0,2.0620650335145227,85.52642340236144,4.852419414818287,4,1971200,0.88,272.97,,,,,,,,,,,,,
,,,,,,,,,,,,,,,,,,,,,,,,,,,,,,,,,,,,,1,3.05182543701246,129.7697561067293,4.132178510427475,4,1971200,0.48,316.52,,,,,,,,,,,,,
,,,,,,,,,,,,,,,,,,,,,,,,,,,,,,,,,,,,,,,,,4,1971200,,,0.88,0.88,0,0.4,0,0,0,217.8,0.48,0,0.0,0.88,6.0
1.178342267870903,264.12,5667840,1,6,5.071031093597412,1692,0,1459,0,3,,,,,,,,,,,1,4,15,3e-05,11,0.011,440,1971200,,,,,,,,,,,,,,,,,,,,,,,,,,,,,
1.1627205312252045,267.4,5672960,2,6,5.012509346008301,1698,6,271,6,37,0.0014131339,0.0773681640625,1.0811872445628978,-0.4725740457884967,-0.0003603651304729283,8843,0.19522637128829956,3e-05,0.08,0.011446265503764153,,,,,,,,,,,,,,,,,,,,,,,,,,,,,,,,,,,,,
1.1627205312252045,267.25,5678080,3,6,5.010411739349365,1698,0,211,0,72,0.0009471468,0.061181640625,0.9672980861156247,-0.4658941110596061,-0.0003347172838402912,8851,0.2580517530441284,3e-05,0.08,0.3486563265323639,,,,,,,,,,,,,,,,,,,,,,,,,,,,,,,,,,,,,
1.1627205312252045,274.09,5683200,4,6,4.832374095916748,1698,0,193,0,105,0.0011075286,0.0842529296875,0.9855230268440209,-0.47853955142199994,0.0011266131768934429,8859,0.3651595711708069,3e-05,0.08,0.7553436756134033,,,,,,,,,,,,,,,,,,,,,,,,,,,,,,,,,,,,,
1.1627205312252045,280.8,5688320,5,6,4.640618324279785,1698,0,183,0,139,0.00086798426,0.0642822265625,1.0090110226359683,-0.48451096275821326,-0.0012579953137901612,8867,0.5101809501647949,3e-05,0.08,0.24243281781673431,,,,,,,,,,,,,,,,,,,,,,,,,,,,,,,,,,,,,
1.1627205312252045,,,,6,,1698,0,,,,0.0016606537,0.100830078125,1.3332058777246858,-0.5146147259511054,0.001187453257443849,8875,0.46109962463378906,3e-05,0.08,2.116363048553467,,,,,,,,,0.7339528203010559,35.5,0.007569099248466661,1925,0.5155164930555555,100,0.0018661754156631604,0.05194805194805195,,,,,,,,,,,,,,,,,,,,,
,,,,,,,,,,,,,,,,,,,,,,,,,,,,,,,,,,,,,0,1.8427713640582433,76.31795070623949,5.212874078154564,4,1996800,0.91,258.48,,,,,,,,,,,,,
,,,,,,,,,,,,,,,,,,,,,,,,,,,,,,,,,,,,,1,3.0517578704152646,131.97420050903887,4.405360510498285,4,1996800,0.51,306.52,,,,,,,,,,,,,
,,,,,,,,,,,,,,,,,,,,,,,,,,,,,,,,,,,,,,,,,4,1996800,,,0.91,0.91,0,0.4,0,0,0,217.8,0.51,0,0.0,0.91,6.0
1.1174560810128848,274.7,5693440,1,6,4.774412631988525,1704,6,1491,6,3,,,,,,,,,,,1,4,15,3e-05,11,0.011,440,1996800,,,,,,,,,,,,,,,,,,,,,,,,,,,,,
1.1174560810128848,265.74,5698560,2,6,5.032970428466797,1704,0,258,0,39,0.0017173432,0.0892822265625,1.315893539378885,-0.47320988588035107,0.000991542631527409,8883,0.3126118779182434,3e-05,0.08,0.014213752001523972,,,,,,,,,,,,,,,,,,,,,,,,,,,,,,,,,,,,,
1.1174560810128848,265.0,5703680,3,6,5.059711933135986,1704,0,199,0,77,0.0013793185,0.0853515625,1.3175257754104677,-0.46067892769351604,-0.0006577951280632988,8891,0.29193115234375,3e-05,0.08,0.05279018357396126,,,,,,,,,,,,,,,,,,,,,,,,,,,,,,,,,,,,,
1.1174560810128848,256.71,5708800,4,6,5.285254955291748,1704,0,177,0,115,0.0014359293,0.076611328125,0.7207461267447798,-0.45079161012545227,0.00034697381779551505,8899,0.4297639727592468,3e-05,0.08,0.3058968186378479,,,,,,,,,,,,,,,,,,,,,,,,,,,,,,,,,,,,,
1.2467603782812755,252.35,5713920,5,6,5.436728477478027,1710,6,170,6,149,0.00095840904,0.0664794921875,0.7130816324788611,-0.43331480734050276,-0.0008915381928090938,8907,0.45617353916168213,3e-05,0.08,0.4888502359390259,,,,,,,,,,,,,,,,,,,,,,,,,,,,,,,,,,,,,
1.2467603782812755,,,,6,,1710,6,,,,0.000642213,0.0688232421875,0.7089752739411779,-0.44047350427135823,-0.00024764635454630477,8915,0.37964147329330444,3e-05,0.08,0.22521556913852692,,,,,,,,,0.7311235070228577,35.416666666666664,0.0076417886341503365,1925,0.5151909722222222,23,0.0019215592147333298,0.011948051948051949,,,,,,,,,,,,,,,,,,,,,
,,,,,,,,,,,,,,,,,,,,,,,,,,,,,,,,,,,,,0,2.2264585162905384,99.33557469507085,5.158433340191841,4,2022400,0.81,266.94,,,,,,,,,,,,,
,,,,,,,,,,,,,,,,,,,,,,,,,,,,,,,,,,,,,1,3.0127855378588944,129.40830730675677,3.9566951840370894,4,2022400,0.45,323.9,,,,,,,,,,,,,
,,,,,,,,,,,,,,,,,,,,,,,,,,,,,,,,,,,,,,,,,4,2022400,,,0.81,0.81,0,0.36000000000000004,0,0,0,217.8,0.45,0,0.0,0.81,6.0
1.2467603782812755,260.66,5719040,1,6,5.224445343017578,1710,0,1517,0,3,,,,,,,,,,,1,4,15,3e-05,11,0.011,440,2022400,,,,,,,,,,,,,,,,,,,,,,,,,,,,,
1.2467603782812755,260.87,5724160,2,6,5.203367710113525,1710,0,265,0,38,0.0010124913,0.067919921875,1.0445167541562115,-0.43573461277410386,-0.00019249667966505512,8923,0.44889795780181885,3e-05,0.08,0.10485175251960754,,,,,,,,,,,,,,,,,,,,,,,,,,,,,,,,,,,,,
1.2467603782812755,268.62,5729280,3,6,5.020263671875,1710,0,206,0,74,0.0011198012,0.0634765625,1.0215484865009785,-0.4607988638803363,0.00027258688933216033,8931,0.5417715311050415,3e-05,0.08,0.5096388459205627,,,,,,,,,,,,,,,,,,,,,,,,,,,,,,,,,,,,,
1.2160076946020126,274.35,5734400,4,6,4.85370397567749,1716,6,188,6,108,0.0016321732,0.07978515625,1.0159334079071414,-0.46979139000177383,0.0004362199004390277,8939,0.44511914253234863,3e-05,0.08,0.17124812304973602,,,,,,,,,,,,,,,,,,,,,,,,,,,,,,,,,,,,,
1.2160076946020126,269.05,5739520,5,6,4.968783378601074,1716,0,177,0,144,0.0010386759,0.06279296875,0.783382381964475,-0.47297955602407454,-2.968589687952772e-05,8947,0.646346926689148,3e-05,0.08,0.02170601114630699,,,,,,,,,,,,,,,,,,,,,,,,,,,,,,,,,,,,,
1.2160076946020126,,,,6,,1716,0,,,,0.00068934413,0.055810546875,0.7691487887808762,-0.45250339778140186,-0.00035539428645279256,8955,0.5127190351486206,3e-05,0.08,0.04334012046456337,,,,,,,,,0.7317783236503601,35.333333333333336,0.00764457519924116,1925,0.5148654513888888,77,0.0019190193228106362,0.04,,,,,,,,,,,,,,,,,,,,,
,,,,,,,,,,,,,,,,,,,,,,,,,,,,,,,,,,,,,0,2.142440010408484,86.64321958468533,5.040351425409317,4,2048000,0.9,265.55,,,,,,,,,,,,,
,,,,,,,,,,,,,,,,,,,,,,,,,,,,,,,,,,,,,1,3.252935081866972,129.7496709051703,4.474036153554916,4,2048000,0.56,296.23,,,,,,,,,,,,,
,,,,,,,,,,,,,,,,,,,,,,,,,,,,,,,,,,,,,,,,,4,2048000,,,0.9,0.9,0,0.33999999999999997,0,0,0,217.8,0.56,0,0.0,0.9,6.0
1.2160076946020126,267.93,5744640,1,6,4.997126579284668,1716,0,1491,0,3,,,,,,,,,,,1,4,15,3e-05,11,0.011,440,2048000,,,,,,,,,,,,,,,,,,,,,,,,,,,,,
1.2160076946020126,278.25,5749760,2,6,4.711829662322998,1716,0,284,0,36,0.00089535175,0.0752685546875,0.9322519031760749,-0.43329244847409426,0.00012997281446587295,8963,0.6322438716888428,3e-05,0.08,0.2737167775630951,,,,,,,,,,,,,,,,,,,,,,,,,,,,,,,,,,,,,
1.173781377573808,275.17,5754880,3,6,4.773777008056641,1722,6,229,6,66,0.0011309499,0.085400390625,1.0035371591104194,-0.46313397446647286,0.00047334217670140787,8971,0.6880291700363159,3e-05,0.08,0.09545458853244781,,,,,,,,,,,,,,,,,,,,,,,,,,,,,,,,,,,,,
1.173781377573808,273.81,5760000,4,6,4.844892501831055,1722,0,199,0,102,0.0014837433,0.0933837890625,1.4603649422351737,-0.4476040627807379,0.0005209736351389438,8979,0.5682765245437622,3e-05,0.08,1.577561616897583,,,,,,,,,,,,,,,,,,,,,,,,,,,,,,,,,,,,,
1.173781377573808,272.47,5765120,5,6,4.87222146987915,1722,0,184,0,138,0.001419918,0.0765869140625,0.9262568947291584,-0.4523651179391891,0.00020968708558939398,8987,0.6946905851364136,3e-05,0.08,0.3777782917022705,,,,,,,,,,,,,,,,,,,,,,,,,,,,,,,,,,,,,
1.173781377573808,,,,6,,1722,0,,,,0.00096650573,0.0619140625,0.7370919218519703,-0.44693066403269766,-0.0007554024865385145,8995,0.49075788259506226,3e-05,0.08,0.6329516768455505,,,,,,,,,0.7331210970878601,35.25,0.0076206322355850805,1925,0.5139973958333334,201,0.0018972344612193748,0.10441558441558442,,,,,,,,,,,,,,,,,,,,,
,,,,,,,,,,,,,,,,,,,,,,,,,,,,,,,,,,,,,0,2.103281364187149,89.30454579695258,5.179025240838528,4,2073600,0.88,262.59,,,,,,,,,,,,,
,,,,,,,,,,,,,,,,,,,,,,,,,,,,,,,,,,,,,1,3.1116260640648608,128.93071744157788,4.501608176231384,4,2073600,0.55,298.51,,,,,,,,,,,,,
,,,,,,,,,,,,,,,,,,,,,,,,,,,,,,,,,,,,,,,,,4,2073600,,,0.88,0.88,0,0.32999999999999996,0,0,0,217.8,0.55,0,0.0,0.88,6.0
1.173781377573808,267.14,5770240,1,6,5.015544891357422,1722,0,1543,0,3,,,,,,,,,,,1,4,15,3e-05,11,0.011,440,2073600,,,,,,,,,,,,,,,,,,,,,,,,,,,,,
1.2516845042506854,262.15,5775360,2,6,5.203753471374512,1728,6,259,6,39,0.0011549946,0.0757568359375,0.7395980434783269,-0.45206191800534723,-0.0006587143754586578,9003,0.6286296844482422,3e-05,0.08,0.4094982147216797,,,,,,,,,,,,,,,,,,,,,,,,,,,,,,,,,,,,,
1.2516845042506854,263.82,5780480,3,6,5.174924373626709,1728,0,207,0,74,0.0009115804,0.0649658203125,1.2880846929212566,-0.4497688873670995,-0.00020863972167717293,9011,0.6374239921569824,3e-05,0.08,0.041693419218063354,,,,,,,,,,,,,,,,,,,,,,,,,,,,,,,,,,,,,
1.2516845042506854,268.77,5785600,4,6,5.016462802886963,1728,0,190,0,107,0.0015280169,0.060791015625,1.1088849711290094,-0.46597798699513077,0.0005360568451578729,9019,0.6325424313545227,3e-05,0.08,0.013795221224427223,,,,,,,,,,,,,,,,,,,,,,,,,,,,,,,,,,,,,
1.2516845042506854,280.52,5790720,5,6,4.740788459777832,1728,0,183,0,139,0.001070271,0.0822998046875,1.1772174455225468,-0.4687145658768713,0.0003169533738400787,9027,0.6015387773513794,3e-05,0.08,0.15361011028289795,,,,,,,,,,,,,,,,,,,,,,,,,,,,,,,,,,,,,
1.2516845042506854,,,,6,,1728,0,,,,0.0010739986,0.0798095703125,1.0103120840387418,-0.44790235683321955,0.0010944581488729454,9035,0.6145521402359009,3e-05,0.08,0.020958364009857178,,,,,,,,,0.7337349653244019,35.25,0.007584248657019448,1925,0.5139973958333334,33,0.0018824213063445754,0.017142857142857144,,,,,,,,,,,,,,,,,,,,,
,,,,,,,,,,,,,,,,,,,,,,,,,,,,,,,,,,,,,0,1.862608209259144,77.44596761613867,5.3454950877837835,4,2099200,0.92,253.89,,,,,,,,,,,,,
,,,,,,,,,,,,,,,,,,,,,,,,,,,,,,,,,,,,,1,2.975599140216357,130.270356950459,4.306910171806813,4,2099200,0.5,311.21,,,,,,,,,,,,,
,,,,,,,,,,,,,,,,,,,,,,,,,,,,,,,,,,,,,,,,,4,2099200,,,0.92,0.92,0,0.42000000000000004,0,0,0,217.8,0.5,0,0.0,0.92,6.0
1.1686272323131561,276.23,5795840,1,6,4.860962390899658,1734,6,1478,6,3,,,,,,,,,,,1,4,15,3e-05,11,0.011,440,2099200,,,,,,,,,,,,,,,,,,,,,,,,,,,,,
1.1686272323131561,270.64,5800960,2,6,4.980440139770508,1734,0,243,0,42,0.0016607351,0.0966796875,1.7596394319203683,-0.4533123635686934,-9.317831281805412e-05,9043,-0.23334145545959473,3e-05,0.08,1.1439508199691772,,,,,,,,,,,,,,,,,,,,,,,,,,,,,,,,,,,,,
1.1686272323131561,275.24,5806080,3,6,4.886813163757324,1734,0,202,0,75,0.0014792327,0.06611328125,0.9980077815707773,-0.454252397082746,-0.00017804759554564952,9051,0.09394806623458862,3e-05,0.08,0.3393441140651703,,,,,,,,,,,,,,,,,,,,,,,,,,,,,,,,,,,,,
1.1527636498212814,270.02,5811200,4,6,5.006677150726318,1740,6,186,6,109,0.0009040072,0.0658203125,0.8620882394810906,-0.4474873229861259,-6.042490713298321e-06,9059,0.12712472677230835,3e-05,0.08,0.24242058396339417,,,,,,,,,,,,,,,,,,,,,,,,,,,,,,,,,,,,,
1.1527636498212814,280.18,5816320,5,6,4.824010848999023,1740,0,180,0,141,0.0011743386,0.0662109375,0.8723211577627807,-0.4178039628081024,-0.00013039052864769474,9067,0.30331891775131226,3e-05,0.08,0.04255353659391403,,,,,,,,,,,,,,,,,,,,,,,,,,,,,,,,,,,,,
1.1527636498212814,,,,6,,1740,0,,,,0.0009705387,0.0703125,0.7144987479725387,-0.42683144472539425,0.00024108805300784297,9075,0.29886341094970703,3e-05,0.08,0.13056711852550507,,,,,,,,,0.7316481471061707,35.333333333333336,0.007563911574773312,1925,0.5143229166666666,28,0.001898313662840578,0.014545454545454545,,,,,,,,,,,,,,,,,,,,,
,,,,,,,,,,,,,,,,,,,,,,,,,,,,,,,,,,,,,0,2.2693736224239083,86.51428263587464,4.630619645416736,4,2124800,0.9,278.17,,,,,,,,,,,,,
,,,,,,,,,,,,,,,,,,,,,,,,,,,,,,,,,,,,,1,2.8521385090517435,123.46870494177865,4.918048226386309,4,2124800,0.63,281.67,,,,,,,,,,,,,
,,,,,,,,,,,,,,,,,,,,,,,,,,,,,,,,,,,,,,,,,4,2124800,,,0.9,0.9,0,0.27,0,0,0,217.8,0.63,0,0.0,0.9,6.0
1.1527636498212814,271.1,5821440,1,6,5.020772933959961,1740,0,1489,0,3,,,,,,,,,,,1,4,15,3e-05,11,0.011,440,2124800,,,,,,,,,,,,,,,,,,,,,,,,,,,,,
1.1527636498212814,279.3,5826560,2,6,4.825044631958008,1740,0,255,0,40,0.0012136685,0.083935546875,1.2695260078820865,-0.4510532391257584,-0.0003856868512229994,9083,0.07855772972106934,3e-05,0.08,0.4882825016975403,,,,,,,,,,,,,,,,,,,,,,,,,,,,,,,,,,,,,
1.1243455881873767,278.63,5831680,3,6,4.830481052398682,1746,6,206,6,74,0.001301296,0.075732421875,0.8928357599303126,-0.4498984321020544,-0.000805355396005325,9091,0.1177130937576294,3e-05,0.08,0.34194451570510864,,,,,,,,,,,,,,,,,,,,,,,,,,,,,,,,,,,,,
1.1243455881873767,276.56,5836800,4,6,4.84226131439209,1746,0,190,0,107,0.0009916757,0.0765869140625,1.002350576769095,-0.4396417419426143,-0.0001651278173085302,9099,0.22588258981704712,3e-05,0.08,0.1465391367673874,,,,,,,,,,,,,,,,,,,,,,,,,,,,,,,,,,,,,
1.1243455881873767,258.63,5841920,5,6,5.212557315826416,1746,0,180,0,142,0.0009994287,0.0794921875,0.9783657816529739,-0.45838128151372076,-0.00024154304555850102,9107,0.35259926319122314,3e-05,0.08,0.05735468119382858,,,,,,,,,,,,,,,,,,,,,,,,,,,,,,,,,,,,,
1.1243455881873767,,,,6,,1746,0,,,,0.0010590327,0.0738525390625,0.7997278051421745,-0.4554405297152698,-0.0003656026005046442,9115,0.3429444432258606,3e-05,0.08,0.029782140627503395,,,,,,,,,0.7304215431213379,35.25,0.007573919752030721,1925,0.5139973958333334,26,0.0018839630112895244,0.013506493506493506,,,,,,,,,,,,,,,,,,,,,
,,,,,,,,,,,,,,,,,,,,,,,,,,,,,,,,,,,,,0,2.2132934390751813,91.41672932237293,4.512404347881675,4,2150400,0.85,288.04,,,,,,,,,,,,,
,,,,,,,,,,,,,,,,,,,,,,,,,,,,,,,,,,,,,1,3.284370660593237,130.0467958082782,4.858208971526474,4,2150400,0.6,281.97,,,,,,,,,,,,,
,,,,,,,,,,,,,,,,,,,,,,,,,,,,,,,,,,,,,,,,,4,2150400,,,0.85,0.85,0,0.25,0,0,0,217.8,0.6,0,0.0,0.85,6.0
1.1243455881873767,263.12,5847040,1,6,5.116244316101074,1746,0,1439,0,3,,,,,,,,,,,1,4,15,3e-05,11,0.011,440,2150400,,,,,,,,,,,,,,,,,,,,,,,,,,,,,
1.2028913150231044,262.43,5852160,2,6,5.097620487213135,1752,6,268,6,38,0.00095675496,0.052685546875,0.8715751338284463,-0.4616046846844256,-0.0006122981198132038,9123,0.47354620695114136,3e-05,0.08,0.8093426823616028,,,,,,,,,,,,,,,,,,,,,,,,,,,,,,,,,,,,,
1.2028913150231044,256.75,5857280,3,6,5.2636613845825195,1752,0,210,0,72,0.0012330393,0.0702392578125,0.8580307220632676,-0.462379783578217,-4.647769383154809e-05,9131,0.45861560106277466,3e-05,0.08,0.5021887421607971,,,,,,,,,,,,,,,,,,,,,,,,,,,,,,,,,,,,,
1.2028913150231044,263.82,5862400,4,6,5.150296688079834,1752,0,191,0,106,0.000933008,0.055224609375,0.8903506965201814,-0.450532466173172,-9.84818470897153e-05,9139,0.4069858193397522,3e-05,0.08,0.15863971412181854,,,,,,,,,,,,,,,,,,,,,,,,,,,,,,,,,,,,,
1.2028913150231044,271.31,5867520,5,6,4.96208381652832,1752,0,183,0,139,0.0012393981,0.0813720703125,0.8523270788282389,-0.47303832434117793,-1.3875574222765862e-05,9147,0.4112277030944824,3e-05,0.08,0.31588292121887207,,,,,,,,,,,,,,,,,,,,,,,,,,,,,,,,,,,,,
1.2028913150231044,,,,6,,1752,0,,,,0.0016807262,0.085107421875,1.0064553380303551,-0.4701292040757835,0.000201352676958777,9155,0.36300796270370483,3e-05,0.08,0.7060288190841675,,,,,,,,,0.7276301980018616,35.166666666666664,0.007564058959554303,1925,0.513671875,26,0.001865202956278288,0.013506493506493506,,,,,,,,,,,,,,,,,,,,,
,,,,,,,,,,,,,,,,,,,,,,,,,,,,,,,,,,,,,0,2.0419678090895035,86.32803194791364,5.271895169727504,4,2176000,0.89,258.53,,,,,,,,,,,,,
,,,,,,,,,,,,,,,,,,,,,,,,,,,,,,,,,,,,,1,3.9190529466221937,128.91900713238525,3.9566629853844644,4,2176000,0.52,307.36,,,,,,,,,,,,,
,,,,,,,,,,,,,,,,,,,,,,,,,,,,,,,,,,,,,,,,,4,2176000,,,0.89,0.89,0,0.37,0,0,0,217.8,0.52,0,0.0,0.89,6.0
1.1564114068945248,264.51,5872640,1,6,5.118928909301758,1758,6,1512,6,3,,,,,,,,,,,1,4,15,3e-05,11,0.011,440,2176000,,,,,,,,,,,,,,,,,,,,,,,,,,,,,
1.1564114068945248,260.75,5877760,2,6,5.207325458526611,1758,0,244,0,41,0.0011888848,0.0759765625,1.1611071413994067,-0.47119823219254614,0.00015911082446109503,9163,0.259419322013855,3e-05,0.08,1.681654930114746,,,,,,,,,,,,,,,,,,,,,,,,,,,,,,,,,,,,,
1.1564114068945248,266.77,5882880,3,6,5.054477691650391,1758,0,202,0,75,0.0011934943,0.0669189453125,0.8532911596237682,-0.4457687433809042,-0.00048557778936810794,9171,0.17589706182479858,3e-05,0.08,0.16767103970050812,,,,,,,,,,,,,,,,,,,,,,,,,,,,,,,,,,,,,
1.1564114068945248,273.33,5888000,4,6,4.837071418762207,1758,0,191,0,107,0.0010814925,0.0751708984375,0.7629984085448086,-0.4591077698394656,0.0002380786740104668,9179,0.4574381113052368,3e-05,0.08,0.18160374462604523,,,,,,,,,,,,,,,,,,,,,,,,,,,,,,,,,,,,,
1.1612407490611076,264.1,5893120,5,6,5.049370288848877,1764,6,180,6,142,0.0011837496,0.0587646484375,1.247610845573945,-0.4694928522221744,-0.000313194451155141,9187,0.4628000259399414,3e-05,0.08,2.1226718425750732,,,,,,,,,,,,,,,,,,,,,,,,,,,,,,,,,,,,,
1.1612407490611076,,,,6,,1764,6,,,,0.0011968417,0.0759765625,1.1579554819109035,-0.49431838216260077,0.00010515996546018868,9195,0.4616178274154663,3e-05,0.08,0.9126015901565552,,,,,,,,,0.72660893201828,35.083333333333336,0.00756438357605918,1925,0.5133463541666666,41,0.0018603484303809656,0.0212987012987013,,,,,,,,,,,,,,,,,,,,,
,,,,,,,,,,,,,,,,,,,,,,,,,,,,,,,,,,,,,0,2.155245308731147,93.9416840385566,5.085638000369072,4,2201600,0.84,268.0,,,,,,,,,,,,,
,,,,,,,,,,,,,,,,,,,,,,,,,,,,,,,,,,,,,1,2.786444934804544,124.15705537745328,5.098599964529276,4,2201600,0.64,276.84,,,,,,,,,,,,,
,,,,,,,,,,,,,,,,,,,,,,,,,,,,,,,,,,,,,,,,,4,2201600,,,0.84,0.84,0,0.19999999999999996,0,0,0,217.8,0.64,0,0.0,0.84,6.0
1.1612407490611076,264.38,5898240,1,6,5.044126033782959,1764,0,1465,0,3,,,,,,,,,,,1,4,15,3e-05,11,0.011,440,2201600,,,,,,,,,,,,,,,,,,,,,,,,,,,,,
1.1612407490611076,270.88,5903360,2,6,4.918560981750488,1764,0,315,0,32,0.0017362935,0.0817626953125,0.9750568236224353,-0.4783357915468514,-6.8762397859245535e-06,9203,0.5599944591522217,3e-05,0.08,0.11534975469112396,,,,,,,,,,,,,,,,,,,,,,,,,,,,,,,,,,,,,
1.1612407490611076,268.05,5908480,3,6,5.000778675079346,1764,0,225,0,68,0.00083648006,0.0624267578125,0.8112727047526278,-0.4713297141715884,0.0002614483062643558,9211,0.6133413314819336,3e-05,0.08,0.333457887172699,,,,,,,,,,,,,,,,,,,,,,,,,,,,,,,,,,,,,
1.222141794860363,256.56,5913600,4,6,5.271994113922119,1770,6,196,6,104,0.0013273881,0.0827880859375,0.9779578792979009,-0.46002555955201385,-0.0007128716330043972,9219,0.4798122048377991,3e-05,0.08,0.011356528848409653,,,,,,,,,,,,,,,,,,,,,,,,,,,,,,,,,,,,,
1.222141794860363,264.29,5918720,5,6,5.097811222076416,1770,0,183,0,139,0.0007698414,0.06943359375,1.2632679030648433,-0.4466466121375561,-0.00032406937098130586,9227,0.5837736129760742,3e-05,0.08,1.1949328184127808,,,,,,,,,,,,,,,,,,,,,,,,,,,,,,,,,,,,,
1.222141794860363,,,,6,,1770,0,,,,0.0010045668,0.066455078125,1.482617393543478,-0.46822013724595307,-0.0005225490414886736,9235,0.47895199060440063,3e-05,0.08,0.02542187087237835,,,,,,,,,0.7273170948028564,34.916666666666664,0.007585657941702089,1925,0.5126953125,70,0.001872644328256356,0.03636363636363636,,,,,,,,,,,,,,,,,,,,,
,,,,,,,,,,,,,,,,,,,,,,,,,,,,,,,,,,,,,0,2.381045820071537,89.85950144531184,4.813922480493784,4,2227200,0.84,275.1,,,,,,,,,,,,,
,,,,,,,,,,,,,,,,,,,,,,,,,,,,,,,,,,,,,1,2.979911591675946,129.8698806498258,4.40248731136322,4,2227200,0.52,306.29,,,,,,,,,,,,,
,,,,,,,,,,,,,,,,,,,,,,,,,,,,,,,,,,,,,,,,,4,2227200,,,0.84,0.84,0,0.31999999999999995,0,0,0,217.8,0.52,0,0.0,0.84,6.0
1.222141794860363,260.65,5923840,1,6,5.158870697021484,1770,0,1487,0,3,,,,,,,,,,,1,4,15,3e-05,11,0.011,440,2227200,,,,,,,,,,,,,,,,,,,,,,,,,,,,,
1.222141794860363,255.78,5928960,2,6,5.3006792068481445,1770,0,290,0,35,0.0013569441,0.070947265625,1.0224659245519434,-0.44796145558357237,-0.00012403883738443255,9243,0.5293452739715576,3e-05,0.08,0.6337891817092896,,,,,,,,,,,,,,,,,,,,,,,,,,,,,,,,,,,,,
1.241083597143491,254.84,5934080,3,6,5.35312032699585,1776,6,217,6,70,0.00078826456,0.0581298828125,0.8771842560730875,-0.4406212399713695,-0.0005473419005284086,9251,0.599260151386261,3e-05,0.08,0.37363260984420776,,,,,,,,,,,,,,,,,,,,,,,,,,,,,,,,,,,,,
1.241083597143491,247.95,5939200,4,6,5.527677536010742,1776,0,191,0,106,0.0013231818,0.084716796875,0.8933853542548604,-0.43332536332309246,0.0010033877522801049,9259,0.5838701725006104,3e-05,0.08,0.1693505346775055,,,,,,,,,,,,,,,,,,,,,,,,,,,,,,,,,,,,,
1.241083597143491,251.14,5944320,5,6,5.4614715576171875,1776,0,180,0,141,0.00089637656,0.0685791015625,0.6839307056274265,-0.43760365578345956,-0.0005621110438369214,9267,0.584525465965271,3e-05,0.08,0.1674535721540451,,,,,,,,,,,,,,,,,,,,,,,,,,,,,,,,,,,,,
1.241083597143491,,,,6,,1776,0,,,,0.0009626232,0.065673828125,1.2356274360208772,-0.44456947287544607,1.3857051089871675e-05,9275,0.5621135234832764,3e-05,0.08,0.37786197662353516,,,,,,,,,0.727165162563324,34.666666666666664,0.00762685119731629,1925,0.5107421875,89,0.0018920622953145787,0.04623376623376623,,,,,,,,,,,,,,,,,,,,,
,,,,,,,,,,,,,,,,,,,,,,,,,,,,,,,,,,,,,0,2.413294212456396,89.58263838490134,5.446260622441769,4,2252800,0.87,250.03,,,,,,,,,,,,,
,,,,,,,,,,,,,,,,,,,,,,,,,,,,,,,,,,,,,1,3.1628318864099887,129.047276608226,4.692179954051971,4,2252800,0.58,290.02,,,,,,,,,,,,,
,,,,,,,,,,,,,,,,,,,,,,,,,,,,,,,,,,,,,,,,,4,2252800,,,0.87,0.87,0,0.29000000000000004,0,0,0,217.8,0.58,0,0.0,0.87,6.0
1.241083597143491,256.56,5949440,1,6,5.3339996337890625,1776,0,1511,0,3,,,,,,,,,,,1,4,15,3e-05,11,0.011,440,2252800,,,,,,,,,,,,,,,,,,,,,,,,,,,,,
1.2717318410674732,255.7,5954560,2,6,5.3424506187438965,1782,6,269,6,37,0.0012100168,0.068017578125,1.105085295229219,-0.44038636069744824,0.0007782889471855015,9283,0.5279140472412109,3e-05,0.08,1.1742627620697021,,,,,,,,,,,,,,,,,,,,,,,,,,,,,,,,,,,,,
1.2717318410674732,261.77,5959680,3,6,5.196382999420166,1782,0,217,0,70,0.00062324945,0.0720458984375,0.9925321119721048,-0.4145579984411597,0.0007763001500279643,9291,0.6523722410202026,3e-05,0.08,0.27365997433662415,,,,,,,,,,,,,,,,,,,,,,,,,,,,,,,,,,,,,
1.2717318410674732,266.44,5964800,4,6,5.076933860778809,1782,0,191,0,107,0.0013848444,0.05439453125,1.3020861101394985,-0.43999596377834677,-0.00028345135651761664,9299,0.31999969482421875,3e-05,0.08,0.43046286702156067,,,,,,,,,,,,,,,,,,,,,,,,,,,,,,,,,,,,,
1.2717318410674732,263.76,5969920,5,6,5.140985012054443,1782,0,180,0,141,0.001052669,0.0661376953125,1.17085632114904,-0.42651040721684697,-0.00021020624408265575,9307,0.36527693271636963,3e-05,0.08,0.8907946348190308,,,,,,,,,,,,,,,,,,,,,,,,,,,,,,,,,,,,,
1.2717318410674732,,,,6,,1782,0,,,,0.0011998534,0.0731201171875,1.0212948892905842,-0.4395421584136784,0.0005956956825684756,9315,0.3985101580619812,3e-05,0.08,0.40795496106147766,,,,,,,,,0.7261388897895813,34.666666666666664,0.007560252552381194,1925,0.5107421875,29,0.0018779824725690042,0.015064935064935066,,,,,,,,,,,,,,,,,,,,,
,,,,,,,,,,,,,,,,,,,,,,,,,,,,,,,,,,,,,0,2.0544050467887036,84.4881198749268,5.2785856015607715,4,2278400,0.9,257.24,,,,,,,,,,,,,
,,,,,,,,,,,,,,,,,,,,,,,,,,,,,,,,,,,,,1,3.426763067497233,130.51538568306805,4.216507194638252,4,2278400,0.52,305.79,,,,,,,,,,,,,
,,,,,,,,,,,,,,,,,,,,,,,,,,,,,,,,,,,,,,,,,4,2278400,,,0.9,0.9,0,0.38,0,0,0,217.8,0.52,0,0.0,0.9,6.0
1.1644909630219142,261.96,5975040,1,6,5.190459728240967,1788,6,1463,6,3,,,,,,,,,,,1,4,15,3e-05,11,0.011,440,2278400,,,,,,,,,,,,,,,,,,,,,,,,,,,,,
1.1644909630219142,265.2,5980160,2,6,5.111543655395508,1788,0,259,0,39,0.0013922841,0.0742919921875,1.3029208787193056,-0.457954952865839,-0.0005645152312354184,9323,0.2671239376068115,3e-05,0.08,0.09676402807235718,,,,,,,,,,,,,,,,,,,,,,,,,,,,,,,,,,,,,
1.1644909630219142,258.32,5985280,3,6,5.244996547698975,1788,0,206,0,74,0.0012676764,0.071240234375,0.8174185938347364,-0.430266515025869,0.0003930750142899342,9331,0.00226747989654541,3e-05,0.08,0.6086929440498352,,,,,,,,,,,,,,,,,,,,,,,,,,,,,,,,,,,,,
1.1644909630219142,262.62,5990400,4,6,5.151460647583008,1788,0,187,0,109,0.0011613738,0.077587890625,0.8434402570186649,-0.44813830899074675,-0.00043637080088956284,9339,0.39125585556030273,3e-05,0.08,0.04966038838028908,,,,,,,,,,,,,,,,,,,,,,,,,,,,,,,,,,,,,
1.1743849540750186,270.65,5995520,5,6,4.918715953826904,1794,6,179,6,142,0.0015304784,0.086083984375,0.9169390777329681,-0.45934451594948766,2.8903858037665486e-05,9347,0.5008795261383057,3e-05,0.08,0.44403642416000366,,,,,,,,,,,,,,,,,,,,,,,,,,,,,,,,,,,,,
1.1743849540750186,,,,6,,1794,6,,,,0.0011548575,0.07861328125,1.104464957723394,-0.45196698950603603,0.00032011031289584934,9355,0.548267126083374,3e-05,0.08,1.256577491760254,,,,,,,,,0.7255004048347473,34.583333333333336,0.00754343410852878,1925,0.5098741319444445,117,0.0018609525083891595,0.06077922077922078,,,,,,,,,,,,,,,,,,,,,
,,,,,,,,,,,,,,,,,,,,,,,,,,,,,,,,,,,,,0,2.0362607910812964,87.96017905848078,5.327871329188347,4,2304000,0.88,257.87,,,,,,,,,,,,,
,,,,,,,,,,,,,,,,,,,,,,,,,,,,,,,,,,,,,1,3.2518150686981167,127.74794871151553,4.1644721400737765,4,2304000,0.51,311.96,,,,,,,,,,,,,
,,,,,,,,,,,,,,,,,,,,,,,,,,,,,,,,,,,,,,,,,4,2304000,,,0.88,0.88,0,0.37,0,0,0,217.8,0.51,0,0.0,0.88,6.0
1.1743849540750186,270.79,6000640,1,6,4.908189296722412,1794,0,1483,0,3,,,,,,,,,,,1,4,15,3e-05,11,0.011,440,2304000,,,,,,,,,,,,,,,,,,,,,,,,,,,,,
1.1743849540750186,265.69,6005760,2,6,5.047807693481445,1794,0,272,0,37,0.0008617222,0.0559326171875,1.228603626647964,-0.4290394491050392,-0.0006767943676095455,9363,0.23053210973739624,3e-05,0.08,1.1114665269851685,,,,,,,,,,,,,,,,,,,,,,,,,,,,,,,,,,,,,
1.1743849540750186,271.27,6010880,3,6,4.9074482917785645,1794,0,223,0,68,0.0017407567,0.0739990234375,1.046500541246496,-0.44827607152983545,0.0005644805336487479,9371,0.3444026708602905,3e-05,0.08,0.0261401180177927,,,,,,,,,,,,,,,,,,,,,,,,,,,,,,,,,,,,,
1.137846941749255,266.76,6016000,4,6,5.023707389831543,1800,6,192,6,106,0.0011197317,0.0802978515625,1.2059190089581535,-0.45556234614923596,-0.0002673644296010025,9379,0.33592861890792847,3e-05,0.08,1.4471982717514038,,,,,,,,,,,,,,,,,,,,,,,,,,,,,,,,,,,,,
1.137846941749255,262.77,6021120,5,6,5.211209774017334,1800,0,182,0,140,0.0007909894,0.0681884765625,0.8320822068722918,-0.43835638780146835,-0.0008254403175669723,9387,0.4914224147796631,3e-05,0.08,0.7188259363174438,,,,,,,,,,,,,,,,,,,,,,,,,,,,,,,,,,,,,
1.137846941749255,,,,6,,1800,0,,,,0.0011598152,0.079296875,0.9549678714538459,-0.42075085677206514,0.0004758137190947309,9395,0.5104353427886963,3e-05,0.08,0.5853449702262878,,,,,,,,,0.7256293296813965,34.75,0.007551183607311831,1925,0.5115017361111112,70,0.001886412366089076,0.03636363636363636,,,,,,,,,,,,,,,,,,,,,
,,,,,,,,,,,,,,,,,,,,,,,,,,,,,,,,,,,,,0,2.155681347246727,89.2413581250308,5.231642727702856,4,2329600,0.89,259.4,,,,,,,,,,,,,
,,,,,,,,,,,,,,,,,,,,,,,,,,,,,,,,,,,,,1,3.107863944023473,124.6886021254549,4.467480843663216,4,2329600,0.58,296.45,,,,,,,,,,,,,
,,,,,,,,,,,,,,,,,,,,,,,,,,,,,,,,,,,,,,,,,4,2329600,,,0.89,0.89,0,0.31000000000000005,0,0,0,217.8,0.58,0,0.0,0.89,6.0
1.137846941749255,275.27,6026240,1,6,4.892971038818359,1800,0,1426,0,3,,,,,,,,,,,1,4,15,3e-05,11,0.011,440,2329600,,,,,,,,,,,,,,,,,,,,,,,,,,,,,
1.1465924655397732,280.8,6031360,2,6,4.772394180297852,1806,6,288,6,35,0.0013490098,0.0932373046875,0.9143798265053192,-0.44684638138860466,0.001163404954422731,9403,0.44797390699386597,3e-05,0.08,0.15180227160453796,,,,,,,,,,,,,,,,,,,,,,,,,,,,,,,,,,,,,
1.1465924655397732,278.48,6036480,3,6,4.854739189147949,1806,0,215,0,71,0.00083100237,0.056591796875,1.2208557642879896,-0.42910605678334834,0.0001346956065390259,9411,0.383622407913208,3e-05,0.08,0.0327758863568306,,,,,,,,,,,,,,,,,,,,,,,,,,,,,,,,,,,,,
1.1465924655397732,275.22,6041600,4,6,4.942126750946045,1806,0,194,0,105,0.0016144279,0.0744384765625,1.2170201692264526,-0.42328004059381785,-0.00018950960220536216,9419,0.11870700120925903,3e-05,0.08,-0.0006950190290808678,,,,,,,,,,,,,,,,,,,,,,,,,,,,,,,,,,,,,
1.1465924655397732,281.29,6046720,5,6,4.738854885101318,1806,0,184,0,139,0.0009995215,0.06103515625,0.9834508934407495,-0.4429731064476073,-8.920978289097547e-05,9427,0.25469374656677246,3e-05,0.08,0.2036016583442688,,,,,,,,,,,,,,,,,,,,,,,,,,,,,,,,,,,,,
1.1465924655397732,,,,6,,1806,0,,,,0.0015435054,0.064453125,1.2278943661454833,-0.44431896014139055,7.776624406687915e-05,9435,0.32331717014312744,3e-05,0.08,1.053399682044983,,,,,,,,,0.7241696715354919,34.833333333333336,0.007513817971021254,1925,0.5118272569444445,42,0.0018466811656463605,0.02181818181818182,,,,,,,,,,,,,,,,,,,,,
,,,,,,,,,,,,,,,,,,,,,,,,,,,,,,,,,,,,,0,2.1145796971152784,89.80673471405137,4.896581034362316,4,2355200,0.86,274.48,,,,,,,,,,,,,
,,,,,,,,,,,,,,,,,,,,,,,,,,,,,,,,,,,,,1,2.6191031805257934,116.55864789881528,5.397078609913588,4,2355200,0.71,262.96,,,,,,,,,,,,,
,,,,,,,,,,,,,,,,,,,,,,,,,,,,,,,,,,,,,,,,,4,2355200,,,0.86,0.86,0,0.15000000000000002,0,0,0,217.8,0.71,0,0.0,0.86,6.0
1.1067562873164813,273.16,6051840,1,6,4.916033744812012,1812,6,1435,6,3,,,,,,,,,,,1,4,15,3e-05,11,0.011,440,2355200,,,,,,,,,,,,,,,,,,,,,,,,,,,,,
1.1067562873164813,262.52,6056960,2,6,5.208988189697266,1812,0,247,0,41,0.0018019795,0.0736083984375,1.1515361413359642,-0.4300796580966562,-7.187313167378306e-05,9443,0.43427562713623047,3e-05,0.08,0.309726357460022,,,,,,,,,,,,,,,,,,,,,,,,,,,,,,,,,,,,,
1.1067562873164813,263.52,6062080,3,6,5.1892595291137695,1812,0,190,0,80,0.001280726,0.0752685546875,1.2464627348352224,-0.44551249807700516,0.0003576170449377969,9451,0.3690405488014221,3e-05,0.08,0.2045718878507614,,,,,,,,,,,,,,,,,,,,,,,,,,,,,,,,,,,,,
1.1067562873164813,263.96,6067200,4,6,5.184280872344971,1812,0,180,0,113,0.001109229,0.0865478515625,0.6713084193703253,-0.44589289408177135,0.0007264552186825313,9459,0.256306529045105,3e-05,0.08,0.6372132301330566,,,,,,,,,,,,,,,,,,,,,,,,,,,,,,,,,,,,,
1.192770632604758,270.67,6072320,5,6,5.035883903503418,1818,6,172,6,148,0.0017410225,0.075634765625,0.9013516222767066,-0.4432441431097686,-0.00048109719791682436,9467,0.4721687436103821,3e-05,0.08,0.2587042450904846,,,,,,,,,,,,,,,,,,,,,,,,,,,,,,,,,,,,,
1.192770632604758,,,,6,,1818,6,,,,0.0014797181,0.08017578125,0.844633673253702,-0.41375472070649266,0.0004588794996379875,9475,0.4439026117324829,3e-05,0.08,0.061700835824012756,,,,,,,,,0.721707284450531,34.583333333333336,0.007534410144683927,1925,0.5108506944444445,30,0.0018528724264145102,0.015584415584415584,,,,,,,,,,,,,,,,,,,,,
,,,,,,,,,,,,,,,,,,,,,,,,,,,,,,,,,,,,,0,2.0108387093389064,84.56025721342148,5.346109725832939,4,2380800,0.9,255.73,,,,,,,,,,,,,
,,,,,,,,,,,,,,,,,,,,,,,,,,,,,,,,,,,,,1,2.892262061425504,127.3241041594246,4.618410010933876,4,2380800,0.56,298.15,,,,,,,,,,,,,
,,,,,,,,,,,,,,,,,,,,,,,,,,,,,,,,,,,,,,,,,4,2380800,,,0.9,0.9,0,0.33999999999999997,0,0,0,217.8,0.56,0,0.0,0.9,6.0
1.192770632604758,272.86,6077440,1,6,4.918464660644531,1818,0,1437,0,3,,,,,,,,,,,1,4,15,3e-05,11,0.011,440,2380800,,,,,,,,,,,,,,,,,,,,,,,,,,,,,
1.192770632604758,276.85,6082560,2,6,4.826056957244873,1818,0,281,0,36,0.0010537577,0.07373046875,0.9741850124613848,-0.436153025040403,-0.0005319282819982619,9483,0.5184177160263062,3e-05,0.08,0.011496312916278839,,,,,,,,,,,,,,,,,,,,,,,,,,,,,,,,,,,,,
1.192770632604758,282.22,6087680,3,6,4.686945915222168,1818,0,221,0,69,0.0017489946,0.0738525390625,1.0739770332642364,-0.4453284588642418,0.00047786889190319924,9491,0.43774378299713135,3e-05,0.08,0.5935798287391663,,,,,,,,,,,,,,,,,,,,,,,,,,,,,,,,,,,,,
1.1721902986367543,273.08,6092800,4,6,4.862835884094238,1824,6,183,6,111,0.0013952663,0.0890380859375,1.2282505966955797,-0.45079677533358337,0.0007723405811702833,9499,0.21368026733398438,3e-05,0.08,0.03385642170906067,,,,,,,,,,,,,,,,,,,,,,,,,,,,,,,,,,,,,
1.1721902986367543,275.95,6097920,5,6,4.780172824859619,1824,0,175,0,146,0.002143963,0.0931396484375,0.6541519276157487,-0.44697160823270676,0.0001344663047348149,9507,0.3358691930770874,3e-05,0.08,0.05478222295641899,,,,,,,,,,,,,,,,,,,,,,,,,,,,,,,,,,,,,
1.1721902986367543,,,,6,,1824,0,,,,0.0035962767,0.09049916107382551,0.7372609986704868,-0.44992504963938823,0.0026795050323059496,9511,0.5092204809188843,3e-05,0.08,0.16810359060764313,,,,,,,,,0.7222437262535095,34.583333333333336,0.007521148700488377,1925,0.5108506944444445,39,0.0018511015699767368,0.02025974025974026,,,,,,,,,,,,,,,,,,,,,
,,,,,,,,,,,,,,,,,,,,,,,,,,,,,,,,,,,,,0,2.2099722482488855,95.78095635354661,4.3857480612397195,4,2406400,0.78,297.22,,,,,,,,,,,,,
,,,,,,,,,,,,,,,,,,,,,,,,,,,,,,,,,,,,,1,2.9602151498393727,124.3666559010091,4.869515354633331,4,2406400,0.63,282.07,,,,,,,,,,,,,
,,,,,,,,,,,,,,,,,,,,,,,,,,,,,,,,,,,,,,,,,4,2406400,,,0.78,0.78,0,0.15000000000000002,0,0,0,217.8,0.63,0,0.0,0.78,6.0
1.1721902986367543,270.43,6103040,1,6,4.942762851715088,1824,0,1413,0,3,,,,,,,,,,,1,4,15,3e-05,11,0.011,440,2406400,,,,,,,,,,,,,,,,,,,,,,,,,,,,,
1.1721902986367543,272.48,6108160,2,6,4.8798933029174805,1824,0,259,0,39,0.0010669149,0.0843994140625,1.2199382198683453,-0.44555394565686585,0.0007090934843290598,9519,0.43290698528289795,3e-05,0.08,0.7731073498725891,,,,,,,,,,,,,,,,,,,,,,,,,,,,,,,,,,,,,
1.1548003926873207,277.78,6113280,3,6,4.750269412994385,1830,6,213,6,72,0.0007100825,0.067138671875,1.2227585703716612,-0.42699915207922456,0.00021601856860797852,9527,0.5436322093009949,3e-05,0.08,0.12749023735523224,,,,,,,,,,,,,,,,,,,,,,,,,,,,,,,,,,,,,
1.1548003926873207,278.21,6118400,4,6,4.749674320220947,1830,0,192,0,106,0.0010128542,0.07119140625,1.4176891210256144,-0.42818272709846494,0.0008126176529913209,9535,0.18726688623428345,3e-05,0.08,1.1784871816635132,,,,,,,,,,,,,,,,,,,,,,,,,,,,,,,,,,,,,
1.1548003926873207,280.31,6123520,5,6,4.7360944747924805,1830,0,179,0,142,0.00097089616,0.0614501953125,1.2651797424536197,-0.4287340883165598,-0.0008981018821941688,9543,-0.018047571182250977,3e-05,0.08,1.4857399463653564,,,,,,,,,,,,,,,,,,,,,,,,,,,,,,,,,,,,,
1.1548003926873207,,,,6,,1830,0,,,,0.0012587787,0.07294921875,1.1820816218969412,-0.44963188413530586,-0.0007559717225376517,9551,0.09276831150054932,3e-05,0.08,0.14881174266338348,,,,,,,,,0.7231187224388123,34.5,0.007479789307417697,1925,0.5095486111111112,75,0.0018634155121190904,0.03896103896103896,,,,,,,,,,,,,,,,,,,,,
,,,,,,,,,,,,,,,,,,,,,,,,,,,,,,,,,,,,,0,2.2393696744743115,93.92044452620527,4.701596345081925,4,2432000,0.84,282.01,,,,,,,,,,,,,
,,,,,,,,,,,,,,,,,,,,,,,,,,,,,,,,,,,,,1,2.885811027750008,125.23160783125,4.515062474310398,4,2432000,0.56,301.62,,,,,,,,,,,,,
,,,,,,,,,,,,,,,,,,,,,,,,,,,,,,,,,,,,,,,,,4,2432000,,,0.84,0.84,0,0.2799999999999999,0,0,0,217.8,0.56,0,0.0,0.84,6.0
1.1548003926873207,278.07,6128640,1,6,4.779219150543213,1830,0,1452,0,3,,,,,,,,,,,1,4,15,3e-05,11,0.011,440,2432000,,,,,,,,,,,,,,,,,,,,,,,,,,,,,
1.0288625185688336,278.81,6133760,2,6,4.750761032104492,1836,6,270,6,37,0.0014137446,0.081640625,1.085016581058153,-0.4410428863018751,0.0002799282956402749,9559,0.12830477952957153,3e-05,0.08,0.21232746541500092,,,,,,,,,,,,,,,,,,,,,,,,,,,,,,,,,,,,,
1.0288625185688336,267.93,6138880,3,6,5.004702568054199,1836,0,206,0,74,0.0015404752,0.09140625,1.3623322685569292,-0.4505233195610344,0.0002531125966925174,9567,0.1156916618347168,3e-05,0.08,0.2620368003845215,,,,,,,,,,,,,,,,,,,,,,,,,,,,,,,,,,,,,
1.0288625185688336,267.41,6144000,4,6,5.006713390350342,1836,0,187,0,109,0.0012950061,0.0753173828125,0.8627072222356219,-0.43744933484122156,6.43452163785696e-05,9575,0.02397453784942627,3e-05,0.08,0.03595650568604469,,,,,,,,,,,,,,,,,,,,,,,,,,,,,,,,,,,,,
1.0288625185688336,270.67,6149120,5,6,4.901518821716309,1836,0,174,0,146,0.0010878583,0.0728759765625,1.0625430163054261,-0.4460307414643466,0.0003140900545986369,9583,0.3179481625556946,3e-05,0.08,0.27902716398239136,,,,,,,,,,,,,,,,,,,,,,,,,,,,,,,,,,,,,
1.0288625185688336,,,,6,,1836,0,,,,0.0011252239,0.0825439453125,0.747851889677986,-0.44945834800601003,7.85312193329446e-05,9591,0.2955067753791809,3e-05,0.08,0.07581611722707748,,,,,,,,,0.7217836976051331,34.583333333333336,0.007495766482680883,1925,0.5098741319444445,27,0.0018637883479422739,0.014025974025974027,,,,,,,,,,,,,,,,,,,,,
,,,,,,,,,,,,,,,,,,,,,,,,,,,,,,,,,,,,,0,2.1752855138100275,89.02602484667054,5.04415662676096,4,2457600,0.89,266.63,,,,,,,,,,,,,
,,,,,,,,,,,,,,,,,,,,,,,,,,,,,,,,,,,,,1,3.318541996547543,124.61040847377076,4.35976017087698,4,2457600,0.57,299.19,,,,,,,,,,,,,
,,,,,,,,,,,,,,,,,,,,,,,,,,,,,,,,,,,,,,,,,4,2457600,,,0.89,0.89,0,0.32000000000000006,0,0,0,217.8,0.57,0,0.0,0.89,6.0
1.1281851902604103,253.85,6154240,1,6,5.331608295440674,1842,6,1532,6,3,,,,,,,,,,,1,4,15,3e-05,11,0.011,440,2457600,,,,,,,,,,,,,,,,,,,,,,,,,,,,,
1.1281851902604103,253.2,6159360,2,6,5.366491794586182,1842,0,243,0,42,0.0011085746,0.074267578125,1.1152536980982404,-0.44881337499246,-0.0006128929031547159,9599,0.2954959273338318,3e-05,0.08,1.0046037435531616,,,,,,,,,,,,,,,,,,,,,,,,,,,,,,,,,,,,,
1.1281851902604103,259.8,6164480,3,6,5.234591007232666,1842,0,199,0,77,0.0015520217,0.0768798828125,0.8060493430006318,-0.44193478357046845,0.0002471386396791786,9607,0.36650192737579346,3e-05,0.08,0.06087891384959221,,,,,,,,,,,,,,,,,,,,,,,,,,,,,,,,,,,,,
1.1281851902604103,262.43,6169600,4,6,5.190649509429932,1842,0,190,0,107,0.0011837458,0.0774169921875,0.9141444492968731,-0.4292299378663301,-0.0002626384957693517,9615,0.3165042996406555,3e-05,0.08,0.14324377477169037,,,,,,,,,,,,,,,,,,,,,,,,,,,,,,,,,,,,,
1.1943485289812088,269.27,6174720,5,6,5.0705108642578125,1848,6,178,6,143,0.0010188569,0.0621337890625,0.6908580065821297,-0.4513186296448112,-0.0004509928185143508,9623,0.3683091998100281,3e-05,0.08,0.053890377283096313,,,,,,,,,,,,,,,,,,,,,,,,,,,,,,,,,,,,,
1.1943485289812088,,,,6,,1848,6,,,,0.00084663427,0.06044921875,0.9676876083365642,-0.4322630316019058,-0.0006533803811180405,9631,0.4762062430381775,3e-05,0.08,0.9851582646369934,,,,,,,,,0.7206661105155945,34.416666666666664,0.007505128766650858,1925,0.5092230902777778,27,0.0018509959781351077,0.014025974025974027,,,,,,,,,,,,,,,,,,,,,
,,,,,,,,,,,,,,,,,,,,,,,,,,,,,,,,,,,,,0,2.2666751555070364,87.92362822358959,5.071302139610052,4,2483200,0.9,263.66,,,,,,,,,,,,,
,,,,,,,,,,,,,,,,,,,,,,,,,,,,,,,,,,,,,1,2.978590296587838,128.5989595603324,4.553383402079344,4,2483200,0.55,299.74,,,,,,,,,,,,,
,,,,,,,,,,,,,,,,,,,,,,,,,,,,,,,,,,,,,,,,,4,2483200,,,0.9,0.9,0,0.35,0,0,0,217.8,0.55,0,0.0,0.9,6.0
1.1943485289812088,270.97,6179840,1,6,5.039247512817383,1848,0,1420,0,3,,,,,,,,,,,1,4,15,3e-05,11,0.011,440,2483200,,,,,,,,,,,,,,,,,,,,,,,,,,,,,
1.1943485289812088,272.2,6184960,2,6,4.9655680656433105,1848,0,257,0,39,0.0009657547,0.0684814453125,1.0909075454168486,-0.43549586916342375,0.0002976192656205967,9639,0.32156556844711304,3e-05,0.08,0.7496462464332581,,,,,,,,,,,,,,,,,,,,,,,,,,,,,,,,,,,,,
1.1943485289812088,272.73,6190080,3,6,4.916121006011963,1848,0,206,0,74,0.0014176827,0.080078125,1.0387021584552714,-0.47598071536049247,0.0003407763171708211,9647,0.35195332765579224,3e-05,0.08,1.0555576086044312,,,,,,,,,,,,,,,,,,,,,,,,,,,,,,,,,,,,,
1.1214572042226791,270.37,6195200,4,6,4.9503021240234375,1854,6,184,6,111,0.00088588084,0.048974609375,0.9220888360403479,-0.44311330779455604,-0.0007009816996287555,9655,0.24849265813827515,3e-05,0.08,1.1443108320236206,,,,,,,,,,,,,,,,,,,,,,,,,,,,,,,,,,,,,
1.1214572042226791,261.88,6200320,5,6,5.150172233581543,1854,0,172,0,148,0.0011004067,0.09091796875,1.405521104321815,-0.4751863478682935,-0.00015313918120227755,9663,0.17276638746261597,3e-05,0.08,1.0608751773834229,,,,,,,,,,,,,,,,,,,,,,,,,,,,,,,,,,,,,
1.1214572042226791,,,,6,,1854,0,,,,0.0010933916,0.0518798828125,0.9930173103552079,-0.4465533752925694,-0.000559232612431515,9671,0.16893643140792847,3e-05,0.08,0.3519269824028015,,,,,,,,,0.7220447063446045,34.333333333333336,0.007467816529878322,1925,0.5088975694444445,33,0.001839043699077225,0.017142857142857144,,,,,,,,,,,,,,,,,,,,,
,,,,,,,,,,,,,,,,,,,,,,,,,,,,,,,,,,,,,0,1.912777552752849,83.43403322385896,5.203602406829596,4,2508800,0.88,262.61,,,,,,,,,,,,,
,,,,,,,,,,,,,,,,,,,,,,,,,,,,,,,,,,,,,1,3.180992688164511,126.27512977621524,4.050591270923615,4,2508800,0.51,312.46,,,,,,,,,,,,,
,,,,,,,,,,,,,,,,,,,,,,,,,,,,,,,,,,,,,,,,,4,2508800,,,0.88,0.88,0,0.37,0,0,0,217.8,0.51,0,0.0,0.88,6.0
1.1214572042226791,265.76,6205440,1,6,5.059004306793213,1854,0,1453,0,3,,,,,,,,,,,1,4,15,3e-05,11,0.011,440,2508800,,,,,,,,,,,,,,,,,,,,,,,,,,,,,
1.1214572042226791,266.61,6210560,2,6,5.036412715911865,1854,0,279,0,36,0.0008526036,0.064990234375,0.8176859643834178,-0.4171493480913341,2.3562146816402672e-05,9679,0.08727550506591797,3e-05,0.08,0.04256974905729294,,,,,,,,,,,,,,,,,,,,,,,,,,,,,,,,,,,,,
1.1626468673348427,263.65,6215680,3,6,5.104839324951172,1860,6,215,6,71,0.00121472,0.064892578125,0.9596766183443833,-0.44365425053983926,-0.0006091596762416885,9687,0.1173410415649414,3e-05,0.08,0.20000909268856049,,,,,,,,,,,,,,,,,,,,,,,,,,,,,,,,,,,,,
1.1626468673348427,263.57,6220800,4,6,5.159218788146973,1860,0,195,0,104,0.0017167743,0.0812255859375,0.9044540141359902,-0.4393185219727457,-0.0001305998521274887,9695,0.18189674615859985,3e-05,0.08,0.4179212152957916,,,,,,,,,,,,,,,,,,,,,,,,,,,,,,,,,,,,,
1.1626468673348427,272.13,6225920,5,6,4.98341703414917,1860,0,182,0,140,0.0011538317,0.0787841796875,1.111745580396382,-0.4477493675425649,0.0005986287433188409,9703,0.1423376202583313,3e-05,0.08,0.5140116810798645,,,,,,,,,,,,,,,,,,,,,,,,,,,,,,,,,,,,,
1.1626468673348427,,,,6,,1860,0,,,,0.00089921075,0.056201171875,0.8664492005103966,-0.42173847649246454,-0.0006559689049026929,9711,0.0783204436302185,3e-05,0.08,0.35305213928222656,,,,,,,,,0.7206307053565979,34.166666666666664,0.007452688862956313,1925,0.5082465277777778,126,0.0018179449263325254,0.06545454545454546,,,,,,,,,,,,,,,,,,,,,
,,,,,,,,,,,,,,,,,,,,,,,,,,,,,,,,,,,,,0,1.8824038649559733,82.49987818172823,5.060019772052765,4,2534400,0.88,267.49,,,,,,,,,,,,,
,,,,,,,,,,,,,,,,,,,,,,,,,,,,,,,,,,,,,1,2.889931240248896,127.50688569642033,4.339284506067633,4,2534400,0.52,309.79,,,,,,,,,,,,,
,,,,,,,,,,,,,,,,,,,,,,,,,,,,,,,,,,,,,,,,,4,2534400,,,0.88,0.88,0,0.36,0,0,0,217.8,0.52,0,0.0,0.88,6.0
1.1626468673348427,268.54,6231040,1,6,5.048825263977051,1860,0,1484,0,3,,,,,,,,,,,1,4,15,3e-05,11,0.011,440,2534400,,,,,,,,,,,,,,,,,,,,,,,,,,,,,
1.1593071470657985,270.15,6236160,2,6,5.075827121734619,1866,6,280,6,36,0.00094465323,0.0497802734375,0.7198756435478572,-0.4480458372272551,-0.0005589462351053953,9719,0.08919662237167358,3e-05,0.08,0.04451284185051918,,,,,,,,,,,,,,,,,,,,,,,,,,,,,,,,,,,,,
1.1593071470657985,265.71,6241280,3,6,5.195544242858887,1866,0,206,0,74,0.0016573404,0.068212890625,0.9412574576330371,-0.43599853878840805,-0.00020234727271599694,9727,0.09079831838607788,3e-05,0.08,0.7112578749656677,,,,,,,,,,,,,,,,,,,,,,,,,,,,,,,,,,,,,
1.1593071470657985,266.04,6246400,4,6,5.134767055511475,1866,0,189,0,108,0.0011869032,0.0800048828125,0.8846825324260863,-0.465130156558007,0.00015475641994271426,9735,0.11167103052139282,3e-05,0.08,0.1647903025150299,,,,,,,,,,,,,,,,,,,,,,,,,,,,,,,,,,,,,
1.1360179235537846,270.01,6251520,5,6,5.037314414978027,1872,6,179,6,142,0.0010235375,0.06767578125,1.0725833054515532,-0.46652614129707215,-0.0006158177726319991,9743,0.0875059962272644,3e-05,0.08,0.726395845413208,,,,,,,,,,,,,,,,,,,,,,,,,,,,,,,,,,,,,
1.1360179235537846,,,,6,,1872,6,,,,0.001917961,0.0731201171875,0.6981339757010574,-0.44499341733753683,-0.00024933654349297286,9751,0.16380345821380615,3e-05,0.08,0.09314426779747009,,,,,,,,,0.7197811007499695,34.083333333333336,0.007433831710419072,1925,0.5079210069444445,45,0.0018006739809657783,0.023376623376623377,,,,,,,,,,,,,,,,,,,,,
,,,,,,,,,,,,,,,,,,,,,,,,,,,,,,,,,,,,,0,2.0681942230892933,89.54131783707453,5.008665979579091,4,2560000,0.86,270.82,,,,,,,,,,,,,
,,,,,,,,,,,,,,,,,,,,,,,,,,,,,,,,,,,,,1,2.8911178143161402,125.67806928816181,4.004944669306278,4,2560000,0.47,323.23,,,,,,,,,,,,,
,,,,,,,,,,,,,,,,,,,,,,,,,,,,,,,,,,,,,,,,,4,2560000,,,0.86,0.86,0,0.39,0,0,0,217.8,0.47,0,0.0,0.86,6.0
1.1360179235537846,266.61,6256640,1,6,5.117443084716797,1872,0,1539,0,3,,,,,,,,,,,1,4,15,3e-05,11,0.011,440,2560000,,,,,,,,,,,,,,,,,,,,,,,,,,,,,
1.1360179235537846,266.57,6261760,2,6,5.094703197479248,1872,0,250,0,40,0.000778493,0.07236328125,1.0376523423474282,-0.4480555254034698,5.427742144092917e-06,9759,0.18068552017211914,3e-05,0.08,0.0007681623101234436,,,,,,,,,,,,,,,,,,,,,,,,,,,,,,,,,,,,,
1.1360179235537846,274.66,6266880,3,6,4.889059066772461,1872,0,207,0,74,0.0012095177,0.0751220703125,0.8743082276574569,-0.44801389146596193,0.0004439509968506172,9767,-0.03819751739501953,3e-05,0.08,0.12889210879802704,,,,,,,,,,,,,,,,,,,,,,,,,,,,,,,,,,,,,
1.1342365543047588,273.26,6272000,4,6,4.966304779052734,1878,6,186,6,109,0.0010673015,0.0814453125,0.8120636567880866,-0.4434750314801931,-0.0003804711726843379,9775,0.1422635316848755,3e-05,0.08,0.7704527974128723,,,,,,,,,,,,,,,,,,,,,,,,,,,,,,,,,,,,,
1.1342365543047588,280.31,6277120,5,6,4.778029441833496,1878,0,174,0,146,0.0012442305,0.0604248046875,0.9395113609498367,-0.43919676542282104,-0.0007117979563190602,9783,0.11701101064682007,3e-05,0.08,0.30381283164024353,,,,,,,,,,,,,,,,,,,,,,,,,,,,,,,,,,,,,
1.1342365543047588,,,,6,,1878,0,,,,0.00081259926,0.0838134765625,0.8418046073406004,-0.4546184449456632,0.00047050584689714017,9791,0.19924330711364746,3e-05,0.08,0.02160487323999405,,,,,,,,,0.7204393148422241,33.916666666666664,0.007422765044103636,1925,0.5067274305555555,104,0.0017865289143605184,0.054025974025974026,,,,,,,,,,,,,,,,,,,,,
,,,,,,,,,,,,,,,,,,,,,,,,,,,,,,,,,,,,,0,1.8970169971459352,75.43296626807143,5.340463841967285,4,2585600,0.94,253.26,,,,,,,,,,,,,
,,,,,,,,,,,,,,,,,,,,,,,,,,,,,,,,,,,,,1,2.8877313098425987,124.16421827563687,4.559573919773102,4,2585600,0.57,298.87,,,,,,,,,,,,,
,,,,,,,,,,,,,,,,,,,,,,,,,,,,,,,,,,,,,,,,,4,2585600,,,0.94,0.94,0,0.37,1,0,0,217.8,0.57,0,0.0,0.94,6.0
1.1342365543047588,276.05,6282240,1,6,4.833385467529297,1878,0,1439,0,3,,,,,,,,,,,1,4,15,3e-05,11,0.011,440,2585600,,,,,,,,,,,,,,,,,,,,,,,,,,,,,
1.1342365543047588,273.72,6287360,2,6,4.9006781578063965,1878,0,268,0,38,0.00070808793,0.055419921875,0.9738525555469095,-0.4536396645009518,-0.0011768085270887241,9799,0.1167217493057251,3e-05,0.08,0.4636518061161041,,,,,,,,,,,,,,,,,,,,,,,,,,,,,,,,,,,,,
1.1695004105567932,272.89,6292480,3,6,4.939312934875488,1884,6,210,6,72,0.0012910806,0.0691650390625,1.107394628500333,-0.46866621924564245,-0.0005946115983533673,9807,0.12573975324630737,3e-05,0.08,0.7982877492904663,,,,,,,,,,,,,,,,,,,,,,,,,,,,,,,,,,,,,
1.1695004105567932,271.95,6297600,4,6,4.9788103103637695,1884,0,193,0,105,0.00065560814,0.0572509765625,0.8347747561580036,-0.44044585190713403,-9.451848454773426e-05,9815,0.15209078788757324,3e-05,0.08,0.862051248550415,,,,,,,,,,,,,,,,,,,,,,,,,,,,,,,,,,,,,
1.1695004105567932,275.53,6302720,5,6,4.942458152770996,1884,0,188,0,135,0.0013695986,0.0783203125,0.8261370592052117,-0.44479046780616044,0.00042954245873261243,9823,0.19867801666259766,3e-05,0.08,0.44985705614089966,,,,,,,,,,,,,,,,,,,,,,,,,,,,,,,,,,,,,
1.1695004105567932,,,,6,,1884,0,,,,0.0008441053,0.0724365234375,1.1235360561171546,-0.4567505380138755,0.0005248544257483445,9831,0.2697046995162964,3e-05,0.08,0.4824964702129364,,,,,,,,,0.719713032245636,33.75,0.007413542767951785,1925,0.5060763888888888,105,0.001778303844424765,0.05454545454545454,,,,,,,,,,,,,,,,,,,,,
,,,,,,,,,,,,,,,,,,,,,,,,,,,,,,,,,,,,,0,2.0795428555657622,88.75613556256266,4.702345176562667,4,2611200,0.86,282.22,,,,,,,,,,,,,
,,,,,,,,,,,,,,,,,,,,,,,,,,,,,,,,,,,,,1,3.1993400650379242,124.11595022397402,4.469474529027939,4,2611200,0.59,294.03,,,,,,,,,,,,,
,,,,,,,,,,,,,,,,,,,,,,,,,,,,,,,,,,,,,,,,,4,2611200,,,0.86,0.86,0,0.27,0,0,0,217.8,0.59,0,0.0,0.86,6.0
1.1695004105567932,270.27,6307840,1,6,5.063366889953613,1884,0,1499,0,3,,,,,,,,,,,1,4,15,3e-05,11,0.011,440,2611200,,,,,,,,,,,,,,,,,,,,,,,,,,,,,
1.1761890376607578,271.85,6312960,2,6,5.032379627227783,1890,6,268,6,38,0.0010682438,0.0762451171875,0.9598414487671107,-0.4627153167501092,7.006411906331777e-05,9839,0.3220630884170532,3e-05,0.08,1.380179762840271,,,,,,,,,,,,,,,,,,,,,,,,,,,,,,,,,,,,,
1.1761890376607578,273.87,6318080,3,6,4.9601006507873535,1890,0,205,0,74,0.0024470002,0.08603515625,0.8623040070524439,-0.4492576254531741,0.0005840801124577411,9847,0.27951329946517944,3e-05,0.08,0.3941870331764221,,,,,,,,,,,,,,,,,,,,,,,,,,,,,,,,,,,,,
1.1761890376607578,267.76,6323200,4,6,5.078948974609375,1890,0,190,0,107,0.0014686292,0.0944091796875,0.6251465809247747,-0.4703251516446471,0.0009071654203580692,9855,0.14598137140274048,3e-05,0.08,0.00957321934401989,,,,,,,,,,,,,,,,,,,,,,,,,,,,,,,,,,,,,
1.1761890376607578,258.79,6328320,5,6,5.2606377601623535,1890,0,181,0,141,0.0015000037,0.1002685546875,0.5817009473626967,-0.47443886678665875,0.0008485535770887509,9863,0.27376294136047363,3e-05,0.08,0.3122848570346832,,,,,,,,,,,,,,,,,,,,,,,,,,,,,,,,,,,,,
1.1761890376607578,,,,6,,1890,0,,,,0.0013472177,0.0746826171875,0.7285540157346986,-0.45875615486875176,0.00014718146412633358,9871,0.35703277587890625,3e-05,0.08,0.5955109596252441,,,,,,,,,0.7195236086845398,33.5,0.007436915877970391,1925,0.5050998263888888,124,0.0018094190238454263,0.06441558441558441,,,,,,,,,,,,,,,,,,,,,
,,,,,,,,,,,,,,,,,,,,,,,,,,,,,,,,,,,,,0,2.007000376876611,86.17037251863312,4.864941507875919,4,2636800,0.87,275.63,,,,,,,,,,,,,
,,,,,,,,,,,,,,,,,,,,,,,,,,,,,,,,,,,,,1,2.7196807284308253,118.65923647150271,4.913309490382671,4,2636800,0.64,284.16,,,,,,,,,,,,,
,,,,,,,,,,,,,,,,,,,,,,,,,,,,,,,,,,,,,,,,,4,2636800,,,0.87,0.87,0,0.22999999999999998,0,0,0,217.8,0.64,0,0.0,0.87,6.0
1.2184502730766933,262.96,6333440,1,6,5.188577175140381,1896,6,1471,6,3,,,,,,,,,,,1,4,15,3e-05,11,0.011,440,2636800,,,,,,,,,,,,,,,,,,,,,,,,,,,,,
1.2184502730766933,262.44,6338560,2,6,5.15269660949707,1896,0,267,0,38,0.0015256887,0.077783203125,0.9683441019064049,-0.4615862241014838,9.51872963923961e-05,9879,0.404180645942688,3e-05,0.08,0.3986598253250122,,,,,,,,,,,,,,,,,,,,,,,,,,,,,,,,,,,,,
1.2184502730766933,271.44,6343680,3,6,4.961580276489258,1896,0,218,0,70,0.00078305276,0.0714111328125,0.9035320147580933,-0.44988998109474776,-0.00018181417835876345,9887,0.5197609066963196,3e-05,0.08,0.013853635638952255,,,,,,,,,,,,,,,,,,,,,,,,,,,,,,,,,,,,,
1.2184502730766933,267.79,6348800,4,6,5.042801380157471,1896,0,200,0,102,0.0012098405,0.0802490234375,0.9813387446338311,-0.45274356990121306,0.00029728154331678527,9895,0.6094314455986023,3e-05,0.08,0.00399741530418396,,,,,,,,,,,,,,,,,,,,,,,,,,,,,,,,,,,,,
1.1775174190600712,271.32,6353920,5,6,4.957986831665039,1902,6,188,6,135,0.0009903961,0.065869140625,1.4291448326199316,-0.4580002546310425,-0.00026696224085753784,9903,0.3526208996772766,3e-05,0.08,0.2271820306777954,,,,,,,,,,,,,,,,,,,,,,,,,,,,,,,,,,,,,
1.1775174190600712,,,,6,,1902,6,,,,0.001955334,0.081884765625,1.2465819657722021,-0.45237596416845915,-7.721705769654363e-05,9911,0.4680632948875427,3e-05,0.08,0.4575629234313965,,,,,,,,,0.7177717089653015,33.583333333333336,0.007415862554170926,1925,0.5054253472222222,31,0.0017884251969094752,0.016103896103896103,,,,,,,,,,,,,,,,,,,,,
,,,,,,,,,,,,,,,,,,,,,,,,,,,,,,,,,,,,,0,2.01699579495667,84.30844323079391,4.890619414746761,4,2662400,0.89,273.08,,,,,,,,,,,,,
,,,,,,,,,,,,,,,,,,,,,,,,,,,,,,,,,,,,,1,2.6195403944687112,121.27792214578876,4.262741497755051,4,2662400,0.52,316.16,,,,,,,,,,,,,
,,,,,,,,,,,,,,,,,,,,,,,,,,,,,,,,,,,,,,,,,4,2662400,,,0.89,0.89,0,0.37,0,0,0,217.8,0.52,0,0.0,0.89,6.0
1.1775174190600712,271.35,6359040,1,6,4.926393508911133,1902,0,1531,0,3,,,,,,,,,,,1,4,15,3e-05,11,0.011,440,2662400,,,,,,,,,,,,,,,,,,,,,,,,,,,,,
1.1775174190600712,271.08,6364160,2,6,4.957757472991943,1902,0,248,0,41,0.0015136652,0.07880859375,1.044756608235184,-0.4583481253124774,-0.0002787577308481559,9919,0.384746253490448,3e-05,0.08,0.50897216796875,,,,,,,,,,,,,,,,,,,,,,,,,,,,,,,,,,,,,
1.1775174190600712,266.44,6369280,3,6,5.023469924926758,1902,0,206,0,74,0.0012253457,0.074951171875,0.8986155658203643,-0.44829707220196724,0.000418610597262159,9927,0.49777543544769287,3e-05,0.08,0.3606032431125641,,,,,,,,,,,,,,,,,,,,,,,,,,,,,,,,,,,,,
1.2071267416079838,272.17,6374400,4,6,4.873471736907959,1908,6,189,6,108,0.000828039,0.0566162109375,0.9205077229838935,-0.43776496620848776,-0.00020402446680236607,9935,0.585767924785614,3e-05,0.08,0.2684858441352844,,,,,,,,,,,,,,,,,,,,,,,,,,,,,,,,,,,,,
1.2071267416079838,270.92,6379520,5,6,4.882340908050537,1908,0,183,0,139,0.0014650848,0.0670654296875,1.0685904821526493,-0.42244159076362847,0.0005003926809877158,9943,0.5975431203842163,3e-05,0.08,0.039069753140211105,,,,,,,,,,,,,,,,,,,,,,,,,,,,,,,,,,,,,
1.2071267416079838,,,,6,,1908,0,,,,0.0009188568,0.06064453125,1.3337641683698167,-0.4337030497379601,7.870874251239001e-05,9951,0.5572551488876343,3e-05,0.08,0.3123180866241455,,,,,,,,,0.7180627584457397,33.416666666666664,0.0074579556738397735,1925,0.5042317708333334,105,0.0018217820313979906,0.05454545454545454,,,,,,,,,,,,,,,,,,,,,
,,,,,,,,,,,,,,,,,,,,,,,,,,,,,,,,,,,,,0,2.0936965142290203,85.6750249489313,4.766141947209835,4,2688000,0.88,276.99,,,,,,,,,,,,,
,,,,,,,,,,,,,,,,,,,,,,,,,,,,,,,,,,,,,1,3.254381648693229,122.75127046185713,3.958075062632561,4,2688000,0.51,316.84,,,,,,,,,,,,,
,,,,,,,,,,,,,,,,,,,,,,,,,,,,,,,,,,,,,,,,,4,2688000,,,0.88,0.88,0,0.37,0,0,0,217.8,0.51,0,0.0,0.88,6.0
1.2071267416079838,273.66,6384640,1,6,4.861330032348633,1908,0,1527,0,3,,,,,,,,,,,1,4,15,3e-05,11,0.011,440,2688000,,,,,,,,,,,,,,,,,,,,,,,,,,,,,
1.2071267416079838,282.56,6389760,2,6,4.672457695007324,1908,0,265,0,38,0.0011043169,0.0614990234375,1.2805578375176991,-0.4350591291673481,-0.0001939146255608648,9959,0.5812009572982788,3e-05,0.08,1.1297262907028198,,,,,,,,,,,,,,,,,,,,,,,,,,,,,,,,,,,,,
1.167495109140873,286.94,6394880,3,6,4.560797214508057,1914,6,214,6,71,0.0010534147,0.0666259765625,0.8132271395064891,-0.4202066270634532,0.00026682961324695496,9967,0.5359563827514648,3e-05,0.08,0.41305798292160034,,,,,,,,,,,,,,,,,,,,,,,,,,,,,,,,,,,,,
1.167495109140873,285.07,6400000,4,6,4.591200351715088,1914,0,195,0,104,0.0011376914,0.0572998046875,1.031491275888402,-0.3992361649405211,-9.448081982554868e-05,9975,0.6100285053253174,3e-05,0.08,0.5594657063484192,,,,,,,,,,,,,,,,,,,,,,,,,,,,,,,,,,,,,
1.167495109140873,275.69,6405120,5,6,4.871949672698975,1914,0,180,0,141,0.0011487424,0.0646728515625,1.2422442451759708,-0.4455213801935315,1.2188324762973935e-05,9983,0.607867956161499,3e-05,0.08,0.4078502058982849,,,,,,,,,,,,,,,,,,,,,,,,,,,,,,,,,,,,,
1.167495109140873,,,,6,,1914,0,,,,0.0010116191,0.0603271484375,1.0190281445509755,-0.4355654359795153,2.4564351770095526e-05,9991,0.6714669466018677,3e-05,0.08,0.2776990234851837,,,,,,,,,0.7162967920303345,33.25,0.007509158840058258,1925,0.5035807291666666,30,0.0018941428726367347,0.015584415584415584,,,,,,,,,,,,,,,,,,,,,
,,,,,,,,,,,,,,,,,,,,,,,,,,,,,,,,,,,,,0,1.8362157922768796,73.3961279632652,5.565898609161377,4,2713600,0.95,245.22,,,,,,,,,,,,,
,,,,,,,,,,,,,,,,,,,,,,,,,,,,,,,,,,,,,1,3.161696004735526,126.15387865618717,4.0444939074665305,4,2713600,0.48,320.33,,,,,,,,,,,,,
,,,,,,,,,,,,,,,,,,,,,,,,,,,,,,,,,,,,,,,,,4,2713600,,,0.95,0.95,0,0.47,1,0,0,217.8,0.48,0,0.0,0.95,6.0
1.167495109140873,271.87,6410240,1,6,4.952200412750244,1914,0,1488,0,3,,,,,,,,,,,1,4,15,3e-05,11,0.011,440,2713600,,,,,,,,,,,,,,,,,,,,,,,,,,,,,
1.2484635040163994,270.51,6415360,2,6,4.964742660522461,1920,6,281,6,36,0.0014996028,0.0783203125,1.2140936194133247,-0.43119411477819086,0.000438042581663467,9999,0.6505253314971924,3e-05,0.08,0.6478537917137146,,,,,,,,,,,,,,,,,,,,,,,,,,,,,,,,,,,,,
1.2484635040163994,263.67,6420480,3,6,5.148133754730225,1920,0,219,0,69,0.0012189562,0.0872802734375,0.886443624945241,-0.4532952582463622,0.00034706186561379583,10007,0.7157700061798096,3e-05,0.08,1.1422834396362305,,,,,,,,,,,,,,,,,,,,,,,,,,,,,,,,,,,,,
1.2484635040163994,259.88,6425600,4,6,5.255517959594727,1920,0,194,0,105,0.0011225374,0.069775390625,1.1951494598004502,-0.42438437147066,-0.0002845807553967461,10015,0.680661678314209,3e-05,0.08,0.17908772826194763,,,,,,,,,,,,,,,,,,,,,,,,,,,,,,,,,,,,,
1.2484635040163994,262.25,6430720,5,6,5.176974296569824,1920,0,186,0,137,0.0015962918,0.0742919921875,1.0892676022835075,-0.41870274087414144,0.0007530445145675912,10023,0.6908422708511353,3e-05,0.08,0.5072891712188721,,,,,,,,,,,,,,,,,,,,,,,,,,,,,,,,,,,,,
1.2484635040163994,,,,6,,1920,0,,,,0.0010302828,0.058203125,1.500423749827314,-0.4292301420122385,-0.00014855356566840784,10031,0.44462573528289795,3e-05,0.08,0.024305248633027077,,,,,,,,,0.7153409719467163,33.25,0.007493559539295682,1925,0.5035807291666666,28,0.0018726202644149946,0.014545454545454545,,,,,,,,,,,,,,,,,,,,,
,,,,,,,,,,,,,,,,,,,,,,,,,,,,,,,,,,,,,0,2.115812799759221,85.14987433930834,5.141534741707146,4,2739200,0.91,262.17,,,,,,,,,,,,,
,,,,,,,,,,,,,,,,,,,,,,,,,,,,,,,,,,,,,1,3.1180629984663133,124.39145308259727,4.680030148625374,4,2739200,0.61,286.08,,,,,,,,,,,,,
,,,,,,,,,,,,,,,,,,,,,,,,,,,,,,,,,,,,,,,,,4,2739200,,,0.91,0.91,0,0.30000000000000004,0,0,0,217.8,0.61,0,0.0,0.91,6.0
1.266080064078172,272.43,6435840,1,6,4.937714576721191,1926,6,1460,6,3,,,,,,,,,,,1,4,15,3e-05,11,0.011,440,2739200,,,,,,,,,,,,,,,,,,,,,,,,,,,,,
1.266080064078172,274.97,6440960,2,6,4.901651382446289,1926,0,305,0,33,0.0007410504,0.058056640625,0.9631606976850889,-0.3978807834908366,-0.0002743043907685205,10039,0.6142454147338867,3e-05,0.08,0.31211593747138977,,,,,,,,,,,,,,,,,,,,,,,,,,,,,,,,,,,,,
1.266080064078172,273.99,6446080,3,6,4.910000801086426,1926,0,229,0,66,0.000873252,0.050341796875,1.1109932129154914,-0.4080351307056844,-0.00023021393863018603,10047,0.5307434797286987,3e-05,0.08,0.4127393960952759,,,,,,,,,,,,,,,,,,,,,,,,,,,,,,,,,,,,,
1.266080064078172,283.58,6451200,4,6,4.660032749176025,1926,0,198,0,103,0.0017429463,0.060400390625,1.075943743804237,-0.41488108607009055,0.00013046118547208608,10055,0.4402303695678711,3e-05,0.08,0.3950698971748352,,,,,,,,,,,,,,,,,,,,,,,,,,,,,,,,,,,,,
1.1381344099839528,283.61,6456320,5,6,4.663387298583984,1932,6,187,6,136,0.0014250816,0.0768310546875,0.7511270087445154,-0.4241895167157054,-1.361282484140247e-05,10063,0.17367708683013916,3e-05,0.08,0.037535227835178375,,,,,,,,,,,,,,,,,,,,,,,,,,,,,,,,,,,,,
1.1381344099839528,,,,6,,1932,6,,,,0.0011450844,0.0800048828125,0.9047758549160789,-0.43709250511601566,-0.0005882244571694173,10071,0.4331546425819397,3e-05,0.08,0.03006802499294281,,,,,,,,,0.7139282822608948,33.333333333333336,0.0074401601591956995,1925,0.50390625,103,0.001841420645187985,0.05350649350649351,,,,,,,,,,,,,,,,,,,,,
,,,,,,,,,,,,,,,,,,,,,,,,,,,,,,,,,,,,,0,2.2769355671612463,93.51069404084221,4.685601563714445,4,2764800,0.85,281.51,,,,,,,,,,,,,
,,,,,,,,,,,,,,,,,,,,,,,,,,,,,,,,,,,,,1,3.075535151708837,128.87006285402362,4.007294645607471,4,2764800,0.47,319.87,,,,,,,,,,,,,
,,,,,,,,,,,,,,,,,,,,,,,,,,,,,,,,,,,,,,,,,4,2764800,,,0.85,0.85,0,0.38,0,0,0,217.8,0.47,0,0.0,0.85,6.0
1.1381344099839528,287.37,6461440,1,6,4.582674026489258,1932,0,1504,0,3,,,,,,,,,,,1,4,15,3e-05,11,0.011,440,2764800,,,,,,,,,,,,,,,,,,,,,,,,,,,,,
1.1381344099839528,277.97,6466560,2,6,4.752070426940918,1932,0,277,0,36,0.0016436826,0.0745361328125,1.30579597625765,-0.4463725445792079,-8.581624133512378e-05,10079,0.36386269330978394,3e-05,0.08,0.20792034268379211,,,,,,,,,,,,,,,,,,,,,,,,,,,,,,,,,,,,,
1.1950537090500195,273.65,6471680,3,6,4.8098464012146,1938,6,208,6,73,0.0012536667,0.0726318359375,0.8074268687196309,-0.4382011451758444,-0.0007670063714613207,10087,0.383944571018219,3e-05,0.08,0.40230709314346313,,,,,,,,,,,,,,,,,,,,,,,,,,,,,,,,,,,,,
1.1950537090500195,270.37,6476800,4,6,4.915411949157715,1938,0,185,0,110,0.0015053877,0.0755859375,0.7766353032959159,-0.44219526518136265,0.00011738265166059137,10095,0.5594022274017334,3e-05,0.08,0.8140614628791809,,,,,,,,,,,,,,,,,,,,,,,,,,,,,,,,,,,,,
1.1950537090500195,266.67,6481920,5,6,5.041924953460693,1938,0,177,0,144,0.0011687092,0.0625,1.2396419030294055,-0.41537433518096806,-0.00018111789686372503,10103,0.5821053981781006,3e-05,0.08,0.16357150673866272,,,,,,,,,,,,,,,,,,,,,,,,,,,,,,,,,,,,,
1.1950537090500195,,,,6,,1938,0,,,,0.0018384054,0.0954345703125,0.7419610324781388,-0.4281754931434989,0.0003731187214725651,10111,0.5386825799942017,3e-05,0.08,0.8876074552536011,,,,,,,,,0.7141328454017639,33.25,0.007482700954902887,1925,0.5035807291666666,28,0.0018765948768241325,0.014545454545454545,,,,,,,,,,,,,,,,,,,,,
,,,,,,,,,,,,,,,,,,,,,,,,,,,,,,,,,,,,,0,2.1504838450308705,92.24655223909457,5.1293493916466835,4,2790400,0.86,266.44,,,,,,,,,,,,,
,,,,,,,,,,,,,,,,,,,,,,,,,,,,,,,,,,,,,1,2.9853944641793806,127.35073615806074,3.8697267846763133,4,2790400,0.44,328.1,,,,,,,,,,,,,
,,,,,,,,,,,,,,,,,,,,,,,,,,,,,,,,,,,,,,,,,4,2790400,,,0.86,0.86,0,0.42,0,0,0,217.8,0.44,0,0.0,0.86,6.0
1.1950537090500195,261.5,6487040,1,6,5.175626277923584,1938,0,1475,0,3,,,,,,,,,,,1,4,15,3e-05,11,0.011,440,2790400,,,,,,,,,,,,,,,,,,,,,,,,,,,,,
1.2530712634325027,268.34,6492160,2,6,5.060869216918945,1944,6,276,6,37,0.0012149905,0.0624267578125,0.7661844277172349,-0.4177240325137973,0.0005171201191842556,10119,0.5735276937484741,3e-05,0.08,0.24144022166728973,,,,,,,,,,,,,,,,,,,,,,,,,,,,,,,,,,,,,
1.2530712634325027,272.03,6497280,3,6,5.030520439147949,1944,0,225,0,68,0.0012357205,0.080322265625,0.742023592145415,-0.42827965221367775,0.000599277502624318,10127,0.5907716155052185,3e-05,0.08,0.3752424120903015,,,,,,,,,,,,,,,,,,,,,,,,,,,,,,,,,,,,,
1.2530712634325027,271.86,6502400,4,6,5.0281548500061035,1944,0,195,0,104,0.0008475599,0.0662109375,0.9265670930501073,-0.4353543431032449,9.004478342831135e-05,10135,0.6152698397636414,3e-05,0.08,0.40330246090888977,,,,,,,,,,,,,,,,,,,,,,,,,,,,,,,,,,,,,
1.2530712634325027,269.82,6507520,5,6,5.056349277496338,1944,0,181,0,141,0.0011586922,0.0611328125,1.150316830916563,-0.4320708663668483,-0.00018876957037718966,10143,0.5524893403053284,3e-05,0.08,1.5468127727508545,,,,,,,,,,,,,,,,,,,,,,,,,,,,,,,,,,,,,
1.2530712634325027,,,,6,,1944,0,,,,0.0014439935,0.0795654296875,1.4116367714566878,-0.440598286036402,0.000364125837222673,10151,0.31344401836395264,3e-05,0.08,0.06451538950204849,,,,,,,,,0.7113407850265503,33.083333333333336,0.00748332298320362,1925,0.5029296875,30,0.0018686890737036634,0.015584415584415584,,,,,,,,,,,,,,,,,,,,,
,,,,,,,,,,,,,,,,,,,,,,,,,,,,,,,,,,,,,0,2.1123238828227175,86.38164793519512,5.373587134480476,4,2816000,0.89,253.97,,,,,,,,,,,,,
,,,,,,,,,,,,,,,,,,,,,,,,,,,,,,,,,,,,,1,3.118125205175198,128.2246758623316,4.240180263221264,4,2816000,0.52,307.65,,,,,,,,,,,,,
,,,,,,,,,,,,,,,,,,,,,,,,,,,,,,,,,,,,,,,,,4,2816000,,,0.89,0.89,0,0.37,0,0,0,217.8,0.52,0,0.0,0.89,6.0
1.1888065834840138,262.45,6512640,1,6,5.234350681304932,1950,6,1477,6,3,,,,,,,,,,,1,4,15,3e-05,11,0.011,440,2816000,,,,,,,,,,,,,,,,,,,,,,,,,,,,,
1.1888065834840138,249.6,6517760,2,6,5.529791355133057,1950,0,257,0,39,0.0012703303,0.077783203125,0.8089820935478201,-0.4302496244199574,-8.671852701809257e-05,10159,0.3750254511833191,3e-05,0.08,0.17623184621334076,,,,,,,,,,,,,,,,,,,,,,,,,,,,,,,,,,,,,
1.1888065834840138,249.36,6522880,3,6,5.541739463806152,1950,0,203,0,75,0.0015594497,0.0720947265625,0.807729199185269,-0.43772183898836375,-0.0001206314962473698,10167,0.5084965229034424,3e-05,0.08,0.08844674378633499,,,,,,,,,,,,,,,,,,,,,,,,,,,,,,,,,,,,,
1.1888065834840138,257.78,6528000,4,6,5.368853569030762,1950,0,186,0,109,0.0008246269,0.0662109375,0.5715562400117051,-0.41932316473685205,-0.00036544468312058596,10175,0.5232160091400146,3e-05,0.08,0.021900050342082977,,,,,,,,,,,,,,,,,,,,,,,,,,,,,,,,,,,,,
1.2601681898037593,263.67,6533120,5,6,5.225586414337158,1956,6,183,6,139,0.0013054339,0.06943359375,0.7698945928626927,-0.4099153071641922,-0.00013080550852464511,10183,0.3617746829986572,3e-05,0.08,1.0970317125320435,,,,,,,,,,,,,,,,,,,,,,,,,,,,,,,,,,,,,
1.2601681898037593,,,,6,,1956,6,,,,0.0009871289,0.0632568359375,0.9182444024598226,-0.39832779006101193,-3.5988312447443604e-05,10191,0.3555912971496582,3e-05,0.08,0.01207817904651165,,,,,,,,,0.709729790687561,33.083333333333336,0.007507002002635059,1925,0.5023871527777778,29,0.001898547153772562,0.015064935064935066,,,,,,,,,,,,,,,,,,,,,
,,,,,,,,,,,,,,,,,,,,,,,,,,,,,,,,,,,,,0,2.132678398417481,92.07468924737134,4.978888949751854,4,2841600,0.85,272.54,,,,,,,,,,,,,
,,,,,,,,,,,,,,,,,,,,,,,,,,,,,,,,,,,,,1,2.9727703190380677,128.42802030709652,4.728769344091416,4,2841600,0.58,291.06,,,,,,,,,,,,,
,,,,,,,,,,,,,,,,,,,,,,,,,,,,,,,,,,,,,,,,,4,2841600,,,0.85,0.85,0,0.27,0,0,0,217.8,0.58,0,0.0,0.85,6.0
1.2601681898037593,273.1,6538240,1,6,5.000085830688477,1956,0,1502,0,3,,,,,,,,,,,1,4,15,3e-05,11,0.011,440,2841600,,,,,,,,,,,,,,,,,,,,,,,,,,,,,
1.2601681898037593,275.59,6543360,2,6,4.875325679779053,1956,0,243,0,41,0.001192378,0.0833740234375,1.2148795185144992,-0.4702695269137621,0.000542417325777933,10199,0.25448572635650635,3e-05,0.08,0.03586430847644806,,,,,,,,,,,,,,,,,,,,,,,,,,,,,,,,,,,,,
1.2601681898037593,282.05,6548480,3,6,4.709891319274902,1956,0,198,0,77,0.0017448105,0.0849853515625,0.7856944018276408,-0.44161213086917994,0.0002998653842951171,10207,0.24688076972961426,3e-05,0.08,0.39393162727355957,,,,,,,,,,,,,,,,,,,,,,,,,,,,,,,,,,,,,
1.1657429089148839,281.78,6553600,4,6,4.698448657989502,1962,6,184,6,110,0.0010776084,0.057275390625,1.012893976084888,-0.4269725736230612,-0.00039276792231248694,10215,0.3073127269744873,3e-05,0.08,0.5437057614326477,,,,,,,,,,,,,,,,,,,,,,,,,,,,,,,,,,,,,
1.1657429089148839,272.71,6558720,5,6,4.894687652587891,1962,0,177,0,144,0.0010464912,0.06474609375,0.8635255402768962,-0.4398053142242134,0.00012001636059721932,10223,0.36182159185409546,3e-05,0.08,0.014869390055537224,,,,,,,,,,,,,,,,,,,,,,,,,,,,,,,,,,,,,
1.1657429089148839,,,,6,,1962,0,,,,0.0009312155,0.058740234375,0.9507661916228244,-0.43936704662628473,-0.0006189883657498285,10231,0.27005553245544434,3e-05,0.08,1.0360562801361084,,,,,,,,,0.7117923498153687,32.75,0.007463030363017826,1925,0.4962022569444445,39,0.0018469700287600665,0.02025974025974026,,,,,,,,,,,,,,,,,,,,,
,,,,,,,,,,,,,,,,,,,,,,,,,,,,,,,,,,,,,0,1.8609934258143688,82.90363743527783,5.007088513672352,4,2867200,0.86,270.87,,,,,,,,,,,,,
,,,,,,,,,,,,,,,,,,,,,,,,,,,,,,,,,,,,,1,2.8934534370515474,126.41147258061666,4.700263679921627,4,2867200,0.58,293.14,,,,,,,,,,,,,
,,,,,,,,,,,,,,,,,,,,,,,,,,,,,,,,,,,,,,,,,4,2867200,,,0.86,0.86,0,0.28,0,0,0,217.8,0.58,0,0.0,0.86,6.0
1.1657429089148839,264.31,6563840,1,6,5.11717414855957,1962,0,1470,0,3,,,,,,,,,,,1,4,15,3e-05,11,0.011,440,2867200,,,,,,,,,,,,,,,,,,,,,,,,,,,,,
1.1657429089148839,273.16,6568960,2,6,4.9143171310424805,1962,0,267,0,38,0.000725871,0.061376953125,0.6559352697862778,-0.4405150313861668,-0.0006148244385258295,10239,0.4802837371826172,3e-05,0.08,0.1795252561569214,,,,,,,,,,,,,,,,,,,,,,,,,,,,,,,,,,,,,
1.2019905944665272,263.72,6574080,3,6,5.136148452758789,1968,6,210,6,73,0.0013554555,0.08544921875,0.8095933067874285,-0.44924839595332744,0.0003973220053012483,10247,0.4605367183685303,3e-05,0.08,0.7165248394012451,,,,,,,,,,,,,,,,,,,,,,,,,,,,,,,,,,,,,
1.2019905944665272,265.35,6579200,4,6,5.095471382141113,1968,0,186,0,109,0.0010211949,0.0535400390625,1.0109728386742063,-0.4535940673202276,-0.0004100972393644042,10255,0.31481117010116577,3e-05,0.08,0.9573169350624084,,,,,,,,,,,,,,,,,,,,,,,,,,,,,,,,,,,,,
1.2019905944665272,268.69,6584320,5,6,4.98444128036499,1968,0,182,0,140,0.0012438089,0.07333984375,0.9521154774585738,-0.4470230724662542,3.574310685507953e-05,10263,0.3480072617530823,3e-05,0.08,0.5774756073951721,,,,,,,,,,,,,,,,,,,,,,,,,,,,,,,,,,,,,
1.2019905944665272,,,,6,,1968,0,,,,0.0010302674,0.072509765625,0.9384341228054837,-0.4476182755082846,0.00013709452032344415,10271,0.27616363763809204,3e-05,0.08,0.1314515918493271,,,,,,,,,0.7112840414047241,32.833333333333336,0.007423221552788415,1925,0.5014105902777778,34,0.0018364223527204146,0.017662337662337664,,,,,,,,,,,,,,,,,,,,,
,,,,,,,,,,,,,,,,,,,,,,,,,,,,,,,,,,,,,0,2.0438966772862335,84.48052083172783,4.833913835957646,4,2892800,0.87,274.96,,,,,,,,,,,,,
,,,,,,,,,,,,,,,,,,,,,,,,,,,,,,,,,,,,,1,2.901187959862442,129.06942472948427,4.430148724317551,4,2892800,0.52,307.06,,,,,,,,,,,,,
,,,,,,,,,,,,,,,,,,,,,,,,,,,,,,,,,,,,,,,,,4,2892800,,,0.87,0.87,0,0.35,0,0,0,217.8,0.52,0,0.0,0.87,6.0
1.2019905944665272,272.5,6589440,1,6,4.895531177520752,1968,0,1501,0,3,,,,,,,,,,,1,4,15,3e-05,11,0.011,440,2892800,,,,,,,,,,,,,,,,,,,,,,,,,,,,,
1.1834580178062122,267.04,6594560,2,6,5.011553764343262,1974,6,254,6,40,0.0011035219,0.07861328125,1.1961248213541693,-0.46490956041961906,0.0001198998448671773,10279,-0.03589904308319092,3e-05,0.08,1.113417148590088,,,,,,,,,,,,,,,,,,,,,,,,,,,,,,,,,,,,,
1.1834580178062122,270.59,6599680,3,6,4.935525894165039,1974,0,205,0,74,0.00082456705,0.0494140625,1.0412041156494525,-0.44397009573876856,-0.0006823348958278075,10287,0.04905134439468384,3e-05,0.08,0.7706190347671509,,,,,,,,,,,,,,,,,,,,,,,,,,,,,,,,,,,,,
1.1834580178062122,272.48,6604800,4,6,4.880585670471191,1974,0,185,0,110,0.0008884288,0.0797119140625,0.7192473712522769,-0.443536972720176,-0.0004602024855557829,10295,0.08994698524475098,3e-05,0.08,0.1888870745897293,,,,,,,,,,,,,,,,,,,,,,,,,,,,,,,,,,,,,
1.1834580178062122,270.12,6609920,5,6,4.979979038238525,1974,0,179,0,142,0.0014885892,0.0653564453125,1.0409746405726765,-0.45216429326683283,-2.6792770950123667e-05,10303,0.08542245626449585,3e-05,0.08,0.04103388637304306,,,,,,,,,,,,,,,,,,,,,,,,,,,,,,,,,,,,,
1.1834580178062122,,,,6,,1974,0,,,,0.0012096738,0.06845703125,1.175917107774876,-0.44282789463177324,-0.0005221415849518962,10311,0.09979623556137085,3e-05,0.08,0.2652127742767334,,,,,,,,,0.7099846601486206,32.916666666666664,0.007384860375855825,1925,0.5017361111111112,130,0.0018074982778206459,0.06753246753246753,,,,,,,,,,,,,,,,,,,,,
,,,,,,,,,,,,,,,,,,,,,,,,,,,,,,,,,,,,,0,2.1423786926560644,93.7924575858848,4.7995417103171345,4,2918400,0.83,279.93,,,,,,,,,,,,,
,,,,,,,,,,,,,,,,,,,,,,,,,,,,,,,,,,,,,1,2.9227642779733385,127.52940484452988,4.3664316819608215,4,2918400,0.53,307.47,,,,,,,,,,,,,
,,,,,,,,,,,,,,,,,,,,,,,,,,,,,,,,,,,,,,,,,4,2918400,,,0.83,0.83,0,0.29999999999999993,0,0,0,217.8,0.53,0,0.0,0.83,6.0
1.1273257359862328,266.56,6615040,1,6,5.062044143676758,1980,6,1488,6,3,,,,,,,,,,,1,4,15,3e-05,11,0.011,440,2918400,,,,,,,,,,,,,,,,,,,,,,,,,,,,,
1.1273257359862328,271.26,6620160,2,6,4.962559700012207,1980,0,264,0,38,0.0013305463,0.0672607421875,0.7529125730943633,-0.45222028186544777,-0.0008961723826359958,10319,0.17254191637039185,3e-05,0.08,0.07954370230436325,,,,,,,,,,,,,,,,,,,,,,,,,,,,,,,,,,,,,
1.1273257359862328,261.12,6625280,3,6,5.1897687911987305,1980,0,206,0,74,0.000830264,0.06171875,0.788893892118358,-0.422853627987206,-0.0003871041830279864,10327,0.18534791469573975,3e-05,0.08,0.15071773529052734,,,,,,,,,,,,,,,,,,,,,,,,,,,,,,,,,,,,,
1.1273257359862328,260.97,6630400,4,6,5.202004432678223,1980,0,184,0,110,0.00083971245,0.0576904296875,0.9573342235729797,-0.4157824776135385,-0.0005273943199426868,10335,0.18253600597381592,3e-05,0.08,0.21279332041740417,,,,,,,,,,,,,,,,,,,,,,,,,,,,,,,,,,,,,
1.2023544162511826,263.63,6635520,5,6,5.105872631072998,1986,6,175,6,146,0.0011883492,0.067822265625,0.7118936197744915,-0.4201585658360273,0.00015335834468714892,10343,0.25912344455718994,3e-05,0.08,0.4750126004219055,,,,,,,,,,,,,,,,,,,,,,,,,,,,,,,,,,,,,
1.2023544162511826,,,,6,,1986,6,,,,0.0011199468,0.0740234375,0.9708682990894886,-0.3896281325723976,0.000311728281667456,10351,0.16926491260528564,3e-05,0.08,0.012553724460303783,,,,,,,,,0.709911048412323,32.666666666666664,0.007403597822783218,1925,0.5007595486111112,106,0.0018099714195444318,0.05506493506493507,,,,,,,,,,,,,,,,,,,,,
,,,,,,,,,,,,,,,,,,,,,,,,,,,,,,,,,,,,,0,2.1297782366822844,93.36916996525137,5.184961347877979,4,2944000,0.83,265.59,,,,,,,,,,,,,
,,,,,,,,,,,,,,,,,,,,,,,,,,,,,,,,,,,,,1,2.937940135380836,126.47440017647841,4.289195845425129,4,2944000,0.52,310.19,,,,,,,,,,,,,
,,,,,,,,,,,,,,,,,,,,,,,,,,,,,,,,,,,,,,,,,4,2944000,,,0.83,0.83,0,0.30999999999999994,0,0,0,217.8,0.52,0,0.0,0.83,6.0
1.2023544162511826,264.52,6640640,1,6,5.080774307250977,1986,0,1529,0,3,,,,,,,,,,,1,4,15,3e-05,11,0.011,440,2944000,,,,,,,,,,,,,,,,,,,,,,,,,,,,,
1.2023544162511826,254.38,6645760,2,6,5.312075614929199,1986,0,270,0,37,0.0010382726,0.06689453125,0.9347058513463707,-0.43020284324884417,-4.8803517711348834e-05,10359,0.2922915816307068,3e-05,0.08,0.25709477066993713,,,,,,,,,,,,,,,,,,,,,,,,,,,,,,,,,,,,,
1.2023544162511826,251.09,6650880,3,6,5.401432991027832,1986,0,200,0,76,0.001534052,0.08173828125,0.9043769863725174,-0.4277609150856733,0.000686020968714729,10367,0.38176441192626953,3e-05,0.08,0.11327117681503296,,,,,,,,,,,,,,,,,,,,,,,,,,,,,,,,,,,,,
1.2635686174035072,254.96,6656000,4,6,5.3071465492248535,1992,6,186,6,110,0.002119375,0.0759033203125,0.6824118296790402,-0.40596154765225945,0.0006311811644991394,10375,0.45031607151031494,3e-05,0.08,0.9685940742492676,,,,,,,,,,,,,,,,,,,,,,,,,,,,,,,,,,,,,
1.2635686174035072,254.75,6661120,5,6,5.358712673187256,1992,0,174,0,146,0.00080054236,0.0501220703125,0.8025600131193642,-0.41853914568200706,1.8190803530160338e-05,10383,0.5039805173873901,3e-05,0.08,0.213641956448555,,,,,,,,,,,,,,,,,,,,,,,,,,,,,,,,,,,,,
1.2635686174035072,,,,6,,1992,0,,,,0.001204675,0.0700927734375,0.7848024426668416,-0.41709996201097965,-0.0001884626180981286,10391,0.5781207084655762,3e-05,0.08,0.024210020899772644,,,,,,,,,0.7078127264976501,32.583333333333336,0.00742582837317208,1925,0.49555121527777785,163,0.0018414837424580593,0.08467532467532468,,,,,,,,,,,,,,,,,,,,,
,,,,,,,,,,,,,,,,,,,,,,,,,,,,,,,,,,,,,0,1.8017598644888986,77.92386284059589,5.315235221982002,4,2969600,0.9,256.54,,,,,,,,,,,,,
,,,,,,,,,,,,,,,,,,,,,,,,,,,,,,,,,,,,,1,3.7835026278986916,132.21895325557526,4.14911442399025,4,2969600,0.53,300.78,,,,,,,,,,,,,
,,,,,,,,,,,,,,,,,,,,,,,,,,,,,,,,,,,,,,,,,4,2969600,,,0.9,0.9,0,0.37,0,0,0,217.8,0.53,0,0.0,0.9,6.0
1.2635686174035072,256.86,6666240,1,6,5.372841835021973,1992,0,1465,0,3,,,,,,,,,,,1,4,15,3e-05,11,0.011,440,2969600,,,,,,,,,,,,,,,,,,,,,,,,,,,,,
1.2635686174035072,266.92,6671360,2,6,5.1163554191589355,1992,0,273,0,37,0.0009108417,0.07177734375,1.1345911470998544,-0.4386229744181037,-5.3271453361958264e-05,10399,0.4846971035003662,3e-05,0.08,0.854470431804657,,,,,,,,,,,,,,,,,,,,,,,,,,,,,,,,,,,,,
1.2251493707299232,269.69,6676480,3,6,5.040948390960693,1998,6,213,6,71,0.0011529156,0.0521728515625,1.249184247700032,-0.42834478998556735,-0.00017306444060523064,10407,0.27779293060302734,3e-05,0.08,0.9465895295143127,,,,,,,,,,,,,,,,,,,,,,,,,,,,,,,,,,,,,
1.2251493707299232,269.77,6681600,4,6,5.024638652801514,1998,0,192,0,106,0.00081705383,0.060400390625,1.155572111712536,-0.42668928974308074,-0.0002522106151445769,10415,0.02385735511779785,3e-05,0.08,0.025468938052654266,,,,,,,,,,,,,,,,,,,,,,,,,,,,,,,,,,,,,
1.2251493707299232,272.16,6686720,5,6,4.9076056480407715,1998,0,180,0,141,0.0008524122,0.065380859375,1.2840135208913126,-0.4255918045528233,-0.0004410879293573089,10423,0.1009259819984436,3e-05,0.08,1.1183518171310425,,,,,,,,,,,,,,,,,,,,,,,,,,,,,,,,,,,,,
1.2251493707299232,,,,6,,1998,0,,,,0.00079525483,0.0741943359375,0.8605520594224799,-0.41080942740663884,0.0004924673456116579,10431,0.14016449451446533,3e-05,0.08,0.01022586040198803,,,,,,,,,0.7073156237602234,32.833333333333336,0.007375347060554581,1925,0.5014105902777778,32,0.0018388821860383627,0.016623376623376623,,,,,,,,,,,,,,,,,,,,,
,,,,,,,,,,,,,,,,,,,,,,,,,,,,,,,,,,,,,0,2.1128796737536057,85.37463967713128,5.039465479543432,4,2995200,0.89,266.03,,,,,,,,,,,,,
,,,,,,,,,,,,,,,,,,,,,,,,,,,,,,,,,,,,,1,3.061335463551245,125.92714520706008,3.8777193948999047,4,2995200,0.47,322.79,,,,,,,,,,,,,
,,,,,,,,,,,,,,,,,,,,,,,,,,,,,,,,,,,,,,,,,4,2995200,,,0.89,0.89,0,0.42000000000000004,0,0,0,217.8,0.47,0,0.0,0.89,6.0
1.1298941771189372,268.86,6691840,1,6,4.966854572296143,2004,6,1478,6,3,,,,,,,,,,,1,4,15,3e-05,11,0.011,440,2995200,,,,,,,,,,,,,,,,,,,,,,,,,,,,,
1.1298941771189372,265.04,6696960,2,6,5.0782599449157715,2004,0,257,0,39,0.0013423505,0.072802734375,1.0506467134546256,-0.42333614407107234,-0.000990332427318208,10439,0.3329022526741028,3e-05,0.08,0.013665739446878433,,,,,,,,,,,,,,,,,,,,,,,,,,,,,,,,,,,,,
1.1298941771189372,269.38,6702080,3,6,5.013839244842529,2004,0,207,0,74,0.0015741531,0.07919921875,1.2802231484645745,-0.4309276162646711,0.0001685502880718559,10447,0.38213032484054565,3e-05,0.08,0.07785551995038986,,,,,,,,,,,,,,,,,,,,,,,,,,,,,,,,,,,,,
1.1298941771189372,266.89,6707200,4,6,5.080113887786865,2004,0,186,0,109,0.0013790729,0.068408203125,0.9247383803216508,-0.4002611176110804,-0.0002023679917328991,10455,0.3883477449417114,3e-05,0.08,0.14912019670009613,,,,,,,,,,,,,,,,,,,,,,,,,,,,,,,,,,,,,
1.2192526484529178,259.13,6712320,5,6,5.2850775718688965,2010,6,174,6,147,0.00090231915,0.060009765625,0.5897567006177269,-0.42507416154257954,-0.0004932580181048251,10463,0.48384368419647217,3e-05,0.08,0.3200317323207855,,,,,,,,,,,,,,,,,,,,,,,,,,,,,,,,,,,,,
1.2192526484529178,,,,6,,2010,6,,,,0.0013896577,0.0725830078125,0.6729137586371507,-0.4119280133396387,-0.0005381588969612494,10471,0.5269180536270142,3e-05,0.08,0.15947340428829193,,,,,,,,,0.7059780955314636,32.75,0.00745163452164581,1925,0.5005425347222222,29,0.001927422694608905,0.015064935064935066,,,,,,,,,,,,,,,,,,,,,
,,,,,,,,,,,,,,,,,,,,,,,,,,,,,,,,,,,,,0,2.3434355890612504,92.8393321820014,4.433716432601213,4,3020800,0.85,289.72,,,,,,,,,,,,,
,,,,,,,,,,,,,,,,,,,,,,,,,,,,,,,,,,,,,1,3.0976474850136313,129.71724018032452,4.328857054263353,4,3020800,0.52,306.24,,,,,,,,,,,,,
,,,,,,,,,,,,,,,,,,,,,,,,,,,,,,,,,,,,,,,,,4,3020800,,,0.85,0.85,0,0.32999999999999996,0,0,0,217.8,0.52,0,0.0,0.85,6.0
1.2192526484529178,250.24,6717440,1,6,5.510183334350586,2010,0,1507,0,3,,,,,,,,,,,1,4,15,3e-05,11,0.011,440,3020800,,,,,,,,,,,,,,,,,,,,,,,,,,,,,
1.2192526484529178,252.0,6722560,2,6,5.425961494445801,2010,0,227,0,45,0.0009789091,0.0834716796875,0.9424961314536631,-0.4402011378202587,0.0009980159025872125,10479,0.5335329174995422,3e-05,0.08,0.17664624750614166,,,,,,,,,,,,,,,,,,,,,,,,,,,,,,,,,,,,,
1.2192526484529178,246.44,6727680,3,6,5.5337114334106445,2010,0,193,0,79,0.000602587,0.074169921875,1.0542646682006307,-0.4293605899438262,0.0002386351116001606,10487,0.24305784702301025,3e-05,0.08,0.0324748232960701,,,,,,,,,,,,,,,,,,,,,,,,,,,,,,,,,,,,,
1.2703992227713268,252.59,6732800,4,6,5.460855007171631,2016,6,176,6,116,0.0010992544,0.0698486328125,0.969657132436987,-0.441178410500288,-0.0005171769342268817,10495,0.4205450415611267,3e-05,0.08,0.4246612787246704,,,,,,,,,,,,,,,,,,,,,,,,,,,,,,,,,,,,,
1.2703992227713268,257.21,6737920,5,6,5.338184833526611,2016,0,169,0,150,0.0018651519,0.0665283203125,0.9362028057294083,-0.42405587546527385,-0.0003720262029673904,10503,0.3744967579841614,3e-05,0.08,0.5352168679237366,,,,,,,,,,,,,,,,,,,,,,,,,,,,,,,,,,,,,
1.2703992227713268,,,,6,,2016,0,,,,0.0012792032,0.066650390625,1.0963352261926047,-0.44644623016938567,-2.2776950208935888e-05,10511,0.31852608919143677,3e-05,0.08,0.4644891321659088,,,,,,,,,0.7054623365402222,32.75,0.007392214311308181,1925,0.5005425347222222,30,0.0018434849486495446,0.015584415584415584,,,,,,,,,,,,,,,,,,,,,
,,,,,,,,,,,,,,,,,,,,,,,,,,,,,,,,,,,,,0,2.107876383089519,89.9002091210026,5.133657650947571,4,3046400,0.85,265.82,,,,,,,,,,,,,
,,,,,,,,,,,,,,,,,,,,,,,,,,,,,,,,,,,,,1,2.881907412487384,125.7196480268697,4.647714370898902,4,3046400,0.58,294.51,,,,,,,,,,,,,
,,,,,,,,,,,,,,,,,,,,,,,,,,,,,,,,,,,,,,,,,4,3046400,,,0.85,0.85,0,0.27,0,0,0,217.8,0.58,0,0.0,0.85,6.0
1.2703992227713268,255.26,6743040,1,6,5.3964104652404785,2016,0,1527,0,3,,,,,,,,,,,1,4,15,3e-05,11,0.011,440,3046400,,,,,,,,,,,,,,,,,,,,,,,,,,,,,
1.2703992227713268,263.96,6748160,2,6,5.178022384643555,2016,0,267,0,38,0.0011627561,0.060107421875,0.7812583301449194,-0.4409025189466774,-1.9730311760213225e-05,10519,0.38872474431991577,3e-05,0.08,0.22259871661663055,,,,,,,,,,,,,,,,,,,,,,,,,,,,,,,,,,,,,
1.2305693477392197,269.86,6753280,3,6,5.061032295227051,2022,6,219,6,70,0.0016211733,0.0779541015625,1.2114932450989726,-0.43180667143315077,-0.00015281000814866276,10527,0.3767544627189636,3e-05,0.08,0.03183189779520035,,,,,,,,,,,,,,,,,,,,,,,,,,,,,,,,,,,,,
1.2305693477392197,270.73,6758400,4,6,4.9794602394104,2022,0,197,0,103,0.0012914063,0.067822265625,0.8460799870474147,-0.4330287605524063,0.00036135563714196907,10535,0.5600499510765076,3e-05,0.08,0.08400195091962814,,,,,,,,,,,,,,,,,,,,,,,,,,,,,,,,,,,,,
1.2305693477392197,261.05,6763520,5,6,5.171230316162109,2022,0,185,0,138,0.0017895385,0.0842041015625,0.9973458109219792,-0.4562414759770036,0.0007100230708601884,10543,0.3651053309440613,3e-05,0.08,2.197486639022827,,,,,,,,,,,,,,,,,,,,,,,,,,,,,,,,,,,,,
1.2305693477392197,,,,6,,2022,0,,,,0.0010998383,0.065283203125,0.5913775610213634,-0.4328827260993421,-0.000617281548329629,10551,0.2583521008491516,3e-05,0.08,0.3223835825920105,,,,,,,,,0.7051215767860413,32.583333333333336,0.0073937851964346255,1925,0.4998914930555555,30,0.0018357695234840874,0.015584415584415584,,,,,,,,,,,,,,,,,,,,,
,,,,,,,,,,,,,,,,,,,,,,,,,,,,,,,,,,,,,0,2.039192834034809,87.3218735483842,4.8738665044307705,4,3072000,0.86,275.48,,,,,,,,,,,,,
,,,,,,,,,,,,,,,,,,,,,,,,,,,,,,,,,,,,,1,3.179766377127341,121.14231960797186,4.011147301495075,4,3072000,0.53,313.72,,,,,,,,,,,,,
,,,,,,,,,,,,,,,,,,,,,,,,,,,,,,,,,,,,,,,,,4,3072000,,,0.86,0.86,0,0.32999999999999996,0,0,0,217.8,0.53,0,0.0,0.86,6.0
1.2305693477392197,268.65,6768640,1,6,4.982421398162842,2022,0,1471,0,3,,,,,,,,,,,1,4,15,3e-05,11,0.011,440,3072000,,,,,,,,,,,,,,,,,,,,,,,,,,,,,
1.1615498885512352,265.04,6773760,2,6,5.081518650054932,2028,6,279,6,36,0.0010569913,0.07939453125,0.8375255259801634,-0.42904946440830827,0.0006721262107021175,10559,0.4444931745529175,3e-05,0.08,0.18793098628520966,,,,,,,,,,,,,,,,,,,,,,,,,,,,,,,,,,,,,
1.1615498885512352,259.3,6778880,3,6,5.2129669189453125,2028,0,212,0,72,0.00085687207,0.0728271484375,0.9896023428358603,-0.45779265272431074,3.880623262375593e-05,10567,0.5277256369590759,3e-05,0.08,1.4089328050613403,,,,,,,,,,,,,,,,,,,,,,,,,,,,,,,,,,,,,
1.1615498885512352,260.66,6784000,4,6,5.1858649253845215,2028,0,197,0,103,0.0007827863,0.0606201171875,1.1216554448677925,-0.4254051120020449,-0.0004716940486105159,10575,0.35354000329971313,3e-05,0.08,0.09215977042913437,,,,,,,,,,,,,,,,,,,,,,,,,,,,,,,,,,,,,
1.1615498885512352,271.92,6789120,5,6,4.920010566711426,2028,0,184,0,139,0.0011637763,0.06787109375,1.1369694816123228,-0.4405630175955594,5.132377846166492e-05,10583,0.35764622688293457,3e-05,0.08,0.07811065763235092,,,,,,,,,,,,,,,,,,,,,,,,,,,,,,,,,,,,,
1.1615498885512352,,,,6,,2028,0,,,,0.0017658271,0.08447265625,1.3540540293091907,-0.48627239828929303,-9.557432786095887e-05,10591,0.4981970191001892,3e-05,0.08,0.44276678562164307,,,,,,,,,0.7085540294647217,32.5,0.007339541978947682,1925,0.49956597222222215,104,0.0018032393968091182,0.054025974025974026,,,,,,,,,,,,,,,,,,,,,
,,,,,,,,,,,,,,,,,,,,,,,,,,,,,,,,,,,,,0,2.4191311255959014,91.73179601425016,4.804989178180694,4,3097600,0.85,274.76,,,,,,,,,,,,,
,,,,,,,,,,,,,,,,,,,,,,,,,,,,,,,,,,,,,1,2.9385736143223187,127.17665312469894,4.168742752671242,4,3097600,0.49,316.67,,,,,,,,,,,,,
,,,,,,,,,,,,,,,,,,,,,,,,,,,,,,,,,,,,,,,,,4,3097600,,,0.85,0.85,0,0.36,0,0,0,217.8,0.49,0,0.0,0.85,6.0
1.1507060304284096,273.85,6794240,1,6,4.833099365234375,2034,6,1433,6,3,,,,,,,,,,,1,4,15,3e-05,11,0.011,440,3097600,,,,,,,,,,,,,,,,,,,,,,,,,,,,,
1.1507060304284096,274.17,6799360,2,6,4.868166923522949,2034,0,301,0,33,0.0010355305,0.0608642578125,0.9265840895473957,-0.4516126568429172,-0.0001195608580019325,10599,0.604195773601532,3e-05,0.08,0.2297431081533432,,,,,,,,,,,,,,,,,,,,,,,,,,,,,,,,,,,,,
1.1507060304284096,275.45,6804480,3,6,4.78779411315918,2034,0,216,0,71,0.0009305031,0.0458251953125,1.3710381027252878,-0.463170921895653,-0.00041965958953369407,10607,0.29524511098861694,3e-05,0.08,0.6297059059143066,,,,,,,,,,,,,,,,,,,,,,,,,,,,,,,,,,,,,
1.1507060304284096,272.25,6809600,4,6,4.847864627838135,2034,0,193,0,105,0.0015595877,0.0945556640625,0.8548898515931797,-0.5004745989106596,-3.3609531237743794e-05,10615,0.6202775835990906,3e-05,0.08,0.029449502006173134,,,,,,,,,,,,,,,,,,,,,,,,,,,,,,,,,,,,,
1.1521999811132748,279.97,6814720,5,6,4.633809566497803,2040,6,184,6,138,0.0017904621,0.065283203125,0.8734457101818407,-0.4481209024786949,2.536727988626808e-05,10623,0.1309208869934082,3e-05,0.08,0.3301510810852051,,,,,,,,,,,,,,,,,,,,,,,,,,,,,,,,,,,,,
1.1521999811132748,,,,6,,2040,6,,,,0.0014426627,0.0631103515625,0.854106501606293,-0.4345749869942665,-0.00020709783711936325,10631,0.1872950792312622,3e-05,0.08,0.009076930582523346,,,,,,,,,0.7091494202613831,32.333333333333336,0.007340134542084522,1925,0.4989149305555555,137,0.0018115064894008112,0.07116883116883117,,,,,,,,,,,,,,,,,,,,,
,,,,,,,,,,,,,,,,,,,,,,,,,,,,,,,,,,,,,0,2.241186548290849,94.26413687081636,4.504303186535835,4,3123200,0.83,289.75,,,,,,,,,,,,,
,,,,,,,,,,,,,,,,,,,,,,,,,,,,,,,,,,,,,1,2.909916263064343,121.72366203824136,3.5002118358016014,4,3123200,0.39,343.49,,,,,,,,,,,,,
,,,,,,,,,,,,,,,,,,,,,,,,,,,,,,,,,,,,,,,,,4,3123200,,,0.83,0.83,0,0.43999999999999995,0,0,0,217.8,0.39,0,0.0,0.83,6.0
1.1521999811132748,276.04,6819840,1,6,4.848095893859863,2040,0,1437,0,3,,,,,,,,,,,1,4,15,3e-05,11,0.011,440,3123200,,,,,,,,,,,,,,,,,,,,,,,,,,,,,
1.1521999811132748,279.34,6824960,2,6,4.767378330230713,2040,0,286,0,35,0.0010408659,0.060546875,0.6709669842501171,-0.42291915086098014,4.734441172331572e-05,10639,0.13546842336654663,3e-05,0.08,0.3785366714000702,,,,,,,,,,,,,,,,,,,,,,,,,,,,,,,,,,,,,
1.1521999811132748,278.26,6830080,3,6,4.802867412567139,2040,0,216,0,70,0.00076932396,0.060791015625,0.8857600148825441,-0.44601013939827683,-0.0005287529726047069,10647,0.285075843334198,3e-05,0.08,0.7504316568374634,,,,,,,,,,,,,,,,,,,,,,,,,,,,,,,,,,,,,
1.1545542726914089,285.65,6835200,4,6,4.704807758331299,2046,6,197,6,103,0.00086622674,0.0661376953125,1.054918160213856,-0.43196164844557644,4.652849456761032e-05,10655,0.2146669626235962,3e-05,0.08,0.8479390144348145,,,,,,,,,,,,,,,,,,,,,,,,,,,,,,,,,,,,,
1.1545542726914089,284.56,6840320,5,6,4.720648288726807,2046,0,183,0,139,0.00092585385,0.0640869140625,0.9169596248771995,-0.4516331343911588,-0.00010965849505737424,10663,0.29659008979797363,3e-05,0.08,0.023652639240026474,,,,,,,,,,,,,,,,,,,,,,,,,,,,,,,,,,,,,
1.1545542726914089,,,,6,,2046,0,,,,0.0010512269,0.060400390625,0.9254223335155984,-0.4364318309351802,0.0003403138238354586,10671,0.2427806258201599,3e-05,0.08,1.2275158166885376,,,,,,,,,0.7071630358695984,32.166666666666664,0.007316551684442871,1925,0.49826388888888884,211,0.0017800573813345998,0.10961038961038962,,,,,,,,,,,,,,,,,,,,,
,,,,,,,,,,,,,,,,,,,,,,,,,,,,,,,,,,,,,0,2.320729688680162,97.11371221408437,4.668073161914944,4,3148800,0.81,283.37,,,,,,,,,,,,,
,,,,,,,,,,,,,,,,,,,,,,,,,,,,,,,,,,,,,1,2.9078484053726865,121.82285294639917,3.43281718224287,4,3148800,0.39,343.55,,,,,,,,,,,,,
,,,,,,,,,,,,,,,,,,,,,,,,,,,,,,,,,,,,,,,,,4,3148800,,,0.81,0.81,0,0.42000000000000004,0,0,0,217.8,0.39,0,0.0,0.81,6.0
1.1545542726914089,287.09,6845440,1,6,4.68980598449707,2046,0,1476,0,3,,,,,,,,,,,1,4,15,3e-05,11,0.011,440,3148800,,,,,,,,,,,,,,,,,,,,,,,,,,,,,
1.1545542726914089,289.98,6850560,2,6,4.509512901306152,2046,0,318,0,32,0.0010921216,0.0677978515625,0.9846379795868415,-0.42935594329610466,-0.00010793419205583632,10679,0.32122987508773804,3e-05,0.08,2.539891242980957,,,,,,,,,,,,,,,,,,,,,,,,,,,,,,,,,,,,,
1.0365385090311368,294.25,6855680,3,6,4.36812162399292,2052,6,235,6,65,0.0023766004,0.1105224609375,1.1226156740332953,-0.495765651203692,0.00026314379065297546,10687,0.5715353488922119,3e-05,0.08,0.09145907312631607,,,,,,,,,,,,,,,,,,,,,,,,,,,,,,,,,,,,,
1.0365385090311368,287.09,6860800,4,6,4.507761001586914,2052,0,203,0,100,0.002000599,0.095068359375,1.3668639496725519,-0.4516678577288985,0.0003233454131986946,10695,0.14612853527069092,3e-05,0.08,0.3082481920719147,,,,,,,,,,,,,,,,,,,,,,,,,,,,,,,,,,,,,
1.0365385090311368,282.21,6865920,5,6,4.584866523742676,2052,0,186,0,137,0.0012002429,0.0739990234375,1.3164182910753879,-0.4552823919802904,0.00020552785135805607,10703,0.06100088357925415,3e-05,0.08,0.23747943341732025,,,,,,,,,,,,,,,,,,,,,,,,,,,,,,,,,,,,,
1.0365385090311368,,,,6,,2052,0,,,,0.0011953774,0.068212890625,0.9814217679551802,-0.4349818521179259,0.0003039395582163706,10711,0.20572394132614136,3e-05,0.08,0.23578616976737976,,,,,,,,,0.7084213495254517,32.0,0.007316149603850218,1925,0.4970703125,152,0.0018115738127089478,0.07896103896103897,,,,,,,,,,,,,,,,,,,,,
,,,,,,,,,,,,,,,,,,,,,,,,,,,,,,,,,,,,,0,1.9455253987608143,77.56365128073845,5.251755273293165,4,3174400,0.93,256.6,,,,,,,,,,,,,
,,,,,,,,,,,,,,,,,,,,,,,,,,,,,,,,,,,,,1,3.4901741680701246,129.6187868327736,4.190040400028229,4,3174400,0.53,303.49,,,,,,,,,,,,,
,,,,,,,,,,,,,,,,,,,,,,,,,,,,,,,,,,,,,,,,,4,3174400,,,0.93,0.93,0,0.4,1,0,0,217.8,0.53,0,0.0,0.93,6.0
1.0365385090311368,267.14,6871040,1,6,4.9127302169799805,2052,0,1478,0,3,,,,,,,,,,,1,4,15,3e-05,11,0.011,440,3174400,,,,,,,,,,,,,,,,,,,,,,,,,,,,,
1.1815788174668949,256.36,6876160,2,6,5.226705551147461,2058,6,226,6,45,0.0007414728,0.0500732421875,1.1545850740396417,-0.4463699642568827,-0.0002226428536232561,10719,0.3441430926322937,3e-05,0.08,0.38828590512275696,,,,,,,,,,,,,,,,,,,,,,,,,,,,,,,,,,,,,
1.1815788174668949,255.21,6881280,3,6,5.271963596343994,2058,0,200,0,76,0.0008628379,0.0580322265625,0.8139738905039848,-0.43785952012985946,0.0004218532296363264,10727,0.42177629470825195,3e-05,0.08,0.5135588049888611,,,,,,,,,,,,,,,,,,,,,,,,,,,,,,,,,,,,,
1.1815788174668949,260.98,6886400,4,6,5.1232075691223145,2058,0,182,0,112,0.00088355166,0.0526123046875,0.9100631599780172,-0.4438647160306573,-0.00012134852149756626,10735,0.5212384462356567,3e-05,0.08,1.2226160764694214,,,,,,,,,,,,,,,,,,,,,,,,,,,,,,,,,,,,,
1.1815788174668949,268.63,6891520,5,6,4.965122699737549,2058,0,176,0,145,0.0010386475,0.07578125,0.5145411874982528,-0.45618618791922927,-0.0006456183531554416,10743,0.36406469345092773,3e-05,0.08,1.2447715997695923,,,,,,,,,,,,,,,,,,,,,,,,,,,,,,,,,,,,,
1.1815788174668949,,,,6,,2058,0,,,,0.0012298238,0.06494140625,0.6438782244571485,-0.43627377413213253,-4.7176294901873914e-05,10751,0.2706283926963806,3e-05,0.08,0.14777889847755432,,,,,,,,,0.7040448188781738,31.916666666666668,0.007324701761839227,1925,0.4967447916666667,149,0.001823180066790061,0.0774025974025974,,,,,,,,,,,,,,,,,,,,,
,,,,,,,,,,,,,,,,,,,,,,,,,,,,,,,,,,,,,0,2.100657331293931,90.85393717390568,5.2178222274780275,4,3200000,0.86,261.61,,,,,,,,,,,,,
,,,,,,,,,,,,,,,,,,,,,,,,,,,,,,,,,,,,,1,3.1906397859600246,127.73267827772187,4.297664291858673,4,3200000,0.53,305.73,,,,,,,,,,,,,
,,,,,,,,,,,,,,,,,,,,,,,,,,,,,,,,,,,,,,,,,4,3200000,,,0.86,0.86,0,0.32999999999999996,0,0,0,217.8,0.53,0,0.0,0.86,6.0
1.1438076222936313,266.84,6896640,1,6,4.997513771057129,2064,6,1446,6,3,,,,,,,,,,,1,4,15,3e-05,11,0.011,440,3200000,,,,,,,,,,,,,,,,,,,,,,,,,,,,,
1.1438076222936313,275.55,6901760,2,6,4.769651412963867,2064,0,283,0,36,0.00081239955,0.0642333984375,0.9782952749053948,-0.44596306020393967,-0.0006666202039923519,10759,0.4044026732444763,3e-05,0.08,0.284603476524353,,,,,,,,,,,,,,,,,,,,,,,,,,,,,,,,,,,,,
1.1438076222936313,275.06,6906880,3,6,4.810572624206543,2064,0,222,0,68,0.0012151536,0.0699951171875,0.9758464083017315,-0.4456192028708756,-0.0005904451012611389,10767,0.6679757833480835,3e-05,0.08,0.31809157133102417,,,,,,,,,,,,,,,,,,,,,,,,,,,,,,,,,,,,,
1.2314213265975316,275.89,6912000,4,6,4.785823822021484,2070,6,193,6,106,0.0013666041,0.079443359375,1.0944242203142494,-0.43847498213872316,0.0002504650998162106,10775,0.47131574153900146,3e-05,0.08,0.1051386296749115,,,,,,,,,,,,,,,,,,,,,,,,,,,,,,,,,,,,,
1.2314213265975316,272.91,6917120,5,6,4.881435394287109,2070,0,190,0,134,0.0016422626,0.075927734375,0.8901774508412927,-0.44481627210043373,0.0006179420845001005,10783,0.45747220516204834,3e-05,0.08,1.2276321649551392,,,,,,,,,,,,,,,,,,,,,,,,,,,,,,,,,,,,,
1.2314213265975316,,,,6,,2070,0,,,,0.001305845,0.0674560546875,0.7547153442326817,-0.41138136070221665,-0.0001396521314745769,10791,0.15149402618408203,3e-05,0.08,-0.006244168151170015,,,,,,,,,0.7001526355743408,31.833333333333332,0.007327512977752954,1925,0.4915364583333333,105,0.0018106431774477822,0.05454545454545454,,,,,,,,,,,,,,,,,,,,,
,,,,,,,,,,,,,,,,,,,,,,,,,,,,,,,,,,,,,0,2.1382764968534946,86.25224866633913,5.054736210927367,4,3225600,0.9,264.64,,,,,,,,,,,,,
,,,,,,,,,,,,,,,,,,,,,,,,,,,,,,,,,,,,,1,3.209995415827282,127.48541093003544,4.536365644782782,4,3225600,0.58,292.1,,,,,,,,,,,,,
,,,,,,,,,,,,,,,,,,,,,,,,,,,,,,,,,,,,,,,,,4,3225600,,,0.9,0.9,0,0.32000000000000006,0,0,0,217.8,0.58,0,0.0,0.9,6.0
1.2314213265975316,271.24,6922240,1,6,4.9417948722839355,2070,0,1493,0,3,,,,,,,,,,,1,4,15,3e-05,11,0.011,440,3225600,,,,,,,,,,,,,,,,,,,,,,,,,,,,,
1.2314213265975316,264.5,6927360,2,6,5.118799686431885,2070,0,284,0,35,0.00084971247,0.0572998046875,0.8048030344682047,-0.4228345256764442,-0.00036306319816503674,10799,0.20445764064788818,3e-05,0.08,0.5546000599861145,,,,,,,,,,,,,,,,,,,,,,,,,,,,,,,,,,,,,
1.2353109419345856,261.26,6932480,3,6,5.175039768218994,2076,6,213,6,71,0.0009996599,0.05869140625,0.8707079883402912,-0.42631952818483115,-0.0006360495768603869,10807,0.38827937841415405,3e-05,0.08,0.015093669295310974,,,,,,,,,,,,,,,,,,,,,,,,,,,,,,,,,,,,,
1.2353109419345856,255.34,6937600,4,6,5.340289115905762,2076,0,181,0,112,0.0011709782,0.072900390625,0.9123857346537989,-0.42877375669777396,-0.0007334916197578422,10815,0.476823091506958,3e-05,0.08,0.48634931445121765,,,,,,,,,,,,,,,,,,,,,,,,,,,,,,,,,,,,,
1.2353109419345856,255.69,6942720,5,6,5.295048713684082,2076,0,175,0,145,0.00084617676,0.0640625,0.7829422303300817,-0.42586333863437176,0.00037159478524699806,10823,0.5104867815971375,3e-05,0.08,0.01160792913287878,,,,,,,,,,,,,,,,,,,,,,,,,,,,,,,,,,,,,
1.2353109419345856,,,,6,,2076,0,,,,0.001424032,0.0777099609375,0.9237747957929969,-0.4148504056036472,0.0001264020218513906,10831,0.6393557190895081,3e-05,0.08,1.2014708518981934,,,,,,,,,0.6995546221733093,31.75,0.007375665220081548,1925,0.4912109375,105,0.0018699134120245208,0.05454545454545454,,,,,,,,,,,,,,,,,,,,,
,,,,,,,,,,,,,,,,,,,,,,,,,,,,,,,,,,,,,0,2.070104124325921,83.0470083747753,5.398004701733589,4,3251200,0.91,251.88,,,,,,,,,,,,,
,,,,,,,,,,,,,,,,,,,,,,,,,,,,,,,,,,,,,1,3.4910738711598523,129.69633765068312,3.7980901397764684,4,3251200,0.47,319.8,,,,,,,,,,,,,
,,,,,,,,,,,,,,,,,,,,,,,,,,,,,,,,,,,,,,,,,4,3251200,,,0.91,0.91,0,0.44000000000000006,0,0,0,217.8,0.47,0,0.0,0.91,6.0
1.2353109419345856,256.64,6947840,1,6,5.270961761474609,2076,0,1482,0,3,,,,,,,,,,,1,4,15,3e-05,11,0.011,440,3251200,,,,,,,,,,,,,,,,,,,,,,,,,,,,,
1.2879374027252197,264.1,6952960,2,6,5.135970592498779,2082,6,255,6,40,0.0009812408,0.05888671875,0.9050191311514937,-0.42567667132243514,-0.0006539902213262394,10839,0.648369550704956,3e-05,0.08,0.2846037745475769,,,,,,,,,,,,,,,,,,,,,,,,,,,,,,,,,,,,,
1.2879374027252197,271.01,6958080,3,6,4.975517749786377,2082,0,215,0,71,0.0007412978,0.069140625,0.942835388390813,-0.399136708304286,0.0006885047696414404,10847,0.7016260623931885,3e-05,0.08,1.2005553245544434,,,,,,,,,,,,,,,,,,,,,,,,,,,,,,,,,,,,,
1.2879374027252197,275.83,6963200,4,6,4.889183521270752,2082,0,193,0,106,0.0011406854,0.0642822265625,0.9127732465742155,-0.4155598836019635,0.0004935817647492513,10855,0.5656325817108154,3e-05,0.08,0.3956601917743683,,,,,,,,,,,,,,,,,,,,,,,,,,,,,,,,,,,,,
1.2879374027252197,273.34,6968320,5,6,4.9663615226745605,2082,0,172,0,148,0.0020678297,0.1010009765625,1.4303769667167217,-0.4216211653314531,0.0008858824672643095,10863,0.4424734115600586,3e-05,0.08,0.30649715662002563,,,,,,,,,,,,,,,,,,,,,,,,,,,,,,,,,,,,,
1.2879374027252197,,,,6,,2082,0,,,,0.0012198305,0.0778076171875,0.8032513353449758,-0.41071828827261925,4.853269492741674e-05,10871,0.44553303718566895,3e-05,0.08,0.005491221323609352,,,,,,,,,0.6993561387062073,31.583333333333332,0.007343740125607333,1925,0.4905598958333333,107,0.0018137106099904347,0.055584415584415584,,,,,,,,,,,,,,,,,,,,,
,,,,,,,,,,,,,,,,,,,,,,,,,,,,,,,,,,,,,0,1.8877575060240752,77.40303030243713,5.315908935070038,4,3276800,0.91,254.53,,,,,,,,,,,,,
,,,,,,,,,,,,,,,,,,,,,,,,,,,,,,,,,,,,,1,3.3168904362377845,130.9208539538297,3.629935186803341,4,3276800,0.43,327.3,,,,,,,,,,,,,
,,,,,,,,,,,,,,,,,,,,,,,,,,,,,,,,,,,,,,,,,4,3276800,,,0.91,0.91,0,0.48000000000000004,0,0,0,217.8,0.43,0,0.0,0.91,6.0
1.2738755941390991,267.6,6973440,1,6,5.110735893249512,2088,6,1528,6,3,,,,,,,,,,,1,4,15,3e-05,11,0.011,440,3276800,,,,,,,,,,,,,,,,,,,,,,,,,,,,,
1.2738755941390991,255.71,6978560,2,6,5.354644775390625,2088,0,276,0,36,0.0014557898,0.0682373046875,0.7884977076668293,-0.4187409210950136,4.9955822760239244e-05,10879,0.5308176279067993,3e-05,0.08,0.571239173412323,,,,,,,,,,,,,,,,,,,,,,,,,,,,,,,,,,,,,
1.2738755941390991,247.94,6983680,3,6,5.5396223068237305,2088,0,207,0,74,0.0013537601,0.068408203125,1.06859433586651,-0.40946514774113896,-0.00022132731974124908,10887,0.4582669734954834,3e-05,0.08,0.5239244103431702,,,,,,,,,,,,,,,,,,,,,,,,,,,,,,,,,,,,,
1.2738755941390991,252.57,6988800,4,6,5.431495189666748,2088,0,185,0,110,0.00069925387,0.06484375,1.1262113046104787,-0.4278139897622168,0.00017062249826267363,10895,0.20926356315612793,3e-05,0.08,0.5653883814811707,,,,,,,,,,,,,,,,,,,,,,,,,,,,,,,,,,,,,
1.2392369483908017,247.64,6993920,5,6,5.538110256195068,2094,6,182,6,140,0.0008870199,0.0598876953125,0.9085776349296794,-0.42075273804366586,-2.3697533470112832e-05,10903,0.3428996205329895,3e-05,0.08,0.7369242906570435,,,,,,,,,,,,,,,,,,,,,,,,,,,,,,,,,,,,,
1.2392369483908017,,,,6,,2094,6,,,,0.0010209322,0.0570068359375,1.2169442120357417,-0.4194674983620644,-1.0205138823948801e-05,10911,0.09078198671340942,3e-05,0.08,0.5318577885627747,,,,,,,,,0.6982120871543884,31.666666666666668,0.007302814469993604,1925,0.4908854166666667,32,0.0018001554848061459,0.016623376623376623,,,,,,,,,,,,,,,,,,,,,
,,,,,,,,,,,,,,,,,,,,,,,,,,,,,,,,,,,,,0,2.0933776303093765,84.64682155875671,5.150656535029412,4,3302400,0.9,260.66,,,,,,,,,,,,,
,,,,,,,,,,,,,,,,,,,,,,,,,,,,,,,,,,,,,1,3.5206403091662297,130.48298394809953,3.8332601858861746,4,3302400,0.47,318.53,,,,,,,,,,,,,
,,,,,,,,,,,,,,,,,,,,,,,,,,,,,,,,,,,,,,,,,4,3302400,,,0.9,0.9,0,0.43000000000000005,0,0,0,217.8,0.47,0,0.0,0.9,6.0
1.2392369483908017,253.73,6999040,1,6,5.383601665496826,2094,0,1495,0,3,,,,,,,,,,,1,4,15,3e-05,11,0.011,440,3302400,,,,,,,,,,,,,,,,,,,,,,,,,,,,,
1.2392369483908017,256.5,7004160,2,6,5.312067985534668,2094,0,257,0,39,0.0014821641,0.075048828125,0.9650462670542765,-0.42880627503618596,-0.0002225373827968724,10919,0.06225144863128662,3e-05,0.08,0.6036256551742554,,,,,,,,,,,,,,,,,,,,,,,,,,,,,,,,,,,,,
1.2392369483908017,260.45,7009280,3,6,5.220098495483398,2094,0,211,0,72,0.001161394,0.0618408203125,0.7460746949276654,-0.4225515072233975,-0.0003917509107850492,10927,0.12709695100784302,3e-05,0.08,0.17366191744804382,,,,,,,,,,,,,,,,,,,,,,,,,,,,,,,,,,,,,
1.239671528339386,260.2,7014400,4,6,5.196643829345703,2100,6,191,6,106,0.00087010453,0.0766357421875,0.7357769508729689,-0.4209478170610964,0.00019872730335919188,10935,0.3474704623222351,3e-05,0.08,0.30871278047561646,,,,,,,,,,,,,,,,,,,,,,,,,,,,,,,,,,,,,
1.239671528339386,262.43,7019520,5,6,5.110299110412598,2100,0,183,0,139,0.000858536,0.0573486328125,0.8180630666931392,-0.41947737550362946,-0.000626340696180705,10943,0.3741023540496826,3e-05,0.08,0.3878321051597595,,,,,,,,,,,,,,,,,,,,,,,,,,,,,,,,,,,,,
1.239671528339386,,,,6,,2100,0,,,,0.001193734,0.0652099609375,0.9841253779188264,-0.4139502794481814,-0.0003927707250113599,10951,0.35619330406188965,3e-05,0.08,0.015408637002110481,,,,,,,,,0.6966912746429443,31.583333333333332,0.007297911931180921,1925,0.49001736111111116,106,0.0017822902013968456,0.05506493506493507,,,,,,,,,,,,,,,,,,,,,
,,,,,,,,,,,,,,,,,,,,,,,,,,,,,,,,,,,,,0,1.9637826550640216,86.43361093926367,5.215703302919865,4,3328000,0.87,261.47,,,,,,,,,,,,,
,,,,,,,,,,,,,,,,,,,,,,,,,,,,,,,,,,,,,1,3.0464524630166947,133.95258078887468,4.3895477491617205,4,3328000,0.5,307.19,,,,,,,,,,,,,
,,,,,,,,,,,,,,,,,,,,,,,,,,,,,,,,,,,,,,,,,4,3328000,,,0.87,0.87,0,0.37,0,0,0,217.8,0.5,0,0.0,0.87,6.0
1.239671528339386,260.49,7024640,1,6,5.139235973358154,2100,0,1473,0,3,,,,,,,,,,,1,4,15,3e-05,11,0.011,440,3328000,,,,,,,,,,,,,,,,,,,,,,,,,,,,,
1.239671528339386,252.82,7029760,2,6,5.326534271240234,2100,0,247,0,41,0.0006756157,0.0501220703125,1.1040153438574634,-0.4157860745675862,-0.00010527574631851167,10959,0.38355904817581177,3e-05,0.08,0.2892044484615326,,,,,,,,,,,,,,,,,,,,,,,,,,,,,,,,,,,,,
1.2650081763664882,256.32,7034880,3,6,5.247628688812256,2106,6,200,6,76,0.00080638175,0.062109375,0.6676335197873413,-0.4115321023389697,-0.0007887501298682765,10967,0.29684144258499146,3e-05,0.08,0.18624979257583618,,,,,,,,,,,,,,,,,,,,,,,,,,,,,,,,,,,,,
1.2650081763664882,253.06,7040000,4,6,5.34454345703125,2106,0,188,0,108,0.0009856214,0.0572509765625,0.7048035473941127,-0.3990682017058134,-0.00025676972873043267,10975,0.552349328994751,3e-05,0.08,0.36043593287467957,,,,,,,,,,,,,,,,,,,,,,,,,,,,,,,,,,,,,
1.2650081763664882,253.89,7045120,5,6,5.346130847930908,2106,0,178,0,143,0.0009872338,0.0665771484375,0.8435872214555274,-0.3917149326298386,0.00024172611156245694,10983,0.4311676621437073,3e-05,0.08,0.179198756814003,,,,,,,,,,,,,,,,,,,,,,,,,,,,,,,,,,,,,
1.2650081763664882,,,,6,,2106,0,,,,0.0014592315,0.0604736328125,0.9864052011340391,-0.4001202759798616,-0.00017148707702290266,10991,0.48685407638549805,3e-05,0.08,0.4047500789165497,,,,,,,,,0.6945353746414185,31.5,0.007315302556879823,1925,0.48969184027777785,107,0.0017897620287976722,0.055584415584415584,,,,,,,,,,,,,,,,,,,,,
,,,,,,,,,,,,,,,,,,,,,,,,,,,,,,,,,,,,,0,1.861068999654712,80.65433404349702,5.371284326910972,4,3353600,0.9,254.72,,,,,,,,,,,,,
,,,,,,,,,,,,,,,,,,,,,,,,,,,,,,,,,,,,,1,3.4402854059177983,135.35809211125874,3.590039118416607,4,3353600,0.4,330.13,,,,,,,,,,,,,
,,,,,,,,,,,,,,,,,,,,,,,,,,,,,,,,,,,,,,,,,4,3353600,,,0.9,0.9,0,0.5,0,0,0,217.8,0.4,0,0.0,0.9,6.0
1.2650081763664882,256.07,7050240,1,6,5.299202919006348,2106,0,1501,0,3,,,,,,,,,,,1,4,15,3e-05,11,0.011,440,3353600,,,,,,,,,,,,,,,,,,,,,,,,,,,,,
1.2329728528857231,264.7,7055360,2,6,5.0777058601379395,2112,6,261,6,39,0.0008292768,0.052001953125,0.9928588628506987,-0.4206789235584438,-6.237896595848725e-05,10999,0.49478811025619507,3e-05,0.08,0.6589862108230591,,,,,,,,,,,,,,,,,,,,,,,,,,,,,,,,,,,,,
1.2329728528857231,273.04,7060480,3,6,4.871542930603027,2112,0,204,0,75,0.0026029237,0.0892578125,1.2084348796634004,-0.4196395160630345,0.0010783766134409233,11007,0.4670524001121521,3e-05,0.08,0.7512900829315186,,,,,,,,,,,,,,,,,,,,,,,,,,,,,,,,,,,,,
1.2329728528857231,270.18,7065600,4,6,4.9799089431762695,2112,0,197,0,103,0.001050541,0.06279296875,0.7273437333467883,-0.3873640516772866,0.00028601956291822716,11015,0.5163109302520752,3e-05,0.08,0.30027148127555847,,,,,,,,,,,,,,,,,,,,,,,,,,,,,,,,,,,,,
1.2329728528857231,278.96,7070720,5,6,4.792938709259033,2112,0,185,0,137,0.00091157836,0.0599609375,1.0798418906837468,-0.40669638458639384,-6.47001710603945e-05,11023,0.4133301377296448,3e-05,0.08,0.363914430141449,,,,,,,,,,,,,,,,,,,,,,,,,,,,,,,,,,,,,
1.2329728528857231,,,,6,,2112,0,,,,0.0014790021,0.0726806640625,0.7512210066313856,-0.39502807427197695,-9.68839944107458e-05,11031,0.4438629150390625,3e-05,0.08,0.04197254031896591,,,,,,,,,0.6913962364196777,31.5,0.007294391859270801,1925,0.48969184027777785,105,0.0017734645399744558,0.05454545454545454,,,,,,,,,,,,,,,,,,,,,
,,,,,,,,,,,,,,,,,,,,,,,,,,,,,,,,,,,,,0,2.083898186056401,85.80967544513847,5.098253701254725,4,3379200,0.88,264.14,,,,,,,,,,,,,
,,,,,,,,,,,,,,,,,,,,,,,,,,,,,,,,,,,,,1,3.439987580567556,133.26638886080767,4.119290354251862,4,3379200,0.49,311.64,,,,,,,,,,,,,
,,,,,,,,,,,,,,,,,,,,,,,,,,,,,,,,,,,,,,,,,4,3379200,,,0.88,0.88,0,0.39,0,0,0,217.8,0.49,0,0.0,0.88,6.0
1.1973353053132694,280.62,7075840,1,6,4.741891384124756,2118,6,1454,6,3,,,,,,,,,,,1,4,15,3e-05,11,0.011,440,3379200,,,,,,,,,,,,,,,,,,,,,,,,,,,,,
1.1973353053132694,282.05,7080960,2,6,4.728738307952881,2118,0,256,0,39,0.00093580096,0.05947265625,0.8394535408646334,-0.40133743998594584,-0.00014798407501075416,11039,0.40276652574539185,3e-05,0.08,0.40845245122909546,,,,,,,,,,,,,,,,,,,,,,,,,,,,,,,,,,,,,
1.1973353053132694,283.92,7086080,3,6,4.658721446990967,2118,0,216,0,70,0.0013068762,0.0742431640625,1.005807789802202,-0.3891472388058901,-5.783859232906252e-05,11047,0.4992554187774658,3e-05,0.08,0.6469324231147766,,,,,,,,,,,,,,,,,,,,,,,,,,,,,,,,,,,,,
1.1973353053132694,272.62,7091200,4,6,4.893298149108887,2118,0,196,0,104,0.0012154868,0.0665771484375,1.0737935660887161,-0.40990852294489744,-0.000602906008134596,11055,0.5536694526672363,3e-05,0.08,1.357581377029419,,,,,,,,,,,,,,,,,,,,,,,,,,,,,,,,,,,,,
1.1637486591935158,276.37,7096320,5,6,4.830852508544922,2124,6,189,6,134,0.0013125406,0.080712890625,1.3911735337227582,-0.403935110848397,0.0009847427980275824,11063,0.5476180911064148,3e-05,0.08,1.6458510160446167,,,,,,,,,,,,,,,,,,,,,,,,,,,,,,,,,,,,,
1.1637486591935158,,,,6,,2124,6,,,,0.0011489592,0.071484375,1.3973037928459235,-0.41851455518044534,0.0005978640692774206,11071,0.5834296941757202,3e-05,0.08,0.12292295694351196,,,,,,,,,0.6911000609397888,31.416666666666668,0.0072607463187618695,1925,0.4893663194444445,182,0.0017401455255550366,0.09454545454545454,,,,,,,,,,,,,,,,,,,,,
,,,,,,,,,,,,,,,,,,,,,,,,,,,,,,,,,,,,,0,2.2413097539464575,94.63644963754716,4.8842043942958115,4,3404800,0.85,274.32,,,,,,,,,,,,,
,,,,,,,,,,,,,,,,,,,,,,,,,,,,,,,,,,,,,1,3.40162591845127,135.01210723486986,4.061643306612968,4,3404800,0.46,316.53,,,,,,,,,,,,,
,,,,,,,,,,,,,,,,,,,,,,,,,,,,,,,,,,,,,,,,,4,3404800,,,0.85,0.85,0,0.38999999999999996,0,0,0,217.8,0.46,0,0.0,0.85,6.0
1.1637486591935158,271.51,7101440,1,6,4.938100337982178,2124,0,1518,0,3,,,,,,,,,,,1,4,15,3e-05,11,0.011,440,3404800,,,,,,,,,,,,,,,,,,,,,,,,,,,,,
1.1637486591935158,272.82,7106560,2,6,4.936146259307861,2124,0,272,0,37,0.0012152891,0.05673828125,1.4307221589755499,-0.4010216202586889,-6.492825195891783e-05,11079,0.46131467819213867,3e-05,0.08,0.7086805701255798,,,,,,,,,,,,,,,,,,,,,,,,,,,,,,,,,,,,,
1.1637486591935158,276.41,7111680,3,6,4.882222652435303,2124,0,216,0,71,0.0010763112,0.06650390625,1.0603344550705516,-0.4043192377779633,0.00019777839188463985,11087,0.5404465198516846,3e-05,0.08,0.8338615298271179,,,,,,,,,,,,,,,,,,,,,,,,,,,,,,,,,,,,,
1.1696614970763524,277.64,7116800,4,6,4.919870853424072,2130,6,204,6,100,0.0019063953,0.065234375,1.0547526944545098,-0.39557653944939375,-0.0002454690809827298,11095,0.6051245927810669,3e-05,0.08,0.44527021050453186,,,,,,,,,,,,,,,,,,,,,,,,,,,,,,,,,,,,,
1.1696614970763524,273.04,7121920,5,6,5.019903182983398,2130,0,188,0,135,0.0008523643,0.0648193359375,1.5635029304074124,-0.43517051404342055,-0.0003462106949882582,11103,0.37763911485671997,3e-05,0.08,0.25185686349868774,,,,,,,,,,,,,,,,,,,,,,,,,,,,,,,,,,,,,
1.1696614970763524,,,,6,,2130,0,,,,0.00094269624,0.0686279296875,1.4907860718813026,-0.42854098360985515,-0.0006259023604798131,11111,0.387703537940979,3e-05,0.08,0.29937824606895447,,,,,,,,,0.6913189888000488,31.25,0.007235938277246328,1925,0.48871527777777785,103,0.0017347252753141485,0.05350649350649351,,,,,,,,,,,,,,,,,,,,,
,,,,,,,,,,,,,,,,,,,,,,,,,,,,,,,,,,,,,0,2.1067449594262984,87.05731675166653,5.277707968354225,4,3430400,0.9,256.94,,,,,,,,,,,,,
,,,,,,,,,,,,,,,,,,,,,,,,,,,,,,,,,,,,,1,3.1648718533925915,131.4505443123002,3.9542651403695346,4,3430400,0.46,320.12,,,,,,,,,,,,,
,,,,,,,,,,,,,,,,,,,,,,,,,,,,,,,,,,,,,,,,,4,3430400,,,0.9,0.9,0,0.44,0,0,0,217.8,0.46,0,0.0,0.9,6.0
1.1696614970763524,270.63,7127040,1,6,5.048700332641602,2130,0,1520,0,3,,,,,,,,,,,1,4,15,3e-05,11,0.011,440,3430400,,,,,,,,,,,,,,,,,,,,,,,,,,,,,
1.1696614970763524,267.44,7132160,2,6,5.0609612464904785,2130,0,265,0,38,0.0011286729,0.0599853515625,1.4588329867459833,-0.40386361158452927,2.459308598190546e-05,11119,0.2932778596878052,3e-05,0.08,0.4913695156574249,,,,,,,,,,,,,,,,,,,,,,,,,,,,,,,,,,,,,
1.185588762164116,263.97,7137280,3,6,5.129656791687012,2136,6,203,6,75,0.0009555391,0.067041015625,0.8181553543632617,-0.42291498705744746,9.256263729184866e-05,11127,0.5505876541137695,3e-05,0.08,0.41231682896614075,,,,,,,,,,,,,,,,,,,,,,,,,,,,,,,,,,,,,
1.185588762164116,254.82,7142400,4,6,5.305934429168701,2136,0,186,0,110,0.001128393,0.0628662109375,0.8651259131089318,-0.4125931699294597,-0.0005469070485560224,11135,0.6085914373397827,3e-05,0.08,0.23126813769340515,,,,,,,,,,,,,,,,,,,,,,,,,,,,,,,,,,,,,
1.185588762164116,251.95,7147520,5,6,5.354122161865234,2136,0,177,0,144,0.001549077,0.0691162109375,0.8823469957016641,-0.4241238271817565,5.074202199466527e-05,11143,0.27867841720581055,3e-05,0.08,1.160249948501587,,,,,,,,,,,,,,,,,,,,,,,,,,,,,,,,,,,,,
1.185588762164116,,,,6,,2136,0,,,,0.0010314202,0.0516845703125,0.8376870610518381,-0.40309492414817216,0.0002546176401665434,11151,0.3948167562484741,3e-05,0.08,0.027981353923678398,,,,,,,,,0.689681351184845,31.25,0.007329165278336127,1925,0.48871527777777785,31,0.0018134268749835766,0.016103896103896103,,,,,,,,,,,,,,,,,,,,,
,,,,,,,,,,,,,,,,,,,,,,,,,,,,,,,,,,,,,0,2.005854305460505,87.71445661919135,5.307511438727379,4,3456000,0.87,257.71,,,,,,,,,,,,,
,,,,,,,,,,,,,,,,,,,,,,,,,,,,,,,,,,,,,1,3.096792376790379,131.05604717066663,4.189843946900218,4,3456000,0.49,312.75,,,,,,,,,,,,,
,,,,,,,,,,,,,,,,,,,,,,,,,,,,,,,,,,,,,,,,,4,3456000,,,0.87,0.87,0,0.38,0,0,0,217.8,0.49,0,0.0,0.87,6.0
1.2467130248745282,256.13,7152640,1,6,5.253546237945557,2142,6,1485,6,3,,,,,,,,,,,1,4,15,3e-05,11,0.011,440,3456000,,,,,,,,,,,,,,,,,,,,,,,,,,,,,
1.2467130248745282,258.34,7157760,2,6,5.205984115600586,2142,0,268,0,38,0.00091838295,0.0614990234375,1.04759940803051,-0.40871305521577594,-0.00011037491058232262,11159,0.4157772660255432,3e-05,0.08,0.3809411823749542,,,,,,,,,,,,,,,,,,,,,,,,,,,,,,,,,,,,,
1.2467130248745282,248.78,7162880,3,6,5.407490253448486,2142,0,214,0,71,0.0011501756,0.077783203125,0.9129799555783393,-0.39224332496523856,0.0009614334849175066,11167,0.5071277618408203,3e-05,0.08,0.05043018236756325,,,,,,,,,,,,,,,,,,,,,,,,,,,,,,,,,,,,,
1.2467130248745282,257.36,7168000,4,6,5.2481160163879395,2142,0,187,0,109,0.0010208533,0.062060546875,1.1570949715096503,-0.40281369276344775,-0.0003621445444878191,11175,0.43754130601882935,3e-05,0.08,0.1941099464893341,,,,,,,,,,,,,,,,,,,,,,,,,,,,,,,,,,,,,
1.2872030039628346,249.12,7173120,5,6,5.459074020385742,2148,6,174,6,146,0.0011481555,0.069873046875,1.0262992883566766,-0.40131561513990166,-0.00021666598186129705,11183,0.5033828020095825,3e-05,0.08,0.08082795888185501,,,,,,,,,,,,,,,,,,,,,,,,,,,,,,,,,,,,,
1.2872030039628346,,,,6,,2148,6,,,,0.0010699223,0.07275390625,1.0695141815114766,-0.3905393198132515,0.00035505043197190387,11191,0.4397175908088684,3e-05,0.08,0.01032552681863308,,,,,,,,,0.6890003681182861,31.083333333333332,0.007314490789147299,1925,0.48752170138888884,113,0.0017944064783589958,0.0587012987012987,,,,,,,,,,,,,,,,,,,,,
,,,,,,,,,,,,,,,,,,,,,,,,,,,,,,,,,,,,,0,1.9697382722405385,85.4662336832506,5.5047294262051585,4,3481600,0.89,249.77,,,,,,,,,,,,,
,,,,,,,,,,,,,,,,,,,,,,,,,,,,,,,,,,,,,1,3.528036662815047,134.7692709782167,4.3006423600018024,4,3481600,0.52,301.06,,,,,,,,,,,,,
,,,,,,,,,,,,,,,,,,,,,,,,,,,,,,,,,,,,,,,,,4,3481600,,,0.89,0.89,0,0.37,0,0,0,217.8,0.52,0,0.0,0.89,6.0
1.2872030039628346,246.06,7178240,1,6,5.5543413162231445,2148,0,1471,0,3,,,,,,,,,,,1,4,15,3e-05,11,0.011,440,3481600,,,,,,,,,,,,,,,,,,,,,,,,,,,,,
1.2872030039628346,242.31,7183360,2,6,5.697592735290527,2148,0,257,0,39,0.0014303575,0.0713623046875,0.8285826740670018,-0.423551541659981,-0.0003705645009176806,11199,0.529611349105835,3e-05,0.08,0.9933659434318542,,,,,,,,,,,,,,,,,,,,,,,,,,,,,,,,,,,,,
1.2872030039628346,241.14,7188480,3,6,5.728869438171387,2148,0,197,0,77,0.0012891236,0.0638671875,0.9354783162125386,-0.39835059363394976,-0.0005309121523168869,11207,0.552059531211853,3e-05,0.08,0.3467891216278076,,,,,,,,,,,,,,,,,,,,,,,,,,,,,,,,,,,,,
1.3442510465780895,243.48,7193600,4,6,5.651342868804932,2154,6,182,6,111,0.0012675731,0.04853515625,0.8626985444047023,-0.3772123401518911,-0.00023825511307222768,11215,0.46135973930358887,3e-05,0.08,0.36898472905158997,,,,,,,,,,,,,,,,,,,,,,,,,,,,,,,,,,,,,
1.3442510465780895,243.4,7198720,5,6,5.677366256713867,2154,0,172,0,148,0.0013157466,0.069189453125,0.8717625482240692,-0.38521837489679456,0.0004988268265151419,11223,0.5036028623580933,3e-05,0.08,0.3404664993286133,,,,,,,,,,,,,,,,,,,,,,,,,,,,,,,,,,,,,
1.3442510465780895,,,,6,,2154,0,,,,0.0014632891,0.06328125,0.6686734420247376,-0.3816800371743739,4.327539209043607e-05,11231,0.5867995023727417,3e-05,0.08,0.16467607021331787,,,,,,,,,0.6889548897743225,31.0,0.0073195214694141515,1925,0.4871961805555555,259,0.0017996736936583607,0.13454545454545455,,,,,,,,,,,,,,,,,,,,,
,,,,,,,,,,,,,,,,,,,,,,,,,,,,,,,,,,,,,0,2.2525959424291035,99.65075815065333,4.80022818421945,4,3507200,0.8,281.08,,,,,,,,,,,,,
,,,,,,,,,,,,,,,,,,,,,,,,,,,,,,,,,,,,,1,3.065170625780871,126.26492624636502,4.855918337702751,4,3507200,0.62,281.22,,,,,,,,,,,,,
,,,,,,,,,,,,,,,,,,,,,,,,,,,,,,,,,,,,,,,,,4,3507200,,,0.8,0.8,0,0.18000000000000005,0,0,0,217.8,0.62,0,0.0,0.8,6.0
1.3442510465780895,244.06,7203840,1,6,5.632182598114014,2154,0,1474,0,3,,,,,,,,,,,1,4,15,3e-05,11,0.011,440,3507200,,,,,,,,,,,,,,,,,,,,,,,,,,,,,
1.3442510465780895,253.88,7208960,2,6,5.311429977416992,2154,0,251,0,40,0.0013920193,0.07978515625,0.7643962694419315,-0.4105740811675787,0.0010901462403126061,11239,0.5762587785720825,3e-05,0.08,0.08574026823043823,,,,,,,,,,,,,,,,,,,,,,,,,,,,,,,,,,,,,
1.3335246741771698,258.24,7214080,3,6,5.197361469268799,2160,6,205,6,74,0.0011428564,0.0728759765625,1.0457448853121605,-0.4017108030151576,0.0006836854096036405,11247,0.6056451201438904,3e-05,0.08,0.07399150729179382,,,,,,,,,,,,,,,,,,,,,,,,,,,,,,,,,,,,,
1.3335246741771698,257.45,7219200,4,6,5.219640731811523,2160,0,191,0,107,0.0017314397,0.0693603515625,0.7625826951552881,-0.3815912223886698,0.0004468610626645386,11255,0.7621213793754578,3e-05,0.08,0.31043535470962524,,,,,,,,,,,,,,,,,,,,,,,,,,,,,,,,,,,,,
1.3335246741771698,258.62,7224320,5,6,5.1449713706970215,2160,0,179,0,142,0.000732762,0.044580078125,1.2785888887825423,-0.39270269200205804,-0.0001253437396371737,11263,0.6893036365509033,3e-05,0.08,0.3687416613101959,,,,,,,,,,,,,,,,,,,,,,,,,,,,,,,,,,,,,
1.3335246741771698,,,,6,,2160,0,,,,0.001049951,0.0630126953125,1.104712340340484,-0.38749287677928806,4.195330548100174e-05,11271,0.6075685024261475,3e-05,0.08,1.7368892431259155,,,,,,,,,0.6873421669006348,31.0,0.007317352168372254,1925,0.4871961805555555,259,0.001807624377270923,0.13454545454545455,,,,,,,,,,,,,,,,,,,,,
,,,,,,,,,,,,,,,,,,,,,,,,,,,,,,,,,,,,,0,2.1363256773417074,89.29916628950126,4.972012848556042,4,3532800,0.87,269.33,,,,,,,,,,,,,
,,,,,,,,,,,,,,,,,,,,,,,,,,,,,,,,,,,,,1,3.0750541647726464,129.44978756259124,3.9207417775690554,4,3532800,0.45,323.65,,,,,,,,,,,,,
,,,,,,,,,,,,,,,,,,,,,,,,,,,,,,,,,,,,,,,,,4,3532800,,,0.87,0.87,0,0.42,0,0,0,217.8,0.45,0,0.0,0.87,6.0
1.3335246741771698,263.51,7229440,1,6,5.0501484870910645,2160,0,1498,0,3,,,,,,,,,,,1,4,15,3e-05,11,0.011,440,3532800,,,,,,,,,,,,,,,,,,,,,,,,,,,,,
1.2426365812619526,262.54,7234560,2,6,5.120725154876709,2166,6,269,6,38,0.0015124002,0.0761962890625,1.2842677792301402,-0.41042396016418936,-9.020133875310421e-05,11279,0.4428480267524719,3e-05,0.08,1.0065312385559082,,,,,,,,,,,,,,,,,,,,,,,,,,,,,,,,,,,,,
1.2426365812619526,263.07,7239680,3,6,5.158234119415283,2166,0,203,0,75,0.0009115731,0.0566650390625,0.9937054111389443,-0.41544653652235863,2.292874560225755e-05,11287,0.6506217122077942,3e-05,0.08,0.9410154223442078,,,,,,,,,,,,,,,,,,,,,,,,,,,,,,,,,,,,,
1.2426365812619526,269.2,7244800,4,6,5.022891521453857,2166,0,185,0,110,0.0012650427,0.072265625,1.320459572202526,-0.4205767617560923,5.966966418782249e-05,11295,0.5158331394195557,3e-05,0.08,0.8241627812385559,,,,,,,,,,,,,,,,,,,,,,,,,,,,,,,,,,,,,
1.2426365812619526,271.5,7249920,5,6,4.981042385101318,2166,0,180,0,141,0.0011270305,0.069140625,0.8313779926160351,-0.42823785431683065,-0.00028954742883797736,11303,0.39615756273269653,3e-05,0.08,0.17120949923992157,,,,,,,,,,,,,,,,,,,,,,,,,,,,,,,,,,,,,
1.2426365812619526,,,,6,,2166,0,,,,0.00097533583,0.0634521484375,0.7634783169138245,-0.4253685253672302,-0.0004589180927723646,11311,0.3902212381362915,3e-05,0.08,0.27968859672546387,,,,,,,,,0.6872835159301758,31.0,0.007244856692273262,1925,0.4871961805555555,203,0.001765228992805304,0.10545454545454545,,,,,,,,,,,,,,,,,,,,,
,,,,,,,,,,,,,,,,,,,,,,,,,,,,,,,,,,,,,0,1.864856004222458,78.25220444179193,5.435547977685928,4,3558400,0.92,250.55,,,,,,,,,,,,,
,,,,,,,,,,,,,,,,,,,,,,,,,,,,,,,,,,,,,1,3.2888747481998375,133.64007295717852,4.132445120289922,4,3558400,0.49,310.03,,,,,,,,,,,,,
,,,,,,,,,,,,,,,,,,,,,,,,,,,,,,,,,,,,,,,,,4,3558400,,,0.92,0.92,0,0.43000000000000005,0,0,0,217.8,0.49,0,0.0,0.92,6.0
1.1858157863219578,269.18,7255040,1,6,5.049747467041016,2172,6,1480,6,3,,,,,,,,,,,1,4,15,3e-05,11,0.011,440,3558400,,,,,,,,,,,,,,,,,,,,,,,,,,,,,
1.1858157863219578,265.54,7260160,2,6,5.140689849853516,2172,0,269,0,38,0.0017970015,0.0634521484375,1.2197437512193574,-0.4257865666411817,-0.0008431230424321256,11319,0.3821178078651428,3e-05,0.08,0.720111608505249,,,,,,,,,,,,,,,,,,,,,,,,,,,,,,,,,,,,,
1.1858157863219578,262.05,7265280,3,6,5.1807427406311035,2172,0,210,0,73,0.0007436694,0.0643310546875,1.1158917399472557,-0.42095863511785864,0.00017413172317901627,11327,0.5149624347686768,3e-05,0.08,0.033467598259449005,,,,,,,,,,,,,,,,,,,,,,,,,,,,,,,,,,,,,
1.1858157863219578,262.67,7270400,4,6,5.158888339996338,2172,0,188,0,108,0.00079334993,0.054345703125,1.4284308914036956,-0.420703602861613,-0.0004620446648914367,11335,0.13499528169631958,3e-05,0.08,0.7624046206474304,,,,,,,,,,,,,,,,,,,,,,,,,,,,,,,,,,,,,
1.1993335510293643,257.63,7275520,5,6,5.276340961456299,2178,6,187,6,136,0.001374074,0.0556640625,0.8916599342948757,-0.4022593173198402,7.265312742674724e-05,11343,0.31608283519744873,3e-05,0.08,1.9781094789505005,,,,,,,,,,,,,,,,,,,,,,,,,,,,,,,,,,,,,
1.1993335510293643,,,,6,,2178,6,,,,0.0007979338,0.058544921875,1.1706721650785767,-0.40904170176945626,-0.0005058195965830237,11351,0.3605723977088928,3e-05,0.08,0.5679922699928284,,,,,,,,,0.686165988445282,31.0,0.007222404802159955,1925,0.4871961805555555,107,0.0017530694017639523,0.055584415584415584,,,,,,,,,,,,,,,,,,,,,
,,,,,,,,,,,,,,,,,,,,,,,,,,,,,,,,,,,,,0,1.7982977147780093,76.67970461601949,5.637350586652755,4,3584000,0.92,243.27,,,,,,,,,,,,,
,,,,,,,,,,,,,,,,,,,,,,,,,,,,,,,,,,,,,1,3.4476507839388826,130.91574236889923,4.407354568727315,4,3584000,0.56,295.22,,,,,,,,,,,,,
,,,,,,,,,,,,,,,,,,,,,,,,,,,,,,,,,,,,,,,,,4,3584000,,,0.92,0.92,0,0.36,0,0,0,217.8,0.56,0,0.0,0.92,6.0
1.1993335510293643,257.04,7280640,1,6,5.2855000495910645,2178,0,1906,0,2,,,,,,,,,,,1,4,15,3e-05,11,0.011,440,3584000,,,,,,,,,,,,,,,,,,,,,,,,,,,,,
1.1993335510293643,260.15,7285760,2,6,5.199829578399658,2178,0,294,0,34,0.0010494895,0.0630615234375,1.3756217978836502,-0.40634786589071153,0.00023412033915519713,11359,0.35738635063171387,3e-05,0.08,2.880614757537842,,,,,,,,,,,,,,,,,,,,,,,,,,,,,,,,,,,,,
1.1993335510293643,264.41,7290880,3,6,5.084702968597412,2178,0,228,0,67,0.0011664394,0.07255859375,0.8924774476749008,-0.39804333141073583,0.0011894382492755539,11367,0.3484402894973755,3e-05,0.08,0.9529824256896973,,,,,,,,,,,,,,,,,,,,,,,,,,,,,,,,,,,,,
1.1785232077042262,266.98,7296000,4,6,5.0218892097473145,2184,6,208,6,98,0.0013032684,0.0900146484375,1.1323048781763645,-0.42665906799957154,0.0013431511120870709,11375,0.33946794271469116,3e-05,0.08,0.5853477120399475,,,,,,,,,,,,,,,,,,,,,,,,,,,,,,,,,,,,,
1.1785232077042262,262.31,7301120,5,6,5.098871231079102,2184,0,200,0,127,0.0008749634,0.0590087890625,0.8728752336057368,-0.42882290072739127,-0.0003274130009231158,11383,0.2626038193702698,3e-05,0.08,0.30316001176834106,,,,,,,,,,,,,,,,,,,,,,,,,,,,,,,,,,,,,
1.1785232077042262,,,,6,,2184,0,,,,0.0012501326,0.059619140625,1.1586624864954502,-0.44168497873470186,-0.00025693608185974883,11391,0.2765578627586365,3e-05,0.08,0.028708890080451965,,,,,,,,,0.6841763257980347,30.833333333333332,0.007185519688015769,1925,0.48654513888888884,261,0.0017348841338678336,0.13558441558441559,,,,,,,,,,,,,,,,,,,,,
,,,,,,,,,,,,,,,,,,,,,,,,,,,,,,,,,,,,,0,2.1120166471996242,90.70012734279925,5.153375237863511,4,3609600,0.86,264.87,,,,,,,,,,,,,
,,,,,,,,,,,,,,,,,,,,,,,,,,,,,,,,,,,,,1,3.192786390867272,131.96457517076314,3.685540732592344,4,3609600,0.4,333.03,,,,,,,,,,,,,
,,,,,,,,,,,,,,,,,,,,,,,,,,,,,,,,,,,,,,,,,4,3609600,,,0.86,0.86,0,0.45999999999999996,0,0,0,217.8,0.4,0,0.0,0.86,6.0
1.1785232077042262,262.42,7306240,1,6,5.07803201675415,2184,0,1927,0,2,,,,,,,,,,,1,4,15,3e-05,11,0.011,440,3609600,,,,,,,,,,,,,,,,,,,,,,,,,,,,,
1.1785232077042262,264.28,7311360,2,6,5.0659708976745605,2184,0,297,0,34,0.00084286946,0.0559326171875,0.8176778365363134,-0.44362130025401714,-0.0004689067078288645,11399,0.3131300210952759,3e-05,0.08,0.6207395195960999,,,,,,,,,,,,,,,,,,,,,,,,,,,,,,,,,,,,,
1.2193847944339116,264.05,7316480,3,6,5.060056209564209,2190,6,225,6,68,0.0010104019,0.075048828125,0.8159868640694186,-0.4474180501885712,-0.00039089882193366066,11407,0.3532658815383911,3e-05,0.08,-0.004274079110473394,,,,,,,,,,,,,,,,,,,,,,,,,,,,,,,,,,,,,
1.2193847944339116,257.63,7321600,4,6,5.239208221435547,2190,0,213,0,96,0.0007569496,0.0668701171875,0.9120286979770753,-0.4098870798945427,0.00010328759963158518,11415,0.34811079502105713,3e-05,0.08,0.038029640913009644,,,,,,,,,,,,,,,,,,,,,,,,,,,,,,,,,,,,,
1.2193847944339116,266.0,7326720,5,6,5.07562255859375,2190,0,197,0,129,0.0018293932,0.0744384765625,1.2251458847254981,-0.44902739096432925,-9.609987610019744e-05,11423,0.32094401121139526,3e-05,0.08,0.9835686087608337,,,,,,,,,,,,,,,,,,,,,,,,,,,,,,,,,,,,,
1.2193847944339116,,,,6,,2190,0,,,,0.0009225182,0.068115234375,1.1646858901367523,-0.41547557124868034,7.124327967176214e-05,11431,0.230271577835083,3e-05,0.08,1.4357036352157593,,,,,,,,,0.6835799217224121,30.833333333333332,0.00717869133400217,1925,0.48654513888888884,262,0.0017202749547997438,0.13610389610389612,,,,,,,,,,,,,,,,,,,,,
,,,,,,,,,,,,,,,,,,,,,,,,,,,,,,,,,,,,,0,1.9988916976001336,83.03747286617049,5.457369482964277,4,3635200,0.91,249.91,,,,,,,,,,,,,
,,,,,,,,,,,,,,,,,,,,,,,,,,,,,,,,,,,,,1,3.624009342917526,134.63548529269687,3.9035454739630224,4,3635200,0.47,314.69,,,,,,,,,,,,,
,,,,,,,,,,,,,,,,,,,,,,,,,,,,,,,,,,,,,,,,,4,3635200,,,0.91,0.91,0,0.44000000000000006,0,0,0,217.8,0.47,0,0.0,0.91,6.0
1.2193847944339116,272.13,7331840,1,6,4.944186210632324,2190,0,1804,0,2,,,,,,,,,,,1,4,15,3e-05,11,0.011,440,3635200,,,,,,,,,,,,,,,,,,,,,,,,,,,,,
1.1360933755834897,272.31,7336960,2,6,4.934591293334961,2196,6,307,6,33,0.0009839105,0.0616943359375,1.1368978193146178,-0.41369340661913157,-0.0001506444372353144,11439,0.2944302558898926,3e-05,0.08,0.4607917070388794,,,,,,,,,,,,,,,,,,,,,,,,,,,,,,,,,,,,,
1.1360933755834897,268.69,7342080,3,6,5.010683059692383,2196,0,235,0,65,0.0015885724,0.0720703125,1.1911589557887055,-0.42999282777309417,0.0002200957416789606,11447,0.2720847725868225,3e-05,0.08,0.5929640531539917,,,,,,,,,,,,,,,,,,,,,,,,,,,,,,,,,,,,,
1.1360933755834897,268.21,7347200,4,6,5.016170024871826,2196,0,213,0,95,0.0012330526,0.0697021484375,1.5691990195948164,-0.44031718191690744,0.0001999848347622901,11455,0.17456823587417603,3e-05,0.08,1.027567982673645,,,,,,,,,,,,,,,,,,,,,,,,,,,,,,,,,,,,,
1.1360933755834897,266.56,7352320,5,6,4.9153571128845215,2196,0,203,0,125,0.001185745,0.0756103515625,1.118280519649852,-0.4588784699328244,-0.0005086688630399294,11463,0.06392115354537964,3e-05,0.08,1.2624703645706177,,,,,,,,,,,,,,,,,,,,,,,,,,,,,,,,,,,,,
1.1360933755834897,,,,6,,2196,0,,,,0.004318879,0.09308567176870748,1.446479084172926,-0.4862027846428813,0.00047617148747350894,11471,0.2190074324607849,3e-05,0.08,0.5924200415611267,,,,,,,,,0.6839829683303833,30.833333333333332,0.007142901691956116,1925,0.48654513888888884,262,0.0017327189525807997,0.13610389610389612,,,,,,,,,,,,,,,,,,,,,
,,,,,,,,,,,,,,,,,,,,,,,,,,,,,,,,,,,,,0,2.061926494538548,87.29944959734856,4.919022808820009,4,3660800,0.87,272.19,,,,,,,,,,,,,
,,,,,,,,,,,,,,,,,,,,,,,,,,,,,,,,,,,,,1,3.0127017123008963,129.91286733807394,4.685044787740335,4,3660800,0.57,292.13,,,,,,,,,,,,,
,,,,,,,,,,,,,,,,,,,,,,,,,,,,,,,,,,,,,,,,,4,3660800,,,0.87,0.87,0,0.30000000000000004,0,0,0,217.8,0.57,0,0.0,0.87,6.0
1.0779141361514728,268.23,7357440,1,6,4.842766761779785,2202,6,1854,6,2,,,,,,,,,,,1,4,15,3e-05,11,0.011,440,3660800,,,,,,,,,,,,,,,,,,,,,,,,,,,,,
1.0779141361514728,268.98,7362560,2,6,4.859940052032471,2202,0,329,0,31,0.0010770597,0.066162109375,1.2104874716664198,-0.4435615626163781,0.0001933904510224238,11479,0.2156849503517151,3e-05,0.08,0.0907699465751648,,,,,,,,,,,,,,,,,,,,,,,,,,,,,,,,,,,,,
1.0779141361514728,270.89,7367680,3,6,4.823823928833008,2202,0,260,0,58,0.0010982942,0.0721923828125,0.8480038886678812,-0.46091364827007053,-8.544875308871269e-05,11487,0.3263770341873169,3e-05,0.08,0.6204186677932739,,,,,,,,,,,,,,,,,,,,,,,,,,,,,,,,,,,,,
1.113796668748061,263.86,7372800,4,6,4.977117538452148,2208,6,229,6,89,0.0010436701,0.0621337890625,1.0637016387598124,-0.46435093600302935,-0.0003284514168626629,11495,0.30817461013793945,3e-05,0.08,0.4977983832359314,,,,,,,,,,,,,,,,,,,,,,,,,,,,,,,,,,,,,
1.113796668748061,262.77,7377920,5,6,5.154381275177002,2208,0,212,0,120,0.0011264577,0.0758056640625,0.9329183175228536,-0.47023400785401465,0.00012792366178473457,11503,0.44999414682388306,3e-05,0.08,0.549030601978302,,,,,,,,,,,,,,,,,,,,,,,,,,,,,,,,,,,,,
1.113796668748061,,,,6,,2208,0,,,,0.0015949722,0.0738525390625,1.2787570088810754,-0.46043878719210624,0.00022674458159599453,11511,0.43264472484588623,3e-05,0.08,0.41694360971450806,,,,,,,,,0.6841708421707153,30.833333333333332,0.0071652364938867485,1925,0.48654513888888884,262,0.0017533927516612407,0.13610389610389612,,,,,,,,,,,,,,,,,,,,,
,,,,,,,,,,,,,,,,,,,,,,,,,,,,,,,,,,,,,0,1.9839437743199986,80.47887362531858,5.077782170176506,4,3686400,0.91,263.47,,,,,,,,,,,,,
,,,,,,,,,,,,,,,,,,,,,,,,,,,,,,,,,,,,,1,3.1023458176085725,133.9033845726089,4.367328275740147,4,3686400,0.5,306.94,,,,,,,,,,,,,
,,,,,,,,,,,,,,,,,,,,,,,,,,,,,,,,,,,,,,,,,4,3686400,,,0.91,0.91,0,0.41000000000000003,0,0,0,217.8,0.5,0,0.0,0.91,6.0
1.113796668748061,263.11,7383040,1,6,5.144043445587158,2208,0,1596,0,3,,,,,,,,,,,1,4,15,3e-05,11,0.011,440,3686400,,,,,,,,,,,,,,,,,,,,,,,,,,,,,
1.113796668748061,260.47,7388160,2,6,5.185657501220703,2208,0,303,0,33,0.00073295354,0.0770751953125,0.9412294654292055,-0.45263876747339965,-0.00035692202218342575,11519,0.5928850173950195,3e-05,0.08,0.8233426809310913,,,,,,,,,,,,,,,,,,,,,,,,,,,,,,,,,,,,,
1.1958838949600856,266.02,7393280,3,6,5.027255535125732,2214,6,245,6,62,0.00089161686,0.0566162109375,1.1605827105988282,-0.4503845037892461,-0.00037158144696149977,11527,0.48493748903274536,3e-05,0.08,0.608259916305542,,,,,,,,,,,,,,,,,,,,,,,,,,,,,,,,,,,,,
1.1958838949600856,263.4,7398400,4,6,5.108096122741699,2214,0,220,0,92,0.0009397931,0.06669921875,0.9576983177685179,-0.4457475531846285,0.00020669002697104588,11535,0.5323711633682251,3e-05,0.08,0.8520261645317078,,,,,,,,,,,,,,,,,,,,,,,,,,,,,,,,,,,,,
1.1958838949600856,263.84,7403520,5,6,5.056536674499512,2214,0,207,0,123,0.0009036083,0.0728759765625,0.9062561999540776,-0.42754194112494587,0.00015991441468941048,11543,0.603602409362793,3e-05,0.08,0.4379653036594391,,,,,,,,,,,,,,,,,,,,,,,,,,,,,,,,,,,,,
1.1958838949600856,,,,6,,2214,0,,,,0.000657906,0.05751953125,1.1718974234710913,-0.422917322255671,-0.0003308655956061557,11551,0.537121593952179,3e-05,0.08,0.012387282215058804,,,,,,,,,0.6843950152397156,30.75,0.007182913820129941,1925,0.4862196180555555,262,0.0017533704736462257,0.13610389610389612,,,,,,,,,,,,,,,,,,,,,
,,,,,,,,,,,,,,,,,,,,,,,,,,,,,,,,,,,,,0,2.0356372211430194,86.22435850732668,5.176927694529295,4,3712000,0.88,261.0,,,,,,,,,,,,,
,,,,,,,,,,,,,,,,,,,,,,,,,,,,,,,,,,,,,1,3.1197375565258527,133.9242338040431,4.664669971764088,4,3712000,0.55,293.86,,,,,,,,,,,,,
,,,,,,,,,,,,,,,,,,,,,,,,,,,,,,,,,,,,,,,,,4,3712000,,,0.88,0.88,0,0.32999999999999996,0,0,0,217.8,0.55,0,0.0,0.88,6.0
1.1958838949600856,269.49,7408640,1,6,4.947694778442383,2214,0,1881,0,2,,,,,,,,,,,1,4,15,3e-05,11,0.011,440,3712000,,,,,,,,,,,,,,,,,,,,,,,,,,,,,
1.250865730146567,263.21,7413760,2,6,5.0976243019104,2220,6,279,6,36,0.0010395037,0.0698486328125,0.9801754264801275,-0.44711368465796114,-0.00033906639873748645,11559,0.5357421636581421,3e-05,0.08,0.04208936169743538,,,,,,,,,,,,,,,,,,,,,,,,,,,,,,,,,,,,,
1.250865730146567,262.12,7418880,3,6,5.1325812339782715,2220,0,243,0,63,0.0009987468,0.067529296875,0.7483852077100892,-0.436949600931257,-0.0007353360299021006,11567,0.5037462711334229,3e-05,0.08,0.042882055044174194,,,,,,,,,,,,,,,,,,,,,,,,,,,,,,,,,,,,,
1.250865730146567,265.36,7424000,4,6,5.084953784942627,2220,0,219,0,93,0.0009125957,0.059326171875,0.744178586738417,-0.42604558877646925,0.00010331588564440607,11575,0.591871440410614,3e-05,0.08,1.072320818901062,,,,,,,,,,,,,,,,,,,,,,,,,,,,,,,,,,,,,
1.250865730146567,272.37,7429120,5,6,4.930175304412842,2220,0,208,0,122,0.0008415639,0.0566162109375,1.0201928402297198,-0.4213031280785799,-0.00026577159587759525,11583,0.6649861335754395,3e-05,0.08,0.021374721080064774,,,,,,,,,,,,,,,,,,,,,,,,,,,,,,,,,,,,,
1.250865730146567,,,,6,,2220,0,,,,0.0009087838,0.05146484375,1.4045482839166652,-0.4290882804431021,0.00017292721895501018,11591,0.5185165405273438,3e-05,0.08,0.4258211851119995,,,,,,,,,0.6836491227149963,30.75,0.007172557556965499,1925,0.4862196180555555,262,0.0017390771089243172,0.13610389610389612,,,,,,,,,,,,,,,,,,,,,
,,,,,,,,,,,,,,,,,,,,,,,,,,,,,,,,,,,,,0,1.9457764277471128,78.891709957384,5.412698245644569,4,3737600,0.93,249.59,,,,,,,,,,,,,
,,,,,,,,,,,,,,,,,,,,,,,,,,,,,,,,,,,,,1,3.4015056912283517,134.84885576081098,4.716342567205429,4,3737600,0.57,286.19,,,,,,,,,,,,,
,,,,,,,,,,,,,,,,,,,,,,,,,,,,,,,,,,,,,,,,,4,3737600,,,0.93,0.93,0,0.3600000000000001,1,0,0,217.8,0.57,0,0.0,0.93,6.0
1.1907287165522575,271.83,7434240,1,6,4.92661714553833,2226,6,1513,6,3,,,,,,,,,,,1,4,15,3e-05,11,0.011,440,3737600,,,,,,,,,,,,,,,,,,,,,,,,,,,,,
1.1907287165522575,275.55,7439360,2,6,4.848799228668213,2226,0,12,0,834,0.0017262686,0.081396484375,1.3486877094372176,-0.45597830358892677,0.0008399371334235183,11599,0.47034406661987305,3e-05,0.08,1.0581812858581543,,,,,,,,,,,,,,,,,,,,,,,,,,,,,,,,,,,,,
1.1907287165522575,280.01,7444480,3,6,4.718076229095459,2226,0,17,0,871,0.0011799317,0.0657470703125,1.4892918093129992,-0.4786095251329243,-0.0007111967890523375,11607,0.31678062677383423,3e-05,0.08,0.4354822039604187,,,,,,,,,,,,,,,,,,,,,,,,,,,,,,,,,,,,,
1.1907287165522575,274.69,7449600,4,6,4.798737049102783,2226,0,22,0,903,0.0006305437,0.0673583984375,0.7529945618938655,-0.4569412674754858,-8.715413423487917e-05,11615,0.3296799659729004,3e-05,0.08,0.6427426934242249,,,,,,,,,,,,,,,,,,,,,,,,,,,,,,,,,,,,,
1.1774052331844966,270.51,7454720,5,6,4.930680751800537,2232,6,27,6,937,0.0011541944,0.06865234375,1.1854907138738782,-0.4504111365415156,6.790825864300132e-06,11623,0.39184075593948364,3e-05,0.08,0.7624084949493408,,,,,,,,,,,,,,,,,,,,,,,,,,,,,,,,,,,,,
1.1774052331844966,,,,6,,2232,6,,,,0.001573902,0.082080078125,1.0710780768102268,-0.4665151257067919,-5.1871270989067854e-05,11631,0.3807438611984253,3e-05,0.08,1.394545078277588,,,,,,,,,0.6842650771141052,30.666666666666668,0.0071440932439458555,1925,0.48589409722222215,262,0.0017124785043895919,0.13610389610389612,,,,,,,,,,,,,,,,,,,,,
,,,,,,,,,,,,,,,,,,,,,,,,,,,,,,,,,,,,,0,1.8467286081904546,77.56740036896944,5.376886307895184,4,3763200,0.91,253.28,,,,,,,,,,,,,
,,,,,,,,,,,,,,,,,,,,,,,,,,,,,,,,,,,,,1,3.3965551353576435,132.32827211144263,4.512812996655702,4,3763200,0.56,292.22,,,,,,,,,,,,,
,,,,,,,,,,,,,,,,,,,,,,,,,,,,,,,,,,,,,,,,,4,3763200,,,0.91,0.91,0,0.35,0,0,0,217.8,0.56,0,0.0,0.91,6.0
1.1774052331844966,266.17,7459840,1,6,5.049059867858887,2232,0,1414,0,3,,,,,,,,,,,1,4,15,3e-05,11,0.011,440,3763200,,,,,,,,,,,,,,,,,,,,,,,,,,,,,
1.1774052331844966,272.6,7464960,2,6,4.952983379364014,2232,0,272,0,37,0.0008780168,0.065966796875,0.7374387175426819,-0.4579120917245746,7.496818871004507e-05,11639,0.4167901277542114,3e-05,0.08,0.5067718029022217,,,,,,,,,,,,,,,,,,,,,,,,,,,,,,,,,,,,,
1.1774052331844966,270.53,7470080,3,6,5.014142036437988,2232,0,203,0,75,0.001379792,0.07861328125,0.7587731194740627,-0.4622177189216018,1.5892022929619998e-05,11647,0.549727201461792,3e-05,0.08,0.41507938504219055,,,,,,,,,,,,,,,,,,,,,,,,,,,,,,,,,,,,,
1.2476951678593953,271.67,7475200,4,6,5.038728713989258,2238,6,185,6,110,0.0010239405,0.0786865234375,0.8120638925465755,-0.4355997131206095,0.0005030443513533101,11655,0.4809757471084595,3e-05,0.08,0.01917848363518715,,,,,,,,,,,,,,,,,,,,,,,,,,,,,,,,,,,,,
1.2476951678593953,272.86,7480320,5,6,4.979894638061523,2238,0,179,0,142,0.0010460417,0.0671630859375,0.8139747912966413,-0.42149680545553564,0.0003896920461556874,11663,0.5791903734207153,3e-05,0.08,0.45758527517318726,,,,,,,,,,,,,,,,,,,,,,,,,,,,,,,,,,,,,
1.2476951678593953,,,,6,,2238,0,,,,0.0009658728,0.06083984375,1.3757477844890673,-0.4313901183195412,0.00015577515951008535,11671,0.45665425062179565,3e-05,0.08,0.3115379512310028,,,,,,,,,0.6832579374313354,30.333333333333332,0.007175750152363156,1925,0.4840494791666667,262,0.0017314649124886695,0.13610389610389612,,,,,,,,,,,,,,,,,,,,,
,,,,,,,,,,,,,,,,,,,,,,,,,,,,,,,,,,,,,0,1.8630048073586631,83.87091510172046,5.523156241178513,4,3788800,0.88,250.64,,,,,,,,,,,,,
,,,,,,,,,,,,,,,,,,,,,,,,,,,,,,,,,,,,,1,3.2048689664887426,133.3457232160072,4.321818221658468,4,3788800,0.51,304.91,,,,,,,,,,,,,
,,,,,,,,,,,,,,,,,,,,,,,,,,,,,,,,,,,,,,,,,4,3788800,,,0.88,0.88,0,0.37,0,0,0,217.8,0.51,0,0.0,0.88,6.0
1.2476951678593953,270.83,7485440,1,6,5.0064826011657715,2238,0,1108,0,4,,,,,,,,,,,1,4,15,3e-05,11,0.011,440,3788800,,,,,,,,,,,,,,,,,,,,,,,,,,,,,
1.2476951678593953,267.59,7490560,2,6,5.068145751953125,2238,0,243,0,42,0.0018773858,0.0838623046875,1.2008647519280202,-0.45725916847586634,0.00178434233966982,11679,0.5132118463516235,3e-05,0.08,0.2752542793750763,,,,,,,,,,,,,,,,,,,,,,,,,,,,,,,,,,,,,
1.140272282063961,278.02,7495680,3,6,4.78142786026001,2244,6,211,6,72,0.0011632508,0.075634765625,1.284885192749789,-0.4750576999038458,0.0005467352384584956,11687,0.44952452182769775,3e-05,0.08,0.053680770099163055,,,,,,,,,,,,,,,,,,,,,,,,,,,,,,,,,,,,,
1.140272282063961,281.2,7500800,4,6,4.661055564880371,2244,0,187,0,109,0.00087351224,0.061279296875,1.3275368861271999,-0.48160820165649054,-0.0005353843516786583,11695,0.5022487640380859,3e-05,0.08,1.641025185585022,,,,,,,,,,,,,,,,,,,,,,,,,,,,,,,,,,,,,
1.140272282063961,283.9,7505920,5,6,4.579421043395996,2244,0,182,0,140,0.0011123077,0.0710693359375,0.9727473155944608,-0.5052520779892802,0.000597148560336791,11703,0.5506464242935181,3e-05,0.08,0.08358079940080643,,,,,,,,,,,,,,,,,,,,,,,,,,,,,,,,,,,,,
1.140272282063961,,,,6,,2244,0,,,,0.0010711052,0.071826171875,1.3393937772896607,-0.5004232723265887,0.0008759664342505857,11711,0.38484030961990356,3e-05,0.08,0.14160802960395813,,,,,,,,,0.682960033416748,30.5,0.007119072000637126,1925,0.48578559027777785,262,0.0017125411069353323,0.13610389610389612,,,,,,,,,,,,,,,,,,,,,
,,,,,,,,,,,,,,,,,,,,,,,,,,,,,,,,,,,,,0,2.0041047089468056,84.61076527251127,4.92595656812191,4,3814400,0.88,270.72,,,,,,,,,,,,,
,,,,,,,,,,,,,,,,,,,,,,,,,,,,,,,,,,,,,1,3.0709565279925037,128.2317725838647,4.7358881328999995,4,3814400,0.6,285.65,,,,,,,,,,,,,
,,,,,,,,,,,,,,,,,,,,,,,,,,,,,,,,,,,,,,,,,4,3814400,,,0.88,0.88,0,0.28,0,0,0,217.8,0.6,0,0.0,0.88,6.0
1.140272282063961,286.33,7511040,1,6,4.5540995597839355,2244,0,1402,0,3,,,,,,,,,,,1,4,15,3e-05,11,0.011,440,3814400,,,,,,,,,,,,,,,,,,,,,,,,,,,,,
1.086835615336895,284.59,7516160,2,6,4.568501949310303,2250,6,310,6,33,0.0012744311,0.0865966796875,0.9164670233352809,-0.49698845827952026,0.00030129133665468544,11719,0.5232366323471069,3e-05,0.08,0.17751994729042053,,,,,,,,,,,,,,,,,,,,,,,,,,,,,,,,,,,,,
1.086835615336895,278.53,7521280,3,6,4.708549976348877,2250,0,222,0,68,0.001071974,0.08330078125,1.5118351550365332,-0.48991324119269847,0.00044547198485815896,11727,0.3849235773086548,3e-05,0.08,2.2106523513793945,,,,,,,,,,,,,,,,,,,,,,,,,,,,,,,,,,,,,
1.086835615336895,278.56,7526400,4,6,4.705424785614014,2250,0,195,0,104,0.00090354605,0.0657470703125,1.589696145337075,-0.4824743077158928,0.00021947802451904863,11735,0.1591026782989502,3e-05,0.08,1.626073956489563,,,,,,,,,,,,,,,,,,,,,,,,,,,,,,,,,,,,,
1.086835615336895,276.43,7531520,5,6,4.728207588195801,2250,0,186,0,137,0.0017715751,0.0867431640625,1.3412054388900287,-0.48117878530174496,8.137821714626625e-05,11743,0.20660382509231567,3e-05,0.08,0.02749461680650711,,,,,,,,,,,,,,,,,,,,,,,,,,,,,,,,,,,,,
1.086835615336895,,,,6,,2250,0,,,,0.0009528397,0.0574462890625,0.9634628788597184,-0.4564090482890606,-0.0004354548189439811,11751,0.3752451539039612,3e-05,0.08,0.03995800018310547,,,,,,,,,0.6827810406684875,30.416666666666668,0.007099372661439653,1925,0.48491753472222215,262,0.0016994399459400323,0.13610389610389612,,,,,,,,,,,,,,,,,,,,,
,,,,,,,,,,,,,,,,,,,,,,,,,,,,,,,,,,,,,0,1.937868501175564,85.7576818716551,5.029209867715836,4,3840000,0.86,269.0,,,,,,,,,,,,,
,,,,,,,,,,,,,,,,,,,,,,,,,,,,,,,,,,,,,1,3.0785176511708845,127.93040920750626,4.831413183808326,4,3840000,0.61,282.48,,,,,,,,,,,,,
,,,,,,,,,,,,,,,,,,,,,,,,,,,,,,,,,,,,,,,,,4,3840000,,,0.86,0.86,0,0.25,0,0,0,217.8,0.61,0,0.0,0.86,6.0
1.0416143288215,276.78,7536640,1,6,4.71959924697876,2256,6,1488,6,3,,,,,,,,,,,1,4,15,3e-05,11,0.011,440,3840000,,,,,,,,,,,,,,,,,,,,,,,,,,,,,
1.0416143288215,273.15,7541760,2,6,4.824937343597412,2256,0,263,0,38,0.00087817135,0.0605224609375,1.2408940525201615,-0.4835291217081249,-0.0004214232147205621,11759,0.40346604585647583,3e-05,0.08,1.6352322101593018,,,,,,,,,,,,,,,,,,,,,,,,,,,,,,,,,,,,,
1.0416143288215,274.02,7546880,3,6,4.874602317810059,2256,0,212,0,72,0.0013785498,0.0584716796875,1.1294232011248824,-0.4837894747965038,-0.00012149727990617976,11767,0.4704872965812683,3e-05,0.08,0.9877023696899414,,,,,,,,,,,,,,,,,,,,,,,,,,,,,,,,,,,,,
1.0416143288215,273.33,7552000,4,6,4.912408828735352,2256,0,187,0,109,0.0010009811,0.0696044921875,1.6919241913128644,-0.48725539483129976,-0.00035672806407092137,11775,0.2329084277153015,3e-05,0.08,0.4508078992366791,,,,,,,,,,,,,,,,,,,,,,,,,,,,,,,,,,,,,
1.0548110455274582,268.13,7557120,5,6,4.994431018829346,2262,6,178,6,143,0.0013698966,0.0678955078125,1.3493397150712554,-0.48091971799731253,-0.0002666183951077983,11783,0.06581300497055054,3e-05,0.08,0.9397625923156738,,,,,,,,,,,,,,,,,,,,,,,,,,,,,,,,,,,,,
1.0548110455274582,,,,6,,2262,6,,,,0.0011325147,0.0622314453125,1.1251298435323407,-0.5119287162087858,1.5130230167414993e-05,11791,0.33239394426345825,3e-05,0.08,0.3858177661895752,,,,,,,,,0.6830338835716248,30.583333333333332,0.007104235924513582,1925,0.48556857638888884,187,0.0017242429080265946,0.09714285714285714,,,,,,,,,,,,,,,,,,,,,
,,,,,,,,,,,,,,,,,,,,,,,,,,,,,,,,,,,,,0,2.071032475441678,82.40706523108318,5.2074003721773625,4,3865600,0.92,257.34,,,,,,,,,,,,,
,,,,,,,,,,,,,,,,,,,,,,,,,,,,,,,,,,,,,1,2.983380840547768,126.4263781811375,5.194160302877426,4,3865600,0.66,268.47,,,,,,,,,,,,,
,,,,,,,,,,,,,,,,,,,,,,,,,,,,,,,,,,,,,,,,,4,3865600,,,0.92,0.92,0,0.26,0,0,0,217.8,0.66,0,0.0,0.92,6.0
1.0548110455274582,263.38,7562240,1,6,5.044166564941406,2262,0,1437,0,3,,,,,,,,,,,1,4,15,3e-05,11,0.011,440,3865600,,,,,,,,,,,,,,,,,,,,,,,,,,,,,
1.0548110455274582,259.11,7567360,2,6,5.156657695770264,2262,0,261,0,39,0.00091494265,0.0659423828125,0.9583777164225467,-0.4849017576314509,-5.323413934092969e-05,11799,-0.029204249382019043,3e-05,0.08,1.2023062705993652,,,,,,,,,,,,,,,,,,,,,,,,,,,,,,,,,,,,,
1.0548110455274582,255.63,7572480,3,6,5.175558567047119,2262,0,201,0,76,0.0016185051,0.084228515625,1.2037330467836,-0.4853944081813097,0.00022631515457760543,11807,0.14765828847885132,3e-05,0.08,0.6365203857421875,,,,,,,,,,,,,,,,,,,,,,,,,,,,,,,,,,,,,
1.1218043838938077,261.48,7577600,4,6,5.0451979637146,2268,6,183,6,111,0.00091830146,0.0831787109375,0.9070827754796482,-0.49083152413368225,0.0007162375724874437,11815,0.0037798285484313965,3e-05,0.08,0.6863176226615906,,,,,,,,,,,,,,,,,,,,,,,,,,,,,,,,,,,,,
1.1218043838938077,260.32,7582720,5,6,5.1003804206848145,2268,0,179,0,142,0.0013449481,0.06982421875,0.837217609360232,-0.49681937620043753,-0.00023328344395849853,11823,0.15493959188461304,3e-05,0.08,1.21138334274292,,,,,,,,,,,,,,,,,,,,,,,,,,,,,,,,,,,,,
1.1218043838938077,,,,6,,2268,0,,,,0.0012424455,0.066552734375,1.042551066656597,-0.5068510865792633,8.716268930584193e-05,11831,0.247653067111969,3e-05,0.08,0.442006915807724,,,,,,,,,0.6823747754096985,30.583333333333332,0.0070863143404211815,1925,0.48556857638888884,262,0.0016907365501755795,0.13610389610389612,,,,,,,,,,,,,,,,,,,,,
,,,,,,,,,,,,,,,,,,,,,,,,,,,,,,,,,,,,,0,2.025048361475941,86.5532922539634,5.235860065817833,4,3891200,0.88,259.74,,,,,,,,,,,,,
,,,,,,,,,,,,,,,,,,,,,,,,,,,,,,,,,,,,,1,2.9386844063975035,129.11585340305814,4.769164871200919,4,3891200,0.59,288.58,,,,,,,,,,,,,
,,,,,,,,,,,,,,,,,,,,,,,,,,,,,,,,,,,,,,,,,4,3891200,,,0.88,0.88,0,0.29000000000000004,0,0,0,217.8,0.59,0,0.0,0.88,6.0
1.1218043838938077,260.18,7587840,1,6,5.135777473449707,2268,0,1483,0,3,,,,,,,,,,,1,4,15,3e-05,11,0.011,440,3891200,,,,,,,,,,,,,,,,,,,,,,,,,,,,,
1.1553763051827748,264.89,7592960,2,6,4.98842191696167,2274,6,282,6,36,0.0010371609,0.0712646484375,0.8436545771139208,-0.4819583335891366,-6.253738538362086e-05,11839,0.22346508502960205,3e-05,0.08,0.43149423599243164,,,,,,,,,,,,,,,,,,,,,,,,,,,,,,,,,,,,,
1.1553763051827748,269.88,7598080,3,6,4.863711833953857,2274,0,120,0,127,0.0010787965,0.09130859375,1.0253617267648223,-0.49956493601202967,-0.0001422291388735175,11847,0.30607283115386963,3e-05,0.08,0.6944921016693115,,,,,,,,,,,,,,,,,,,,,,,,,,,,,,,,,,,,,
1.1553763051827748,269.86,7603200,4,6,4.89413595199585,2274,0,126,0,161,0.0013571822,0.06640625,1.1009516862686723,-0.49804526958614587,-9.156007727142423e-05,11855,0.3771899342536926,3e-05,0.08,0.00897694006562233,,,,,,,,,,,,,,,,,,,,,,,,,,,,,,,,,,,,,
1.1553763051827748,264.54,7608320,5,6,5.073645114898682,2274,0,131,0,194,0.0009036255,0.1011962890625,1.0287647108838427,-0.5114157181233168,0.0015597907491610385,11863,0.548877477645874,3e-05,0.08,0.5759314894676208,,,,,,,,,,,,,,,,,,,,,,,,,,,,,,,,,,,,,
1.1553763051827748,,,,6,,2274,0,,,,0.0008036905,0.0753662109375,1.1752474388922565,-0.49982258761301634,-0.00011690265237120911,11871,0.494978129863739,3e-05,0.08,0.7625718712806702,,,,,,,,,0.6807435750961304,30.416666666666668,0.007103610283191022,1925,0.48491753472222215,262,0.0016966175718837943,0.13610389610389612,,,,,,,,,,,,,,,,,,,,,
,,,,,,,,,,,,,,,,,,,,,,,,,,,,,,,,,,,,,0,2.0247475206134795,85.46229812028226,4.795644357204437,4,3916800,0.87,275.66,,,,,,,,,,,,,
,,,,,,,,,,,,,,,,,,,,,,,,,,,,,,,,,,,,,1,2.8938064945089397,125.49765097403218,5.452611825466156,4,3916800,0.68,259.14,,,,,,,,,,,,,
,,,,,,,,,,,,,,,,,,,,,,,,,,,,,,,,,,,,,,,,,4,3916800,,,0.87,0.87,0,0.18999999999999995,0,0,0,217.8,0.68,0,0.0,0.87,6.0
1.1611313397685687,269.79,7613440,1,6,4.9350762367248535,2280,6,1476,6,3,,,,,,,,,,,1,4,15,3e-05,11,0.011,440,3916800,,,,,,,,,,,,,,,,,,,,,,,,,,,,,
1.1611313397685687,263.38,7618560,2,6,5.0726399421691895,2280,0,240,0,42,0.0011898491,0.06142578125,1.3227467350661755,-0.5060244526714086,-0.0007081926320097409,11879,0.2579386234283447,3e-05,0.08,0.8706908226013184,,,,,,,,,,,,,,,,,,,,,,,,,,,,,,,,,,,,,
1.1611313397685687,265.06,7623680,3,6,5.062257766723633,2280,0,201,0,76,0.0009467704,0.062939453125,0.9102374149195385,-0.490655208658427,9.466124174650759e-05,11887,0.18477970361709595,3e-05,0.08,0.19200363755226135,,,,,,,,,,,,,,,,,,,,,,,,,,,,,,,,,,,,,
1.1611313397685687,266.73,7628800,4,6,5.024375915527344,2280,0,179,0,113,0.0006082165,0.0607666015625,1.1659334663068877,-0.4891428455710411,1.5505637566093356e-05,11895,0.12622398138046265,3e-05,0.08,0.9334608912467957,,,,,,,,,,,,,,,,,,,,,,,,,,,,,,,,,,,,,
1.1496101493636768,275.34,7633920,5,6,4.797501087188721,2286,6,175,6,145,0.0013554564,0.063671875,0.9336473179195309,-0.505563230626285,-0.00041849181143334136,11903,0.18347185850143433,3e-05,0.08,0.07058166712522507,,,,,,,,,,,,,,,,,,,,,,,,,,,,,,,,,,,,,
1.1496101493636768,,,,6,,2286,6,,,,0.00084674696,0.083740234375,0.6372995778248878,-0.5137498538941145,-7.881452620495111e-05,11911,0.3255960941314697,3e-05,0.08,0.19954286515712738,,,,,,,,,0.6805216670036316,30.416666666666668,0.007076094994512923,1925,0.48491753472222215,110,0.0016818233119448133,0.05714285714285714,,,,,,,,,,,,,,,,,,,,,
,,,,,,,,,,,,,,,,,,,,,,,,,,,,,,,,,,,,,0,2.0794203567718434,87.48321896226727,4.9963482923805715,4,3942400,0.88,267.92,,,,,,,,,,,,,
,,,,,,,,,,,,,,,,,,,,,,,,,,,,,,,,,,,,,1,3.0038162765131733,127.23607978871401,5.271913689821958,4,3942400,0.66,265.4,,,,,,,,,,,,,
,,,,,,,,,,,,,,,,,,,,,,,,,,,,,,,,,,,,,,,,,4,3942400,,,0.88,0.88,0,0.21999999999999997,0,0,0,217.8,0.66,0,0.0,0.88,6.0
1.1496101493636768,274.92,7639040,1,6,4.816458225250244,2286,0,1426,0,3,,,,,,,,,,,1,4,15,3e-05,11,0.011,440,3942400,,,,,,,,,,,,,,,,,,,,,,,,,,,,,
1.1496101493636768,275.44,7644160,2,6,4.832973003387451,2286,0,262,0,39,0.0014648077,0.0690185546875,1.2658547592232936,-0.5134938053786755,-0.00017317671154160053,11919,0.23275405168533325,3e-05,0.08,0.3569650650024414,,,,,,,,,,,,,,,,,,,,,,,,,,,,,,,,,,,,,
1.1496101493636768,281.34,7649280,3,6,4.735811233520508,2286,0,222,0,69,0.00096069335,0.0610595703125,0.8608203711220994,-0.4985538604669273,-0.00021794748754473404,11927,0.35120755434036255,3e-05,0.08,0.8974547982215881,,,,,,,,,,,,,,,,,,,,,,,,,,,,,,,,,,,,,
1.1640256196260452,276.41,7654400,4,6,4.856297969818115,2292,6,196,6,104,0.0018794981,0.0752197265625,1.0636602559941821,-0.4920909287407994,-0.0001995345955947414,11935,0.3415563106536865,3e-05,0.08,0.500693678855896,,,,,,,,,,,,,,,,,,,,,,,,,,,,,,,,,,,,,
1.1640256196260452,274.39,7659520,5,6,4.87790584564209,2292,0,183,0,139,0.0007302665,0.054052734375,1.2848676122841425,-0.49122271379455923,-0.00023168322368292139,11943,0.24696874618530273,3e-05,0.08,0.7723166346549988,,,,,,,,,,,,,,,,,,,,,,,,,,,,,,,,,,,,,
1.1640256196260452,,,,6,,2292,0,,,,0.0015801362,0.0899169921875,0.9766182718216442,-0.49325009202584624,0.000962362544669304,11951,0.308144211769104,3e-05,0.08,1.119829535484314,,,,,,,,,0.6805916428565979,30.25,0.00707665355660867,1925,0.4842664930555555,108,0.0016700752152571123,0.05610389610389611,,,,,,,,,,,,,,,,,,,,,
,,,,,,,,,,,,,,,,,,,,,,,,,,,,,,,,,,,,,0,2.125776202005276,87.866594334821,4.882856928110122,4,3968000,0.88,272.04,,,,,,,,,,,,,
,,,,,,,,,,,,,,,,,,,,,,,,,,,,,,,,,,,,,1,3.243134317597388,135.97294252901935,4.543743316531181,4,3968000,0.53,296.67,,,,,,,,,,,,,
,,,,,,,,,,,,,,,,,,,,,,,,,,,,,,,,,,,,,,,,,4,3968000,,,0.88,0.88,0,0.35,0,0,0,217.8,0.53,0,0.0,0.88,6.0
1.1640256196260452,271.5,7664640,1,6,4.928617477416992,2292,0,1415,0,3,,,,,,,,,,,1,4,15,3e-05,11,0.011,440,3968000,,,,,,,,,,,,,,,,,,,,,,,,,,,,,
1.1640256196260452,274.05,7669760,2,6,4.83644437789917,2292,0,257,0,39,0.0012502536,0.0728271484375,1.1753639052913059,-0.4749090957455337,-0.0007923183351522311,11959,0.25153809785842896,3e-05,0.08,1.0459126234054565,,,,,,,,,,,,,,,,,,,,,,,,,,,,,,,,,,,,,
1.1358135466774304,264.68,7674880,3,6,4.969114303588867,2298,6,207,6,73,0.0013218917,0.0706787109375,0.9841027686779853,-0.44870732435956595,-0.00036870504263788464,11967,0.2644299268722534,3e-05,0.08,0.6805473566055298,,,,,,,,,,,,,,,,,,,,,,,,,,,,,,,,,,,,,
1.1358135466774304,264.56,7680000,4,6,4.9743547439575195,2298,0,189,0,107,0.0014101688,0.113232421875,1.0243484135484322,-0.5034440246410667,0.00152440167585155,11975,0.42431360483169556,3e-05,0.08,1.9818775653839111,,,,,,,,,,,,,,,,,,,,,,,,,,,,,,,,,,,,,
1.1358135466774304,272.45,7685120,5,6,4.83961296081543,2298,0,187,0,136,0.0013100111,0.059326171875,0.9242890201392584,-0.4528083737939596,1.467257970944047e-05,11983,0.3244723677635193,3e-05,0.08,0.6998106837272644,,,,,,,,,,,,,,,,,,,,,,,,,,,,,,,,,,,,,
1.1358135466774304,,,,6,,2298,0,,,,0.0011208787,0.0682373046875,0.8898943448410137,-0.471034306101501,-0.0003326014499180019,11991,0.3226364850997925,3e-05,0.08,0.24898183345794678,,,,,,,,,0.6803757548332214,30.083333333333332,0.007077162625421151,1925,0.48361545138888884,182,0.0016694638651224565,0.09454545454545454,,,,,,,,,,,,,,,,,,,,,
,,,,,,,,,,,,,,,,,,,,,,,,,,,,,,,,,,,,,0,2.0770118351878706,85.44782969742415,5.180216040536761,4,3993600,0.9,260.22,,,,,,,,,,,,,
,,,,,,,,,,,,,,,,,,,,,,,,,,,,,,,,,,,,,1,3.1038664514144636,132.770437598134,4.592533443570137,4,3993600,0.55,295.53,,,,,,,,,,,,,
,,,,,,,,,,,,,,,,,,,,,,,,,,,,,,,,,,,,,,,,,4,3993600,,,0.9,0.9,0,0.35,0,0,0,217.8,0.55,0,0.0,0.9,6.0
1.1358135466774304,272.91,7690240,1,6,4.825100421905518,2298,0,1606,0,3,,,,,,,,,,,1,4,15,3e-05,11,0.011,440,3993600,,,,,,,,,,,,,,,,,,,,,,,,,,,,,
1.1549041867256165,271.61,7695360,2,6,4.883366584777832,2304,6,335,6,30,0.0015984311,0.071044921875,0.7779217960196547,-0.4942193611524999,0.00018607743841130285,11999,0.43244391679763794,3e-05,0.08,0.8617359399795532,,,,,,,,,,,,,,,,,,,,,,,,,,,,,,,,,,,,,
1.1549041867256165,270.96,7700480,3,6,4.898766994476318,2304,0,238,0,64,0.0012206709,0.092529296875,1.1916518238838762,-0.49762183651328085,0.00026207115879515184,12007,0.23687613010406494,3e-05,0.08,0.019710350781679153,,,,,,,,,,,,,,,,,,,,,,,,,,,,,,,,,,,,,
1.1549041867256165,276.32,7705600,4,6,4.830005168914795,2304,0,223,0,91,0.0011024841,0.068212890625,0.908486844401341,-0.497220304235816,7.16094538802281e-05,12015,0.288208544254303,3e-05,0.08,0.41840860247612,,,,,,,,,,,,,,,,,,,,,,,,,,,,,,,,,,,,,
1.1549041867256165,263.1,7710720,5,6,5.090628147125244,2304,0,211,0,121,0.0013679182,0.069580078125,1.0693887534551323,-0.48513745712116363,-7.570389716420323e-05,12023,0.24713903665542603,3e-05,0.08,0.021440140902996063,,,,,,,,,,,,,,,,,,,,,,,,,,,,,,,,,,,,,
1.1549041867256165,,,,6,,2304,0,,,,0.0010742389,0.070068359375,0.9517223106959136,-0.47538454877212644,-0.0007425023315590807,12031,0.2546340227127075,3e-05,0.08,0.5223845839500427,,,,,,,,,0.6808686852455139,30.0,0.007080478843117963,1925,0.4832899305555555,262,0.0016658487910531494,0.13610389610389612,,,,,,,,,,,,,,,,,,,,,
,,,,,,,,,,,,,,,,,,,,,,,,,,,,,,,,,,,,,0,2.1340478865600603,84.40148102965965,5.2518587624281645,4,4019200,0.91,256.3,,,,,,,,,,,,,
,,,,,,,,,,,,,,,,,,,,,,,,,,,,,,,,,,,,,1,2.973738582067556,134.7861932840304,4.666419188976288,4,4019200,0.53,298.11,,,,,,,,,,,,,
,,,,,,,,,,,,,,,,,,,,,,,,,,,,,,,,,,,,,,,,,4,4019200,,,0.91,0.91,0,0.38,0,0,0,217.8,0.53,0,0.0,0.91,6.0
1.2152582208315532,258.59,7715840,1,6,5.230535984039307,2310,6,1273,6,4,,,,,,,,,,,1,4,15,3e-05,11,0.011,440,4019200,,,,,,,,,,,,,,,,,,,,,,,,,,,,,
1.2152582208315532,263.12,7720960,2,6,5.06231164932251,2310,0,259,0,39,0.0010764257,0.077392578125,0.8049101181852165,-0.48934685327112676,0.00070031852228567,12039,0.4169558882713318,3e-05,0.08,0.3864164650440216,,,,,,,,,,,,,,,,,,,,,,,,,,,,,,,,,,,,,
1.2152582208315532,264.05,7726080,3,6,5.0640645027160645,2310,0,202,0,75,0.0012671184,0.0869384765625,0.9982558389834594,-0.48096440117806194,-0.00018213167932117357,12047,0.42822974920272827,3e-05,0.08,0.2769869267940521,,,,,,,,,,,,,,,,,,,,,,,,,,,,,,,,,,,,,
1.2152582208315532,260.7,7731200,4,6,5.128082752227783,2310,0,191,0,107,0.00095310825,0.062451171875,0.7511434251151513,-0.4997747980058193,-0.0003515692296787165,12055,0.5548511743545532,3e-05,0.08,0.5743311643600464,,,,,,,,,,,,,,,,,,,,,,,,,,,,,,,,,,,,,
1.2207280372579892,261.51,7736320,5,6,5.112943649291992,2316,6,177,6,144,0.0006814465,0.077392578125,1.3712221296562348,-0.49087136341258886,0.0006417153170332312,12063,0.45185601711273193,3e-05,0.08,0.9552269577980042,,,,,,,,,,,,,,,,,,,,,,,,,,,,,,,,,,,,,
1.2207280372579892,,,,6,,2316,6,,,,0.0015096097,0.082177734375,0.96738502602675,-0.4973880802281201,0.00044909754360560327,12071,0.4659133553504944,3e-05,0.08,0.45352429151535034,,,,,,,,,0.6807042360305786,29.916666666666668,0.0071028658553478645,1925,0.482421875,262,0.0016933743631427267,0.13610389610389612,,,,,,,,,,,,,,,,,,,,,
,,,,,,,,,,,,,,,,,,,,,,,,,,,,,,,,,,,,,0,2.1725780812092164,95.28934882766279,5.006654340624809,4,4044800,0.83,271.0,,,,,,,,,,,,,
,,,,,,,,,,,,,,,,,,,,,,,,,,,,,,,,,,,,,1,2.919931208710649,130.61730206982534,4.882256108522415,4,4044800,0.59,285.98,,,,,,,,,,,,,
,,,,,,,,,,,,,,,,,,,,,,,,,,,,,,,,,,,,,,,,,4,4044800,,,0.83,0.83,0,0.24,0,0,0,217.8,0.59,0,0.0,0.83,6.0
1.2207280372579892,265.01,7741440,1,6,5.009485721588135,2316,0,1448,0,3,,,,,,,,,,,1,4,15,3e-05,11,0.011,440,4044800,,,,,,,,,,,,,,,,,,,,,,,,,,,,,
1.2207280372579892,266.15,7746560,2,6,4.959227085113525,2316,0,269,0,38,0.00085149455,0.0644287109375,0.9620705764784361,-0.4842633345164359,0.00029886116390116514,12079,0.5388885736465454,3e-05,0.08,0.685020387172699,,,,,,,,,,,,,,,,,,,,,,,,,,,,,,,,,,,,,
1.2207280372579892,262.9,7751680,3,6,5.046853542327881,2316,0,211,0,72,0.0012787593,0.0815185546875,1.2118289101636037,-0.47528450908139347,-0.00017327255773125216,12087,0.5118507146835327,3e-05,0.08,0.8289985060691833,,,,,,,,,,,,,,,,,,,,,,,,,,,,,,,,,,,,,
1.2013948907454808,263.22,7756800,4,6,5.035887241363525,2322,6,192,6,106,0.0013047697,0.0949462890625,1.4155904422164896,-0.48664445262402295,0.00044295185361988845,12095,0.5047098994255066,3e-05,0.08,0.7420942187309265,,,,,,,,,,,,,,,,,,,,,,,,,,,,,,,,,,,,,
1.2013948907454808,259.01,7761920,5,6,5.148220062255859,2322,0,181,0,141,0.0011240782,0.084521484375,0.8825979662913597,-0.4782910807058215,0.000977172190323472,12103,0.25402259826660156,3e-05,0.08,0.5775071978569031,,,,,,,,,,,,,,,,,,,,,,,,,,,,,,,,,,,,,
1.2013948907454808,,,,6,,2322,0,,,,0.0008148607,0.052490234375,0.8912871199980146,-0.4737395971082151,1.1262728367000819e-05,12111,0.4594421982765198,3e-05,0.08,1.513230323791504,,,,,,,,,0.6803387999534607,29.916666666666668,0.007099632309235957,1925,0.482421875,263,0.001693997393269162,0.13662337662337662,,,,,,,,,,,,,,,,,,,,,
,,,,,,,,,,,,,,,,,,,,,,,,,,,,,,,,,,,,,0,2.1973253100171277,82.07914716905871,5.031697524189949,4,4070400,0.92,261.56,,,,,,,,,,,,,
,,,,,,,,,,,,,,,,,,,,,,,,,,,,,,,,,,,,,1,3.0360907854415022,131.39864687278939,5.127877366840839,4,4070400,0.62,273.66,,,,,,,,,,,,,
,,,,,,,,,,,,,,,,,,,,,,,,,,,,,,,,,,,,,,,,,4,4070400,,,0.92,0.92,0,0.30000000000000004,0,0,0,217.8,0.62,0,0.0,0.92,6.0
1.2013948907454808,257.48,7767040,1,6,5.197885513305664,2322,0,1387,0,3,,,,,,,,,,,1,4,15,3e-05,11,0.011,440,4070400,,,,,,,,,,,,,,,,,,,,,,,,,,,,,
1.2013948907454808,255.62,7772160,2,6,5.274013042449951,2322,0,248,0,41,0.0006885453,0.0548583984375,0.8142885893001222,-0.4641601347364485,-0.0008575117550208234,12119,0.6094039678573608,3e-05,0.08,0.007831458002328873,,,,,,,,,,,,,,,,,,,,,,,,,,,,,,,,,,,,,
1.2942869290709496,254.49,7777280,3,6,5.352923393249512,2328,6,194,6,79,0.0015060274,0.072802734375,0.8048815343587193,-0.4717915093526244,0.000335470940626692,12127,0.6802637577056885,3e-05,0.08,1.3749290704727173,,,,,,,,,,,,,,,,,,,,,,,,,,,,,,,,,,,,,
1.2942869290709496,250.03,7782400,4,6,5.4758381843566895,2328,0,175,0,116,0.0012891188,0.0774658203125,0.9564205184695311,-0.45283640557900073,-0.0006961215432966128,12135,0.6704760193824768,3e-05,0.08,0.024735625833272934,,,,,,,,,,,,,,,,,,,,,,,,,,,,,,,,,,,,,
1.2942869290709496,251.51,7787520,5,6,5.452791690826416,2328,0,168,0,151,0.0010675149,0.0677978515625,1.239650542178424,-0.45480239959433677,-5.089926708023995e-06,12143,0.5628907084465027,3e-05,0.08,0.2505563795566559,,,,,,,,,,,,,,,,,,,,,,,,,,,,,,,,,,,,,
1.2942869290709496,,,,6,,2328,0,,,,0.0009559267,0.0575927734375,1.1196483561769128,-0.45385291865095495,-0.00010720136197051033,12151,0.6381956338882446,3e-05,0.08,0.24044033885002136,,,,,,,,,0.6808696389198303,29.75,0.007168018145661913,1925,0.4817708333333333,262,0.0017456671962119182,0.13610389610389612,,,,,,,,,,,,,,,,,,,,,
,,,,,,,,,,,,,,,,,,,,,,,,,,,,,,,,,,,,,0,2.1722517517628046,90.95410436038608,5.106665960624814,4,4096000,0.87,263.97,,,,,,,,,,,,,
,,,,,,,,,,,,,,,,,,,,,,,,,,,,,,,,,,,,,1,3.1674311497468737,134.4943786929402,4.528823266923427,4,4096000,0.53,298.39,,,,,,,,,,,,,
,,,,,,,,,,,,,,,,,,,,,,,,,,,,,,,,,,,,,,,,,4,4096000,,,0.87,0.87,0,0.33999999999999997,0,0,0,217.8,0.53,0,0.0,0.87,6.0
1.2942869290709496,259.01,7792640,1,6,5.233584403991699,2328,0,1451,0,3,,,,,,,,,,,1,4,15,3e-05,11,0.011,440,4096000,,,,,,,,,,,,,,,,,,,,,,,,,,,,,
1.3636466811100643,256.85,7797760,2,6,5.294219493865967,2334,6,277,6,36,0.001676096,0.092626953125,0.8538438009563833,-0.45023656710982324,0.002063280397851486,12159,0.7187434434890747,3e-05,0.08,0.2876158654689789,,,,,,,,,,,,,,,,,,,,,,,,,,,,,,,,,,,,,
1.3636466811100643,249.77,7802880,3,6,5.420754432678223,2334,0,201,0,76,0.0021707886,0.0892578125,1.2518179976847024,-0.44010324962437153,1.3678608229383827e-05,12167,0.5177489519119263,3e-05,0.08,0.02246459200978279,,,,,,,,,,,,,,,,,,,,,,,,,,,,,,,,,,,,,
1.3636466811100643,251.44,7808000,4,6,5.374598979949951,2334,0,175,0,116,0.0012373644,0.0665771484375,0.6137240077659953,-0.4223545893095434,-2.0430030417628586e-05,12175,0.2775917649269104,3e-05,0.08,0.4874763488769531,,,,,,,,,,,,,,,,,,,,,,,,,,,,,,,,,,,,,
1.34361216177543,258.47,7813120,5,6,5.189722061157227,2340,6,170,6,150,0.0013315507,0.07119140625,0.5225288581801578,-0.40816920902580023,-0.0004987290463759564,12183,0.5287710428237915,3e-05,0.08,0.401838093996048,,,,,,,,,,,,,,,,,,,,,,,,,,,,,,,,,,,,,
1.34361216177543,,,,6,,2340,6,,,,0.0014046413,0.078173828125,0.7693796536303126,-0.4319275237619877,0.0007927411934360862,12191,0.70380699634552,3e-05,0.08,1.0767292976379395,,,,,,,,,0.6798257827758789,29.666666666666668,0.007166677300811781,1925,0.4814453125,263,0.0017382431684980057,0.13662337662337662,,,,,,,,,,,,,,,,,,,,,
,,,,,,,,,,,,,,,,,,,,,,,,,,,,,,,,,,,,,0,2.0226343284785027,83.06333186189921,5.29356959477067,4,4121600,0.91,256.23,,,,,,,,,,,,,
,,,,,,,,,,,,,,,,,,,,,,,,,,,,,,,,,,,,,1,3.05310921152487,132.73533817337415,4.777215604186058,4,4121600,0.57,288.7,,,,,,,,,,,,,
,,,,,,,,,,,,,,,,,,,,,,,,,,,,,,,,,,,,,,,,,4,4121600,,,0.91,0.91,0,0.3400000000000001,0,0,0,217.8,0.57,0,0.0,0.91,6.0
1.34361216177543,253.99,7818240,1,6,5.344841480255127,2340,0,1449,0,3,,,,,,,,,,,1,4,15,3e-05,11,0.011,440,4121600,,,,,,,,,,,,,,,,,,,,,,,,,,,,,
1.34361216177543,257.06,7823360,2,6,5.30056619644165,2340,0,252,0,40,0.0013490642,0.06767578125,1.164514202409191,-0.42034787572920324,8.137059048749507e-05,12199,0.6193567514419556,3e-05,0.08,0.31064602732658386,,,,,,,,,,,,,,,,,,,,,,,,,,,,,,,,,,,,,
1.34361216177543,266.99,7828480,3,6,5.079412460327148,2340,0,201,0,76,0.0009642087,0.0903564453125,0.869550366018666,-0.4304112167097628,-3.477698628557846e-05,12207,0.6757200360298157,3e-05,0.08,0.1491038203239441,,,,,,,,,,,,,,,,,,,,,,,,,,,,,,,,,,,,,
1.342208983997504,268.79,7833600,4,6,5.058962345123291,2346,6,187,6,109,0.0010889943,0.055126953125,0.9216958969656843,-0.4137000006623566,-0.00044662971777142957,12215,0.6569097638130188,3e-05,0.08,0.04607515037059784,,,,,,,,,,,,,,,,,,,,,,,,,,,,,,,,,,,,,
1.342208983997504,262.52,7838720,5,6,5.222949981689453,2346,0,178,0,143,0.0010876491,0.0728271484375,0.6984617307956796,-0.42361970487982037,0.000917076162295416,12223,0.6278390884399414,3e-05,0.08,0.4992177188396454,,,,,,,,,,,,,,,,,,,,,,,,,,,,,,,,,,,,,
1.342208983997504,,,,6,,2346,0,,,,0.002108553,0.0797119140625,0.9335014109907206,-0.4450679258443415,9.815551311476156e-05,12231,0.5790443420410156,3e-05,0.08,0.0025799917057156563,,,,,,,,,0.680695652961731,29.583333333333332,0.007180950869828774,1925,0.4805772569444445,264,0.0017404989026494101,0.13714285714285715,,,,,,,,,,,,,,,,,,,,,
,,,,,,,,,,,,,,,,,,,,,,,,,,,,,,,,,,,,,0,2.0339551270366054,84.02012616034328,5.4104802024737,4,4147200,0.91,252.28,,,,,,,,,,,,,
,,,,,,,,,,,,,,,,,,,,,,,,,,,,,,,,,,,,,1,3.424834875959337,131.32306537695501,4.663992322310805,4,4147200,0.58,287.15,,,,,,,,,,,,,
,,,,,,,,,,,,,,,,,,,,,,,,,,,,,,,,,,,,,,,,,4,4147200,,,0.91,0.91,0,0.33000000000000007,0,0,0,217.8,0.58,0,0.0,0.91,6.0
1.342208983997504,260.73,7843840,1,6,5.252281665802002,2346,0,1480,0,3,,,,,,,,,,,1,4,15,3e-05,11,0.011,440,4147200,,,,,,,,,,,,,,,,,,,,,,,,,,,,,
1.342208983997504,263.67,7848960,2,6,5.166940689086914,2346,0,245,0,41,0.0010189891,0.0753173828125,0.9514082720561419,-0.4335230980999768,0.00040011166565818713,12239,0.7021225690841675,3e-05,0.08,0.19274938106536865,,,,,,,,,,,,,,,,,,,,,,,,,,,,,,,,,,,,,
1.381306029856205,256.61,7854080,3,6,5.293134689331055,2352,6,196,6,77,0.0011918868,0.0897705078125,0.9565925525734201,-0.446061076130718,0.0004265873954864219,12247,0.6949483156204224,3e-05,0.08,0.10126050561666489,,,,,,,,,,,,,,,,,,,,,,,,,,,,,,,,,,,,,
1.381306029856205,253.26,7859200,4,6,5.358267784118652,2352,0,181,0,112,0.0011559081,0.0703857421875,0.8114843566785567,-0.4428933042101562,0.0001905247932882048,12255,0.7147126793861389,3e-05,0.08,0.5428084135055542,,,,,,,,,,,,,,,,,,,,,,,,,,,,,,,,,,,,,
1.381306029856205,259.44,7864320,5,6,5.170787811279297,2352,0,166,0,153,0.00130509,0.0659912109375,1.4137750489346217,-0.4486101885326207,0.0003200543244020082,12263,0.607455313205719,3e-05,0.08,0.007693888619542122,,,,,,,,,,,,,,,,,,,,,,,,,,,,,,,,,,,,,
1.381306029856205,,,,6,,2352,0,,,,0.0014167802,0.0892333984375,0.726594859312172,-0.46368020568042995,0.0005032862274674699,12271,0.590049147605896,3e-05,0.08,1.190106987953186,,,,,,,,,0.6801027059555054,29.583333333333332,0.007171126591439632,1925,0.4805772569444445,264,0.0017496082210150133,0.13714285714285715,,,,,,,,,,,,,,,,,,,,,
,,,,,,,,,,,,,,,,,,,,,,,,,,,,,,,,,,,,,0,1.8827301507984417,80.66000495908737,5.458041347265244,4,4172800,0.9,251.94,,,,,,,,,,,,,
,,,,,,,,,,,,,,,,,,,,,,,,,,,,,,,,,,,,,1,3.3432079409279463,132.18392489255265,4.253701865077018,4,4172800,0.5,308.9,,,,,,,,,,,,,
,,,,,,,,,,,,,,,,,,,,,,,,,,,,,,,,,,,,,,,,,4,4172800,,,0.9,0.9,0,0.4,0,0,0,217.8,0.5,0,0.0,0.9,6.0
1.381306029856205,258.28,7869440,1,6,5.214364051818848,2352,0,1448,0,3,,,,,,,,,,,1,4,15,3e-05,11,0.011,440,4172800,,,,,,,,,,,,,,,,,,,,,,,,,,,,,
1.3625639776388805,255.76,7874560,2,6,5.2824482917785645,2358,6,256,6,39,0.0012822102,0.08486328125,0.7133370337425731,-0.4570786656811833,8.500786207150668e-05,12279,0.7325544357299805,3e-05,0.08,0.5008779764175415,,,,,,,,,,,,,,,,,,,,,,,,,,,,,,,,,,,,,
1.3625639776388805,252.25,7879680,3,6,5.420723915100098,2358,0,201,0,76,0.0013386129,0.07236328125,0.9452035976282787,-0.4388358968310058,0.00035623370204120877,12287,0.658136248588562,3e-05,0.08,0.2157040387392044,,,,,,,,,,,,,,,,,,,,,,,,,,,,,,,,,,,,,
1.3625639776388805,252.52,7884800,4,6,5.421776294708252,2358,0,177,0,115,0.0009863261,0.0593017578125,1.3106146327394526,-0.4458499664440751,-0.00019907044334104284,12295,0.5874742269515991,3e-05,0.08,0.7008326053619385,,,,,,,,,,,,,,,,,,,,,,,,,,,,,,,,,,,,,
1.3625639776388805,253.01,7889920,5,6,5.43662166595459,2358,0,171,0,149,0.00079556816,0.0515625,0.9261945404752623,-0.4285037596710026,-0.0002711816894588992,12303,0.526104211807251,3e-05,0.08,0.017942316830158234,,,,,,,,,,,,,,,,,,,,,,,,,,,,,,,,,,,,,
1.3625639776388805,,,,6,,2358,0,,,,0.0012699093,0.0619384765625,0.8691155380161945,-0.4332941107451916,0.00018348642624914645,12311,0.5495481491088867,3e-05,0.08,0.011137099005281925,,,,,,,,,0.6796290874481201,29.5,0.007128754276950702,1925,0.48025173611111116,264,0.0017320211532237497,0.13714285714285715,,,,,,,,,,,,,,,,,,,,,
,,,,,,,,,,,,,,,,,,,,,,,,,,,,,,,,,,,,,0,2.2051503341062224,94.666131219143,4.778971160203218,4,4198400,0.83,280.06,,,,,,,,,,,,,
,,,,,,,,,,,,,,,,,,,,,,,,,,,,,,,,,,,,,1,3.6066213351062832,132.52306063474384,4.2710849320888515,4,4198400,0.54,297.72,,,,,,,,,,,,,
,,,,,,,,,,,,,,,,,,,,,,,,,,,,,,,,,,,,,,,,,4,4198400,,,0.83,0.83,0,0.2899999999999999,0,0,0,217.8,0.54,0,0.0,0.83,6.0
1.3181854287783306,253.42,7895040,1,6,5.423531532287598,2364,6,1428,6,3,,,,,,,,,,,1,4,15,3e-05,11,0.011,440,4198400,,,,,,,,,,,,,,,,,,,,,,,,,,,,,
1.3181854287783306,252.12,7900160,2,6,5.439772129058838,2364,0,264,0,38,0.00081936794,0.0502197265625,0.8778428639750928,-0.4336374049074948,2.61050314293243e-05,12319,0.36484718322753906,3e-05,0.08,0.898110032081604,,,,,,,,,,,,,,,,,,,,,,,,,,,,,,,,,,,,,
1.3181854287783306,249.45,7905280,3,6,5.48637580871582,2364,0,205,0,74,0.0010644004,0.0819091796875,1.1861246074025984,-0.4440733563154936,0.0006052610027836635,12327,0.3209964632987976,3e-05,0.08,0.7033542990684509,,,,,,,,,,,,,,,,,,,,,,,,,,,,,,,,,,,,,
1.3181854287783306,248.98,7910400,4,6,5.542266368865967,2364,0,178,0,114,0.0012443998,0.0664306640625,1.1488777241436765,-0.4329066987615079,5.8888766216114166e-05,12335,0.14936953783035278,3e-05,0.08,0.44223910570144653,,,,,,,,,,,,,,,,,,,,,,,,,,,,,,,,,,,,,
1.281901257733504,254.41,7915520,5,6,5.381157398223877,2370,6,172,6,148,0.001322728,0.0681884765625,0.7429110190481879,-0.42380212233401837,-0.0006887736657517962,12343,0.17416912317276,3e-05,0.08,0.36281800270080566,,,,,,,,,,,,,,,,,,,,,,,,,,,,,,,,,,,,,
1.281901257733504,,,,6,,2370,6,,,,0.00138491,0.0865966796875,1.026478139165556,-0.44496303889900446,0.00044475061004050075,12351,0.23034358024597168,3e-05,0.08,0.5845891237258911,,,,,,,,,0.6787509918212891,29.583333333333332,0.007070210209103976,1925,0.4805772569444445,264,0.0017322056940741177,0.13714285714285715,,,,,,,,,,,,,,,,,,,,,
,,,,,,,,,,,,,,,,,,,,,,,,,,,,,,,,,,,,,0,2.0929987050271395,90.38731935398903,4.894729253649712,4,4224000,0.84,274.45,,,,,,,,,,,,,
,,,,,,,,,,,,,,,,,,,,,,,,,,,,,,,,,,,,,1,3.3407925330827224,128.70077855242369,4.350072176605463,4,4224000,0.55,299.36,,,,,,,,,,,,,
,,,,,,,,,,,,,,,,,,,,,,,,,,,,,,,,,,,,,,,,,4,4224000,,,0.84,0.84,0,0.2899999999999999,0,0,0,217.8,0.55,0,0.0,0.84,6.0
1.281901257733504,251.12,7920640,1,6,5.423487663269043,2370,0,1445,0,3,,,,,,,,,,,1,4,15,3e-05,11,0.011,440,4224000,,,,,,,,,,,,,,,,,,,,,,,,,,,,,
1.281901257733504,253.11,7925760,2,6,5.412341117858887,2370,0,275,0,37,0.0011879209,0.06982421875,0.897718286523741,-0.42859560283832254,0.0006722999751218595,12359,0.32667428255081177,3e-05,0.08,0.4822922945022583,,,,,,,,,,,,,,,,,,,,,,,,,,,,,,,,,,,,,
1.281901257733504,259.06,7930880,3,6,5.242046356201172,2370,0,298,0,51,0.003973614,0.06865985576923077,0.8166033511694807,-0.44889538907087767,0.002218033616932539,12362,0.3770819902420044,3e-05,0.08,1.8086423873901367,,,,,,,,,,,,,,,,,,,,,,,,,,,,,,,,,,,,,
1.3175883044799168,269.31,7936000,4,6,4.972894191741943,2376,6,244,6,83,0.0016474416,0.09658203125,0.8930750003783032,-0.4372431498020887,0.0018430375523166731,12370,0.3194236159324646,3e-05,0.08,0.32092010974884033,,,,,,,,,,,,,,,,,,,,,,,,,,,,,,,,,,,,,
1.3175883044799168,266.08,7941120,5,6,5.020432949066162,2376,0,218,0,117,0.0017771267,0.0864501953125,0.8104612608643947,-0.45229094764217737,0.0001631077320780605,12378,0.3502015471458435,3e-05,0.08,0.9554654359817505,,,,,,,,,,,,,,,,,,,,,,,,,,,,,,,,,,,,,
1.3175883044799168,,,,6,,2376,0,,,,0.0009219018,0.07021484375,0.8570388435386121,-0.4695774699561298,-0.00032977597147691994,12386,0.4228173494338989,3e-05,0.08,0.18773804605007172,,,,,,,,,0.6789117455482483,29.583333333333332,0.0070438677335499834,1925,0.4805772569444445,264,0.0016941076647532427,0.13714285714285715,,,,,,,,,,,,,,,,,,,,,
,,,,,,,,,,,,,,,,,,,,,,,,,,,,,,,,,,,,,0,1.757873345185028,69.63893953816357,5.238950514793396,4,4249600,0.95,255.91,,,,,,,,,,,,,
,,,,,,,,,,,,,,,,,,,,,,,,,,,,,,,,,,,,,1,2.9938837649060157,127.40432135528215,4.49225480824709,4,4249600,0.56,299.17,,,,,,,,,,,,,
,,,,,,,,,,,,,,,,,,,,,,,,,,,,,,,,,,,,,,,,,4,4249600,,,0.95,0.95,0,0.3899999999999999,1,0,0,217.8,0.56,0,0.0,0.95,6.0
1.3175883044799168,267.23,7946240,1,6,4.977507591247559,2376,0,1438,0,3,,,,,,,,,,,1,4,15,3e-05,11,0.011,440,4249600,,,,,,,,,,,,,,,,,,,,,,,,,,,,,
1.3175883044799168,261.09,7951360,2,6,5.108513355255127,2376,0,267,0,38,0.00077438896,0.066943359375,1.1575227158056804,-0.46301118163391947,0.0006078314137994312,12394,0.32101911306381226,3e-05,0.08,0.8443580865859985,,,,,,,,,,,,,,,,,,,,,,,,,,,,,,,,,,,,,
1.287447380522887,259.6,7956480,3,6,5.132124423980713,2382,6,209,6,73,0.0016212941,0.09677734375,0.8699000356253237,-0.47321904012933375,0.0004014777761767618,12402,0.18413633108139038,3e-05,0.08,0.25403958559036255,,,,,,,,,,,,,,,,,,,,,,,,,,,,,,,,,,,,,
1.287447380522887,246.03,7961600,4,6,5.4601593017578125,2382,0,183,0,111,0.0009599084,0.0677001953125,1.0529793227033224,-0.45170568553730844,-0.0004754244917421602,12410,0.36333656311035156,3e-05,0.08,0.2160024791955948,,,,,,,,,,,,,,,,,,,,,,,,,,,,,,,,,,,,,
1.287447380522887,249.38,7966720,5,6,5.470916271209717,2382,0,172,0,148,0.0014019494,0.073486328125,0.7602640247612726,-0.46183284153230486,-0.0005964771684375591,12418,0.3200719356536865,3e-05,0.08,0.24666531383991241,,,,,,,,,,,,,,,,,,,,,,,,,,,,,,,,,,,,,
1.287447380522887,,,,6,,2382,0,,,,0.0012069942,0.07880859375,0.8190168552770046,-0.46040988359600304,0.00014219852164387703,12426,0.46087950468063354,3e-05,0.08,0.03182113543152809,,,,,,,,,0.6790847182273865,29.583333333333332,0.007058392325121803,1925,0.4805772569444445,264,0.0017189666456969067,0.13714285714285715,,,,,,,,,,,,,,,,,,,,,
,,,,,,,,,,,,,,,,,,,,,,,,,,,,,,,,,,,,,0,1.9855463139758112,85.88224729244106,5.125703001022339,4,4275200,0.87,264.14,,,,,,,,,,,,,
,,,,,,,,,,,,,,,,,,,,,,,,,,,,,,,,,,,,,1,3.3463073647170622,131.41814790963994,4.002119817733765,4,4275200,0.46,319.48,,,,,,,,,,,,,
,,,,,,,,,,,,,,,,,,,,,,,,,,,,,,,,,,,,,,,,,4,4275200,,,0.87,0.87,0,0.41,0,0,0,217.8,0.46,0,0.0,0.87,6.0
1.287447380522887,254.09,7971840,1,6,5.424121856689453,2382,0,1450,0,3,,,,,,,,,,,1,4,15,3e-05,11,0.011,440,4275200,,,,,,,,,,,,,,,,,,,,,,,,,,,,,
1.2485470523436863,258.98,7976960,2,6,5.2776618003845215,2388,6,271,6,37,0.0015971086,0.0920166015625,0.8799412058549934,-0.462392404768616,0.0007603416059282608,12434,0.3640984296798706,3e-05,0.08,0.23057204484939575,,,,,,,,,,,,,,,,,,,,,,,,,,,,,,,,,,,,,
1.2485470523436863,262.02,7982080,3,6,5.256278038024902,2388,0,210,0,72,0.0009838889,0.068798828125,0.9978474224626552,-0.4588799746707082,-0.0001100015506381169,12442,0.3438820242881775,3e-05,0.08,0.8317817449569702,,,,,,,,,,,,,,,,,,,,,,,,,,,,,,,,,,,,,
1.2485470523436863,268.57,7987200,4,6,5.08688497543335,2388,0,187,0,109,0.00096824206,0.0616943359375,0.8894154320005327,-0.4352690942585468,-0.00023385903623420745,12450,0.2972196936607361,3e-05,0.08,0.4806254506111145,,,,,,,,,,,,,,,,,,,,,,,,,,,,,,,,,,,,,
1.2485470523436863,267.42,7992320,5,6,5.034579277038574,2388,0,179,0,142,0.0008835105,0.0596435546875,0.9440376002225094,-0.461347446590662,-9.362799755763262e-06,12458,0.18614590167999268,3e-05,0.08,0.3164052963256836,,,,,,,,,,,,,,,,,,,,,,,,,,,,,,,,,,,,,
1.2485470523436863,,,,6,,2388,0,,,,0.00194479,0.085986328125,0.8938412735238671,-0.4574798752553761,-0.0001270034321350977,12466,0.2755034565925598,3e-05,0.08,0.7959657311439514,,,,,,,,,0.6790339946746826,29.583333333333332,0.007005426545618744,1925,0.4805772569444445,264,0.001682986130330973,0.13714285714285715,,,,,,,,,,,,,,,,,,,,,
,,,,,,,,,,,,,,,,,,,,,,,,,,,,,,,,,,,,,0,1.8628907473814056,68.39255149502758,5.333906497117132,4,4300800,0.97,250.33,,,,,,,,,,,,,
,,,,,,,,,,,,,,,,,,,,,,,,,,,,,,,,,,,,,1,3.0492052999325856,130.4359980986844,4.758985943794251,4,4300800,0.58,288.48,,,,,,,,,,,,,
,,,,,,,,,,,,,,,,,,,,,,,,,,,,,,,,,,,,,,,,,4,4300800,,,0.97,0.97,0,0.39,1,0,0,217.8,0.58,0,0.0,0.97,6.0
1.2123503138621647,260.65,7997440,1,6,5.161956310272217,2394,6,1410,6,3,,,,,,,,,,,1,4,15,3e-05,11,0.011,440,4300800,,,,,,,,,,,,,,,,,,,,,,,,,,,,,
1.2123503138621647,272.04,8002560,2,6,4.883016586303711,2394,0,267,0,38,0.0019171946,0.0899169921875,0.9668277918011882,-0.45068024201318624,0.0008719296805793419,12474,0.35331058502197266,3e-05,0.08,0.5832778811454773,,,,,,,,,,,,,,,,,,,,,,,,,,,,,,,,,,,,,
1.2123503138621647,264.02,8007680,3,6,5.018218517303467,2394,0,216,0,71,0.0009527743,0.06328125,0.8563399709411896,-0.47216387577354907,0.00021257939952192828,12482,0.35341018438339233,3e-05,0.08,1.3928145170211792,,,,,,,,,,,,,,,,,,,,,,,,,,,,,,,,,,,,,
1.2123503138621647,262.76,8012800,4,6,5.076898097991943,2394,0,185,0,110,0.0025066216,0.0800048828125,0.929410880553769,-0.47926563788205384,0.00020960477704647928,12490,-0.3456714153289795,3e-05,0.08,0.3837793171405792,,,,,,,,,,,,,,,,,,,,,,,,,,,,,,,,,,,,,
1.2269753540555637,269.96,8017920,5,6,4.954010486602783,2400,6,174,6,146,0.0013613874,0.0866943359375,0.9531250168802217,-0.46918600322678683,0.0007894887763541192,12498,0.017465531826019287,3e-05,0.08,0.8388410806655884,,,,,,,,,,,,,,,,,,,,,,,,,,,,,,,,,,,,,
1.2269753540555637,,,,6,,2400,6,,,,0.0021175367,0.0705078125,0.6751504990097601,-0.4353056950494647,0.0011897779389983044,12506,0.21820420026779175,3e-05,0.08,0.0336424820125103,,,,,,,,,0.6791771054267883,29.666666666666668,0.006972194479177793,1925,0.48090277777777785,264,0.0016716062312651981,0.13714285714285715,,,,,,,,,,,,,,,,,,,,,
,,,,,,,,,,,,,,,,,,,,,,,,,,,,,,,,,,,,,0,2.061858848968264,81.55382210540472,4.91578334748745,4,4326400,0.92,268.79,,,,,,,,,,,,,
,,,,,,,,,,,,,,,,,,,,,,,,,,,,,,,,,,,,,1,3.1648921595064885,131.4043298373383,4.380323245674372,4,4326400,0.51,307.11,,,,,,,,,,,,,
,,,,,,,,,,,,,,,,,,,,,,,,,,,,,,,,,,,,,,,,,4,4326400,,,0.92,0.92,0,0.41000000000000003,0,0,0,217.8,0.51,0,0.0,0.92,6.0
1.2269753540555637,270.56,8023040,1,6,4.933648109436035,2400,0,1441,0,3,,,,,,,,,,,1,4,15,3e-05,11,0.011,440,4326400,,,,,,,,,,,,,,,,,,,,,,,,,,,,,
1.2269753540555637,267.28,8028160,2,6,4.981888294219971,2400,0,265,0,38,0.0009066503,0.057470703125,1.139871052489616,-0.4635829385370016,-0.0004141745448578149,12514,0.14026176929473877,3e-05,0.08,0.06096608564257622,,,,,,,,,,,,,,,,,,,,,,,,,,,,,,,,,,,,,
1.2083420231938362,268.9,8033280,3,6,4.928918361663818,2406,6,208,6,73,0.0014147339,0.07998046875,0.7050264475517907,-0.4983415722846985,0.00030359245574800297,12522,0.3239660859107971,3e-05,0.08,0.34594807028770447,,,,,,,,,,,,,,,,,,,,,,,,,,,,,,,,,,,,,
1.2083420231938362,275.93,8038400,4,6,4.7789387702941895,2406,0,192,0,106,0.0013504734,0.075341796875,0.8088453327916796,-0.4730586280114949,-5.53393445443362e-05,12530,0.08864390850067139,3e-05,0.08,0.7565426826477051,,,,,,,,,,,,,,,,,,,,,,,,,,,,,,,,,,,,,
1.2083420231938362,269.11,8043520,5,6,4.917757987976074,2406,0,183,0,139,0.0014819328,0.08134765625,0.9065238242939813,-0.46833843672648073,-0.000473872700240463,12538,0.1929219365119934,3e-05,0.08,0.4296993315219879,,,,,,,,,,,,,,,,,,,,,,,,,,,,,,,,,,,,,
1.2083420231938362,,,,6,,2406,0,,,,0.0006593921,0.0541748046875,0.867695817706408,-0.45360916657373307,-1.3862187915947289e-05,12546,0.21860677003860474,3e-05,0.08,0.6918509602546692,,,,,,,,,0.6791784167289734,29.583333333333332,0.0069843915783884426,1925,0.4805772569444445,264,0.0016641507416536316,0.13714285714285715,,,,,,,,,,,,,,,,,,,,,
,,,,,,,,,,,,,,,,,,,,,,,,,,,,,,,,,,,,,0,2.213008427058979,91.10847326127247,4.843146021440625,4,4352000,0.86,274.31,,,,,,,,,,,,,
,,,,,,,,,,,,,,,,,,,,,,,,,,,,,,,,,,,,,1,3.6136422206653953,127.0288549897227,3.840003418922424,4,4352000,0.49,316.7,,,,,,,,,,,,,
,,,,,,,,,,,,,,,,,,,,,,,,,,,,,,,,,,,,,,,,,4,4352000,,,0.86,0.86,0,0.37,0,0,0,217.8,0.49,0,0.0,0.86,6.0
1.2083420231938362,273.29,8048640,1,6,4.863330841064453,2406,0,1423,0,3,,,,,,,,,,,1,4,15,3e-05,11,0.011,440,4352000,,,,,,,,,,,,,,,,,,,,,,,,,,,,,
1.194159060716629,267.76,8053760,2,6,4.979277610778809,2412,6,268,6,38,0.0010369899,0.063916015625,0.8892746343975887,-0.44185210382565854,-0.00024484459718223663,12554,0.184781014919281,3e-05,0.08,0.021081719547510147,,,,,,,,,,,,,,,,,,,,,,,,,,,,,,,,,,,,,
1.194159060716629,266.58,8058880,3,6,5.084385395050049,2412,0,204,0,74,0.00088603067,0.0648681640625,0.9160517318174243,-0.4633171813562512,-0.0006979313067859039,12562,0.23992323875427246,3e-05,0.08,0.8824626803398132,,,,,,,,,,,,,,,,,,,,,,,,,,,,,,,,,,,,,
1.194159060716629,265.57,8064000,4,6,5.123075008392334,2412,0,185,0,110,0.001588385,0.0922119140625,0.7092386410397011,-0.46265926798805596,0.0003718060994287953,12570,0.20902836322784424,3e-05,0.08,0.0858568325638771,,,,,,,,,,,,,,,,,,,,,,,,,,,,,,,,,,,,,
1.194159060716629,267.96,8069120,5,6,5.058296203613281,2412,0,173,0,147,0.0011583057,0.069677734375,0.9899528112320695,-0.46324503151699903,-0.00023115542862797155,12578,0.320828378200531,3e-05,0.08,0.0422840341925621,,,,,,,,,,,,,,,,,,,,,,,,,,,,,,,,,,,,,
1.194159060716629,,,,6,,2412,0,,,,0.0010287091,0.0695556640625,0.9088763480249327,-0.42980527887120845,0.0001666071024374105,12586,0.44682276248931885,3e-05,0.08,0.6694985628128052,,,,,,,,,0.6780062317848206,29.416666666666668,0.007012107019515985,1925,0.47992621527777785,265,0.001684799064037113,0.13766233766233765,,,,,,,,,,,,,,,,,,,,,
,,,,,,,,,,,,,,,,,,,,,,,,,,,,,,,,,,,,,0,1.9816048186146185,81.16154015295669,5.158158258199692,4,4377600,0.91,260.38,,,,,,,,,,,,,
,,,,,,,,,,,,,,,,,,,,,,,,,,,,,,,,,,,,,1,4.0985777947273725,129.5138432755356,3.70192902892828,4,4377600,0.49,314.62,,,,,,,,,,,,,
,,,,,,,,,,,,,,,,,,,,,,,,,,,,,,,,,,,,,,,,,4,4377600,,,0.91,0.91,0,0.42000000000000004,0,0,0,217.8,0.49,0,0.0,0.91,6.0
1.2463374957442284,265.78,8074240,1,6,5.115821361541748,2418,6,1812,6,2,,,,,,,,,,,1,4,15,3e-05,11,0.011,440,4377600,,,,,,,,,,,,,,,,,,,,,,,,,,,,,
1.2463374957442284,267.93,8079360,2,6,5.066787242889404,2418,0,301,0,34,0.0010468379,0.0546875,0.9299052194459364,-0.4470735194161534,4.5343574311118576e-05,12594,0.44546252489089966,3e-05,0.08,0.402635395526886,,,,,,,,,,,,,,,,,,,,,,,,,,,,,,,,,,,,,
1.2463374957442284,265.57,8084480,3,6,5.1025166511535645,2418,0,225,0,68,0.0010423538,0.0600341796875,0.9600661798031069,-0.44342949353158473,0.00020731923577841372,12602,0.39919936656951904,3e-05,0.08,0.4125036895275116,,,,,,,,,,,,,,,,,,,,,,,,,,,,,,,,,,,,,
1.2463374957442284,269.48,8089600,4,6,4.948549270629883,2418,0,194,0,105,0.0010058818,0.0735595703125,1.1128847314743324,-0.4637326001189649,-7.717359403613955e-05,12610,0.36699163913726807,3e-05,0.08,0.1423712819814682,,,,,,,,,,,,,,,,,,,,,,,,,,,,,,,,,,,,,
1.2487775484720867,264.7,8094720,5,6,5.079221725463867,2424,6,188,6,135,0.0012026811,0.0851318359375,0.8970284381881356,-0.4393731318414211,0.00017713350389385595,12618,0.41220176219940186,3e-05,0.08,0.01866169273853302,,,,,,,,,,,,,,,,,,,,,,,,,,,,,,,,,,,,,
1.2487775484720867,,,,6,,2424,6,,,,0.0011587206,0.06962890625,0.9865492001335951,-0.44715426983311773,0.00029873117309762163,12626,0.41150063276290894,3e-05,0.08,0.35484784841537476,,,,,,,,,0.6787420511245728,29.416666666666668,0.0069798316368617835,1925,0.47992621527777785,265,0.0016477052097859228,0.13766233766233765,,,,,,,,,,,,,,,,,,,,,
,,,,,,,,,,,,,,,,,,,,,,,,,,,,,,,,,,,,,0,1.9061546735526347,76.61390213270695,5.176281834244728,4,4403200,0.93,258.9,,,,,,,,,,,,,
,,,,,,,,,,,,,,,,,,,,,,,,,,,,,,,,,,,,,1,3.3929773656977567,130.78004434928135,4.058029418289661,4,4403200,0.49,313.4,,,,,,,,,,,,,
,,,,,,,,,,,,,,,,,,,,,,,,,,,,,,,,,,,,,,,,,4,4403200,,,0.93,0.93,0,0.44000000000000006,1,0,0,217.8,0.49,0,0.0,0.93,6.0
1.2487775484720867,269.39,8099840,1,6,4.985700607299805,2424,0,1465,0,3,,,,,,,,,,,1,4,15,3e-05,11,0.011,440,4403200,,,,,,,,,,,,,,,,,,,,,,,,,,,,,
1.2487775484720867,270.0,8104960,2,6,4.909501552581787,2424,0,274,0,37,0.0008852383,0.0563232421875,0.6408939959888812,-0.44553572721779344,-0.0003831419599009678,12634,0.5571295022964478,3e-05,0.08,0.5060325860977173,,,,,,,,,,,,,,,,,,,,,,,,,,,,,,,,,,,,,
1.2487775484720867,281.73,8110080,3,6,4.592341899871826,2424,0,229,0,66,0.000863537,0.0646728515625,0.865190025040647,-0.44272750755771995,0.0005257315933704376,12642,0.5594913363456726,3e-05,0.08,0.609544038772583,,,,,,,,,,,,,,,,,,,,,,,,,,,,,,,,,,,,,
1.162203699350357,286.27,8115200,4,6,4.52260684967041,2430,6,207,6,98,0.0014558156,0.0801513671875,0.9040002621070016,-0.4622168501839042,0.0005337584720109589,12650,0.609081506729126,3e-05,0.08,0.13729000091552734,,,,,,,,,,,,,,,,,,,,,,,,,,,,,,,,,,,,,
1.162203699350357,282.75,8120320,5,6,4.6542510986328125,2430,0,191,0,133,0.0038243446,0.0796142578125,1.2910806893924018,-0.44175606993958355,0.000645907454600092,12658,0.45417922735214233,3e-05,0.08,-0.00038726767525076866,,,,,,,,,,,,,,,,,,,,,,,,,,,,,,,,,,,,,
1.162203699350357,,,,6,,2430,0,,,,0.00090556,0.0737060546875,1.096151338920754,-0.4453240585047752,-5.0958292558789256e-05,12666,0.4737430810928345,3e-05,0.08,0.668414831161499,,,,,,,,,0.6777597665786743,29.416666666666668,0.006989581002452661,1925,0.47992621527777785,265,0.001654083663640871,0.13766233766233765,,,,,,,,,,,,,,,,,,,,,
,,,,,,,,,,,,,,,,,,,,,,,,,,,,,,,,,,,,,0,1.803633019584032,75.49317849978235,5.354413899183274,4,4428800,0.92,254.0,,,,,,,,,,,,,
,,,,,,,,,,,,,,,,,,,,,,,,,,,,,,,,,,,,,1,3.6996429739617454,128.69843627643655,3.638604671508074,4,4428800,0.45,324.75,,,,,,,,,,,,,
,,,,,,,,,,,,,,,,,,,,,,,,,,,,,,,,,,,,,,,,,4,4428800,,,0.92,0.92,0,0.47000000000000003,0,0,0,217.8,0.45,0,0.0,0.92,6.0
1.162203699350357,284.06,8125440,1,6,4.596146106719971,2430,0,1436,0,3,,,,,,,,,,,1,4,15,3e-05,11,0.011,440,4428800,,,,,,,,,,,,,,,,,,,,,,,,,,,,,
1.162203699350357,283.92,8130560,2,6,4.616766929626465,2430,0,262,0,38,0.0011033418,0.0697265625,1.0182604034227551,-0.45669619864784183,0.00022399978479370475,12674,0.5153051614761353,3e-05,0.08,0.4375499486923218,,,,,,,,,,,,,,,,,,,,,,,,,,,,,,,,,,,,,
1.1892996728420258,272.86,8135680,3,6,4.973353862762451,2436,6,221,6,69,0.0012478789,0.0736328125,1.0506935415673069,-0.4598250759765506,0.00030222872010199353,12682,0.4030744433403015,3e-05,0.08,0.3834489583969116,,,,,,,,,,,,,,,,,,,,,,,,,,,,,,,,,,,,,
1.1892996728420258,276.31,8140800,4,6,4.8806352615356445,2436,0,195,0,104,0.000874112,0.062109375,0.9586579959403025,-0.46313427686691283,-2.2398204600904136e-05,12690,0.45336008071899414,3e-05,0.08,0.086656853556633,,,,,,,,,,,,,,,,,,,,,,,,,,,,,,,,,,,,,
1.1892996728420258,272.56,8145920,5,6,4.925545692443848,2436,0,187,0,136,0.0010447104,0.049658203125,1.0388878801604733,-0.4692068309523165,-0.0003830427478533238,12698,0.49607670307159424,3e-05,0.08,0.28042179346084595,,,,,,,,,,,,,,,,,,,,,,,,,,,,,,,,,,,,,
1.1892996728420258,,,,6,,2436,0,,,,0.0010462143,0.0662109375,1.285239463322796,-0.4802688856609166,0.00042995570984203366,12706,0.24895673990249634,3e-05,0.08,0.2755623161792755,,,,,,,,,0.6766707897186279,29.416666666666668,0.006946512569900462,1925,0.47992621527777785,267,0.0016206615689089423,0.13870129870129871,,,,,,,,,,,,,,,,,,,,,
,,,,,,,,,,,,,,,,,,,,,,,,,,,,,,,,,,,,,0,1.9247105843909542,81.67790643742039,4.9749127898574805,4,4454400,0.89,268.86,,,,,,,,,,,,,
,,,,,,,,,,,,,,,,,,,,,,,,,,,,,,,,,,,,,1,3.0069427052175772,129.20802258373897,4.306988890171051,4,4454400,0.51,309.13,,,,,,,,,,,,,
,,,,,,,,,,,,,,,,,,,,,,,,,,,,,,,,,,,,,,,,,4,4454400,,,0.89,0.89,0,0.38,0,0,0,217.8,0.51,0,0.0,0.89,6.0
1.1892996728420258,270.57,8151040,1,6,4.981651782989502,2436,0,1480,0,3,,,,,,,,,,,1,4,15,3e-05,11,0.011,440,4454400,,,,,,,,,,,,,,,,,,,,,,,,,,,,,
1.1695985967914264,278.1,8156160,2,6,4.822518825531006,2442,6,261,6,39,0.0009904292,0.0613037109375,1.1634906206163578,-0.47447894643992183,-0.0002545186842326075,12714,0.29772329330444336,3e-05,0.08,0.03649115934967995,,,,,,,,,,,,,,,,,,,,,,,,,,,,,,,,,,,,,
1.1695985967914264,273.87,8161280,3,6,4.905715465545654,2442,0,214,0,71,0.0009916105,0.06494140625,0.8330723037768621,-0.4613507299683988,-0.0006506878475192934,12722,0.4145469665527344,3e-05,0.08,0.23310601711273193,,,,,,,,,,,,,,,,,,,,,,,,,,,,,,,,,,,,,
1.1695985967914264,268.67,8166400,4,6,5.0365118980407715,2442,0,188,0,108,0.0013711177,0.077783203125,1.3583719941147137,-0.46744614839553833,0.0007993439212441444,12730,0.35765403509140015,3e-05,0.08,2.866175413131714,,,,,,,,,,,,,,,,,,,,,,,,,,,,,,,,,,,,,
1.1695985967914264,266.97,8171520,5,6,5.098110675811768,2442,0,178,0,143,0.0012443379,0.084521484375,0.6351942299108486,-0.4831824293360114,-0.0004434924601810053,12738,0.4130748510360718,3e-05,0.08,0.2806120216846466,,,,,,,,,,,,,,,,,,,,,,,,,,,,,,,,,,,,,
1.1695985967914264,,,,6,,2442,0,,,,0.0018518129,0.0896484375,0.8588448121445253,-0.48944349428638817,0.0010012898332206533,12746,0.4098382592201233,3e-05,0.08,0.07019291818141937,,,,,,,,,0.6766175031661987,29.333333333333332,0.006978837063465771,1925,0.4796006944444445,267,0.001635071771777343,0.13870129870129871,,,,,,,,,,,,,,,,,,,,,
,,,,,,,,,,,,,,,,,,,,,,,,,,,,,,,,,,,,,0,1.7656865977824718,70.44307985884774,5.391745403185487,4,4480000,0.95,249.95,,,,,,,,,,,,,
,,,,,,,,,,,,,,,,,,,,,,,,,,,,,,,,,,,,,1,3.635211824246841,127.8560420942241,4.294915080815554,4,4480000,0.56,297.65,,,,,,,,,,,,,
,,,,,,,,,,,,,,,,,,,,,,,,,,,,,,,,,,,,,,,,,4,4480000,,,0.95,0.95,0,0.3899999999999999,1,0,0,217.8,0.56,0,0.0,0.95,6.0
1.2033483510216076,268.1,8176640,1,6,5.087560176849365,2448,6,1422,6,3,,,,,,,,,,,1,4,15,3e-05,11,0.011,440,4480000,,,,,,,,,,,,,,,,,,,,,,,,,,,,,
1.2033483510216076,264.55,8181760,2,6,5.161769390106201,2448,0,277,0,36,0.0011182457,0.08046875,0.9193035973701627,-0.471256395149976,-0.00038789550599176436,12754,0.48115020990371704,3e-05,0.08,0.27324554324150085,,,,,,,,,,,,,,,,,,,,,,,,,,,,,,,,,,,,,
1.2033483510216076,265.29,8186880,3,6,5.104036808013916,2448,0,218,0,70,0.0013545796,0.093896484375,1.0539497651567218,-0.47986905826255677,0.0008612400153651834,12762,0.47041797637939453,3e-05,0.08,0.5010614991188049,,,,,,,,,,,,,,,,,,,,,,,,,,,,,,,,,,,,,
1.2033483510216076,258.8,8192000,4,6,5.259886264801025,2448,0,196,0,104,0.00096110033,0.0837646484375,0.841827785782516,-0.4688349354080856,0.0006867999691166915,12770,0.47454553842544556,3e-05,0.08,0.19055797159671783,,,,,,,,,,,,,,,,,,,,,,,,,,,,,,,,,,,,,
1.297324185570081,254.96,8197120,5,6,5.352686882019043,2454,6,178,6,143,0.001298381,0.0767578125,0.9815056910563726,-0.45880735060200095,-0.00014037665678188205,12778,0.6019334197044373,3e-05,0.08,0.053516730666160583,,,,,,,,,,,,,,,,,,,,,,,,,,,,,,,,,,,,,
1.297324185570081,,,,6,,2454,6,,,,0.0007439076,0.0702880859375,0.7478905635711272,-0.46253605275414883,0.0007940483221318573,12786,0.5317450761795044,3e-05,0.08,0.5442945957183838,,,,,,,,,0.6766837239265442,29.166666666666668,0.007038068170937424,1925,0.47894965277777785,268,0.0016857177472081152,0.13922077922077922,,,,,,,,,,,,,,,,,,,,,
,,,,,,,,,,,,,,,,,,,,,,,,,,,,,,,,,,,,,0,2.12882100776257,88.58919572950191,4.981749894320965,4,4505600,0.88,268.88,,,,,,,,,,,,,
,,,,,,,,,,,,,,,,,,,,,,,,,,,,,,,,,,,,,1,3.539138438636107,128.07146871961763,3.794160081297159,4,4505600,0.46,323.33,,,,,,,,,,,,,
,,,,,,,,,,,,,,,,,,,,,,,,,,,,,,,,,,,,,,,,,4,4505600,,,0.88,0.88,0,0.42,0,0,0,217.8,0.46,0,0.0,0.88,6.0
1.297324185570081,246.97,8202240,1,6,5.5452704429626465,2454,0,1769,0,2,,,,,,,,,,,1,4,15,3e-05,11,0.011,440,4505600,,,,,,,,,,,,,,,,,,,,,,,,,,,,,
1.297324185570081,246.76,8207360,2,6,5.543819427490234,2454,0,241,0,42,0.0011019337,0.0760986328125,0.8078037954634055,-0.4675650903023779,-0.00031348507036454976,12794,0.5077898502349854,3e-05,0.08,0.019852574914693832,,,,,,,,,,,,,,,,,,,,,,,,,,,,,,,,,,,,,
1.297324185570081,252.87,8212480,3,6,5.408021450042725,2454,0,197,0,77,0.001428853,0.0662353515625,0.7735361332772299,-0.47076742071658373,0.00036699288757517933,12802,0.49404019117355347,3e-05,0.08,0.4900548458099365,,,,,,,,,,,,,,,,,,,,,,,,,,,,,,,,,,,,,
1.2755774011214573,254.44,8217600,4,6,5.3670654296875,2460,6,194,6,105,0.0013895894,0.0696533203125,0.7474229436789755,-0.44844325752928854,0.00019348282658029347,12810,0.5756360292434692,3e-05,0.08,0.5108121633529663,,,,,,,,,,,,,,,,,,,,,,,,,,,,,,,,,,,,,
1.2755774011214573,263.4,8222720,5,6,5.152902126312256,2460,0,188,0,136,0.002414226,0.09775390625,1.0580666029185521,-0.4650373052805662,0.001176878654223401,12818,0.3756728172302246,3e-05,0.08,0.6349218487739563,,,,,,,,,,,,,,,,,,,,,,,,,,,,,,,,,,,,,
1.2755774011214573,,,,6,,2460,0,,,,0.0018199369,0.0916015625,0.7740911811008118,-0.46301055457442997,0.0007217933118226938,12826,0.3904457092285156,3e-05,0.08,0.6923784613609314,,,,,,,,,0.6762311458587646,29.25,0.006993225384926794,1925,0.48415798611111116,268,0.001693398704222465,0.13922077922077922,,,,,,,,,,,,,,,,,,,,,
,,,,,,,,,,,,,,,,,,,,,,,,,,,,,,,,,,,,,0,1.9717279345900978,78.24397740401494,5.0306075638532635,4,4531200,0.93,264.0,,,,,,,,,,,,,
,,,,,,,,,,,,,,,,,,,,,,,,,,,,,,,,,,,,,1,4.2328319524359035,127.87514965778144,3.3589062888547776,4,4531200,0.47,322.31,,,,,,,,,,,,,
,,,,,,,,,,,,,,,,,,,,,,,,,,,,,,,,,,,,,,,,,4,4531200,,,0.93,0.93,0,0.4600000000000001,1,0,0,217.8,0.47,0,0.0,0.93,6.0
1.2755774011214573,266.54,8227840,1,6,5.06464958190918,2460,0,1518,0,3,,,,,,,,,,,1,4,15,3e-05,11,0.011,440,4531200,,,,,,,,,,,,,,,,,,,,,,,,,,,,,
1.2755774011214573,272.1,8232960,2,6,4.9618964195251465,2460,0,285,0,35,0.001099584,0.0705322265625,1.1409415786387398,-0.4599302660673857,0.00016599837981630118,12834,0.2334262728691101,3e-05,0.08,0.07346039265394211,,,,,,,,,,,,,,,,,,,,,,,,,,,,,,,,,,,,,
1.2384696900844574,272.75,8238080,3,6,4.949387073516846,2466,6,212,6,72,0.00079930713,0.0602294921875,0.6801202448492404,-0.45521583342924715,-0.00028505170630523937,12842,0.31303590536117554,3e-05,0.08,0.11844857782125473,,,,,,,,,,,,,,,,,,,,,,,,,,,,,,,,,,,,,
1.2384696900844574,273.6,8243200,4,6,4.928625106811523,2466,0,199,0,102,0.0010930464,0.09365234375,0.7419017840002198,-0.46807375699281695,0.0016771654700278305,12850,0.1283332109451294,3e-05,0.08,0.295381098985672,,,,,,,,,,,,,,,,,,,,,,,,,,,,,,,,,,,,,
1.2384696900844574,271.06,8248320,5,6,5.001090049743652,2466,0,192,0,132,0.00071008824,0.0675537109375,0.9502913221513154,-0.4524195557460189,-0.0007899601914687082,12858,0.29799675941467285,3e-05,0.08,0.6543598771095276,,,,,,,,,,,,,,,,,,,,,,,,,,,,,,,,,,,,,
1.2384696900844574,,,,6,,2466,0,,,,0.0014818644,0.0754638671875,0.8710168017569231,-0.45833932841196656,-7.679376431042328e-05,12866,0.19112253189086914,3e-05,0.08,0.3106977343559265,,,,,,,,,0.6756682991981506,29.166666666666668,0.0069870110659376984,1925,0.4832899305555555,268,0.0016977022781163387,0.13922077922077922,,,,,,,,,,,,,,,,,,,,,
,,,,,,,,,,,,,,,,,,,,,,,,,,,,,,,,,,,,,0,2.0690807851979818,84.45850815637226,5.0026321744918825,4,4556800,0.89,266.98,,,,,,,,,,,,,
,,,,,,,,,,,,,,,,,,,,,,,,,,,,,,,,,,,,,1,3.4164200952845216,124.33950739809131,3.293631104230881,4,4556800,0.37,345.63,,,,,,,,,,,,,
,,,,,,,,,,,,,,,,,,,,,,,,,,,,,,,,,,,,,,,,,4,4556800,,,0.89,0.89,0,0.52,0,0,0,217.8,0.37,0,0.0,0.89,6.0
1.218273679415385,273.7,8253440,1,6,4.926496982574463,2472,6,1723,6,2,,,,,,,,,,,1,4,15,3e-05,11,0.011,440,4556800,,,,,,,,,,,,,,,,,,,,,,,,,,,,,
1.218273679415385,280.31,8258560,2,6,4.757399082183838,2472,0,330,0,31,0.000628285,0.0503173828125,0.7485575313621666,-0.4435878853313625,-0.0001512344038928859,12874,0.0906100869178772,3e-05,0.08,0.007577675394713879,,,,,,,,,,,,,,,,,,,,,,,,,,,,,,,,,,,,,
1.218273679415385,287.2,8263680,3,6,4.600472927093506,2472,0,263,0,58,0.0017988853,0.1031494140625,0.9288743089186028,-0.45987866204231975,0.00030247464164858686,12882,0.07141810655593872,3e-05,0.08,0.12201089411973953,,,,,,,,,,,,,,,,,,,,,,,,,,,,,,,,,,,,,
1.218273679415385,285.5,8268800,4,6,4.662998199462891,2472,0,237,0,86,0.00091976003,0.075830078125,0.7710095233924221,-0.44361331658437847,0.0005084503267426044,12890,0.14502865076065063,3e-05,0.08,0.14472664892673492,,,,,,,,,,,,,,,,,,,,,,,,,,,,,,,,,,,,,
1.144732378423214,284.08,8273920,5,6,4.698241710662842,2478,6,218,6,117,0.0009877549,0.0745361328125,1.3433104005176575,-0.45798877589404585,-0.0003194490433088504,12898,0.1295003890991211,3e-05,0.08,0.06583583354949951,,,,,,,,,,,,,,,,,,,,,,,,,,,,,,,,,,,,,
1.144732378423214,,,,6,,2478,6,,,,0.0014248339,0.0820556640625,1.0427156701683997,-0.4547391330823302,-0.00043403482413850725,12906,0.08279669284820557,3e-05,0.08,0.6821051836013794,,,,,,,,,0.6745818257331848,29.083333333333332,0.006950744362933253,1925,0.48296440972222215,268,0.0016658245351045466,0.13922077922077922,,,,,,,,,,,,,,,,,,,,,
,,,,,,,,,,,,,,,,,,,,,,,,,,,,,,,,,,,,,0,1.9926966104046588,77.86587442519347,5.23460990011692,4,4582400,0.94,255.84,,,,,,,,,,,,,
,,,,,,,,,,,,,,,,,,,,,,,,,,,,,,,,,,,,,1,3.365565839934641,133.5528700552706,4.268458824455738,4,4582400,0.5,307.53,,,,,,,,,,,,,
,,,,,,,,,,,,,,,,,,,,,,,,,,,,,,,,,,,,,,,,,4,4582400,,,0.94,0.94,0,0.43999999999999995,1,0,0,217.8,0.5,0,0.0,0.94,6.0
1.144732378423214,280.35,8279040,1,6,4.766855239868164,2478,0,1766,0,2,,,,,,,,,,,1,4,15,3e-05,11,0.011,440,4582400,,,,,,,,,,,,,,,,,,,,,,,,,,,,,
1.144732378423214,268.19,8284160,2,6,5.0523762702941895,2478,0,258,0,39,0.0009118626,0.0705810546875,1.1251867827420938,-0.485862906742841,-0.0002473354688845575,12914,-0.008795738220214844,3e-05,0.08,0.2231380194425583,,,,,,,,,,,,,,,,,,,,,,,,,,,,,,,,,,,,,
1.144732378423214,265.06,8289280,3,6,5.1002516746521,2478,0,207,0,74,0.00084281823,0.0686767578125,0.5807007216353668,-0.47507482701912523,-0.0009408746656845324,12922,0.38586336374282837,3e-05,0.08,0.14429467916488647,,,,,,,,,,,,,,,,,,,,,,,,,,,,,,,,,,,,,
1.1725553050637245,262.47,8294400,4,6,5.165651798248291,2484,6,188,6,108,0.0009910974,0.0648681640625,0.7461675171507522,-0.4709834412671626,-0.0002590221003629267,12930,0.1935933232307434,3e-05,0.08,0.5048052668571472,,,,,,,,,,,,,,,,,,,,,,,,,,,,,,,,,,,,,
1.1725553050637245,262.16,8299520,5,6,5.155888557434082,2484,0,174,0,146,0.001133856,0.0572265625,0.9725292967690621,-0.46390905436128377,-0.00034382655285298825,12938,0.26508939266204834,3e-05,0.08,0.39946749806404114,,,,,,,,,,,,,,,,,,,,,,,,,,,,,,,,,,,,,
1.1725553050637245,,,,6,,2484,0,,,,0.00087846926,0.0718994140625,0.6909412923676428,-0.4694987670518458,0.00036033863725606354,12946,0.2750871777534485,3e-05,0.08,0.012032395228743553,,,,,,,,,0.6739118695259094,29.0,0.006960393520308754,1925,0.47775607638888884,268,0.0016808013210166076,0.13922077922077922,,,,,,,,,,,,,,,,,,,,,
,,,,,,,,,,,,,,,,,,,,,,,,,,,,,,,,,,,,,0,1.9889680151950386,80.9552092209019,5.021872449414804,4,4608000,0.91,266.29,,,,,,,,,,,,,
,,,,,,,,,,,,,,,,,,,,,,,,,,,,,,,,,,,,,1,2.856643865657481,124.83870353379997,4.658959163464606,4,4608000,0.58,294.91,,,,,,,,,,,,,
,,,,,,,,,,,,,,,,,,,,,,,,,,,,,,,,,,,,,,,,,4,4608000,,,0.91,0.91,0,0.33000000000000007,0,0,0,217.8,0.58,0,0.0,0.91,6.0
1.1725553050637245,267.59,8304640,1,6,5.033212184906006,2484,0,1237,0,4,,,,,,,,,,,1,4,15,3e-05,11,0.011,440,4608000,,,,,,,,,,,,,,,,,,,,,,,,,,,,,
1.1725553050637245,276.0,8309760,2,6,4.828305244445801,2484,0,265,0,38,0.0012308124,0.0811767578125,0.87292849655787,-0.4687669930048287,0.0004616602265741676,12954,0.49920785427093506,3e-05,0.08,1.5535972118377686,,,,,,,,,,,,,,,,,,,,,,,,,,,,,,,,,,,,,
1.1451734031240146,273.61,8314880,3,6,4.868677139282227,2490,6,235,6,65,0.00079812796,0.0588134765625,0.906307345215464,-0.4571423692628741,-0.0005122731468873099,12962,0.2652331590652466,3e-05,0.08,0.08134811371564865,,,,,,,,,,,,,,,,,,,,,,,,,,,,,,,,,,,,,
1.1451734031240146,277.87,8320000,4,6,4.737518787384033,2490,0,198,0,103,0.0010492718,0.0640380859375,1.537464244401781,-0.4520283665508032,-0.0004793745029019192,12970,0.1869705319404602,3e-05,0.08,0.03861439973115921,,,,,,,,,,,,,,,,,,,,,,,,,,,,,,,,,,,,,
1.1451734031240146,273.18,8325120,5,6,4.8463945388793945,2490,0,197,0,129,0.00059711124,0.0549072265625,0.9854373361682519,-0.4424331322312355,-5.8961595641449094e-05,12978,0.38101810216903687,3e-05,0.08,0.24815528094768524,,,,,,,,,,,,,,,,,,,,,,,,,,,,,,,,,,,,,
1.1451734031240146,,,,6,,2490,0,,,,0.0013537438,0.0773681640625,1.0663709017215297,-0.4769307107664645,0.0001137082843342796,12986,0.0017172694206237793,3e-05,0.08,1.1667819023132324,,,,,,,,,0.6739429831504822,29.083333333333332,0.006937865389470423,1925,0.47808159722222215,268,0.0016562515408542762,0.13922077922077922,,,,,,,,,,,,,,,,,,,,,
,,,,,,,,,,,,,,,,,,,,,,,,,,,,,,,,,,,,,0,1.976792513918774,84.99678288029494,4.988682380914688,4,4633600,0.87,269.63,,,,,,,,,,,,,
,,,,,,,,,,,,,,,,,,,,,,,,,,,,,,,,,,,,,1,2.9900741879180477,127.69415452556942,4.1020400923490525,4,4633600,0.48,318.77,,,,,,,,,,,,,
,,,,,,,,,,,,,,,,,,,,,,,,,,,,,,,,,,,,,,,,,4,4633600,,,0.87,0.87,0,0.39,0,0,0,217.8,0.48,0,0.0,0.87,6.0
1.1451734031240146,266.4,8330240,1,6,4.985260963439941,2490,0,1583,0,3,,,,,,,,,,,1,4,15,3e-05,11,0.011,440,4633600,,,,,,,,,,,,,,,,,,,,,,,,,,,,,
1.2262872730692227,270.53,8335360,2,6,4.927390098571777,2496,6,273,6,37,0.00080370606,0.0580810546875,0.9754076205717865,-0.4550810458138585,0.00013170278689358383,12994,0.14751213788986206,3e-05,0.08,0.2584022283554077,,,,,,,,,,,,,,,,,,,,,,,,,,,,,,,,,,,,,
1.2262872730692227,265.15,8340480,3,6,5.072469711303711,2496,0,231,0,66,0.0011496723,0.066162109375,0.8700365656346548,-0.4420172819402069,0.00025593324171495623,13002,0.367546021938324,3e-05,0.08,-0.0006729653105139732,,,,,,,,,,,,,,,,,,,,,,,,,,,,,,,,,,,,,
1.2262872730692227,267.86,8345600,4,6,5.032468795776367,2496,0,207,0,98,0.0006403774,0.0666748046875,0.9452357906207908,-0.4492128001525998,-0.00021506813500309362,13010,0.4261467456817627,3e-05,0.08,1.832471489906311,,,,,,,,,,,,,,,,,,,,,,,,,,,,,,,,,,,,,
1.2262872730692227,272.41,8350720,5,6,4.910780429840088,2496,0,198,0,129,0.0019804533,0.074267578125,1.1251240101468283,-0.46064281929284334,-0.0001730630247038789,13018,0.5034860372543335,3e-05,0.08,0.026915060356259346,,,,,,,,,,,,,,,,,,,,,,,,,,,,,,,,,,,,,
1.2262872730692227,,,,6,,2496,0,,,,0.0011684161,0.0784423828125,0.9175783427548595,-0.46009543985128404,0.00017362787330057471,13026,0.505754828453064,3e-05,0.08,0.19247867166996002,,,,,,,,,0.6731802821159363,28.916666666666668,0.006947997407363906,1925,0.4774305555555555,268,0.0016665457966025179,0.13922077922077922,,,,,,,,,,,,,,,,,,,,,
,,,,,,,,,,,,,,,,,,,,,,,,,,,,,,,,,,,,,0,1.965702286238892,86.45143087306306,5.29446578681469,4,4659200,0.87,258.99,,,,,,,,,,,,,
,,,,,,,,,,,,,,,,,,,,,,,,,,,,,,,,,,,,,1,3.273893067731294,128.08297115541941,4.295640103388577,4,4659200,0.54,303.05,,,,,,,,,,,,,
,,,,,,,,,,,,,,,,,,,,,,,,,,,,,,,,,,,,,,,,,4,4659200,,,0.87,0.87,0,0.32999999999999996,0,0,0,217.8,0.54,0,0.0,0.87,6.0
1.1812129492561023,282.71,8355840,1,6,4.69002628326416,2502,6,1604,6,3,,,,,,,,,,,1,4,15,3e-05,11,0.011,440,4659200,,,,,,,,,,,,,,,,,,,,,,,,,,,,,
1.1812129492561023,286.06,8360960,2,6,4.6334967613220215,2502,0,288,0,35,0.0007701154,0.0698486328125,1.085255614761263,-0.4512882056646049,-0.00030397779773920773,13034,0.41518908739089966,3e-05,0.08,0.02722182683646679,,,,,,,,,,,,,,,,,,,,,,,,,,,,,,,,,,,,,
1.1812129492561023,281.54,8366080,3,6,4.6776018142700195,2502,0,236,0,65,0.0014114939,0.0725830078125,1.1912150286661927,-0.44171935291960834,-0.0002521786474972032,13042,0.28869444131851196,3e-05,0.08,1.3836355209350586,,,,,,,,,,,,,,,,,,,,,,,,,,,,,,,,,,,,,
1.1812129492561023,288.27,8371200,4,6,4.5249552726745605,2502,0,214,0,95,0.0010384216,0.0596923828125,1.01067780792946,-0.43093007821589707,0.0001601743890205398,13050,0.4183672070503235,3e-05,0.08,0.26806771755218506,,,,,,,,,,,,,,,,,,,,,,,,,,,,,,,,,,,,,
1.1492679218451183,280.58,8376320,5,6,4.649101734161377,2508,6,201,6,127,0.0009053602,0.0671630859375,1.4640794805600308,-0.45089088222011925,0.0003118064982118085,13058,0.26528817415237427,3e-05,0.08,0.08327232301235199,,,,,,,,,,,,,,,,,,,,,,,,,,,,,,,,,,,,,
1.1492679218451183,,,,6,,2508,6,,,,0.00083735166,0.0696044921875,1.1530184008588549,-0.44583470867946745,0.0003877991301123984,13066,0.2082652449607849,3e-05,0.08,1.7169102430343628,,,,,,,,,0.6722665429115295,28.833333333333332,0.006919394682918778,1925,0.47710503472222215,268,0.0016517896892259357,0.13922077922077922,,,,,,,,,,,,,,,,,,,,,
,,,,,,,,,,,,,,,,,,,,,,,,,,,,,,,,,,,,,0,2.2261981966846616,89.6132462306773,4.747467956542969,4,4684800,0.89,276.81,,,,,,,,,,,,,
,,,,,,,,,,,,,,,,,,,,,,,,,,,,,,,,,,,,,1,2.7957132651890224,122.6204595489676,4.900180437266827,4,4684800,0.63,283.23,,,,,,,,,,,,,
,,,,,,,,,,,,,,,,,,,,,,,,,,,,,,,,,,,,,,,,,4,4684800,,,0.89,0.89,0,0.26,0,0,0,217.8,0.63,0,0.0,0.89,6.0
1.1492679218451183,272.47,8381440,1,6,4.856439590454102,2508,0,1780,0,2,,,,,,,,,,,1,4,15,3e-05,11,0.011,440,4684800,,,,,,,,,,,,,,,,,,,,,,,,,,,,,
1.1492679218451183,268.69,8386560,2,6,4.9287495613098145,2508,0,250,0,40,0.0018298707,0.0734130859375,1.4802282991295215,-0.46696152053773404,-0.0006438064301619306,13074,0.09855204820632935,3e-05,0.08,0.6594773530960083,,,,,,,,,,,,,,,,,,,,,,,,,,,,,,,,,,,,,
1.1492679218451183,270.15,8391680,3,6,4.961349010467529,2508,0,214,0,71,0.0008916209,0.0653564453125,1.0162656893546227,-0.45778781110420824,-0.0008238360358518548,13082,0.1679134964942932,3e-05,0.08,1.8091496229171753,,,,,,,,,,,,,,,,,,,,,,,,,,,,,,,,,,,,,
1.1509242430329323,264.76,8396800,4,6,5.06822395324707,2514,6,199,6,102,0.0008034034,0.068994140625,1.1141761593928095,-0.45579459397122263,-0.0005654903943650424,13090,0.25533998012542725,3e-05,0.08,0.7334395051002502,,,,,,,,,,,,,,,,,,,,,,,,,,,,,,,,,,,,,
1.1509242430329323,266.26,8401920,5,6,5.127297878265381,2514,0,186,0,137,0.00089030166,0.057958984375,1.1350360510783504,-0.45422271071001885,-0.0003424456604989246,13098,0.31836825609207153,3e-05,0.08,0.06754745543003082,,,,,,,,,,,,,,,,,,,,,,,,,,,,,,,,,,,,,
1.1509242430329323,,,,6,,2514,0,,,,0.001161263,0.0729736328125,0.8467717554711272,-0.46620137384161353,-0.00024325020203832536,13106,0.5048054456710815,3e-05,0.08,0.3333282172679901,,,,,,,,,0.6730325222015381,28.833333333333332,0.006951365747847422,1925,0.47710503472222215,268,0.0016713815962200447,0.13922077922077922,,,,,,,,,,,,,,,,,,,,,
,,,,,,,,,,,,,,,,,,,,,,,,,,,,,,,,,,,,,0,1.7977044481948787,80.75544501765809,5.228400738239288,4,4710400,0.88,262.09,,,,,,,,,,,,,
,,,,,,,,,,,,,,,,,,,,,,,,,,,,,,,,,,,,,1,2.9247381016963,127.30873457858262,4.418919712305069,4,4710400,0.54,304.31,,,,,,,,,,,,,
,,,,,,,,,,,,,,,,,,,,,,,,,,,,,,,,,,,,,,,,,4,4710400,,,0.88,0.88,0,0.33999999999999997,0,0,0,217.8,0.54,0,0.0,0.88,6.0
1.1509242430329323,256.04,8407040,1,6,5.354500770568848,2514,0,1528,0,3,,,,,,,,,,,1,4,15,3e-05,11,0.011,440,4710400,,,,,,,,,,,,,,,,,,,,,,,,,,,,,
1.1509242430329323,258.55,8412160,2,6,5.2909393310546875,2514,0,257,0,39,0.0013304045,0.076708984375,1.163738868467044,-0.46369463158771396,0.00026843657105928286,13114,0.39981913566589355,3e-05,0.08,0.12683793902397156,,,,,,,,,,,,,,,,,,,,,,,,,,,,,,,,,,,,,
1.227579173942407,256.79,8417280,3,6,5.281125545501709,2520,6,211,6,72,0.001117219,0.0803466796875,1.2020603697630576,-0.48189024059101937,0.00037409010255942123,13122,0.33555710315704346,3e-05,0.08,0.7989112734794617,,,,,,,,,,,,,,,,,,,,,,,,,,,,,,,,,,,,,
1.227579173942407,255.68,8422400,4,6,5.3434295654296875,2520,0,194,0,105,0.0015734984,0.0778564453125,0.9087457862275187,-0.46096066311001777,0.0004949186753947288,13130,0.27157729864120483,3e-05,0.08,0.40558162331581116,,,,,,,,,,,,,,,,,,,,,,,,,,,,,,,,,,,,,
1.227579173942407,253.93,8427520,5,6,5.315521240234375,2520,0,181,0,140,0.001236183,0.0597900390625,1.007244468294084,-0.4631698141805828,-0.0002940334030427039,13138,0.22863048315048218,3e-05,0.08,0.1146617904305458,,,,,,,,,,,,,,,,,,,,,,,,,,,,,,,,,,,,,
1.227579173942407,,,,6,,2520,0,,,,0.001180448,0.073486328125,0.7095726413477678,-0.4804308610036969,3.5603292053565384e-05,13146,0.2560001611709595,3e-05,0.08,0.38657262921333313,,,,,,,,,0.6723446249961853,28.916666666666668,0.006936729875150407,1925,0.4774305555555555,269,0.0016457618876265286,0.13974025974025975,,,,,,,,,,,,,,,,,,,,,
,,,,,,,,,,,,,,,,,,,,,,,,,,,,,,,,,,,,,0,2.077262347213139,82.79572694288034,5.16351382791996,4,4736000,0.92,260.26,,,,,,,,,,,,,
,,,,,,,,,,,,,,,,,,,,,,,,,,,,,,,,,,,,,1,2.9252241320752472,124.86367406095337,4.582463252991438,4,4736000,0.58,295.73,,,,,,,,,,,,,
,,,,,,,,,,,,,,,,,,,,,,,,,,,,,,,,,,,,,,,,,4,4736000,,,0.92,0.92,0,0.3400000000000001,0,0,0,217.8,0.58,0,0.0,0.92,6.0
1.227579173942407,253.68,8432640,1,6,5.330716609954834,2520,0,1844,0,2,,,,,,,,,,,1,4,15,3e-05,11,0.011,440,4736000,,,,,,,,,,,,,,,,,,,,,,,,,,,,,
1.286304625372092,256.19,8437760,2,6,5.294497489929199,2526,6,279,6,36,0.0011448322,0.0804443359375,0.7456660890136846,-0.47500381879508496,-0.000523100838472601,13154,0.3426237106323242,3e-05,0.08,0.555824875831604,,,,,,,,,,,,,,,,,,,,,,,,,,,,,,,,,,,,,
1.286304625372092,251.14,8442880,3,6,5.433636665344238,2526,0,224,0,68,0.0008331357,0.0671142578125,0.8869025320746005,-0.4654404230415821,-0.0003833977156318724,13162,0.3340349793434143,3e-05,0.08,0.4422526955604553,,,,,,,,,,,,,,,,,,,,,,,,,,,,,,,,,,,,,
1.286304625372092,250.88,8448000,4,6,5.410874843597412,2526,0,204,0,100,0.0008295657,0.065234375,0.9182213952648454,-0.46732752956449986,-0.00044716621632687745,13170,0.4740779995918274,3e-05,0.08,0.7015441656112671,,,,,,,,,,,,,,,,,,,,,,,,,,,,,,,,,,,,,
1.286304625372092,260.72,8453120,5,6,5.1549248695373535,2526,0,191,0,133,0.0010619012,0.0783203125,1.029057568171993,-0.45745341228321196,-3.532689152052626e-05,13178,0.4193190336227417,3e-05,0.08,0.7365082502365112,,,,,,,,,,,,,,,,,,,,,,,,,,,,,,,,,,,,,
1.286304625372092,,,,6,,2526,0,,,,0.00086222385,0.0660888671875,1.1020012568391393,-0.4910201670601964,0.00022797593701398,13186,0.44183361530303955,3e-05,0.08,0.10858430713415146,,,,,,,,,0.6720411777496338,28.833333333333332,0.006953173564310024,1925,0.47710503472222215,269,0.001661110009126292,0.13974025974025975,,,,,,,,,,,,,,,,,,,,,
,,,,,,,,,,,,,,,,,,,,,,,,,,,,,,,,,,,,,0,2.2484553728156587,90.1483948831037,4.832477589249611,4,4761600,0.84,274.37,,,,,,,,,,,,,
,,,,,,,,,,,,,,,,,,,,,,,,,,,,,,,,,,,,,1,3.2760347865276978,128.2897544623108,4.453884799480438,4,4761600,0.56,296.67,,,,,,,,,,,,,
,,,,,,,,,,,,,,,,,,,,,,,,,,,,,,,,,,,,,,,,,4,4761600,,,0.84,0.84,0,0.2799999999999999,0,0,0,217.8,0.56,0,0.0,0.84,6.0
1.244515319665273,258.41,8458240,1,6,5.226261138916016,2532,6,1466,6,3,,,,,,,,,,,1,4,15,3e-05,11,0.011,440,4761600,,,,,,,,,,,,,,,,,,,,,,,,,,,,,
1.244515319665273,251.99,8463360,2,6,5.3606953620910645,2532,0,206,0,49,0.0013716526,0.0867431640625,1.3949417936324608,-0.4770671113394201,-0.00027789038431365044,13194,0.399763822555542,3e-05,0.08,0.006031674332916737,,,,,,,,,,,,,,,,,,,,,,,,,,,,,,,,,,,,,
1.244515319665273,253.13,8468480,3,6,5.352376937866211,2532,0,185,0,82,0.001284146,0.0741455078125,0.7174179886322236,-0.47385391760617496,-0.00027462391590233893,13202,0.3217027187347412,3e-05,0.08,0.48613160848617554,,,,,,,,,,,,,,,,,,,,,,,,,,,,,,,,,,,,,
1.3261093298594158,253.7,8473600,4,6,5.364349365234375,2538,6,170,6,119,0.00095880945,0.0685791015625,1.1368151002097875,-0.4551272988319397,-0.00010309637000318616,13210,0.37160724401474,3e-05,0.08,0.7189263105392456,,,,,,,,,,,,,,,,,,,,,,,,,,,,,,,,,,,,,
1.3261093298594158,247.81,8478720,5,6,5.5355329513549805,2538,0,167,0,153,0.0008666535,0.0833984375,0.7652471491077449,-0.4531383884139359,-0.000390044876257889,13218,0.41782140731811523,3e-05,0.08,0.44595590233802795,,,,,,,,,,,,,,,,,,,,,,,,,,,,,,,,,,,,,
1.3261093298594158,,,,6,,2538,0,,,,0.0007161584,0.0633544921875,0.8136555869947187,-0.4672529539093375,-0.00021432416542666033,13226,0.43768101930618286,3e-05,0.08,0.43873199820518494,,,,,,,,,0.6722822189331055,28.666666666666668,0.006980579299634224,1925,0.4764539930555555,270,0.0016634242685239248,0.14025974025974025,,,,,,,,,,,,,,,,,,,,,
,,,,,,,,,,,,,,,,,,,,,,,,,,,,,,,,,,,,,0,1.976163374183526,76.7427983591946,5.340602376423776,4,4787200,0.95,251.77,,,,,,,,,,,,,
,,,,,,,,,,,,,,,,,,,,,,,,,,,,,,,,,,,,,1,3.06300660615587,133.8187322462741,4.334016489386559,4,4787200,0.49,310.13,,,,,,,,,,,,,
,,,,,,,,,,,,,,,,,,,,,,,,,,,,,,,,,,,,,,,,,4,4787200,,,0.95,0.95,0,0.45999999999999996,1,0,0,217.8,0.49,0,0.0,0.95,6.0
1.3261093298594158,248.32,8483840,1,6,5.4878740310668945,2538,0,1652,0,3,,,,,,,,,,,1,4,15,3e-05,11,0.011,440,4787200,,,,,,,,,,,,,,,,,,,,,,,,,,,,,
1.3261093298594158,253.61,8488960,2,6,5.359083652496338,2538,0,299,0,34,0.001075941,0.0630615234375,0.8347129735979252,-0.4430457277223468,-0.0007668512465897947,13234,0.3420577645301819,3e-05,0.08,0.5538488626480103,,,,,,,,,,,,,,,,,,,,,,,,,,,,,,,,,,,,,
1.2698751762509346,260.73,8494080,3,6,5.153635025024414,2544,6,222,6,69,0.0014261168,0.0685302734375,1.0662077926215716,-0.46978386798873545,0.0004899489184026606,13242,0.18762654066085815,3e-05,0.08,0.13370980322360992,,,,,,,,,,,,,,,,,,,,,,,,,,,,,,,,,,,,,
1.2698751762509346,256.79,8499200,4,6,5.263813495635986,2544,0,200,0,102,0.0009307034,0.063427734375,1.3934969347785227,-0.44811703776940703,-0.0001815184295992367,13250,0.18239200115203857,3e-05,0.08,1.0150671005249023,,,,,,,,,,,,,,,,,,,,,,,,,,,,,,,,,,,,,
1.2698751762509346,260.18,8504320,5,6,5.154539585113525,2544,0,183,0,139,0.0010788459,0.0751953125,1.0063209215702955,-0.46689870869740846,0.00037713911151513455,13258,0.05152612924575806,3e-05,0.08,0.15986785292625427,,,,,,,,,,,,,,,,,,,,,,,,,,,,,,,,,,,,,
1.2698751762509346,,,,6,,2544,0,,,,0.0009778019,0.058349609375,0.7112446507264394,-0.4328077862970531,0.0005228433525189758,13266,0.07221323251724243,3e-05,0.08,0.06949394196271896,,,,,,,,,0.6713585257530212,28.916666666666668,0.0069329578640248855,1925,0.4774305555555555,269,0.0016365090057204044,0.13974025974025975,,,,,,,,,,,,,,,,,,,,,
,,,,,,,,,,,,,,,,,,,,,,,,,,,,,,,,,,,,,0,1.9412702183298367,78.95992591181934,5.410303241573274,4,4812800,0.93,250.99,,,,,,,,,,,,,
,,,,,,,,,,,,,,,,,,,,,,,,,,,,,,,,,,,,,1,3.7582362186533946,128.8528909260479,3.5118813137616964,4,4812800,0.44,326.55,,,,,,,,,,,,,
,,,,,,,,,,,,,,,,,,,,,,,,,,,,,,,,,,,,,,,,,4,4812800,,,0.93,0.93,0,0.49000000000000005,1,0,0,217.8,0.44,0,0.0,0.93,6.0
1.2698751762509346,264.0,8509440,1,6,5.073446750640869,2544,0,1496,0,3,,,,,,,,,,,1,4,15,3e-05,11,0.011,440,4812800,,,,,,,,,,,,,,,,,,,,,,,,,,,,,
1.2679445321361225,260.51,8514560,2,6,5.147852897644043,2550,6,267,6,38,0.0009218106,0.0556640625,0.8783565684279893,-0.45579174906015396,-0.00022607015125686303,13274,0.3032088279724121,3e-05,0.08,0.5137388110160828,,,,,,,,,,,,,,,,,,,,,,,,,,,,,,,,,,,,,
1.2679445321361225,252.04,8519680,3,6,5.393756866455078,2550,0,208,0,73,0.0013152305,0.0794189453125,1.0483326059649698,-0.46076762238517405,-0.00015952673857100308,13282,0.3304189443588257,3e-05,0.08,0.5069193243980408,,,,,,,,,,,,,,,,,,,,,,,,,,,,,,,,,,,,,
1.2679445321361225,254.7,8524800,4,6,5.291139125823975,2550,0,185,0,110,0.0014157096,0.0648193359375,0.759338493537507,-0.4681655397638679,-0.0005062054042355157,13290,0.41874605417251587,3e-05,0.08,0.7859418392181396,,,,,,,,,,,,,,,,,,,,,,,,,,,,,,,,,,,,,
1.2679445321361225,252.13,8529920,5,6,5.3935675621032715,2550,0,175,0,146,0.00121443,0.079296875,0.8819519872165984,-0.4715312527492642,0.0003368699792190455,13298,0.4031382203102112,3e-05,0.08,0.03438246622681618,,,,,,,,,,,,,,,,,,,,,,,,,,,,,,,,,,,,,
1.2679445321361225,,,,6,,2550,0,,,,0.0018230686,0.0848388671875,0.9672222341294401,-0.4521860542707145,0.0011367250364855864,13306,0.32437664270401,3e-05,0.08,0.5901371836662292,,,,,,,,,0.6703747510910034,28.666666666666668,0.006931986332144431,1925,0.4764539930555555,271,0.001629990955114596,0.14077922077922078,,,,,,,,,,,,,,,,,,,,,
,,,,,,,,,,,,,,,,,,,,,,,,,,,,,,,,,,,,,0,2.0971554616078203,86.78572232804196,5.177634354233742,4,4838400,0.89,260.72,,,,,,,,,,,,,
,,,,,,,,,,,,,,,,,,,,,,,,,,,,,,,,,,,,,1,3.229489169591651,126.92045382837236,4.747330730557442,4,4838400,0.61,283.72,,,,,,,,,,,,,
,,,,,,,,,,,,,,,,,,,,,,,,,,,,,,,,,,,,,,,,,4,4838400,,,0.89,0.89,0,0.28,0,0,0,217.8,0.61,0,0.0,0.89,6.0
1.2745266258716583,243.99,8535040,1,6,5.598947525024414,2556,6,1472,6,3,,,,,,,,,,,1,4,15,3e-05,11,0.011,440,4838400,,,,,,,,,,,,,,,,,,,,,,,,,,,,,
1.2745266258716583,246.17,8540160,2,6,5.509335517883301,2556,0,245,0,41,0.0019569823,0.082080078125,1.2375269445008599,-0.46210958184674383,-0.0002809592042467557,13314,0.1447232961654663,3e-05,0.08,-0.003637024201452732,,,,,,,,,,,,,,,,,,,,,,,,,,,,,,,,,,,,,
1.2745266258716583,249.5,8545280,3,6,5.390053749084473,2556,0,210,0,73,0.0017709732,0.1144775390625,0.6231200486072339,-0.45107864774763584,0.0021691174333682284,13322,0.021253764629364014,3e-05,0.08,0.6790310144424438,,,,,,,,,,,,,,,,,,,,,,,,,,,,,,,,,,,,,
1.2745266258716583,247.49,8550400,4,6,5.443447113037109,2556,0,185,0,110,0.0009531661,0.0619873046875,0.8267220756213647,-0.43542831847444174,-0.0003958468063501641,13330,0.2581351399421692,3e-05,0.08,0.5892815589904785,,,,,,,,,,,,,,,,,,,,,,,,,,,,,,,,,,,,,
1.3232294792930286,253.69,8555520,5,6,5.284050941467285,2562,6,175,6,145,0.00080746954,0.058154296875,0.7945683782862034,-0.44081798307597636,-0.00038394515722757206,13338,0.38251936435699463,3e-05,0.08,0.012458035722374916,,,,,,,,,,,,,,,,,,,,,,,,,,,,,,,,,,,,,
1.3232294792930286,,,,6,,2562,6,,,,0.0013536619,0.06884765625,0.9184928717440926,-0.4282137006521225,-0.0002152424960513599,13346,0.4306434392929077,3e-05,0.08,0.010215532034635544,,,,,,,,,0.670749843120575,28.666666666666668,0.0069648415924511604,1925,0.4759114583333333,269,0.0016457518562875302,0.13974025974025975,,,,,,,,,,,,,,,,,,,,,
,,,,,,,,,,,,,,,,,,,,,,,,,,,,,,,,,,,,,0,2.1625056365221136,94.61167528376188,5.046932283639908,4,4864000,0.84,269.53,,,,,,,,,,,,,
,,,,,,,,,,,,,,,,,,,,,,,,,,,,,,,,,,,,,1,2.977321931029819,129.4669452022407,4.580345604419708,4,4864000,0.55,299.01,,,,,,,,,,,,,
,,,,,,,,,,,,,,,,,,,,,,,,,,,,,,,,,,,,,,,,,4,4864000,,,0.84,0.84,0,0.2899999999999999,0,0,0,217.8,0.55,0,0.0,0.84,6.0
1.3232294792930286,252.99,8560640,1,6,5.321408748626709,2562,0,1496,0,3,,,,,,,,,,,1,4,15,3e-05,11,0.011,440,4864000,,,,,,,,,,,,,,,,,,,,,,,,,,,,,
1.3232294792930286,254.81,8565760,2,6,5.251920223236084,2562,0,255,0,40,0.0019378563,0.07353515625,0.9022861295787152,-0.44259078716859224,0.00012732491304632277,13354,0.4863815903663635,3e-05,0.08,0.06963258981704712,,,,,,,,,,,,,,,,,,,,,,,,,,,,,,,,,,,,,
1.3232294792930286,254.32,8570880,3,6,5.300406455993652,2562,0,198,0,77,0.0015606176,0.060400390625,0.8034787327051163,-0.4450894942972809,-0.00024456666724290697,13362,0.5200875401496887,3e-05,0.08,0.3006613850593567,,,,,,,,,,,,,,,,,,,,,,,,,,,,,,,,,,,,,
1.340801017979781,260.62,8576000,4,6,5.148268222808838,2568,6,129,6,157,0.00077547453,0.051318359375,1.1108253767015412,-0.4430430008098483,3.071727114729583e-05,13370,0.4623028635978699,3e-05,0.08,0.016960641369223595,,,,,,,,,,,,,,,,,,,,,,,,,,,,,,,,,,,,,
1.340801017979781,244.8,8581120,5,6,5.5506792068481445,2568,0,133,0,192,0.0011090832,0.0751953125,0.7677881579147652,-0.44440128896385434,0.0001781407598173246,13378,0.5270532965660095,3e-05,0.08,0.5546369552612305,,,,,,,,,,,,,,,,,,,,,,,,,,,,,,,,,,,,,
1.340801017979781,,,,6,,2568,0,,,,0.0014511883,0.0713623046875,1.0346456868341192,-0.4529229092411697,-0.0005155653663678095,13386,0.5444368124008179,3e-05,0.08,0.1364988088607788,,,,,,,,,0.670969545841217,28.5,0.006993031659103143,1925,0.4752604166666667,271,0.0016704248144565708,0.14077922077922078,,,,,,,,,,,,,,,,,,,,,
,,,,,,,,,,,,,,,,,,,,,,,,,,,,,,,,,,,,,0,1.9743392262407744,86.03692869925099,5.267871959209442,4,4889600,0.88,259.87,,,,,,,,,,,,,
,,,,,,,,,,,,,,,,,,,,,,,,,,,,,,,,,,,,,1,2.8837866850697114,128.92103435824583,4.658005076646805,4,4889600,0.56,296.37,,,,,,,,,,,,,
,,,,,,,,,,,,,,,,,,,,,,,,,,,,,,,,,,,,,,,,,4,4889600,,,0.88,0.88,0,0.31999999999999995,0,0,0,217.8,0.56,0,0.0,0.88,6.0
1.340801017979781,246.03,8586240,1,6,5.543628692626953,2568,0,1360,0,3,,,,,,,,,,,1,4,15,3e-05,11,0.011,440,4889600,,,,,,,,,,,,,,,,,,,,,,,,,,,,,
1.340801017979781,242.95,8591360,2,6,5.6462249755859375,2568,0,243,0,42,0.0013721853,0.076708984375,0.8498924453218933,-0.44060954786837103,-0.0004980039841029793,13394,0.4600908160209656,3e-05,0.08,0.9396160840988159,,,,,,,,,,,,,,,,,,,,,,,,,,,,,,,,,,,,,
1.3677752763032913,238.15,8596480,3,6,5.772197246551514,2574,6,191,6,80,0.0011620332,0.0848876953125,1.072709622271941,-0.445494827022776,0.00023838355555199086,13402,0.5311003923416138,3e-05,0.08,0.3341211676597595,,,,,,,,,,,,,,,,,,,,,,,,,,,,,,,,,,,,,
1.3677752763032913,243.26,8601600,4,6,5.642920017242432,2574,0,176,0,116,0.0012715434,0.0729248046875,0.5131284126313403,-0.4171606712508947,6.58981516608037e-05,13410,0.4818013310432434,3e-05,0.08,0.38655832409858704,,,,,,,,,,,,,,,,,,,,,,,,,,,,,,,,,,,,,
1.3677752763032913,255.79,8606720,5,6,5.329736232757568,2574,0,169,0,151,0.0010597934,0.0703369140625,0.6851004553202074,-0.4270859678741544,-6.690408918075264e-06,13418,0.511589527130127,3e-05,0.08,0.02462584711611271,,,,,,,,,,,,,,,,,,,,,,,,,,,,,,,,,,,,,
1.3677752763032913,,,,6,,2574,0,,,,0.0021249456,0.0753173828125,0.8925858015718404,-0.4323065995238721,0.0002571328543126583,13426,0.4663001298904419,3e-05,0.08,0.014389317482709885,,,,,,,,,0.6700771450996399,28.583333333333332,0.006962313478539486,1925,0.4755859375,272,0.0016448775466768035,0.1412987012987013,,,,,,,,,,,,,,,,,,,,,
,,,,,,,,,,,,,,,,,,,,,,,,,,,,,,,,,,,,,0,1.959792196905498,83.63134041733399,5.495323030948639,4,4915200,0.9,249.83,,,,,,,,,,,,,
,,,,,,,,,,,,,,,,,,,,,,,,,,,,,,,,,,,,,1,2.891223746408622,128.87124543512414,4.484362312555313,4,4915200,0.53,304.39,,,,,,,,,,,,,
,,,,,,,,,,,,,,,,,,,,,,,,,,,,,,,,,,,,,,,,,4,4915200,,,0.9,0.9,0,0.37,0,0,0,217.8,0.53,0,0.0,0.9,6.0
1.3677752763032913,258.06,8611840,1,6,5.2939605712890625,2574,0,1311,0,3,,,,,,,,,,,1,4,15,3e-05,11,0.011,440,4915200,,,,,,,,,,,,,,,,,,,,,,,,,,,,,
1.3337926715612411,267.45,8616960,2,6,5.079688549041748,2580,6,257,6,39,0.0010991768,0.08046875,0.7890169131860603,-0.4238581435754895,0.0002295241050887853,13434,0.4390231966972351,3e-05,0.08,0.07880549877882004,,,,,,,,,,,,,,,,,,,,,,,,,,,,,,,,,,,,,
1.3337926715612411,278.96,8622080,3,6,4.788215160369873,2580,0,207,0,73,0.0016866594,0.077099609375,0.8547967056685593,-0.4402892729267478,0.00035129563621012495,13442,0.4643998146057129,3e-05,0.08,0.4699423015117645,,,,,,,,,,,,,,,,,,,,,,,,,,,,,,,,,,,,,
1.3337926715612411,272.89,8627200,4,6,4.969809532165527,2580,0,196,0,104,0.0009780147,0.06572265625,0.8871371226152405,-0.43083566082641483,0.0005981473019346595,13450,0.36982065439224243,3e-05,0.08,0.13523274660110474,,,,,,,,,,,,,,,,,,,,,,,,,,,,,,,,,,,,,
1.3337926715612411,267.52,8632320,5,6,5.122437000274658,2580,0,182,0,140,0.0010166377,0.0629638671875,1.037666122353403,-0.4293572654016316,-0.00012483125319704414,13458,0.3231685757637024,3e-05,0.08,0.6369012594223022,,,,,,,,,,,,,,,,,,,,,,,,,,,,,,,,,,,,,
1.3337926715612411,,,,6,,2580,0,,,,0.0012839457,0.06533203125,0.9747642147063743,-0.42319312705658374,-0.00010270150087308139,13466,0.2367125153541565,3e-05,0.08,0.5176405310630798,,,,,,,,,0.6703771948814392,28.5,0.006911931023548591,1925,0.4752604166666667,272,0.0016203632790479242,0.1412987012987013,,,,,,,,,,,,,,,,,,,,,
,,,,,,,,,,,,,,,,,,,,,,,,,,,,,,,,,,,,,0,1.998633524871178,79.01943811493473,5.452269826112315,4,4940800,0.94,248.78,,,,,,,,,,,,,
,,,,,,,,,,,,,,,,,,,,,,,,,,,,,,,,,,,,,1,2.9783816783640256,126.77050563912726,4.960189460217952,4,4940800,0.62,279.67,,,,,,,,,,,,,
,,,,,,,,,,,,,,,,,,,,,,,,,,,,,,,,,,,,,,,,,4,4940800,,,0.94,0.94,0,0.31999999999999995,1,0,0,217.8,0.62,0,0.0,0.94,6.0
1.3018231093883514,270.34,8637440,1,6,5.005984783172607,2586,6,1406,6,3,,,,,,,,,,,1,4,15,3e-05,11,0.011,440,4940800,,,,,,,,,,,,,,,,,,,,,,,,,,,,,
1.3018231093883514,255.5,8642560,2,6,5.3409833908081055,2586,0,275,0,37,0.0009345794,0.0746826171875,0.7639213888905942,-0.4498840678483248,-0.0006765255675418302,13474,0.3315555453300476,3e-05,0.08,0.661488950252533,,,,,,,,,,,,,,,,,,,,,,,,,,,,,,,,,,,,,
1.3018231093883514,257.92,8647680,3,6,5.314844131469727,2586,0,199,0,77,0.0015206365,0.079345703125,0.7751961042435142,-0.44640393001027406,-0.00029730199166806416,13482,0.43154793977737427,3e-05,0.08,0.48730751872062683,,,,,,,,,,,,,,,,,,,,,,,,,,,,,,,,,,,,,
1.3018231093883514,259.0,8652800,4,6,5.276602268218994,2586,0,187,0,108,0.001931107,0.086083984375,0.6759954666369594,-0.4258767627645284,0.0010391675896244124,13490,0.10320574045181274,3e-05,0.08,0.19041797518730164,,,,,,,,,,,,,,,,,,,,,,,,,,,,,,,,,,,,,
1.3518698265155156,263.38,8657920,5,6,5.196298599243164,2592,6,178,6,143,0.0013119768,0.075634765625,0.7960651155619416,-0.4419186444487423,7.843340281397105e-05,13498,0.3558562994003296,3e-05,0.08,0.3726707100868225,,,,,,,,,,,,,,,,,,,,,,,,,,,,,,,,,,,,,
1.3518698265155156,,,,6,,2592,6,,,,0.0011678671,0.0618896484375,0.9366400644183159,-0.43071194225922227,0.00010993612522725016,13506,0.3206474184989929,3e-05,0.08,0.40739622712135315,,,,,,,,,0.6693141460418701,28.5,0.006912549908226007,1925,0.4752604166666667,272,0.0016260510113162959,0.1412987012987013,,,,,,,,,,,,,,,,,,,,,
,,,,,,,,,,,,,,,,,,,,,,,,,,,,,,,,,,,,,0,2.0070944156573547,80.91700933672722,5.0944235105812545,4,4966400,0.92,262.24,,,,,,,,,,,,,
,,,,,,,,,,,,,,,,,,,,,,,,,,,,,,,,,,,,,1,2.838537719338437,123.69457344604898,3.6040137882530687,4,4966400,0.4,340.35,,,,,,,,,,,,,
,,,,,,,,,,,,,,,,,,,,,,,,,,,,,,,,,,,,,,,,,4,4966400,,,0.92,0.92,0,0.52,0,0,0,217.8,0.4,0,0.0,0.92,6.0
1.3518698265155156,261.61,8663040,1,6,5.2447710037231445,2592,0,1428,0,3,,,,,,,,,,,1,4,15,3e-05,11,0.011,440,4966400,,,,,,,,,,,,,,,,,,,,,,,,,,,,,
1.3518698265155156,264.61,8668160,2,6,5.179889678955078,2592,0,262,0,38,0.0010286402,0.066943359375,0.7739982232800685,-0.4670097526162863,-0.0002262688605696894,13514,0.32119137048721313,3e-05,0.08,0.524872899055481,,,,,,,,,,,,,,,,,,,,,,,,,,,,,,,,,,,,,
1.3518698265155156,265.42,8673280,3,6,5.1517653465271,2592,0,199,0,76,0.0013330233,0.0817626953125,1.00813759037992,-0.44368041642010214,-9.160543413599953e-05,13522,0.2745927572250366,3e-05,0.08,0.5251659750938416,,,,,,,,,,,,,,,,,,,,,,,,,,,,,,,,,,,,,
1.3428849478562672,263.87,8678400,4,6,5.167681694030762,2598,6,186,6,109,0.0009736299,0.071875,0.8928450710634934,-0.465451698936522,-0.000827447188203223,13530,0.1994994878768921,3e-05,0.08,0.34761273860931396,,,,,,,,,,,,,,,,,,,,,,,,,,,,,,,,,,,,,
1.3428849478562672,257.0,8683520,5,6,5.30088996887207,2598,0,175,0,146,0.0007707784,0.0591796875,0.8873015218181536,-0.4359415779821575,-0.00041998876113211734,13538,0.3424670100212097,3e-05,0.08,0.4327262043952942,,,,,,,,,,,,,,,,,,,,,,,,,,,,,,,,,,,,,
1.3428849478562672,,,,6,,2598,0,,,,0.0010991726,0.054296875,0.7996693364941165,-0.4449051287956536,-0.00031512828718405217,13546,0.41385048627853394,3e-05,0.08,0.36412400007247925,,,,,,,,,0.6695007085800171,28.25,0.006934216943403791,1925,0.4742838541666667,272,0.0016410936010260386,0.1412987012987013,,,,,,,,,,,,,,,,,,,,,
,,,,,,,,,,,,,,,,,,,,,,,,,,,,,,,,,,,,,0,1.9425587739379844,76.4965953490742,5.346586001068354,4,4992000,0.94,252.53,,,,,,,,,,,,,
,,,,,,,,,,,,,,,,,,,,,,,,,,,,,,,,,,,,,1,3.0532553005045417,128.3487826198597,4.431232128590345,4,4992000,0.55,300.5,,,,,,,,,,,,,
,,,,,,,,,,,,,,,,,,,,,,,,,,,,,,,,,,,,,,,,,4,4992000,,,0.94,0.94,0,0.3899999999999999,1,0,0,217.8,0.55,0,0.0,0.94,6.0
1.3428849478562672,251.44,8688640,1,6,5.429892539978027,2598,0,1855,0,2,,,,,,,,,,,1,4,15,3e-05,11,0.011,440,4992000,,,,,,,,,,,,,,,,,,,,,,,,,,,,,
1.3428849478562672,265.35,8693760,2,6,5.079346179962158,2598,0,294,0,34,0.0010041462,0.0775146484375,0.8701186182443053,-0.44540144605562093,-0.0001839174612541683,13554,0.39880502223968506,3e-05,0.08,0.044216278940439224,,,,,,,,,,,,,,,,,,,,,,,,,,,,,,,,,,,,,
1.3207022945086162,253.56,8698880,3,6,5.348615646362305,2604,6,237,6,64,0.0010532584,0.065625,0.791136003669817,-0.4413805762305856,0.0006516310648294165,13562,0.4848107695579529,3e-05,0.08,0.047247014939785004,,,,,,,,,,,,,,,,,,,,,,,,,,,,,,,,,,,,,
1.3207022945086162,254.19,8704000,4,6,5.359663009643555,2604,0,199,0,102,0.0010233072,0.0579833984375,1.2840962407935876,-0.43699667593464253,-0.00017781764036044477,13570,0.2968131899833679,3e-05,0.08,0.5040279626846313,,,,,,,,,,,,,,,,,,,,,,,,,,,,,,,,,,,,,
1.3207022945086162,256.17,8709120,5,6,5.311163902282715,2604,0,187,0,136,0.0020165448,0.0916015625,0.890565139579121,-0.4479916747659445,0.0008054577294387855,13578,0.1319982409477234,3e-05,0.08,0.07415568828582764,,,,,,,,,,,,,,,,,,,,,,,,,,,,,,,,,,,,,
1.3207022945086162,,,,6,,2604,0,,,,0.0008984793,0.073193359375,0.613682091323426,-0.43601306951604785,-0.00044525935663841665,13586,0.13048523664474487,3e-05,0.08,0.7602667808532715,,,,,,,,,0.669110894203186,28.25,0.006898527382597103,1925,0.4742838541666667,272,0.0016172172100723619,0.1412987012987013,,,,,,,,,,,,,,,,,,,,,
,,,,,,,,,,,,,,,,,,,,,,,,,,,,,,,,,,,,,0,2.1433599286242173,90.57633852171327,4.956036976501346,4,5017600,0.86,271.87,,,,,,,,,,,,,
,,,,,,,,,,,,,,,,,,,,,,,,,,,,,,,,,,,,,1,2.8549058718846454,126.36660951374773,5.086870868504048,4,5017600,0.63,277.6,,,,,,,,,,,,,
,,,,,,,,,,,,,,,,,,,,,,,,,,,,,,,,,,,,,,,,,4,5017600,,,0.86,0.86,0,0.22999999999999998,0,0,0,217.8,0.63,0,0.0,0.86,6.0
1.3062160164117813,259.55,8714240,1,6,5.229586124420166,2610,6,1467,6,3,,,,,,,,,,,1,4,15,3e-05,11,0.011,440,5017600,,,,,,,,,,,,,,,,,,,,,,,,,,,,,
1.3062160164117813,253.81,8719360,2,6,5.385015964508057,2610,0,239,0,42,0.001254666,0.07255859375,0.9933324530196842,-0.4399817773140967,-0.0002409083303064108,13594,0.14687645435333252,3e-05,0.08,3.7286429405212402,,,,,,,,,,,,,,,,,,,,,,,,,,,,,,,,,,,,,
1.3062160164117813,260.24,8724480,3,6,5.273394584655762,2610,0,199,0,77,0.00089801924,0.066796875,0.9023129140841775,-0.43435952439904213,-0.00021352711773943157,13602,0.21793413162231445,3e-05,0.08,2.708397150039673,,,,,,,,,,,,,,,,,,,,,,,,,,,,,,,,,,,,,
1.3062160164117813,267.34,8729600,4,6,5.098654747009277,2610,0,174,0,117,0.0017706826,0.0998291015625,0.8145271394925657,-0.4547382812947035,0.0005267069907858967,13610,0.38806217908859253,3e-05,0.08,0.05949334800243378,,,,,,,,,,,,,,,,,,,,,,,,,,,,,,,,,,,,,
1.2534611771504085,269.22,8734720,5,6,5.027766227722168,2616,6,167,6,152,0.0012714925,0.0696044921875,0.8160281076910906,-0.4453315304592252,-0.0003888252278557047,13618,0.2634395360946655,3e-05,0.08,0.8199455142021179,,,,,,,,,,,,,,,,,,,,,,,,,,,,,,,,,,,,,
1.2534611771504085,,,,6,,2616,6,,,,0.0015949989,0.07216796875,0.8175423326552845,-0.46864168560132385,2.3910391610115768e-05,13626,0.17997503280639648,3e-05,0.08,0.10050515085458755,,,,,,,,,0.6678695678710938,28.25,0.00684572699414185,1925,0.4742838541666667,272,0.0015836224077178883,0.1412987012987013,,,,,,,,,,,,,,,,,,,,,
,,,,,,,,,,,,,,,,,,,,,,,,,,,,,,,,,,,,,0,1.9604300177856249,81.45985207450354,5.519918539524078,4,5043200,0.92,248.05,,,,,,,,,,,,,
,,,,,,,,,,,,,,,,,,,,,,,,,,,,,,,,,,,,,1,2.865240557009321,125.10424613097672,4.494159643352032,4,5043200,0.56,301.26,,,,,,,,,,,,,
,,,,,,,,,,,,,,,,,,,,,,,,,,,,,,,,,,,,,,,,,4,5043200,,,0.92,0.92,0,0.36,0,0,0,217.8,0.56,0,0.0,0.92,6.0
1.2534611771504085,269.8,8739840,1,6,5.035079479217529,2616,0,1619,0,3,,,,,,,,,,,1,4,15,3e-05,11,0.011,440,5043200,,,,,,,,,,,,,,,,,,,,,,,,,,,,,
1.2534611771504085,275.84,8744960,2,6,4.904198169708252,2616,0,285,0,35,0.001189842,0.0812255859375,1.0665070552902762,-0.4720106441527605,-0.00021107971406308934,13634,0.1782786250114441,3e-05,0.08,0.03670185059309006,,,,,,,,,,,,,,,,,,,,,,,,,,,,,,,,,,,,,
1.2534611771504085,269.36,8750080,3,6,5.009628772735596,2616,0,224,0,68,0.00092394,0.0623291015625,0.9013360674493015,-0.4567878828383982,-0.00040787014731904494,13642,0.10455501079559326,3e-05,0.08,0.5858182311058044,,,,,,,,,,,,,,,,,,,,,,,,,,,,,,,,,,,,,
1.247479776541392,270.14,8755200,4,6,4.987705707550049,2622,6,201,6,101,0.0019316357,0.0803955078125,1.000458572327625,-0.4429109558463097,1.3384153135120869e-05,13650,0.0990477204322815,3e-05,0.08,0.8464232683181763,,,,,,,,,,,,,,,,,,,,,,,,,,,,,,,,,,,,,
1.247479776541392,264.16,8760320,5,6,5.141613960266113,2622,0,190,0,134,0.00091847137,0.0693115234375,0.9229079220385756,-0.4550999907776713,-0.001003052419400774,13658,0.0949774980545044,3e-05,0.08,0.32151344418525696,,,,,,,,,,,,,,,,,,,,,,,,,,,,,,,,,,,,,
1.247479776541392,,,,6,,2622,0,,,,0.0010062186,0.067138671875,0.7773615961836186,-0.4750595268793404,-0.0001253278023796156,13666,0.28814661502838135,3e-05,0.08,0.7913274168968201,,,,,,,,,0.66887366771698,28.25,0.006849730932932982,1925,0.4742838541666667,272,0.0015957714071609958,0.1412987012987013,,,,,,,,,,,,,,,,,,,,,
,,,,,,,,,,,,,,,,,,,,,,,,,,,,,,,,,,,,,0,1.9198737763083886,85.85783307305164,5.004943406432867,4,5068800,0.86,270.45,,,,,,,,,,,,,
,,,,,,,,,,,,,,,,,,,,,,,,,,,,,,,,,,,,,1,3.1096654433325543,131.26266643642435,4.1453265130519865,4,5068800,0.47,317.18,,,,,,,,,,,,,
,,,,,,,,,,,,,,,,,,,,,,,,,,,,,,,,,,,,,,,,,4,5068800,,,0.86,0.86,0,0.39,0,0,0,217.8,0.47,0,0.0,0.86,6.0
1.247479776541392,259.92,8765440,1,6,5.2373151779174805,2622,0,1715,0,2,,,,,,,,,,,1,4,15,3e-05,11,0.011,440,5068800,,,,,,,,,,,,,,,,,,,,,,,,,,,,,
1.247479776541392,253.7,8770560,2,6,5.383856296539307,2622,0,304,0,33,0.0017268267,0.0766357421875,0.6907553714641835,-0.4488909771665931,-0.00033126287744380536,13674,0.1309409737586975,3e-05,0.08,0.16360054910182953,,,,,,,,,,,,,,,,,,,,,,,,,,,,,,,,,,,,,
1.3267177666227024,256.94,8775680,3,6,5.304183483123779,2628,6,196,6,78,0.0011359341,0.060009765625,1.1912356391636423,-0.4781269977800548,-0.0008152330570737832,13682,0.3402893543243408,3e-05,0.08,0.05346304178237915,,,,,,,,,,,,,,,,,,,,,,,,,,,,,,,,,,,,,
1.3267177666227024,260.91,8780800,4,6,5.2168097496032715,2628,0,179,0,114,0.000926066,0.0624267578125,0.7133131889044307,-0.4410425854846835,0.0005650035935104824,13690,0.08977770805358887,3e-05,0.08,0.07042933255434036,,,,,,,,,,,,,,,,,,,,,,,,,,,,,,,,,,,,,
1.3267177666227024,266.63,8785920,5,6,5.043114185333252,2628,0,173,0,147,0.0014221154,0.0816162109375,0.7732850950793363,-0.43780498541891577,0.000840746755420696,13698,0.21871256828308105,3e-05,0.08,0.020812880247831345,,,,,,,,,,,,,,,,,,,,,,,,,,,,,,,,,,,,,
1.3267177666227024,,,,6,,2628,0,,,,0.0009506886,0.0686767578125,0.8286181045667036,-0.45542081957682967,0.00040234316838905215,13706,0.4366757869720459,3e-05,0.08,0.9522534012794495,,,,,,,,,0.6675192713737488,28.25,0.006854415051719782,1925,0.4742838541666667,272,0.001591173944203931,0.1412987012987013,,,,,,,,,,,,,,,,,,,,,
,,,,,,,,,,,,,,,,,,,,,,,,,,,,,,,,,,,,,0,2.2065566613184324,87.58352527730315,5.444787111906335,4,5094400,0.9,249.31,,,,,,,,,,,,,
,,,,,,,,,,,,,,,,,,,,,,,,,,,,,,,,,,,,,1,3.119363016802008,128.72228827984688,4.042814846485853,4,5094400,0.49,316.15,,,,,,,,,,,,,
,,,,,,,,,,,,,,,,,,,,,,,,,,,,,,,,,,,,,,,,,4,5094400,,,0.9,0.9,0,0.41000000000000003,0,0,0,217.8,0.49,0,0.0,0.9,6.0
1.3267177666227024,275.09,8791040,1,6,4.7981672286987305,2628,0,1358,0,3,,,,,,,,,,,1,4,15,3e-05,11,0.011,440,5094400,,,,,,,,,,,,,,,,,,,,,,,,,,,,,
1.2315068393945694,270.46,8796160,2,6,4.937127590179443,2634,6,281,6,36,0.00092771725,0.0646484375,0.8233827285352163,-0.44030819544568656,-0.00023438680364051834,13714,0.48074424266815186,3e-05,0.08,0.5088621973991394,,,,,,,,,,,,,,,,,,,,,,,,,,,,,,,,,,,,,
1.2315068393945694,283.37,8801280,3,6,4.632345199584961,2634,0,218,0,70,0.0015374006,0.08134765625,0.946639523061458,-0.4389207949861884,0.0007832079223589972,13722,0.2723185420036316,3e-05,0.08,0.15574857592582703,,,,,,,,,,,,,,,,,,,,,,,,,,,,,,,,,,,,,
1.2315068393945694,279.96,8806400,4,6,4.71090841293335,2634,0,187,0,108,0.0015387743,0.0849609375,0.7193494917126373,-0.4281727329827845,0.0006235736698727123,13730,0.342129647731781,3e-05,0.08,0.005203941836953163,,,,,,,,,,,,,,,,,,,,,,,,,,,,,,,,,,,,,
1.2315068393945694,267.58,8811520,5,6,5.003527641296387,2634,0,172,0,148,0.0007182313,0.0494140625,0.9283525826002006,-0.41698756092227995,-0.0003409077151445672,13738,0.4614675045013428,3e-05,0.08,0.1275601089000702,,,,,,,,,,,,,,,,,,,,,,,,,,,,,,,,,,,,,
1.2315068393945694,,,,6,,2634,0,,,,0.0008737959,0.0626708984375,1.157068614847958,-0.445260610524565,0.0003072654188144952,13746,0.42802852392196655,3e-05,0.08,0.5305046439170837,,,,,,,,,0.6678636074066162,28.0,0.006863145033419282,1925,0.4733072916666667,272,0.0015972776731386438,0.1412987012987013,,,,,,,,,,,,,,,,,,,,,
