time/time_elapsed,time/iterations,curriculum/grid_size,curriculum/stage,rollout/ep_rew_mean,time/total_timesteps,curriculum/obs_quantity,curriculum/stage_timesteps,train/ent_coef,rollout/ep_len_mean,time/fps,curriculum/max_steps,train/n_updates,train/learning_rate,train/value_loss,train/policy_gradient_loss,train/loss,train/explained_variance,train/approx_kl,train/clip_range,train/entropy_loss,train/clip_fraction,eval/stage,eval/full_coverage_rate,eval/mean_reward,eval/mean_ep_length,eval/deterministic,eval/std_ep_length,eval/std_reward,eval/stage_timesteps
2,1,5,1,3.677617311477661,5120,3,0,0.02,150.75,1992,200,,,,,,,,,,,,,,,,,,
6,2,,,2.937593936920166,10240,,,,156.03333333333333,1611,,5,0.0001,3.4130465054512023,-0.0031956702470779417,1.2826884984970093,-0.0052204132080078125,0.007454461,0.2,-1.0752988636493683,0.0184375,,,,,,,,
10,3,,,2.9487149715423584,15360,,,,155.91304347826087,1533,,10,0.0001,1.7499719512462617,-0.006426144286524505,0.7100501656532288,0.04202723503112793,0.008117853,0.2,-1.0712083601951599,0.0462890625,,,,,,,,
13,4,,,2.3028061389923096,20480,,,,160.94,1505,,15,0.0001,1.7031653225421906,-0.0017185411974787713,0.8298524022102356,0.060830771923065186,0.008225913,0.2,-1.0591658651828766,0.0095703125,,,,,,,,
17,5,,,2.123243570327759,25600,,,,162.39,1469,,20,0.0001,1.3131175309419632,-0.007764295283704996,0.552480161190033,0.12056457996368408,0.008300455,0.2,-1.044524701833725,0.087109375,,,,,,,,
21,6,,,1.8838061094284058,30720,,,,162.94,1444,,25,0.0001,1.3186576271057129,-0.008231999757699669,0.5460463762283325,0.1252889633178711,0.009694355,0.2,-1.0696768069267273,0.070859375,,,,,,,,
25,7,,,2.986572504043579,35840,,,,148.17,1420,,30,0.0001,1.567918334007263,-0.007834423468448221,0.6298612952232361,0.1240236759185791,0.007641687,0.2,-1.059333370923996,0.0598828125,,,,,,,,
29,8,,,4.3270792961120605,40960,,,,129.26,1381,,35,0.0001,1.9274194312095643,-0.005872687809169292,0.8582290410995483,0.10348391532897949,0.006416994,0.2,-1.0251649153232574,0.0255078125,,,,,,,,
33,9,,,4.437101364135742,46080,,,,122.26,1374,,40,0.0001,1.707475128173828,-0.007029813542030752,0.6816578507423401,0.10577619075775146,0.00802496,0.2,-1.0002176034450532,0.049921875,,,,,,,,
37,10,,,5.139857292175293,51200,,,,107.47,1373,,45,0.0001,1.541117193698883,-0.006533758179284632,0.7561549544334412,0.10382753610610962,0.008250068,0.2,-1.0031706219911576,0.0648828125,,,,,,,,
2,1,5,1,5.946505069732666,56320,3,51200,0.010272,92.85,2231,200,50,0.0001,1.5424002635478973,-0.005092494362033903,0.7494319081306458,0.09946483373641968,0.0064597377,0.2,-0.9825946193933487,0.026484375,,,,,,,,
6,2,,,6.1807098388671875,61440,,,,86.33,1670,,55,0.0001,1.3475476062297822,-0.0066832603700459,0.5961585640907288,0.07864093780517578,0.007995857,0.2,-0.9220087039470672,0.0630859375,,,,,,,,
10,3,,,6.8650054931640625,66560,,,,63.89,1533,,60,0.0001,1.07045836687088,-0.006148870368488133,0.47281402349472046,0.14507955312728882,0.0070189186,0.2,-0.8824378800392151,0.0608984375,,,,,,,,
14,4,,,6.508398056030273,71680,,,,66.14,1454,,65,0.0001,0.8693197190761566,-0.00758993549272418,0.3735383152961731,0.13693088293075562,0.007916489,0.2,-0.8480623865127563,0.0822265625,,,,,,,,
17,5,,,6.615522384643555,76800,,,,63.88,1427,,70,0.0001,0.6860572671890259,-0.0032838105550035833,0.34889668226242065,0.30217230319976807,0.006636916,0.2,-0.829174718260765,0.059453125,,,,,,,,
21,6,,,6.749277114868164,81920,,,,61.65,1411,,75,0.0001,0.6599410790205001,-0.004166033565998078,0.2715309262275696,0.42195796966552734,0.0058189044,0.2,-0.7566921651363373,0.0693359375,,,,,,,,
25,7,,,6.771618843078613,87040,,,,58.81,1407,,80,0.0001,0.6051543593406677,-0.006172704650089145,0.25705859065055847,0.5307935476303101,0.00784363,0.2,-0.7278339678049087,0.0766796875,,,,,,,,
29,8,,,7.182971954345703,92160,,,,50.63,1401,,85,0.0001,0.5971631896495819,-0.0025875855889171363,0.3204623758792877,0.6404240131378174,0.0056571504,0.2,-0.7235457813739776,0.0648046875,,,,,,,,
33,9,,,7.170210361480713,97280,,,,49.85,1394,,90,0.0001,0.4793339642882347,-0.002740866616368294,0.2217482179403305,0.5599996447563171,0.005806129,0.2,-0.6999555438756943,0.0383984375,,,,,,,,
36,10,,,6.956215858459473,102400,,,,55.26,1388,,95,0.0001,0.3365732616186142,-0.0043303591851145025,0.1484944224357605,0.5940412282943726,0.006559639,0.2,-0.6901604664325715,0.0785546875,,,,,,,,
,,,,,,,,,,,,100,0.0001,0.3713150465488434,-0.00243185224942863,0.15165652334690094,0.7081866264343262,0.0051275496,0.2,-0.6774923479557038,0.06171875,1,0.72,4.146829760074615,85.14,1,75.43739391044735,5.187391310090527,102400
2,1,5,1,7.114840507507324,107520,3,102400,0.0010000000000000009,50.52,1908,200,,,,,,,,,,,,,,,,,,
6,2,,,7.083886623382568,112640,,,,50.12,1594,,105,0.0001,0.3507001233100891,-0.003880037327762693,0.1356368511915207,0.6695144176483154,0.004454377,0.2,-0.612801565527916,0.047109375,,,,,,,,
9,3,,,7.255159378051758,117760,,,,47.88,1540,,110,0.0001,0.35671870559453966,-0.003943455209955573,0.16893672943115234,0.7402129173278809,0.005795714,0.2,-0.598183279633522,0.06640625,,,,,,,,
13,4,,,7.093636512756348,122880,,,,50.08,1501,,115,0.0001,0.5113661298155785,-0.004012700291350484,0.2509072721004486,0.6979389786720276,0.00540372,0.2,-0.5840185815095902,0.0598828125,,,,,,,,
17,5,,,7.051703929901123,128000,,,,49.4,1477,,120,0.0001,0.46978615164756776,-0.0029969670344144107,0.2276364415884018,0.6693040132522583,0.00469345,0.2,-0.5692300617694854,0.0530078125,,,,,,,,
21,6,,,7.195914268493652,133120,,,,44.37,1448,,125,0.0001,0.46655224382877347,-0.004208673504181206,0.22846552729606628,0.6109641790390015,0.0062683956,0.2,-0.5470122811198235,0.0561328125,,,,,,,,
25,7,,,7.157125473022461,138240,,,,45.82,1429,,130,0.0001,0.3138071109354496,-0.004023217768408358,0.16250476241111755,0.7094399333000183,0.007156561,0.2,-0.49958533883094786,0.06859375,,,,,,,,
28,8,,,7.453778266906738,143360,,,,39.25,1414,,135,0.0001,0.3004479114711285,-0.0028273288952186705,0.1229827031493187,0.7360336184501648,0.0038088583,0.2,-0.5033717200160026,0.0377734375,,,,,,,,
32,9,,,7.375005722045898,148480,,,,41.01,1407,,140,0.0001,0.2155688361823559,-0.0030862147687003016,0.09949768334627151,0.46901267766952515,0.0055527412,0.2,-0.46582038879394533,0.06578125,,,,,,,,
36,10,,,7.300891876220703,153600,,,,39.93,1405,,145,0.0001,0.2077677471935749,-0.0025861847028136255,0.12523676455020905,0.646639347076416,0.0057141623,0.2,-0.4517751729488373,0.0556640625,,,,,,,,
,,,,,,,,,,,,150,0.0001,0.14564889177680015,-0.0033593825437128544,0.04442596435546875,0.7722182273864746,0.005700109,0.2,-0.45753620117902755,0.04828125,1,0.83,5.6569202876091005,60.42,1,63.688802783534875,4.269949818594266,153600
2,1,5,1,7.437419891357422,158720,3,153600,0.0010000000000000009,39.86,1886,200,,,,,,,,,,,,,,,,,,
6,2,,,7.284158706665039,163840,,,,41.8,1548,,155,0.0001,0.16345317780971527,-0.0014835162367671728,0.08307839184999466,0.6481176614761353,0.009295389,0.2,-0.45127703845500944,0.0715625,,,,,,,,
10,3,,,7.291505813598633,168960,,,,41.73,1491,,160,0.0001,0.2348077216744423,-0.0022816522186622024,0.12310486286878586,0.7432824373245239,0.0060947826,0.2,-0.43965428352355956,0.0882421875,,,,,,,,
13,4,,,7.2424821853637695,174080,,,,39.69,1470,,165,0.0001,0.2814536453783512,-0.003961130226962269,0.132840096950531,0.7223042845726013,0.0057160584,0.2,-0.4465218049287796,0.0775390625,,,,,,,,
17,5,,,7.305295467376709,179200,,,,38.2,1451,,170,0.0001,0.19786222234368325,-0.002478036088868976,0.09016313403844833,0.7862063050270081,0.0076622427,0.2,-0.4183148592710495,0.0695703125,,,,,,,,
21,6,,,7.520238876342773,184320,,,,35.22,1444,,175,0.0001,0.24247895956039428,-0.0034715092414990068,0.1323281079530716,0.8103406429290771,0.0043986654,0.2,-0.41602982878684996,0.0540625,,,,,,,,
25,7,,,7.468222141265869,189440,,,,37.07,1432,,180,0.0001,0.10107446238398551,-0.004716253215447068,0.039883602410554886,0.5407971143722534,0.0070618046,0.2,-0.40680811524391175,0.083359375,,,,,,,,
29,8,,,7.480142116546631,194560,,,,35.25,1406,,185,0.0001,0.11774396516382694,-0.005115675830747932,0.053151700645685196,0.7071821093559265,0.0059146774,0.2,-0.3826132324337959,0.055390625,,,,,,,,
33,9,,,7.202573776245117,199680,,,,38.89,1391,,190,0.0001,0.15326072990894318,-0.0033078153990209105,0.05614645034074783,0.7073256969451904,0.0066670836,0.2,-0.35361227005720136,0.0600390625,,,,,,,,
36,10,,,7.5505452156066895,204800,,,,32.96,1390,,195,0.0001,0.1780865363776684,-0.0018490257253870367,0.0642322227358818,0.764531672000885,0.005405019,0.2,-0.37125980615615845,0.065,,,,,,,,
,,,,,,,,,,,,200,0.0001,0.15083572663366795,-0.0032256142841652034,0.0744774341583252,0.6865777373313904,0.0065020793,0.2,-0.34402788400650025,0.0530859375,1,0.92,6.63646589756012,44.42,1,48.765188403204185,3.1835854872521288,204800
2,1,5,1,7.186192512512207,209920,3,204800,0.0010000000000000009,39.94,1771,200,,,,,,,,,,,,,,,,,,
7,2,,,7.361432075500488,215040,,,,35.48,1460,,205,0.0001,0.15575539000332356,-0.0031963969208300114,0.07008743286132812,0.8056955933570862,0.0047419565,0.2,-0.3403589531779289,0.04875,,,,,,,,
10,3,,,7.481647491455078,220160,,,,32.98,1420,,210,0.0001,0.19596827641129494,-0.0012242323812097311,0.06853081285953522,0.7644470930099487,0.015898693,0.2,-0.31348642259836196,0.0755078125,,,,,,,,
14,4,,,7.394625186920166,225280,,,,36.22,1405,,215,0.0001,0.11731863208115101,0.000285925529897213,0.06073598191142082,0.7192209959030151,0.005591302,0.2,-0.27084349185228346,0.0644921875,,,,,,,,
18,5,,,7.5434370040893555,230400,,,,33.05,1400,,220,0.0001,0.19641273081302643,-0.0028991051949560642,0.09081536531448364,0.7290453910827637,0.004550817,0.2,-0.27956378713250163,0.0559375,,,,,,,,
21,6,,,7.550504684448242,235520,,,,31.89,1405,,225,0.0001,0.13219462193548678,-0.0005687550408765673,0.06121300905942917,0.5154495239257812,0.0062787146,0.2,-0.23025942087173462,0.0509765625,,,,,,,,
25,7,,,7.345034122467041,240640,,,,36.22,1408,,230,0.0001,0.13724470213055612,-0.00265323543921113,0.07763712108135223,0.7031882405281067,0.0056044953,0.2,-0.24495386615395545,0.0543359375,,,,,,,,
29,8,,,7.360307216644287,245760,,,,35.1,1399,,235,0.0001,0.1163346578925848,-0.0009637636621482671,0.06270374357700348,0.7546677589416504,0.006925115,0.2,-0.24069714576005935,0.05921875,,,,,,,,
32,9,,,7.476324558258057,250880,,,,32.61,1396,,240,0.0001,0.14848389394581318,-0.0012457218579947948,0.05598718672990799,0.8015960454940796,0.008718287,0.2,-0.23951088055968284,0.0623046875,,,,,,,,
37,10,,,7.429186820983887,256000,,,,33.41,1372,,245,0.0001,0.10313929043710232,-0.0024041475635021925,0.03588888794183731,0.8277667760848999,0.0061660297,0.2,-0.2217872878909111,0.05640625,,,,,,,,
,,,,,,,,,,,,250,0.0001,0.1284205310791731,-0.0017934917518869042,0.07765261083841324,0.8059579730033875,0.006194216,0.2,-0.2332422013580799,0.0569921875,1,0.97,7.265391836166382,34.33,1,31.492556263345794,1.8893540754207874,256000
2,1,5,1,7.521624565124512,261120,3,256000,0.0010000000000000009,32.46,1853,200,,,,,,,,,,,,,,,,,,
6,2,,,7.567437648773193,266240,,,,30.89,1528,,255,0.0001,0.2032513751089573,0.00041489819064736364,0.11770287156105042,0.7334579825401306,0.0038900077,0.2,-0.23160591810941697,0.04734375,,,,,,,,
10,3,,,7.437608242034912,271360,,,,33.27,1456,,260,0.0001,0.17708418071269988,-0.001699756169691682,0.07147888839244843,0.7158353328704834,0.004570373,0.2,-0.20647144362330436,0.0424609375,,,,,,,,
14,4,,,7.462994575500488,276480,,,,32.67,1424,,265,0.0001,0.13956096775829793,0.0021521980268880726,0.06286424398422241,0.7747166156768799,0.0071040317,0.2,-0.2438165545463562,0.0623046875,,,,,,,,
18,5,,,7.516391754150391,281600,,,,32.65,1408,,270,0.0001,0.14049617812037468,-0.001357775959186256,0.061989717185497284,0.7590347528457642,0.0053013563,0.2,-0.21993917390704154,0.056640625,,,,,,,,
21,6,,,7.564597129821777,286720,,,,30.69,1398,,275,0.0001,0.13518710300326348,0.0016090196883305908,0.05244597792625427,0.7662361860275269,0.0056962776,0.2,-0.21046258360147477,0.0602734375,,,,,,,,
26,7,,,7.378777980804443,291840,,,,32.61,1377,,280,0.0001,0.14589123584330083,0.0002672676602378488,0.04631810262799263,0.8096323013305664,0.005563398,0.2,-0.21089336410164833,0.0580859375,,,,,,,,
29,8,,,7.373102188110352,296960,,,,34.02,1373,,285,0.0001,0.14026298947632312,-0.0006852268008515239,0.09207217395305634,0.7897971868515015,0.005083245,0.2,-0.20050423443317414,0.0452734375,,,,,,,,
33,9,,,7.5619893074035645,302080,,,,31.5,1376,,290,0.0001,0.1604313663393259,-0.0010027182288467884,0.07345471531152725,0.8088258504867554,0.00634754,0.2,-0.21166947826743127,0.0553125,,,,,,,,
37,10,,,7.405852794647217,307200,,,,32.86,1359,,295,0.0001,0.14295023590326308,-0.0018560107634402812,0.06974320858716965,0.7858082056045532,0.0065615326,0.2,-0.20632605850696564,0.0495703125,,,,,,,,
,,,,,,,,,,,,300,0.0001,0.1396676006913185,6.238603964447975e-05,0.05095943808555603,0.8098487257957458,0.0036878109,0.2,-0.22448460012674332,0.056171875,1,0.96,7.132431614398956,36.52,1,37.43513857327097,2.157114896105557,307200
2,1,5,1,7.4667158126831055,312320,3,307200,0.0010000000000000009,32.46,1754,200,,,,,,,,,,,,,,,,,,
8,2,,,7.310914993286133,317440,,,,33.17,1276,,305,0.0001,0.1228508561104536,0.001084583168849349,0.05045207589864731,0.8425346612930298,0.0062470967,0.2,-0.22779029309749604,0.06328125,,,,,,,,
11,3,,,7.435670375823975,322560,,,,31.34,1309,,310,0.0001,0.16209510415792466,-0.0006769770989194512,0.15815357863903046,0.8870360851287842,0.006176257,0.2,-0.25240167036652567,0.0511328125,,,,,,,,
15,4,,,7.620364189147949,327680,,,,28.64,1345,,315,0.0001,0.2411382231116295,0.0016503443894907831,0.11403291672468185,0.6895588040351868,0.007153797,0.2,-0.2032173354923725,0.0473828125,,,,,,,,
19,5,,,7.2802605628967285,332800,,,,35.1,1346,,320,0.0001,0.2662287744879723,-0.0005728579219430685,0.0779099315404892,0.6878387928009033,0.0052926596,0.2,-0.17716166272759437,0.0421875,,,,,,,,
23,6,,,7.642534255981445,337920,,,,27.66,1334,,325,0.0001,0.17668113067746163,-0.0021074034040793775,0.07600542157888412,0.8628785610198975,0.0073304353,0.2,-0.23544904530048372,0.0646875,,,,,,,,
27,7,,,7.466596603393555,343040,,,,32.45,1320,,330,0.0001,0.08101214054971934,-0.004976974758319557,0.03947961702942848,0.6767505407333374,0.007799717,0.2,-0.1697615411877632,0.053671875,,,,,,,,
31,8,,,7.6168012619018555,348160,,,,28.97,1318,,335,0.0001,0.10738223858177662,-0.0007842704420909285,0.05399886891245842,0.7839481830596924,0.008578247,0.2,-0.1861731243133545,0.04921875,,,,,,,,
34,9,,,7.530954360961914,353280,,,,29.76,1320,,340,0.0001,0.06349671546369791,-0.0009866671729832888,0.037335969507694244,0.6772041320800781,0.00765028,0.2,-0.16311815798282622,0.0533203125,,,,,,,,
39,10,,,7.507091045379639,358400,,,,30.16,1310,,345,0.0001,0.060017188508063556,-0.00017715716268867254,0.018213029950857162,0.8100341558456421,0.009065348,0.2,-0.18543026670813562,0.0540234375,,,,,,,,
,,,,,,,,,,,,350,0.0001,0.07203234560787677,0.0008374837692826986,0.028063064441084862,0.8423672914505005,0.005498116,0.2,-0.16979391887784004,0.048203125,1,0.98,7.374221422672272,31.79,1,28.64447416169478,1.54333769541876,358400
2,1,5,1,7.618096828460693,363520,3,358400,0.0010000000000000009,28.05,1847,200,,,,,,,,,,,,,,,,,,
6,2,,,7.494272232055664,368640,,,,30.32,1519,,355,0.0001,0.07424047376960516,-0.0013835054449737071,0.02599336765706539,0.7453851699829102,0.005702696,0.2,-0.1645679834485054,0.0578515625,,,,,,,,
10,3,,,7.624227523803711,373760,,,,28.24,1445,,360,0.0001,0.14237801887094975,-0.0019859780883416532,0.05748789757490158,0.7145125865936279,0.0038261742,0.2,-0.1854047055542469,0.0410546875,,,,,,,,
14,4,,,7.483834266662598,378880,,,,31.83,1403,,365,0.0001,0.06258584063500167,-0.0011136310873553156,0.029820986092090607,0.7173607349395752,0.0075143785,0.2,-0.1523904839158058,0.048984375,,,,,,,,
18,5,,,7.469239711761475,384000,,,,31.7,1401,,370,0.0001,0.06401922944933176,0.0008717156248167157,0.027568522840738297,0.7818106412887573,0.0060302336,0.2,-0.1706701150536537,0.0546875,,,,,,,,
22,6,,,7.566739082336426,389120,,,,30.26,1391,,375,0.0001,0.12633756391704082,-0.0013775272667407989,0.062088944017887115,0.759296715259552,0.0053986735,0.2,-0.16883975267410278,0.0445703125,,,,,,,,
26,7,,,7.5082502365112305,394240,,,,30.6,1378,,380,0.0001,0.09422420356422663,0.0001712349709123373,0.04472840949892998,0.8025467395782471,0.005746721,0.2,-0.1561403914541006,0.0424609375,,,,,,,,
30,8,,,7.424267768859863,399360,,,,31.23,1354,,385,0.0001,0.10951254196465016,-0.00048698398750275375,0.03126641362905502,0.790508508682251,0.004653194,0.2,-0.15862375155091285,0.035390625,,,,,,,,
34,9,,,7.08653450012207,404480,,,,36.06,1318,,390,0.0001,0.10249582536518574,-0.00014211810659617185,0.044032495468854904,0.8410263657569885,0.0060637505,0.2,-0.17389238327741624,0.053203125,,,,,,,,
39,10,,,7.548875331878662,409600,,,,28.5,1295,,395,0.0001,0.14989456243813037,-4.4007925316691395e-06,0.0627221018075943,0.8697913289070129,0.0056029027,0.2,-0.19775358855724334,0.0571484375,,,,,,,,
,,,,,,,,,,,,400,0.0001,0.12268090546131134,0.0008610703237354755,0.09665612876415253,0.7638674378395081,0.0036063395,0.2,-0.14257651425898074,0.03421875,1,0.98,7.385630548000336,31.23,1,25.458929671138968,1.6613857146784106,409600
3,1,5,1,7.63841438293457,414720,3,409600,0.0010000000000000009,27.41,1340,200,,,,,,,,,,,,,,,,,,
8,2,,,7.6522908210754395,419840,,,,27.43,1218,,405,0.0001,0.1360847906768322,0.00016516996081918477,0.060488805174827576,0.7771525382995605,0.0076216334,0.2,-0.16609144791960717,0.053046875,,,,,,,,
12,3,,,7.569943428039551,424960,,,,29.9,1198,,410,0.0001,0.08654190599918365,-0.00029816160909831526,0.06218962371349335,0.8145561814308167,0.0053183,0.2,-0.1354290507733822,0.0331640625,,,,,,,,
17,4,,,7.6406025886535645,430080,,,,27.46,1183,,415,0.0001,0.1628156192600727,-0.0016288974182680248,0.07047934085130692,0.717862606048584,0.0038350602,0.2,-0.1404425573348999,0.045,,,,,,,,
21,5,,,7.49793815612793,435200,,,,30.41,1176,,420,0.0001,0.09116649758070708,0.00028725679963827134,0.022011833265423775,0.759684681892395,0.0080390405,0.2,-0.1345240070670843,0.036875,,,,,,,,
26,6,,,7.6178693771362305,440320,,,,27.65,1166,,425,0.0001,0.12316355425864459,0.00022467012051492928,0.06009228155016899,0.854028582572937,0.0048692217,0.2,-0.18205710023641586,0.0521875,,,,,,,,
30,7,,,7.624614238739014,445440,,,,28.12,1161,,430,0.0001,0.1149889475852251,-0.0012805007537826896,0.07143685221672058,0.7751744389533997,0.006784463,0.2,-0.12950217820703983,0.038046875,,,,,,,,
35,8,,,7.427448749542236,450560,,,,32.99,1157,,435,0.0001,0.13174134373664856,-0.002294970159418881,0.04491439461708069,0.658043622970581,0.007520497,0.2,-0.1405081633478403,0.0477734375,,,,,,,,
40,9,,,7.6388349533081055,455680,,,,27.75,1147,,440,0.0001,0.13119859203696252,-0.00152159015648067,0.07984647154808044,0.8058276176452637,0.0082538435,0.2,-0.18630471989512443,0.057265625,,,,,,,,
44,10,,,7.542426109313965,460800,,,,28.95,1151,,445,0.0001,0.05798802156001329,-0.0033125603618100285,0.029293876141309738,0.6546890735626221,0.0076479157,0.2,-0.12174331143498421,0.0473046875,,,,,,,,
,,,,,,,,,,,,450,0.0001,0.055712564066052433,0.00019890494644641876,0.018985923379659653,0.7559817433357239,0.007356502,0.2,-0.1305521585047245,0.0420703125,1,0.98,7.3557385420799255,31.78,1,28.640733230837508,1.7141159014198253,460800
2,1,5,1,7.636609077453613,465920,3,460800,0.0010000000000000009,27.43,1926,200,,,,,,,,,,,,,,,,,,
6,2,,,7.274125576019287,471040,,,,35.18,1512,,455,0.0001,0.055035809986293316,-0.00034403016325086356,0.02796086296439171,0.7917096018791199,0.007574045,0.2,-0.13324891671538353,0.041875,,,,,,,,
10,3,,,7.581426620483398,476160,,,,29.51,1456,,460,0.0001,0.1269772781431675,-0.001104224775917828,0.04832664877176285,0.8464423418045044,0.0043292623,0.2,-0.1875486396253109,0.0498046875,,,,,,,,
14,4,,,7.638795852661133,481280,,,,27.48,1430,,465,0.0001,0.10954340599477291,-0.0008771219942718744,0.05178214982151985,0.6919182538986206,0.0039532813,0.2,-0.11518768914043903,0.0348046875,,,,,,,,
18,5,,,7.615517616271973,486400,,,,28.31,1421,,470,0.0001,0.05444050289690495,-0.0013297102460637688,0.03530031442642212,0.6122047901153564,0.012783463,0.2,-0.10771726563572884,0.046640625,,,,,,,,
21,6,,,7.440340995788574,491520,,,,32.44,1417,,475,0.0001,0.049238080363720654,-0.0012270685518160462,0.021695436909794807,0.6853377819061279,0.0075425543,0.2,-0.10381130054593087,0.0401953125,,,,,,,,
25,7,,,7.601978302001953,496640,,,,28.68,1405,,480,0.0001,0.08106992613524198,-0.0032633971096947788,0.04554618522524834,0.7193070650100708,0.0097593255,0.2,-0.14322332046926023,0.055078125,,,,,,,,
29,8,,,7.64383602142334,501760,,,,27.35,1400,,485,0.0001,0.05679256867617369,-0.0020385261112824083,0.02278643473982811,0.7365462779998779,0.005885396,0.2,-0.11448871850967407,0.041796875,,,,,,,,
32,9,,,7.635222911834717,506880,,,,27.79,1401,,490,0.0001,0.03304865619167686,-0.0006664994545280933,0.037101343274116516,0.7426700592041016,0.0037511035,0.2,-0.09727459840476513,0.034296875,,,,,,,,
36,10,,,7.556601524353027,512000,,,,28.5,1398,,495,0.0001,0.029796292930841448,-0.0007197128748521208,0.012514344416558743,0.7987719774246216,0.0035885037,0.2,-0.10756566271185874,0.0371875,,,,,,,,
,,,,,,,,,,,,500,0.0001,0.03628639286383986,-0.0021329787094146015,0.0031534014269709587,0.7886439561843872,0.004676175,0.2,-0.12582777291536332,0.042421875,1,0.96,7.156232862472534,34.61,1,34.90125928960157,2.3030831880857514,512000
2,1,5,1,7.45339822769165,517120,3,512000,0.0010000000000000009,31.66,2019,200,,,,,,,,,,,,,,,,,,
6,2,,,7.616141319274902,522240,,,,27.81,1589,,505,0.0001,0.06495725482702255,-0.003355648056603968,0.020799661055207253,0.8156986236572266,0.0042642336,0.2,-0.1615915070474148,0.0382421875,,,,,,,,
10,3,,,7.5186309814453125,527360,,,,29.87,1511,,510,0.0001,0.05101389672607184,-0.00120630769059062,0.020213773474097252,0.7445374727249146,0.0045540915,0.2,-0.11041419193148613,0.03796875,,,,,,,,
13,4,,,7.598397731781006,532480,,,,28.78,1475,,515,0.0001,0.04998751349747181,-0.004746655775234103,0.018740061670541763,0.81564861536026,0.007169603,0.2,-0.12996380180120468,0.0445703125,,,,,,,,
17,5,,,7.6229095458984375,537600,,,,27.92,1466,,520,0.0001,0.06677572343498468,-0.001007430381141603,0.02121078595519066,0.750193178653717,0.004575649,0.2,-0.12433722585439683,0.0409765625,,,,,,,,
21,6,,,7.5902791023254395,542720,,,,29.09,1458,,525,0.0001,0.06806982140988112,-0.0008042207872495055,0.032668404281139374,0.8125189542770386,0.0053210324,0.2,-0.145222375318408,0.052265625,,,,,,,,
24,7,,,7.575852870941162,547840,,,,29.5,1455,,530,0.0001,0.10720662772655487,-0.0023522437829524277,0.0485604926943779,0.6979069709777832,0.003623347,0.2,-0.1371969097107649,0.0362109375,,,,,,,,
28,8,,,7.6388020515441895,552960,,,,27.29,1428,,535,0.0001,0.060608213543891905,-0.001294971820898354,0.03601700812578201,0.7888166904449463,0.0073828427,0.2,-0.1423883906006813,0.038828125,,,,,,,,
32,9,,,7.646420955657959,558080,,,,27.3,1416,,540,0.0001,0.0738234543800354,-0.003512501074001193,0.03677288070321083,0.791341245174408,0.00458155,0.2,-0.1381097749620676,0.0454296875,,,,,,,,
36,10,,,7.549011707305908,563200,,,,28.34,1405,,545,0.0001,0.03781483454629779,-0.00014327185694128274,0.006580066867172718,0.6614844799041748,0.005776462,0.2,-0.1115428403019905,0.0375390625,,,,,,,,
,,,,,,,,,,,,550,0.0001,0.038696402721107005,-0.00012878977227956056,0.011247222311794758,0.7727535367012024,0.002715849,0.2,-0.12594799898564815,0.0345703125,1,0.97,7.309710123538971,31.05,1,30.108595118337885,2.0257569178755572,563200
2,1,5,1,7.420988082885742,568320,3,563200,0.0010000000000000009,30.7,1957,200,,,,,,,,,,,,,,,,,,
6,2,,,7.6484150886535645,573440,,,,26.61,1533,,555,0.0001,0.05214933600276708,-0.003199765644967556,0.012801301665604115,0.8249901533126831,0.00358916,0.2,-0.15905778862535955,0.04109375,,,,,,,,
10,3,,,7.483505725860596,578560,,,,30.61,1488,,560,0.0001,0.052351185977458956,-0.0008712008688598872,0.01729777455329895,0.7054033875465393,0.006050838,0.2,-0.10840122058987617,0.0367578125,,,,,,,,
13,4,,,7.6642560958862305,583680,,,,26.09,1464,,565,0.0001,0.056658008322119716,-0.004938587844371796,0.02323950082063675,0.7536749839782715,0.005193764,0.2,-0.1531491657346487,0.051484375,,,,,,,,
17,5,,,7.654085636138916,588800,,,,26.59,1453,,570,0.0001,0.058641423508524894,-0.004286215542815625,0.0035041682422161102,0.8037965893745422,0.004408495,0.2,-0.1457543481886387,0.0446484375,,,,,,,,
21,6,,,7.629642486572266,593920,,,,27.97,1444,,575,0.0001,0.038054952807724474,-0.002259996635839343,0.015556896105408669,0.7539188861846924,0.005453237,0.2,-0.10818151868879795,0.0401953125,,,,,,,,
25,7,,,7.419414520263672,599040,,,,31.09,1433,,580,0.0001,0.03852841479703784,-0.0033254809211939575,0.011502214707434177,0.7153991460800171,0.0052451105,0.2,-0.11642375931143761,0.0327734375,,,,,,,,
28,8,,,7.6095685958862305,604160,,,,28.44,1424,,585,0.0001,0.039830680172890424,-0.004629399124532938,0.02027016505599022,0.7709345817565918,0.006394653,0.2,-0.15226906687021255,0.047890625,,,,,,,,
32,9,,,7.62945556640625,609280,,,,27.04,1416,,590,0.0001,0.061539876013994216,-0.0030892809480428697,0.025746632367372513,0.7899613380432129,0.004855209,0.2,-0.13746480979025363,0.034453125,,,,,,,,
36,10,,,7.6057047843933105,614400,,,,29.24,1406,,595,0.0001,0.08843337249010802,-0.0035587614960968495,0.04823063313961029,0.8081814646720886,0.0064755157,0.2,-0.2172403746843338,0.0528515625,,,,,,,,
,,,,,,,,,,,,600,0.0001,0.06760511264204978,-0.003248883164487779,0.021156400442123413,0.7433469295501709,0.008397486,0.2,-0.14190192118287087,0.04875,1,1.0,7.656766877174378,26.51,1,5.164290851607799,0.09284894880703265,614400
,,,,,,,,,,,,,,,,,,,,,,1,0.97,7.347596430778504,30.93,1,29.930337452157133,1.8468391442272365,614400
2,1,5,1,7.533608436584473,619520,3,614400,0.0010000000000000009,29.03,1883,200,,,,,,,,,,,,,,,,,,
6,2,,,7.619369983673096,624640,,,,28.29,1490,,605,0.0001,0.04583010323345661,-0.002749678040854633,0.023538863286376,0.7946504950523376,0.00495473,0.2,-0.13704782232642174,0.03421875,,,,,,,,
10,3,,,7.6597161293029785,629760,,,,26.3,1450,,610,0.0001,0.08051719073206186,-0.00012006976176053286,0.015794340521097183,0.698091983795166,0.0034506195,0.2,-0.13837798178195954,0.0387890625,,,,,,,,
14,4,,,7.636659622192383,634880,,,,27.32,1387,,615,0.0001,0.05830442616716027,-0.0017963838297873735,0.029299894347786903,0.7271507978439331,0.0056928108,0.2,-0.12408039160072803,0.0344921875,,,,,,,,
18,5,,,7.633580207824707,640000,,,,27.1,1389,,620,0.0001,0.04644233483821154,-0.004297251724638045,0.010985069908201694,0.7932642698287964,0.00708194,0.2,-0.16218847423791885,0.0469921875,,,,,,,,
22,6,,,7.278823375701904,645120,,,,33.49,1378,,625,0.0001,0.0266950230486691,0.00048798460513353346,0.0038832025602459908,0.8076528310775757,0.0070533096,0.2,-0.09945606961846351,0.03734375,,,,,,,,
26,7,,,7.6517510414123535,650240,,,,26.68,1363,,630,0.0001,0.07643412556499243,-0.0005895925965160131,0.033010102808475494,0.8179758191108704,0.0047122412,0.2,-0.18404053211212157,0.042890625,,,,,,,,
30,8,,,7.667046070098877,655360,,,,26.0,1349,,635,0.0001,0.029925472997128964,-0.0049409964913502335,0.0021606096997857094,0.7650458812713623,0.0050533265,0.2,-0.09590489111840725,0.0330078125,,,,,,,,
34,9,,,7.625710964202881,660480,,,,27.05,1348,,640,0.0001,0.022381586451083423,0.0004399213381111622,-0.005926928017288446,0.7743645906448364,0.0072021983,0.2,-0.08906636267900467,0.0336328125,,,,,,,,
38,10,,,7.4827446937561035,665600,,,,30.31,1345,,645,0.0001,0.028918776595965028,-0.002041935259476304,0.0037207137793302536,0.8104483485221863,0.0047784983,0.2,-0.1032479103654623,0.03828125,,,,,,,,
,,,,,,,,,,,,650,0.0001,0.0628881261870265,-0.0030821807449683547,0.013020609505474567,0.7992634177207947,0.005216925,0.2,-0.1754315723478794,0.049921875,1,0.95,7.027522702217102,35.8,1,40.38985021017037,2.6374940371950437,665600
2,1,5,1,7.516217231750488,670720,3,665600,0.0010000000000000009,28.62,1815,200,,,,,,,,,,,,,,,,,,
7,2,,,7.640443801879883,675840,,,,27.18,1449,,655,0.0001,0.05282249290496111,-0.0026504810806363822,0.026393316686153412,0.8336838483810425,0.006095243,0.2,-0.13597065582871437,0.041484375,,,,,,,,
11,3,,,7.515801429748535,680960,,,,29.29,1396,,660,0.0001,0.04375908546149731,-0.001262854398228228,0.008927734568715096,0.6665599346160889,0.007150598,0.2,-0.08997908532619477,0.0321875,,,,,,,,
14,4,,,7.675029277801514,686080,,,,25.45,1384,,665,0.0001,0.060630706809461116,-0.002217357181943953,0.010343126952648163,0.791395366191864,0.005587741,0.2,-0.14375372298061848,0.05203125,,,,,,,,
18,5,,,7.631028652191162,691200,,,,27.21,1367,,670,0.0001,0.04131080389022827,-0.00022951514460146428,0.03352366387844086,0.8008117079734802,0.004296805,0.2,-0.1186184561997652,0.033203125,,,,,,,,
24,6,,,7.6673760414123535,696320,,,,25.78,1264,,675,0.0001,0.05801529873162508,-0.0019184762239456176,0.004951009526848793,0.6957103610038757,0.0064380937,0.2,-0.11281406179070473,0.0444140625,,,,,,,,
30,7,,,7.5257673263549805,701440,,,,28.83,1190,,680,0.0001,0.032416907735168934,-0.0011100888065993786,0.010894112288951874,0.7466411590576172,0.0029023606,0.2,-0.08733236998319625,0.0244140625,,,,,,,,
36,8,,,7.624131679534912,706560,,,,27.47,1128,,685,0.0001,0.05203816208988428,-0.0020874085649847983,0.029520411044359207,0.7865594029426575,0.0060816747,0.2,-0.145389256849885,0.0508984375,,,,,,,,
41,9,,,7.658283710479736,711680,,,,26.58,1119,,690,0.0001,0.045268745105713604,0.0013238414516672493,0.010167177766561508,0.7158312797546387,0.004156557,0.2,-0.08913678050041199,0.0333203125,,,,,,,,
45,10,,,7.6323466300964355,716800,,,,27.13,1114,,695,0.0001,0.034003662541508675,-0.0010764869255945086,0.02163119614124298,0.7065365314483643,0.005415979,0.2,-0.09613722696900368,0.03390625,,,,,,,,
,,,,,,,,,,,,700,0.0001,0.02422634979709983,-0.0011734088463708759,0.0036786776036024094,0.7941389679908752,0.004245806,0.2,-0.0864755243435502,0.0294921875,1,0.98,7.301301069259644,33.37,1,34.43592745955886,1.810576916858504,716800
3,1,5,1,7.622528076171875,721920,3,716800,0.0010000000000000009,27.45,1464,200,,,,,,,,,,,,,,,,,,
8,2,,,7.5428242683410645,727040,,,,28.21,1177,,705,0.0001,0.029612632524222134,-0.0003908033575862646,0.006418931297957897,0.7960352897644043,0.0058973664,0.2,-0.10195363745093346,0.0415625,,,,,,,,
13,3,,,7.624091148376465,732160,,,,27.6,1143,,710,0.0001,0.04141420179978013,-0.0026470477506518363,0.009854814037680626,0.7815490961074829,0.008011332,0.2,-0.10724290631711483,0.035859375,,,,,,,,
18,4,,,7.53092098236084,737280,,,,28.9,1112,,715,0.0001,0.03043093116953969,-0.0013664134708233177,0.013039732351899147,0.8358126878738403,0.006133821,0.2,-0.10197386540472507,0.0340625,,,,,,,,
23,5,,,7.569255828857422,742400,,,,29.29,1079,,720,0.0001,0.03905295671895146,-0.005541784162633121,-0.008174678310751915,0.8651152849197388,0.004644432,0.2,-0.13267795220017434,0.047578125,,,,,,,,
28,6,,,7.647909641265869,747520,,,,26.72,1071,,725,0.0001,0.04047480870038271,-0.0027099233260378243,-0.004396950826048851,0.8584209084510803,0.0031980053,0.2,-0.11908089950680732,0.0394921875,,,,,,,,
33,7,,,7.656648635864258,752640,,,,26.1,1070,,730,0.0001,0.09402056824415922,-0.002270660325884819,0.061443936079740524,0.7483841180801392,0.0050906134,0.2,-0.1398228657245636,0.043203125,,,,,,,,
38,8,,,7.622495174407959,757760,,,,27.39,1067,,735,0.0001,0.05218906328082085,-0.0040645354753360155,0.023412812501192093,0.787570595741272,0.004387255,0.2,-0.10732341825962066,0.0394140625,,,,,,,,
43,9,,,7.618642807006836,762880,,,,27.41,1069,,740,0.0001,0.03676560809835792,-0.0014572209073230623,0.013106096535921097,0.753406286239624,0.005652503,0.2,-0.09408829212188721,0.034609375,,,,,,,,
48,10,,,7.632455348968506,768000,,,,27.52,1063,,745,0.0001,0.07642585176974535,-0.002849389952607453,0.01840447261929512,0.78446364402771,0.005243228,0.2,-0.13804367862641811,0.0430078125,,,,,,,,
,,,,,,,,,,,,750,0.0001,0.07748286865651607,-0.0013456806587055325,0.03586529195308685,0.7751057147979736,0.0047773877,0.2,-0.13428427688777447,0.043515625,1,1.0,7.6466987466812135,25.99,1,11.155711541627454,0.29725808733209297,768000
,,,,,,,,,,,,,,,,,,,,,,1,0.96,7.144130551815033,34.75,1,38.53501654339855,2.264686944432284,768000
3,1,5,1,7.641540050506592,773120,3,768000,0.0010000000000000009,26.91,1356,200,,,,,,,,,,,,,,,,,,
8,2,,,7.654722213745117,778240,,,,26.51,1180,,755,0.0001,0.04386803632602096,-0.0029692732030525805,0.017008863389492035,0.7080320119857788,0.0061754254,0.2,-0.08901332341134548,0.0351171875,,,,,,,,
13,3,,,7.440704822540283,783360,,,,30.2,1148,,760,0.0001,0.03132596815004945,-0.00019813686842098832,0.010696900077164173,0.7388670444488525,0.0052100513,0.2,-0.08287079982459546,0.0296875,,,,,,,,
18,4,,,7.5197954177856445,788480,,,,28.52,1115,,765,0.0001,0.04106547171249986,-0.0005284425662830472,0.02933378703892231,0.7969770431518555,0.005366835,0.2,-0.11281085327267647,0.036953125,,,,,,,,
22,5,,,7.325705051422119,793600,,,,33.96,1117,,770,0.0001,0.06257151182740926,-0.0037955521326512097,0.03178984671831131,0.7536410093307495,0.0057190717,0.2,-0.13286588951945305,0.040234375,,,,,,,,
26,6,,,7.599495887756348,798720,,,,29.31,1147,,775,0.0001,0.11439118839800358,-0.0049947916809469466,0.04372652247548103,0.8210214972496033,0.0065317163,0.2,-0.2176164309680462,0.0519921875,,,,,,,,
30,7,,,7.565603256225586,803840,,,,29.86,1167,,780,0.0001,0.11472295090556145,-0.0014109524525701999,0.049331385642290115,0.634372353553772,0.0047464008,0.2,-0.1359607446193695,0.044375,,,,,,,,
35,8,,,7.656466484069824,808960,,,,26.18,1166,,785,0.0001,0.0698392042890191,-0.003070602607913315,0.020670855417847633,0.760149359703064,0.0050324285,0.2,-0.12660911075770856,0.0380078125,,,,,,,,
39,9,,,7.642755031585693,814080,,,,27.05,1170,,790,0.0001,0.03284233080223203,-0.0047295590816065665,0.01586083509027958,0.7367039322853088,0.005070762,0.2,-0.08597475446760655,0.0312109375,,,,,,,,
43,10,,,7.673648834228516,819200,,,,25.22,1171,,795,0.0001,0.020772767458111047,-0.00017904774285852908,0.0087118586525321,0.813059389591217,0.0077349218,0.2,-0.0809096921607852,0.0314453125,,,,,,,,
,,,,,,,,,,,,800,0.0001,0.02409813984297216,-0.005000937092117966,0.019841179251670837,0.8441612720489502,0.005315525,0.2,-0.10446193121373654,0.0429296875,1,1.0,7.630818033218384,26.64,1,15.98969668255155,0.4784317764758442,819200
,,,,,,,,,,,,,,,,,,,,,,1,0.99,7.54070442199707,27.8,1,17.938784797192923,1.2539549407514703,819200
,,,,,,,,,,,,,,,,,,,,,,1,0.98,7.3934544610977175,29.84,1,26.595759060421642,1.7613205865935484,819200
2,1,5,1,7.466426372528076,824320,3,819200,0.0010000000000000009,31.19,1846,200,,,,,,,,,,,,,,,,,,
7,2,,,7.315546035766602,829440,,,,34.08,1323,,805,0.0001,0.10880851186811924,-0.003926298525184393,0.027623390778899193,0.8295020461082458,0.004752899,0.2,-0.19796598106622695,0.0456640625,,,,,,,,
12,3,,,7.525216579437256,834560,,,,28.86,1241,,810,0.0001,0.11941230751574039,-0.0023255407297983768,0.05767756327986717,0.8411242961883545,0.0047860006,0.2,-0.19493201449513436,0.0384375,,,,,,,,
17,4,,,7.525381088256836,839680,,,,28.71,1201,,815,0.0001,0.07980424787849189,-0.004064319832250476,0.04880139231681824,0.8057212829589844,0.0052801543,0.2,-0.11651630938053131,0.0312109375,,,,,,,,
21,5,,,7.4083638191223145,844800,,,,31.04,1177,,820,0.0001,0.09332673229277134,-0.0016455021360889078,0.06715759634971619,0.7613027095794678,0.0031598427,0.2,-0.12182879455387592,0.031171875,,,,,,,,
26,6,,,7.55451774597168,849920,,,,27.83,1161,,825,0.0001,0.09272596254944801,-0.0019263254338875413,0.054003871977329254,0.8773834109306335,0.005862648,0.2,-0.17084974236786366,0.03921875,,,,,,,,
31,7,,,7.665250778198242,855040,,,,26.04,1146,,830,0.0001,0.04365155696868896,-0.0018626364413648843,0.024369969964027405,0.8851765990257263,0.0057243495,0.2,-0.10619833588600158,0.03546875,,,,,,,,
36,8,,,7.334768295288086,860160,,,,31.63,1116,,835,0.0001,0.09071564459309135,-0.0027512425830414924,0.04661145061254501,0.8555606603622437,0.007399873,0.2,-0.1053036163301812,0.03278028350515464,,,,,,,,
41,9,,,7.626682758331299,865280,,,,27.76,1109,,840,0.0001,0.09541226893663407,-0.004134475733153522,0.05785875394940376,0.8953368663787842,0.006205599,0.2,-0.1617287254333496,0.0393359375,,,,,,,,
46,10,,,7.585608005523682,870400,,,,28.87,1107,,845,0.0001,0.09221867308020591,-5.6289196945726874e-05,0.02252950891852379,0.796912431716919,0.0041771205,0.2,-0.11409208983182907,0.0403125,,,,,,,,
,,,,,,,,,,,,850,0.0001,0.08122752968221902,-0.003913098685443401,0.018945882096886635,0.8065266609191895,0.0049171643,0.2,-0.1073677759617567,0.033203125,1,0.99,7.568857834339142,27.07,1,17.76471502726683,1.059586638602206,870400
,,,,,,,,,,,,,,,,,,,,,,1,0.99,7.546874833106995,27.78,1,19.073845967711915,1.0860333639355892,870400
,,,,,,,,,,,,,,,,,,,,,,1,1.0,7.648738508224487,26.18,1,8.53625210499315,0.2285500420703079,870400
3,1,8,2,7.330869674682617,875520,8,0,0.008,56.24,1422,320,,,,,,,,,,,,,,,,,,
8,2,,,6.38730525970459,880640,,,,106.06,1189,,855,0.0001,2.2959001660346985,-0.002967058753129095,1.1087678670883179,0.3049325942993164,0.0066028656,0.2,-0.5374872663617134,0.07046875,,,,,,,,
14,3,,,5.893123626708984,885760,,,,138.4,1083,,860,0.0001,0.7312477844953537,-0.005786191485822201,0.4267706274986267,0.5306720733642578,0.010431191,0.2,-0.5356710129976272,0.089921875,,,,,,,,
19,4,,,6.316807270050049,890880,,,,131.56,1058,,865,0.0001,0.523226931989193,-0.003856787849217653,0.18914850056171417,0.7226465940475464,0.008304433,0.2,-0.5698821297287942,0.0801953125,,,,,,,,
23,5,,,6.060482978820801,896000,,,,143.46,1070,,870,0.0001,0.8295401161909104,-0.004246345809660852,0.3576372563838959,0.6221953630447388,0.00756862,0.2,-0.4984807360172272,0.0709375,,,,,,,,
28,6,,,6.705816745758057,901120,,,,122.2,1063,,875,0.0001,0.6158028811216354,-0.0018560758046805858,0.20489385724067688,0.7425945401191711,0.008763342,0.2,-0.5434743893146515,0.0739453125,,,,,,,,
33,7,,,7.055322647094727,906240,,,,112.42,1063,,880,0.0001,0.7990554702281952,-0.002205034871585667,0.35569286346435547,0.6715794205665588,0.004066377,0.2,-0.35694555670022965,0.0415234375,,,,,,,,
38,8,,,7.113631725311279,911360,,,,112.62,1058,,885,0.0001,0.7550561511516571,-0.004370555062778294,0.39132294058799744,0.6691755056381226,0.006892074,0.2,-0.4400619485974312,0.0725390625,,,,,,,,
43,9,,,7.093059539794922,916480,,,,117.79,1057,,890,0.0001,0.7693854027986526,-0.00232658882625401,0.3119076192378998,0.5905231237411499,0.005931084,0.2,-0.3993007197976112,0.04109375,,,,,,,,
48,10,,,7.060489654541016,921600,,,,115.76,1057,,895,0.0001,0.6754902628064156,-0.0015095689008012413,0.3298299312591553,0.6530326008796692,0.0053090723,0.2,-0.4911161309480667,0.0607421875,,,,,,,,
2,1,8,2,6.986443519592285,926720,8,51200,0.004416,108.54,1729,320,900,0.0001,0.6600481244921684,-0.004388327077031136,0.2847743034362793,0.5790847539901733,0.008276405,0.2,-0.40018379002809523,0.0653515625,,,,,,,,
8,2,,,6.796535491943359,931840,,,,114.29,1269,,905,0.0001,0.4931825777888298,-0.003534163092263043,0.2236461043357849,0.706731915473938,0.008577057,0.2,-0.40342597633600236,0.075703125,,,,,,,,
12,3,,,6.661243438720703,936960,,,,116.39,1186,,910,0.0001,0.4800326335430145,-0.002476937570609152,0.24492186307907104,0.7966142892837524,0.0056203674,0.2,-0.46058157861232757,0.0725390625,,,,,,,,
17,4,,,6.885342597961426,942080,,,,112.52,1147,,915,0.0001,0.49606448262929914,-0.002955738636665046,0.1986418515443802,0.7976226210594177,0.006696648,0.2,-0.4195625588297844,0.0712890625,,,,,,,,
22,5,,,7.2281413078308105,947200,,,,103.79,1115,,920,0.0001,0.6679359543323516,-0.0034549931110814214,0.36976078152656555,0.6926311254501343,0.0058766906,0.2,-0.4316648864746094,0.0591015625,,,,,,,,
27,6,,,7.2191972732543945,952320,,,,104.42,1120,,925,0.0001,0.4779161757230759,-0.0021183622255921365,0.20346805453300476,0.7246540188789368,0.0045679277,0.2,-0.32800699174404147,0.053984375,,,,,,,,
31,7,,,7.2323689460754395,957440,,,,108.82,1144,,930,0.0001,0.5727128538489342,-0.002997760116122663,0.25070327520370483,0.5896739959716797,0.007008775,0.2,-0.3711234864592552,0.0687109375,,,,,,,,
35,8,,,7.1504902839660645,962560,,,,106.0,1162,,935,0.0001,0.5190225240588188,-0.004719936875626445,0.21356835961341858,0.6023443937301636,0.0067067505,0.2,-0.3849579706788063,0.07390625,,,,,,,,
39,9,,,7.392941951751709,967680,,,,99.69,1174,,940,0.0001,0.433260016143322,-0.002711176807060838,0.23232021927833557,0.6200926303863525,0.004400602,0.2,-0.2798877200484276,0.0575,,,,,,,,
43,10,,,7.066302299499512,972800,,,,112.64,1182,,945,0.0001,0.4139547848701477,-0.0036590213514864443,0.16592705249786377,0.6333702802658081,0.005733639,0.2,-0.3157092013955116,0.060078125,,,,,,,,
,,,,,,,,,,,,950,0.0001,0.40642841041088107,-0.0022507122438400985,0.1692785918712616,0.7577913999557495,0.005730556,0.2,-0.38868742555379865,0.063671875,2,0.72,5.123516338467598,146.4,1,110.53614793360586,4.256855980556127,102400
4,1,8,2,7.076420783996582,977920,8,102400,0.001,111.86,1202,320,,,,,,,,,,,,,,,,,,
9,2,,,7.235881328582764,983040,,,,106.43,1078,,955,0.0001,0.495557202398777,-0.0030559114553034305,0.17604485154151917,0.6814392805099487,0.0073990664,0.2,-0.29517515406012534,0.06265625,,,,,,,,
14,3,,,7.457728862762451,988160,,,,94.14,1026,,960,0.0001,0.5103002950549126,-0.0029062262177467347,0.16880470514297485,0.7005467414855957,0.0045646173,0.2,-0.3198875516653061,0.0501171875,,,,,,,,
19,4,,,7.397131443023682,993280,,,,92.99,1040,,965,0.0001,0.37253402993083,-0.0003237817715853453,0.20926475524902344,0.44354432821273804,0.0045257783,0.2,-0.1709219866991043,0.043046875,,,,,,,,
24,5,,,7.075247764587402,998400,,,,105.55,1031,,970,0.0001,0.334270411580801,-0.0016567983850836754,0.15748195350170135,0.7191476821899414,0.007302367,0.2,-0.2740604630112648,0.0669140625,,,,,,,,
29,6,,,7.330053329467773,1003520,,,,100.8,1041,,975,0.0001,0.35856694117188453,-0.0016341880662366747,0.16661693155765533,0.7616747617721558,0.005056967,0.2,-0.27258103132247924,0.05359375,,,,,,,,
34,7,,,7.390933990478516,1008640,,,,95.61,1041,,980,0.0001,0.3367906975746155,-0.002663515070453286,0.16992954909801483,0.7610840797424316,0.0044465456,0.2,-0.2576216943562031,0.04328125,,,,,,,,
39,8,,,6.99928092956543,1013760,,,,104.81,1043,,985,0.0001,0.3121307545900345,-0.003876139335334301,0.16259704530239105,0.8372617363929749,0.0062645087,0.2,-0.2967491325736046,0.05921875,,,,,,,,
43,9,,,6.700038433074951,1018880,,,,118.92,1048,,990,0.0001,0.38096348613500597,-0.004019430656917393,0.20802491903305054,0.8506085872650146,0.005305669,0.2,-0.3120847526192665,0.0421875,,,,,,,,
48,10,,,6.741157054901123,1024000,,,,118.78,1053,,995,0.0001,0.5024013617634773,-0.005530687160789967,0.2525622546672821,0.8320304155349731,0.006872465,0.2,-0.3542085459828377,0.0699609375,,,,,,,,
,,,,,,,,,,,,1000,0.0001,0.5216012319922447,-0.002475836109369993,0.2761232554912567,0.8450238704681396,0.0047666905,0.2,-0.3672160702943802,0.0712890625,2,0.85,6.293574837446212,121.64,1,90.16346488461942,3.2938366121948883,153600
3,1,8,2,7.044549465179443,1029120,8,153600,0.001,103.9,1301,320,,,,,,,,,,,,,,,,,,
8,2,,,7.265982151031494,1034240,,,,99.73,1184,,1005,0.0001,0.5750795882940293,-0.000819297549314797,0.24147851765155792,0.7809575796127319,0.008601856,0.2,-0.26269401490688327,0.0587109375,,,,,,,,
12,3,,,7.452089786529541,1039360,,,,94.45,1212,,1010,0.0001,0.6025149473547935,-0.0017009861906990408,0.3217824399471283,0.7783502340316772,0.005770522,0.2,-0.2612900777161121,0.0519140625,,,,,,,,
18,4,,,7.3401780128479,1044480,,,,94.24,1130,,1015,0.0001,0.5401435551047326,-0.0011746684135869145,0.22370634973049164,0.5944401025772095,0.006323787,0.2,-0.18520293563604354,0.049296875,,,,,,,,
22,5,,,7.346005916595459,1049600,,,,97.58,1118,,1020,0.0001,0.4161658412218094,-0.002368484465405345,0.13837690651416779,0.75834059715271,0.0050340765,0.2,-0.24361835911870003,0.050625,,,,,,,,
27,6,,,7.501497268676758,1054720,,,,95.42,1103,,1025,0.0001,0.4296563750505447,-0.002777075790800154,0.17637072503566742,0.6478148698806763,0.0067567034,0.2,-0.17927141055464746,0.05390625,,,,,,,,
32,7,,,7.231467247009277,1059840,,,,104.31,1096,,1030,0.0001,0.44545895606279373,-0.0011161533184349537,0.216110497713089,0.5646349191665649,0.008327914,0.2,-0.20657150864601134,0.0591796875,,,,,,,,
37,8,,,7.342828750610352,1064960,,,,99.87,1091,,1035,0.0001,0.3508527557551861,-0.0003127615759149194,0.1868608593940735,0.7007803320884705,0.007620125,0.2,-0.24422947838902473,0.066171875,,,,,,,,
42,9,,,7.60527229309082,1070080,,,,92.25,1084,,1040,0.0001,0.33289709031581877,-0.0032951320987194776,0.15370763838291168,0.5212293863296509,0.0063063065,0.2,-0.1656170043349266,0.049609375,,,,,,,,
47,10,,,7.128531455993652,1075200,,,,107.21,1079,,1045,0.0001,0.31387957945466044,-0.0031301789917051793,0.13736559450626373,0.6868611574172974,0.006236086,0.2,-0.22880828320980073,0.049921875,,,,,,,,
,,,,,,,,,,,,1050,0.0001,0.33440795838832854,-0.0026065800501964987,0.15094837546348572,0.7346500158309937,0.0057553994,0.2,-0.24391234368085862,0.053671875,2,0.72,5.16014148235321,151.36,1,109.52328702152798,4.058849515373122,204800
4,1,8,2,7.267151355743408,1080320,8,204800,0.001,100.93,1147,320,,,,,,,,,,,,,,,,,,
9,2,,,7.351348400115967,1085440,,,,99.33,1095,,1055,0.0001,0.33610203236341474,-0.004355339258909225,0.20099861919879913,0.6431077718734741,0.006778608,0.2,-0.16966624781489373,0.0552734375,,,,,,,,
14,3,,,7.392055034637451,1090560,,,,96.1,1093,,1060,0.0001,0.33229929238557815,-0.0021233538212254645,0.14823207259178162,0.7655718326568604,0.00516167,0.2,-0.2192227703332901,0.0518359375,,,,,,,,
18,4,,,7.513660907745361,1095680,,,,87.73,1092,,1065,0.0001,0.299681698679924,-0.0017694500368088484,0.15699829161167145,0.5897692441940308,0.0055420343,0.2,-0.17215164452791215,0.0422265625,,,,,,,,
23,5,,,7.1420087814331055,1100800,,,,99.76,1080,,1070,0.0001,0.19360232546925546,-0.004812191179953515,0.10770723968744278,0.7890594005584717,0.005414681,0.2,-0.18878712713718415,0.0433203125,,,,,,,,
28,6,,,7.171594142913818,1105920,,,,99.93,1075,,1075,0.0001,0.3277233876287937,-0.006363429641351104,0.09833206981420517,0.8245872855186462,0.008469228,0.2,-0.28768294349312784,0.0735546875,,,,,,,,
33,7,,,7.5661420822143555,1111040,,,,90.56,1072,,1080,0.0001,0.30519524216651917,-0.003854315672069788,0.1547902226448059,0.8129405975341797,0.0039474224,0.2,-0.19668208077549934,0.0523828125,,,,,,,,
38,8,,,7.708108901977539,1116160,,,,83.94,1069,,1085,0.0001,0.38228895962238313,-0.0038573452876880764,0.21490707993507385,0.5738421082496643,0.00670682,0.2,-0.18608368024230004,0.050234375,,,,,,,,
42,9,,,7.664543628692627,1121280,,,,83.12,1072,,1090,0.0001,0.3040844804048538,-0.0011529459757730364,0.1424555778503418,0.5238887071609497,0.004548713,0.2,-0.15230917274951936,0.04328125,,,,,,,,
47,10,,,7.337033271789551,1126400,,,,95.1,1072,,1095,0.0001,0.2376275607943535,-0.0028066098410636188,0.1312199980020523,0.5011819005012512,0.007887809,0.2,-0.16811320781707764,0.0551953125,,,,,,,,
,,,,,,,,,,,,1100,0.0001,0.23965334370732308,-0.001226771203801036,0.10494566708803177,0.6412867307662964,0.0066879876,0.2,-0.23083790332078935,0.056171875,2,0.81,5.985344772934914,127.02,1,98.23563304626282,3.616667239224997,256000
3,1,8,2,7.199491024017334,1131520,8,256000,0.001,101.57,1317,320,,,,,,,,,,,,,,,,,,
8,2,,,7.326519966125488,1136640,,,,96.9,1163,,1105,0.0001,0.22521131470799446,-0.0013147063367068767,0.09053727984428406,0.6853924989700317,0.006547929,0.2,-0.24399387925863267,0.050546875,,,,,,,,
13,3,,,7.465167999267578,1141760,,,,98.32,1137,,1110,0.0001,0.25029109746217726,-0.0004201635299250484,0.12333088368177414,0.7099180221557617,0.006692496,0.2,-0.19579226896166801,0.0387890625,,,,,,,,
18,4,,,7.536108493804932,1146880,,,,96.26,1123,,1115,0.0001,0.2808700382709503,-0.002639158307574689,0.10797210037708282,0.6806548237800598,0.0060955165,0.2,-0.21691394865512847,0.0441796875,,,,,,,,
22,5,,,7.508911609649658,1152000,,,,95.09,1115,,1120,0.0001,0.3055329436063767,-0.000981612652540207,0.18957236409187317,0.6766330003738403,0.0031761907,0.2,-0.1909870360791683,0.034453125,,,,,,,,
27,6,,,7.428814888000488,1157120,,,,93.19,1109,,1125,0.0001,0.28069383203983306,-0.0018557000299915672,0.1156672015786171,0.699515163898468,0.0073677218,0.2,-0.18089865982532502,0.0511328125,,,,,,,,
32,7,,,7.467973709106445,1162240,,,,89.57,1098,,1130,0.0001,0.3079329659044743,-0.0020459253946319223,0.16658204793930054,0.6907482147216797,0.0042333226,0.2,-0.19593922287225723,0.0555078125,,,,,,,,
37,8,,,7.5127787590026855,1167360,,,,89.67,1095,,1135,0.0001,0.2461563178896904,-0.001161035941913724,0.10520853102207184,0.7037209272384644,0.0047658207,0.2,-0.1790189853310585,0.043046875,,,,,,,,
42,9,,,7.6291375160217285,1172480,,,,89.72,1084,,1140,0.0001,0.2541136313974857,-0.0027873403881676496,0.12434735894203186,0.7404648065567017,0.004889951,0.2,-0.17344925597310065,0.0458203125,,,,,,,,
48,10,,,7.466716289520264,1177600,,,,94.39,1065,,1145,0.0001,0.2841144450008869,-0.0025278161698952316,0.13543829321861267,0.7189666032791138,0.0057075103,0.2,-0.16622111320495606,0.0373828125,,,,,,,,
,,,,,,,,,,,,1150,0.0001,0.29124571159482004,-0.002312654396519065,0.12748277187347412,0.7150696516036987,0.0037547399,0.2,-0.1968294559419155,0.04390625,2,0.71,5.02099046766758,149.09,1,111.24514326477357,4.316637194319497,307200
4,1,8,2,7.527252674102783,1182720,8,307200,0.001,89.7,1115,320,,,,,,,,,,,,,,,,,,
9,2,,,7.5611090660095215,1187840,,,,91.3,1038,,1155,0.0001,0.2525753186643124,0.00026377175934612753,0.10991604626178741,0.7675219178199768,0.0056612953,0.2,-0.1692139569669962,0.042578125,,,,,,,,
14,3,,,7.5390825271606445,1192960,,,,92.55,1030,,1160,0.0001,0.33900617524981497,-0.0014557254780083895,0.14084745943546295,0.7473442554473877,0.003657374,0.2,-0.1887853091955185,0.0394921875,,,,,,,,
19,4,,,7.70156717300415,1198080,,,,85.45,1032,,1165,0.0001,0.3057039225101471,-0.0025245186919346453,0.18136225640773773,0.6699060201644897,0.009134522,0.2,-0.15726169660687447,0.051953125,,,,,,,,
24,5,,,7.530045032501221,1203200,,,,94.53,1043,,1170,0.0001,0.2537880367040634,-0.0013920764671638609,0.12559081614017487,0.5269627571105957,0.004153594,0.2,-0.12761891566216946,0.033828125,,,,,,,,
29,6,,,7.563145160675049,1208320,,,,90.71,1048,,1175,0.0001,0.29247146368026733,-0.0005087305465713143,0.13912683725357056,0.7121040225028992,0.0054148636,0.2,-0.19393773153424262,0.038984375,,,,,,,,
34,7,,,7.432508945465088,1213440,,,,93.2,1045,,1180,0.0001,0.21411456048488617,-0.002725310274399817,0.10767607390880585,0.715973973274231,0.009176248,0.2,-0.1383453594893217,0.044609375,,,,,,,,
39,8,,,7.274728298187256,1218560,,,,97.93,1045,,1185,0.0001,0.3062016448378563,-0.001726828315295279,0.18093754351139069,0.7608157396316528,0.006244176,0.2,-0.18028947740793227,0.05265625,,,,,,,,
44,9,,,7.448594570159912,1223680,,,,92.3,1045,,1190,0.0001,0.21529683232307434,-0.0014937550341710447,0.08949273079633713,0.8093153834342957,0.0032864395,0.2,-0.14828080944716931,0.037578125,,,,,,,,
48,10,,,7.4411115646362305,1228800,,,,91.4,1048,,1195,0.0001,0.306941948980093,-0.0011131311859935522,0.13778214156627655,0.6523496508598328,0.0037889082,0.2,-0.13807370588183404,0.0389453125,,,,,,,,
,,,,,,,,,,,,1200,0.0001,0.20207192093133927,-0.002162639880552888,0.07278764247894287,0.6839354038238525,0.0052770823,0.2,-0.12077029943466186,0.032265625,2,0.79,5.821463208794594,128.0,1,100.73122653874518,3.8644500182832022,358400
3,1,8,2,7.518896102905273,1233920,8,358400,0.001,90.39,1512,320,,,,,,,,,,,,,,,,,,
7,2,,,7.191384792327881,1239040,,,,98.74,1353,,1205,0.0001,0.18828535594046117,-0.004735753554850817,0.11157450824975967,0.8070719838142395,0.0074412217,0.2,-0.13999549433588981,0.0484765625,,,,,,,,
12,3,,,7.062017440795898,1244160,,,,104.37,1194,,1210,0.0001,0.20215036444365977,-0.0020060797547921537,0.09868490695953369,0.8990727066993713,0.0057336455,0.2,-0.2595709912478924,0.0440625,,,,,,,,
18,4,,,7.4463887214660645,1249280,,,,94.09,1116,,1215,0.0001,0.3656139825284481,-0.0016462434735149145,0.16725853085517883,0.6732035875320435,0.0031196882,0.2,-0.1400744041800499,0.0387109375,,,,,,,,
23,5,,,7.294750213623047,1254400,,,,97.81,1102,,1220,0.0001,0.2933353078365326,-0.0022406357573345305,0.1075221598148346,0.7952101826667786,0.005353315,0.2,-0.15241419337689877,0.033203125,,,,,,,,
28,6,,,7.182434558868408,1259520,,,,102.86,1063,,1225,0.0001,0.353564665466547,-0.0019014124013483524,0.1930495649576187,0.8243633508682251,0.005284822,0.2,-0.17401502683758735,0.0371484375,,,,,,,,
33,7,,,7.363823413848877,1264640,,,,94.82,1062,,1230,0.0001,0.354933415055275,1.2132627889513969e-05,0.18718326091766357,0.8122724890708923,0.0054207696,0.2,-0.17233055338263512,0.04234375,,,,,,,,
38,8,,,7.589956760406494,1269760,,,,86.9,1063,,1235,0.0001,0.2612461496889591,-0.004237142996862531,0.09890581667423248,0.608189582824707,0.005292039,0.2,-0.1227192260324955,0.0428515625,,,,,,,,
43,9,,,7.4383931159973145,1274880,,,,93.01,1056,,1240,0.0001,0.22282848328351976,-0.0015328431222587824,0.0754053071141243,0.579613208770752,0.0042827222,0.2,-0.11105481296777725,0.0323046875,,,,,,,,
48,10,,,7.259127616882324,1280000,,,,98.07,1050,,1245,0.0001,0.24458977580070496,-0.0016172049287706614,0.11836335808038712,0.7782672643661499,0.00833038,0.2,-0.17224066689610482,0.048828125,,,,,,,,
,,,,,,,,,,,,1250,0.0001,0.26990093648433683,-0.0035809927200898526,0.11040016263723373,0.73009192943573,0.006676732,0.2,-0.15330851577222349,0.0439453125,2,0.75,5.389701627492904,138.06,1,106.55672855338607,4.205713137530719,409600
4,1,8,2,7.431618690490723,1285120,8,409600,0.001,92.87,1090,320,,,,,,,,,,,,,,,,,,
9,2,,,7.4022979736328125,1290240,,,,94.68,1092,,1255,0.0001,0.26660063475370405,-0.0031205280078575016,0.11167041957378387,0.7939702272415161,0.0072542964,0.2,-0.17003066807985306,0.055390625,,,,,,,,
14,3,,,7.62916374206543,1295360,,,,85.59,1052,,1260,0.0001,0.2719421458244324,-0.004662294127047062,0.11328769475221634,0.8420293927192688,0.0063922936,0.2,-0.17923185750842094,0.0486328125,,,,,,,,
19,4,,,7.6318678855896,1300480,,,,85.3,1053,,1265,0.0001,0.2673685425519943,-0.0027058336278423666,0.08676397055387497,0.6098049879074097,0.004518103,0.2,-0.11354826256632805,0.0402734375,,,,,,,,
24,5,,,7.576364517211914,1305600,,,,89.31,1065,,1270,0.0001,0.2469165825843811,-0.0004793607862666249,0.09092476963996887,0.8101673722267151,0.00781393,0.2,-0.17385274633765221,0.0471875,,,,,,,,
28,6,,,7.46627950668335,1310720,,,,93.35,1071,,1275,0.0001,0.29876102432608603,-0.0025428413692861794,0.1057111844420433,0.7446812391281128,0.006518004,0.2,-0.15265718467533587,0.04453125,,,,,,,,
33,7,,,7.173687934875488,1315840,,,,102.74,1075,,1280,0.0001,0.3758448994159698,-0.004177444525994361,0.14534975588321686,0.7741843461990356,0.00459836,0.2,-0.2190420773625374,0.053125,,,,,,,,
39,8,,,7.267523765563965,1320960,,,,101.26,1050,,1285,0.0001,0.389051670730114,-0.004510268359445036,0.18152444064617157,0.7211037278175354,0.004791925,0.2,-0.20541003614664077,0.040625,,,,,,,,
44,9,,,7.44676399230957,1326080,,,,95.53,1036,,1290,0.0001,0.42046537697315217,-0.0025346830347552896,0.21514970064163208,0.6614240407943726,0.0047233216,0.2,-0.1947278745472431,0.0471484375,,,,,,,,
49,10,,,7.589059352874756,1331200,,,,88.46,1033,,1295,0.0001,0.301415127068758,-0.0008510167943313717,0.13724875450134277,0.7222050428390503,0.0060696574,0.2,-0.16646169751882553,0.04921875,,,,,,,,
,,,,,,,,,,,,1300,0.0001,0.32858926102519037,-0.0006127670966088772,0.19985239207744598,0.6933001279830933,0.003600939,0.2,-0.16838180869817734,0.0434765625,2,0.76,5.694799107313156,134.41,1,105.39507531189491,3.7736610896012555,460800
4,1,8,2,7.295175075531006,1336320,8,460800,0.001,100.38,1273,320,,,,,,,,,,,,,,,,,,
8,2,,,7.204366683959961,1341440,,,,103.97,1158,,1305,0.0001,0.41935557454824446,-0.0037099530221894384,0.19294044375419617,0.7057710886001587,0.008442646,0.2,-0.263991466909647,0.065,,,,,,,,
14,3,,,7.638652801513672,1346560,,,,90.26,1071,,1310,0.0001,0.37172028064727786,-0.0021159118763171138,0.15321479737758636,0.5374776124954224,0.0035029594,0.2,-0.159237672239542,0.0279296875,,,,,,,,
19,4,,,7.595160484313965,1351680,,,,88.69,1053,,1315,0.0001,0.2415211172401905,-0.003387273610569537,0.11156267672777176,0.5764297246932983,0.0051102377,0.2,-0.1471277301758528,0.041953125,,,,,,,,
24,5,,,7.562579154968262,1356800,,,,91.23,1063,,1320,0.0001,0.21829994201660155,-0.003941942164674401,0.06628569960594177,0.6754993200302124,0.0044411425,0.2,-0.15138555623590946,0.0439453125,,,,,,,,
29,6,,,7.423598766326904,1361920,,,,97.73,1043,,1325,0.0001,0.2860551685094833,-0.003722452414222062,0.11587853729724884,0.6570719480514526,0.00360126,0.2,-0.1551035537570715,0.0353125,,,,,,,,
34,7,,,7.506598949432373,1367040,,,,91.65,1053,,1330,0.0001,0.2652970238029957,-0.0049476442392915486,0.11129103600978851,0.7594698667526245,0.00566998,0.2,-0.18771546795964242,0.05484375,,,,,,,,
39,8,,,7.482755184173584,1372160,,,,93.85,1035,,1335,0.0001,0.25954701587557794,-0.0037934312084689737,0.10804411768913269,0.7056629657745361,0.004132486,0.2,-0.168127461373806,0.0459375,,,,,,,,
45,9,,,6.934614181518555,1377280,,,,109.95,1017,,1340,0.0001,0.2988885429501533,-0.0025022972747683527,0.14583128690719604,0.8109617233276367,0.0038670315,0.2,-0.19516620993614198,0.037734375,,,,,,,,
51,10,,,6.994986534118652,1382400,,,,105.05,1003,,1345,0.0001,0.3312571915984154,-0.0024531245650723575,0.13188815116882324,0.8491576313972473,0.0036083579,0.2,-0.20886811047792433,0.0451953125,,,,,,,,
,,,,,,,,,,,,1350,0.0001,0.3024766033887863,-0.0033896705764345824,0.1613384187221527,0.830642580986023,0.0034033738,0.2,-0.13911067508161068,0.0289453125,2,0.8,5.901559041142463,126.86,1,99.45109551935563,3.7788718569470117,512000
4,1,8,2,7.523637294769287,1387520,8,512000,0.001,89.88,1205,320,,,,,,,,,,,,,,,,,,
8,2,,,7.705163478851318,1392640,,,,84.63,1155,,1355,0.0001,0.41345286190509795,-0.00349006844451651,0.1731095016002655,0.7416718602180481,0.0042177783,0.2,-0.140035205706954,0.0353515625,,,,,,,,
14,3,,,7.565826892852783,1397760,,,,85.05,1051,,1360,0.0001,0.3009052187204361,-0.002036877190694213,0.14379747211933136,0.3935341238975525,0.0051945625,0.2,-0.10515462592244149,0.030390625,,,,,,,,
19,4,,,7.114987850189209,1402880,,,,97.53,1071,,1365,0.0001,0.21535897821187974,-0.0016863850224763154,0.08764198422431946,0.6289533376693726,0.00487505,0.2,-0.1790878492593765,0.0419921875,,,,,,,,
24,5,,,7.504795074462891,1408000,,,,90.16,1053,,1370,0.0001,0.19879333049058914,-0.003118257592432201,0.07128062099218369,0.7495261430740356,0.004411615,0.2,-0.1442669206112623,0.0362890625,,,,,,,,
30,6,,,7.557580947875977,1413120,,,,91.81,1019,,1375,0.0001,0.24700182288885117,-0.0027561428444460036,0.11372106522321701,0.637582004070282,0.004329128,0.2,-0.12064674749970436,0.0378515625,,,,,,,,
35,7,,,7.2877373695373535,1418240,,,,98.01,1003,,1380,0.0001,0.2843353462219238,-0.004583595427684486,0.1279607117176056,0.695746660232544,0.004461733,0.2,-0.17224775344133378,0.04546875,,,,,,,,
40,8,,,7.329725742340088,1423360,,,,93.99,1007,,1385,0.0001,0.2429333458840847,-0.0012199323484674096,0.13176846504211426,0.7342438697814941,0.005269459,0.2,-0.16620310485363007,0.044765625,,,,,,,,
45,9,,,7.493907928466797,1428480,,,,87.9,1014,,1390,0.0001,0.27656234323978424,-0.004111425722949207,0.1277933418750763,0.7760993242263794,0.0041813315,0.2,-0.1546778278052807,0.039140625,,,,,,,,
51,10,,,7.552305221557617,1433600,,,,86.98,999,,1395,0.0001,0.22053321868181228,-0.0005054310522973537,0.10642682760953903,0.7105386257171631,0.0039491067,0.2,-0.10650924153625965,0.0306640625,,,,,,,,
,,,,,,,,,,,,1400,0.0001,0.25782908469438554,-0.0032779183750972153,0.12368055433034897,0.8116413354873657,0.0036130566,0.2,-0.15878597170114517,0.0340234375,2,0.82,6.040020071268081,128.79,1,95.36302165934131,3.4629455568499314,563200
4,1,8,2,7.35995626449585,1438720,8,563200,0.001,93.41,1086,320,,,,,,,,,,,,,,,,,,
9,2,,,7.370906829833984,1443840,,,,93.29,1118,,1405,0.0001,0.2678993330895901,-0.0012115360028110444,0.14941807091236115,0.8515296578407288,0.00394759,0.2,-0.16401213839650153,0.0360546875,,,,,,,,
14,3,,,7.296264171600342,1448960,,,,95.53,1074,,1410,0.0001,0.26122726783156397,-0.003492369679734111,0.13005302846431732,0.8614603877067566,0.0053787623,0.2,-0.1907089790701866,0.034765625,,,,,,,,
19,4,,,7.410966396331787,1454080,,,,94.55,1064,,1415,0.0001,0.26709641218185426,-0.004463786520063877,0.11422833800315857,0.8823360204696655,0.006205435,0.2,-0.1947554461658001,0.0444140625,,,,,,,,
24,5,,,7.436358451843262,1459200,,,,96.1,1032,,1420,0.0001,0.28670497849583626,-0.002135588985402137,0.1110575720667839,0.4942750930786133,0.0038803772,0.2,-0.1380428771674633,0.039609375,,,,,,,,
30,6,,,7.416467666625977,1464320,,,,98.12,1013,,1425,0.0001,0.2713436518609524,-0.003224631231278181,0.12981176376342773,0.7378697991371155,0.0055007166,0.2,-0.21617877677083017,0.0416015625,,,,,,,,
34,7,,,7.263452053070068,1469440,,,,100.46,1027,,1430,0.0001,0.3054076793789864,-0.0027030706452205776,0.11823534220457077,0.5857088565826416,0.0036224737,0.2,-0.15139315836131573,0.032265625,,,,,,,,
40,8,,,7.167239189147949,1474560,,,,98.91,1018,,1435,0.0001,0.25682374864816665,-0.0014802116760984064,0.11460867524147034,0.7211917638778687,0.006366092,0.2,-0.2075745552778244,0.0401171875,,,,,,,,
45,9,,,7.550043106079102,1479680,,,,87.39,1015,,1440,0.0001,0.2930541582405567,-0.003411427359096706,0.1405278742313385,0.7245919704437256,0.0036697276,0.2,-0.1872672663629055,0.0366796875,,,,,,,,
50,10,,,7.726614952087402,1484800,,,,82.43,1016,,1445,0.0001,0.22318738237023353,-0.0028949339408427476,0.10575543344020844,0.5920263528823853,0.0036652733,0.2,-0.10221656009554864,0.0258984375,,,,,,,,
,,,,,,,,,,,,1450,0.0001,0.21294034630060196,-0.002035325737670064,0.09279199689626694,0.5205461382865906,0.006773668,0.2,-0.1263569051027298,0.0362890625,2,0.75,5.404455038309098,137.41,1,107.22295416560765,4.169148861874955,614400
3,1,8,2,7.552404403686523,1489920,8,614400,0.001,87.54,1699,320,,,,,,,,,,,,,,,,,,
7,2,,,7.389451503753662,1495040,,,,95.29,1409,,1455,0.0001,0.14695256896317005,-0.0047239303356036546,0.04483993351459503,0.7220687866210938,0.004506788,0.2,-0.1590780758112669,0.041796875,,,,,,,,
11,3,,,7.420386791229248,1500160,,,,92.39,1357,,1460,0.0001,0.26019669845700266,-0.001912655378691852,0.12925253808498383,0.7108356952667236,0.0053699343,0.2,-0.19118667870759964,0.042421875,,,,,,,,
15,4,,,7.4876580238342285,1505280,,,,86.94,1356,,1465,0.0001,0.1763711356371641,-0.004206748930737376,0.06449650228023529,0.7428372502326965,0.0050466633,0.2,-0.17464658960700036,0.0407421875,,,,,,,,
19,5,,,7.615751266479492,1510400,,,,86.66,1333,,1470,0.0001,0.1969553990662098,-0.0019026883132755757,0.07203762233257294,0.7358881831169128,0.0037896638,0.2,-0.14788369476795196,0.0327734375,,,,,,,,
24,6,,,7.598336696624756,1515520,,,,88.43,1231,,1475,0.0001,0.21965330705046654,-0.0014783113915473223,0.12240626662969589,0.6174174547195435,0.0048219794,0.2,-0.13212181709706783,0.0364453125,,,,,,,,
30,7,,,7.6059489250183105,1520640,,,,83.67,1193,,1480,0.0001,0.23591441348195075,-0.001269400711171329,0.11437851935625076,0.6495605707168579,0.002678774,0.2,-0.14819639801979065,0.0278125,,,,,,,,
35,8,,,7.560100078582764,1525760,,,,86.58,1160,,1485,0.0001,0.17368485942482947,-0.0023618735605850814,0.08814045786857605,0.7480236887931824,0.0052635325,0.2,-0.1488412131369114,0.0336328125,,,,,,,,
1031,9,,,7.57004451751709,1530880,,,,89.09,44,,1490,0.0001,0.19189203754067422,-0.003561541773378849,0.07728254795074463,0.7609232068061829,0.0060148444,0.2,-0.15885888174176216,0.040703125,,,,,,,,
1037,10,,,7.489239692687988,1536000,,,,90.8,49,,1495,0.0001,0.2605701756477356,-0.002915182416327298,0.14892828464508057,0.699219822883606,0.0042642085,0.2,-0.18667124316096306,0.0417578125,,,,,,,,
,,,,,,,,,,,,1500,0.0001,0.21915966019034386,-0.0036666198913007974,0.11003176122903824,0.6839085221290588,0.0052354126,0.2,-0.13492892518639565,0.033828125,2,0.8,5.7491092777252195,135.19,1,101.96614094884634,3.7807201546595555,665600
3,1,8,2,7.513348579406738,1541120,8,665600,0.001,91.17,1323,320,,,,,,,,,,,,,,,,,,
8,2,,,7.470564365386963,1546240,,,,90.26,1197,,1505,0.0001,0.19260494090616703,-0.0033510652696713806,0.05817488208413124,0.7945672273635864,0.0045778793,0.2,-0.20096054524183274,0.044609375,,,,,,,,
12,3,,,7.4854207038879395,1551360,,,,88.5,1206,,1510,0.0001,0.20343392357230186,-0.0011396967922337354,0.11250243335962296,0.7853960394859314,0.004598381,0.2,-0.1647783111780882,0.0328125,,,,,,,,
17,4,,,7.328064441680908,1556480,,,,95.38,1199,,1515,0.0001,0.2170577883720398,-0.004699470507912338,0.0895647332072258,0.8239520192146301,0.0072089196,0.2,-0.17793731451034545,0.0533203125,,,,,,,,
21,5,,,7.49105167388916,1561600,,,,90.67,1173,,1520,0.0001,0.29979524880647657,-0.0039643391710706055,0.1255800426006317,0.8178087472915649,0.0062865443,0.2,-0.19119344919919967,0.054921875,,,,,,,,
29,6,,,7.643346786499023,1566720,,,,88.51,1050,,1525,0.0001,0.29101291939616203,-0.0038417089730501176,0.17088937759399414,0.701513946056366,0.0039402097,0.2,-0.11760780155658722,0.02921875,,,,,,,,
34,7,,,7.511452674865723,1571840,,,,93.26,1039,,1530,0.0001,0.29603491961956024,-0.0015838951291516424,0.15892861783504486,0.6779195070266724,0.004622861,0.2,-0.1431383116543293,0.0382421875,,,,,,,,
39,8,,,7.31397819519043,1576960,,,,95.9,1047,,1535,0.0001,0.3406013596057892,-0.0025930415745824575,0.14083006978034973,0.6669936180114746,0.004139603,0.2,-0.14082059800624847,0.0319921875,,,,,,,,
43,9,,,7.183746814727783,1582080,,,,102.14,1067,,1540,0.0001,0.2851910439133644,-0.0010894916858524084,0.13806337118148804,0.760312557220459,0.0050856974,0.2,-0.19449754402041436,0.04375,,,,,,,,
47,10,,,7.419041633605957,1587200,,,,95.98,1084,,1545,0.0001,0.33382063180208205,-0.0028350673569366336,0.1830291599035263,0.7662546038627625,0.0041581206,0.2,-0.1832544083893299,0.0403125,,,,,,,,
,,,,,,,,,,,,1550,0.0001,0.3209789001941681,-0.0021377769205719235,0.1033577099442482,0.745755136013031,0.0063895076,0.2,-0.14396670006215573,0.045078125,2,0.72,5.150870082378387,146.89,1,111.42036573266127,4.223502917870241,716800
3,1,8,2,7.358265399932861,1592320,8,716800,0.001,97.02,1559,320,,,,,,,,,,,,,,,,,,
7,2,,,7.388139724731445,1597440,,,,98.94,1387,,1555,0.0001,0.39968791872262954,-0.0015702698007225991,0.211811363697052,0.7013875246047974,0.005785437,0.2,-0.17307574644684792,0.058515625,,,,,,,,
11,3,,,7.617828845977783,1602560,,,,90.64,1349,,1560,0.0001,0.4038264924287796,-0.00396823117043823,0.1799176037311554,0.6565966606140137,0.004995668,0.2,-0.17953877672553062,0.0555078125,,,,,,,,
16,4,,,7.649295806884766,1607680,,,,88.5,1268,,1565,0.0001,0.2846370787918568,-0.0027514085406437514,0.13257978856563568,0.47662216424942017,0.0035405657,0.2,-0.11080248340964317,0.0326953125,,,,,,,,
20,5,,,7.67342472076416,1612800,,,,86.41,1238,,1570,0.0001,0.2859526450932026,-0.003116361191496253,0.1441066414117813,0.5402532815933228,0.0048504565,0.2,-0.13742861472070217,0.0391015625,,,,,,,,
24,6,,,7.489969253540039,1617920,,,,92.3,1240,,1575,0.0001,0.21162231266498566,-0.0020701426127925516,0.08413868397474289,0.49305880069732666,0.003882669,0.2,-0.10742112323641777,0.032734375,,,,,,,,
29,7,,,7.384588241577148,1623040,,,,96.27,1230,,1580,0.0001,0.20017703101038933,-0.002695851274766028,0.08523552864789963,0.5784763097763062,0.0051248423,0.2,-0.18316297098994255,0.0469140625,,,,,,,,
33,8,,,7.357075214385986,1628160,,,,93.64,1208,,1585,0.0001,0.1644029227644205,-0.0026728275604546072,0.06868278235197067,0.6843582391738892,0.0033402424,0.2,-0.15928045518696307,0.0365625,,,,,,,,
37,9,,,7.6322855949401855,1633280,,,,85.81,1215,,1590,0.0001,0.19268965616822242,-0.004022232117131352,0.08170966804027557,0.7077385783195496,0.00746368,0.2,-0.16049886673688887,0.0431640625,,,,,,,,
42,10,,,7.627377986907959,1638400,,,,87.03,1195,,1595,0.0001,0.17916319943964482,-0.00341293727979064,0.08814544230699539,0.5412455797195435,0.005815034,0.2,-0.10804609164595604,0.0365625,,,,,,,,
,,,,,,,,,,,,1600,0.0001,0.16531032845377922,-0.004685663359705359,0.08147121965885162,0.7006517648696899,0.0049892315,0.2,-0.12778623335063458,0.0380078125,2,0.7,4.978594500124455,148.46,1,113.51981501042009,4.36173006773945,768000
2,1,8,2,7.4064717292785645,1643520,8,768000,0.001,94.75,1788,320,,,,,,,,,,,,,,,,,,
7,2,,,7.25173807144165,1648640,,,,97.9,1321,,1605,0.0001,0.19517930179834367,-0.004191490761004388,0.074558325111866,0.7737734913825989,0.007968136,0.2,-0.1987103809416294,0.0521875,,,,,,,,
12,3,,,7.661273956298828,1653760,,,,84.09,1214,,1610,0.0001,0.19441819697618484,-0.002051166016608477,0.09216523170471191,0.816210150718689,0.0046596904,0.2,-0.1585706090927124,0.0357421875,,,,,,,,
17,4,,,7.668760299682617,1658880,,,,86.9,1198,,1615,0.0001,0.13779634594917298,-0.0030644653970375657,0.06045524775981903,0.4733983278274536,0.004373932,0.2,-0.0999533011764288,0.0326171875,,,,,,,,
22,5,,,7.50959587097168,1664000,,,,89.9,1163,,1620,0.0001,0.18540423199534417,-0.002816032599657774,0.0732087641954422,0.6909276247024536,0.007865803,0.2,-0.15634178027510642,0.0433203125,,,,,,,,
26,6,,,7.42538595199585,1669120,,,,93.46,1140,,1625,0.0001,0.15641312181949615,-0.0019551983196288347,0.08353491872549057,0.8302332162857056,0.004888028,0.2,-0.16253312006592752,0.03953125,,,,,,,,
31,7,,,7.583550453186035,1674240,,,,89.82,1148,,1630,0.0001,0.22149643152952195,-0.0027815883932635187,0.0802607387304306,0.7339916825294495,0.0052133827,0.2,-0.17246900826692582,0.044765625,,,,,,,,
35,8,,,7.454561233520508,1679360,,,,91.71,1158,,1635,0.0001,0.19540731728076935,-0.00471487598028034,0.10874494910240173,0.7980946898460388,0.005346933,0.2,-0.14395583927631378,0.0429296875,,,,,,,,
39,9,,,7.382260799407959,1684480,,,,93.46,1159,,1640,0.0001,0.17104168206453324,-0.003097537108696997,0.06945584714412689,0.8155431151390076,0.0041759345,0.2,-0.15546161450445653,0.0362109375,,,,,,,,
44,10,,,7.331122398376465,1689600,,,,92.7,1163,,1645,0.0001,0.21167742744088172,-0.0022364081488922237,0.08751090615987778,0.8394507169723511,0.006276834,0.2,-0.17830534420907498,0.0356640625,,,,,,,,
,,,,,,,,,,,,1650,0.0001,0.1770512618869543,-0.0032341044023633005,0.08716072142124176,0.8598506450653076,0.0077001043,0.2,-0.17728560104966162,0.0466015625,2,0.89,6.698572750091553,100.42,1,78.55649941284298,3.239903986389205,819200
2,1,8,2,7.487668991088867,1694720,8,819200,0.001,89.2,1715,320,,,,,,,,,,,,,,,,,,
7,2,,,7.648238658905029,1699840,,,,84.67,1426,,1655,0.0001,0.22720918640494348,-0.0028137281257659195,0.10716560482978821,0.7630252838134766,0.0032345757,0.2,-0.14749914214015006,0.0313671875,,,,,,,,
11,3,,,7.3959527015686035,1704960,,,,94.43,1368,,1660,0.0001,0.2378357058763504,-0.003318575960583985,0.14498041570186615,0.8438522815704346,0.004306784,0.2,-0.15464304834604264,0.03375,,,,,,,,
16,4,,,7.112829685211182,1710080,,,,107.76,1236,,1665,0.0001,0.3518135876953602,-0.0037302043475210666,0.15664474666118622,0.8657975196838379,0.0050928565,0.2,-0.23489759668707846,0.04265625,,,,,,,,
20,5,,,7.333162784576416,1715200,,,,99.4,1239,,1670,0.0001,0.5207782331109047,-0.0025118185114115475,0.20952704548835754,0.8106218576431274,0.004575685,0.2,-0.22659801661968232,0.03796875,,,,,,,,
24,6,,,7.490102767944336,1720320,,,,92.17,1243,,1675,0.0001,0.3721079081296921,-0.003123651943169534,0.17051662504673004,0.7239534258842468,0.0052204207,0.2,-0.1467819794267416,0.0419140625,,,,,,,,
28,7,,,7.313138484954834,1725440,,,,97.45,1256,,1680,0.0001,0.3525718949735165,-0.002694533062167466,0.15287530422210693,0.7699912190437317,0.0034164246,0.2,-0.185867490619421,0.040078125,,,,,,,,
32,8,,,7.126466751098633,1730560,,,,103.51,1261,,1685,0.0001,0.3513809025287628,-0.002720346204005182,0.1308813840150833,0.8564151525497437,0.0070257024,0.2,-0.19933688774704933,0.0526953125,,,,,,,,
36,9,,,7.082587718963623,1735680,,,,106.4,1249,,1690,0.0001,0.40164145529270173,-0.005463758497498929,0.18446582555770874,0.8508262038230896,0.006353459,0.2,-0.2501076351106167,0.056640625,,,,,,,,
41,10,,,7.271125316619873,1740800,,,,100.05,1237,,1695,0.0001,0.4162915375828743,-0.004463444827124476,0.1920512169599533,0.8230156302452087,0.006142845,0.2,-0.25234935894608496,0.0546875,,,,,,,,
,,,,,,,,,,,,1700,0.0001,0.41032312005758287,-0.00461624673102051,0.19214339554309845,0.8225796222686768,0.005328162,0.2,-0.22837892085313796,0.0580859375,2,0.82,6.004636160731316,126.31,1,96.6641293345158,3.6557801281545026,870400
3,1,8,2,7.42141056060791,1745920,8,870400,0.001,93.49,1442,320,,,,,,,,,,,,,,,,,,
7,2,,,7.435272693634033,1751040,,,,92.73,1280,,1705,0.0001,0.3825058476626873,-0.001969215990975499,0.19909065961837769,0.7790859937667847,0.0041769976,0.2,-0.18949904456734656,0.032265625,,,,,,,,
12,3,,,7.3091912269592285,1756160,,,,98.36,1255,,1710,0.0001,0.3817505192756653,-0.003191681685857475,0.18343095481395721,0.8563098311424255,0.0053686285,0.2,-0.20637036383152008,0.0416015625,,,,,,,,
16,4,,,7.185970306396484,1761280,,,,101.42,1259,,1715,0.0001,0.44074384450912474,-0.0020950416661798953,0.16947683691978455,0.7149680852890015,0.0036356512,0.2,-0.16932751432061197,0.036015625,,,,,,,,
20,5,,,7.236010551452637,1766400,,,,101.83,1268,,1720,0.0001,0.39033315002918245,-0.003156745946034789,0.17884257435798645,0.7929328680038452,0.007464475,0.2,-0.21816099420189858,0.04796875,,,,,,,,
24,6,,,7.6086955070495605,1771520,,,,88.32,1264,,1725,0.0001,0.39428294360637667,-0.0030376250017434357,0.1677214503288269,0.6822855472564697,0.0074643507,0.2,-0.15235137179493904,0.0501171875,,,,,,,,
29,7,,,7.5105390548706055,1776640,,,,86.39,1231,,1730,0.0001,0.2760324810445309,-0.0032720507960766554,0.10812779515981674,0.7488927841186523,0.006695113,0.2,-0.14265301555395127,0.0426171875,,,,,,,,
33,8,,,7.480783462524414,1781760,,,,91.95,1231,,1735,0.0001,0.2575573796033859,-0.0035406549321487547,0.14761129021644592,0.8652126789093018,0.004095654,0.2,-0.1764144156873226,0.0338671875,,,,,,,,
37,9,,,7.647934436798096,1786880,,,,88.3,1218,,1740,0.0001,0.3860524249076843,-0.0031192367896437645,0.1686830073595047,0.7380170226097107,0.006818159,0.2,-0.16891504019498826,0.0449609375,,,,,,,,
41,10,,,7.629942417144775,1792000,,,,89.61,1221,,1745,0.0001,0.29244134172797204,-0.0029097212152555587,0.1481451839208603,0.6805357933044434,0.004914972,0.2,-0.15474712625145912,0.038515625,,,,,,,,
,,,,,,,,,,,,1750,0.0001,0.381655081063509,-0.0031951272627338766,0.14466306567192078,0.6787475347518921,0.006248363,0.2,-0.198772464543581,0.0348828125,2,0.78,5.6227029234170915,136.99,1,102.8131796026171,3.9120992012578135,921600
3,1,8,2,7.576160907745361,1797120,8,921600,0.001,93.49,1469,320,,,,,,,,,,,,,,,,,,
7,2,,,7.421880722045898,1802240,,,,96.14,1330,,1755,0.0001,0.3800340762734413,-0.002285000290721655,0.22061192989349365,0.648209810256958,0.003226915,0.2,-0.1828639367222786,0.0354296875,,,,,,,,
11,3,,,7.349040508270264,1807360,,,,97.53,1308,,1760,0.0001,0.35985180497169494,-0.0034878373239189387,0.1717042326927185,0.6960859894752502,0.0065742424,0.2,-0.24290531620383263,0.0663671875,,,,,,,,
16,4,,,7.598752498626709,1812480,,,,87.51,1273,,1765,0.0001,0.31981408715248105,-0.0031240675086155532,0.1443907469511032,0.6924049854278564,0.004364154,0.2,-0.16852787397801877,0.0380078125,,,,,,,,
20,5,,,7.614861965179443,1817600,,,,86.28,1270,,1770,0.0001,0.2957694220542908,-0.004038160941563547,0.17863129079341888,0.619436502456665,0.004086614,0.2,-0.16241274274885653,0.0387109375,,,,,,,,
24,6,,,7.452983379364014,1822720,,,,89.81,1260,,1775,0.0001,0.26883240789175034,-0.0039236223185434935,0.11289101094007492,0.6022384762763977,0.006819967,0.2,-0.14207105584442614,0.045234375,,,,,,,,
28,7,,,7.384439468383789,1827840,,,,89.19,1265,,1780,0.0001,0.20085250318050385,-0.0025550496485084295,0.08104366064071655,0.751063346862793,0.0047909366,0.2,-0.17072294160723686,0.044296875,,,,,,,,
32,8,,,7.544711112976074,1832960,,,,90.51,1267,,1785,0.0001,0.1888577149808407,-0.0013494769902899861,0.08310223370790482,0.6865445375442505,0.008117666,0.2,-0.1204982977360487,0.0364453125,,,,,,,,
36,9,,,7.538874626159668,1838080,,,,91.52,1270,,1790,0.0001,0.20845651790499686,-0.0012283594789914787,0.09565512835979462,0.6229974031448364,0.0055048084,0.2,-0.1448211608827114,0.039296875,,,,,,,,
40,10,,,7.456881523132324,1843200,,,,89.31,1272,,1795,0.0001,0.18944031730294228,-0.001739188702777028,0.08483881503343582,0.6477361917495728,0.008682283,0.2,-0.13210189186036586,0.0425390625,,,,,,,,
,,,,,,,,,,,,1800,0.0001,0.15022558674216271,-0.003020387040451169,0.06026577576994896,0.7924880981445312,0.005613197,0.2,-0.15465121261775494,0.0469140625,2,0.83,6.118777891993522,120.34,1,95.09976025206372,3.6317235407845843,972800
3,1,8,2,7.411932468414307,1848320,8,972800,0.001,93.0,1489,320,,,,,,,,,,,,,,,,,,
7,2,,,7.262637138366699,1853440,,,,100.23,1350,,1805,0.0001,0.296576377004385,-0.004381135273724794,0.11652004718780518,0.7227165102958679,0.006837216,0.2,-0.1919644770026207,0.040625,,,,,,,,
11,3,,,7.302706718444824,1858560,,,,98.26,1331,,1810,0.0001,0.29055862575769426,-0.00369706763420254,0.11713673919439316,0.7930982112884521,0.0038905044,0.2,-0.21615155011415482,0.0343359375,,,,,,,,
15,4,,,7.551876068115234,1863680,,,,88.26,1291,,1815,0.0001,0.2822312170267105,-0.003676180290058255,0.10925640165805817,0.7743322253227234,0.0070711663,0.2,-0.18498893663287164,0.043046875,,,,,,,,
19,5,,,7.629970550537109,1868800,,,,85.1,1286,,1820,0.0001,0.19658244103193284,-0.002762288176454604,0.08287859708070755,0.6880813837051392,0.0055126967,0.2,-0.11927365191280842,0.03421875,,,,,,,,
23,6,,,7.553008556365967,1873920,,,,86.43,1289,,1825,0.0001,0.1955339840054512,-0.00293305407743901,0.09026694297790527,0.743571400642395,0.004494376,0.2,-0.12838806748390197,0.0359765625,,,,,,,,
28,7,,,7.642446994781494,1879040,,,,84.9,1279,,1830,0.0001,0.19474847570061685,-0.001650874144397676,0.1051906868815422,0.7566974759101868,0.007384144,0.2,-0.1321799398958683,0.0287890625,,,,,,,,
32,8,,,7.693636894226074,1884160,,,,80.55,1265,,1835,0.0001,0.15291836529970168,-0.0018969141505658627,0.062107741832733154,0.5309611558914185,0.006204565,0.2,-0.10181552954018117,0.029921875,,,,,,,,
36,9,,,7.606645107269287,1889280,,,,87.3,1263,,1840,0.0001,0.1457425629347563,-0.002263257717713714,0.07660900801420212,0.7593885660171509,0.0047819815,0.2,-0.12498967722058296,0.035546875,,,,,,,,
40,10,,,7.508505344390869,1894400,,,,90.86,1262,,1845,0.0001,0.21400486081838607,-0.005513808773830533,0.09385693073272705,0.7066408395767212,0.0062240222,0.2,-0.1499064287543297,0.0356640625,,,,,,,,
,,,,,,,,,,,,1850,0.0001,0.1844386625289917,-0.0027281943336129187,0.09691377729177475,0.7724652290344238,0.006269806,0.2,-0.1538834860920906,0.040546875,2,0.72,5.037398911118507,149.47,1,110.22698898182784,4.327590466311906,1024000
3,1,8,2,7.5597968101501465,1899520,8,1024000,0.001,91.86,1316,320,,,,,,,,,,,,,,,,,,
8,2,,,7.628253936767578,1904640,,,,90.44,1170,,1855,0.0001,0.2339762592315674,-0.002605062467046082,0.0867650955915451,0.6302216053009033,0.0048286635,0.2,-0.14297279343008995,0.0370703125,,,,,,,,
13,3,,,7.608023643493652,1909760,,,,87.66,1133,,1860,0.0001,0.206611098498106,-0.0022861854126676917,0.10031549632549286,0.5900746583938599,0.004842353,0.2,-0.12680444210767747,0.03875,,,,,,,,
17,4,,,7.550076961517334,1914880,,,,87.61,1143,,1865,0.0001,0.14923555076122283,-0.003421002724207938,0.05748733505606651,0.5956081748008728,0.006571564,0.2,-0.13015530504286288,0.048359375,,,,,,,,
22,5,,,7.463729381561279,1920000,,,,94.57,1151,,1870,0.0001,0.17157375626266003,-0.004418248934671283,0.07470370084047318,0.7161290645599365,0.0066183163,0.2,-0.1796978886425495,0.0451171875,,,,,,,,
26,6,,,7.447953701019287,1925120,,,,94.59,1173,,1875,0.0001,0.20274894967675208,-0.0018773614009842277,0.07168273627758026,0.6767804622650146,0.008245194,0.2,-0.1659900490194559,0.0438671875,,,,,,,,
30,7,,,7.488259792327881,1930240,,,,91.65,1187,,1880,0.0001,0.23026109993457794,-0.0030217033997178076,0.11521469801664352,0.674026608467102,0.0037017365,0.2,-0.17750579722225665,0.0298828125,,,,,,,,
34,8,,,7.474910736083984,1935360,,,,93.33,1197,,1885,0.0001,0.2094421072304249,-0.0049966260977089404,0.10204938054084778,0.7332006692886353,0.0048851282,0.2,-0.19073091432452202,0.0381640625,,,,,,,,
38,9,,,7.472112655639648,1940480,,,,91.93,1205,,1890,0.0001,0.26643070846796035,-0.0021837869193404914,0.10549016296863556,0.7001467943191528,0.004842589,0.2,-0.18867189764976502,0.031171875,,,,,,,,
42,10,,,7.666952610015869,1945600,,,,80.46,1213,,1895,0.0001,0.1860760971903801,-0.0008521864144131541,0.07747967541217804,0.7777824401855469,0.0025963844,0.2,-0.13902156330645085,0.03125,,,,,,,,
,,,,,,,,,,,,1900,0.0001,0.1768936885893345,-0.001968015520833433,0.07736890017986298,0.7474384307861328,0.003934513,0.2,-0.13243745878338814,0.0266796875,2,0.85,6.371407535672188,116.22,1,90.54055224041876,3.277177639257778,1075200
3,1,8,2,7.6384711265563965,1950720,8,1075200,0.001,84.83,1440,320,,,,,,,,,,,,,,,,,,
7,2,,,7.617462158203125,1955840,,,,86.67,1283,,1905,0.0001,0.2521970255672932,-0.0019628704246133564,0.10009153187274933,0.6518449783325195,0.006506505,0.2,-0.1801942752301693,0.0362890625,,,,,,,,
11,3,,,7.490460395812988,1960960,,,,88.49,1280,,1910,0.0001,0.19483640886843204,-0.003247677646577358,0.0793829932808876,0.7216618061065674,0.003148491,0.2,-0.1847568218410015,0.033359375,,,,,,,,
16,4,,,7.359261989593506,1966080,,,,94.52,1255,,1915,0.0001,0.16879648357629776,-0.005010110335424542,0.05521729961037636,0.8439608812332153,0.004891427,0.2,-0.20069244459271432,0.04171875,,,,,,,,
20,5,,,7.422816276550293,1971200,,,,94.04,1257,,1920,0.0001,0.24813566014170646,-0.0038183624390512707,0.1050824224948883,0.7957568168640137,0.004385096,0.2,-0.19638104289770125,0.043203125,,,,,,,,
24,6,,,7.328858852386475,1976320,,,,96.47,1262,,1925,0.0001,0.23433261141180992,-0.001244963421486318,0.11798742413520813,0.8182997107505798,0.0035975785,0.2,-0.1995779775083065,0.034609375,,,,,,,,
28,7,,,7.414335250854492,1981440,,,,93.77,1265,,1930,0.0001,0.2857456570863724,-0.004398107025772333,0.10524806380271912,0.817367672920227,0.009465756,0.2,-0.21573324590921403,0.043046875,,,,,,,,
32,8,,,7.440331935882568,1986560,,,,91.22,1266,,1935,0.0001,0.3022231698036194,-0.0036886739265173676,0.13171836733818054,0.7769494652748108,0.004056136,0.2,-0.18898984774947167,0.04203125,,,,,,,,
36,9,,,7.6204400062561035,1991680,,,,86.15,1267,,1940,0.0001,0.22857773944735527,-0.004651401457376778,0.09585151076316833,0.8423007726669312,0.0041154944,0.2,-0.18871113747358323,0.0332421875,,,,,,,,
40,10,,,7.596323013305664,1996800,,,,88.58,1250,,1945,0.0001,0.20916595950722694,-0.0025761356204748154,0.07275412976741791,0.590948224067688,0.0061184103,0.2,-0.13588809676468372,0.0367578125,,,,,,,,
,,,,,,,,,,,,1950,0.0001,0.26740308552980424,-0.003248287462629378,0.13315433263778687,0.7554446458816528,0.004914053,0.2,-0.17922726929187774,0.039140625,2,0.86,6.371458881497383,114.36,1,89.01275414231377,3.393586794712724,1126400
3,1,8,2,7.536897659301758,2001920,8,1126400,0.001,92.73,1489,320,,,,,,,,,,,,,,,,,,
7,2,,,7.673022270202637,2007040,,,,87.61,1336,,1955,0.0001,0.252398973852396,-0.0036813995614647867,0.13296575844287872,0.6547945737838745,0.004643753,0.2,-0.16603323504328726,0.0376171875,,,,,,,,
11,3,,,7.528770923614502,2012160,,,,88.15,1301,,1960,0.0001,0.20004688262939452,-0.003222616724669933,0.09620551764965057,0.552685558795929,0.007278738,0.2,-0.13901001311838626,0.0392578125,,,,,,,,
15,4,,,7.475368499755859,2017280,,,,87.27,1291,,1965,0.0001,0.1934741984307766,-0.002714264043606818,0.08117468655109406,0.6882243156433105,0.0045092413,0.2,-0.17893867075443268,0.03984375,,,,,,,,
19,5,,,7.317746639251709,2022400,,,,91.42,1283,,1970,0.0001,0.1837711887061596,-0.007267756746150553,0.06482058018445969,0.7645665407180786,0.007372816,0.2,-0.20700463950634002,0.0544921875,,,,,,,,
24,6,,,7.329527378082275,2027520,,,,92.5,1277,,1975,0.0001,0.19293100483715533,-0.003486688614357263,0.08475422114133835,0.7874739170074463,0.0053597274,0.2,-0.2175600276887417,0.04234375,,,,,,,,
28,7,,,7.5168776512146,2032640,,,,85.75,1276,,1980,0.0001,0.1950514742732048,-0.00589559675194323,0.05421602725982666,0.8063020706176758,0.005715626,0.2,-0.18299658864736557,0.045703125,,,,,,,,
32,8,,,7.4806671142578125,2037760,,,,86.38,1277,,1985,0.0001,0.1908199468255043,-0.0029168463591486217,0.08231458812952042,0.7653549313545227,0.0055671176,0.2,-0.13227355375885963,0.0345703125,,,,,,,,
36,9,,,7.100133895874023,2042880,,,,99.17,1278,,1990,0.0001,0.2630643130838871,-0.0023559725005179643,0.0990358516573906,0.8334670662879944,0.0036138825,0.2,-0.18541877150535582,0.036328125,,,,,,,,
40,10,,,7.195776462554932,2048000,,,,98.53,1277,,1995,0.0001,0.3554838886857033,-0.0029178833588957786,0.14940494298934937,0.8124022483825684,0.005437727,0.2,-0.25742378741502764,0.0470703125,,,,,,,,
,,,,,,,,,,,,2000,0.0001,0.32570634588599207,-0.003289079312235117,0.13264159858226776,0.678914487361908,0.00475463,0.2,-0.1473203308135271,0.0314453125,2,0.8,5.777311047315598,130.8,1,101.38944718263336,3.9258536355887657,1177600
3,1,8,2,7.682011127471924,2053120,8,1177600,0.001,85.67,1490,320,,,,,,,,,,,,,,,,,,
7,2,,,7.385254383087158,2058240,,,,94.01,1352,,2005,0.0001,0.315900958776474,-0.001946135377511382,0.14858278632164001,0.7509199380874634,0.0053710067,0.2,-0.18201402604579925,0.04125,,,,,,,,
11,3,,,7.510278224945068,2063360,,,,88.66,1322,,2010,0.0001,0.2545338976383209,-0.003997110733762383,0.1147129237651825,0.7801558375358582,0.0047616884,0.2,-0.18053875029087066,0.0417578125,,,,,,,,
15,4,,,7.635946750640869,2068480,,,,85.01,1317,,2015,0.0001,0.23824411541223525,-0.0017815865948796273,0.1369195580482483,0.6195145845413208,0.009401786,0.2,-0.1315251711010933,0.0393359375,,,,,,,,
19,5,,,7.628723621368408,2073600,,,,86.53,1306,,2020,0.0001,0.21543471425771712,-0.002322086002677679,0.11849603801965714,0.6949235200881958,0.005499446,0.2,-0.16313525348901747,0.0435546875,,,,,,,,
23,6,,,7.221301078796387,2078720,,,,100.91,1300,,2025,0.0001,0.22172123342752456,-0.0036715000751428306,0.09842458367347717,0.8016821146011353,0.007334938,0.2,-0.1936226287484169,0.049375,,,,,,,,
27,7,,,7.403425216674805,2083840,,,,94.14,1300,,2030,0.0001,0.26691355228424074,-0.003077986519783735,0.14952927827835083,0.7800803184509277,0.006991013,0.2,-0.19582687452435493,0.04859375,,,,,,,,
31,8,,,7.349160194396973,2088960,,,,93.44,1299,,2035,0.0001,0.23813385933637618,-0.0015995635511353611,0.10938602685928345,0.7253897190093994,0.0065346947,0.2,-0.12636652424931527,0.031484375,,,,,,,,
35,9,,,7.017080307006836,2094080,,,,102.69,1297,,2040,0.0001,0.2606119729578495,-0.003382250415161252,0.10266518592834473,0.852426290512085,0.005303605,0.2,-0.2493739226460457,0.0401171875,,,,,,,,
39,10,,,7.0546064376831055,2099200,,,,100.0,1293,,2045,0.0001,0.2507138383388519,-0.001692174207419157,0.09059270471334457,0.8709084987640381,0.007089785,0.2,-0.23013736203312873,0.0366015625,,,,,,,,
,,,,,,,,,,,,2050,0.0001,0.2774354231357574,-0.002207662593573332,0.09900792688131332,0.8858848214149475,0.004937583,0.2,-0.20740428134799005,0.0469921875,2,0.83,6.201187407374382,117.09,1,93.641133589892,3.559793263698809,1228800
3,1,8,2,7.386404991149902,2104320,8,1228800,0.001,91.96,1446,320,,,,,,,,,,,,,,,,,,
6,2,,,7.609466552734375,2109440,,,,87.62,1468,,2052,0.0001,0.36796339178407517,0.00043643834824497635,0.12552884221076965,0.6020479202270508,0.009164401,0.2,-0.1398538995433498,0.02681587837837838,,,,,,,,
11,3,,,7.540289878845215,2114560,,,,89.0,1375,,2057,0.0001,0.28829007133841517,-0.001216227659024298,0.1474551260471344,0.6758564710617065,0.0050961534,0.2,-0.16842762812972067,0.0372265625,,,,,,,,
15,4,,,7.411038398742676,2119680,,,,94.23,1349,,2062,0.0001,0.24460971117019653,-0.0022036736784502866,0.14666599035263062,0.7973796129226685,0.006144898,0.2,-0.17760660156607627,0.0490234375,,,,,,,,
19,5,,,7.364375114440918,2124800,,,,93.28,1327,,2067,0.0001,0.2527336771786213,-0.004396485583856702,0.1340959072113037,0.8642914891242981,0.0061158338,0.2,-0.23568662598729134,0.0430859375,,,,,,,,
23,6,,,7.544002056121826,2129920,,,,87.94,1295,,2072,0.0001,0.219485415071249,-0.0029269313951954244,0.10625343769788742,0.8066439032554626,0.0054178713,0.2,-0.14985655784606933,0.0361328125,,,,,,,,
28,7,,,7.4508771896362305,2135040,,,,95.51,1277,,2077,0.0001,0.29731994584202764,-0.002643142370507121,0.13157570362091064,0.8136599659919739,0.00779574,0.2,-0.17148224055767058,0.0278515625,,,,,,,,
32,8,,,7.4819536209106445,2140160,,,,92.83,1274,,2082,0.0001,0.3473030959069729,-0.005051987641490996,0.13682089745998383,0.7944194078445435,0.0066011576,0.2,-0.20839431628584862,0.045625,,,,,,,,
37,9,,,7.418901443481445,2145280,,,,93.52,1219,,2087,0.0001,0.27864782318472864,-0.0017026788019575178,0.10276751220226288,0.7745697498321533,0.006078802,0.2,-0.15134156189858913,0.0365234375,,,,,,,,
42,10,,,7.475536346435547,2150400,,,,93.97,1209,,2092,0.0001,0.34752692714333533,-0.002288898304104805,0.20320820808410645,0.8075857162475586,0.0073139826,0.2,-0.208761305809021,0.0480078125,,,,,,,,
,,,,,,,,,,,,2097,0.0001,0.3229474076628685,-0.0037636998062953353,0.1346486508846283,0.6445292234420776,0.0058643566,0.2,-0.18235471859574318,0.0368359375,2,0.73,5.2230677783489226,145.34,1,109.20130219003799,4.17954333752448,1280000
4,1,8,2,7.609438896179199,2155520,8,1280000,0.001,92.02,1134,320,,,,,,,,,,,,,,,,,,
9,2,,,7.3207502365112305,2160640,,,,100.05,1040,,2102,0.0001,0.28311449304223063,-0.0022407297138124704,0.1416066288948059,0.5896804332733154,0.007639288,0.2,-0.16362062066793442,0.0394921875,,,,,,,,
15,3,,,7.270068168640137,2165760,,,,98.62,1012,,2107,0.0001,0.2783847948908806,-0.004758298704400659,0.10899342596530914,0.7548738121986389,0.0061917244,0.2,-0.22631822392344475,0.0464453125,,,,,,,,
20,4,,,7.639402866363525,2170880,,,,88.34,1004,,2112,0.0001,0.27883732199668887,-0.0038682943489402534,0.08700799942016602,0.700873851776123,0.006635086,0.2,-0.16751555383205413,0.0405859375,,,,,,,,
27,5,,,7.665409088134766,2176000,,,,86.83,936,,2117,0.0001,0.2930665349960327,-0.002863477058708668,0.13653971254825592,0.7211395502090454,0.004125414,0.2,-0.16306867375969886,0.035625,,,,,,,,
32,6,,,7.558190822601318,2181120,,,,91.64,939,,2122,0.0001,0.2723757183551788,-0.0026675598183646797,0.13060037791728973,0.5655813217163086,0.0063354657,0.2,-0.13910205021500588,0.0341796875,,,,,,,,
38,7,,,7.549577236175537,2186240,,,,91.82,929,,2127,0.0001,0.2491600704193115,-0.0034330418426543473,0.10966654866933823,0.6461615562438965,0.0056617465,0.2,-0.17134818837046623,0.0529296875,,,,,,,,
44,8,,,7.6101579666137695,2191360,,,,87.42,921,,2132,0.0001,0.1952696968615055,-0.0016350252740085125,0.08493717014789581,0.6467653512954712,0.003963962,0.2,-0.142452485114336,0.0295703125,,,,,,,,
50,9,,,7.388981819152832,2196480,,,,90.56,921,,2137,0.0001,0.17753158628940582,-0.004137503211386502,0.06292180716991425,0.6606525182723999,0.0050252574,0.2,-0.15726939782500268,0.0412890625,,,,,,,,
56,10,,,7.211734771728516,2201600,,,,96.47,913,,2142,0.0001,0.17664045684039592,-0.005139814771246165,0.06454483419656754,0.7219064235687256,0.005252556,0.2,-0.1769917492568493,0.049453125,,,,,,,,
,,,,,,,,,,,,2147,0.0001,0.22622581511735917,-0.003949370533227921,0.10230111330747604,0.7575536370277405,0.005796554,0.2,-0.21263932287693024,0.0505078125,2,0.83,6.1751091331243515,121.11,1,92.30415971125028,3.5566183235393525,1331200
4,1,8,2,7.2354278564453125,2206720,8,1331200,0.001,94.56,1103,320,,,,,,,,,,,,,,,,,,
9,2,,,7.459875106811523,2211840,,,,89.33,1104,,2149,0.0001,0.2390578699608644,0.0011170203603493671,0.14177998900413513,0.8175802230834961,0.017568871,0.2,-0.19833886561294398,0.029622395833333332,,,,,,,,
15,3,,,7.533348560333252,2216960,,,,89.57,1004,,2154,0.0001,0.29786093801259994,-0.0014078412926755845,0.15755681693553925,0.7366716861724854,0.005624433,0.2,-0.16538082122802733,0.0392578125,,,,,,,,
20,4,,,7.382993221282959,2222080,,,,93.03,983,,2159,0.0001,0.3050372318923473,-0.003769445111975074,0.12973320484161377,0.757841944694519,0.005669714,0.2,-0.17715274430811406,0.042734375,,,,,,,,
26,5,,,7.544004440307617,2227200,,,,88.09,959,,2164,0.0001,0.2717060726881027,-0.002272988953627646,0.09180028736591339,0.7857955098152161,0.005659823,0.2,-0.1820896689593792,0.038125,,,,,,,,
32,6,,,7.430018901824951,2232320,,,,91.62,943,,2169,0.0001,0.3072437755763531,-0.0026574017340317366,0.08969938009977341,0.7235796451568604,0.004502486,0.2,-0.16489177867770194,0.0372265625,,,,,,,,
38,7,,,7.444610118865967,2237440,,,,95.03,935,,2174,0.0001,0.292724983394146,-0.0015537439240142703,0.11904691904783249,0.8084607124328613,0.006653534,0.2,-0.18450175240635872,0.045078125,,,,,,,,
44,8,,,7.513683319091797,2242560,,,,93.69,929,,2179,0.0001,0.35686870887875555,-0.002603881899267435,0.1552979052066803,0.8063011169433594,0.005663806,0.2,-0.1798679633438587,0.037265625,,,,,,,,
49,9,,,7.313575267791748,2247680,,,,96.52,924,,2184,0.0001,0.3041876229643822,-0.00310190309304744,0.1812351793050766,0.8285862803459167,0.0049466006,0.2,-0.16998432636260985,0.0453515625,,,,,,,,
55,10,,,7.348705291748047,2252800,,,,98.21,924,,2189,0.0001,0.3625637936592102,-0.004172846181318164,0.14761395752429962,0.8552371263504028,0.006822955,0.2,-0.21384854301810263,0.0499609375,,,,,,,,
,,,,,,,,,,,,2194,0.0001,0.4158637347817421,-0.0028253268403932454,0.15123221278190613,0.817680835723877,0.005252759,0.2,-0.19536858752369882,0.04171875,2,0.88,6.629201206564903,105.69,1,81.93945264645109,3.1566576161395905,1382400
4,1,8,2,7.492448329925537,2257920,8,1382400,0.001,91.3,1136,320,,,,,,,,,,,,,,,,,,
10,2,,,7.379964828491211,2263040,,,,90.77,939,,2199,0.0001,0.3256658239662647,-0.0029460274148732425,0.14006268978118896,0.7789341807365417,0.004008645,0.2,-0.14343481115996837,0.033984375,,,,,,,,
18,3,,,7.144586563110352,2268160,,,,99.9,841,,2204,0.0001,0.36422183737158775,-0.0008513458212837577,0.18556033074855804,0.8505201935768127,0.0035432826,0.2,-0.20867665305733682,0.031015625,,,,,,,,
24,4,,,7.417534351348877,2273280,,,,92.96,826,,2209,0.0001,0.46170960962772367,-0.0020996671449393036,0.17894765734672546,0.8510856628417969,0.0033746562,0.2,-0.2020905178785324,0.0362890625,,,,,,,,
31,5,,,7.644189834594727,2278400,,,,88.55,807,,2214,0.0001,0.4510585770010948,-0.003738043708726764,0.21610793471336365,0.7109980583190918,0.004817428,0.2,-0.12550876706838607,0.0349609375,,,,,,,,
38,6,,,7.682345390319824,2283520,,,,85.58,807,,2219,0.0001,0.3636978004872799,-0.0015489188255742193,0.20647719502449036,0.7221096158027649,0.00838182,0.2,-0.14071629598736762,0.0380078125,,,,,,,,
44,7,,,7.506147861480713,2288640,,,,95.45,801,,2224,0.0001,0.30921189188957215,-0.0016260329354554415,0.06958615779876709,0.7064167857170105,0.0052618054,0.2,-0.11808576643466949,0.0337890625,,,,,,,,
50,8,,,7.37547492980957,2293760,,,,100.34,809,,2229,0.0001,0.40043954670429227,-0.00037874674424529073,0.2002277672290802,0.631395697593689,0.007644518,0.2,-0.16883330017328263,0.0433203125,,,,,,,,
56,9,,,7.493185043334961,2298880,,,,95.82,820,,2234,0.0001,0.2846797133982182,-0.0038059910130687057,0.1001090407371521,0.6567481756210327,0.00689114,0.2,-0.18245097115635872,0.0458984375,,,,,,,,
61,10,,,7.585443019866943,2304000,,,,93.82,830,,2239,0.0001,0.2925644141435623,-0.0012649233546108008,0.10038986057043076,0.6379803419113159,0.0055530784,0.2,-0.14072885327041149,0.036953125,,,,,,,,
,,,,,,,,,,,,2244,0.0001,0.2877280931174755,-0.00207837647292763,0.11813529580831528,0.6184641718864441,0.0061960584,0.2,-0.15352001413702965,0.0437109375,2,0.85,6.303648555278778,121.58,1,91.2057213117686,3.2804070321194683,1433600
4,1,8,2,7.512248516082764,2309120,8,1433600,0.001,94.19,1230,320,,,,,,,,,,,,,,,,,,
9,2,,,7.6032209396362305,2314240,,,,87.18,1048,,2249,0.0001,0.2674287435412407,-0.00157909135799855,0.1015220358967781,0.6664618253707886,0.0054715225,0.2,-0.15036104381084442,0.03796875,,,,,,,,
15,3,,,7.666776657104492,2319360,,,,86.48,1010,,2254,0.0001,0.24015942215919495,-0.0016546071181073785,0.10470028966665268,0.5858452916145325,0.0048068343,0.2,-0.10184654608368873,0.0332421875,,,,,,,,
21,4,,,7.645411968231201,2324480,,,,88.21,961,,2259,0.0001,0.2550970602035523,-0.0032632455183193086,0.12710629403591156,0.6303408145904541,0.00514019,0.2,-0.1421120125800371,0.041171875,,,,,,,,
27,5,,,7.497097969055176,2329600,,,,91.44,918,,2264,0.0001,0.23222988694906235,-0.0015613869950175286,0.08797773718833923,0.6498618721961975,0.004879431,0.2,-0.11776803962886334,0.0340625,,,,,,,,
34,6,,,7.421271800994873,2334720,,,,93.37,896,,2269,0.0001,0.27410382628440855,-0.0012743716104887425,0.12515036761760712,0.5716826319694519,0.0060087102,0.2,-0.16431473612785338,0.0398046875,,,,,,,,
40,7,,,7.55197286605835,2339840,,,,87.6,881,,2274,0.0001,0.24710832223296164,-0.0014488676562905312,0.11346472054719925,0.6180052757263184,0.0055479486,0.2,-0.14077063888311386,0.0393359375,,,,,,,,
47,8,,,7.381840229034424,2344960,,,,92.37,858,,2279,0.0001,0.22875361144542694,-0.002666331655345857,0.10142162442207336,0.6931605339050293,0.0052792737,0.2,-0.15058143824338913,0.034921875,,,,,,,,
53,9,,,7.429257869720459,2350080,,,,91.28,861,,2284,0.0001,0.24185726657509804,-0.0028253999678418042,0.08537532389163971,0.749515175819397,0.005973755,0.2,-0.1542163247615099,0.045625,,,,,,,,
59,10,,,7.612640857696533,2355200,,,,85.39,856,,2289,0.0001,0.2432873336970806,-0.003673165272921324,0.10250664502382278,0.7667578458786011,0.0052811415,0.2,-0.15293318681418896,0.046953125,,,,,,,,
,,,,,,,,,,,,2294,0.0001,0.1736097828298807,-0.0036995187355205418,0.0787309855222702,0.6041452884674072,0.0063781724,0.2,-0.10900863930583,0.0323046875,2,0.88,6.691210026741028,104.97,1,81.87117380372655,3.044139076730191,1484800
4,1,8,2,7.719992160797119,2360320,8,1484800,0.001,83.17,1125,320,,,,,,,,,,,,,,,,,,
10,2,,,7.517148017883301,2365440,,,,88.73,998,,2299,0.0001,0.15464582063257695,-0.0031056269258260727,0.05882417410612106,0.6737205982208252,0.0033476825,0.2,-0.1109143003076315,0.0341015625,,,,,,,,
15,3,,,7.535704135894775,2370560,,,,87.07,990,,2304,0.0001,0.1432182575762272,-0.0022535133035853504,0.06487779319286346,0.7493524551391602,0.004617948,0.2,-0.12711725994944573,0.034921875,,,,,,,,
20,4,,,7.677227020263672,2375680,,,,81.88,988,,2309,0.0001,0.1788551727682352,-0.0025766485230997206,0.07591554522514343,0.7497233152389526,0.005471087,0.2,-0.12280980862677097,0.0344921875,,,,,,,,
26,5,,,7.768226146697998,2380800,,,,78.79,974,,2314,0.0001,0.13371102295815945,-0.002864789445884526,0.05691049247980118,0.5810813307762146,0.0058802916,0.2,-0.09615388102829456,0.03578125,,,,,,,,
31,6,,,7.652669906616211,2385920,,,,83.92,964,,2319,0.0001,0.161289591640234,-0.004185256222262979,0.09379346668720245,0.5757755041122437,0.0048967195,0.2,-0.11513510391116143,0.0367578125,,,,,,,,
37,7,,,7.231909275054932,2391040,,,,97.71,959,,2324,0.0001,0.1747414267063141,-0.002783189611509442,0.0485369935631752,0.7321120500564575,0.006014856,0.2,-0.16148979976773262,0.0363671875,,,,,,,,
42,8,,,7.236948013305664,2396160,,,,97.54,955,,2329,0.0001,0.1912291868031025,-0.003974015936255455,0.09800098836421967,0.8081859946250916,0.0058223796,0.2,-0.18924710601568223,0.0480859375,,,,,,,,
48,9,,,7.467978000640869,2401280,,,,88.97,956,,2334,0.0001,0.2555381090939045,-0.0038500956306234003,0.07116667926311493,0.7906888723373413,0.004451699,0.2,-0.18169992297887802,0.0320703125,,,,,,,,
53,10,,,7.596101760864258,2406400,,,,87.27,952,,2339,0.0001,0.22330561012029648,-0.0009067447995766997,0.08840735256671906,0.685671329498291,0.004016147,0.2,-0.10052845314145088,0.0328515625,,,,,,,,
,,,,,,,,,,,,2344,0.0001,0.22635028004646301,-0.001932416297495365,0.1056705191731453,0.7621281147003174,0.0035396374,0.2,-0.16719338342547416,0.0291796875,2,0.89,6.690647687315941,107.13,1,79.9854555528691,2.991235950207481,1536000
4,1,8,2,7.463298320770264,2411520,8,1536000,0.001,97.77,1212,320,,,,,,,,,,,,,,,,,,
9,2,,,7.339359283447266,2416640,,,,102.87,1028,,2349,0.0001,0.29390360444784164,-0.0021444872627034784,0.1255928874015808,0.7122259140014648,0.00428175,0.2,-0.18027194127440452,0.038984375,,,,,,,,
15,3,,,7.3791656494140625,2421760,,,,96.25,980,,2354,0.0001,0.3103162096440792,-0.00362109923735261,0.13510967791080475,0.6788705587387085,0.0057267686,0.2,-0.19547220900654794,0.03796875,,,,,,,,
21,4,,,7.459546089172363,2426880,,,,94.9,964,,2359,0.0001,0.26990643560886385,-0.0031360878935083746,0.11173549294471741,0.6282649636268616,0.0068323864,0.2,-0.13359419278800488,0.0365625,,,,,,,,
26,5,,,7.249124526977539,2432000,,,,102.45,954,,2364,0.0001,0.2974988926947117,-0.002946948865428567,0.14723601937294006,0.7173346281051636,0.004841764,0.2,-0.17246545672416688,0.0410546875,,,,,,,,
32,6,,,7.084660530090332,2437120,,,,106.93,946,,2369,0.0001,0.30639202147722244,-0.0015048642596229911,0.16730688512325287,0.7648725509643555,0.004728115,0.2,-0.1777748768031597,0.0371875,,,,,,,,
38,7,,,7.377907752990723,2442240,,,,97.02,942,,2374,0.0001,0.3312253823876381,-0.003075377279892564,0.17571204900741577,0.7855058908462524,0.004239232,0.2,-0.18649303719401358,0.0412890625,,,,,,,,
42,8,,,7.2719950675964355,2447360,,,,95.37,954,,2379,0.0001,0.3207904040813446,-0.0021594411879777907,0.15738753974437714,0.7676323652267456,0.0052238307,0.2,-0.14054167479276658,0.033359375,,,,,,,,
48,9,,,7.310943603515625,2452480,,,,96.59,950,,2384,0.0001,0.3059802435338497,-0.0034659153874963522,0.1420653611421585,0.792903482913971,0.006352757,0.2,-0.12766703613102437,0.0372265625,,,,,,,,
54,10,,,7.537869453430176,2457600,,,,91.48,945,,2389,0.0001,0.33379421472549436,-0.0040082099894061685,0.14271008968353271,0.7128625512123108,0.0053353487,0.2,-0.16972672149538995,0.0434375,,,,,,,,
,,,,,,,,,,,,2394,0.0001,0.2809922181069851,-0.0020497894193977116,0.13906671106815338,0.6353152990341187,0.0033749111,0.2,-0.11576614387333393,0.032421875,2,0.75,5.485802169442177,139.84,1,108.30980749682827,3.9626692895684257,1587200
4,1,8,2,7.689273834228516,2462720,8,1587200,0.001,84.3,1217,320,,,,,,,,,,,,,,,,,,
9,2,,,7.632457256317139,2467840,,,,84.71,1035,,2399,0.0001,0.2330557057261467,-0.0011981315817683935,0.09451771527528763,0.5756683349609375,0.006407471,0.2,-0.11682573415338993,0.0288671875,,,,,,,,
15,3,,,7.597843647003174,2472960,,,,88.36,986,,2404,0.0001,0.2330744408071041,-0.002888093814253807,0.10382192581892014,0.6897986531257629,0.005404262,0.2,-0.11447374381124974,0.035,,,,,,,,
21,4,,,7.688920497894287,2478080,,,,86.37,969,,2409,0.0001,0.19949233666062355,-0.00313344728667289,0.09533313661813736,0.5601043701171875,0.0042641517,0.2,-0.12881037659943104,0.027890625,,,,,,,,
26,5,,,7.676390171051025,2483200,,,,82.14,957,,2414,0.0001,0.18179649457335473,-0.0041964657232165335,0.06924541294574738,0.6434130072593689,0.0057948884,0.2,-0.13607138819992542,0.041875,,,,,,,,
32,6,,,7.753286361694336,2488320,,,,80.05,947,,2419,0.0001,0.16505546174943447,-0.00278661728836596,0.08259949833154678,0.6275142431259155,0.005608733,0.2,-0.120657689422369,0.0336328125,,,,,,,,
37,7,,,7.654296398162842,2493440,,,,82.9,944,,2424,0.0001,0.15043465338647366,-0.0026568821212276817,0.0815114676952362,0.6167243719100952,0.0039958316,0.2,-0.10046286635100841,0.028359375,,,,,,,,
43,8,,,7.529850006103516,2498560,,,,88.98,938,,2429,0.0001,0.1591062231361866,-0.004757973877713084,0.059132128953933716,0.7271288633346558,0.005522108,0.2,-0.1604514980316162,0.050078125,,,,,,,,
49,9,,,7.684904098510742,2503680,,,,86.26,934,,2434,0.0001,0.15547684766352177,-0.004000286506488919,0.06501193344593048,0.6459733843803406,0.004987753,0.2,-0.12134380005300045,0.036796875,,,,,,,,
54,10,,,7.518146991729736,2508800,,,,89.37,932,,2439,0.0001,0.161710025370121,-0.0038994714664295316,0.0773942694067955,0.6873476505279541,0.00435347,0.2,-0.1482410115003586,0.0359375,,,,,,,,
,,,,,,,,,,,,2444,0.0001,0.1891436305642128,-0.002013705335557461,0.0774557888507843,0.653024435043335,0.008666284,0.2,-0.1672617156803608,0.0426171875,2,0.88,6.664822867512703,106.34,1,82.30203156666305,3.014125941524973,1638400
3,1,8,2,7.586944103240967,2513920,8,1638400,0.001,88.11,1309,320,,,,,,,,,,,,,,,,,,
8,2,,,7.561093330383301,2519040,,,,91.24,1162,,2449,0.0001,0.17910416111350058,-0.002393751519266516,0.08118691295385361,0.7258144617080688,0.006826397,0.2,-0.16552028566598892,0.039453125,,,,,,,,
13,3,,,7.518197536468506,2524160,,,,94.18,1173,,2454,0.0001,0.22852138340473174,-0.0026334870653226972,0.06481646746397018,0.6884714365005493,0.004158796,0.2,-0.16200420886278152,0.0433984375,,,,,,,,
