time/time_elapsed,time/total_timesteps,time/iterations,time/fps,rollout/ep_rew_mean,rollout/ep_len_mean,curriculum/preferred_eval_mode,curriculum/max_steps,train/value_loss,train/ent_coef,train/clip_range,curriculum/grid_size,train/explained_variance,train/stage_learning_rate,train/loss,curriculum/stage,train/n_updates,train/learning_rate,curriculum/obs_quantity,train/clip_fraction,curriculum/stage_timesteps,train/entropy_loss,train/policy_gradient_loss,train/approx_kl,eval/full_coverage_rate,eval/deterministic,eval/std_ep_length,eval/stage,eval/mean_ep_length,eval/std_reward,eval/stage_timesteps,eval/mean_reward,eval/promotion_passed,eval/deterministic_promotion_floor,eval/promotion_min_mean_reward,eval/stochastic_full_coverage_rate,eval/deterministic_full_coverage_rate,eval/promotion_full_coverage_rate,eval/stochastic_quality_passed,eval/promotion_max_mean_length,eval/deterministic_quality_passed,eval/mode_gap,eval/coverage_promotion_passed,eval/diagnostic_full_coverage_rate,eval/quality_promotion_passed
2,5120,1,1744,3.5629055500030518,149.28571428571428,,,,,,,,,,,,,,,,,,,,,,,,,,,,,,,,,,,,,,,
2,10240,1,2241,2.7870755195617676,159.83050847457628,0,200,3.2472384083271026,0.02,0.2,5,-0.004578709602355957,0.0001,1.1350010633468628,1,5,0.0001,3,0.0,0,-1.0671570634841918,-0.0024718981119804086,0.0020072425,,,,,,,,,,,,,,,,,,,,,
8,15360,2,1250,3.11430287361145,157.95652173913044,,,1.7296869558095933,,0.2,,0.025425434112548828,,0.8111599683761597,,10,0.0001,,0.05859375,,-1.0574207246303557,-0.009094938077032566,0.009484835,,,,,,,,,,,,,,,,,,,,,
14,20480,3,1086,2.907971143722534,158.63,,,2.163544702529907,,0.2,,-0.011773943901062012,,0.7260618209838867,,15,0.0001,,0.055859375,,-1.0412683498859405,-0.007247515581548214,0.008094813,,,,,,,,,,,,,,,,,,,,,
19,25600,4,1028,3.759857177734375,143.39,,,1.626226407289505,,0.2,,0.03587937355041504,,0.8422681093215942,,20,0.0001,,0.0787109375,,-1.0130889225006103,-0.00830422803759575,0.008705227,,,,,,,,,,,,,,,,,,,,,
25,30720,5,995,4.5583176612854,127.52,,,2.274826637506485,,0.2,,0.07625424861907959,,1.039371371269226,,25,0.0001,,0.122421875,,-1.0126083344221115,-0.01380925951525569,0.010630639,,,,,,,,,,,,,,,,,,,,,
31,35840,6,975,5.511163711547852,109.41,,,1.7699448132514954,,0.2,,-0.010301470756530762,,0.6637433171272278,,30,0.0001,,0.0731640625,,-1.006685836315155,-0.00777801762567833,0.008975983,,,,,,,,,,,,,,,,,,,,,
37,40960,7,960,6.271867752075195,90.61,,,1.6001052582263946,,0.2,,0.0918741226196289,,0.7097010612487793,,35,0.0001,,0.0673046875,,-0.9561946570873261,-0.008234818107448518,0.008086654,,,,,,,,,,,,,,,,,,,,,
43,46080,8,951,6.76924991607666,74.76,,,1.3226423066854478,,0.2,,0.14503157138824463,,0.6834070682525635,,40,0.0001,,0.0605859375,,-0.9400681161880493,-0.0075222101644612845,0.0068620816,,,,,,,,,,,,,,,,,,,,,
49,51200,9,937,6.1949143409729,84.09,,,1.0839533007144928,,0.2,,0.11205875873565674,,0.5392829775810242,,45,0.0001,,0.0753515625,,-0.8934865564107894,-0.005917845647782087,0.00894239,,,,,,,,,,,,,,,,,,,,,
55,56320,10,930,6.398426055908203,77.03,,,0.7306976163387299,,0.2,,0.05470621585845947,,0.27963295578956604,,50,0.0001,,0.12046875,,-0.896458524465561,-0.012242590049281717,0.009479461,,,,,,,,,,,,,,,,,,,,,
2,61440,1,2305,6.850078105926514,66.9,0,200,0.7831471109390259,0.010272,0.2,5,0.22222328186035156,0.0001,0.316820353269577,1,55,0.0001,3,0.1185546875,51200,-0.8680822044610977,-0.0094678196310997,0.008695528,,,,,,,,,,,,,,,,,,,,,
8,66560,2,1243,6.842181205749512,69.6,,,0.5685227957367897,,0.2,,0.2624741196632385,,0.27070826292037964,,60,0.0001,,0.1017578125,,-0.8402371108531952,-0.0050364012643694875,0.00853415,,,,,,,,,,,,,,,,,,,,,
14,71680,3,1085,7.096726894378662,61.24,,,0.45932415157556533,,0.2,,0.3284979462623596,,0.203248992562294,,65,0.0001,,0.079921875,,-0.8434949082136154,-0.004157357751391828,0.0065033613,,,,,,,,,,,,,,,,,,,,,
20,76800,4,1023,7.019965648651123,62.3,,,0.42510955810546874,,0.2,,0.3504047393798828,,0.17208464443683624,,70,0.0001,,0.0751953125,,-0.8113440734148025,-0.004857843997888267,0.0070113004,,,,,,,,,,,,,,,,,,,,,
26,81920,5,983,7.0517096519470215,57.13,,,0.37994204998016357,,0.2,,0.4308423399925232,,0.15472300350666046,,75,0.0001,,0.0857421875,,-0.8131626504659653,-0.002838527369312942,0.006901746,,,,,,,,,,,,,,,,,,,,,
32,87040,6,945,7.137488842010498,59.34,,,0.3379235205054283,,0.2,,0.4073163866996765,,0.14761868119239807,,80,0.0001,,0.100546875,,-0.7649213874340057,-0.004178155823610723,0.007832807,,,,,,,,,,,,,,,,,,,,,
38,92160,7,934,7.022038459777832,61.55,,,0.28820085123181344,,0.2,,0.44971752166748047,,0.13150669634342194,,85,0.0001,,0.0669921875,,-0.7816236716508865,-0.005353904331568629,0.0061670924,,,,,,,,,,,,,,,,,,,,,
44,97280,8,924,7.044278621673584,58.45,,,0.33178687036037446,,0.2,,0.5426046848297119,,0.14392220973968506,,90,0.0001,,0.0855078125,,-0.7401529961824417,-0.002536052563227713,0.006838754,,,,,,,,,,,,,,,,,,,,,
50,102400,9,916,7.376835346221924,48.43,,,0.3065869471430778,,0.2,,0.46981239318847656,,0.165654256939888,,95,0.0001,,0.084296875,,-0.7341597694158554,-0.0028113678004592657,0.009049812,,,,,,,,,,,,,,,,,,,,,
56,107520,10,909,7.230738639831543,52.7,,,0.24360543131828308,,0.2,,0.4587423801422119,,0.09239210933446884,,100,0.0001,,0.06671875,,-0.701105465888977,-0.0018657795526087284,0.005774569,,,,,,,,,,,,,,,,,,,,,
,,,,,,,,0.2009138272702694,,0.2,,0.49094849824905396,,0.08001761883497238,,105,0.0001,,0.102265625,,-0.7050046712160111,-0.007227065563201904,0.009341689,0.99,0,25.86652469892312,1,49.27,1.0242420370923078,102400,7.318016597032547,,,,,,,,,,,,,
,,,,,,,,,,,,,,,,,,,,,,,,0.51,1,85.14102360202159,1,113.19,5.530118918113587,102400,2.3131763768196105,,,,,,,,,,,,,
,,,,,,,,,,,,,,,,,,,,,,,,,,,1,,,102400,,1,0.0,6.75,0.99,0.51,0.99,0,32.5,0,0.48,1,0.99,0
,,,,,,,,,,,,,,,,,,,,,,,,0.99,0,23.861676387043723,1,49.02,1.0475732655181285,102400,7.309442734718322,,,,,,,,,,,,,
,,,,,,,,,,,,,,,,,,,,,,,,0.54,1,84.47333070265432,1,108.58,5.526458942376319,102400,2.6198753547668456,,,,,,,,,,,,,
,,,,,,,,,,,,,,,,,,,,,,,,,,,1,,,102400,,1,0.0,6.75,0.99,0.54,0.99,0,32.5,0,0.44999999999999996,1,0.99,0
,,,,,,,,,,,,,,,,,,,,,,,,0.99,0,28.945638704302244,1,51.9,1.1428786323487035,102400,7.246351838111877,,,,,,,,,,,,,
,,,,,,,,,,,,,,,,,,,,,,,,0.47,1,85.14583430796836,1,119.87,5.440406951059188,102400,1.9792218542098998,,,,,,,,,,,,,
,,,,,,,,,,,,,,,,,,,,,,,,,,,1,,,102400,,1,0.0,6.75,0.99,0.47,0.99,0,32.5,0,0.52,1,0.99,0
3,112640,1,1484,6.87362003326416,82.71,,,,,,,,,,,,,,,,,,,,,,,,,,,,,,,,,,,,,,,
2,117760,1,1982,6.264276504516602,117.47,0,320,1.6346205365657807,0.008,0.2,8,0.24776536226272583,0.0002,0.7165061831474304,2,110,0.0002,8,0.1939453125,0,-0.8315692496299744,-0.0008943528681993484,0.011545504,,,,,,,,,,,,,,,,,,,,,
9,122880,2,1135,5.62331485748291,165.24,,,0.6064582544565201,,0.2,,0.34132713079452515,,0.25993236899375916,,115,0.0002,,0.1541015625,,-0.8434604662656784,-0.00518314668443054,0.011356551,,,,,,,,,,,,,,,,,,,,,
15,128000,3,1013,5.437016487121582,196.75,,,0.9714026343822479,,0.2,,0.21552294492721558,,0.44795259833335876,,120,0.0002,,0.1265625,,-0.7973369628190994,-0.005272079994902015,0.008750797,,,,,,,,,,,,,,,,,,,,,
21,133120,4,965,5.4832000732421875,202.61,,,0.8210230371356011,,0.2,,0.1578165888786316,,0.3531254231929779,,125,0.0002,,0.10921875,,-0.7504479169845581,-0.0030133835412561893,0.006231077,,,,,,,,,,,,,,,,,,,,,
27,138240,5,940,5.940848350524902,191.34,,,0.8626417696475983,,0.2,,0.14001131057739258,,0.3245583772659302,,130,0.0002,,0.1223046875,,-0.7485666769742966,-0.004384813914075494,0.010633914,,,,,,,,,,,,,,,,,,,,,
33,143360,6,923,5.955995559692383,188.63,,,0.658182845711708,,0.2,,0.18761098384857178,,0.2827800214290619,,135,0.0002,,0.1179296875,,-0.6974508959054947,-0.004395372793078422,0.010748034,,,,,,,,,,,,,,,,,,,,,
39,148480,7,911,6.089662551879883,179.28,,,0.6568481382727623,,0.2,,0.16993176937103271,,0.28855350613594055,,140,0.0002,,0.1303515625,,-0.6818825840950012,-0.003754725530743599,0.009874838,,,,,,,,,,,,,,,,,,,,,
45,153600,8,902,5.9837870597839355,185.36,,,0.6901874643564224,,0.2,,0.14738619327545166,,0.2846091389656067,,145,0.0002,,0.1128515625,,-0.6546129202842712,-0.0021119776275008917,0.0077321166,,,,,,,,,,,,,,,,,,,,,
51,158720,9,898,6.20913553237915,171.6,,,0.6633337852358818,,0.2,,0.22320669889450073,,0.358135849237442,,150,0.0002,,0.114375,,-0.668094779253006,-0.0018233561096712948,0.01147781,,,,,,,,,,,,,,,,,,,,,
57,163840,10,893,6.193218231201172,175.14,,,0.6002190667390823,,0.2,,0.29526758193969727,,0.34042125940322876,,155,0.0002,,0.0959375,,-0.6120509093999863,-0.003955617202445865,0.008036347,,,,,,,,,,,,,,,,,,,,,
2,168960,1,2041,6.113034248352051,176.09,0,320,0.5061796456575394,0.006805333333333333,0.2,8,0.3617997169494629,0.00016586666666666667,0.225552499294281,2,160,0.0002,8,0.1083984375,51200,-0.6068631559610367,-0.003172378493472934,0.009034133,,,,,,,,,,,,,,,,,,,,,
8,174080,2,1202,6.060853958129883,174.39,,,0.5712800744175911,,0.2,,0.32714325189590454,,0.3255786895751953,,165,0.00016586666666666667,,0.086171875,,-0.6320834267139435,-0.0028168712882325054,0.007472192,,,,,,,,,,,,,,,,,,,,,
14,179200,3,1063,6.3544697761535645,165.0,,,0.4838888868689537,,0.2,,0.2665390968322754,,0.24385729432106018,,170,0.00016586666666666667,,0.0903515625,,-0.5499141839146614,-0.004546011155471205,0.006964799,,,,,,,,,,,,,,,,,,,,,
20,184320,4,1005,6.638821601867676,156.19,,,0.5153382039070129,,0.2,,0.32965338230133057,,0.2501417100429535,,175,0.00016586666666666667,,0.0846484375,,-0.5269847419857979,-0.003185006135609001,0.009437316,,,,,,,,,,,,,,,,,,,,,
26,189440,5,970,6.585635185241699,160.72,,,0.44314765006303786,,0.2,,0.30542826652526855,,0.21490606665611267,,180,0.00016586666666666667,,0.0941015625,,-0.5375278201699257,-0.003216754081659019,0.012783435,,,,,,,,,,,,,,,,,,,,,
32,194560,6,950,6.613129138946533,161.19,,,0.3798690491914749,,0.2,,0.28226184844970703,,0.16090737283229828,,185,0.00016586666666666667,,0.0953125,,-0.5724108833074569,-2.410300076007843e-06,0.011207557,,,,,,,,,,,,,,,,,,,,,
38,199680,7,938,6.449810028076172,164.09,,,0.4035649353265762,,0.2,,0.2260538935661316,,0.18798327445983887,,190,0.00016586666666666667,,0.117265625,,-0.5508206731081009,-0.004553275923244655,0.009142852,,,,,,,,,,,,,,,,,,,,,
44,204800,8,928,6.510537147521973,159.12,,,0.40895963460206985,,0.2,,0.2996283173561096,,0.18103666603565216,,195,0.00016586666666666667,,0.0870703125,,-0.5383245185017586,-0.0037881676387041805,0.0099714305,,,,,,,,,,,,,,,,,,,,,
50,209920,9,920,6.5141377449035645,157.78,,,0.4373592108488083,,0.2,,0.37522536516189575,,0.2570991814136505,,200,0.00016586666666666667,,0.0855859375,,-0.5324898737668992,-0.0037021774286404253,0.00783658,,,,,,,,,,,,,,,,,,,,,
56,215040,10,913,6.557020664215088,155.01,,,0.45311081916093826,,0.2,,0.3156527876853943,,0.16672003269195557,,205,0.00016586666666666667,,0.095078125,,-0.501973098218441,-0.0023775234585627913,0.010922292,,,,,,,,,,,,,,,,,,,,,
,,,,,,,,0.4711363711953163,,0.2,,0.23428267240524292,,0.18064072728157043,,210,0.00016586666666666667,,0.0995703125,,-0.49561725437641146,-0.0026412912970408798,0.008635497,0.96,0,56.105018492109956,2,140.87,1.5645323090824281,102400,7.092986787818372,,,,,,,,,,,,,
,,,,,,,,,,,,,,,,,,,,,,,,0.32,1,106.60909154476461,2,247.04,4.405222050965839,102400,1.5201803624629975,,,,,,,,,,,,,
,,,,,,,,,,,,,,,,,,,,,,,,,,,2,,,102400,,1,0.0,6.75,0.96,0.32,0.96,0,83.2,0,0.6399999999999999,1,0.96,0
,,,,,,,,,,,,,,,,,,,,,,,,0.91,0,68.83484292129967,2,145.38,2.3484241636324636,102400,6.746994537189603,,,,,,,,,,,,,
,,,,,,,,,,,,,,,,,,,,,,,,0.23,1,97.29305165323984,2,266.89,3.9925171846313017,102400,0.7152934631705284,,,,,,,,,,,,,
,,,,,,,,,,,,,,,,,,,,,,,,,,,2,,,102400,,0,0.0,6.75,0.91,0.23,0.91,0,83.2,0,0.68,0,0.91,0
3,220160,1,1668,7.016080856323242,141.79,1,320,,0.007610666666666667,,8,,0.00018173333333333335,,2,,,8,,102400,,,,,,,,,,,,,,,,,,,,,,,,
9,225280,2,1090,6.7834792137146,144.68,,,0.4112811440229416,,0.2,,0.19011718034744263,,0.19388653337955475,,215,0.00018173333333333335,,0.0926171875,,-0.48358003616333006,-0.0013386166165582835,0.0077356035,,,,,,,,,,,,,,,,,,,,,
15,230400,3,998,6.819270610809326,145.62,,,0.37600890785455704,,0.2,,0.36941248178482056,,0.1790102869272232,,220,0.00018173333333333335,,0.092578125,,-0.47871303677558896,-0.002335961116477847,0.007801055,,,,,,,,,,,,,,,,,,,,,
21,235520,4,961,6.79318904876709,143.36,,,0.41028656721115114,,0.2,,0.24401718378067017,,0.2161073088645935,,225,0.00018173333333333335,,0.1083203125,,-0.48303596675395966,-0.003666266789659858,0.009548654,,,,,,,,,,,,,,,,,,,,,
27,240640,5,940,7.029839038848877,134.86,,,0.43786329954862596,,0.2,,0.28430622816085815,,0.1823289692401886,,230,0.00018173333333333335,,0.0862890625,,-0.42990961611270906,-0.0034114310890436175,0.0071099154,,,,,,,,,,,,,,,,,,,,,
33,245760,6,924,7.187656402587891,130.63,,,0.31694463416934016,,0.2,,0.3147401213645935,,0.15709541738033295,,235,0.00018173333333333335,,0.093203125,,-0.40103176146745684,-0.0027461673086509107,0.007792362,,,,,,,,,,,,,,,,,,,,,
39,250880,7,913,7.138465404510498,133.04,,,0.3306811438500881,,0.2,,0.2574252486228943,,0.140594944357872,,240,0.00018173333333333335,,0.0940625,,-0.39412265181541445,-0.0005744226230308413,0.007706538,,,,,,,,,,,,,,,,,,,,,
45,256000,8,904,6.719044208526611,141.9,,,0.3085292986035347,,0.2,,0.28050416707992554,,0.15753881633281708,,245,0.00018173333333333335,,0.075546875,,-0.36349291145801543,-0.0030713164433836936,0.008737156,,,,,,,,,,,,,,,,,,,,,
51,261120,9,897,6.765678882598877,140.43,,,0.3206671546399593,,0.2,,0.3472118377685547,,0.15627211332321167,,250,0.00018173333333333335,,0.0796484375,,-0.3250888115167618,-0.0006684697698801755,0.011297593,,,,,,,,,,,,,,,,,,,,,
57,266240,10,892,6.923825740814209,134.07,,,0.3470494031906128,,0.2,,0.3393130898475647,,0.161322683095932,,255,0.00018173333333333335,,0.0818359375,,-0.3389038357138634,-5.554826930165291e-06,0.0058253957,,,,,,,,,,,,,,,,,,,,,
,,,,,,,,0.29495053172111513,,0.2,,0.2610962390899658,,0.14156405627727509,,260,0.00018173333333333335,,0.095234375,,-0.3289066395163536,-0.00431351361097768,0.013561401,0.92,0,70.76294157254912,2,131.69,2.373838193560405,153600,6.882480020597577,,,,,,,,,,,,,
,,,,,,,,,,,,,,,,,,,,,,,,0.53,1,117.88498632141416,2,195.1,4.53784113543326,153600,3.6384548269212247,,,,,,,,,,,,,
,,,,,,,,,,,,,,,,,,,,,,,,,,,2,,,153600,,0,0.0,6.75,0.92,0.53,0.92,0,83.2,0,0.39,0,0.92,0
2,271360,1,1708,7.048427104949951,129.58,1,320,,0.007416,,8,,0.00017500000000000003,,2,,,8,,153600,,,,,,,,,,,,,,,,,,,,,,,,
9,276480,2,1117,6.907527923583984,130.85,,,0.3010877777636051,,0.2,,0.43202412128448486,,0.15170243382453918,,265,0.00017500000000000003,,0.073984375,,-0.3135013589262962,-0.0033565213391557338,0.010488698,,,,,,,,,,,,,,,,,,,,,
15,281600,3,1016,6.907322883605957,130.72,,,0.36136598885059357,,0.2,,0.37969404458999634,,0.14359065890312195,,270,0.00017500000000000003,,0.0926171875,,-0.3091532915830612,-0.00048037893138825894,0.01494424,,,,,,,,,,,,,,,,,,,,,
21,286720,4,968,6.628513336181641,143.38,,,0.3372471833229065,,0.2,,0.4203951358795166,,0.16808995604515076,,275,0.00017500000000000003,,0.066015625,,-0.323347028195858,-0.0016128116101026535,0.0055896686,,,,,,,,,,,,,,,,,,,,,
27,291840,5,937,6.684820175170898,145.93,,,0.3172757236659527,,0.2,,0.46559739112854004,,0.11936923861503601,,280,0.00017500000000000003,,0.05984375,,-0.2895105776190758,-0.0025322426948696376,0.006183888,,,,,,,,,,,,,,,,,,,,,
33,296960,6,921,6.665355682373047,142.3,,,0.34345521196722983,,0.2,,0.4665091037750244,,0.13584767282009125,,285,0.00017500000000000003,,0.0877734375,,-0.30483377635478975,-0.0026751378597691653,0.012918931,,,,,,,,,,,,,,,,,,,,,
39,302080,7,910,6.8026838302612305,135.16,,,0.38582190334796906,,0.2,,0.36489808559417725,,0.1809132695198059,,290,0.00017500000000000003,,0.0663671875,,-0.29452405124902725,-0.0022319272113963964,0.00734177,,,,,,,,,,,,,,,,,,,,,
45,307200,8,900,6.9762043952941895,127.18,,,0.37132323503494263,,0.2,,0.3872813582420349,,0.14275097846984863,,295,0.00017500000000000003,,0.06390625,,-0.2706849154829979,-8.424543309956789e-05,0.006121118,,,,,,,,,,,,,,,,,,,,,
51,312320,9,897,7.174131393432617,119.37,,,0.3696209892630577,,0.2,,0.3866381049156189,,0.15441758930683136,,300,0.00017500000000000003,,0.0699609375,,-0.2722018763422966,-0.0025965521950274705,0.0082699405,,,,,,,,,,,,,,,,,,,,,
57,317440,10,894,7.129701137542725,124.31,,,0.3786882746219635,,0.2,,0.25684744119644165,,0.1924627125263214,,305,0.00017500000000000003,,0.0648828125,,-0.2861093884706497,-0.0013704249728471042,0.0063980715,,,,,,,,,,,,,,,,,,,,,
,,,,,,,,0.32406531676650047,,0.2,,0.44268518686294556,,0.14664337038993835,,310,0.00017500000000000003,,0.0650390625,,-0.30161920249462126,0.0011281361104920507,0.0064824447,0.95,0,58.16691499469437,2,118.9,1.917841887307203,204800,7.19694084495306,,,,,,,,,,,,,
,,,,,,,,,,,,,,,,,,,,,,,,0.55,1,117.74734434372607,2,190.23,4.511638514225173,204800,3.8297191692888735,,,,,,,,,,,,,
,,,,,,,,,,,,,,,,,,,,,,,,,,,2,,,204800,,0,0.0,6.75,0.95,0.55,0.95,0,83.2,0,0.3999999999999999,0,0.95,0
2,322560,1,1762,6.880071640014648,130.03,1,320,,0.007221333333333334,,8,,0.0002,,2,,,8,,204800,,,,,,,,,,,,,,,,,,,,,,,,
9,327680,2,1129,6.631749153137207,137.02,,,0.35305891498923303,,0.2,,0.45762842893600464,,0.15779177844524384,,315,0.0002,,0.0719921875,,-0.3073125943541527,-0.00043242633808404207,0.008643326,,,,,,,,,,,,,,,,,,,,,
14,332800,3,1027,6.879802227020264,125.05,,,0.413929637670517,,0.2,,0.3712352514266968,,0.19223545491695404,,320,0.0002,,0.0708203125,,-0.2717193788290024,-6.613754667341709e-06,0.007203185,,,,,,,,,,,,,,,,,,,,,
20,337920,4,985,7.278730392456055,115.26,,,0.3571607407927513,,0.2,,0.4115983247756958,,0.16764143109321594,,325,0.0002,,0.07140625,,-0.2620418497920036,-0.0035315518407151103,0.01144282,,,,,,,,,,,,,,,,,,,,,
26,343040,5,956,7.0649943351745605,124.82,,,0.28754825979471205,,0.2,,0.23295319080352783,,0.08851968497037888,,330,0.0002,,0.0837890625,,-0.2459696987271309,-0.0004792479798197746,0.01112435,,,,,,,,,,,,,,,,,,,,,
32,348160,6,941,7.111818313598633,122.36,,,0.29176943719387055,,0.2,,0.428752601146698,,0.14643487334251404,,335,0.0002,,0.071171875,,-0.25918070718646047,-0.0017766170483082533,0.008236633,,,,,,,,,,,,,,,,,,,,,
38,353280,7,930,6.813276290893555,130.14,,,0.3160779467225075,,0.2,,0.28829723596572876,,0.13847962021827698,,340,0.0002,,0.0698046875,,-0.24216482251882554,-0.00030413856264203785,0.007763346,,,,,,,,,,,,,,,,,,,,,
44,358400,8,916,6.992490291595459,129.9,,,0.2912984193861485,,0.2,,0.3682578206062317,,0.11458203941583633,,345,0.0002,,0.0613671875,,-0.2555011323094368,-0.0013875764096155762,0.0072232834,,,,,,,,,,,,,,,,,,,,,
51,363520,9,903,6.657865047454834,142.38,,,0.3238430765271187,,0.2,,0.3673819303512573,,0.13427798449993134,,350,0.0002,,0.0695703125,,-0.2801454934477806,-0.0008827509544789791,0.009854974,,,,,,,,,,,,,,,,,,,,,
57,368640,10,894,6.812993049621582,137.97,,,0.33584569454193114,,0.2,,0.44405537843704224,,0.14217513799667358,,355,0.0002,,0.0635546875,,-0.27167240276932714,-0.0003195253713056445,0.006466425,,,,,,,,,,,,,,,,,,,,,
,,,,,,,,0.4020992112159729,,0.2,,0.421170711517334,,0.19698761403560638,,360,0.0002,,0.055625,,-0.252922286093235,-0.0004763394268229604,0.0063864426,0.96,0,59.43669825957698,2,113.33,1.7710982210272228,256000,7.280064589977265,,,,,,,,,,,,,
,,,,,,,,,,,,,,,,,,,,,,,,0.52,1,120.57870914883772,2,194.93,4.581227527316017,256000,3.5128595352172853,,,,,,,,,,,,,
,,,,,,,,,,,,,,,,,,,,,,,,,,,2,,,256000,,1,0.0,6.75,0.96,0.52,0.96,0,83.2,0,0.43999999999999995,1,0.96,0
,,,,,,,,,,,,,,,,,,,,,,,,0.97,0,53.70723880446656,2,115.35,1.4724568576802242,256000,7.345352577231824,,,,,,,,,,,,,
,,,,,,,,,,,,,,,,,,,,,,,,0.56,1,119.47137355868979,2,185.53,4.590902187650319,256000,3.8525963052362204,,,,,,,,,,,,,
,,,,,,,,,,,,,,,,,,,,,,,,,,,2,,,256000,,1,0.0,6.75,0.97,0.56,0.97,0,83.2,0,0.4099999999999999,1,0.97,0
,,,,,,,,,,,,,,,,,,,,,,,,0.98,0,47.54050483535067,2,112.98,1.1833344753885824,256000,7.4517532338202,,,,,,,,,,,,,
,,,,,,,,,,,,,,,,,,,,,,,,0.48,1,120.51078416473773,2,204.47,4.68461927778851,256000,3.070683280080557,,,,,,,,,,,,,
,,,,,,,,,,,,,,,,,,,,,,,,,,,2,,,256000,,1,0.0,6.75,0.98,0.48,0.98,0,83.2,0,0.5,1,0.98,0
4,373760,1,1260,6.6318254470825195,153.86,,,,,,,,,,,,,,,,,,,,,,,,,,,,,,,,,,,,,,,
3,378880,1,1693,6.456914901733398,186.59,0,440,1.1651550507545472,0.015,0.2,11,0.3760794997215271,0.0002,0.49444901943206787,3,365,0.0002,15,0.065546875,0,-0.2381667061150074,-0.0008676744857802987,0.009527775,,,,,,,,,,,,,,,,,,,,,
9,384000,2,1081,6.340375900268555,205.47,,,0.7173360726237297,,0.2,,0.3749796748161316,,0.29276978969573975,,370,0.0002,,0.0774609375,,-0.2688640643656254,-0.00011651053559035063,0.011605718,,,,,,,,,,,,,,,,,,,,,
15,389120,3,963,6.234676361083984,225.45,,,0.5117171835899353,,0.2,,0.07708334922790527,,0.2147456407546997,,375,0.0002,,0.0878515625,,-0.28726197093725203,-0.0011234944500029087,0.015696816,,,,,,,,,,,,,,,,,,,,,
22,394240,4,918,6.015407085418701,253.56,,,0.5076701164245605,,0.2,,0.13721704483032227,,0.16302646696567535,,380,0.0002,,0.0776171875,,-0.2805838096141815,0.000915928715839982,0.006695857,,,,,,,,,,,,,,,,,,,,,
28,399360,5,894,5.646815299987793,279.95,,,0.4793321618437767,,0.2,,0.09531062841415405,,0.2266424596309662,,385,0.0002,,0.0684765625,,-0.2794571688771248,0.0008594753942452371,0.009638891,,,,,,,,,,,,,,,,,,,,,
33,404480,6,912,5.920792102813721,274.07,,,0.4717942216631138,,0.2,,0.1224486231803894,,0.2153138816356659,,389,0.0002,,0.08652935606060606,,-0.2911797084591605,0.0032253070931994553,0.017189497,,,,,,,,,,,,,,,,,,,,,
40,409600,7,894,5.808874607086182,277.43,,,0.6882054975628853,,0.2,,0.13433247804641724,,0.4174633324146271,,394,0.0002,,0.06671875,,-0.3105543798208237,-0.0007961371028795838,0.006580959,,,,,,,,,,,,,,,,,,,,,
48,414720,8,836,5.665728569030762,289.68,,,0.478233308494091,,0.2,,0.12143212556838989,,0.15951783955097198,,399,0.0002,,0.086328125,,-0.3065301215648651,-0.00045751289464533327,0.011833007,,,,,,,,,,,,,,,,,,,,,
57,419840,9,800,5.737856388092041,289.7,,,0.5318134096264839,,0.2,,0.2948705554008484,,0.20421473681926727,,404,0.0002,,0.072109375,,-0.28420588076114656,-0.0012658115802332759,0.009509677,,,,,,,,,,,,,,,,,,,,,
64,424960,10,793,6.145383834838867,278.29,,,0.5374869480729103,,0.2,,0.31061965227127075,,0.2160951942205429,,409,0.0002,,0.075234375,,-0.2933986437320709,-0.0017445174977183341,0.0085887,,,,,,,,,,,,,,,,,,,,,
3,430080,1,1586,6.039066791534424,277.91,0,440,0.6599516928195953,0.014445333333333333,0.2,11,0.23938411474227905,0.00018293333333333335,0.27980995178222656,3,414,0.0002,15,0.08484375,51200,-0.3017739763855934,-0.0016583416191861032,0.010033263,,,,,,,,,,,,,,,,,,,,,
10,435200,2,980,5.886174201965332,284.24,,,0.42176404416561125,,0.2,,0.23047751188278198,,0.18408064544200897,,419,0.00018293333333333335,,0.0664453125,,-0.3116417548060417,-0.0011093433620408177,0.00709868,,,,,,,,,,,,,,,,,,,,,
17,440320,3,871,6.087408542633057,277.25,,,0.45284035325050354,,0.2,,0.25935131311416626,,0.195378378033638,,424,0.00018293333333333335,,0.076640625,,-0.3028835093975067,-0.001558595751412213,0.010002884,,,,,,,,,,,,,,,,,,,,,
24,445440,4,833,6.204401016235352,274.87,,,0.5607073003053665,,0.2,,0.26395583152770996,,0.29655730724334717,,429,0.00018293333333333335,,0.0684375,,-0.3068420571088791,0.0008235296141356229,0.0064428933,,,,,,,,,,,,,,,,,,,,,
31,450560,5,811,6.062526226043701,278.65,,,0.5541646385192871,,0.2,,0.32548707723617554,,0.32353487610816956,,434,0.00018293333333333335,,0.0740625,,-0.3101775699853897,-0.0006495605316013098,0.008557872,,,,,,,,,,,,,,,,,,,,,
38,455680,6,795,5.587193012237549,299.63,,,0.538529385626316,,0.2,,0.24286681413650513,,0.3950176537036896,,439,0.00018293333333333335,,0.0641796875,,-0.2855732415616512,-0.0024157850770279766,0.009023286,,,,,,,,,,,,,,,,,,,,,
45,460800,7,783,5.715373516082764,295.89,,,0.46641618967056275,,0.2,,0.20111989974975586,,0.31654587388038635,,444,0.00018293333333333335,,0.0522265625,,-0.27585386648774146,-0.0013850631564855575,0.005553018,,,,,,,,,,,,,,,,,,,,,
52,465920,8,773,5.728305816650391,293.93,,,0.5492670181393623,,0.2,,0.18737024068832397,,0.27280107140541077,,449,0.00018293333333333335,,0.0707421875,,-0.2817564107477665,-0.002211867426522076,0.0095109865,,,,,,,,,,,,,,,,,,,,,
60,471040,9,765,5.812295913696289,290.88,,,0.5518881344795227,,0.2,,0.18795692920684814,,0.3536849617958069,,454,0.00018293333333333335,,0.070703125,,-0.28551955297589304,0.00022309720516204833,0.0099626025,,,,,,,,,,,,,,,,,,,,,
67,476160,10,760,5.888194561004639,287.23,,,0.5991722592711448,,0.2,,0.24570131301879883,,0.3144253194332123,,459,0.00018293333333333335,,0.0635546875,,-0.28449712216854095,-0.001290617948397994,0.0056529306,,,,,,,,,,,,,,,,,,,,,
3,481280,1,1564,6.124764442443848,277.51,0,440,0.6473594304919242,0.013890666666666666,0.2,11,0.2043418288230896,0.00016586666666666667,0.348047137260437,3,464,0.00018293333333333335,15,0.052109375,102400,-0.29665597349405287,-0.0013125357776880265,0.00644303,,,,,,,,,,,,,,,,,,,,,
10,486400,2,966,6.481486797332764,264.23,,,0.6007347148656845,,0.2,,0.2882922887802124,,0.4048747718334198,,469,0.00016586666666666667,,0.0574609375,,-0.28355794757604597,-0.0025466354517266155,0.0054934015,,,,,,,,,,,,,,,,,,,,,
17,491520,3,874,6.477188587188721,265.26,,,0.5526291832327843,,0.2,,0.377315878868103,,0.22737954556941986,,474,0.00016586666666666667,,0.056953125,,-0.30950399100780485,-0.002627717130817473,0.0066273296,,,,,,,,,,,,,,,,,,,,,
24,496640,4,830,6.406219482421875,267.26,,,0.4386474704742432,,0.2,,0.37853068113327026,,0.22984272241592407,,479,0.00016586666666666667,,0.06125,,-0.3004507166147232,-0.0004818147886544466,0.00636518,,,,,,,,,,,,,,,,,,,,,
31,501760,5,800,6.109708786010742,281.39,,,0.5129848271608353,,0.2,,0.32897400856018066,,0.23656441271305084,,484,0.00016586666666666667,,0.07609375,,-0.32546435207128527,-0.001166295362636447,0.008239372,,,,,,,,,,,,,,,,,,,,,
39,506880,6,784,6.1565680503845215,281.36,,,0.33812552034854887,,0.2,,0.3667694926261902,,0.14799325168132782,,489,0.00016586666666666667,,0.0887109375,,-0.33112908482551573,-0.000972921522334218,0.01534867,,,,,,,,,,,,,,,,,,,,,
46,512000,7,774,5.862681865692139,291.01,,,0.5704413664340973,,0.2,,0.2630728483200073,,0.29466772079467773,,494,0.00016586666666666667,,0.0683203125,,-0.3471571561694145,-0.0009393783379346133,0.00773668,,,,,,,,,,,,,,,,,,,,,
53,517120,8,768,5.776843070983887,295.39,,,0.47720344603061676,,0.2,,0.3217770457267761,,0.17480115592479706,,499,0.00016586666666666667,,0.0725,,-0.35183830440044406,-0.0018497530044987798,0.007892234,,,,,,,,,,,,,,,,,,,,,
60,522240,9,765,5.839977264404297,291.94,,,0.48347490429878237,,0.2,,0.27754008769989014,,0.20480364561080933,,504,0.00016586666666666667,,0.066171875,,-0.3209601140022278,-0.0005069523490965366,0.00828891,,,,,,,,,,,,,,,,,,,,,
67,527360,10,762,5.662747383117676,297.2,,,0.5295681628584862,,0.2,,0.43673574924468994,,0.19037498533725739,,509,0.00016586666666666667,,0.0776171875,,-0.34282415360212326,-0.0006407560920342803,0.011142148,,,,,,,,,,,,,,,,,,,,,
3,532480,1,1618,6.030495643615723,283.29,0,440,0.5213274011015891,0.013335999999999999,0.2,11,0.21102988719940186,0.0001488,0.2710444927215576,3,514,0.00016586666666666667,15,0.07265625,153600,-0.35145887583494184,-0.0004729037219658494,0.007467168,,,,,,,,,,,,,,,,,,,,,
10,537600,2,988,5.816326141357422,291.98,,,0.5217307141423225,,0.2,,0.2629905939102173,,0.2505406141281128,,519,0.0001488,,0.059140625,,-0.34621863275766374,-0.0016184092126786708,0.006572312,,,,,,,,,,,,,,,,,,,,,
17,542720,3,877,5.754655361175537,292.64,,,0.4619347569346428,,0.2,,0.27079904079437256,,0.2135317474603653,,524,0.0001488,,0.0665234375,,-0.35455113351345063,-0.0013662174297496676,0.009515618,,,,,,,,,,,,,,,,,,,,,
24,547840,4,827,5.857652187347412,293.74,,,0.46895529061555863,,0.2,,0.32120901346206665,,0.21416853368282318,,529,0.0001488,,0.0752734375,,-0.37610299319028856,-0.004595670597627759,0.009601487,,,,,,,,,,,,,,,,,,,,,
32,552960,5,798,5.891467094421387,295.15,,,0.5295645695924759,,0.2,,0.16970878839492798,,0.3504409193992615,,534,0.0001488,,0.070078125,,-0.35448299765586855,-0.003118594386614859,0.009180158,,,,,,,,,,,,,,,,,,,,,
39,558080,6,782,6.18324089050293,284.99,,,0.5078169322013855,,0.2,,0.18550527095794678,,0.3277069330215454,,539,0.0001488,,0.0594921875,,-0.37104704141616823,-0.0003726371703669429,0.0065569123,,,,,,,,,,,,,,,,,,,,,
46,563200,7,774,6.226595401763916,285.36,,,0.595194481909275,,0.2,,0.30768275260925293,,0.274116575717926,,544,0.0001488,,0.062265625,,-0.3758161598443985,-0.003213802957907319,0.006664864,,,,,,,,,,,,,,,,,,,,,
53,568320,8,765,5.9723801612854,290.46,,,0.4882549250125885,,0.2,,0.3543814420700073,,0.16978175938129425,,549,0.0001488,,0.0557421875,,-0.36381556510925295,-0.0020506115490570662,0.0046648076,,,,,,,,,,,,,,,,,,,,,
60,573440,9,760,5.981647491455078,294.15,,,0.3895497940480709,,0.2,,0.21013891696929932,,0.12384502589702606,,554,0.0001488,,0.068984375,,-0.36944345742464063,-0.001733573186211288,0.008213516,,,,,,,,,,,,,,,,,,,,,
67,578560,10,756,5.996420860290527,293.23,,,0.49188932210206987,,0.2,,0.26142340898513794,,0.22332267463207245,,559,0.0001488,,0.0883984375,,-0.37510612219572065,-0.002616379545070231,0.010134088,,,,,,,,,,,,,,,,,,,,,
,,,,,,,,0.5186672866344452,,0.2,,0.2693362832069397,,0.2513713836669922,,564,0.0001488,,0.0644921875,,-0.35703329533338546,-0.001862857388332486,0.0058160257,0.84,0,92.51608022392648,3,282.57,2.4978447435078137,204800,6.18164462864399,,,,,,,,,,,,,
,,,,,,,,,,,,,,,,,,,,,,,,0.22,1,109.64777061117113,3,382.08,3.4665098815270863,204800,1.3689940915629268,,,,,,,,,,,,,
,,,,,,,,,,,,,,,,,,,,,,,,,,,3,,,204800,,0,0.0,6.75,0.84,0.22,0.84,0,157.3,0,0.62,0,0.84,0
4,583680,1,1129,5.770374298095703,296.75,1,440,,0.014781333333333332,,11,,0.00015673333333333337,,3,,,15,,204800,,,,,,,,,,,,,,,,,,,,,,,,
11,588800,2,865,5.861544132232666,298.49,,,0.4787047353386879,,0.2,,0.24028289318084717,,0.18472957611083984,,569,0.00015673333333333337,,0.07015625,,-0.3672790172696114,-0.00040342520456761123,0.00624102,,,,,,,,,,,,,,,,,,,,,
18,593920,3,819,5.803040981292725,299.24,,,0.5889802321791648,,0.2,,0.17337185144424438,,0.4624292850494385,,574,0.00015673333333333337,,0.0665625,,-0.35368311434984206,-0.0014054765133187175,0.006115101,,,,,,,,,,,,,,,,,,,,,
25,599040,4,795,5.93143367767334,293.0,,,0.5802917721867561,,0.2,,0.2521122097969055,,0.23263294994831085,,579,0.00015673333333333337,,0.0683984375,,-0.3681593769788742,-0.0007204859331250191,0.0070979022,,,,,,,,,,,,,,,,,,,,,
32,604160,5,784,6.011005401611328,288.57,,,0.521917489618063,,0.2,,0.2514939308166504,,0.32172444462776184,,584,0.00015673333333333337,,0.0809765625,,-0.3599919858574867,-6.675232434645295e-05,0.008431537,,,,,,,,,,,,,,,,,,,,,
39,609280,6,778,6.160373687744141,280.96,,,0.6803003576397896,,0.2,,0.19822126626968384,,0.24288076162338257,,589,0.00015673333333333337,,0.0733203125,,-0.341682071685791,1.533467322587967e-05,0.006829211,,,,,,,,,,,,,,,,,,,,,
46,614400,7,772,6.044642925262451,287.62,,,0.4825055542588234,,0.2,,0.30229485034942627,,0.2776164710521698,,594,0.00015673333333333337,,0.07703125,,-0.33956918120384216,-0.0009626177977770567,0.006078621,,,,,,,,,,,,,,,,,,,,,
53,619520,8,766,5.713830471038818,295.99,,,0.4730186897516251,,0.2,,0.2601962089538574,,0.18699179589748383,,599,0.00015673333333333337,,0.08671875,,-0.3489618515968323,-0.002552617867477238,0.008109496,,,,,,,,,,,,,,,,,,,,,
60,624640,9,761,5.506103038787842,301.77,,,0.40241624414920807,,0.2,,0.24180251359939575,,0.23525194823741913,,604,0.00015673333333333337,,0.072265625,,-0.318901047706604,-0.000463575329631567,0.006008348,,,,,,,,,,,,,,,,,,,,,
67,629760,10,756,5.555836200714111,303.36,,,0.4471154810488224,,0.2,,0.17062294483184814,,0.18219737708568573,,609,0.00015673333333333337,,0.073515625,,-0.3368044385313988,0.0010552532272413372,0.008158314,,,,,,,,,,,,,,,,,,,,,
,,,,,,,,0.5430144086480141,,0.2,,0.1684141755104065,,0.2882479131221771,,614,0.00015673333333333337,,0.078515625,,-0.32267564833164214,0.00043567187385633587,0.007961134,0.8,0,93.69336956263233,3,287.95,2.801890931515806,256000,5.903893406093121,,,,,,,,,,,,,
,,,,,,,,,,,,,,,,,,,,,,,,0.12,1,86.31086779774607,3,408.21,2.78995756045261,256000,0.48755372198298574,,,,,,,,,,,,,
,,,,,,,,,,,,,,,,,,,,,,,,,,,3,,,256000,,0,0.0,6.75,0.8,0.12,0.8,0,157.3,0,0.68,0,0.8,0
4,634880,1,1113,5.3679280281066895,307.22,1,440,,0.015,,11,,0.00016466666666666667,,3,,,15,,256000,,,,,,,,,,,,,,,,,,,,,,,,
11,640000,2,872,5.316427230834961,314.69,,,0.6609374848008156,,0.2,,0.22279787063598633,,0.28329211473464966,,619,0.00016466666666666667,,0.08234375,,-0.3438690117001533,-0.0012389420997351408,0.008671017,,,,,,,,,,,,,,,,,,,,,
18,645120,3,821,5.553192138671875,305.89,,,0.6499266469478607,,0.2,,0.12453824281692505,,0.18628764152526855,,624,0.00016466666666666667,,0.07140625,,-0.34260533541440963,-0.0018500735377892851,0.011965536,,,,,,,,,,,,,,,,,,,,,
25,650240,4,798,5.853984832763672,293.45,,,0.6895065411925316,,0.2,,0.18593621253967285,,0.44954684376716614,,629,0.00016466666666666667,,0.0734765625,,-0.34442524790763857,-0.001860584430396557,0.008552967,,,,,,,,,,,,,,,,,,,,,
32,655360,5,785,5.942412853240967,292.81,,,0.6463796812295913,,0.2,,0.2524346709251404,,0.3204118609428406,,634,0.00016466666666666667,,0.0665234375,,-0.33890188336372373,-0.002613788526505232,0.008100515,,,,,,,,,,,,,,,,,,,,,
39,660480,6,776,5.9361748695373535,292.04,,,0.5531681272387504,,0.2,,0.2016388177871704,,0.23995251953601837,,639,0.00016466666666666667,,0.0621484375,,-0.3331232383847237,-0.0007615121779963374,0.005403216,,,,,,,,,,,,,,,,,,,,,
46,665600,7,772,6.179142475128174,279.24,,,0.6067281430959701,,0.2,,0.19697201251983643,,0.28008267283439636,,644,0.00016466666666666667,,0.0646875,,-0.3386960011720657,-0.0008432346861809492,0.0075315707,,,,,,,,,,,,,,,,,,,,,
53,670720,8,768,5.82093620300293,285.17,,,0.660573228597641,,0.2,,0.22597968578338623,,0.3110949695110321,,649,0.00016466666666666667,,0.067265625,,-0.35539072811603545,0.00198050195351243,0.009310809,,,,,,,,,,,,,,,,,,,,,
60,675840,9,766,5.9532952308654785,281.7,,,0.4524487119913101,,0.2,,0.18243449926376343,,0.16743040084838867,,654,0.00016466666666666667,,0.0817578125,,-0.3574161085486412,-0.0011170597933232785,0.010609417,,,,,,,,,,,,,,,,,,,,,
67,680960,10,763,5.863771438598633,289.15,,,0.7262455487251281,,0.2,,0.1397431492805481,,0.3364940285682678,,659,0.00016466666666666667,,0.0875390625,,-0.371556424498558,-0.0005749289644882083,0.012779695,,,,,,,,,,,,,,,,,,,,,
,,,,,,,,0.5158272048830986,,0.2,,0.21647536754608154,,0.09702577441930771,,664,0.00016466666666666667,,0.07375,,-0.3532245939970016,-0.0012525023380294442,0.0075545185,0.74,0,101.69245596404878,3,304.62,2.9805659586217983,307200,5.496181785389781,,,,,,,,,,,,,
,,,,,,,,,,,,,,,,,,,,,,,,0.17,1,99.75402297651961,3,395.07,3.2823622296687027,307200,0.7826380009204149,,,,,,,,,,,,,
,,,,,,,,,,,,,,,,,,,,,,,,,,,3,,,307200,,0,0.0,6.75,0.74,0.17,0.74,0,157.3,0,0.57,0,0.74,0
4,686080,1,1106,5.854272842407227,290.85,1,440,,0.015,,11,,0.00017500000000000003,,3,,,15,,307200,,,,,,,,,,,,,,,,,,,,,,,,
11,691200,2,878,5.917962551116943,289.45,,,0.5412275448441506,,0.2,,0.2706286311149597,,0.20592281222343445,,669,0.00017500000000000003,,0.0773046875,,-0.3567738917469978,-0.0015082963136956095,0.008337928,,,,,,,,,,,,,,,,,,,,,
18,696320,3,827,5.818115711212158,294.42,,,0.6377442339062691,,0.2,,0.2368791103363037,,0.1958819478750229,,674,0.00017500000000000003,,0.061796875,,-0.3592651903629303,-0.0010248717525973916,0.0070628054,,,,,,,,,,,,,,,,,,,,,
25,701440,4,796,6.017722129821777,286.28,,,0.5092242494225502,,0.2,,0.2443442940711975,,0.1907941997051239,,679,0.00017500000000000003,,0.07109375,,-0.35939539432525636,0.00030402450589463116,0.008789608,,,,,,,,,,,,,,,,,,,,,
32,706560,5,784,5.855318546295166,295.02,,,0.5765908813476562,,0.2,,0.30224961042404175,,0.31621497869491577,,684,0.00017500000000000003,,0.075546875,,-0.4065223422646522,0.0007957006199285388,0.010106494,,,,,,,,,,,,,,,,,,,,,
39,711680,6,777,5.9165496826171875,292.79,,,0.4884066727757454,,0.2,,0.2790740132331848,,0.2608731985092163,,689,0.00017500000000000003,,0.0986328125,,-0.40762185484170915,-5.298583302646876e-05,0.01109189,,,,,,,,,,,,,,,,,,,,,
46,716800,7,772,5.930205821990967,290.53,,,0.46022152781486514,,0.2,,0.27739953994750977,,0.15853649377822876,,694,0.00017500000000000003,,0.085546875,,-0.41132334619760513,5.9811961837112907e-05,0.006578619,,,,,,,,,,,,,,,,,,,,,
53,721920,8,768,5.866061210632324,292.96,,,0.5916199097037316,,0.2,,0.2605189085006714,,0.2684534788131714,,699,0.00017500000000000003,,0.0725390625,,-0.417106117606163,-0.0023277968401089312,0.006461815,,,,,,,,,,,,,,,,,,,,,
60,727040,9,763,5.937995433807373,290.76,,,0.5567111346125603,,0.2,,0.35957592725753784,,0.28223225474357605,,704,0.00017500000000000003,,0.0537890625,,-0.40223649233579634,-0.00011680752504616976,0.0047626016,,,,,,,,,,,,,,,,,,,,,
67,732160,10,759,5.743081092834473,296.9,,,0.4859291505813599,,0.2,,0.315160870552063,,0.26760318875312805,,709,0.00017500000000000003,,0.069921875,,-0.40815550327301026,2.915718127042055e-05,0.010649868,,,,,,,,,,,,,,,,,,,,,
,,,,,,,,0.5199045586585999,,0.2,,0.2951751947402954,,0.22600112855434418,,714,0.00017500000000000003,,0.0809375,,-0.41079187363386155,0.00023476738017052411,0.008631778,0.83,0,90.54927056580854,3,289.36,2.510067896429016,358400,6.1344677901268,,,,,,,,,,,,,
,,,,,,,,,,,,,,,,,,,,,,,,0.12,1,81.89339106423668,3,410.05,2.790563197477148,358400,0.47325548094231634,,,,,,,,,,,,,
,,,,,,,,,,,,,,,,,,,,,,,,,,,3,,,358400,,0,0.0,6.75,0.83,0.12,0.83,0,157.3,0,0.71,0,0.83,0
4,737280,1,1153,5.717715263366699,297.96,1,440,,0.015,,11,,0.0002,,3,,,15,,358400,,,,,,,,,,,,,,,,,,,,,,,,
11,742400,2,884,5.577773571014404,302.7,,,0.48301166892051695,,0.2,,0.2898786664009094,,0.22164270281791687,,719,0.0002,,0.09796875,,-0.41407817989587786,-0.00198301506228745,0.007816855,,,,,,,,,,,,,,,,,,,,,
18,747520,3,827,5.312763690948486,311.95,,,0.5196063742041588,,0.2,,0.2133069634437561,,0.19447506964206696,,724,0.0002,,0.0665234375,,-0.3817398104071617,-0.0015643286192789673,0.007991375,,,,,,,,,,,,,,,,,,,,,
25,752640,4,805,5.306676864624023,313.01,,,0.569047080874443,,0.2,,0.2130126953125,,0.26340365409851074,,729,0.0002,,0.0927734375,,-0.40163151651620865,-0.00015825486741960048,0.0084782895,,,,,,,,,,,,,,,,,,,,,
32,757760,5,793,5.411560535430908,314.18,,,0.6146501952409744,,0.2,,0.2251352071762085,,0.3339731991291046,,734,0.0002,,0.0773046875,,-0.4049394091963768,7.09159905090928e-05,0.0108157145,,,,,,,,,,,,,,,,,,,,,
39,762880,6,785,5.348994255065918,316.32,,,0.6476921355724334,,0.2,,0.1060299277305603,,0.32116058468818665,,739,0.0002,,0.09609375,,-0.40949016213417055,-0.002346286345273256,0.007477875,,,,,,,,,,,,,,,,,,,,,
45,768000,7,779,5.450160503387451,305.3,,,0.5122661647200585,,0.2,,0.27396470308303833,,0.24083177745342255,,744,0.0002,,0.0653125,,-0.4004359048604965,-0.0007593158911913633,0.005903838,,,,,,,,,,,,,,,,,,,,,
52,773120,8,775,5.769699573516846,297.21,,,0.629422455728054,,0.2,,0.2671772241592407,,0.21654096245765686,,749,0.0002,,0.0781640625,,-0.4009759798645973,-0.0006324640242382884,0.006655143,,,,,,,,,,,,,,,,,,,,,
59,778240,9,771,5.767746448516846,298.11,,,0.6284320786595344,,0.2,,0.19131702184677124,,0.4376929700374603,,754,0.0002,,0.07,,-0.422045561671257,-0.0013400837779045105,0.005635635,,,,,,,,,,,,,,,,,,,,,
66,783360,10,767,5.748694896697998,299.78,,,0.47374589294195174,,0.2,,0.23940294981002808,,0.23217222094535828,,759,0.0002,,0.0930078125,,-0.39591921597719193,-0.0009876081487163902,0.009437377,,,,,,,,,,,,,,,,,,,,,
,,,,,,,,0.5464432142674923,,0.2,,0.2729535698890686,,0.20877109467983246,,764,0.0002,,0.09546875,,-0.41086731910705565,-0.0022203912632539867,0.012569532,0.75,0,92.51837439125269,3,311.48,2.8416612244673085,409600,5.557929039448499,,,,,,,,,,,,,
,,,,,,,,,,,,,,,,,,,,,,,,0.15,1,92.55312852626864,3,401.28,3.112789607252386,409600,0.6298684563534335,,,,,,,,,,,,,
,,,,,,,,,,,,,,,,,,,,,,,,,,,3,,,409600,,0,0.0,6.75,0.75,0.15,0.75,0,157.3,0,0.6,0,0.75,0
4,788480,1,1154,5.603452682495117,298.24,1,440,,0.015,,11,,0.0002,,3,,,15,,409600,,,,,,,,,,,,,,,,,,,,,,,,
11,793600,2,869,5.707425594329834,299.48,,,0.5629644066095352,,0.2,,0.2286122441291809,,0.2388385832309723,,769,0.0002,,0.1054296875,,-0.4304841083288193,0.001318810973316431,0.011671636,,,,,,,,,,,,,,,,,,,,,
18,798720,3,812,5.505640029907227,307.15,,,0.6096288868784905,,0.2,,0.2427939772605896,,0.3458685576915741,,774,0.0002,,0.085390625,,-0.4310539984703064,-0.001860539079643786,0.0070295855,,,,,,,,,,,,,,,,,,,,,
25,803840,4,788,5.400465488433838,312.44,,,0.367645131200552,,0.2,,0.21467918157577515,,0.14554332196712494,,779,0.0002,,0.0966015625,,-0.4350654083490372,-1.0573770850896835e-07,0.010205988,,,,,,,,,,,,,,,,,,,,,
32,808960,5,779,5.408215522766113,311.61,,,0.4704727487266064,,0.2,,0.1806754469871521,,0.20978780090808868,,784,0.0002,,0.091796875,,-0.40371272057294844,-0.0012106344383209944,0.010622295,,,,,,,,,,,,,,,,,,,,,
39,814080,6,772,5.451365947723389,310.72,,,0.6264512643218041,,0.2,,0.16846048831939697,,0.29076093435287476,,789,0.0002,,0.0704296875,,-0.4271167540550232,-0.002777045429684222,0.0070824707,,,,,,,,,,,,,,,,,,,,,
46,819200,7,764,5.487311363220215,311.86,,,0.6240312260389328,,0.2,,0.26215773820877075,,0.30074337124824524,,794,0.0002,,0.054453125,,-0.43844726383686067,0.00029823145363479855,0.005112976,,,,,,,,,,,,,,,,,,,,,
53,824320,8,759,5.393123626708984,316.62,,,0.5659708762168885,,0.2,,0.23601198196411133,,0.27848002314567566,,799,0.0002,,0.0790234375,,-0.41360446959733965,-0.0020958056254312394,0.008358142,,,,,,,,,,,,,,,,,,,,,
61,829440,9,752,5.4619975090026855,317.45,,,0.4569797450304031,,0.2,,0.1870773434638977,,0.1331126093864441,,804,0.0002,,0.0910546875,,-0.4101560628414154,-0.001585783287882805,0.008971257,,,,,,,,,,,,,,,,,,,,,
68,834560,10,749,5.596673488616943,312.41,,,0.5364315176010132,,0.2,,0.19105380773544312,,0.3114078640937805,,809,0.0002,,0.0966796875,,-0.39930386751890184,-0.002310967976227403,0.013393551,,,,,,,,,,,,,,,,,,,,,
,,,,,,,,0.5708807668089867,,0.2,,0.1080317497253418,,0.3847412168979645,,814,0.0002,,0.0792578125,,-0.4114332753419876,-0.0011922557419165969,0.0063356115,0.82,0,89.63961177961448,3,294.6,2.597574743944964,460800,6.051628331840038,,,,,,,,,,,,,
,,,,,,,,,,,,,,,,,,,,,,,,0.14,1,91.11154207892653,3,403.37,2.9183232443904177,460800,0.7913084516301752,,,,,,,,,,,,,
,,,,,,,,,,,,,,,,,,,,,,,,,,,3,,,460800,,0,0.0,6.75,0.82,0.14,0.82,0,157.3,0,0.6799999999999999,0,0.82,0
4,839680,1,1129,5.630728244781494,313.53,1,440,,0.015,,11,,0.0002,,3,,,15,,460800,,,,,,,,,,,,,,,,,,,,,,,,
11,844800,2,887,5.846392631530762,308.56,,,0.5418090805411339,,0.2,,0.30529528856277466,,0.3148628771305084,,819,0.0002,,0.064921875,,-0.40249943047761916,-0.0018869916815310716,0.0047864225,,,,,,,,,,,,,,,,,,,,,
18,849920,3,836,5.846721649169922,306.19,,,0.5287484228610992,,0.2,,0.33980822563171387,,0.33434247970581055,,824,0.0002,,0.08,,-0.394165663421154,0.0002751346817240119,0.008136161,,,,,,,,,,,,,,,,,,,,,
25,855040,4,816,6.21437931060791,293.62,,,0.6041933780908585,,0.2,,0.3998180031776428,,0.23619453608989716,,829,0.0002,,0.071484375,,-0.4065193709731102,-0.002761942557990551,0.006380984,,,,,,,,,,,,,,,,,,,,,
31,860160,5,803,6.356004238128662,286.44,,,0.5814383730292321,,0.2,,0.44137340784072876,,0.2645164132118225,,834,0.0002,,0.0573046875,,-0.3926958414912224,-0.0023455758159980178,0.006142729,,,,,,,,,,,,,,,,,,,,,
38,865280,6,794,6.438268661499023,281.53,,,0.4565065371990204,,0.2,,0.5752164125442505,,0.26754626631736755,,839,0.0002,,0.068046875,,-0.39119195610284807,-4.941638559103012e-05,0.008931696,,,,,,,,,,,,,,,,,,,,,
45,870400,7,787,6.430578708648682,282.54,,,0.42650369644165037,,0.2,,0.5086519718170166,,0.19209662079811096,,844,0.0002,,0.083203125,,-0.3768870538473129,0.0021382453199476005,0.0084785605,,,,,,,,,,,,,,,,,,,,,
52,875520,8,780,6.58737325668335,271.29,,,0.47093029886484145,,0.2,,0.5117877721786499,,0.21541385352611542,,849,0.0002,,0.0938671875,,-0.41235372453927993,0.0008434720849618316,0.012253204,,,,,,,,,,,,,,,,,,,,,
59,880640,9,773,6.328773021697998,285.56,,,0.40404203221201895,,0.2,,0.45878148078918457,,0.17657363414764404,,854,0.0002,,0.0901953125,,-0.42659838289022445,-0.0005110782850533724,0.007188593,,,,,,,,,,,,,,,,,,,,,
66,885760,10,767,6.1724419593811035,291.28,,,0.4432639652490616,,0.2,,0.4082810878753662,,0.1519618034362793,,859,0.0002,,0.069609375,,-0.4234494975209236,-0.0017241815803572536,0.008404795,,,,,,,,,,,,,,,,,,,,,
,,,,,,,,0.5074474009871482,,0.2,,0.34794682264328003,,0.2563745975494385,,864,0.0002,,0.0726171875,,-0.37900583416223527,0.00030577029567211865,0.00747485,0.83,0,93.03682281763496,3,279.36,2.595073321346084,512000,6.159669464156032,,,,,,,,,,,,,
,,,,,,,,,,,,,,,,,,,,,,,,0.34,1,127.61036164826118,3,349.66,4.021051070826827,512000,2.2410114738624545,,,,,,,,,,,,,
,,,,,,,,,,,,,,,,,,,,,,,,,,,3,,,512000,,0,0.0,6.75,0.83,0.34,0.83,0,157.3,0,0.48999999999999994,0,0.83,0
4,890880,1,1114,6.159219741821289,294.89,1,440,,0.015,,11,,0.0002,,3,,,15,,512000,,,,,,,,,,,,,,,,,,,,,,,,
11,896000,2,862,6.15065860748291,291.93,,,0.5960629111528397,,0.2,,0.3579702377319336,,0.27042120695114136,,869,0.0002,,0.08109375,,-0.4185272467136383,-0.002990234335884452,0.010497141,,,,,,,,,,,,,,,,,,,,,
18,901120,3,816,5.92927360534668,299.56,,,0.44139996588230135,,0.2,,0.3574780225753784,,0.1949455589056015,,874,0.0002,,0.095390625,,-0.3913952672481537,0.0010864833975210786,0.006247325,,,,,,,,,,,,,,,,,,,,,
25,906240,4,797,5.906943321228027,300.4,,,0.464850680232048,,0.2,,0.33001136779785156,,0.20962204039096832,,879,0.0002,,0.0758203125,,-0.3960121288895607,0.0002913081762380898,0.0048217,,,,,,,,,,,,,,,,,,,,,
32,911360,5,787,6.025647163391113,294.71,,,0.5305641478300095,,0.2,,0.29295867681503296,,0.23815235495567322,,884,0.0002,,0.0597265625,,-0.3867040041089058,-0.0012579134199768305,0.0055841655,,,,,,,,,,,,,,,,,,,,,
39,916480,6,776,6.054119110107422,290.23,,,0.5590659371018409,,0.2,,0.28826773166656494,,0.2658722400665283,,889,0.0002,,0.0788671875,,-0.39175488948822024,-0.0003332693269476295,0.007183721,,,,,,,,,,,,,,,,,,,,,
46,921600,7,772,6.108332633972168,289.7,,,0.5672611182928086,,0.2,,0.27611470222473145,,0.19506707787513733,,894,0.0002,,0.059375,,-0.36081468671560285,-0.0019511527661234141,0.0061523514,,,,,,,,,,,,,,,,,,,,,
53,926720,8,767,5.921912670135498,294.52,,,0.5451917982101441,,0.2,,0.27550333738327026,,0.2234833538532257,,899,0.0002,,0.067890625,,-0.33094276368618014,-0.0022772154957056046,0.009562266,,,,,,,,,,,,,,,,,,,,,
60,931840,9,764,6.035881996154785,286.41,,,0.38051620453596113,,0.2,,0.25933122634887695,,0.16902680695056915,,904,0.0002,,0.0738671875,,-0.326599053144455,-0.0005031509604305029,0.010887606,,,,,,,,,,,,,,,,,,,,,
67,936960,10,760,6.021522045135498,285.64,,,0.6324706330895424,,0.2,,0.2571083903312683,,0.20890821516513824,,909,0.0002,,0.06890625,,-0.34139991670846936,-0.0009424010897055268,0.008561375,,,,,,,,,,,,,,,,,,,,,
,,,,,,,,0.6386668062210084,,0.2,,0.2958562970161438,,0.34838223457336426,,914,0.0002,,0.079140625,,-0.3315850844979286,-0.0010289298463612795,0.011369635,0.8,0,97.01910894251708,3,290.35,2.6914377690634397,563200,5.914825313687325,,,,,,,,,,,,,
,,,,,,,,,,,,,,,,,,,,,,,,0.2,1,108.96718542754053,3,385.75,3.3255146107985354,563200,1.283063603118062,,,,,,,,,,,,,
,,,,,,,,,,,,,,,,,,,,,,,,,,,3,,,563200,,0,0.0,6.75,0.8,0.2,0.8,0,157.3,0,0.6000000000000001,0,0.8,0
4,942080,1,1146,6.170675754547119,276.11,1,440,,0.015,,11,,0.0002,,3,,,15,,563200,,,,,,,,,,,,,,,,,,,,,,,,
11,947200,2,873,5.906961441040039,284.21,,,0.5966469666361809,,0.2,,0.13342154026031494,,0.29369744658470154,,919,0.0002,,0.063359375,,-0.30713364243507385,0.0011364031257107853,0.008792539,,,,,,,,,,,,,,,,,,,,,
18,952320,3,818,6.080875873565674,276.44,,,0.5033281448483468,,0.2,,0.23664414882659912,,0.16946059465408325,,924,0.0002,,0.0595703125,,-0.333364414870739,-0.00017889327369630337,0.0050749574,,,,,,,,,,,,,,,,,,,,,
25,957440,4,797,6.192356586456299,275.54,,,0.6559518909454346,,0.2,,0.2503661513328552,,0.3393518030643463,,929,0.0002,,0.0830078125,,-0.37217085152864454,0.0009792045643553138,0.008001276,,,,,,,,,,,,,,,,,,,,,
32,962560,5,789,6.279774188995361,269.58,,,0.593434082865715,,0.2,,0.176375150680542,,0.23027904331684113,,934,0.0002,,0.0759765625,,-0.3749261352419853,-0.00046023917384445666,0.009353195,,,,,,,,,,,,,,,,,,,,,
39,967680,6,780,6.343652248382568,270.87,,,0.5560054764151573,,0.2,,0.23130863904953003,,0.28295037150382996,,939,0.0002,,0.076171875,,-0.393300102353096,-0.00038910143310204147,0.0073037846,,,,,,,,,,,,,,,,,,,,,
46,972800,7,774,6.273778915405273,271.38,,,0.5265332776308059,,0.2,,0.2904053330421448,,0.29503777623176575,,944,0.0002,,0.070390625,,-0.38407069325447085,-0.000911596124060452,0.0066938214,,,,,,,,,,,,,,,,,,,,,
53,977920,8,767,6.480893611907959,262.89,,,0.49444977164268494,,0.2,,0.2883065938949585,,0.1984577625989914,,949,0.0002,,0.079609375,,-0.3553120917081833,-0.00033272817032411697,0.00746646,,,,,,,,,,,,,,,,,,,,,
60,983040,9,763,6.260151386260986,270.45,,,0.5625258025527,,0.2,,0.4702448844909668,,0.269203782081604,,954,0.0002,,0.063125,,-0.3623593464493752,-0.0006408269982784986,0.007152685,,,,,,,,,,,,,,,,,,,,,
67,988160,10,759,6.333509922027588,269.13,,,0.47343029409646986,,0.2,,0.30617082118988037,,0.2255311906337738,,959,0.0002,,0.0853515625,,-0.3552966782450676,-0.0017210948118008672,0.010913519,,,,,,,,,,,,,,,,,,,,,
,,,,,,,,0.5210718426108361,,0.2,,0.45835626125335693,,0.18795470893383026,,964,0.0002,,0.069453125,,-0.3349441504478455,-0.0010737880226224662,0.0072959424,0.86,0,92.04530188988464,3,264.32,2.3492798941296886,614400,6.4271655711345375,,,,,,,,,,,,,
,,,,,,,,,,,,,,,,,,,,,,,,0.22,1,115.11583904919428,3,379.06,3.5282339941319494,614400,1.304474878013134,,,,,,,,,,,,,
,,,,,,,,,,,,,,,,,,,,,,,,,,,3,,,614400,,0,0.0,6.75,0.86,0.22,0.86,0,157.3,0,0.64,0,0.86,0
4,993280,1,1119,6.444136142730713,263.53,1,440,,0.015,,11,,0.0002,,3,,,15,,614400,,,,,,,,,,,,,,,,,,,,,,,,
11,998400,2,856,6.368575572967529,269.3,,,0.629739785194397,,0.2,,0.4362277388572693,,0.33738890290260315,,969,0.0002,,0.0679296875,,-0.3360455733537674,0.0005693289637565612,0.0058801966,,,,,,,,,,,,,,,,,,,,,
18,1003520,3,811,6.439584255218506,266.65,,,0.4375992116332054,,0.2,,0.4593256115913391,,0.2418888509273529,,974,0.0002,,0.085703125,,-0.34943482756614686,-0.001113836085423827,0.010404244,,,,,,,,,,,,,,,,,,,,,
25,1008640,4,795,6.334099292755127,274.03,,,0.4494479775428772,,0.2,,0.38380157947540283,,0.248591348528862,,979,0.0002,,0.085625,,-0.3510295611619949,0.001378505928441882,0.009012306,,,,,,,,,,,,,,,,,,,,,
32,1013760,5,782,6.2768144607543945,273.78,,,0.535141763985157,,0.2,,0.30302709341049194,,0.2560918629169464,,984,0.0002,,0.0669921875,,-0.3556897827982903,-0.0010051124822348357,0.008891374,,,,,,,,,,,,,,,,,,,,,
39,1018880,6,770,6.096498489379883,277.66,,,0.31311470463871954,,0.2,,0.44217783212661743,,0.1106395572423935,,989,0.0002,,0.092734375,,-0.35432869881391527,0.000882613742724061,0.009292012,,,,,,,,,,,,,,,,,,,,,
43,1024000,7,814,5.940464019775391,286.66,,,0.506885955731074,,0.2,,0.23822402954101562,,0.24438393115997314,,990,0.0002,,0.07747395833333333,,-0.35353484087520176,0.005589571238184969,0.014179006,,,,,,,,,,,,,,,,,,,,,
51,1029120,8,802,5.864201545715332,287.84,,,0.5172699651122094,,0.2,,0.2528138756752014,,0.2154788225889206,,995,0.0002,,0.0761328125,,-0.35804514318704606,-0.0011463971575722098,0.0077888393,,,,,,,,,,,,,,,,,,,,,
58,1034240,9,792,5.60748291015625,294.06,,,0.48843784630298615,,0.2,,0.1325032114982605,,0.2342652976512909,,1000,0.0002,,0.086328125,,-0.37386039435863494,-0.002302858391776681,0.00920287,,,,,,,,,,,,,,,,,,,,,
65,1039360,10,785,5.550257682800293,296.28,,,0.5231985154747963,,0.2,,0.1551263928413391,,0.1986221969127655,,1005,0.0002,,0.088203125,,-0.36958075284957886,0.0004247681424021721,0.008985485,,,,,,,,,,,,,,,,,,,,,
,,,,,,,,0.5209781116247177,,0.2,,0.12477415800094604,,0.21328186988830566,,1010,0.0002,,0.09515625,,-0.35301114231348035,-0.0014081950951367616,0.012880328,0.87,0,90.45956610552584,3,270.63,2.323760081965255,665600,6.408871716409922,,,,,,,,,,,,,
,,,,,,,,,,,,,,,,,,,,,,,,0.33,1,130.44056845935626,3,349.09,3.9059856193982068,665600,2.2944423028826715,,,,,,,,,,,,,
,,,,,,,,,,,,,,,,,,,,,,,,,,,3,,,665600,,0,0.0,6.75,0.87,0.33,0.87,0,157.3,0,0.54,0,0.87,0
4,1044480,1,1101,6.0166916847229,281.61,1,440,,0.015,,11,,0.0002,,3,,,15,,665600,,,,,,,,,,,,,,,,,,,,,,,,
11,1049600,2,888,6.3043742179870605,271.65,,,0.6794780921936036,,0.2,,0.18976914882659912,,0.28080832958221436,,1015,0.0002,,0.0655078125,,-0.3287142261862755,-0.002314920062199235,0.0069357464,,,,,,,,,,,,,,,,,,,,,
18,1054720,3,828,6.247943878173828,273.13,,,0.5584584280848504,,0.2,,0.24724358320236206,,0.23216725885868073,,1020,0.0002,,0.084921875,,-0.35554804623126984,-0.0009551061131060123,0.010388566,,,,,,,,,,,,,,,,,,,,,
25,1059840,4,805,6.3157057762146,268.53,,,0.44399873971939086,,0.2,,0.32815176248550415,,0.18224412202835083,,1025,0.0002,,0.07765625,,-0.3359708425402641,0.0015693872049450874,0.0065928847,,,,,,,,,,,,,,,,,,,,,
32,1064960,5,790,6.4413251876831055,267.14,,,0.4827700370550156,,0.2,,0.40102678537368774,,0.2147667407989502,,1030,0.0002,,0.09625,,-0.37975708782672885,-0.0022824700362980366,0.010248415,,,,,,,,,,,,,,,,,,,,,
39,1070080,6,780,6.134237289428711,272.65,,,0.49531061083078387,,0.2,,0.3387231230735779,,0.29641100764274597,,1035,0.0002,,0.0569140625,,-0.3667635351419449,-0.000565416538156569,0.0066207564,,,,,,,,,,,,,,,,,,,,,
46,1075200,7,773,6.137092113494873,273.76,,,0.42630274951457975,,0.2,,0.3803580403327942,,0.2012445330619812,,1040,0.0002,,0.0851171875,,-0.3673231807351112,0.0008367699105292558,0.010097774,,,,,,,,,,,,,,,,,,,,,
53,1080320,8,769,5.9839324951171875,277.68,,,0.5235274758934975,,0.2,,0.3045573830604553,,0.22463801503181458,,1045,0.0002,,0.0860546875,,-0.37736127704381944,-0.0008384947758167982,0.007892177,,,,,,,,,,,,,,,,,,,,,
60,1085440,9,766,6.310480117797852,267.46,,,0.442800210416317,,0.2,,0.43830347061157227,,0.17333409190177917,,1050,0.0002,,0.075234375,,-0.37886690080165863,-0.0012892771745100617,0.007740382,,,,,,,,,,,,,,,,,,,,,
66,1090560,10,765,6.184014320373535,276.63,,,0.41811542466282847,,0.2,,0.3736516237258911,,0.1972503662109375,,1055,0.0002,,0.072890625,,-0.37749064892530443,-0.0008444278920069337,0.009068029,,,,,,,,,,,,,,,,,,,,,
,,,,,,,,0.41434422209858895,,0.2,,0.49120980501174927,,0.14049260318279266,,1060,0.0002,,0.0868359375,,-0.41054955691099165,-0.001670147564727813,0.009384747,0.77,0,98.3963307242704,3,299.39,2.815100580304542,716800,5.736119838654995,,,,,,,,,,,,,
,,,,,,,,,,,,,,,,,,,,,,,,0.23,1,108.35423388128403,3,381.2,3.4314820268311585,716800,1.5632489895820618,,,,,,,,,,,,,
,,,,,,,,,,,,,,,,,,,,,,,,,,,3,,,716800,,0,0.0,6.75,0.77,0.23,0.77,0,157.3,0,0.54,0,0.77,0
4,1095680,1,1124,6.343842029571533,269.8,1,440,,0.015,,11,,0.0002,,3,,,15,,716800,,,,,,,,,,,,,,,,,,,,,,,,
11,1100800,2,893,6.337381362915039,273.53,,,0.4678700229525566,,0.2,,0.3171583414077759,,0.26546844840049744,,1065,0.0002,,0.0886328125,,-0.4081445559859276,0.0009515131963416934,0.0093308585,,,,,,,,,,,,,,,,,,,,,
18,1105920,3,837,6.487511157989502,269.06,,,0.46701629817485807,,0.2,,0.3783528804779053,,0.22460880875587463,,1070,0.0002,,0.084296875,,-0.41473409116268156,-1.5073968097567559e-06,0.009489797,,,,,,,,,,,,,,,,,,,,,
25,1111040,4,809,6.08144998550415,283.12,,,0.5413523027300835,,0.2,,0.3457986116409302,,0.28770098090171814,,1075,0.0002,,0.0885546875,,-0.4202670103311539,0.00045602912083268164,0.0075175157,,,,,,,,,,,,,,,,,,,,,
32,1116160,5,776,6.200778007507324,281.99,,,0.33737554341554643,,0.2,,0.30435770750045776,,0.1389123648405075,,1080,0.0002,,0.1026953125,,-0.44391764551401136,-0.000548810469917953,0.010526877,,,,,,,,,,,,,,,,,,,,,
39,1121280,6,769,6.06868839263916,286.4,,,0.5366535337269306,,0.2,,0.26719188690185547,,0.2407153695821762,,1085,0.0002,,0.084453125,,-0.43483073383569715,-0.0013079144200310111,0.0065405816,,,,,,,,,,,,,,,,,,,,,
46,1126400,7,765,6.06820011138916,293.26,,,0.4164777010679245,,0.2,,0.2843061685562134,,0.1601562798023224,,1090,0.0002,,0.0683203125,,-0.418751659989357,-0.0016222215024754405,0.006230774,,,,,,,,,,,,,,,,,,,,,
53,1131520,8,760,5.954693794250488,294.24,,,0.4933135947585106,,0.2,,0.23191559314727783,,0.17553484439849854,,1095,0.0002,,0.0855078125,,-0.4336985564231873,-0.0032745554810389875,0.006394909,,,,,,,,,,,,,,,,,,,,,
60,1136640,9,758,6.020413875579834,292.66,,,0.46655710026621816,,0.2,,0.2322556972503662,,0.2564566433429718,,1100,0.0002,,0.075078125,,-0.43261116176843645,-0.001517182569950819,0.0105338385,,,,,,,,,,,,,,,,,,,,,
67,1141760,10,756,6.237389087677002,287.05,,,0.5394066479802132,,0.2,,0.28469955921173096,,0.2116243690252304,,1105,0.0002,,0.0666796875,,-0.42214807838201523,-0.0019281330052763224,0.0060266117,,,,,,,,,,,,,,,,,,,,,
,,,,,,,,0.539665977358818,,0.2,,0.2691468596458435,,0.26658895611763,,1110,0.0002,,0.07375,,-0.39368076115846634,-0.0017005231976509093,0.0071976297,0.79,0,97.96620386643548,3,288.23,2.7501485624387962,768000,5.8912678255140785,,,,,,,,,,,,,
,,,,,,,,,,,,,,,,,,,,,,,,0.26,1,119.151531672908,3,369.65,3.8115966169818143,768000,1.4684201007336377,,,,,,,,,,,,,
,,,,,,,,,,,,,,,,,,,,,,,,,,,3,,,768000,,0,0.0,6.75,0.79,0.26,0.79,0,157.3,0,0.53,0,0.79,0
4,1146880,1,1139,6.326457500457764,280.22,1,440,,0.015,,11,,0.0002,,3,,,15,,768000,,,,,,,,,,,,,,,,,,,,,,,,
11,1152000,2,875,6.39411735534668,277.2,,,0.5934190806746483,,0.2,,0.3352351784706116,,0.22559423744678497,,1115,0.0002,,0.0475,,-0.403491875231266,-0.0003153917193412781,0.004195449,,,,,,,,,,,,,,,,,,,,,
18,1157120,3,829,5.957287788391113,282.02,,,0.46755770951509473,,0.2,,0.2879670262336731,,0.2537976801395416,,1120,0.0002,,0.0711328125,,-0.3939866104722023,-0.0008428025664761662,0.0062571215,,,,,,,,,,,,,,,,,,,,,
25,1162240,4,807,5.786139488220215,290.5,,,0.39992386430501936,,0.2,,0.21904146671295166,,0.18718574941158295,,1125,0.0002,,0.0991015625,,-0.40036285609006883,-7.898230105638504e-06,0.00869559,,,,,,,,,,,,,,,,,,,,,
32,1167360,5,794,5.8041605949401855,293.38,,,0.4840908217430115,,0.2,,0.23243337869644165,,0.19265727698802948,,1130,0.0002,,0.0721875,,-0.385464086830616,0.00039226804859936236,0.0062703355,,,,,,,,,,,,,,,,,,,,,
39,1172480,6,785,5.936307907104492,283.64,,,0.6667611253261566,,0.2,,0.18057525157928467,,0.3924733102321625,,1135,0.0002,,0.0637890625,,-0.3913071337342262,0.00030930656008422376,0.008334561,,,,,,,,,,,,,,,,,,,,,
45,1177600,7,780,5.8256330490112305,290.68,,,0.5585702019929886,,0.2,,0.29645127058029175,,0.25601425766944885,,1140,0.0002,,0.061640625,,-0.38437228292226794,-0.0020426179841160773,0.0055132755,,,,,,,,,,,,,,,,,,,,,
52,1182720,8,774,5.762669086456299,298.34,,,0.43531775385141375,,0.2,,0.366854727268219,,0.23385901749134064,,1145,0.0002,,0.0683203125,,-0.3931683352589607,0.0005141825787723064,0.0062175365,,,,,,,,,,,,,,,,,,,,,
59,1187840,9,770,6.05190372467041,290.57,,,0.37509586349129675,,0.2,,0.38919270038604736,,0.12168805301189423,,1150,0.0002,,0.0689453125,,-0.3829576930403709,0.0006498446897603571,0.008685063,,,,,,,,,,,,,,,,,,,,,
66,1192960,10,765,6.018757343292236,294.42,,,0.454226253926754,,0.2,,0.3256340026855469,,0.19497893750667572,,1155,0.0002,,0.0662109375,,-0.4398538261651993,-0.0013296423852443694,0.0065005906,,,,,,,,,,,,,,,,,,,,,
,,,,,,,,0.4759739708900452,,0.2,,0.4204525351524353,,0.19498389959335327,,1160,0.0002,,0.0584765625,,-0.39527809619903564,-0.0030340852215886118,0.0063845664,0.86,0,90.78160386333786,3,278.02,2.3710676568896574,819200,6.3331931546330456,,,,,,,,,,,,,
,,,,,,,,,,,,,,,,,,,,,,,,0.28,1,124.50587576496139,3,362.63,3.641813053534699,819200,2.0153300324082375,,,,,,,,,,,,,
,,,,,,,,,,,,,,,,,,,,,,,,,,,3,,,819200,,0,0.0,6.75,0.86,0.28,0.86,0,157.3,0,0.58,0,0.86,0
4,1198080,1,1133,5.944322109222412,296.86,1,440,,0.015,,11,,0.0002,,3,,,15,,819200,,,,,,,,,,,,,,,,,,,,,,,,
11,1203200,2,883,5.893417835235596,297.09,,,0.5079725995659828,,0.2,,0.32948797941207886,,0.21934086084365845,,1165,0.0002,,0.0566015625,,-0.4211810779571533,-0.001539998499210924,0.004763612,,,,,,,,,,,,,,,,,,,,,
18,1208320,3,822,6.0720415115356445,284.23,,,0.5046509799361228,,0.2,,0.3733466863632202,,0.2576404809951782,,1170,0.0002,,0.078203125,,-0.40300118654966355,-0.0007295173965394497,0.005855058,,,,,,,,,,,,,,,,,,,,,
25,1213440,4,789,6.160003185272217,279.07,,,0.5139553606510162,,0.2,,0.4037935137748718,,0.2802470028400421,,1175,0.0002,,0.0675,,-0.41822489589452744,-0.0005118121532723308,0.0065138587,,,,,,,,,,,,,,,,,,,,,
32,1218560,5,776,6.290342330932617,276.44,,,0.40645912498235703,,0.2,,0.37494957447052,,0.17664039134979248,,1180,0.0002,,0.0794921875,,-0.4238014170527458,0.000626304466277361,0.0059149945,,,,,,,,,,,,,,,,,,,,,
40,1223680,6,767,6.1982421875,276.03,,,0.5587716743350029,,0.2,,0.3437463641166687,,0.27013248205184937,,1185,0.0002,,0.0719921875,,-0.41537533909082414,0.00044395707082003357,0.0076080253,,,,,,,,,,,,,,,,,,,,,
47,1228800,7,760,6.027740955352783,283.18,,,0.48722693651914595,,0.2,,0.3032740354537964,,0.23683983087539673,,1190,0.0002,,0.076328125,,-0.4373087388277054,0.00018717368133366107,0.0064708786,,,,,,,,,,,,,,,,,,,,,
54,1233920,8,756,6.020218372344971,284.92,,,0.5637923973798752,,0.2,,0.3098563551902771,,0.22274217009544373,,1195,0.0002,,0.062734375,,-0.39514676690101624,-0.001783618382178247,0.005217814,,,,,,,,,,,,,,,,,,,,,
61,1239040,9,752,6.0536651611328125,287.61,,,0.620334016084671,,0.2,,0.269245982170105,,0.3220324218273163,,1200,0.0002,,0.076015625,,-0.3781415593624115,-0.0009177455492317677,0.009155134,,,,,,,,,,,,,,,,,,,,,
68,1244160,10,747,5.977838039398193,289.6,,,0.5684251353144646,,0.2,,0.22867488861083984,,0.3352327346801758,,1205,0.0002,,0.0839453125,,-0.38305723190307617,-0.001601347499527037,0.009242222,,,,,,,,,,,,,,,,,,,,,
,,,,,,,,0.5478034165501594,,0.2,,0.2686850428581238,,0.3025849163532257,,1210,0.0002,,0.08375,,-0.39011029809713366,-0.0005791380628943443,0.0077747228,0.77,0,100.35344488357138,3,290.69,2.91872072262165,870400,5.714142470713705,,,,,,,,,,,,,
,,,,,,,,,,,,,,,,,,,,,,,,0.3,1,125.00851930968544,3,358.51,3.829323084418652,870400,2.041893297210336,,,,,,,,,,,,,
,,,,,,,,,,,,,,,,,,,,,,,,,,,3,,,870400,,0,0.0,6.75,0.77,0.3,0.77,0,157.3,0,0.47000000000000003,0,0.77,0
4,1249280,1,1131,5.997225761413574,287.32,1,440,,0.015,,11,,0.0002,,3,,,15,,870400,,,,,,,,,,,,,,,,,,,,,,,,
11,1254400,2,876,6.19881534576416,275.42,,,0.6038721176981926,,0.2,,0.22393012046813965,,0.3563821613788605,,1215,0.0002,,0.065546875,,-0.3802238455414772,-0.00017753174528479577,0.005652792,,,,,,,,,,,,,,,,,,,,,
18,1259520,3,824,6.1937432289123535,276.92,,,0.5839551231265068,,0.2,,0.16208618879318237,,0.20977041125297546,,1220,0.0002,,0.0594921875,,-0.35999160349369047,-0.0019008801924064755,0.004867821,,,,,,,,,,,,,,,,,,,,,
25,1264640,4,800,5.9058709144592285,287.41,,,0.4827746856212616,,0.2,,0.31891530752182007,,0.1900637447834015,,1225,0.0002,,0.074609375,,-0.3823175185918808,-0.0009024000773206353,0.009165185,,,,,,,,,,,,,,,,,,,,,
30,1269760,5,837,6.037120819091797,279.98,,,0.4466264961908261,,0.2,,0.26918065547943115,,0.2507951259613037,,1228,0.0002,,0.08561197916666667,,-0.3566809147596359,0.004133813878676544,0.027315482,,,,,,,,,,,,,,,,,,,,,
37,1274880,6,819,5.9126691818237305,281.53,,,0.5423600152134895,,0.2,,0.3559136390686035,,0.24444757401943207,,1233,0.0002,,0.0814453125,,-0.36556867957115174,-0.0011333363316953183,0.009815728,,,,,,,,,,,,,,,,,,,,,
44,1280000,7,805,5.671154975891113,294.43,,,0.5042984360456466,,0.2,,0.31412017345428467,,0.1841896027326584,,1238,0.0002,,0.0596484375,,-0.35220021188259126,-0.0022042020689696075,0.0054833456,,,,,,,,,,,,,,,,,,,,,
51,1285120,8,795,5.842348098754883,292.61,,,0.48828247308731076,,0.2,,0.28743976354599,,0.3224974274635315,,1243,0.0002,,0.068203125,,-0.328308709859848,-0.0021188331395387647,0.008783543,,,,,,,,,,,,,,,,,,,,,
58,1290240,9,790,6.266865253448486,278.31,,,0.6784945431351662,,0.2,,0.27115368843078613,,0.2890770733356476,,1248,0.0002,,0.0778125,,-0.3766815713047981,-0.0007332272501662374,0.0057778936,,,,,,,,,,,,,,,,,,,,,
65,1295360,10,784,6.171309947967529,281.72,,,0.5989480823278427,,0.2,,0.41520988941192627,,0.28780075907707214,,1253,0.0002,,0.0694140625,,-0.394222594499588,-0.0009596450021490454,0.0051325727,,,,,,,,,,,,,,,,,,,,,
,,,,,,,,0.39141938254237174,,0.2,,0.3585395812988281,,0.09054861962795258,,1258,0.0002,,0.05,,-0.34213538497686385,-0.0009117043670266867,0.0062724673,0.82,0,96.85856492845637,3,283.72,2.5970212609481864,921600,6.079768918678164,,,,,,,,,,,,,
,,,,,,,,,,,,,,,,,,,,,,,,0.26,1,121.36472963756808,3,368.32,3.7916361343464957,921600,1.562806974798441,,,,,,,,,,,,,
,,,,,,,,,,,,,,,,,,,,,,,,,,,3,,,921600,,0,0.0,6.75,0.82,0.26,0.82,0,157.3,0,0.5599999999999999,0,0.82,0
4,1300480,1,1140,6.412341117858887,273.95,1,440,,0.015,,11,,0.0002,,3,,,15,,921600,,,,,,,,,,,,,,,,,,,,,,,,
11,1305600,2,874,6.565194129943848,264.71,,,0.5029414641857147,,0.2,,0.4941753149032593,,0.34793782234191895,,1263,0.0002,,0.0629296875,,-0.38985018730163573,0.0001371827768161893,0.0070865015,,,,,,,,,,,,,,,,,,,,,
18,1310720,3,824,6.592977523803711,260.67,,,0.47184504091739654,,0.2,,0.5032187700271606,,0.18408910930156708,,1268,0.0002,,0.0748828125,,-0.37609604686498643,-0.00046829999424517153,0.005613432,,,,,,,,,,,,,,,,,,,,,
25,1315840,4,803,6.43358039855957,268.36,,,0.5392953333258629,,0.2,,0.48533934354782104,,0.21726219356060028,,1273,0.0002,,0.069453125,,-0.41130726486444474,0.0002144173439592123,0.0076992037,,,,,,,,,,,,,,,,,,,,,
32,1320960,5,788,6.183183670043945,275.76,,,0.46392188370227816,,0.2,,0.3593286871910095,,0.18721885979175568,,1278,0.0002,,0.0725,,-0.37375206768512725,0.0001534631079994142,0.009057852,,,,,,,,,,,,,,,,,,,,,
39,1326080,6,771,6.209237098693848,274.44,,,0.3668759424984455,,0.2,,0.3829054832458496,,0.20307275652885437,,1283,0.0002,,0.0919921875,,-0.3797505775094032,-0.0024976736726239324,0.006215071,,,,,,,,,,,,,,,,,,,,,
46,1331200,7,765,6.120147228240967,279.64,,,0.5621062380075454,,0.2,,0.3163672089576721,,0.23911160230636597,,1288,0.0002,,0.0747265625,,-0.3588390102982521,-0.0007457161787897349,0.007881449,,,,,,,,,,,,,,,,,,,,,
53,1336320,8,762,6.152318000793457,281.8,,,0.5028361189365387,,0.2,,0.29627156257629395,,0.2033722996711731,,1293,0.0002,,0.0536328125,,-0.31927163630723954,-0.0011047001788392662,0.006351359,,,,,,,,,,,,,,,,,,,,,
60,1341440,9,756,6.033423900604248,285.59,,,0.5583479443192482,,0.2,,0.2726631760597229,,0.3477238118648529,,1298,0.0002,,0.0658984375,,-0.3545328277349472,-0.0007059996109455824,0.0064996704,,,,,,,,,,,,,,,,,,,,,
67,1346560,10,753,6.10099983215332,281.03,,,0.44155429005622865,,0.2,,0.23574423789978027,,0.15178589522838593,,1303,0.0002,,0.0728125,,-0.33062913209199907,0.000882980558089912,0.0075638653,,,,,,,,,,,,,,,,,,,,,
,,,,,,,,0.5936477547883987,,0.2,,0.31958305835723877,,0.2660515308380127,,1308,0.0002,,0.0540234375,,-0.3454744538664818,-0.0003918396169319749,0.005063937,0.82,0,93.55825725183215,3,272.85,2.562662288139008,972800,6.170418491214514,,,,,,,,,,,,,
,,,,,,,,,,,,,,,,,,,,,,,,0.3,1,126.7857164668008,3,357.39,3.9355666178378357,972800,1.8775231286883354,,,,,,,,,,,,,
,,,,,,,,,,,,,,,,,,,,,,,,,,,3,,,972800,,0,0.0,6.75,0.82,0.3,0.82,0,157.3,0,0.52,0,0.82,0
3,1351680,1,1431,6.288599967956543,271.81,1,440,,0.015,,11,,0.0002,,3,,,15,,972800,,,,,,,,,,,,,,,,,,,,,,,,
10,1356800,2,966,6.154302597045898,274.48,,,0.49589972883462907,,0.2,,0.4190824031829834,,0.17819470167160034,,1313,0.0002,,0.0784765625,,-0.3246177449822426,-0.0015632229996845126,0.010158734,,,,,,,,,,,,,,,,,,,,,
17,1361920,3,899,6.252535343170166,269.33,,,0.5422551456093788,,0.2,,0.3368246555328369,,0.30472007393836975,,1318,0.0002,,0.066953125,,-0.31188490480184555,0.0004669972369447351,0.009900877,,,,,,,,,,,,,,,,,,,,,
24,1367040,4,827,6.441573619842529,261.39,,,0.574792113006115,,0.2,,0.39327049255371094,,0.2024981677532196,,1323,0.0002,,0.0571875,,-0.32990824192762375,-0.0008137836307287216,0.008033919,,,,,,,,,,,,,,,,,,,,,
31,1372160,5,801,6.50937557220459,260.09,,,0.5158209377527236,,0.2,,0.3878735303878784,,0.2360662966966629,,1328,0.0002,,0.0490625,,-0.30453661501407625,-0.0011574705969542266,0.004466099,,,,,,,,,,,,,,,,,,,,,
38,1377280,6,788,6.309072494506836,267.74,,,0.4572772020101547,,0.2,,0.37582504749298096,,0.22957587242126465,,1333,0.0002,,0.052578125,,-0.312477103471756,-0.001829297780059278,0.0060961084,,,,,,,,,,,,,,,,,,,,,
45,1382400,7,781,6.4251885414123535,263.49,,,0.49228174686431886,,0.2,,0.28637629747390747,,0.21429012715816498,,1338,0.0002,,0.0651171875,,-0.3137972503900528,-0.00028257769532501697,0.0065369555,,,,,,,,,,,,,,,,,,,,,
52,1387520,8,777,6.336349010467529,267.97,,,0.5206430959701538,,0.2,,0.328887939453125,,0.26524844765663147,,1343,0.0002,,0.050234375,,-0.3281392049789429,-0.0014177984884008764,0.0039898343,,,,,,,,,,,,,,,,,,,,,
59,1392640,9,772,6.3248162269592285,270.1,,,0.4822805854678154,,0.2,,0.3897053599357605,,0.22401747107505798,,1348,0.0002,,0.0589453125,,-0.31888982266187665,-0.00032213465310633184,0.0054493668,,,,,,,,,,,,,,,,,,,,,
66,1397760,10,768,6.444585800170898,269.13,,,0.5097963756322861,,0.2,,0.3533899188041687,,0.2677108347415924,,1353,0.0002,,0.0616796875,,-0.34822377234697344,-0.00039707103278487923,0.0062626125,,,,,,,,,,,,,,,,,,,,,
,,,,,,,,0.4188670036196709,,0.2,,0.2829705476760864,,0.18349573016166687,,1358,0.0002,,0.07578125,,-0.3109859418869019,-0.0009426050493493676,0.008358123,0.86,0,93.52733236867176,3,265.09,2.4732530650985987,1024000,6.357780123949051,,,,,,,,,,,,,
,,,,,,,,,,,,,,,,,,,,,,,,0.24,1,119.06495034223967,3,373.24,3.613018797744256,1024000,1.54073547270149,,,,,,,,,,,,,
,,,,,,,,,,,,,,,,,,,,,,,,,,,3,,,1024000,,0,0.0,6.75,0.86,0.24,0.86,0,157.3,0,0.62,0,0.86,0
4,1402880,1,1113,6.107654571533203,276.85,1,440,,0.015,,11,,0.0002,,3,,,15,,1024000,,,,,,,,,,,,,,,,,,,,,,,,
11,1408000,2,863,6.031537055969238,280.76,,,0.3972058902680874,,0.2,,0.21307742595672607,,0.22772297263145447,,1363,0.0002,,0.06390625,,-0.3063870742917061,-0.00010885009076446295,0.010550034,,,,,,,,,,,,,,,,,,,,,
18,1413120,3,819,5.833636283874512,287.67,,,0.48407858043909074,,0.2,,0.2534916400909424,,0.18426159024238586,,1368,0.0002,,0.07171875,,-0.3136530914902687,1.7542168498039244e-05,0.0070769265,,,,,,,,,,,,,,,,,,,,,
25,1418240,4,792,5.815151214599609,289.86,,,0.6312327066063881,,0.2,,0.1786198616027832,,0.3409956097602844,,1373,0.0002,,0.0693359375,,-0.3285036447644234,-0.0007356988312676549,0.0072702384,,,,,,,,,,,,,,,,,,,,,
32,1423360,5,783,5.841231822967529,288.01,,,0.5656487450003624,,0.2,,0.20703423023223877,,0.30428141355514526,,1378,0.0002,,0.060078125,,-0.35306023329496383,0.0006114535080268979,0.00910592,,,,,,,,,,,,,,,,,,,,,
39,1428480,6,773,6.242361545562744,276.86,,,0.5759561663866043,,0.2,,0.22924232482910156,,0.289095938205719,,1383,0.0002,,0.0436328125,,-0.33941165417432784,-0.0017362762335687875,0.0042445143,,,,,,,,,,,,,,,,,,,,,
46,1433600,7,765,6.269193172454834,273.19,,,0.5368437296152115,,0.2,,0.22577685117721558,,0.3395451009273529,,1388,0.0002,,0.0646875,,-0.36437063306570056,0.0014459537947550415,0.007110597,,,,,,,,,,,,,,,,,,,,,
53,1438720,8,761,6.275351047515869,271.64,,,0.4955268910527229,,0.2,,0.26475054025650024,,0.22852307558059692,,1393,0.0002,,0.071953125,,-0.38884426414966583,0.0006532429764047266,0.006479381,,,,,,,,,,,,,,,,,,,,,
60,1443840,9,756,6.157505989074707,270.81,,,0.5056612786650657,,0.2,,0.30270880460739136,,0.22869576513767242,,1398,0.0002,,0.0734765625,,-0.36300008416175844,-0.0008380908612161874,0.007257244,,,,,,,,,,,,,,,,,,,,,
67,1448960,10,754,6.2985663414001465,266.57,,,0.5853865358233452,,0.2,,0.3661423325538635,,0.2890206575393677,,1403,0.0002,,0.080703125,,-0.36854701429605485,-0.0005126184411346912,0.008583399,,,,,,,,,,,,,,,,,,,,,
,,,,,,,,0.5578894883394241,,0.2,,0.3954120874404907,,0.21030797064304352,,1408,0.0002,,0.069609375,,-0.351291184425354,-0.0014962256141006947,0.0074793682,0.87,0,91.22744926829861,3,260.55,2.357166412340726,1075200,6.478139994740486,,,,,,,,,,,,,
,,,,,,,,,,,,,,,,,,,,,,,,0.27,1,121.98237413659402,3,366.02,3.7761676816807714,1075200,1.7618365090340375,,,,,,,,,,,,,
,,,,,,,,,,,,,,,,,,,,,,,,,,,3,,,1075200,,0,0.0,6.75,0.87,0.27,0.87,0,157.3,0,0.6,0,0.87,0
4,1454080,1,1110,6.157736778259277,270.06,1,440,,0.015,,11,,0.0002,,3,,,15,,1075200,,,,,,,,,,,,,,,,,,,,,,,,
11,1459200,2,858,6.380397796630859,259.4,,,0.5113264384865761,,0.2,,0.31222808361053467,,0.21856997907161713,,1413,0.0002,,0.0937890625,,-0.36750187635421755,-0.0012157865520566703,0.0096968375,,,,,,,,,,,,,,,,,,,,,
18,1464320,3,813,6.546926498413086,250.16,,,0.5084469747543335,,0.2,,0.4408382177352905,,0.24963156878948212,,1418,0.0002,,0.0562890625,,-0.377479664683342,-0.0010199711797758938,0.0050977506,,,,,,,,,,,,,,,,,,,,,
26,1469440,4,784,6.429739475250244,253.9,,,0.4029852110147476,,0.2,,0.287838339805603,,0.29681676626205444,,1423,0.0002,,0.0723046875,,-0.3518850502371788,3.9105783216655254e-05,0.0066501116,,,,,,,,,,,,,,,,,,,,,
33,1474560,5,769,6.240900039672852,266.6,,,0.38110401436686514,,0.2,,0.4643057584762573,,0.12147782742977142,,1428,0.0002,,0.0698046875,,-0.3539788413047791,-0.0008502045180648566,0.009186233,,,,,,,,,,,,,,,,,,,,,
40,1479680,6,762,6.131622314453125,267.89,,,0.3715043391287327,,0.2,,0.2806137800216675,,0.17108730971813202,,1433,0.0002,,0.0746484375,,-0.3302306932210922,0.0005019843392074108,0.010438286,,,,,,,,,,,,,,,,,,,,,
47,1484800,7,759,5.98109245300293,275.96,,,0.4932074052095413,,0.2,,0.47792673110961914,,0.25086140632629395,,1438,0.0002,,0.056796875,,-0.3234077131748199,-6.014244165271521e-05,0.008042298,,,,,,,,,,,,,,,,,,,,,
54,1489920,8,758,5.785992622375488,285.82,,,0.40296993985772134,,0.2,,0.246027410030365,,0.16965676844120026,,1443,0.0002,,0.066171875,,-0.3171540805697441,0.00024895120412111283,0.009363462,,,,,,,,,,,,,,,,,,,,,
60,1495040,9,755,5.826946258544922,286.94,,,0.43104192703962324,,0.2,,0.3350006341934204,,0.22645440697669983,,1448,0.0002,,0.055625,,-0.31773179799318313,-0.0005249467073008418,0.0054742666,,,,,,,,,,,,,,,,,,,,,
67,1500160,10,754,5.68698263168335,284.51,,,0.4868098518252373,,0.2,,0.2865946888923645,,0.21358557045459747,,1453,0.0002,,0.0671484375,,-0.32148387223482133,-0.0008210043236613274,0.006211206,,,,,,,,,,,,,,,,,,,,,
,,,,,,,,0.4200776392221451,,0.2,,0.4684380292892456,,0.24968145787715912,,1458,0.0002,,0.0605078125,,-0.3375738686323166,-0.0009080427838489413,0.005437138,0.85,0,95.60654580100673,3,268.22,2.461758243022347,1126400,6.338543429933488,,,,,,,,,,,,,
,,,,,,,,,,,,,,,,,,,,,,,,0.28,1,120.24224673549644,3,365.61,3.813119731473285,1126400,1.7729255679994822,,,,,,,,,,,,,
,,,,,,,,,,,,,,,,,,,,,,,,,,,3,,,1126400,,0,0.0,6.75,0.85,0.28,0.85,0,157.3,0,0.57,0,0.85,0
4,1505280,1,1056,5.785899639129639,279.45,1,440,,0.015,,11,,0.0002,,3,,,15,,1126400,,,,,,,,,,,,,,,,,,,,,,,,
11,1510400,2,866,5.798452377319336,282.47,,,0.5289659702777862,,0.2,,0.23281443119049072,,0.2722119688987732,,1463,0.0002,,0.0555078125,,-0.3217579826712608,-0.001800053184852004,0.005621324,,,,,,,,,,,,,,,,,,,,,
18,1515520,3,811,5.851132869720459,278.83,,,0.4969698891043663,,0.2,,0.2077539563179016,,0.24434620141983032,,1468,0.0002,,0.0715234375,,-0.32154636025428773,-0.000395959229208529,0.005025891,,,,,,,,,,,,,,,,,,,,,
25,1520640,4,788,5.684841156005859,287.96,,,0.4898244708776474,,0.2,,0.259493887424469,,0.15690977871418,,1473,0.0002,,0.073671875,,-0.3136425372958183,0.0004883813904598356,0.00863741,,,,,,,,,,,,,,,,,,,,,
33,1525760,5,775,6.041635513305664,281.64,,,0.4777108792960644,,0.2,,0.2982114553451538,,0.3859597444534302,,1478,0.0002,,0.08625,,-0.3409861972928047,-0.0016287026554346084,0.016564475,,,,,,,,,,,,,,,,,,,,,
40,1530880,6,766,6.115269184112549,280.96,,,0.5841402998566627,,0.2,,0.2669251561164856,,0.2569009065628052,,1483,0.0002,,0.070859375,,-0.3454249170422554,-0.0019825353659689428,0.008728774,,,,,,,,,,,,,,,,,,,,,
47,1536000,7,761,6.0554280281066895,284.74,,,0.5197146075963974,,0.2,,0.31471890211105347,,0.29143601655960083,,1488,0.0002,,0.06046875,,-0.358116452395916,0.0005055484175682068,0.0058537456,,,,,,,,,,,,,,,,,,,,,
54,1541120,8,758,6.051333427429199,288.7,,,0.4414481121301651,,0.2,,0.32270050048828125,,0.23508736491203308,,1493,0.0002,,0.0823828125,,-0.3577593073248863,-0.00014332882594317198,0.009284926,,,,,,,,,,,,,,,,,,,,,
61,1546240,9,754,6.021229267120361,289.55,,,0.4813725313544273,,0.2,,0.17204713821411133,,0.2855629622936249,,1498,0.0002,,0.07421875,,-0.334541120827198,-0.0017686886945739388,0.006886326,,,,,,,,,,,,,,,,,,,,,
68,1551360,10,751,6.011744976043701,290.85,,,0.533009503185749,,0.2,,0.3085654377937317,,0.19910375773906708,,1503,0.0002,,0.0718359375,,-0.36123365551233294,-0.001062362315133214,0.00899819,,,,,,,,,,,,,,,,,,,,,
,,,,,,,,0.5054847800731659,,0.2,,0.28076171875,,0.1664230227470398,,1508,0.0002,,0.08515625,,-0.3632337951660156,-0.0030481988145038487,0.011750454,0.84,0,92.49389169020839,3,274.6,2.438832307384928,1177600,6.250385713875294,,,,,,,,,,,,,
,,,,,,,,,,,,,,,,,,,,,,,,0.23,1,115.3208636804286,3,377.28,3.521594133728784,1177600,1.4976920987665654,,,,,,,,,,,,,
,,,,,,,,,,,,,,,,,,,,,,,,,,,3,,,1177600,,0,0.0,6.75,0.84,0.23,0.84,0,157.3,0,0.61,0,0.84,0
4,1556480,1,1106,5.874813079833984,295.03,1,440,,0.015,,11,,0.0002,,3,,,15,,1177600,,,,,,,,,,,,,,,,,,,,,,,,
11,1561600,2,886,5.854983329772949,289.18,,,0.5359197899699211,,0.2,,0.28457266092300415,,0.2803708016872406,,1513,0.0002,,0.0819921875,,-0.3746815288066864,0.0004209006391465664,0.0070978343,,,,,,,,,,,,,,,,,,,,,
18,1566720,3,830,5.805699348449707,287.08,,,0.6543687903881072,,0.2,,0.28982657194137573,,0.25808167457580566,,1518,0.0002,,0.0626171875,,-0.3735727074742317,-0.000747660887427628,0.0063314764,,,,,,,,,,,,,,,,,,,,,
25,1571840,4,805,5.880972862243652,279.7,,,0.5025085309147834,,0.2,,0.19724899530410767,,0.3311971127986908,,1523,0.0002,,0.07421875,,-0.3506423029303551,0.000547716086730361,0.0075467415,,,,,,,,,,,,,,,,,,,,,
32,1576960,5,787,5.8110151290893555,282.33,,,0.542627241909504,,0.2,,0.2033664584159851,,0.18699271976947784,,1528,0.0002,,0.0770703125,,-0.3770415198802948,-0.0009498076373711229,0.009602433,,,,,,,,,,,,,,,,,,,,,
39,1582080,6,778,5.869132041931152,281.97,,,0.5490617939829826,,0.2,,0.14246946573257446,,0.2432365119457245,,1533,0.0002,,0.0765625,,-0.3877264192700386,0.00091575026512146,0.0087515395,,,,,,,,,,,,,,,,,,,,,
46,1587200,7,770,5.878915309906006,282.45,,,0.5470959913730621,,0.2,,0.2805835008621216,,0.2090325951576233,,1538,0.0002,,0.0572265625,,-0.3969905519485474,-0.0012199782487004995,0.007763899,,,,,,,,,,,,,,,,,,,,,
53,1592320,8,765,6.008908271789551,286.6,,,0.4378319525718689,,0.2,,0.24703484773635864,,0.1756173074245453,,1543,0.0002,,0.079140625,,-0.4099312779307365,0.00032788888551294804,0.007410715,,,,,,,,,,,,,,,,,,,,,
60,1597440,9,761,6.285496711730957,278.77,,,0.5763198664784431,,0.2,,0.2681204080581665,,0.28364384174346924,,1548,0.0002,,0.0653515625,,-0.3992134290933609,-0.0029180716956034303,0.004824398,,,,,,,,,,,,,,,,,,,,,
67,1602560,10,757,6.331926345825195,281.43,,,0.5829652681946754,,0.2,,0.2945324778556824,,0.2993215322494507,,1553,0.0002,,0.079609375,,-0.42475404947996137,6.061805877834558e-05,0.006091951,,,,,,,,,,,,,,,,,,,,,
,,,,,,,,0.5154739624261856,,0.2,,0.29437148571014404,,0.27754515409469604,,1558,0.0002,,0.0687109375,,-0.4356700873374939,-0.0006989279156550765,0.0055379434,0.83,0,92.35963187453704,3,281.72,2.571500428111649,1228800,6.148719705892727,,,,,,,,,,,,,
,,,,,,,,,,,,,,,,,,,,,,,,0.26,1,122.1400245619756,3,367.88,3.7118557612157788,1228800,1.668316320106387,,,,,,,,,,,,,
,,,,,,,,,,,,,,,,,,,,,,,,,,,3,,,1228800,,0,0.0,6.75,0.83,0.26,0.83,0,157.3,0,0.57,0,0.83,0
4,1607680,1,1083,6.180241107940674,289.39,1,440,,0.015,,11,,0.0002,,3,,,15,,1228800,,,,,,,,,,,,,,,,,,,,,,,,
11,1612800,2,872,6.184908866882324,288.26,,,0.5078082653880119,,0.2,,0.2547348737716675,,0.3015265166759491,,1563,0.0002,,0.079609375,,-0.4334410145878792,-4.888882860541344e-05,0.007489892,,,,,,,,,,,,,,,,,,,,,
18,1617920,3,812,6.198968887329102,283.92,,,0.619533232152462,,0.2,,0.28657883405685425,,0.35851970314979553,,1568,0.0002,,0.0718359375,,-0.4049938380718231,-0.002303909324109554,0.006593196,,,,,,,,,,,,,,,,,,,,,
25,1623040,4,794,6.252565860748291,281.94,,,0.5788054057955742,,0.2,,0.3139786124229431,,0.17908522486686707,,1573,0.0002,,0.0628125,,-0.41718102872371676,-0.0022628437587991356,0.007637,,,,,,,,,,,,,,,,,,,,,
33,1628160,5,761,6.280905723571777,277.51,,,0.5591462934017182,,0.2,,0.3330414891242981,,0.26473724842071533,,1578,0.0002,,0.06921875,,-0.4024461168050766,-0.0006309392768889666,0.0053416085,,,,,,,,,,,,,,,,,,,,,
40,1633280,6,753,6.364121913909912,272.27,,,0.5704370918869972,,0.2,,0.38952893018722534,,0.2859044373035431,,1583,0.0002,,0.05875,,-0.399477961063385,-0.0013456112425774336,0.0076448447,,,,,,,,,,,,,,,,,,,,,
49,1638400,7,728,6.440908908843994,269.84,,,0.444923055768013,,0.2,,0.393979012966156,,0.21142171323299408,,1588,0.0002,,0.0609765625,,-0.3874352657794952,-0.0012948745535686613,0.006180165,,,,,,,,,,,,,,,,,,,,,
56,1643520,8,723,6.546482086181641,262.98,,,0.5986583212018013,,0.2,,0.4369892477989197,,0.28184765577316284,,1593,0.0002,,0.0568359375,,-0.39912561714649203,0.00013956663198769092,0.006614675,,,,,,,,,,,,,,,,,,,,,
63,1648640,9,723,6.499629497528076,262.89,,,0.4905490380525589,,0.2,,0.4905529022216797,,0.19352476298809052,,1598,0.0002,,0.065234375,,-0.4222057500481606,-0.0019910663552582266,0.008171993,,,,,,,,,,,,,,,,,,,,,
70,1653760,10,723,6.417051792144775,266.95,,,0.4704726853966713,,0.2,,0.46672630310058594,,0.27512937784194946,,1603,0.0002,,0.05859375,,-0.3963571071624756,-0.0005552440416067839,0.0066917627,,,,,,,,,,,,,,,,,,,,,
,,,,,,,,0.40682174056768416,,0.2,,0.41115421056747437,,0.2401708960533142,,1608,0.0002,,0.0646484375,,-0.3718518668413162,0.00012170305475592614,0.008972574,0.82,0,92.18278093006307,3,285.07,2.6753899901012415,1280000,6.039513905090571,,,,,,,,,,,,,
,,,,,,,,,,,,,,,,,,,,,,,,0.33,1,127.56418737247535,3,350.91,3.9328951553274125,1280000,2.247417790591717,,,,,,,,,,,,,
,,,,,,,,,,,,,,,,,,,,,,,,,,,3,,,1280000,,0,0.0,6.75,0.82,0.33,0.82,0,157.3,0,0.48999999999999994,0,0.82,0
4,1658880,1,1123,6.328082084655762,271.55,1,440,,0.015,,11,,0.0002,,3,,,15,,1280000,,,,,,,,,,,,,,,,,,,,,,,,
11,1664000,2,867,6.3826680183410645,267.69,,,0.3712406423687935,,0.2,,0.5431824922561646,,0.17822764813899994,,1613,0.0002,,0.07703125,,-0.3502590647339821,4.8783656675368546e-05,0.010912831,,,,,,,,,,,,,,,,,,,,,
18,1669120,3,812,6.280203819274902,275.2,,,0.40465093195438384,,0.2,,0.5960912704467773,,0.14871984720230103,,1618,0.0002,,0.0623828125,,-0.3558049800992012,-0.00043544072192162273,0.008829089,,,,,,,,,,,,,,,,,,,,,
25,1674240,4,791,6.224123477935791,276.15,,,0.35014996692538264,,0.2,,0.4760485291481018,,0.14300879836082458,,1623,0.0002,,0.0651171875,,-0.34389563590288164,-0.00139486996922642,0.008026244,,,,,,,,,,,,,,,,,,,,,
32,1679360,5,780,6.311687469482422,271.87,,,0.4785974523425102,,0.2,,0.5260011553764343,,0.2566912770271301,,1628,0.0002,,0.053203125,,-0.3734744131565094,0.0004858343582600355,0.005094533,,,,,,,,,,,,,,,,,,,,,
39,1684480,6,769,6.093283653259277,279.64,,,0.40053113669157026,,0.2,,0.5490759611129761,,0.18999555706977844,,1633,0.0002,,0.07421875,,-0.38263983935117724,0.0004535662848502398,0.007560047,,,,,,,,,,,,,,,,,,,,,
46,1689600,7,777,6.215989589691162,271.87,,,0.385609638247941,,0.2,,0.47419410943984985,,0.2397017478942871,,1637,0.0002,,0.0991870777027027,,-0.36477120985855926,0.00043597364345112364,0.013687515,,,,,,,,,,,,,,,,,,,,,
53,1694720,8,768,6.064871311187744,279.47,,,0.42618806213140487,,0.2,,0.47465765476226807,,0.2744910717010498,,1642,0.0002,,0.089296875,,-0.38514215797185897,-0.0021114707831293347,0.009944515,,,,,,,,,,,,,,,,,,,,,
60,1699840,9,765,6.195647716522217,273.88,,,0.4116410458087921,,0.2,,0.36200112104415894,,0.17950449883937836,,1647,0.0002,,0.0723828125,,-0.3563935944437981,-0.0020767019875347612,0.010594546,,,,,,,,,,,,,,,,,,,,,
67,1704960,10,763,6.292096138000488,268.64,,,0.4508636409044266,,0.2,,0.35259222984313965,,0.17987404763698578,,1652,0.0002,,0.054453125,,-0.35729350268840787,-0.001657998817972839,0.0056018448,,,,,,,,,,,,,,,,,,,,,
,,,,,,,,0.5043006360530853,,0.2,,0.3689965605735779,,0.18350711464881897,,1657,0.0002,,0.0656640625,,-0.330111044049263,-0.00015512586571276188,0.007200158,0.8,0,97.72542964858225,3,286.98,2.6964049434018524,1331200,5.94831903770566,,,,,,,,,,,,,
,,,,,,,,,,,,,,,,,,,,,,,,0.26,1,110.0424845230241,3,375.46,3.647382434622779,1331200,1.6532961939275266,,,,,,,,,,,,,
,,,,,,,,,,,,,,,,,,,,,,,,,,,3,,,1331200,,0,0.0,6.75,0.8,0.26,0.8,0,157.3,0,0.54,0,0.8,0
4,1710080,1,1079,6.129424571990967,275.34,1,440,,0.015,,11,,0.0002,,3,,,15,,1331200,,,,,,,,,,,,,,,,,,,,,,,,
13,1715200,2,738,6.118443489074707,278.33,,,0.3613663983345032,,0.2,,0.3617531657218933,,0.1935829073190689,,1662,0.0002,,0.0609765625,,-0.340368764102459,-0.0004003783967345953,0.005820065,,,,,,,,,,,,,,,,,,,,,
21,1720320,3,717,6.249696731567383,274.61,,,0.4336291813850403,,0.2,,0.3020511865615845,,0.17131641507148743,,1667,0.0002,,0.071328125,,-0.3210483956336975,-0.0008204464986920356,0.0083857635,,,,,,,,,,,,,,,,,,,,,
28,1725440,4,718,6.128404140472412,276.43,,,0.5215694054961204,,0.2,,0.3086426854133606,,0.22739772498607635,,1672,0.0002,,0.05171875,,-0.3161249849200249,-0.0009584092441946268,0.004381772,,,,,,,,,,,,,,,,,,,,,
35,1730560,5,723,6.095149517059326,283.03,,,0.41685464173555375,,0.2,,0.27032434940338135,,0.20050548017024994,,1677,0.0002,,0.0440234375,,-0.3118390944600105,-0.0002981870202347636,0.005823872,,,,,,,,,,,,,,,,,,,,,
42,1735680,6,727,6.0740966796875,282.14,,,0.5722925390303135,,0.2,,0.2052556276321411,,0.2651921808719635,,1682,0.0002,,0.0583203125,,-0.3346245092153549,-0.0008193602971732617,0.0060502524,,,,,,,,,,,,,,,,,,,,,
49,1740800,7,728,6.170828342437744,278.6,,,0.6045384269952774,,0.2,,0.2453635334968567,,0.2218506634235382,,1687,0.0002,,0.0600390625,,-0.3626599204540253,-0.0011003897897899151,0.0052633546,,,,,,,,,,,,,,,,,,,,,
56,1745920,8,728,6.2679595947265625,279.1,,,0.5237882792949676,,0.2,,0.1299777626991272,,0.2536562979221344,,1692,0.0002,,0.0493359375,,-0.3539989906549454,-0.001190859731286764,0.0055957604,,,,,,,,,,,,,,,,,,,,,
64,1751040,9,718,6.2613420486450195,278.69,,,0.4998095741868019,,0.2,,0.18171876668930054,,0.2723153233528137,,1697,0.0002,,0.0581640625,,-0.34056482911109925,-0.00023103647399693727,0.004490095,,,,,,,,,,,,,,,,,,,,,
71,1756160,10,717,6.328002452850342,279.07,,,0.5542212238907814,,0.2,,0.22964495420455933,,0.26479172706604004,,1702,0.0002,,0.067578125,,-0.3801760494709015,-0.003453805670142174,0.0066427486,,,,,,,,,,,,,,,,,,,,,
,,,,,,,,0.4811921140551567,,0.2,,0.22292131185531616,,0.23198771476745605,,1707,0.0002,,0.053515625,,-0.36539875596761706,-0.000965504040941596,0.004512505,0.84,0,90.3362053663978,3,281.7,2.4667107859361304,1382400,6.220823474302888,,,,,,,,,,,,,
,,,,,,,,,,,,,,,,,,,,,,,,0.24,1,114.90457954320183,3,375.76,3.6098035549709193,1382400,1.487500812113285,,,,,,,,,,,,,
,,,,,,,,,,,,,,,,,,,,,,,,,,,3,,,1382400,,0,0.0,6.75,0.84,0.24,0.84,0,157.3,0,0.6,0,0.84,0
4,1761280,1,1095,6.271622180938721,282.85,1,440,,0.015,,11,,0.0002,,3,,,15,,1382400,,,,,,,,,,,,,,,,,,,,,,,,
12,1766400,2,849,6.118592739105225,289.22,,,0.4850970759987831,,0.2,,0.17583781480789185,,0.2031809240579605,,1712,0.0002,,0.0548046875,,-0.36657462775707245,0.000585429910570383,0.00731977,,,,,,,,,,,,,,,,,,,,,
19,1771520,3,801,5.967504978179932,294.3,,,0.46447214886546134,,0.2,,0.2291664481163025,,0.18984147906303406,,1717,0.0002,,0.0787109375,,-0.38921334147453307,-0.001274415454827249,0.011408111,,,,,,,,,,,,,,,,,,,,,
26,1776640,4,782,5.8047566413879395,295.45,,,0.5007351565361023,,0.2,,0.2258085012435913,,0.2889254093170166,,1722,0.0002,,0.07078125,,-0.3936623102426529,-0.00197948990855366,0.007456146,,,,,,,,,,,,,,,,,,,,,
34,1781760,5,750,5.645474910736084,304.97,,,0.561263671219349,,0.2,,0.23119348287582397,,0.24278780817985535,,1727,0.0002,,0.065234375,,-0.4193266817927361,-0.0011437661433592438,0.011245908,,,,,,,,,,,,,,,,,,,,,
41,1786880,6,739,5.4790940284729,304.93,,,0.5836343628168106,,0.2,,0.1965370774269104,,0.32701143622398376,,1732,0.0002,,0.08546875,,-0.41327168971300127,-0.000452337060123682,0.012531877,,,,,,,,,,,,,,,,,,,,,
49,1792000,7,730,5.615391254425049,299.98,,,0.46785308241844176,,0.2,,0.25960391759872437,,0.22036191821098328,,1737,0.0002,,0.0596875,,-0.4271004694700241,-0.00039357230998575686,0.0068631796,,,,,,,,,,,,,,,,,,,,,
56,1797120,8,727,5.811611175537109,294.9,,,0.5270977346599102,,0.2,,0.21833866834640503,,0.2549886703491211,,1742,0.0002,,0.0526171875,,-0.4139718234539032,-0.0003079787455499172,0.005009773,,,,,,,,,,,,,,,,,,,,,
63,1802240,9,724,5.770811557769775,295.17,,,0.6273523566126823,,0.2,,0.18862521648406982,,0.2575424313545227,,1747,0.0002,,0.0677734375,,-0.42538814187049867,-0.0015185539796948432,0.0065166517,,,,,,,,,,,,,,,,,,,,,
71,1807360,10,711,5.764469146728516,296.33,,,0.6178151327371597,,0.2,,0.2631833553314209,,0.41910549998283386,,1752,0.0002,,0.0692578125,,-0.41386235803365706,-0.0014831519545987248,0.005985794,,,,,,,,,,,,,,,,,,,,,
,,,,,,,,0.5313800236582756,,0.2,,0.2445799708366394,,0.2730845510959625,,1757,0.0002,,0.055546875,,-0.4122513836622238,0.0009077811287716031,0.005313647,0.86,0,88.01981311045826,3,282.45,2.339976935837006,1433600,6.333353165704757,,,,,,,,,,,,,
,,,,,,,,,,,,,,,,,,,,,,,,0.36,1,125.5199091777874,3,346.82,3.945820385120271,1433600,2.5362727968394756,,,,,,,,,,,,,
,,,,,,,,,,,,,,,,,,,,,,,,,,,3,,,1433600,,0,0.0,6.75,0.86,0.36,0.86,0,157.3,0,0.5,0,0.86,0
4,1812480,1,1136,5.898227691650391,287.57,1,440,,0.015,,11,,0.0002,,3,,,15,,1433600,,,,,,,,,,,,,,,,,,,,,,,,
11,1817600,2,880,6.107055187225342,280.73,,,0.5356769314408303,,0.2,,0.2837527394294739,,0.24507766962051392,,1762,0.0002,,0.0550390625,,-0.3950092306733131,-0.00026509329676628114,0.006659386,,,,,,,,,,,,,,,,,,,,,
18,1822720,3,822,6.118162155151367,280.48,,,0.557581733763218,,0.2,,0.4114593267440796,,0.32461869716644287,,1767,0.0002,,0.0440625,,-0.40620592296123503,-0.0014958037389442324,0.0048981905,,,,,,,,,,,,,,,,,,,,,
25,1827840,4,789,6.2456536293029785,270.24,,,0.4718322357535362,,0.2,,0.3557000756263733,,0.1447973996400833,,1772,0.0002,,0.064609375,,-0.36705761551856997,-0.00039934977889060974,0.009931659,,,,,,,,,,,,,,,,,,,,,
34,1832960,5,731,6.2203288078308105,272.44,,,0.4965080028772354,,0.2,,0.37810516357421875,,0.24739819765090942,,1777,0.0002,,0.0691796875,,-0.39602514415979384,0.0014827081840485335,0.00922082,,,,,,,,,,,,,,,,,,,,,
42,1838080,6,715,6.23061466217041,272.49,,,0.4694764393568039,,0.2,,0.4837493896484375,,0.14364862442016602,,1782,0.0002,,0.04453125,,-0.3899729460477829,-0.001216312199831009,0.0068936,,,,,,,,,,,,,,,,,,,,,
50,1843200,7,713,6.077064037322998,281.65,,,0.4489771363139152,,0.2,,0.45966094732284546,,0.2081214040517807,,1787,0.0002,,0.0601171875,,-0.3786319637298584,-0.0010131943318992852,0.004870494,,,,,,,,,,,,,,,,,,,,,
57,1848320,8,714,6.140110492706299,275.62,,,0.45401034623384473,,0.2,,0.4446881413459778,,0.14555209875106812,,1792,0.0002,,0.0648828125,,-0.3567248356342316,-0.0006775829009711742,0.0059729475,,,,,,,,,,,,,,,,,,,,,
65,1853440,9,700,5.935642719268799,283.06,,,0.5370182695984841,,0.2,,0.4905397295951843,,0.19673483073711395,,1797,0.0002,,0.0608984375,,-0.3678000396490097,-0.0012774837901815771,0.0062582507,,,,,,,,,,,,,,,,,,,,,
74,1858560,10,689,6.009493827819824,279.86,,,0.33207057729363443,,0.2,,0.6083195209503174,,0.1727999895811081,,1802,0.0002,,0.063046875,,-0.3448207226395607,-0.0010071298852562904,0.0069914856,,,,,,,,,,,,,,,,,,,,,
,,,,,,,,0.5055239671468734,,0.2,,0.4738925099372864,,0.15312276780605316,,1807,0.0002,,0.0611328125,,-0.34173122107982634,-0.0012983599677681922,0.009083269,0.83,0,100.22907512294024,3,281.15,2.6560706201641784,1484800,6.0601269771158695,,,,,,,,,,,,,
,,,,,,,,,,,,,,,,,,,,,,,,0.27,1,118.48312116077969,3,368.7,3.6293080410018215,1484800,1.8697651227563619,,,,,,,,,,,,,
,,,,,,,,,,,,,,,,,,,,,,,,,,,3,,,1484800,,0,0.0,6.75,0.83,0.27,0.83,0,157.3,0,0.5599999999999999,0,0.83,0
5,1863680,1,965,5.873778820037842,283.25,1,440,,0.015,,11,,0.0002,,3,,,15,,1484800,,,,,,,,,,,,,,,,,,,,,,,,
13,1868800,2,743,5.8783464431762695,283.08,,,0.4292594577372074,,0.2,,0.4436156749725342,,0.1910516768693924,,1812,0.0002,,0.072578125,,-0.3557495254278183,-0.0013405023398809135,0.0075001842,,,,,,,,,,,,,,,,,,,,,
21,1873920,3,718,5.839222431182861,283.68,,,0.49528241991996763,,0.2,,0.36800330877304077,,0.17036285996437073,,1817,0.0002,,0.060234375,,-0.34196199536323546,-0.0022816385747864844,0.004771554,,,,,,,,,,,,,,,,,,,,,
28,1879040,4,710,5.930097579956055,278.57,,,0.5238654398918152,,0.2,,0.4440079927444458,,0.3126261532306671,,1822,0.0002,,0.0458203125,,-0.3212916025519371,0.0005247379653155803,0.004185344,,,,,,,,,,,,,,,,,,,,,
35,1884160,5,711,6.113349437713623,272.75,,,0.4790391033887863,,0.2,,0.4104076623916626,,0.2951229512691498,,1827,0.0002,,0.0489453125,,-0.3531954592466354,3.825328312814236e-06,0.004144621,,,,,,,,,,,,,,,,,,,,,
43,1889280,6,713,6.252865791320801,267.21,,,0.5816710817813874,,0.2,,0.3456686735153198,,0.26031288504600525,,1832,0.0002,,0.0562109375,,-0.36107465654611587,0.0006255912221968174,0.0054375315,,,,,,,,,,,,,,,,,,,,,
50,1894400,7,716,6.181075572967529,269.26,,,0.5603999042510986,,0.2,,0.33343589305877686,,0.2271948754787445,,1837,0.0002,,0.0675390625,,-0.35981561213731766,-0.0019369211327284574,0.007106161,,,,,,,,,,,,,,,,,,,,,
57,1899520,8,716,5.994576454162598,270.99,,,0.440327346175909,,0.2,,0.2658611536026001,,0.2619883418083191,,1842,0.0002,,0.0584765625,,-0.3499423682689667,-0.0008238948928192258,0.0046473495,,,,,,,,,,,,,,,,,,,,,
64,1904640,9,718,5.842627048492432,275.41,,,0.40628402814269066,,0.2,,0.30420905351638794,,0.20050594210624695,,1847,0.0002,,0.0674609375,,-0.36437427073717116,-0.0007344646379351616,0.008515544,,,,,,,,,,,,,,,,,,,,,
71,1909760,10,719,5.855808258056641,276.19,,,0.6114462685585021,,0.2,,0.35245734453201294,,0.209726020693779,,1852,0.0002,,0.0762890625,,-0.38225386768579483,-0.0022560563217848537,0.007146881,,,,,,,,,,,,,,,,,,,,,
,,,,,,,,0.5881767925620079,,0.2,,0.2552303671836853,,0.20943571627140045,,1857,0.0002,,0.0728125,,-0.4081672102212906,-0.0016755708772689104,0.0066418787,0.94,0,80.44053704445291,3,258.0,1.7515558244066969,1536000,6.871756744086742,,,,,,,,,,,,,
,,,,,,,,,,,,,,,,,,,,,,,,0.23,1,115.82114616942799,3,376.89,3.507892557834054,1536000,1.4898657713457941,,,,,,,,,,,,,
,,,,,,,,,,,,,,,,,,,,,,,,,,,3,,,1536000,,0,0.0,6.75,0.94,0.23,0.94,0,157.3,0,0.71,0,0.94,0
4,1914880,1,1133,5.9007391929626465,276.87,1,440,,0.015,,11,,0.0002,,3,,,15,,1536000,,,,,,,,,,,,,,,,,,,,,,,,
11,1920000,2,861,5.800046443939209,283.83,,,0.5789813482761383,,0.2,,0.1861078143119812,,0.20577311515808105,,1862,0.0002,,0.0590234375,,-0.38218491613864897,-0.0014109165919944644,0.004612559,,,,,,,,,,,,,,,,,,,,,
18,1925120,3,809,5.916306018829346,281.6,,,0.4998472866415977,,0.2,,0.26568299531936646,,0.2128734141588211,,1867,0.0002,,0.06625,,-0.38667076498270037,-0.0017928977753035723,0.0060774297,,,,,,,,,,,,,,,,,,,,,
25,1930240,4,790,6.129432201385498,279.54,,,0.4166417993605137,,0.2,,0.297213077545166,,0.12574835121631622,,1872,0.0002,,0.080859375,,-0.38294544965028765,-0.0020772983599454163,0.007560333,,,,,,,,,,,,,,,,,,,,,
32,1935360,5,778,6.108231067657471,285.05,,,0.5484680262207985,,0.2,,0.21898382902145386,,0.2748048007488251,,1877,0.0002,,0.0805078125,,-0.3566699090600014,0.000500199138186872,0.008742021,,,,,,,,,,,,,,,,,,,,,
39,1940480,6,770,5.981177806854248,290.78,,,0.5516467547416687,,0.2,,0.1779341697692871,,0.23607783019542694,,1882,0.0002,,0.058125,,-0.35486907720565797,1.6381321474909784e-05,0.00805407,,,,,,,,,,,,,,,,,,,,,
46,1945600,7,764,5.797898769378662,291.84,,,0.4773872300982475,,0.2,,0.21449363231658936,,0.265853613615036,,1887,0.0002,,0.0468359375,,-0.3253910997509956,0.0005482628429308534,0.0044321315,,,,,,,,,,,,,,,,,,,,,
53,1950720,8,760,5.680218696594238,294.23,,,0.5344258548319339,,0.2,,0.2559186816215515,,0.43406128883361816,,1892,0.0002,,0.06140625,,-0.3413922354578972,-0.0005126996035687625,0.008323738,,,,,,,,,,,,,,,,,,,,,
60,1955840,9,756,5.839670181274414,290.28,,,0.5326610425114632,,0.2,,0.20991504192352295,,0.26588308811187744,,1897,0.0002,,0.0596875,,-0.33538206309080126,-0.00169121113140136,0.004945016,,,,,,,,,,,,,,,,,,,,,
68,1960960,10,751,5.722336292266846,293.65,,,0.5458529996871948,,0.2,,0.226173996925354,,0.22986432909965515,,1902,0.0002,,0.0621875,,-0.366015220284462,-0.002298857420682907,0.005630232,,,,,,,,,,,,,,,,,,,,,
,,,,,,,,0.5288951924443245,,0.2,,0.20152968168258667,,0.25570541620254517,,1907,0.0002,,0.0538671875,,-0.4061001273989677,-0.0017367125581949948,0.0048860246,0.78,0,98.05828623833888,3,297.75,2.738922302720562,1587200,5.784911207407713,,,,,,,,,,,,,
,,,,,,,,,,,,,,,,,,,,,,,,0.18,1,102.0216540740249,3,392.39,3.254562373752536,1587200,1.0201904793269931,,,,,,,,,,,,,
,,,,,,,,,,,,,,,,,,,,,,,,,,,3,,,1587200,,0,0.0,6.75,0.78,0.18,0.78,0,157.3,0,0.6000000000000001,0,0.78,0
4,1966080,1,1094,5.8490190505981445,291.17,1,440,,0.015,,11,,0.0002,,3,,,15,,1587200,,,,,,,,,,,,,,,,,,,,,,,,
12,1971200,2,850,5.641546726226807,297.33,,,0.5686014899611473,,0.2,,0.296251118183136,,0.36967015266418457,,1912,0.0002,,0.0499609375,,-0.41243711292743684,-0.0024444127874448896,0.0056264605,,,,,,,,,,,,,,,,,,,,,
19,1976320,3,805,5.814400672912598,298.78,,,0.34288220167160033,,0.2,,0.3609310984611511,,0.16431663930416107,,1917,0.0002,,0.0709765625,,-0.4082598412036896,-0.0031114483810961244,0.005991236,,,,,,,,,,,,,,,,,,,,,
25,1981440,4,790,5.895588397979736,294.88,,,0.5143349662423133,,0.2,,0.3129207491874695,,0.20528671145439148,,1922,0.0002,,0.0458984375,,-0.3931972640752792,0.0003075743978843093,0.0022399924,,,,,,,,,,,,,,,,,,,,,
32,1986560,5,776,5.707636833190918,299.11,,,0.5122154581546784,,0.2,,0.38779085874557495,,0.22789889574050903,,1927,0.0002,,0.0481640625,,-0.40419740945100785,-0.0019098458951339126,0.004737922,,,,,,,,,,,,,,,,,,,,,
41,1991680,6,749,5.7620015144348145,296.36,,,0.4757283091545105,,0.2,,0.38099735975265503,,0.23020681738853455,,1932,0.0002,,0.0546875,,-0.3968233236670494,-0.001423322786577046,0.0053388793,,,,,,,,,,,,,,,,,,,,,
47,1996800,7,748,5.690101146697998,296.29,,,0.5451857537031174,,0.2,,0.34676623344421387,,0.20001518726348877,,1937,0.0002,,0.061953125,,-0.4423800939321518,-0.0014199541881680488,0.006677425,,,,,,,,,,,,,,,,,,,,,
55,2001920,8,735,5.917757511138916,291.35,,,0.6499674928188324,,0.2,,0.41056644916534424,,0.2814444601535797,,1942,0.0002,,0.061875,,-0.4343653106689453,-0.0015262230345979332,0.0051358314,,,,,,,,,,,,,,,,,,,,,
62,2007040,9,732,5.899906158447266,293.83,,,0.46706627994775773,,0.2,,0.35975170135498047,,0.19292917847633362,,1947,0.0002,,0.07453125,,-0.41954570174217226,-0.0012141892779618502,0.007998497,,,,,,,,,,,,,,,,,,,,,
70,2012160,10,729,5.696017265319824,299.73,,,0.5037963092327118,,0.2,,0.3991934657096863,,0.23822221159934998,,1952,0.0002,,0.0733984375,,-0.4003905442357063,-0.0009480557683855295,0.007273046,,,,,,,,,,,,,,,,,,,,,
,,,,,,,,0.5287994930148124,,0.2,,0.37515896558761597,,0.24779082834720612,,1957,0.0002,,0.0432421875,,-0.40116761744022367,-0.0007755626924335956,0.004494856,0.9,0,84.13620564299296,3,264.33,1.9794077817260143,1638400,6.662670141458511,,,,,,,,,,,,,
,,,,,,,,,,,,,,,,,,,,,,,,0.15,1,96.98258555019041,3,399.41,3.1420687795984716,1638400,0.5935115999728441,,,,,,,,,,,,,
,,,,,,,,,,,,,,,,,,,,,,,,,,,3,,,1638400,,0,0.0,6.75,0.9,0.15,0.9,0,157.3,0,0.75,0,0.9,0
4,2017280,1,1099,5.614938735961914,300.42,1,440,,0.015,,11,,0.0002,,3,,,15,,1638400,,,,,,,,,,,,,,,,,,,,,,,,
11,2022400,2,877,5.79693603515625,296.33,,,0.32188264235854147,,0.2,,0.45738816261291504,,0.16829001903533936,,1962,0.0002,,0.07796875,,-0.39807735532522204,-3.3108594361692664e-05,0.012715071,,,,,,,,,,,,,,,,,,,,,
18,2027520,3,821,5.465123176574707,305.65,,,0.5847509822249413,,0.2,,0.40666425228118896,,0.2731536030769348,,1967,0.0002,,0.0561328125,,-0.3880001819133759,-0.0032356710731983184,0.005052726,,,,,,,,,,,,,,,,,,,,,
25,2032640,4,795,5.747438907623291,295.62,,,0.44746318727731704,,0.2,,0.2995108962059021,,0.26173022389411926,,1972,0.0002,,0.0736328125,,-0.4036249288916588,0.0004914695583283902,0.007447134,,,,,,,,,,,,,,,,,,,,,
32,2037760,5,783,5.588430404663086,297.67,,,0.6070764183998107,,0.2,,0.3023436665534973,,0.3078467845916748,,1977,0.0002,,0.073515625,,-0.40715916842222216,-0.0006425384851172566,0.0067828917,,,,,,,,,,,,,,,,,,,,,
39,2042880,6,777,5.610565185546875,292.63,,,0.4359735533595085,,0.2,,0.29310232400894165,,0.12332351505756378,,1982,0.0002,,0.079140625,,-0.3915296244621277,-0.0004691032599657774,0.009670846,,,,,,,,,,,,,,,,,,,,,
46,2048000,7,770,5.680902481079102,287.06,,,0.5248686364293098,,0.2,,0.3044440746307373,,0.36601921916007996,,1987,0.0002,,0.0796484375,,-0.39019848078489305,-0.0010093796765431762,0.010337922,,,,,,,,,,,,,,,,,,,,,
53,2053120,8,766,5.842894077301025,282.7,,,0.5240437895059585,,0.2,,0.25019460916519165,,0.20739920437335968,,1992,0.0002,,0.0813671875,,-0.3567052233219147,-0.0010397822689265012,0.0111976955,,,,,,,,,,,,,,,,,,,,,
60,2058240,9,763,5.905031681060791,281.6,,,0.5799019581079483,,0.2,,0.2979101538658142,,0.25835883617401123,,1997,0.0002,,0.0709375,,-0.349909910261631,-0.0006472443649545312,0.0068165446,,,,,,,,,,,,,,,,,,,,,
67,2063360,10,759,6.155088901519775,271.87,,,0.5315324592590333,,0.2,,0.2961721420288086,,0.2655600309371948,,2002,0.0002,,0.0566015625,,-0.38324652910232543,-0.0002190109551884234,0.006807281,,,,,,,,,,,,,,,,,,,,,
,,,,,,,,0.6274181607365609,,0.2,,0.3848627209663391,,0.3264515995979309,,2007,0.0002,,0.055703125,,-0.38179556250572205,-0.00036526014562696216,0.006133792,0.83,0,91.3191387388208,3,278.93,2.6324710192131624,1689600,6.115089170713909,,,,,,,,,,,,,
,,,,,,,,,,,,,,,,,,,,,,,,0.18,1,99.731577246126,3,393.45,3.3190041059308335,1689600,0.9101651553995908,,,,,,,,,,,,,
,,,,,,,,,,,,,,,,,,,,,,,,,,,3,,,1689600,,0,0.0,6.75,0.83,0.18,0.83,0,157.3,0,0.6499999999999999,0,0.83,0
4,2068480,1,1126,6.290029525756836,269.94,1,440,,0.015,,11,,0.0002,,3,,,15,,1689600,,,,,,,,,,,,,,,,,,,,,,,,
11,2073600,2,866,6.195112228393555,279.42,,,0.4290797105431557,,0.2,,0.42504119873046875,,0.22377154231071472,,2012,0.0002,,0.066484375,,-0.3746324545145035,-0.0019173856591805816,0.0070494907,,,,,,,,,,,,,,,,,,,,,
19,2078720,3,807,6.357447624206543,272.31,,,0.43940518379211424,,0.2,,0.39712029695510864,,0.1820148378610611,,2017,0.0002,,0.0623828125,,-0.3575589960813522,-0.001594579885713756,0.0077057546,,,,,,,,,,,,,,,,,,,,,
26,2083840,4,786,6.29683780670166,273.36,,,0.5498089560866356,,0.2,,0.3386344909667969,,0.2404257208108902,,2022,0.0002,,0.0671875,,-0.36759221106767653,-0.00033912608865648507,0.006464244,,,,,,,,,,,,,,,,,,,,,
32,2088960,5,779,6.163211822509766,278.1,,,0.48076366931200026,,0.2,,0.3361694812774658,,0.2192928045988083,,2027,0.0002,,0.07578125,,-0.370845630466938,0.0002630094741471112,0.005960858,,,,,,,,,,,,,,,,,,,,,
39,2094080,6,774,6.162652015686035,277.41,,,0.5632907459139824,,0.2,,0.35812896490097046,,0.30942320823669434,,2032,0.0002,,0.06953125,,-0.3911690339446068,-0.0017759700864553452,0.0050750044,,,,,,,,,,,,,,,,,,,,,
46,2099200,7,769,6.38046932220459,261.98,,,0.49115853250026703,,0.2,,0.4178866744041443,,0.2348361611366272,,2037,0.0002,,0.0930078125,,-0.40435564279556274,-0.0010553747788071633,0.012926388,,,,,,,,,,,,,,,,,,,,,
53,2104320,8,764,6.26718807220459,272.29,,,0.47713435590267184,,0.2,,0.45671147108078003,,0.23338943719863892,,2042,0.0002,,0.0750390625,,-0.4086334145069122,-0.000258793281391263,0.0073081204,,,,,,,,,,,,,,,,,,,,,
62,2109440,9,743,6.080982685089111,277.35,,,0.45551732301712033,,0.2,,0.34638816118240356,,0.1631641685962677,,2047,0.0002,,0.0747265625,,-0.39367752730846406,-0.0007860248675569892,0.0084531065,,,,,,,,,,,,,,,,,,,,,
69,2114560,10,732,6.063869476318359,280.48,,,0.35874892920255663,,0.2,,0.3238680958747864,,0.12188376486301422,,2052,0.0002,,0.07609375,,-0.40289590150117877,-0.0004287909995764494,0.0067216335,,,,,,,,,,,,,,,,,,,,,
,,,,,,,,0.5064143732190132,,0.2,,0.31478381156921387,,0.2553846538066864,,2057,0.0002,,0.076796875,,-0.41919403403997424,-0.0015789062972180546,0.008451281,0.9,0,83.26810373726543,3,264.27,2.1069369884278064,1740800,6.624835849404335,,,,,,,,,,,,,
,,,,,,,,,,,,,,,,,,,,,,,,0.24,1,115.06936125659168,3,375.61,3.7029197292354463,1740800,1.345808877972886,,,,,,,,,,,,,
,,,,,,,,,,,,,,,,,,,,,,,,,,,3,,,1740800,,0,0.0,6.75,0.9,0.24,0.9,0,157.3,0,0.66,0,0.9,0
4,2119680,1,1266,5.9184393882751465,283.72,1,440,,0.015,,11,,0.0002,,3,,,15,,1740800,,,,,,,,,,,,,,,,,,,,,,,,
11,2124800,2,928,5.974827289581299,284.93,,,0.5334286838769913,,0.2,,0.2856947183609009,,0.3203425109386444,,2062,0.0002,,0.06828125,,-0.438310514986515,-0.0023919861344620587,0.008324371,,,,,,,,,,,,,,,,,,,,,
17,2129920,3,870,5.884515285491943,290.68,,,0.6126547396183014,,0.2,,0.2671439051628113,,0.3509690463542938,,2067,0.0002,,0.0668359375,,-0.4364337533712387,-0.0006099332869052887,0.007133238,,,,,,,,,,,,,,,,,,,,,
24,2135040,4,841,6.045050144195557,289.66,,,0.453288799226284,,0.2,,0.2537674903869629,,0.12260504812002182,,2072,0.0002,,0.06609375,,-0.4383862769603729,-0.002006473117507994,0.0056159724,,,,,,,,,,,,,,,,,,,,,
30,2140160,5,826,6.0862884521484375,289.79,,,0.5085603979229927,,0.2,,0.2628849744796753,,0.14447946846485138,,2077,0.0002,,0.0701953125,,-0.4291608625650406,-0.0009797770343720914,0.0065765767,,,,,,,,,,,,,,,,,,,,,
37,2145280,6,814,6.049728870391846,291.01,,,0.43150168269872663,,0.2,,0.2871514558792114,,0.12117742747068405,,2082,0.0002,,0.0624609375,,-0.4298863813281059,-0.003173774522729218,0.006177476,,,,,,,,,,,,,,,,,,,,,
44,2150400,7,805,6.1500773429870605,285.24,,,0.5516746374964714,,0.2,,0.2802729606628418,,0.22789283096790314,,2087,0.0002,,0.0652734375,,-0.40288952976465225,-0.002515241540968418,0.007720175,,,,,,,,,,,,,,,,,,,,,
51,2155520,8,793,6.2769365310668945,281.76,,,0.621177741587162,,0.2,,0.2588508129119873,,0.29415279626846313,,2092,0.0002,,0.051171875,,-0.3983407947421074,-0.0003607687400653958,0.0056577055,,,,,,,,,,,,,,,,,,,,,
58,2160640,9,790,6.42587947845459,276.09,,,0.6071737483143806,,0.2,,0.34111350774765015,,0.2179759293794632,,2097,0.0002,,0.0569140625,,-0.3905784499645233,-0.000754922148771584,0.006162954,,,,,,,,,,,,,,,,,,,,,
65,2165760,10,775,6.538090705871582,268.25,,,0.4833081895112991,,0.2,,0.41132521629333496,,0.21718382835388184,,2102,0.0002,,0.0548046875,,-0.4150233539938927,-0.0027791674248874186,0.004502679,,,,,,,,,,,,,,,,,,,,,
,,,,,,,,0.4787578746676445,,0.2,,0.3862319588661194,,0.2655576169490814,,2107,0.0002,,0.0529296875,,-0.38542242735624316,-0.0019058870151638986,0.0050711716,0.86,0,89.72251668338333,3,275.3,2.322333413720404,1792000,6.3761184304952625,,,,,,,,,,,,,
,,,,,,,,,,,,,,,,,,,,,,,,0.12,1,88.7303211985621,3,407.49,2.850203157881579,1792000,0.5180099440366029,,,,,,,,,,,,,
,,,,,,,,,,,,,,,,,,,,,,,,,,,3,,,1792000,,0,0.0,6.75,0.86,0.12,0.86,0,157.3,0,0.74,0,0.86,0
4,2170880,1,1120,6.679824352264404,261.37,1,440,,0.015,,11,,0.0002,,3,,,15,,1792000,,,,,,,,,,,,,,,,,,,,,,,,
12,2176000,2,846,6.723021030426025,263.68,,,0.4503577995300293,,0.2,,0.4555377960205078,,0.29057255387306213,,2112,0.0002,,0.0653125,,-0.41768109917640683,-0.0006629859888926149,0.007650011,,,,,,,,,,,,,,,,,,,,,
19,2181120,3,800,6.588284492492676,267.41,,,0.4335709914565086,,0.2,,0.6104813814163208,,0.19907774031162262,,2117,0.0002,,0.04484375,,-0.3991101738810539,-0.0016565804602578283,0.003996638,,,,,,,,,,,,,,,,,,,,,
26,2186240,4,770,6.366596698760986,267.22,,,0.40773684829473494,,0.2,,0.41047120094299316,,0.23878085613250732,,2122,0.0002,,0.0578125,,-0.38453791707754137,-0.0007042012549936771,0.00609758,,,,,,,,,,,,,,,,,,,,,
34,2191360,5,752,6.247142791748047,275.64,,,0.4268126454949379,,0.2,,0.4743208885192871,,0.16390062868595123,,2127,0.0002,,0.0771875,,-0.37275525569915774,0.00024924376513808967,0.0071496256,,,,,,,,,,,,,,,,,,,,,
41,2196480,6,747,6.271455764770508,271.64,,,0.44766630440950395,,0.2,,0.4719884991645813,,0.16052988171577454,,2132,0.0002,,0.06578125,,-0.3661759892106056,-0.0017707930551841855,0.007278912,,,,,,,,,,,,,,,,,,,,,
48,2201600,7,742,6.0833420753479,275.62,,,0.5236884811520577,,0.2,,0.5079693794250488,,0.188485249876976,,2137,0.0002,,0.0745703125,,-0.37999124705791476,-0.0004784599272534251,0.008652038,,,,,,,,,,,,,,,,,,,,,
55,2206720,8,739,6.287573337554932,269.39,,,0.40608734130859375,,0.2,,0.37171119451522827,,0.1682150512933731,,2142,0.0002,,0.065390625,,-0.3636808067560196,-0.0020759824384003877,0.006904538,,,,,,,,,,,,,,,,,,,,,
62,2211840,9,740,6.5074920654296875,259.76,,,0.5271333354711533,,0.2,,0.38484978675842285,,0.18717284500598907,,2147,0.0002,,0.0662109375,,-0.3782087954878807,0.0006229016603901982,0.004578485,,,,,,,,,,,,,,,,,,,,,
69,2216960,10,736,6.0493340492248535,275.46,,,0.44699964359402655,,0.2,,0.43502187728881836,,0.1333106905221939,,2152,0.0002,,0.0701171875,,-0.38044428676366804,-0.002120791501365602,0.006679207,,,,,,,,,,,,,,,,,,,,,
,,,,,,,,0.31838741213083266,,0.2,,0.36282867193222046,,0.10512244701385498,,2157,0.0002,,0.05734375,,-0.32278736799955365,-0.0014037946425378323,0.0068171574,0.78,0,96.64797773362876,3,283.78,2.8195678633207,1843200,5.851353306770324,,,,,,,,,,,,,
,,,,,,,,,,,,,,,,,,,,,,,,0.23,1,114.91464484564185,3,377.38,3.5813443747020046,1843200,1.4292664040625096,,,,,,,,,,,,,
,,,,,,,,,,,,,,,,,,,,,,,,,,,3,,,1843200,,0,0.0,6.75,0.78,0.23,0.78,0,157.3,0,0.55,0,0.78,0
4,2222080,1,1048,5.994751453399658,277.35,1,440,,0.015,,11,,0.0002,,3,,,15,,1843200,,,,,,,,,,,,,,,,,,,,,,,,
12,2227200,2,818,5.6813764572143555,292.58,,,0.3962336386740208,,0.2,,0.2775658965110779,,0.2668420076370239,,2162,0.0002,,0.0600390625,,-0.3660637697577476,-0.0003069386770948768,0.0057952935,,,,,,,,,,,,,,,,,,,,,
19,2232320,3,785,5.770381450653076,293.44,,,0.42695603519678116,,0.2,,0.23874980211257935,,0.1491926908493042,,2167,0.0002,,0.0710546875,,-0.3409830003976822,-0.001395929530262947,0.008112131,,,,,,,,,,,,,,,,,,,,,
27,2237440,4,757,5.689698696136475,294.62,,,0.6430187240242958,,0.2,,0.19182294607162476,,0.3111070394515991,,2172,0.0002,,0.051015625,,-0.33958716481924056,-0.0010798532189801335,0.0043498497,,,,,,,,,,,,,,,,,,,,,
34,2242560,5,744,5.691460609436035,298.49,,,0.4800244006514549,,0.2,,0.21648430824279785,,0.23882874846458435,,2177,0.0002,,0.04625,,-0.3104963862895966,-0.0009724330808967351,0.0073416242,,,,,,,,,,,,,,,,,,,,,
41,2247680,6,743,5.941049098968506,286.59,,,0.6765208870172501,,0.2,,0.23756366968154907,,0.2771650552749634,,2182,0.0002,,0.0537890625,,-0.3510134866833687,-0.002083526805508882,0.0048098126,,,,,,,,,,,,,,,,,,,,,
48,2252800,7,736,6.219098091125488,276.81,,,0.43568543419241906,,0.2,,0.22679871320724487,,0.16596221923828125,,2187,0.0002,,0.05796875,,-0.3454556745290756,-0.0009726270753890276,0.005145968,,,,,,,,,,,,,,,,,,,,,
55,2257920,8,733,6.114373207092285,277.93,,,0.5769666370749473,,0.2,,0.20947933197021484,,0.3328583538532257,,2192,0.0002,,0.0543359375,,-0.36545277446508406,0.0008878491586074233,0.0040616575,,,,,,,,,,,,,,,,,,,,,
62,2263040,9,735,6.088387966156006,280.5,,,0.5809520545601845,,0.2,,0.20109254121780396,,0.5155729651451111,,2197,0.0002,,0.0584765625,,-0.34576587587594987,-0.0006794187240302563,0.005859895,,,,,,,,,,,,,,,,,,,,,
70,2268160,10,726,6.233148574829102,276.47,,,0.5326837646961212,,0.2,,0.24421298503875732,,0.12377545982599258,,2202,0.0002,,0.0625390625,,-0.3728406918048859,-0.0016788781713694334,0.0055345823,,,,,,,,,,,,,,,,,,,,,
,,,,,,,,0.5817121070623398,,0.2,,0.2167130708694458,,0.1925709992647171,,2207,0.0002,,0.04265625,,-0.3455249208211899,-0.0006222752621397376,0.006513304,0.83,0,93.6029246337955,3,278.15,2.5428065790204886,1894400,6.14515905380249,,,,,,,,,,,,,
,,,,,,,,,,,,,,,,,,,,,,,,0.28,1,120.19334424168419,3,365.4,3.82532952856729,1894400,1.7643524793908,,,,,,,,,,,,,
,,,,,,,,,,,,,,,,,,,,,,,,,,,3,,,1894400,,0,0.0,6.75,0.83,0.28,0.83,0,157.3,0,0.5499999999999999,0,0.83,0
4,2273280,1,1200,6.13552188873291,280.43,1,440,,0.015,,11,,0.0002,,3,,,15,,1894400,,,,,,,,,,,,,,,,,,,,,,,,
11,2278400,2,902,6.4137654304504395,271.63,,,0.6356466421484948,,0.2,,0.24358725547790527,,0.32110071182250977,,2212,0.0002,,0.052890625,,-0.3648959282040596,2.6895767077803612e-05,0.006533937,,,,,,,,,,,,,,,,,,,,,
18,2283520,3,848,6.550098896026611,266.54,,,0.6239983195066452,,0.2,,0.3830522894859314,,0.3436014652252197,,2217,0.0002,,0.062734375,,-0.3793798589706421,-0.0016330630797892808,0.00591006,,,,,,,,,,,,,,,,,,,,,
24,2288640,4,819,6.638031005859375,261.9,,,0.5310194697976113,,0.2,,0.43780386447906494,,0.20753395557403564,,2222,0.0002,,0.0552734375,,-0.379088017642498,-0.0023765492206439375,0.0050047487,,,,,,,,,,,,,,,,,,,,,
32,2293760,5,794,6.301815986633301,271.0,,,0.49230658292770385,,0.2,,0.41154569387435913,,0.259237140417099,,2227,0.0002,,0.0684375,,-0.350813522040844,-0.0009801504947245122,0.00848904,,,,,,,,,,,,,,,,,,,,,
39,2298880,6,785,6.602418422698975,260.56,,,0.4099190966784954,,0.2,,0.3815327286720276,,0.1796654909849167,,2232,0.0002,,0.061328125,,-0.35789370477199556,-0.00273706391453743,0.0075145797,,,,,,,,,,,,,,,,,,,,,
46,2304000,7,778,6.342623710632324,276.13,,,0.49941243141889574,,0.2,,0.46095728874206543,,0.16126541793346405,,2237,0.0002,,0.04734375,,-0.39745413362979887,-7.135090883821249e-05,0.0043740524,,,,,,,,,,,,,,,,,,,,,
53,2309120,8,772,6.528531074523926,272.48,,,0.3894292059540749,,0.2,,0.5044999122619629,,0.20708587765693665,,2242,0.0002,,0.049296875,,-0.3885845327377319,-0.00016464554704725742,0.0055679763,,,,,,,,,,,,,,,,,,,,,
59,2314240,9,772,6.474997520446777,273.4,,,0.4684081608057022,,0.2,,0.5624471306800842,,0.22566671669483185,,2247,0.0002,,0.060390625,,-0.3791862326860428,-0.0003396038431674242,0.0059868563,,,,,,,,,,,,,,,,,,,,,
66,2319360,10,768,6.6198248863220215,267.91,,,0.4057163864374161,,0.2,,0.45349276065826416,,0.27045515179634094,,2252,0.0002,,0.066953125,,-0.3886470663547516,0.0014053773693740368,0.00768941,,,,,,,,,,,,,,,,,,,,,
,,,,,,,,0.47174396812915803,,0.2,,0.49665576219558716,,0.2804246246814728,,2257,0.0002,,0.0794921875,,-0.3993098470568657,-0.0018241652008146047,0.008882765,0.85,0,91.75940878187915,3,270.03,2.394318539550481,1945600,6.352632655221969,,,,,,,,,,,,,
,,,,,,,,,,,,,,,,,,,,,,,,0.23,1,112.24455443361161,3,379.0,3.548297360109315,1945600,1.4384802803397179,,,,,,,,,,,,,
,,,,,,,,,,,,,,,,,,,,,,,,,,,3,,,1945600,,0,0.0,6.75,0.85,0.23,0.85,0,157.3,0,0.62,0,0.85,0
5,2324480,1,969,6.731390476226807,267.52,1,440,,0.015,,11,,0.0002,,3,,,15,,1945600,,,,,,,,,,,,,,,,,,,,,,,,
13,2329600,2,770,6.757150173187256,271.4,,,0.4892231062054634,,0.2,,0.4276502728462219,,0.2981603145599365,,2262,0.0002,,0.051953125,,-0.4148212417960167,-0.0008766271313652396,0.0046021505,,,,,,,,,,,,,,,,,,,,,
21,2334720,3,726,6.677483558654785,275.55,,,0.44239417761564254,,0.2,,0.41055160760879517,,0.18949434161186218,,2267,0.0002,,0.0753125,,-0.40857099890708926,-0.00028122375253587963,0.008754659,,,,,,,,,,,,,,,,,,,,,
28,2339840,4,707,6.504716396331787,278.99,,,0.49070373475551604,,0.2,,0.507019579410553,,0.18210352957248688,,2272,0.0002,,0.0670703125,,-0.4251459717750549,-0.0021897572185844184,0.008226144,,,,,,,,,,,,,,,,,,,,,
36,2344960,5,694,6.821694374084473,272.18,,,0.4522665584087372,,0.2,,0.4481605291366577,,0.22142687439918518,,2277,0.0002,,0.0836328125,,-0.42218380272388456,-0.00070716408547014,0.006403704,,,,,,,,,,,,,,,,,,,,,
45,2350080,6,679,6.588270664215088,276.5,,,0.5322111284732819,,0.2,,0.42259788513183594,,0.250156968832016,,2282,0.0002,,0.062734375,,-0.42261705309152603,-0.0007805009675212204,0.0050289845,,,,,,,,,,,,,,,,,,,,,
54,2355200,7,661,6.461136341094971,281.08,,,0.4361040630936623,,0.2,,0.46165531873703003,,0.1651933789253235,,2287,0.0002,,0.068984375,,-0.40802753865718844,-0.00265403410885483,0.0072713024,,,,,,,,,,,,,,,,,,,,,
62,2360320,8,657,6.571428298950195,272.91,,,0.45049070566892624,,0.2,,0.3790573477745056,,0.2639908194541931,,2292,0.0002,,0.06125,,-0.3828804004192352,-0.00020553524605929852,0.004276331,,,,,,,,,,,,,,,,,,,,,
69,2365440,9,663,6.511491298675537,273.54,,,0.5786049216985703,,0.2,,0.45331960916519165,,0.2963385581970215,,2297,0.0002,,0.062421875,,-0.3887069034576416,-0.00153919605538249,0.008073017,,,,,,,,,,,,,,,,,,,,,
76,2370560,10,671,6.494319438934326,267.03,,,0.5019404542446136,,0.2,,0.4962202310562134,,0.2642691135406494,,2302,0.0002,,0.0576953125,,-0.3875225704908371,-0.0015923580201342702,0.006336746,,,,,,,,,,,,,,,,,,,,,
,,,,,,,,0.538922149837017,,0.2,,0.46708017587661743,,0.23056265711784363,,2307,0.0002,,0.06078125,,-0.39304624319076537,-0.0018355575669556856,0.008259297,0.8,0,91.65818894130518,3,294.58,2.71004967821004,1996800,5.915944885388017,,,,,,,,,,,,,
,,,,,,,,,,,,,,,,,,,,,,,,0.19,1,104.65528701408253,3,389.47,3.405096069117413,1996800,0.956702584028244,,,,,,,,,,,,,
,,,,,,,,,,,,,,,,,,,,,,,,,,,3,,,1996800,,0,0.0,6.75,0.8,0.19,0.8,0,157.3,0,0.6100000000000001,0,0.8,0
4,2375680,1,1200,6.401680946350098,272.55,1,440,,0.015,,11,,0.0002,,3,,,15,,1996800,,,,,,,,,,,,,,,,,,,,,,,,
11,2380800,2,903,6.3656206130981445,270.65,,,0.37129650712013246,,0.2,,0.367249071598053,,0.14281925559043884,,2312,0.0002,,0.062265625,,-0.41698729127645495,-0.0014260755851864815,0.005156444,,,,,,,,,,,,,,,,,,,,,
18,2385920,3,846,6.090200901031494,276.45,,,0.45269127398729325,,0.2,,0.4003269076347351,,0.2153390496969223,,2317,0.0002,,0.092421875,,-0.42585048705339434,-0.0013432326214388012,0.010633791,,,,,,,,,,,,,,,,,,,,,
24,2391040,4,820,6.154587268829346,272.43,,,0.4912728250026703,,0.2,,0.4934998154640198,,0.15718631446361542,,2322,0.0002,,0.07828125,,-0.4021182784438133,-0.001280864696018398,0.008645343,,,,,,,,,,,,,,,,,,,,,
31,2396160,5,801,6.346245288848877,268.28,,,0.4965768903493881,,0.2,,0.35923606157302856,,0.1969829946756363,,2327,0.0002,,0.07015625,,-0.40573276817798615,-0.0037922689178958536,0.006576343,,,,,,,,,,,,,,,,,,,,,
39,2401280,6,786,6.253509998321533,275.37,,,0.4859997406601906,,0.2,,0.470936119556427,,0.21655946969985962,,2332,0.0002,,0.050078125,,-0.3654262977838516,-0.0006599722942337394,0.0042608413,,,,,,,,,,,,,,,,,,,,,
46,2406400,7,776,6.507191181182861,269.02,,,0.3978708717226982,,0.2,,0.4333621859550476,,0.2011612206697464,,2337,0.0002,,0.05796875,,-0.3793449342250824,-0.0011319839907810091,0.0065411367,,,,,,,,,,,,,,,,,,,,,
53,2411520,8,771,6.378053665161133,267.71,,,0.4619753032922745,,0.2,,0.3137360215187073,,0.2966139614582062,,2342,0.0002,,0.0734375,,-0.3552784487605095,-0.0024044487811625006,0.010075298,,,,,,,,,,,,,,,,,,,,,
60,2416640,9,762,6.1434149742126465,275.85,,,0.5220071724057198,,0.2,,0.35209572315216064,,0.3324333429336548,,2347,0.0002,,0.078203125,,-0.3787242230772972,-0.0024953118292614816,0.0059890505,,,,,,,,,,,,,,,,,,,,,
68,2421760,10,747,5.893826484680176,281.83,,,0.3824502895772457,,0.2,,0.3839864730834961,,0.1874576359987259,,2352,0.0002,,0.0615625,,-0.3401796337962151,-0.0024902926897630096,0.00644694,,,,,,,,,,,,,,,,,,,,,
,,,,,,,,0.4654163920879364,,0.2,,0.3109012842178345,,0.198894664645195,,2357,0.0002,,0.06171875,,-0.3356673386693001,-0.0011377253802493214,0.0064770146,0.8,0,100.32576937158271,3,281.4,2.7692736417163717,2048000,5.942289205789566,,,,,,,,,,,,,
,,,,,,,,,,,,,,,,,,,,,,,,0.16,1,103.16986914792518,3,395.09,3.0620889783887506,2048000,1.0137040027976036,,,,,,,,,,,,,
,,,,,,,,,,,,,,,,,,,,,,,,,,,3,,,2048000,,0,0.0,6.75,0.8,0.16,0.8,0,157.3,0,0.64,0,0.8,0
6,2426880,1,789,5.84175968170166,279.81,1,440,,0.015,,11,,0.0002,,3,,,15,,2048000,,,,,,,,,,,,,,,,,,,,,,,,
15,2432000,2,675,5.5433526039123535,291.7,,,0.6448361197113991,,0.2,,0.16658443212509155,,0.29417306184768677,,2362,0.0002,,0.0562109375,,-0.3059868687391281,-0.00013591844122856856,0.005765298,,,,,,,,,,,,,,,,,,,,,
24,2437120,3,629,5.538050651550293,290.43,,,0.4205518102645874,,0.2,,0.2065780758857727,,0.16075046360492706,,2367,0.0002,,0.0585546875,,-0.3410458368062973,-0.0004697781754657626,0.0053990968,,,,,,,,,,,,,,,,,,,,,
32,2442240,4,623,5.512707710266113,295.18,,,0.586473742723465,,0.2,,0.11970990896224976,,0.31093770265579224,,2372,0.0002,,0.068515625,,-0.350189143717289,0.0020019998867064712,0.0072211362,,,,,,,,,,,,,,,,,,,,,
40,2447360,5,628,5.592233657836914,292.65,,,0.5849969893693924,,0.2,,0.22777533531188965,,0.17253795266151428,,2377,0.0002,,0.065546875,,-0.3831277108192444,-0.00023375862743705512,0.003524949,,,,,,,,,,,,,,,,,,,,,
48,2452480,6,637,5.705776214599609,291.86,,,0.5436440125107765,,0.2,,0.09447699785232544,,0.27865415811538696,,2382,0.0002,,0.0787890625,,-0.37659719616174697,-0.0010367614217102528,0.008311115,,,,,,,,,,,,,,,,,,,,,
56,2457600,7,638,5.5594940185546875,296.56,,,0.5848775270581246,,0.2,,0.2627405524253845,,0.2416866272687912,,2387,0.0002,,0.059296875,,-0.3782115489244461,-0.0036162987258285284,0.0058942297,,,,,,,,,,,,,,,,,,,,,
64,2462720,8,638,5.760876655578613,291.72,,,0.5913525372743607,,0.2,,0.2147713303565979,,0.30247962474823,,2392,0.0002,,0.063203125,,-0.3701703557372093,-0.0007552792644128204,0.005612178,,,,,,,,,,,,,,,,,,,,,
72,2467840,9,638,5.84879207611084,290.79,,,0.5885544949769974,,0.2,,0.18141180276870728,,0.22895309329032898,,2397,0.0002,,0.064453125,,-0.41420513540506365,-0.0012670363020151855,0.0070247725,,,,,,,,,,,,,,,,,,,,,
79,2472960,10,645,5.826990127563477,293.43,,,0.596254249215126,,0.2,,0.30404913425445557,,0.2735884487628937,,2402,0.0002,,0.0549609375,,-0.40746369421482087,-0.0022625767160207033,0.005397042,,,,,,,,,,,,,,,,,,,,,
,,,,,,,,0.5520221611857414,,0.2,,0.29870080947875977,,0.3142143785953522,,2407,0.0002,,0.0605859375,,-0.4110251930356026,-0.0009213131293654441,0.005443105,0.86,0,90.66414726891772,3,267.82,2.424358240120256,2099200,6.396731663197279,,,,,,,,,,,,,
,,,,,,,,,,,,,,,,,,,,,,,,0.25,1,122.30407352169429,3,369.56,3.6326140654915315,2099200,1.6426426403224468,,,,,,,,,,,,,
,,,,,,,,,,,,,,,,,,,,,,,,,,,3,,,2099200,,0,0.0,6.75,0.86,0.25,0.86,0,157.3,0,0.61,0,0.86,0
4,2478080,1,1073,6.213540554046631,283.43,1,440,,0.015,,11,,0.0002,,3,,,15,,2099200,,,,,,,,,,,,,,,,,,,,,,,,
12,2483200,2,842,6.355076789855957,275.66,,,0.6921732679009438,,0.2,,0.4000321626663208,,0.2731925845146179,,2412,0.0002,,0.0516796875,,-0.4036313781142235,-0.0019242410990409553,0.0050091078,,,,,,,,,,,,,,,,,,,,,
19,2488320,3,795,6.3471527099609375,277.4,,,0.5873101726174355,,0.2,,0.4455675482749939,,0.23292838037014008,,2417,0.0002,,0.0676171875,,-0.38430514812469485,-0.0025512670306488874,0.008057754,,,,,,,,,,,,,,,,,,,,,
26,2493440,4,770,6.208529472351074,280.1,,,0.43629329949617385,,0.2,,0.4118885397911072,,0.26119300723075867,,2422,0.0002,,0.0662890625,,-0.35488026797771455,-0.0015972537361085414,0.0080253,,,,,,,,,,,,,,,,,,,,,
33,2498560,5,760,6.426313877105713,272.39,,,0.5117221248149871,,0.2,,0.43410682678222656,,0.25301307439804077,,2427,0.0002,,0.075234375,,-0.398839216530323,0.0002698642294853926,0.009992168,,,,,,,,,,,,,,,,,,,,,
40,2503680,6,755,6.383660316467285,270.49,,,0.5730709195137024,,0.2,,0.4573081135749817,,0.27326110005378723,,2432,0.0002,,0.0608203125,,-0.40142814636230467,-0.001163680385798216,0.0055526122,,,,,,,,,,,,,,,,,,,,,
47,2508800,7,755,6.204410552978516,273.97,,,0.5517107546329498,,0.2,,0.41330254077911377,,0.26114532351493835,,2437,0.0002,,0.072109375,,-0.3926057830452919,0.0002290843427181244,0.0063035293,,,,,,,,,,,,,,,,,,,,,
54,2513920,8,755,6.333065032958984,271.9,,,0.5023028156161309,,0.2,,0.39897727966308594,,0.2839304208755493,,2442,0.0002,,0.0620703125,,-0.3845174551010132,-0.0007074767630547285,0.005520626,,,,,,,,,,,,,,,,,,,,,
61,2519040,9,754,6.527418613433838,266.72,,,0.49188718616962435,,0.2,,0.33650529384613037,,0.18357105553150177,,2447,0.0002,,0.0691015625,,-0.34029907613992694,-0.002292749942280352,0.00783171,,,,,,,,,,,,,,,,,,,,,
67,2524160,10,753,6.4802703857421875,265.92,,,0.5360078909993171,,0.2,,0.36942213773727417,,0.24673885107040405,,2452,0.0002,,0.0545703125,,-0.3475965678691864,-0.0023595104087144134,0.007338562,,,,,,,,,,,,,,,,,,,,,
,,,,,,,,0.4913842144608498,,0.2,,0.36462700366973877,,0.2737899422645569,,2457,0.0002,,0.05359375,,-0.35832121700048447,-9.046393912285566e-05,0.0063770153,0.83,0,89.47081926527777,3,279.05,2.5163940930334157,2150400,6.184578271880746,,,,,,,,,,,,,
,,,,,,,,,,,,,,,,,,,,,,,,0.19,1,111.84322733183265,3,385.95,3.296497291363936,2150400,1.204721882045269,,,,,,,,,,,,,
,,,,,,,,,,,,,,,,,,,,,,,,,,,3,,,2150400,,0,0.0,6.75,0.83,0.19,0.83,0,157.3,0,0.6399999999999999,0,0.83,0
4,2529280,1,1228,6.447697162628174,264.01,1,440,,0.015,,11,,0.0002,,3,,,15,,2150400,,,,,,,,,,,,,,,,,,,,,,,,
11,2534400,2,926,6.371194839477539,266.38,,,0.41794523268938066,,0.2,,0.39261341094970703,,0.1921691596508026,,2462,0.0002,,0.054453125,,-0.3464847382903099,-0.0009067537216469646,0.0059202663,,,,,,,,,,,,,,,,,,,,,
18,2539520,3,853,6.272912502288818,267.27,,,0.4051726718246937,,0.2,,0.36560148000717163,,0.1260240226984024,,2467,0.0002,,0.0656640625,,-0.35611497849226,-0.0010413061827421188,0.0054621473,,,,,,,,,,,,,,,,,,,,,
25,2544640,4,819,6.172863006591797,272.77,,,0.452226780205965,,0.2,,0.3323162794113159,,0.2093762904405594,,2472,0.0002,,0.0634765625,,-0.38066030859947203,0.00024392670951783657,0.0066277147,,,,,,,,,,,,,,,,,,,,,
32,2549760,5,789,6.020702362060547,277.59,,,0.6454091998934746,,0.2,,0.25592494010925293,,0.3397766351699829,,2477,0.0002,,0.0801953125,,-0.37789899080991746,-0.0005178665975108743,0.0061874744,,,,,,,,,,,,,,,,,,,,,
39,2554880,6,771,5.814157485961914,283.55,,,0.39397880643606187,,0.2,,0.24859482049942017,,0.1342233121395111,,2482,0.0002,,0.059921875,,-0.401681050658226,0.00016994214616715907,0.0054294416,,,,,,,,,,,,,,,,,,,,,
46,2560000,7,762,5.810239315032959,289.11,,,0.5177584257721901,,0.2,,0.25751417875289917,,0.3342854082584381,,2487,0.0002,,0.048359375,,-0.40274410337209704,-0.0017252715397626161,0.004456807,,,,,,,,,,,,,,,,,,,,,
54,2565120,8,755,5.964387893676758,282.26,,,0.5597306743264199,,0.2,,0.2504217028617859,,0.16669169068336487,,2492,0.0002,,0.0594921875,,-0.3935620892047882,-0.002908690026961267,0.0057241754,,,,,,,,,,,,,,,,,,,,,
61,2570240,9,751,6.053928852081299,277.59,,,0.6348473927378655,,0.2,,0.19126784801483154,,0.3232201337814331,,2497,0.0002,,0.0553515625,,-0.38686575293540953,-0.00022770013194531202,0.0050402842,,,,,,,,,,,,,,,,,,,,,
68,2575360,10,745,6.1416544914245605,273.31,,,0.5757984888553619,,0.2,,0.2016957402229309,,0.23450550436973572,,2502,0.0002,,0.0605078125,,-0.3807738348841667,-0.0016011872561648489,0.008968644,,,,,,,,,,,,,,,,,,,,,
,,,,,,,,0.5271413451433182,,0.2,,0.2772595286369324,,0.2438357174396515,,2507,0.0002,,0.0576953125,,-0.40237746059894564,-0.0015959585597738624,0.0064645843,0.8,0,93.57030458430708,3,290.59,2.798382261405832,2201600,5.888105728328228,,,,,,,,,,,,,
,,,,,,,,,,,,,,,,,,,,,,,,0.25,1,121.26269005757707,3,370.2,3.8151135068884354,2201600,1.3481123261898755,,,,,,,,,,,,,
,,,,,,,,,,,,,,,,,,,,,,,,,,,3,,,2201600,,0,0.0,6.75,0.8,0.25,0.8,0,157.3,0,0.55,0,0.8,0
4,2580480,1,1218,6.494506359100342,267.73,1,440,,0.015,,11,,0.0002,,3,,,15,,2201600,,,,,,,,,,,,,,,,,,,,,,,,
11,2585600,2,914,6.642087936401367,263.63,,,0.5648475283384323,,0.2,,0.34860312938690186,,0.2552676796913147,,2512,0.0002,,0.0571484375,,-0.4070140334963799,-0.0021372236078605056,0.005434054,,,,,,,,,,,,,,,,,,,,,
18,2590720,3,847,6.646768569946289,264.35,,,0.4321375632286072,,0.2,,0.38156211376190186,,0.13837853074073792,,2517,0.0002,,0.059375,,-0.36357530295848844,-0.0022128714667633176,0.0053047426,,,,,,,,,,,,,,,,,,,,,
24,2595840,4,822,6.491044521331787,271.72,,,0.5435796958208085,,0.2,,0.33379167318344116,,0.2821773588657379,,2522,0.0002,,0.06078125,,-0.38228671371936795,-0.00014776413328945637,0.0074916556,,,,,,,,,,,,,,,,,,,,,
31,2600960,5,805,6.630206108093262,266.27,,,0.4707701876759529,,0.2,,0.4531223773956299,,0.18450817465782166,,2527,0.0002,,0.072421875,,-0.3939072209596634,-0.0011454270593822002,0.0055743875,,,,,,,,,,,,,,,,,,,,,
38,2606080,6,799,6.677039623260498,262.38,,,0.5160289937257767,,0.2,,0.4339519739151001,,0.2237185388803482,,2532,0.0002,,0.0812109375,,-0.39907650768756864,-0.0021465642377734183,0.009239239,,,,,,,,,,,,,,,,,,,,,
45,2611200,7,789,6.560383319854736,262.47,,,0.47464111298322675,,0.2,,0.48800402879714966,,0.2752296030521393,,2537,0.0002,,0.0596484375,,-0.42005857825279236,-5.245030857622623e-05,0.008103783,,,,,,,,,,,,,,,,,,,,,
52,2616320,8,782,6.456815242767334,269.75,,,0.3816789510846138,,0.2,,0.47132158279418945,,0.15646062791347504,,2542,0.0002,,0.0655859375,,-0.38984455466270446,-0.00045672775711864234,0.0061519495,,,,,,,,,,,,,,,,,,,,,
59,2621440,9,777,6.501732349395752,270.84,,,0.4699372819066048,,0.2,,0.3985288143157959,,0.2538878321647644,,2547,0.0002,,0.075703125,,-0.40502734899520876,-0.0018930908758193255,0.008130553,,,,,,,,,,,,,,,,,,,,,
66,2626560,10,775,6.424612522125244,274.1,,,0.4187914371490479,,0.2,,0.4142562747001648,,0.19864025712013245,,2552,0.0002,,0.0631640625,,-0.3904070743918419,-0.0008219851343892515,0.00710274,,,,,,,,,,,,,,,,,,,,,
,,,,,,,,0.49568803995847704,,0.2,,0.30373334884643555,,0.2602435052394867,,2557,0.0002,,0.062734375,,-0.3775843721628189,-0.0005293415021151304,0.006052771,0.84,0,94.3341401614495,3,269.3,2.519174535947019,2252800,6.261093369573355,,,,,,,,,,,,,
,,,,,,,,,,,,,,,,,,,,,,,,0.17,1,103.82218260082956,3,393.12,3.2453329776086197,2252800,0.8890507321432233,,,,,,,,,,,,,
,,,,,,,,,,,,,,,,,,,,,,,,,,,3,,,2252800,,0,0.0,6.75,0.84,0.17,0.84,0,157.3,0,0.6699999999999999,0,0.84,0
4,2631680,1,1156,6.38975715637207,276.93,1,440,,0.015,,11,,0.0002,,3,,,15,,2252800,,,,,,,,,,,,,,,,,,,,,,,,
11,2636800,2,857,6.347696304321289,275.91,,,0.5383155450224877,,0.2,,0.3051174283027649,,0.2382054477930069,,2562,0.0002,,0.0607421875,,-0.40721825778484344,0.0005959253455512226,0.005705685,,,,,,,,,,,,,,,,,,,,,
19,2641920,3,786,6.562509059906006,268.37,,,0.5803882721066475,,0.2,,0.28843170404434204,,0.2633105516433716,,2567,0.0002,,0.077265625,,-0.41686198323965074,-0.0011152203194797039,0.009240945,,,,,,,,,,,,,,,,,,,,,
26,2647040,4,764,6.496539115905762,269.88,,,0.518796991109848,,0.2,,0.31271111965179443,,0.1829373985528946,,2572,0.0002,,0.069140625,,-0.42099332123994826,-0.0025418897648341954,0.006457879,,,,,,,,,,,,,,,,,,,,,
34,2652160,5,751,6.481915473937988,272.35,,,0.5444878748059273,,0.2,,0.302032470703125,,0.2457210123538971,,2577,0.0002,,0.054375,,-0.4004265332221985,-0.0014100330555811525,0.006231454,,,,,,,,,,,,,,,,,,,,,
41,2657280,6,741,6.339064121246338,271.12,,,0.4993288916349411,,0.2,,0.3500112295150757,,0.1404779702425003,,2582,0.0002,,0.04421875,,-0.3865742611885071,-0.0015293957432731986,0.004321494,,,,,,,,,,,,,,,,,,,,,
48,2662400,7,734,6.274590492248535,272.66,,,0.5884948614239692,,0.2,,0.316641628742218,,0.26843786239624023,,2587,0.0002,,0.0564453125,,-0.38706476479768753,-0.0011326629808172583,0.0053867684,,,,,,,,,,,,,,,,,,,,,
56,2667520,8,731,6.445863723754883,270.08,,,0.5298196619749069,,0.2,,0.4103080630302429,,0.3342418670654297,,2592,0.0002,,0.0525,,-0.3559248045086861,-0.0008863537246361374,0.00678389,,,,,,,,,,,,,,,,,,,,,
63,2672640,9,725,6.470243453979492,273.88,,,0.6164929926395416,,0.2,,0.23968768119812012,,0.3078213036060333,,2597,0.0002,,0.0528125,,-0.35387991786003115,-0.00014277311507612466,0.005517529,,,,,,,,,,,,,,,,,,,,,
70,2677760,10,721,6.289999485015869,276.77,,,0.52020043104887,,0.2,,0.2630574107170105,,0.25408968329429626,,2602,0.0002,,0.0587109375,,-0.35161609560251234,-0.0011304260045289993,0.0049279532,,,,,,,,,,,,,,,,,,,,,
,,,,,,,,0.4445647546648979,,0.2,,0.3396061062812805,,0.22709399461746216,,2607,0.0002,,0.0640234375,,-0.3457248991727829,-0.002215251722373068,0.007024385,0.87,0,91.46828685396923,3,250.35,2.3851063938252843,2304000,6.542202128320932,,,,,,,,,,,,,
,,,,,,,,,,,,,,,,,,,,,,,,0.3,1,125.0837043743109,3,358.63,3.8791708557141003,2304000,1.9385475432872772,,,,,,,,,,,,,
,,,,,,,,,,,,,,,,,,,,,,,,,,,3,,,2304000,,0,0.0,6.75,0.87,0.3,0.87,0,157.3,0,0.5700000000000001,0,0.87,0
4,2682880,1,1146,5.979354381561279,285.97,1,440,,0.015,,11,,0.0002,,3,,,15,,2304000,,,,,,,,,,,,,,,,,,,,,,,,
11,2688000,2,889,5.997578144073486,290.56,,,0.4609864404797554,,0.2,,0.11290621757507324,,0.18976335227489471,,2612,0.0002,,0.0570703125,,-0.31970781058073044,-0.0014724866207689047,0.010526642,,,,,,,,,,,,,,,,,,,,,
18,2693120,3,848,6.110412120819092,281.41,,,0.5822417277097702,,0.2,,0.17836564779281616,,0.24704521894454956,,2617,0.0002,,0.04921875,,-0.3499729707837105,-0.0008707982068881392,0.0046876045,,,,,,,,,,,,,,,,,,,,,
24,2698240,4,827,6.013466835021973,280.69,,,0.6361462360620499,,0.2,,0.2752797603607178,,0.34622764587402344,,2622,0.0002,,0.0590625,,-0.346086767911911,-0.0015328986756503581,0.0046661375,,,,,,,,,,,,,,,,,,,,,
31,2703360,5,817,5.946660041809082,282.42,,,0.5692841938138008,,0.2,,0.3137493133544922,,0.3050350546836853,,2627,0.0002,,0.0485546875,,-0.338235168159008,-0.0018869364773854613,0.004254233,,,,,,,,,,,,,,,,,,,,,
37,2708480,6,809,6.242892265319824,275.64,,,0.4781865304708481,,0.2,,0.22992324829101562,,0.2201608121395111,,2632,0.0002,,0.059609375,,-0.3679459831118584,0.0004979335656389594,0.0061361846,,,,,,,,,,,,,,,,,,,,,
44,2713600,7,802,6.171855926513672,279.12,,,0.44272103637456894,,0.2,,0.292635440826416,,0.1942075788974762,,2637,0.0002,,0.061875,,-0.40631419122219087,-0.00039419177919626237,0.0059156017,,,,,,,,,,,,,,,,,,,,,
51,2718720,8,796,5.978270053863525,291.57,,,0.386979019343853,,0.2,,0.21411895751953125,,0.26619312167167664,,2642,0.0002,,0.085234375,,-0.4433427610993385,-0.0015999265061691402,0.008581139,,,,,,,,,,,,,,,,,,,,,
58,2723840,9,788,5.823636531829834,299.6,,,0.42670378506183626,,0.2,,0.312461793422699,,0.15958639979362488,,2647,0.0002,,0.07296875,,-0.438384410738945,-0.0030361967673525215,0.007155699,,,,,,,,,,,,,,,,,,,,,
65,2728960,10,783,5.468630790710449,310.69,,,0.5784598559141159,,0.2,,0.25367432832717896,,0.1614135205745697,,2652,0.0002,,0.0610546875,,-0.4106253570318222,-0.002618708568625152,0.0051176073,,,,,,,,,,,,,,,,,,,,,
,,,,,,,,0.4265111188590527,,0.2,,0.16757357120513916,,0.17944256961345673,,2657,0.0002,,0.0700390625,,-0.39785948365926743,-0.0010216007940471172,0.006485425,0.8,0,94.9991578910045,3,290.8,2.728670367044372,2355200,5.90539585262537,,,,,,,,,,,,,
,,,,,,,,,,,,,,,,,,,,,,,,0.27,1,120.21681205222504,3,367.41,3.7399851983745345,2355200,1.7123355834186078,,,,,,,,,,,,,
,,,,,,,,,,,,,,,,,,,,,,,,,,,3,,,2355200,,0,0.0,6.75,0.8,0.27,0.8,0,157.3,0,0.53,0,0.8,0
5,2734080,1,966,5.377885818481445,314.62,1,440,,0.015,,11,,0.0002,,3,,,15,,2355200,,,,,,,,,,,,,,,,,,,,,,,,
13,2739200,2,787,5.5934319496154785,305.91,,,0.5892392215132713,,0.2,,0.2827305793762207,,0.21406862139701843,,2662,0.0002,,0.07546875,,-0.38867961764335635,-0.0034311635838821532,0.0075047715,,,,,,,,,,,,,,,,,,,,,
18,2744320,3,830,5.4626688957214355,308.92,,,0.6522912085056305,,0.2,,0.2519170045852661,,0.39169466495513916,,2665,0.0002,,0.08028017241379311,,-0.38573379814624786,-0.0021287091477806197,0.014726643,,,,,,,,,,,,,,,,,,,,,
25,2749440,4,806,5.616038799285889,301.72,,,0.4701644966006279,,0.2,,0.1299118995666504,,0.2125091254711151,,2670,0.0002,,0.0706640625,,-0.3844381248950958,-0.001962841609492898,0.0069726147,,,,,,,,,,,,,,,,,,,,,
32,2754560,5,793,5.595555305480957,299.69,,,0.5240097039937973,,0.2,,0.15932965278625488,,0.23118531703948975,,2675,0.0002,,0.059140625,,-0.36953418344259265,-0.0003446773858740926,0.00697437,,,,,,,,,,,,,,,,,,,,,
39,2759680,6,786,5.886406898498535,286.77,,,0.6919362184405327,,0.2,,0.2300916314125061,,0.27470099925994873,,2680,0.0002,,0.0587890625,,-0.3868578031659126,6.136499112471938e-05,0.0057899836,,,,,,,,,,,,,,,,,,,,,
46,2764800,7,778,5.9136481285095215,286.66,,,0.6196478870511055,,0.2,,0.27198219299316406,,0.321133017539978,,2685,0.0002,,0.0560546875,,-0.3911480423808098,-0.0029679415421560405,0.0065333815,,,,,,,,,,,,,,,,,,,,,
53,2769920,8,769,6.250856876373291,275.52,,,0.5896261271834373,,0.2,,0.31403350830078125,,0.34876126050949097,,2690,0.0002,,0.0565234375,,-0.3733074209094048,-0.0007470952579751611,0.003888379,,,,,,,,,,,,,,,,,,,,,
60,2775040,9,765,6.291208267211914,269.07,,,0.6297185480594635,,0.2,,0.39888572692871094,,0.38500434160232544,,2695,0.0002,,0.048671875,,-0.39768037647008897,-0.0017790743941441178,0.0046852985,,,,,,,,,,,,,,,,,,,,,
67,2780160,10,763,6.42452335357666,265.23,,,0.4744207814335823,,0.2,,0.4451618790626526,,0.1686578243970871,,2700,0.0002,,0.0565234375,,-0.39550029098987577,-0.000826542777940631,0.008379299,,,,,,,,,,,,,,,,,,,,,
,,,,,,,,0.5701585540175438,,0.2,,0.4329686164855957,,0.2738676965236664,,2705,0.0002,,0.06875,,-0.3581020960211754,-0.001166363344527781,0.009269528,0.82,0,99.10129918421856,3,269.25,2.5765157871353987,2406400,6.197136271595955,,,,,,,,,,,,,
,,,,,,,,,,,,,,,,,,,,,,,,0.18,1,109.40283542943483,3,388.86,3.3736814102835577,2406400,0.8770254572108388,,,,,,,,,,,,,
,,,,,,,,,,,,,,,,,,,,,,,,,,,3,,,2406400,,0,0.0,6.75,0.82,0.18,0.82,0,157.3,0,0.6399999999999999,0,0.82,0
6,2785280,1,794,6.4491047859191895,268.29,1,440,,0.015,,11,,0.0002,,3,,,15,,2406400,,,,,,,,,,,,,,,,,,,,,,,,
15,2790400,2,664,6.682166576385498,258.85,,,0.5083253079652786,,0.2,,0.43121910095214844,,0.277425080537796,,2710,0.0002,,0.055234375,,-0.3773180466890335,0.00011723179835826158,0.0053694323,,,,,,,,,,,,,,,,,,,,,
24,2795520,3,626,6.554776191711426,262.77,,,0.5709870767593384,,0.2,,0.4676100015640259,,0.31358230113983154,,2715,0.0002,,0.0559375,,-0.36996946662664415,-0.00017066427040845155,0.005853238,,,,,,,,,,,,,,,,,,,,,
32,2800640,4,629,6.401167392730713,269.87,,,0.4615304845571518,,0.2,,0.47568249702453613,,0.1914556324481964,,2720,0.0002,,0.0603125,,-0.3820814964175224,-0.0001449710363522172,0.005519857,,,,,,,,,,,,,,,,,,,,,
41,2805760,5,618,6.224857807159424,272.82,,,0.4261219021677971,,0.2,,0.4040457606315613,,0.223231703042984,,2725,0.0002,,0.0612109375,,-0.34701628237962723,-0.001321107028052211,0.0061020213,,,,,,,,,,,,,,,,,,,,,
49,2810880,6,623,6.251735210418701,269.67,,,0.5050008302927017,,0.2,,0.3035087585449219,,0.16572213172912598,,2730,0.0002,,0.050390625,,-0.3744532546401024,-0.0011887119244784116,0.0052140527,,,,,,,,,,,,,,,,,,,,,
57,2816000,7,621,5.961554527282715,279.12,,,0.5321710130572319,,0.2,,0.31945186853408813,,0.26122692227363586,,2735,0.0002,,0.057734375,,-0.389672734439373,-5.223455838859081e-05,0.0048410525,,,,,,,,,,,,,,,,,,,,,
66,2821120,8,614,6.047879695892334,280.87,,,0.5237037599086761,,0.2,,0.2910988926887512,,0.1926758587360382,,2740,0.0002,,0.0721484375,,-0.3880176842212677,-0.0012764057703316212,0.008268694,,,,,,,,,,,,,,,,,,,,,
75,2826240,9,612,6.064425468444824,281.89,,,0.5606520614027977,,0.2,,0.3141937851905823,,0.2109784632921219,,2745,0.0002,,0.0739453125,,-0.37189689457416536,-0.00033396451268345116,0.00903387,,,,,,,,,,,,,,,,,,,,,
84,2831360,10,608,6.337543964385986,274.8,,,0.4902613970637322,,0.2,,0.41768717765808105,,0.21133171021938324,,2750,0.0002,,0.058359375,,-0.3580121874809265,-0.000606461800634861,0.0071202233,,,,,,,,,,,,,,,,,,,,,
,,,,,,,,0.5270242428779602,,0.2,,0.45108187198638916,,0.32904019951820374,,2755,0.0002,,0.0521875,,-0.3472892528772354,-0.001058239582926035,0.0039704335,0.82,0,99.31830445592595,3,269.88,2.592778524995585,2457600,6.1641014057397845,,,,,,,,,,,,,
,,,,,,,,,,,,,,,,,,,,,,,,0.23,1,114.67424471083295,3,377.76,3.6355580109729906,2457600,1.2609747257828712,,,,,,,,,,,,,
,,,,,,,,,,,,,,,,,,,,,,,,,,,3,,,2457600,,0,0.0,6.75,0.82,0.23,0.82,0,157.3,0,0.59,0,0.82,0
6,2836480,1,823,6.312476634979248,276.71,1,440,,0.015,,11,,0.0002,,3,,,15,,2457600,,,,,,,,,,,,,,,,,,,,,,,,
14,2841600,2,684,6.389702320098877,274.08,,,0.5198197826743126,,0.2,,0.4547470211982727,,0.21961770951747894,,2760,0.0002,,0.0615234375,,-0.34763953000307085,-0.0006336358049884439,0.006873087,,,,,,,,,,,,,,,,,,,,,
23,2846720,3,645,6.288658618927002,272.89,,,0.5011724576354026,,0.2,,0.497924268245697,,0.265595406293869,,2765,0.0002,,0.073125,,-0.3214819058775902,-0.002558112044353038,0.009692548,,,,,,,,,,,,,,,,,,,,,
32,2851840,4,633,6.083951950073242,278.52,,,0.4638923826813698,,0.2,,0.30104130506515503,,0.2161220759153366,,2770,0.0002,,0.05296875,,-0.28374368354678153,-0.0008129036985337734,0.0072033205,,,,,,,,,,,,,,,,,,,,,
39,2856960,5,643,5.7442803382873535,288.33,,,0.42016284346580507,,0.2,,0.2668013572692871,,0.19278693199157715,,2775,0.0002,,0.060859375,,-0.2915749318897724,0.0004423439875245094,0.0069924495,,,,,,,,,,,,,,,,,,,,,
46,2862080,6,655,5.863396644592285,279.66,,,0.3747965879738331,,0.2,,0.29734307527542114,,0.22709991037845612,,2780,0.0002,,0.0592578125,,-0.2771909736096859,-0.0010170861566439272,0.004982185,,,,,,,,,,,,,,,,,,,,,
54,2867200,7,663,5.61269998550415,288.86,,,0.6013150814175606,,0.2,,0.2815866470336914,,0.22971205413341522,,2785,0.0002,,0.0535546875,,-0.2847962260246277,-0.00018225736916065215,0.007091253,,,,,,,,,,,,,,,,,,,,,
61,2872320,8,669,5.460480213165283,293.52,,,0.444477121680975,,0.2,,0.2615512013435364,,0.19765299558639526,,2790,0.0002,,0.0776171875,,-0.3102506926655769,-0.0031786508252844214,0.008540522,,,,,,,,,,,,,,,,,,,,,
68,2877440,9,671,5.807400703430176,280.66,,,0.4743238839507103,,0.2,,0.2561519742012024,,0.2849050760269165,,2795,0.0002,,0.05609375,,-0.3148700359463692,-0.0006897595291957259,0.0059529217,,,,,,,,,,,,,,,,,,,,,
76,2882560,10,672,6.249754428863525,267.39,,,0.6429518195986748,,0.2,,0.23776406049728394,,0.34479549527168274,,2800,0.0002,,0.0523828125,,-0.3277550047636032,0.0011340097151696681,0.005004075,,,,,,,,,,,,,,,,,,,,,
,,,,,,,,0.5744448944926261,,0.2,,0.3370475172996521,,0.23108698427677155,,2805,0.0002,,0.0616015625,,-0.3442781108617783,-0.00218531874474138,0.0060158772,0.89,0,89.04755807993838,3,256.18,2.1273080507665307,2508800,6.623597094789147,,,,,,,,,,,,,
,,,,,,,,,,,,,,,,,,,,,,,,0.2,1,111.77030509039508,3,384.33,3.517489632651234,2508800,0.9860080884024501,,,,,,,,,,,,,
,,,,,,,,,,,,,,,,,,,,,,,,,,,3,,,2508800,,0,0.0,6.75,0.89,0.2,0.89,0,157.3,0,0.69,0,0.89,0
5,2887680,1,1018,6.237795829772949,269.39,1,440,,0.015,,11,,0.0002,,3,,,15,,2508800,,,,,,,,,,,,,,,,,,,,,,,,
12,2892800,2,802,6.377716064453125,265.7,,,0.48688035413622854,,0.2,,0.34508657455444336,,0.1953498125076294,,2810,0.0002,,0.056328125,,-0.3600162255764008,-0.0007263926742598414,0.005894798,,,,,,,,,,,,,,,,,,,,,
20,2897920,3,760,6.461787223815918,265.75,,,0.5011255492269993,,0.2,,0.30871260166168213,,0.18603593111038208,,2815,0.0002,,0.059453125,,-0.3686018553376198,0.0001601486373692751,0.007896105,,,,,,,,,,,,,,,,,,,,,
27,2903040,4,746,6.263683319091797,277.19,,,0.5396771776676178,,0.2,,0.2690669894218445,,0.2939459979534149,,2820,0.0002,,0.0636328125,,-0.3631780597567558,-0.001286645825020969,0.006449242,,,,,,,,,,,,,,,,,,,,,
34,2908160,5,737,6.281155586242676,272.74,,,0.49007527500391007,,0.2,,0.2728627920150757,,0.20748311281204224,,2825,0.0002,,0.053984375,,-0.3167373511195183,-0.00032981107011437416,0.006880793,,,,,,,,,,,,,,,,,,,,,
42,2913280,6,730,6.1258673667907715,274.07,,,0.5193683981895447,,0.2,,0.39893972873687744,,0.25173747539520264,,2830,0.0002,,0.051015625,,-0.3304800659418106,-0.0017380029847845436,0.0054899408,,,,,,,,,,,,,,,,,,,,,
49,2918400,7,724,5.99281120300293,275.91,,,0.5645791324973106,,0.2,,0.4381006956100464,,0.24350234866142273,,2835,0.0002,,0.055078125,,-0.33079315334558484,-0.0012254355940967798,0.006859176,,,,,,,,,,,,,,,,,,,,,
56,2923520,8,721,6.012645244598389,272.79,,,0.4675929364562035,,0.2,,0.315848171710968,,0.22019925713539124,,2840,0.0002,,0.0549609375,,-0.3168757551908493,0.0015506526618264615,0.0062958645,,,,,,,,,,,,,,,,,,,,,
63,2928640,9,720,6.11104679107666,268.36,,,0.49999771773815155,,0.2,,0.37431812286376953,,0.2815066874027252,,2845,0.0002,,0.0662890625,,-0.3229475939273834,-0.0009997937502339482,0.00907206,,,,,,,,,,,,,,,,,,,,,
71,2933760,10,717,5.6379218101501465,283.13,,,0.49338720232248306,,0.2,,0.3266358971595764,,0.16615772247314453,,2850,0.0002,,0.0640625,,-0.3186056762933731,-0.0006097985105589033,0.008259251,,,,,,,,,,,,,,,,,,,,,
,,,,,,,,0.39187825590372083,,0.2,,0.29157739877700806,,0.19615140557289124,,2855,0.0002,,0.0626953125,,-0.32485113680362704,0.00022184640169143678,0.0058641443,0.87,0,89.3141259823999,3,256.37,2.309909685651789,2560000,6.495722621083259,,,,,,,,,,,,,
,,,,,,,,,,,,,,,,,,,,,,,,0.26,1,120.82138676575435,3,368.65,3.8099051101561954,2560000,1.496209000274539,,,,,,,,,,,,,
,,,,,,,,,,,,,,,,,,,,,,,,,,,3,,,2560000,,0,0.0,6.75,0.87,0.26,0.87,0,157.3,0,0.61,0,0.87,0
4,2938880,1,1089,5.769201278686523,279.89,1,440,,0.015,,11,,0.0002,,3,,,15,,2560000,,,,,,,,,,,,,,,,,,,,,,,,
12,2944000,2,835,5.7865753173828125,282.46,,,0.578387017250061,,0.2,,0.24443602561950684,,0.2395629584789276,,2860,0.0002,,0.0535546875,,-0.3139374253153801,-0.0013878766354173421,0.0040631243,,,,,,,,,,,,,,,,,,,,,
20,2949120,3,753,5.795544624328613,282.22,,,0.6720155391097069,,0.2,,0.15224075317382812,,0.35856518149375916,,2865,0.0002,,0.0672265625,,-0.31692103505134583,-0.0018782796338200568,0.008894825,,,,,,,,,,,,,,,,,,,,,
27,2954240,4,742,5.786738395690918,283.45,,,0.4759564021229744,,0.2,,0.3445776104927063,,0.29173725843429565,,2870,0.0002,,0.0525,,-0.318498917222023,-0.0007296427059918642,0.003940751,,,,,,,,,,,,,,,,,,,,,
34,2959360,5,732,5.9894914627075195,276.98,,,0.5984573593735695,,0.2,,0.22181588411331177,,0.21881942451000214,,2875,0.0002,,0.05875,,-0.3313357746601105,-0.0013259005732834338,0.005234642,,,,,,,,,,,,,,,,,,,,,
42,2964480,6,726,6.092254161834717,277.15,,,0.5358494499325752,,0.2,,0.2674862742424011,,0.2698412835597992,,2880,0.0002,,0.0646484375,,-0.3085408654808998,-0.0006729631731286645,0.0076083043,,,,,,,,,,,,,,,,,,,,,
49,2969600,7,721,6.3076372146606445,270.05,,,0.5503941172361374,,0.2,,0.274985134601593,,0.31435954570770264,,2885,0.0002,,0.0733984375,,-0.3389373943209648,-0.0015670907078310847,0.008313598,,,,,,,,,,,,,,,,,,,,,
57,2974720,8,718,6.388811111450195,269.17,,,0.5372795769572258,,0.2,,0.31553328037261963,,0.27446961402893066,,2890,0.0002,,0.0532421875,,-0.3234636077284813,-0.00034464305266737936,0.0049969247,,,,,,,,,,,,,,,,,,,,,
64,2979840,9,715,6.307347297668457,273.29,,,0.4956073424220085,,0.2,,0.33211231231689453,,0.18916113674640656,,2895,0.0002,,0.0462109375,,-0.337746259868145,-0.0003098595282062888,0.0047079655,,,,,,,,,,,,,,,,,,,,,
71,2984960,10,714,6.251597881317139,275.91,,,0.3874517475068569,,0.2,,0.3739800453186035,,0.10952812433242798,,2900,0.0002,,0.074375,,-0.3585596841573715,-0.0010434432839974762,0.006332436,,,,,,,,,,,,,,,,,,,,,
,,,,,,,,0.4322926689684391,,0.2,,0.3168126344680786,,0.2178678810596466,,2905,0.0002,,0.0948828125,,-0.35870422184467315,-0.0027329798555001616,0.009110828,0.87,0,85.27250436101896,3,267.6,2.2504876387213897,2611200,6.472045444399118,,,,,,,,,,,,,
,,,,,,,,,,,,,,,,,,,,,,,,0.14,1,97.53869539828796,3,400.77,2.987003507326126,2611200,0.6756384326145053,,,,,,,,,,,,,
,,,,,,,,,,,,,,,,,,,,,,,,,,,3,,,2611200,,0,0.0,6.75,0.87,0.14,0.87,0,157.3,0,0.73,0,0.87,0
4,2990080,1,1061,6.265981674194336,273.51,1,440,,0.015,,11,,0.0002,,3,,,15,,2611200,,,,,,,,,,,,,,,,,,,,,,,,
12,2995200,2,825,6.159591197967529,273.48,,,0.5300860354304313,,0.2,,0.3376234173774719,,0.21448776125907898,,2910,0.0002,,0.053984375,,-0.3522092932462692,0.0006305113807320594,0.005517504,,,,,,,,,,,,,,,,,,,,,
19,3000320,3,781,6.221818923950195,271.08,,,0.4727910614013672,,0.2,,0.35713690519332886,,0.168442502617836,,2915,0.0002,,0.064609375,,-0.35201138943433763,-0.0037593482295051215,0.0076569156,,,,,,,,,,,,,,,,,,,,,
27,3005440,4,755,6.285438060760498,269.19,,,0.5004790046811104,,0.2,,0.4404110312461853,,0.21597696840763092,,2920,0.0002,,0.055,,-0.37353203773498533,-0.00046110549941658975,0.0055994214,,,,,,,,,,,,,,,,,,,,,
34,3010560,5,734,6.4893574714660645,262.19,,,0.45112533211708067,,0.2,,0.36820435523986816,,0.2540687620639801,,2925,0.0002,,0.0705859375,,-0.3553784614801407,-0.00034453540574759246,0.008517245,,,,,,,,,,,,,,,,,,,,,
42,3015680,6,728,6.524047374725342,263.02,,,0.4718481114506721,,0.2,,0.34918051958084106,,0.12632133066654205,,2930,0.0002,,0.0671484375,,-0.33697911381721496,-0.0010040628025308252,0.006809762,,,,,,,,,,,,,,,,,,,,,
49,3020800,7,723,6.664274215698242,259.05,,,0.530919864475727,,0.2,,0.43083012104034424,,0.2074185311794281,,2935,0.0002,,0.067109375,,-0.36730127841234206,-0.0018797306763008237,0.0068954257,,,,,,,,,,,,,,,,,,,,,
56,3025920,8,718,6.5271220207214355,262.63,,,0.4413517537713051,,0.2,,0.4653138518333435,,0.28124645352363586,,2940,0.0002,,0.051171875,,-0.3606842198967934,-0.0021603606548160313,0.004565868,,,,,,,,,,,,,,,,,,,,,
64,3031040,9,714,6.544495105743408,260.43,,,0.40488447397947314,,0.2,,0.4339771866798401,,0.13229605555534363,,2945,0.0002,,0.0681640625,,-0.33579932630062104,-0.0022380668995901944,0.010008926,,,,,,,,,,,,,,,,,,,,,
71,3036160,10,711,6.428901195526123,260.36,,,0.42171139538288116,,0.2,,0.3396259546279907,,0.2302381843328476,,2950,0.0002,,0.053828125,,-0.30920272767543794,-0.002128269840031862,0.005440879,,,,,,,,,,,,,,,,,,,,,
,,,,,,,,0.4533447104692459,,0.2,,0.3187887668609619,,0.26564332842826843,,2955,0.0002,,0.0598046875,,-0.3254170581698418,-0.0018871753476560117,0.006387378,0.87,0,92.52432058653551,3,258.99,2.4100452265236623,2662400,6.442779420316219,,,,,,,,,,,,,
,,,,,,,,,,,,,,,,,,,,,,,,0.2,1,114.98485813358211,3,382.68,3.4497452573478347,2662400,1.118643776215613,,,,,,,,,,,,,
,,,,,,,,,,,,,,,,,,,,,,,,,,,3,,,2662400,,0,0.0,6.75,0.87,0.2,0.87,0,157.3,0,0.6699999999999999,0,0.87,0
4,3041280,1,1077,6.305505752563477,262.95,1,440,,0.015,,11,,0.0002,,3,,,15,,2662400,,,,,,,,,,,,,,,,,,,,,,,,
12,3046400,2,833,6.217477321624756,266.45,,,0.5467415541410446,,0.2,,0.23702210187911987,,0.21704928576946259,,2960,0.0002,,0.0520703125,,-0.31382000207901,-0.0002828190708532929,0.0051137195,,,,,,,,,,,,,,,,,,,,,
19,3051520,3,787,5.920573711395264,279.08,,,0.5945102301239967,,0.2,,0.29262661933898926,,0.3288081884384155,,2965,0.0002,,0.0625,,-0.33211316585540773,-0.0005514433933421969,0.00790348,,,,,,,,,,,,,,,,,,,,,
26,3056640,4,770,6.221054553985596,267.2,,,0.47938264310359957,,0.2,,0.3354117274284363,,0.247909814119339,,2970,0.0002,,0.0574609375,,-0.35760223656892776,0.00010804949328303337,0.0060434123,,,,,,,,,,,,,,,,,,,,,
34,3061760,5,749,6.3437371253967285,266.44,,,0.575182069838047,,0.2,,0.2674106955528259,,0.24193188548088074,,2975,0.0002,,0.067734375,,-0.3300874590873718,-0.0009037864906713366,0.0055286647,,,,,,,,,,,,,,,,,,,,,
41,3066880,6,740,6.285447597503662,266.57,,,0.5418026876449585,,0.2,,0.2970433831214905,,0.2516908347606659,,2980,0.0002,,0.0616796875,,-0.3018673485517502,-0.0019192553241737186,0.005475086,,,,,,,,,,,,,,,,,,,,,
48,3072000,7,734,6.001959800720215,277.85,,,0.5551753205060959,,0.2,,0.23509472608566284,,0.19987013936042786,,2985,0.0002,,0.0458203125,,-0.27024597227573394,-0.0017087077954784035,0.004487045,,,,,,,,,,,,,,,,,,,,,
56,3077120,8,728,5.9282941818237305,277.33,,,0.5068946427106857,,0.2,,0.1996835470199585,,0.2989065647125244,,2990,0.0002,,0.0672265625,,-0.28482571691274644,0.00043783864472061394,0.005509903,,,,,,,,,,,,,,,,,,,,,
63,3082240,9,726,5.757328033447266,280.47,,,0.4926678858697414,,0.2,,0.19236421585083008,,0.2567676603794098,,2995,0.0002,,0.0489453125,,-0.2697074912488461,-0.0010886929091066123,0.0051096464,,,,,,,,,,,,,,,,,,,,,
70,3087360,10,722,5.785317420959473,282.76,,,0.5496111452579499,,0.2,,0.31023311614990234,,0.2783752381801605,,3000,0.0002,,0.0459375,,-0.24542323425412177,-0.0002674884535372257,0.005445511,,,,,,,,,,,,,,,,,,,,,
,,,,,,,,0.7564354246854782,,0.2,,0.25636208057403564,,0.32241562008857727,,3005,0.0002,,0.0441015625,,-0.2548829546570778,-0.0017525613401085138,0.005634292,0.73,0,112.01093294852963,3,277.97,3.1422111805904533,2713600,5.543741395920515,,,,,,,,,,,,,
,,,,,,,,,,,,,,,,,,,,,,,,0.19,1,108.96798199471255,3,387.33,3.335301371804872,2713600,1.0707303532399237,,,,,,,,,,,,,
,,,,,,,,,,,,,,,,,,,,,,,,,,,3,,,2713600,,0,0.0,6.75,0.73,0.19,0.73,0,157.3,0,0.54,0,0.73,0
4,3092480,1,1033,5.830511093139648,283.69,1,440,,0.015,,11,,0.0002,,3,,,15,,2713600,,,,,,,,,,,,,,,,,,,,,,,,
12,3097600,2,835,6.122228622436523,272.66,,,0.698135966360569,,0.2,,0.19447731971740723,,0.3201559782028198,,3010,0.0002,,0.0523828125,,-0.27096237897872927,-0.0014863946568220855,0.0060492186,,,,,,,,,,,,,,,,,,,,,
19,3102720,3,793,5.898806095123291,281.21,,,0.7029800310730934,,0.2,,0.32630646228790283,,0.32534223794937134,,3015,0.0002,,0.0553125,,-0.2771651628613472,-0.0028972959029488266,0.004352919,,,,,,,,,,,,,,,,,,,,,
27,3107840,4,756,6.239408493041992,276.01,,,0.42010940924286844,,0.2,,0.32509422302246094,,0.18632349371910095,,3020,0.0002,,0.0552734375,,-0.2728496624529362,-0.00026262026047334073,0.0066436296,,,,,,,,,,,,,,,,,,,,,
34,3112960,5,741,6.341826915740967,276.52,,,0.4893380385637283,,0.2,,0.20123529434204102,,0.22313810884952545,,3025,0.0002,,0.0578125,,-0.2628017480671406,-0.0005588067695498466,0.008576828,,,,,,,,,,,,,,,,,,,,,
42,3118080,6,730,6.100529193878174,280.65,,,0.6200649705529213,,0.2,,0.28100740909576416,,0.31471848487854004,,3030,0.0002,,0.049453125,,-0.2795578828454018,0.0003107074135914445,0.00773177,,,,,,,,,,,,,,,,,,,,,
49,3123200,7,722,5.907077789306641,286.28,,,0.45726933553814886,,0.2,,0.3296796679496765,,0.255220890045166,,3035,0.0002,,0.0434375,,-0.2616110621392727,-0.0004744796687737107,0.005801901,,,,,,,,,,,,,,,,,,,,,
56,3128320,8,719,6.065957546234131,277.97,,,0.5031794710457325,,0.2,,0.29128700494766235,,0.26213589310646057,,3040,0.0002,,0.063125,,-0.3136938542127609,-0.0003259645914658904,0.0072839647,,,,,,,,,,,,,,,,,,,,,
64,3133440,9,714,6.323403835296631,264.96,,,0.6639384958148002,,0.2,,0.23544412851333618,,0.2972743809223175,,3045,0.0002,,0.05203125,,-0.29772993683815,-0.002192182997241616,0.00718624,,,,,,,,,,,,,,,,,,,,,
71,3138560,10,713,6.116744518280029,269.73,,,0.4526845845580101,,0.2,,0.40308624505996704,,0.18554022908210754,,3050,0.0002,,0.0628125,,-0.2880499804019928,-0.0006787998974323272,0.0073005096,,,,,,,,,,,,,,,,,,,,,
,,,,,,,,0.44923846542835233,,0.2,,0.3350697159767151,,0.19867514073848724,,3055,0.0002,,0.0525390625,,-0.3093061915040016,-0.0007548323227092624,0.008410449,0.84,0,97.38427953217091,3,273.39,2.466558912019531,2764800,6.248974001854658,,,,,,,,,,,,,
,,,,,,,,,,,,,,,,,,,,,,,,0.19,1,108.41740589038275,3,387.81,3.341155928969303,2764800,1.1041267145425082,,,,,,,,,,,,,
,,,,,,,,,,,,,,,,,,,,,,,,,,,3,,,2764800,,0,0.0,6.75,0.84,0.19,0.84,0,157.3,0,0.6499999999999999,0,0.84,0
5,3143680,1,946,6.14828634262085,271.59,1,440,,0.015,,11,,0.0002,,3,,,15,,2764800,,,,,,,,,,,,,,,,,,,,,,,,
12,3148800,2,819,6.23306941986084,264.02,,,0.4686819726228714,,0.2,,0.3957844376564026,,0.16497768461704254,,3060,0.0002,,0.0528515625,,-0.2908655887842178,-0.0006830705190077424,0.0063711046,,,,,,,,,,,,,,,,,,,,,
19,3153920,3,789,6.074545383453369,271.12,,,0.47471641302108764,,0.2,,0.38269883394241333,,0.19058692455291748,,3065,0.0002,,0.0610546875,,-0.3154581096768379,-0.0015115706901997327,0.0052618044,,,,,,,,,,,,,,,,,,,,,
26,3159040,4,775,6.081338405609131,271.55,,,0.5113761243224144,,0.2,,0.35256409645080566,,0.24945753812789917,,3070,0.0002,,0.046796875,,-0.2954118147492409,-0.0006907832249999046,0.004171841,,,,,,,,,,,,,,,,,,,,,
33,3164160,5,768,6.2443647384643555,266.45,,,0.5841183999180793,,0.2,,0.3209071159362793,,0.31171056628227234,,3075,0.0002,,0.0491796875,,-0.2811449663341045,-0.0015012970566749572,0.007749787,,,,,,,,,,,,,,,,,,,,,
40,3169280,6,763,6.363366603851318,258.84,,,0.5102703738212585,,0.2,,0.4151992201805115,,0.2450414001941681,,3080,0.0002,,0.0641015625,,-0.3069939197599888,-0.0010278394958004354,0.004948238,,,,,,,,,,,,,,,,,,,,,
48,3174400,7,743,6.50469970703125,256.32,,,0.47610905915498736,,0.2,,0.4033231735229492,,0.22774982452392578,,3085,0.0002,,0.0553515625,,-0.31512331902980806,0.000796980787999928,0.00720077,,,,,,,,,,,,,,,,,,,,,
55,3179520,8,732,6.250673770904541,263.05,,,0.4692306199669838,,0.2,,0.3567080497741699,,0.22928158938884735,,3090,0.0002,,0.0759375,,-0.3289705666899681,-0.0005539530375972391,0.0078571215,,,,,,,,,,,,,,,,,,,,,
63,3184640,9,728,6.052717208862305,269.62,,,0.3976632288098335,,0.2,,0.31689101457595825,,0.20645077526569366,,3095,0.0002,,0.0659375,,-0.29646749794483185,0.0015106261102482677,0.00855199,,,,,,,,,,,,,,,,,,,,,
70,3189760,10,724,5.995546817779541,270.55,,,0.5450077697634697,,0.2,,0.28141725063323975,,0.22568002343177795,,3100,0.0002,,0.044296875,,-0.3077689814567566,-0.0007341210637241602,0.0027089906,,,,,,,,,,,,,,,,,,,,,
,,,,,,,,0.5150524893403053,,0.2,,0.25170236825942993,,0.2512649595737457,,3105,0.0002,,0.058125,,-0.3548897039890289,0.0003735340852290392,0.0064697587,0.81,0,96.92063763719263,3,272.7,2.759850841390941,2816000,6.039561746306718,,,,,,,,,,,,,
,,,,,,,,,,,,,,,,,,,,,,,,0.24,1,119.12584060563853,3,373.29,3.565203976179677,2816000,1.595753780975938,,,,,,,,,,,,,
,,,,,,,,,,,,,,,,,,,,,,,,,,,3,,,2816000,,0,0.0,6.75,0.81,0.24,0.81,0,157.3,0,0.5700000000000001,0,0.81,0
4,3194880,1,1108,5.92690896987915,274.18,1,440,,0.015,,11,,0.0002,,3,,,15,,2816000,,,,,,,,,,,,,,,,,,,,,,,,
11,3200000,2,876,5.8411970138549805,279.88,,,0.6096583265066147,,0.2,,0.26616960763931274,,0.24343696236610413,,3110,0.0002,,0.0653515625,,-0.3480443114042282,-0.002094569322653115,0.0065565975,,,,,,,,,,,,,,,,,,,,,
18,3205120,3,814,6.191076755523682,268.19,,,0.5364273825287819,,0.2,,0.20836806297302246,,0.31981563568115234,,3115,0.0002,,0.0696875,,-0.3623751163482666,1.5111048705875873e-05,0.0072245076,,,,,,,,,,,,,,,,,,,,,
26,3210240,4,784,6.392570972442627,261.73,,,0.5066709816455841,,0.2,,0.2320989966392517,,0.2511312961578369,,3120,0.0002,,0.0421875,,-0.3468925181031227,-0.001178620825521648,0.004905673,,,,,,,,,,,,,,,,,,,,,
33,3215360,5,770,6.363203048706055,266.13,,,0.5382194057106972,,0.2,,0.26906561851501465,,0.296268105506897,,3125,0.0002,,0.0625390625,,-0.35120385497808454,-0.0004770554369315505,0.0058326377,,,,,,,,,,,,,,,,,,,,,
40,3220480,6,759,6.162313938140869,274.27,,,0.4179465264081955,,0.2,,0.2249467968940735,,0.1642640084028244,,3130,0.0002,,0.0683203125,,-0.3487168702483177,1.6812421381473542e-05,0.011320447,,,,,,,,,,,,,,,,,,,,,
47,3225600,7,751,5.940799713134766,283.88,,,0.37428035035729407,,0.2,,0.25103360414505005,,0.1565464437007904,,3135,0.0002,,0.0738671875,,-0.36279956847429273,-0.0019228047598153352,0.008040389,,,,,,,,,,,,,,,,,,,,,
54,3230720,8,745,5.8283185958862305,290.06,,,0.5039815664291382,,0.2,,0.22579973936080933,,0.24475941061973572,,3140,0.0002,,0.0600390625,,-0.368431433737278,-0.0007102554384618997,0.006507651,,,,,,,,,,,,,,,,,,,,,
62,3235840,9,741,5.4710235595703125,308.75,,,0.5240980112552642,,0.2,,0.3060217499732971,,0.24696195125579834,,3145,0.0002,,0.0507421875,,-0.36434153854846957,-0.0008857471868395806,0.004415861,,,,,,,,,,,,,,,,,,,,,
69,3240960,10,739,5.541290283203125,307.27,,,0.4185699392855167,,0.2,,0.19170767068862915,,0.18528085947036743,,3150,0.0002,,0.0476953125,,-0.36819150239229204,-0.001072792443446815,0.004727412,,,,,,,,,,,,,,,,,,,,,
,,,,,,,,0.5927252170443534,,0.2,,0.25607985258102417,,0.23897284269332886,,3155,0.0002,,0.03296875,,-0.35089927911758423,-0.0003814539313316345,0.003773189,0.82,0,95.85403695202409,3,285.94,2.5246088564677187,2867200,6.093961931169033,,,,,,,,,,,,,
,,,,,,,,,,,,,,,,,,,,,,,,0.29,1,125.49818484743115,3,360.16,3.8466008143084274,2867200,1.8637292032688857,,,,,,,,,,,,,
,,,,,,,,,,,,,,,,,,,,,,,,,,,3,,,2867200,,0,0.0,6.75,0.82,0.29,0.82,0,157.3,0,0.53,0,0.82,0
4,3246080,1,1157,5.952141284942627,289.56,1,440,,0.015,,11,,0.0002,,3,,,15,,2867200,,,,,,,,,,,,,,,,,,,,,,,,
11,3251200,2,880,5.904995918273926,291.64,,,0.5901655617356301,,0.2,,0.47045207023620605,,0.28780266642570496,,3160,0.0002,,0.049765625,,-0.38909313529729844,-0.0014560532849282027,0.0061897733,,,,,,,,,,,,,,,,,,,,,
18,3256320,3,830,6.153894424438477,276.78,,,0.3848520115017891,,0.2,,0.60954749584198,,0.16096091270446777,,3165,0.0002,,0.0720703125,,-0.40542677193880083,-0.0004109684471040964,0.0095027285,,,,,,,,,,,,,,,,,,,,,
25,3261440,4,806,6.507509231567383,268.76,,,0.4677979174256325,,0.2,,0.6364344358444214,,0.1858711689710617,,3170,0.0002,,0.0561328125,,-0.4161454167962074,-0.0009110992634668946,0.007298237,,,,,,,,,,,,,,,,,,,,,
32,3266560,5,789,6.32345724105835,274.53,,,0.34777176231145857,,0.2,,0.6649578809738159,,0.18080687522888184,,3175,0.0002,,0.067265625,,-0.4286568722128868,-0.0023446207959204914,0.0058253957,,,,,,,,,,,,,,,,,,,,,
39,3271680,6,778,6.226876258850098,282.0,,,0.33352703854441645,,0.2,,0.5912288427352905,,0.13781575858592987,,3180,0.0002,,0.091796875,,-0.4370491009950638,-0.0021595701994374396,0.008277364,,,,,,,,,,,,,,,,,,,,,
46,3276800,7,773,6.226067543029785,284.4,,,0.4838528797030449,,0.2,,0.531160295009613,,0.2416190356016159,,3185,0.0002,,0.0819921875,,-0.40900561422109605,-0.0010120418202131986,0.008216836,,,,,,,,,,,,,,,,,,,,,
53,3281920,8,768,6.253875255584717,282.56,,,0.37916049152612685,,0.2,,0.6615625619888306,,0.18227924406528473,,3190,0.0002,,0.068515625,,-0.4313830730319023,-0.0001607125857844949,0.007129201,,,,,,,,,,,,,,,,,,,,,
60,3287040,9,763,6.080609321594238,292.47,,,0.398988403826952,,0.2,,0.5288373231887817,,0.2394896298646927,,3195,0.0002,,0.0658984375,,-0.3731090995669365,-0.001351751433685422,0.0085761305,,,,,,,,,,,,,,,,,,,,,
67,3292160,10,759,6.024895668029785,291.22,,,0.49936422020196913,,0.2,,0.43091708421707153,,0.29128777980804443,,3200,0.0002,,0.06546875,,-0.3718310922384262,-0.0019638026086613537,0.008769433,,,,,,,,,,,,,,,,,,,,,
,,,,,,,,0.3678986854851246,,0.2,,0.36599743366241455,,0.12989595532417297,,3205,0.0002,,0.0692578125,,-0.3491983512043953,-0.0027195909386500718,0.008686448,0.81,0,97.8623579319444,3,285.83,2.573447957217656,2918400,6.05445382297039,,,,,,,,,,,,,
,,,,,,,,,,,,,,,,,,,,,,,,0.31,1,123.10158569246782,3,357.86,3.7952746616692554,2918400,2.1845791993290185,,,,,,,,,,,,,
,,,,,,,,,,,,,,,,,,,,,,,,,,,3,,,2918400,,0,0.0,6.75,0.81,0.31,0.81,0,157.3,0,0.5,0,0.81,0
4,3297280,1,1115,6.228755474090576,281.87,1,440,,0.015,,11,,0.0002,,3,,,15,,2918400,,,,,,,,,,,,,,,,,,,,,,,,
11,3302400,2,870,6.282733917236328,277.29,,,0.5404547509551049,,0.2,,0.4117465019226074,,0.3026561141014099,,3210,0.0002,,0.0513671875,,-0.35013950437307356,-0.003144764048047364,0.0053687333,,,,,,,,,,,,,,,,,,,,,
18,3307520,3,817,6.3749284744262695,274.51,,,0.5036777105927467,,0.2,,0.3807485103607178,,0.3277410566806793,,3215,0.0002,,0.0621875,,-0.3478267428278923,-0.0014127714303322136,0.0063114436,,,,,,,,,,,,,,,,,,,,,
25,3312640,4,798,6.444447040557861,268.39,,,0.4720975187420845,,0.2,,0.3584197163581848,,0.26070332527160645,,3220,0.0002,,0.0679296875,,-0.3601647838950157,-0.002209603972733021,0.0063583115,,,,,,,,,,,,,,,,,,,,,
32,3317760,5,784,6.49793815612793,259.55,,,0.46513705581426623,,0.2,,0.5010247826576233,,0.22655360400676727,,3225,0.0002,,0.04546875,,-0.33786993712186814,-0.001326276622712612,0.005052016,,,,,,,,,,,,,,,,,,,,,
39,3322880,6,776,6.398738384246826,256.23,,,0.47977280646562576,,0.2,,0.44316208362579346,,0.24549314379692078,,3230,0.0002,,0.068671875,,-0.3313266086578369,-0.0008572252653539181,0.009500033,,,,,,,,,,,,,,,,,,,,,
46,3328000,7,776,6.4601945877075195,252.0,,,0.41650146280610284,,0.2,,0.4169394373893738,,0.19219332933425903,,3235,0.0002,,0.07467296511627906,,-0.349777894311173,-0.004104865265490357,0.025693355,,,,,,,,,,,,,,,,,,,,,
53,3333120,8,771,6.557504653930664,243.63,,,0.46313531637191774,,0.2,,0.4564720392227173,,0.2018120288848877,,3240,0.0002,,0.0610546875,,-0.3427884924411774,-0.001149368193000555,0.0063554733,,,,,,,,,,,,,,,,,,,,,
60,3338240,9,764,6.380022048950195,251.28,,,0.46383362770080566,,0.2,,0.5116363763809204,,0.2968980669975281,,3245,0.0002,,0.0534765625,,-0.3397650349140167,-0.0013515451503917574,0.005383866,,,,,,,,,,,,,,,,,,,,,
67,3343360,10,761,6.299556255340576,254.71,,,0.3994503407180309,,0.2,,0.33992987871170044,,0.15476654469966888,,3250,0.0002,,0.0558984375,,-0.30344187170267106,-7.461231201887131e-05,0.0075489334,,,,,,,,,,,,,,,,,,,,,
,,,,,,,,0.4032739274203777,,0.2,,0.3737594485282898,,0.24431854486465454,,3255,0.0002,,0.0596875,,-0.3134191486239433,-0.000754281897097826,0.008343466,0.78,0,106.23659021260049,3,267.37,2.9252118631383635,2969600,5.8997273556515575,,,,,,,,,,,,,
,,,,,,,,,,,,,,,,,,,,,,,,0.2,1,112.89092789059714,3,383.72,3.4144124131557145,2969600,1.1744721418246626,,,,,,,,,,,,,
,,,,,,,,,,,,,,,,,,,,,,,,,,,3,,,2969600,,0,0.0,6.75,0.78,0.2,0.78,0,157.3,0,0.5800000000000001,0,0.78,0
4,3348480,1,1136,6.3477325439453125,256.37,1,440,,0.015,,11,,0.0002,,3,,,15,,2969600,,,,,,,,,,,,,,,,,,,,,,,,
11,3353600,2,874,6.405949592590332,258.03,,,0.5239216300845146,,0.2,,0.3441317677497864,,0.22331152856349945,,3260,0.0002,,0.05953125,,-0.36485724240541456,-0.002455387539230287,0.0070856055,,,,,,,,,,,,,,,,,,,,,
18,3358720,3,820,6.303466796875,264.8,,,0.5222247794270516,,0.2,,0.30911922454833984,,0.2476782202720642,,3265,0.0002,,0.06140625,,-0.3635969364643097,-0.0011252742959186434,0.0067602843,,,,,,,,,,,,,,,,,,,,,
25,3363840,4,799,6.472815990447998,261.2,,,0.42095947146415713,,0.2,,0.27804189920425415,,0.1549014449119568,,3270,0.0002,,0.057421875,,-0.3399251672625542,-0.0005989682348445058,0.0061795944,,,,,,,,,,,,,,,,,,,,,
32,3368960,5,783,6.583878993988037,259.83,,,0.4855961349606514,,0.2,,0.29561835527420044,,0.20181646943092346,,3275,0.0002,,0.045703125,,-0.324237035214901,-0.0015969624742865562,0.003773075,,,,,,,,,,,,,,,,,,,,,
39,3374080,6,776,6.46558952331543,269.19,,,0.43170424342155456,,0.2,,0.29434651136398315,,0.14569033682346344,,3280,0.0002,,0.0562890625,,-0.3273482769727707,-0.0011821817047894,0.006754443,,,,,,,,,,,,,,,,,,,,,
46,3379200,7,767,6.4160847663879395,269.7,,,0.4186571779847145,,0.2,,0.20267707109451294,,0.2344152331352234,,3285,0.0002,,0.067265625,,-0.3273445627093315,-0.0014013987546786667,0.006175394,,,,,,,,,,,,,,,,,,,,,
53,3384320,8,762,6.3529953956604,271.01,,,0.4884390887618065,,0.2,,0.23246067762374878,,0.22879254817962646,,3290,0.0002,,0.064375,,-0.28878876119852065,-0.0009029177390038967,0.0066705802,,,,,,,,,,,,,,,,,,,,,
60,3389440,9,758,6.3614606857299805,269.92,,,0.4078222727775574,,0.2,,0.29519784450531006,,0.16588515043258667,,3295,0.0002,,0.06359375,,-0.338603011071682,-0.002834445834159851,0.008267051,,,,,,,,,,,,,,,,,,,,,
67,3394560,10,754,6.172259330749512,275.76,,,0.4295595148205757,,0.2,,0.3596579432487488,,0.26428520679473877,,3300,0.0002,,0.05046875,,-0.35330741047859193,-0.00035579894669353964,0.0061254534,,,,,,,,,,,,,,,,,,,,,
,,,,,,,,0.5117371928691864,,0.2,,0.3271746039390564,,0.24524065852165222,,3305,0.0002,,0.0541796875,,-0.3604367908835411,-0.0007357396464794875,0.004732997,0.81,0,96.752438728954,3,272.84,2.701348780351281,3020800,6.082602513007587,,,,,,,,,,,,,
,,,,,,,,,,,,,,,,,,,,,,,,0.25,1,119.50802274324515,3,371.25,3.667148272581139,3020800,1.5663462682813405,,,,,,,,,,,,,
,,,,,,,,,,,,,,,,,,,,,,,,,,,3,,,3020800,,0,0.0,6.75,0.81,0.25,0.81,0,157.3,0,0.56,0,0.81,0
4,3399680,1,1145,6.479701995849609,264.44,1,440,,0.015,,11,,0.0002,,3,,,15,,3020800,,,,,,,,,,,,,,,,,,,,,,,,
11,3404800,2,870,6.3414506912231445,270.21,,,0.477753849029541,,0.2,,0.3834138512611389,,0.18356794118881226,,3310,0.0002,,0.054140625,,-0.3633484557271004,0.00035236514639109374,0.005795054,,,,,,,,,,,,,,,,,,,,,
18,3409920,3,814,6.188565731048584,277.61,,,0.3974125571548939,,0.2,,0.30922216176986694,,0.19799500703811646,,3315,0.0002,,0.065703125,,-0.34674571990966796,-0.001979038096033037,0.006128265,,,,,,,,,,,,,,,,,,,,,
25,3415040,4,788,6.1457133293151855,282.31,,,0.4868166184425354,,0.2,,0.3145979046821594,,0.2221633791923523,,3320,0.0002,,0.061796875,,-0.38643390536308286,0.0004957585781812668,0.0062910533,,,,,,,,,,,,,,,,,,,,,
32,3420160,5,777,6.210000038146973,282.33,,,0.4399815067648888,,0.2,,0.28638947010040283,,0.22578585147857666,,3325,0.0002,,0.0755078125,,-0.4028574240207672,-0.0005757637973874808,0.009629135,,,,,,,,,,,,,,,,,,,,,
39,3425280,6,771,6.155702114105225,282.87,,,0.5320986077189446,,0.2,,0.32200461626052856,,0.2721807062625885,,3330,0.0002,,0.0643359375,,-0.39130576461553573,-0.002510649752803147,0.007258342,,,,,,,,,,,,,,,,,,,,,
46,3430400,7,766,6.054497241973877,288.42,,,0.5247671204805374,,0.2,,0.3552996516227722,,0.18420995771884918,,3335,0.0002,,0.0615234375,,-0.35870515167713163,-0.001534965862520039,0.0070484057,,,,,,,,,,,,,,,,,,,,,
54,3435520,8,758,6.043615341186523,288.84,,,0.4174210438132286,,0.2,,0.38285696506500244,,0.2012825459241867,,3340,0.0002,,0.061796875,,-0.3915306210517883,-0.0026975186495110394,0.0059151305,,,,,,,,,,,,,,,,,,,,,
61,3440640,9,755,6.220548152923584,277.41,,,0.4490337212383747,,0.2,,0.1694796085357666,,0.18178676068782806,,3345,0.0002,,0.055078125,,-0.3602552697062492,-0.0019680073228664696,0.005601416,,,,,,,,,,,,,,,,,,,,,
68,3445760,10,752,6.231022834777832,278.86,,,0.5777619063854218,,0.2,,0.2889169454574585,,0.24030588567256927,,3350,0.0002,,0.0494921875,,-0.36235286593437194,-0.001940908138640225,0.005949749,,,,,,,,,,,,,,,,,,,,,
,,,,,,,,0.5087213730812072,,0.2,,0.3155701160430908,,0.24954821169376373,,3355,0.0002,,0.04625,,-0.3647519728541374,-0.0005307688005268574,0.005656028,0.92,0,81.48463413429553,3,242.88,1.909776042561547,3072000,6.869093357920646,,,,,,,,,,,,,
,,,,,,,,,,,,,,,,,,,,,,,,0.3,1,126.74007850715574,3,357.55,3.949483542088968,3072000,1.8561958992481231,,,,,,,,,,,,,
,,,,,,,,,,,,,,,,,,,,,,,,,,,3,,,3072000,,0,0.0,6.75,0.92,0.3,0.92,0,157.3,0,0.6200000000000001,0,0.92,0
4,3450880,1,1101,6.114417552947998,284.79,1,440,,0.015,,11,,0.0002,,3,,,15,,3072000,,,,,,,,,,,,,,,,,,,,,,,,
11,3456000,2,862,6.0096964836120605,290.91,,,0.3987086756527424,,0.2,,0.2334892749786377,,0.15638242661952972,,3360,0.0002,,0.065,,-0.36401902556419374,-0.0005872460408136249,0.0069598607,,,,,,,,,,,,,,,,,,,,,
19,3461120,3,807,6.1402153968811035,279.92,,,0.5081704491376877,,0.2,,0.32378333806991577,,0.24857236444950104,,3365,0.0002,,0.0512890625,,-0.38340123772621154,-0.00043731828685849905,0.0042008515,,,,,,,,,,,,,,,,,,,,,
25,3466240,4,788,6.276170253753662,276.67,,,0.501986286342144,,0.2,,0.35848522186279297,,0.2028672695159912,,3370,0.0002,,0.0580078125,,-0.38108455210924147,-0.00029308390337973834,0.007368085,,,,,,,,,,,,,,,,,,,,,
32,3471360,5,776,6.214200973510742,277.25,,,0.44166273057460786,,0.2,,0.30293285846710205,,0.1373981088399887,,3375,0.0002,,0.0578515625,,-0.3747460451722145,0.0004323060344904661,0.0055987667,,,,,,,,,,,,,,,,,,,,,
40,3476480,6,764,6.210721969604492,269.99,,,0.4722569999098778,,0.2,,0.3865966200828552,,0.2548125684261322,,3380,0.0002,,0.054453125,,-0.33062136739492415,0.00010275637963786721,0.004734374,,,,,,,,,,,,,,,,,,,,,
47,3481600,7,757,6.249273300170898,267.42,,,0.4310879635810852,,0.2,,0.35186392068862915,,0.12533648312091827,,3385,0.0002,,0.0580859375,,-0.3430132168531418,-0.0008653004514053464,0.004783143,,,,,,,,,,,,,,,,,,,,,
54,3486720,8,752,6.029755115509033,276.71,,,0.44224203914403915,,0.2,,0.29989296197891235,,0.2550724446773529,,3390,0.0002,,0.065078125,,-0.3385700809955597,-0.0004536557896062732,0.004441105,,,,,,,,,,,,,,,,,,,,,
61,3491840,9,749,6.011465072631836,278.62,,,0.38135378748178483,,0.2,,0.2510395646095276,,0.12581577897071838,,3395,0.0002,,0.0499609375,,-0.37370401591062546,-0.0008243632689118385,0.0053378437,,,,,,,,,,,,,,,,,,,,,
68,3496960,10,745,6.072010040283203,277.93,,,0.5409176835417747,,0.2,,0.27260518074035645,,0.252672404050827,,3400,0.0002,,0.0616796875,,-0.3557958993315697,-0.0006013187952339649,0.006476134,,,,,,,,,,,,,,,,,,,,,
,,,,,,,,0.5508079013228416,,0.2,,0.19353240728378296,,0.21697013080120087,,3405,0.0002,,0.0596875,,-0.3538346445560455,0.00019502270501106978,0.0062075965,0.85,0,93.8307646776898,3,272.74,2.4340874792684946,3123200,6.296688577830792,,,,,,,,,,,,,
,,,,,,,,,,,,,,,,,,,,,,,,0.23,1,116.22315561023115,3,376.91,3.7563918167818873,3123200,1.0700120010785759,,,,,,,,,,,,,
,,,,,,,,,,,,,,,,,,,,,,,,,,,3,,,3123200,,0,0.0,6.75,0.85,0.23,0.85,0,157.3,0,0.62,0,0.85,0
4,3502080,1,1095,5.857326030731201,284.59,1,440,,0.015,,11,,0.0002,,3,,,15,,3123200,,,,,,,,,,,,,,,,,,,,,,,,
11,3507200,2,882,5.78663444519043,286.11,,,0.5339642521739006,,0.2,,0.25466811656951904,,0.27654197812080383,,3410,0.0002,,0.0520703125,,-0.35009092539548875,0.0006076018675230443,0.0048325225,,,,,,,,,,,,,,,,,,,,,
18,3512320,3,827,6.3460845947265625,265.7,,,0.6372885861992836,,0.2,,0.24759149551391602,,0.41651347279548645,,3415,0.0002,,0.0608203125,,-0.3581277483701706,-0.001803040006197989,0.006086708,,,,,,,,,,,,,,,,,,,,,
25,3517440,4,804,6.350306987762451,265.71,,,0.5435780966281891,,0.2,,0.24982035160064697,,0.2110111564397812,,3420,0.0002,,0.0681640625,,-0.35508800119161604,-0.0011263478873297572,0.0080089215,,,,,,,,,,,,,,,,,,,,,
32,3522560,5,790,6.220740795135498,266.5,,,0.5068345797061921,,0.2,,0.2216336727142334,,0.23473483324050903,,3425,0.0002,,0.0676953125,,-0.3629068896174431,-0.0001544487802311778,0.0080934465,,,,,,,,,,,,,,,,,,,,,
39,3527680,6,779,6.410008430480957,262.16,,,0.5226588407158852,,0.2,,0.3389502763748169,,0.3446475565433502,,3430,0.0002,,0.0587890625,,-0.34114747375249865,-0.0012276805471628904,0.005366135,,,,,,,,,,,,,,,,,,,,,
46,3532800,7,772,6.493072032928467,258.09,,,0.5020328930020332,,0.2,,0.217690110206604,,0.24322043359279633,,3435,0.0002,,0.0615625,,-0.3242189657688141,-0.00023832546081393958,0.009999302,,,,,,,,,,,,,,,,,,,,,
53,3537920,8,766,6.4617156982421875,262.74,,,0.49347201228141785,,0.2,,0.35308486223220825,,0.1769551932811737,,3440,0.0002,,0.0562109375,,-0.3519625473022461,-0.0012132328469306231,0.006629198,,,,,,,,,,,,,,,,,,,,,
60,3543040,9,761,6.2470221519470215,270.6,,,0.5199297297000885,,0.2,,0.4023040533065796,,0.22258798778057098,,3445,0.0002,,0.0535546875,,-0.34875705510377886,-0.0008980596624314785,0.004055596,,,,,,,,,,,,,,,,,,,,,
67,3548160,10,756,6.259166240692139,269.07,,,0.4213730126619339,,0.2,,0.3609549403190613,,0.2009093314409256,,3450,0.0002,,0.058046875,,-0.32355904996395113,-0.0004983823141083122,0.005772053,,,,,,,,,,,,,,,,,,,,,
,,,,,,,,0.4772771143913269,,0.2,,0.4009835124015808,,0.21949413418769836,,3455,0.0002,,0.0557421875,,-0.3425223737955093,-0.0016414286056533455,0.0069042766,0.81,0,97.04689794115009,3,276.86,2.792376175218913,3174400,5.989172947034239,,,,,,,,,,,,,
,,,,,,,,,,,,,,,,,,,,,,,,0.22,1,112.96430365385342,3,380.31,3.5507697597823866,3174400,1.2341500574769453,,,,,,,,,,,,,
,,,,,,,,,,,,,,,,,,,,,,,,,,,3,,,3174400,,0,0.0,6.75,0.81,0.22,0.81,0,157.3,0,0.5900000000000001,0,0.81,0
4,3553280,1,1118,6.408452033996582,263.96,1,440,,0.015,,11,,0.0002,,3,,,15,,3174400,,,,,,,,,,,,,,,,,,,,,,,,
11,3558400,2,875,6.195810317993164,272.39,,,0.46933638989925386,,0.2,,0.2652357816696167,,0.3428380489349365,,3460,0.0002,,0.0546875,,-0.34029844403266907,-0.0031378067284822462,0.006528817,,,,,,,,,,,,,,,,,,,,,
18,3563520,3,817,5.990604877471924,272.61,,,0.5500644314289093,,0.2,,0.40979862213134766,,0.26688873767852783,,3465,0.0002,,0.0633984375,,-0.35872109085321424,-0.0012266109371557833,0.007739616,,,,,,,,,,,,,,,,,,,,,
26,3568640,4,784,5.845733165740967,277.48,,,0.46031326457858085,,0.2,,0.3828110694885254,,0.17767183482646942,,3470,0.0002,,0.0569140625,,-0.36520164310932157,-0.0008715653605759144,0.006977766,,,,,,,,,,,,,,,,,,,,,
33,3573760,5,770,5.996433258056641,276.79,,,0.41037281200289727,,0.2,,0.30015289783477783,,0.25451332330703735,,3475,0.0002,,0.0719921875,,-0.3958160051703453,-0.0002907875273376703,0.0104014445,,,,,,,,,,,,,,,,,,,,,
40,3578880,6,763,5.794559478759766,282.23,,,0.5751458519697189,,0.2,,0.3829385042190552,,0.3170274496078491,,3480,0.0002,,0.069921875,,-0.38503453850746155,-0.00019252699799835683,0.004946337,,,,,,,,,,,,,,,,,,,,,
47,3584000,7,756,5.749066352844238,283.25,,,0.39215117529034615,,0.2,,0.39043188095092773,,0.13657662272453308,,3485,0.0002,,0.0712109375,,-0.3794066035747528,-0.0032711231242865324,0.008882194,,,,,,,,,,,,,,,,,,,,,
54,3589120,8,752,5.517778396606445,294.34,,,0.5027988591790199,,0.2,,0.26808369159698486,,0.27829107642173767,,3490,0.0002,,0.055234375,,-0.3773714408278465,-0.0008108167722821236,0.004255389,,,,,,,,,,,,,,,,,,,,,
61,3594240,9,745,5.700571060180664,288.88,,,0.5004271918535232,,0.2,,0.3418661952018738,,0.18684357404708862,,3495,0.0002,,0.05609375,,-0.37515613317489627,-0.0005520360544323921,0.005430697,,,,,,,,,,,,,,,,,,,,,
68,3599360,10,744,6.0170183181762695,276.71,,,0.5856012970209121,,0.2,,0.2696073055267334,,0.299766480922699,,3500,0.0002,,0.0559375,,-0.3732243448495865,-0.0009061093511991202,0.0062066866,,,,,,,,,,,,,,,,,,,,,
,,,,,,,,0.5969029709696769,,0.2,,0.2506808042526245,,0.3495960831642151,,3505,0.0002,,0.0576953125,,-0.3764154869318008,-0.002426266884431243,0.006045348,0.79,0,97.44864083197878,3,277.68,2.7680108528319343,3225600,5.943626253008842,,,,,,,,,,,,,
,,,,,,,,,,,,,,,,,,,,,,,,0.2,1,111.9662712605899,3,384.29,3.3761002522214834,3225600,1.2053574023023248,,,,,,,,,,,,,
,,,,,,,,,,,,,,,,,,,,,,,,,,,3,,,3225600,,0,0.0,6.75,0.79,0.2,0.79,0,157.3,0,0.5900000000000001,0,0.79,0
5,3604480,1,961,5.6628899574279785,289.2,1,440,,0.015,,11,,0.0002,,3,,,15,,3225600,,,,,,,,,,,,,,,,,,,,,,,,
12,3609600,2,789,5.715956211090088,284.68,,,0.3855597285926342,,0.2,,0.07365536689758301,,0.14167743921279907,,3510,0.0002,,0.075390625,,-0.370421547293663,-0.0023566583218052983,0.008199111,,,,,,,,,,,,,,,,,,,,,
20,3614720,3,744,5.639101028442383,287.54,,,0.5663545599579811,,0.2,,0.24256044626235962,,0.233326256275177,,3515,0.0002,,0.053203125,,-0.35752642452716826,-0.0014552745688706636,0.005353285,,,,,,,,,,,,,,,,,,,,,
28,3619840,4,715,5.874882221221924,281.95,,,0.4885287103056908,,0.2,,0.3061627745628357,,0.2576282024383545,,3520,0.0002,,0.0523828125,,-0.3387166500091553,-0.001821289607323706,0.006402562,,,,,,,,,,,,,,,,,,,,,
36,3624960,5,710,5.728151321411133,288.14,,,0.6724058482050895,,0.2,,0.24007254838943481,,0.3649756610393524,,3525,0.0002,,0.0550390625,,-0.3372560715675354,-0.0009243703726679087,0.007104425,,,,,,,,,,,,,,,,,,,,,
43,3630080,6,710,5.905328750610352,279.8,,,0.5470639678835869,,0.2,,0.298217236995697,,0.18483801186084747,,3530,0.0002,,0.0626953125,,-0.36037972569465637,-0.0007390348752960563,0.0073761814,,,,,,,,,,,,,,,,,,,,,
50,3635200,7,711,5.963327407836914,279.13,,,0.5905973950028419,,0.2,,0.2879714369773865,,0.21860899031162262,,3535,0.0002,,0.069453125,,-0.39071553021669386,-0.0013573027914389967,0.010014487,,,,,,,,,,,,,,,,,,,,,
59,3640320,8,694,6.014991283416748,277.01,,,0.590032639503479,,0.2,,0.17881840467453003,,0.27823054790496826,,3540,0.0002,,0.0794921875,,-0.42180728137493134,0.0005541976541280746,0.008371851,,,,,,,,,,,,,,,,,,,,,
67,3645440,9,685,6.037355899810791,276.03,,,0.6061758038401603,,0.2,,0.3253548741340637,,0.2096116989850998,,3545,0.0002,,0.07125,,-0.3984691360592842,-0.0017307645175606012,0.0062730974,,,,,,,,,,,,,,,,,,,,,
75,3650560,10,674,5.966364860534668,280.03,,,0.4721425172686577,,0.2,,0.2955980896949768,,0.25355276465415955,,3550,0.0002,,0.0722265625,,-0.37847735464572907,0.0011061596730723977,0.0052231923,,,,,,,,,,,,,,,,,,,,,
,,,,,,,,0.5852521222829818,,0.2,,0.25060755014419556,,0.2793603539466858,,3555,0.0002,,0.071171875,,-0.3587105938792229,-0.0005421083420515061,0.012301717,0.85,0,86.46327486279941,3,279.39,2.4569096800686174,3276800,6.262739755213261,,,,,,,,,,,,,
,,,,,,,,,,,,,,,,,,,,,,,,0.16,1,98.63380556381266,3,397.18,3.260521061453743,3276800,0.5806628829613328,,,,,,,,,,,,,
,,,,,,,,,,,,,,,,,,,,,,,,,,,3,,,3276800,,0,0.0,6.75,0.85,0.16,0.85,0,157.3,0,0.69,0,0.85,0
4,3655680,1,1041,6.141516208648682,278.27,1,440,,0.015,,11,,0.0002,,3,,,15,,3276800,,,,,,,,,,,,,,,,,,,,,,,,
12,3660800,2,791,6.013079643249512,288.59,,,0.5961396914720535,,0.2,,0.3306007981300354,,0.24090376496315002,,3560,0.0002,,0.076796875,,-0.3736296093463898,-0.000978876664303243,0.0076311,,,,,,,,,,,,,,,,,,,,,
21,3665920,3,709,6.115793228149414,289.32,,,0.4807383945584297,,0.2,,0.21665161848068237,,0.19121678173542023,,3565,0.0002,,0.068046875,,-0.34218804240226747,-0.003517453414388001,0.0058716275,,,,,,,,,,,,,,,,,,,,,
29,3671040,4,685,5.9690046310424805,293.86,,,0.5085308314859867,,0.2,,0.3135744333267212,,0.2553851306438446,,3570,0.0002,,0.0538671875,,-0.33617452770471573,-0.0012649584980681538,0.0050869468,,,,,,,,,,,,,,,,,,,,,
39,3676160,5,650,6.115943431854248,288.57,,,0.5639479687809944,,0.2,,0.32443857192993164,,0.21914589405059814,,3575,0.0002,,0.0571875,,-0.3701915788650513,-0.0009445274295285344,0.0065155663,,,,,,,,,,,,,,,,,,,,,
47,3681280,6,652,6.095404148101807,291.81,,,0.5336341670155526,,0.2,,0.20620214939117432,,0.3513563275337219,,3580,0.0002,,0.0516796875,,-0.3477737185359001,-0.0011202542250975966,0.0047688656,,,,,,,,,,,,,,,,,,,,,
54,3686400,7,656,5.995761871337891,290.16,,,0.5432692056894303,,0.2,,0.25918078422546387,,0.28104305267333984,,3585,0.0002,,0.0551171875,,-0.36084254175424574,-0.0006424163794144988,0.01105926,,,,,,,,,,,,,,,,,,,,,
61,3691520,8,663,5.947714805603027,289.62,,,0.5826269721984864,,0.2,,0.2968408465385437,,0.2539462447166443,,3590,0.0002,,0.05640625,,-0.3513508766889572,-0.0012785376328974963,0.005016432,,,,,,,,,,,,,,,,,,,,,
69,3696640,9,667,5.923795700073242,291.29,,,0.46378319069743157,,0.2,,0.25646281242370605,,0.1961919516324997,,3595,0.0002,,0.0685546875,,-0.3958936908841133,-0.0004180670063942671,0.0084427055,,,,,,,,,,,,,,,,,,,,,
76,3701760,10,669,5.90648078918457,293.89,,,0.5242664104700089,,0.2,,0.1565379500389099,,0.1800227165222168,,3600,0.0002,,0.059609375,,-0.3650231611728668,-0.0014956567203626037,0.0062949755,,,,,,,,,,,,,,,,,,,,,
,,,,,,,,0.6022630390524865,,0.2,,0.20965617895126343,,0.2682458162307739,,3605,0.0002,,0.0603515625,,-0.3788710868358612,-0.001137041631154716,0.004871313,0.82,0,93.14558282602562,3,283.02,2.6432500874188225,3328000,6.056786047965288,,,,,,,,,,,,,
,,,,,,,,,,,,,,,,,,,,,,,,0.24,1,116.68566492933056,3,374.66,3.5686422410189893,3328000,1.5620690999180078,,,,,,,,,,,,,
,,,,,,,,,,,,,,,,,,,,,,,,,,,3,,,3328000,,0,0.0,6.75,0.82,0.24,0.82,0,157.3,0,0.58,0,0.82,0
4,3706880,1,1069,6.260357856750488,286.93,1,440,,0.015,,11,,0.0002,,3,,,15,,3328000,,,,,,,,,,,,,,,,,,,,,,,,
13,3712000,2,743,6.23848819732666,282.66,,,0.522004733979702,,0.2,,0.30592799186706543,,0.20261436700820923,,3610,0.0002,,0.0598046875,,-0.39453754395246504,-0.0030535941710695623,0.004752524,,,,,,,,,,,,,,,,,,,,,
22,3717120,3,688,6.216313362121582,286.62,,,0.5868380105495453,,0.2,,0.26047825813293457,,0.32829365134239197,,3615,0.0002,,0.047265625,,-0.3725183933973312,-0.0011747362790629269,0.0058228415,,,,,,,,,,,,,,,,,,,,,
29,3722240,4,696,6.272316932678223,286.67,,,0.5454573923349381,,0.2,,0.2730616331100464,,0.27827540040016174,,3620,0.0002,,0.0534375,,-0.3632193338871002,-0.0002701121685095131,0.005942394,,,,,,,,,,,,,,,,,,,,,
37,3727360,5,682,6.144206523895264,287.39,,,0.5087887750566006,,0.2,,0.256244957447052,,0.23832166194915771,,3625,0.0002,,0.0676953125,,-0.37176655143499376,-0.0006942491373047232,0.0071608936,,,,,,,,,,,,,,,,,,,,,
45,3732480,6,669,6.034170627593994,287.68,,,0.5836386761069298,,0.2,,0.3546736240386963,,0.18700000643730164,,3630,0.0002,,0.0503515625,,-0.372163365483284,-0.0012144321901723743,0.0053136004,,,,,,,,,,,,,,,,,,,,,
54,3737600,7,663,5.920277118682861,286.11,,,0.5309189713001251,,0.2,,0.2841111421585083,,0.22102685272693634,,3635,0.0002,,0.0404296875,,-0.3599851560592651,-0.0022773171705193817,0.0055801095,,,,,,,,,,,,,,,,,,,,,
61,3742720,8,666,5.87101936340332,287.63,,,0.5572073724865914,,0.2,,0.25550466775894165,,0.2666126787662506,,3640,0.0002,,0.073359375,,-0.3726762321591377,-0.001392317614518106,0.0074970857,,,,,,,,,,,,,,,,,,,,,
69,3747840,9,663,6.064884662628174,274.24,,,0.6320087605714798,,0.2,,0.2652962803840637,,0.39017775654792786,,3645,0.0002,,0.050859375,,-0.3574628332257271,-0.0021579580614343287,0.0066379556,,,,,,,,,,,,,,,,,,,,,
77,3752960,10,662,6.065087795257568,271.57,,,0.555677221417427,,0.2,,0.3292861580848694,,0.3194253444671631,,3650,0.0002,,0.0614453125,,-0.37318711906671526,-0.001856107609346509,0.006329986,,,,,,,,,,,,,,,,,,,,,
,,,,,,,,0.4255536489188671,,0.2,,0.259096622467041,,0.1951204538345337,,3655,0.0002,,0.0683203125,,-0.34959356993436813,-0.0004231427330523729,0.0085029695,0.84,0,98.40710289404926,3,271.11,2.467658450032552,3379200,6.264069237187504,,,,,,,,,,,,,
,,,,,,,,,,,,,,,,,,,,,,,,0.33,1,130.3717036016635,3,348.83,4.041988769700841,3379200,2.1244873684830963,,,,,,,,,,,,,
,,,,,,,,,,,,,,,,,,,,,,,,,,,3,,,3379200,,0,0.0,6.75,0.84,0.33,0.84,0,157.3,0,0.51,0,0.84,0
5,3758080,1,905,6.114368438720703,269.58,1,440,,0.015,,11,,0.0002,,3,,,15,,3379200,,,,,,,,,,,,,,,,,,,,,,,,
13,3763200,2,782,6.310002326965332,258.0,,,0.46733376264572146,,0.2,,0.3909796476364136,,0.19609135389328003,,3660,0.0002,,0.0546484375,,-0.35342823803424833,0.00038626351859420536,0.0045447415,,,,,,,,,,,,,,,,,,,,,
21,3768320,3,726,6.330543041229248,254.07,,,0.5935890311002732,,0.2,,0.351279079914093,,0.2463570088148117,,3665,0.0002,,0.06109375,,-0.36287438303232195,-0.0002587484708055854,0.007455685,,,,,,,,,,,,,,,,,,,,,
29,3773440,4,701,6.339573860168457,260.55,,,0.4908317059278488,,0.2,,0.431022584438324,,0.3108319044113159,,3670,0.0002,,0.054296875,,-0.3569496861100197,0.0002790788421407342,0.005726757,,,,,,,,,,,,,,,,,,,,,
36,3778560,5,699,6.433934211730957,263.41,,,0.5199845924973487,,0.2,,0.3025199770927429,,0.1761484593153,,3675,0.0002,,0.069296875,,-0.36485090881586074,-0.0021874103369191288,0.0104973465,,,,,,,,,,,,,,,,,,,,,
43,3783680,6,702,6.473912239074707,263.36,,,0.5686511167883873,,0.2,,0.30892425775527954,,0.2632329761981964,,3680,0.0002,,0.065703125,,-0.3777269420027733,-0.002485594355966896,0.0059618885,,,,,,,,,,,,,,,,,,,,,
50,3788800,7,705,6.433801174163818,270.06,,,0.465966030061245,,0.2,,0.3120322823524475,,0.2718006670475006,,3685,0.0002,,0.0598046875,,-0.3702743351459503,-0.0015781560447067021,0.0067649707,,,,,,,,,,,,,,,,,,,,,
58,3793920,8,704,6.38302755355835,277.28,,,0.4633633282780647,,0.2,,0.35717761516571045,,0.23136788606643677,,3690,0.0002,,0.05578125,,-0.40556670516729354,-0.0011449358379468323,0.005060981,,,,,,,,,,,,,,,,,,,,,
66,3799040,9,693,6.1884589195251465,287.14,,,0.5125792509317398,,0.2,,0.14621686935424805,,0.29021820425987244,,3695,0.0002,,0.0638671875,,-0.3643085390329361,-0.000441255820915103,0.0089867925,,,,,,,,,,,,,,,,,,,,,
74,3804160,10,690,6.1865386962890625,281.42,,,0.49973350018262863,,0.2,,0.19279444217681885,,0.27880632877349854,,3700,0.0002,,0.0613671875,,-0.3797557470202446,0.0005630657682195306,0.00574119,,,,,,,,,,,,,,,,,,,,,
,,,,,,,,0.5493183758854866,,0.2,,0.29825693368911743,,0.18406331539154053,,3705,0.0002,,0.053359375,,-0.3726332062482834,-0.00018863513134419917,0.00685258,0.9,0,85.71746379822491,3,257.42,2.0476591929296744,3430400,6.678767690099776,,,,,,,,,,,,,
,,,,,,,,,,,,,,,,,,,,,,,,0.3,1,124.5625991218873,3,359.17,3.9040162486200884,3430400,1.8849520703777671,,,,,,,,,,,,,
,,,,,,,,,,,,,,,,,,,,,,,,,,,3,,,3430400,,0,0.0,6.75,0.9,0.3,0.9,0,157.3,0,0.6000000000000001,0,0.9,0
4,3809280,1,1070,6.209730625152588,278.94,1,440,,0.015,,11,,0.0002,,3,,,15,,3430400,,,,,,,,,,,,,,,,,,,,,,,,
12,3814400,2,835,6.30081033706665,273.21,,,0.5550889790058136,,0.2,,0.3501170873641968,,0.27869337797164917,,3710,0.0002,,0.0584375,,-0.39507317513227463,-0.0013258348265662789,0.006715807,,,,,,,,,,,,,,,,,,,,,
19,3819520,3,796,6.522221088409424,262.67,,,0.47666310012340546,,0.2,,0.390453040599823,,0.21548935770988464,,3715,0.0002,,0.0728125,,-0.38056733667850495,-0.0037628156226128338,0.009723643,,,,,,,,,,,,,,,,,,,,,
26,3824640,4,770,6.554910182952881,262.22,,,0.5147747823596001,,0.2,,0.44370120763778687,,0.22161756455898285,,3720,0.0002,,0.0671484375,,-0.39489501625299456,-0.0012998518254607916,0.0076603843,,,,,,,,,,,,,,,,,,,,,
33,3829760,5,755,6.376774787902832,265.45,,,0.4252015702426434,,0.2,,0.38926029205322266,,0.30210962891578674,,3725,0.0002,,0.0697265625,,-0.3626621177792549,-0.0018837385810911655,0.009382953,,,,,,,,,,,,,,,,,,,,,
42,3834880,6,730,6.347962856292725,270.47,,,0.4360451951622963,,0.2,,0.3736897110939026,,0.21982088685035706,,3730,0.0002,,0.048515625,,-0.3752306434512138,-0.0013450750429183245,0.0051217927,,,,,,,,,,,,,,,,,,,,,
49,3840000,7,725,6.196278095245361,278.0,,,0.45171471863985063,,0.2,,0.2872973680496216,,0.1394495666027069,,3735,0.0002,,0.0540234375,,-0.3702525746822357,-0.001594410170800984,0.0042282706,,,,,,,,,,,,,,,,,,,,,
57,3845120,8,706,6.166280746459961,280.42,,,0.43879720479249956,,0.2,,0.34113454818725586,,0.2107434719800949,,3740,0.0002,,0.05765625,,-0.36525797069072724,-0.001219269665889442,0.0060004313,,,,,,,,,,,,,,,,,,,,,
65,3850240,9,704,6.045556545257568,282.83,,,0.47154650822281835,,0.2,,0.3966624140739441,,0.182559072971344,,3745,0.0002,,0.0437109375,,-0.37109116464853287,-0.0014211336616426705,0.0042432705,,,,,,,,,,,,,,,,,,,,,
72,3855360,10,705,6.239323139190674,278.67,,,0.5214980617165565,,0.2,,0.2982845902442932,,0.21785606443881989,,3750,0.0002,,0.0466796875,,-0.36055541843175887,-0.002377859791740775,0.003807855,,,,,,,,,,,,,,,,,,,,,
,,,,,,,,0.47892496317625044,,0.2,,0.4448765516281128,,0.17765717208385468,,3755,0.0002,,0.0584375,,-0.37782486945390703,-0.0008243672456592321,0.004983439,0.78,0,98.30874833909748,3,285.1,2.7659100830634733,3481600,5.886711617559195,,,,,,,,,,,,,
,,,,,,,,,,,,,,,,,,,,,,,,0.32,1,122.51219163822024,3,356.73,3.8547821505895055,3481600,2.1958836944028737,,,,,,,,,,,,,
,,,,,,,,,,,,,,,,,,,,,,,,,,,3,,,3481600,,0,0.0,6.75,0.78,0.32,0.78,0,157.3,0,0.46,0,0.78,0
4,3860480,1,1083,6.309925079345703,275.73,1,440,,0.015,,11,,0.0002,,3,,,15,,3481600,,,,,,,,,,,,,,,,,,,,,,,,
12,3865600,2,836,6.283451557159424,275.51,,,0.44887699872255327,,0.2,,0.42147254943847656,,0.17852744460105896,,3760,0.0002,,0.054140625,,-0.3527601128816605,-0.001391105866059661,0.007818006,,,,,,,,,,,,,,,,,,,,,
18,3870720,3,809,6.174691200256348,278.26,,,0.36149004951119423,,0.2,,0.4242550730705261,,0.16666847467422485,,3765,0.0002,,0.067890625,,-0.3516221046447754,-0.0011017082538455725,0.007905571,,,,,,,,,,,,,,,,,,,,,
26,3875840,4,765,6.143414497375488,281.57,,,0.4917309829592705,,0.2,,0.43361878395080566,,0.22926056385040283,,3770,0.0002,,0.05953125,,-0.3820257031917572,-0.00023718002717941999,0.0069721676,,,,,,,,,,,,,,,,,,,,,
34,3880960,5,732,6.184750556945801,275.72,,,0.44013197749853133,,0.2,,0.3891962170600891,,0.1695784330368042,,3775,0.0002,,0.055390625,,-0.35190092772245407,-0.001125134089961648,0.007666585,,,,,,,,,,,,,,,,,,,,,
42,3886080,6,726,6.08854866027832,282.29,,,0.5564963936805725,,0.2,,0.3740742802619934,,0.2270909696817398,,3780,0.0002,,0.0643359375,,-0.3598666036128998,-0.001379174350295216,0.0066627413,,,,,,,,,,,,,,,,,,,,,
49,3891200,7,723,5.830801010131836,290.42,,,0.4623062717914581,,0.2,,0.3795827031135559,,0.19052191078662872,,3785,0.0002,,0.0619921875,,-0.3681288254261017,-0.0016914190258830787,0.0073997406,,,,,,,,,,,,,,,,,,,,,
56,3896320,8,720,6.013049125671387,283.06,,,0.4392966370284557,,0.2,,0.3067631125450134,,0.20354676246643066,,3790,0.0002,,0.069609375,,-0.36781205862760546,-0.0021361460722982882,0.0070598586,,,,,,,,,,,,,,,,,,,,,
64,3901440,9,717,6.038229465484619,279.51,,,0.5171781504154205,,0.2,,0.25627756118774414,,0.16804015636444092,,3795,0.0002,,0.0485546875,,-0.3745489358901978,-0.0019167564949020743,0.0049057696,,,,,,,,,,,,,,,,,,,,,
72,3906560,10,710,6.180502891540527,272.88,,,0.5812350806593894,,0.2,,0.24131089448928833,,0.3740832507610321,,3800,0.0002,,0.056171875,,-0.37338307172060015,-0.0014846330555155873,0.007371776,,,,,,,,,,,,,,,,,,,,,
,,,,,,,,0.5150993940234184,,0.2,,0.27639836072921753,,0.24715091288089752,,3805,0.0002,,0.051015625,,-0.3512317907810211,-0.001029805252328515,0.0053372183,0.84,0,94.27558750811369,3,277.56,2.4938635396595603,3532800,6.2346366909146305,,,,,,,,,,,,,
,,,,,,,,,,,,,,,,,,,,,,,,0.19,1,104.89252547250449,3,389.41,3.3593950799257013,3532800,1.0197127719817374,,,,,,,,,,,,,
,,,,,,,,,,,,,,,,,,,,,,,,,,,3,,,3532800,,0,0.0,6.75,0.84,0.19,0.84,0,157.3,0,0.6499999999999999,0,0.84,0
4,3911680,1,1069,5.808920860290527,285.78,1,440,,0.015,,11,,0.0002,,3,,,15,,3532800,,,,,,,,,,,,,,,,,,,,,,,,
13,3916800,2,774,5.984145641326904,273.22,,,0.3633821366727352,,0.2,,0.2635369300842285,,0.14787591993808746,,3810,0.0002,,0.0486328125,,-0.32519427001476287,-0.0013909027958288788,0.0038282606,,,,,,,,,,,,,,,,,,,,,
22,3921920,3,689,6.156910419464111,268.7,,,0.5997816175222397,,0.2,,0.2626594305038452,,0.31240856647491455,,3815,0.0002,,0.0465625,,-0.339544939994812,-0.0016328205075114965,0.005577677,,,,,,,,,,,,,,,,,,,,,
30,3927040,4,674,6.20765495300293,267.9,,,0.4138676914572716,,0.2,,0.44266223907470703,,0.1982836276292801,,3820,0.0002,,0.0679296875,,-0.35746398657560347,-0.0026964075956493615,0.006118425,,,,,,,,,,,,,,,,,,,,,
37,3932160,5,678,5.937109470367432,278.4,,,0.383593190908432,,0.2,,0.5503033399581909,,0.18987998366355896,,3825,0.0002,,0.047421875,,-0.344816780090332,-0.003270941865630448,0.0057100723,,,,,,,,,,,,,,,,,,,,,
45,3937280,6,682,6.1877923011779785,275.35,,,0.3793836934864521,,0.2,,0.49910080432891846,,0.2105294167995453,,3830,0.0002,,0.0571484375,,-0.3474682593345642,-0.0008387554762884974,0.0047517056,,,,,,,,,,,,,,,,,,,,,
52,3942400,7,685,6.266261100769043,272.58,,,0.38657149255275725,,0.2,,0.5100589990615845,,0.2378552258014679,,3835,0.0002,,0.053046875,,-0.3433053091168404,-0.0012661168770864606,0.0073881587,,,,,,,,,,,,,,,,,,,,,
59,3947520,8,688,6.0451765060424805,284.03,,,0.4564278683066368,,0.2,,0.44087058305740356,,0.22744041681289673,,3840,0.0002,,0.0484375,,-0.37110381096601486,-0.00047041486483067273,0.0034227457,,,,,,,,,,,,,,,,,,,,,
66,3952640,9,689,6.052690505981445,279.56,,,0.399322404563427,,0.2,,0.4088241457939148,,0.13195373117923737,,3845,0.0002,,0.0653125,,-0.3705874189734459,-0.0002668789029121399,0.009823126,,,,,,,,,,,,,,,,,,,,,
74,3957760,10,691,6.022855758666992,284.79,,,0.4395177707076073,,0.2,,0.42506182193756104,,0.2201613485813141,,3850,0.0002,,0.0549609375,,-0.39459134101867677,-0.001650912775658071,0.0071090623,,,,,,,,,,,,,,,,,,,,,
,,,,,,,,0.37333302944898605,,0.2,,0.3957298994064331,,0.165187269449234,,3855,0.0002,,0.063515625,,-0.3884539887309074,-0.00203855074942112,0.008523645,0.85,0,92.32540278818176,3,274.0,2.416021584041981,3584000,6.31725042462349,,,,,,,,,,,,,
,,,,,,,,,,,,,,,,,,,,,,,,0.26,1,118.05858333895084,3,370.47,3.603636691717718,3584000,1.7544488198775798,,,,,,,,,,,,,
,,,,,,,,,,,,,,,,,,,,,,,,,,,3,,,3584000,,0,0.0,6.75,0.85,0.26,0.85,0,157.3,0,0.59,0,0.85,0
4,3962880,1,1084,6.046911239624023,280.51,1,440,,0.015,,11,,0.0002,,3,,,15,,3584000,,,,,,,,,,,,,,,,,,,,,,,,
12,3968000,2,852,6.200578689575195,273.35,,,0.40003749340772626,,0.2,,0.47808992862701416,,0.18963952362537384,,3860,0.0002,,0.062421875,,-0.365444498360157,-0.0015049347234889865,0.006519879,,,,,,,,,,,,,,,,,,,,,
19,3973120,3,800,6.308058261871338,267.69,,,0.47494826436042786,,0.2,,0.3803524374961853,,0.1572946161031723,,3865,0.0002,,0.0564453125,,-0.3808036893606186,-0.0020104043139144777,0.005520444,,,,,,,,,,,,,,,,,,,,,
26,3978240,4,767,6.1766791343688965,271.34,,,0.3926469761133194,,0.2,,0.3940073251724243,,0.1355062574148178,,3870,0.0002,,0.0637890625,,-0.3740360912680626,-0.0013007794599980116,0.006912999,,,,,,,,,,,,,,,,,,,,,
34,3983360,5,738,6.180422782897949,274.29,,,0.455199721455574,,0.2,,0.4088889956474304,,0.21842071413993835,,3875,0.0002,,0.0694140625,,-0.3973610436916351,-0.000973093775101006,0.0057050427,,,,,,,,,,,,,,,,,,,,,
42,3988480,6,721,6.489258289337158,266.61,,,0.45347861349582674,,0.2,,0.2734224200248718,,0.2686135172843933,,3880,0.0002,,0.05828125,,-0.37503164887428286,-0.002227454022504389,0.0053859563,,,,,,,,,,,,,,,,,,,,,
51,3993600,7,697,6.472280979156494,269.82,,,0.4725527173280716,,0.2,,0.2777537703514099,,0.22170978784561157,,3885,0.0002,,0.069375,,-0.423756023645401,-0.0016967236436903476,0.004331863,,,,,,,,,,,,,,,,,,,,,
58,3998720,8,695,6.336696624755859,278.54,,,0.44885518699884414,,0.2,,0.30730342864990234,,0.14524824917316437,,3890,0.0002,,0.05484375,,-0.3799483314156532,-0.002831835690885782,0.005448972,,,,,,,,,,,,,,,,,,,,,
66,4003840,9,694,6.441595077514648,277.47,,,0.46909101217985155,,0.2,,0.3351063132286072,,0.20568424463272095,,3895,0.0002,,0.0800390625,,-0.36791950076818464,-0.002753735603764653,0.006112496,,,,,,,,,,,,,,,,,,,,,
74,4008960,10,687,6.111490249633789,288.21,,,0.4956682574748993,,0.2,,0.26991671323776245,,0.18311211466789246,,3900,0.0002,,0.0501171875,,-0.3501400604844093,-0.0011597529938444495,0.006519366,,,,,,,,,,,,,,,,,,,,,
,,,,,,,,0.35871472865343096,,0.2,,0.23084938526153564,,0.15123791992664337,,3905,0.0002,,0.0562890625,,-0.35005700498819353,-0.002677634647116065,0.0058016893,0.85,0,91.25304597655905,3,266.96,2.456267452216242,3635200,6.3346984595060345,,,,,,,,,,,,,
,,,,,,,,,,,,,,,,,,,,,,,,0.19,1,105.10948767832521,3,389.34,3.2602141395880797,3635200,1.179383451193571,,,,,,,,,,,,,
,,,,,,,,,,,,,,,,,,,,,,,,,,,3,,,3635200,,0,0.0,6.75,0.85,0.19,0.85,0,157.3,0,0.6599999999999999,0,0.85,0
4,4014080,1,1115,6.008200645446777,285.63,1,440,,0.015,,11,,0.0002,,3,,,15,,3635200,,,,,,,,,,,,,,,,,,,,,,,,
12,4019200,2,852,5.883355140686035,286.64,,,0.48454838126897815,,0.2,,0.33359241485595703,,0.23760414123535156,,3910,0.0002,,0.05671875,,-0.3431680503487587,-0.0018117937585338951,0.0065684826,,,,,,,,,,,,,,,,,,,,,
19,4024320,3,795,5.674759387969971,293.41,,,0.5647647455334663,,0.2,,0.2610284686088562,,0.2714444398880005,,3915,0.0002,,0.058984375,,-0.3514329043030739,-0.0007982018264010549,0.0061508147,,,,,,,,,,,,,,,,,,,,,
26,4029440,4,763,5.620333194732666,295.76,,,0.43625850677490235,,0.2,,0.20152366161346436,,0.2498829960823059,,3920,0.0002,,0.0690625,,-0.3510937687754631,-0.002549732746556401,0.0077532814,,,,,,,,,,,,,,,,,,,,,
34,4034560,5,751,5.6785407066345215,294.05,,,0.5261407721042634,,0.2,,0.29633277654647827,,0.32064202427864075,,3925,0.0002,,0.045078125,,-0.3743104034662247,-0.00016514505725353956,0.0043898644,,,,,,,,,,,,,,,,,,,,,
41,4039680,6,746,5.744352340698242,293.08,,,0.5990457189083099,,0.2,,0.30154597759246826,,0.2687206566333771,,3930,0.0002,,0.0516015625,,-0.3569147670269012,-0.0016863094689324497,0.0055239005,,,,,,,,,,,,,,,,,,,,,
48,4044800,7,741,5.646292686462402,296.93,,,0.42905958980321884,,0.2,,0.4734450578689575,,0.2023269683122635,,3935,0.0002,,0.0617578125,,-0.3961940890550613,-0.001186593109741807,0.008049971,,,,,,,,,,,,,,,,,,,,,
55,4049920,8,735,5.6759724617004395,292.94,,,0.5560698303580284,,0.2,,0.29993027448654175,,0.24482867121696472,,3940,0.0002,,0.0539453125,,-0.3567378968000412,-0.0004730360163375735,0.005795666,,,,,,,,,,,,,,,,,,,,,
62,4055040,9,732,5.8715667724609375,287.67,,,0.6161096444725991,,0.2,,0.237931489944458,,0.352152019739151,,3945,0.0002,,0.0526953125,,-0.34312677770853045,-0.0007409212505444884,0.0063777403,,,,,,,,,,,,,,,,,,,,,
70,4060160,10,728,6.021270751953125,281.79,,,0.5726647233963013,,0.2,,0.2573106288909912,,0.23277561366558075,,3950,0.0002,,0.0580078125,,-0.36922791063785554,-0.0011125390650704504,0.008313827,,,,,,,,,,,,,,,,,,,,,
,,,,,,,,0.48928140819072724,,0.2,,0.2731926441192627,,0.16311979293823242,,3955,0.0002,,0.067109375,,-0.35830367743968966,-0.002041264781728387,0.0058037625,0.83,0,93.66644222986159,3,281.24,2.463547574886901,3686400,6.166003032922744,,,,,,,,,,,,,
,,,,,,,,,,,,,,,,,,,,,,,,0.23,1,115.35046207102943,3,377.47,3.5387184107595093,3686400,1.4510673340409994,,,,,,,,,,,,,
,,,,,,,,,,,,,,,,,,,,,,,,,,,3,,,3686400,,0,0.0,6.75,0.83,0.23,0.83,0,157.3,0,0.6,0,0.83,0
4,4065280,1,1063,6.0080246925354,284.06,1,440,,0.015,,11,,0.0002,,3,,,15,,3686400,,,,,,,,,,,,,,,,,,,,,,,,
12,4070400,2,820,6.295757293701172,279.05,,,0.4710590147972107,,0.2,,0.2777221202850342,,0.24094803631305695,,3960,0.0002,,0.052578125,,-0.3624061158299446,-0.0019055983470752835,0.006015912,,,,,,,,,,,,,,,,,,,,,
19,4075520,3,777,6.166412830352783,283.08,,,0.49556497544050215,,0.2,,0.3151850700378418,,0.1852298229932785,,3965,0.0002,,0.0586328125,,-0.3819153568148613,-0.0009583179512992501,0.0038539986,,,,,,,,,,,,,,,,,,,,,
26,4080640,4,763,5.979985237121582,287.26,,,0.4972454857826233,,0.2,,0.20051628351211548,,0.17859768867492676,,3970,0.0002,,0.057890625,,-0.3742975026369095,-0.001180812460370362,0.0074510165,,,,,,,,,,,,,,,,,,,,,
34,4085760,5,752,5.831817150115967,292.44,,,0.46289733052253723,,0.2,,0.27965807914733887,,0.13967281579971313,,3975,0.0002,,0.0655078125,,-0.4024880197644234,-0.0005506680300459266,0.005650057,,,,,,,,,,,,,,,,,,,,,
41,4090880,6,743,5.608403205871582,295.86,,,0.5050747740268707,,0.2,,0.2922338843345642,,0.21470266580581665,,3980,0.0002,,0.0480078125,,-0.37223542511463165,-0.0018322078138589858,0.004852525,,,,,,,,,,,,,,,,,,,,,
49,4096000,7,723,5.470300674438477,300.57,,,0.5592104816436767,,0.2,,0.25709426403045654,,0.2053571194410324,,3985,0.0002,,0.0526953125,,-0.3648055112361908,-0.0011752862576395273,0.0053853723,,,,,,,,,,,,,,,,,,,,,
58,4101120,8,705,5.549807071685791,296.46,,,0.551226122379303,,0.2,,0.20904666185379028,,0.28422918915748596,,3990,0.0002,,0.0614453125,,-0.38856117248535155,-0.0007587678334675729,0.006091459,,,,,,,,,,,,,,,,,,,,,
66,4106240,9,693,5.652932167053223,295.85,,,0.7067349314689636,,0.2,,0.2009391188621521,,0.4019739031791687,,3995,0.0002,,0.062265625,,-0.3863230872154236,-0.0020599422277882695,0.0074320347,,,,,,,,,,,,,,,,,,,,,
74,4111360,10,689,5.496193885803223,303.02,,,0.5591182479262352,,0.2,,0.17894846200942993,,0.2674921751022339,,4000,0.0002,,0.046953125,,-0.37593901842832567,-0.002163515854626894,0.00445555,,,,,,,,,,,,,,,,,,,,,
,,,,,,,,0.46241932556033133,,0.2,,0.2412128448486328,,0.1506623774766922,,4005,0.0002,,0.057578125,,-0.37949166536331175,-0.0011834003310650586,0.00739967,0.78,0,98.04316345365443,3,283.91,2.8046494896529706,3737600,5.85900283664465,,,,,,,,,,,,,
,,,,,,,,,,,,,,,,,,,,,,,,0.1,1,78.8468001887204,3,413.89,2.6973665886392797,3737600,0.10942716028541327,,,,,,,,,,,,,
,,,,,,,,,,,,,,,,,,,,,,,,,,,3,,,3737600,,0,0.0,6.75,0.78,0.1,0.78,0,157.3,0,0.68,0,0.78,0
4,4116480,1,1097,5.339702606201172,308.81,1,440,,0.015,,11,,0.0002,,3,,,15,,3737600,,,,,,,,,,,,,,,,,,,,,,,,
11,4121600,2,855,5.483745574951172,308.73,,,0.47399930939078333,,0.2,,0.21034008264541626,,0.27210721373558044,,4010,0.0002,,0.0643359375,,-0.4110399180650711,-0.00028454290237277745,0.0056075337,,,,,,,,,,,,,,,,,,,,,
19,4126720,3,797,5.723431587219238,302.44,,,0.6660604748129845,,0.2,,0.24823862314224243,,0.2422376424074173,,4015,0.0002,,0.0650390625,,-0.41994242280721666,-0.0023511830158531666,0.0069518546,,,,,,,,,,,,,,,,,,,,,
26,4131840,4,773,5.681074142456055,306.77,,,0.7632928246259689,,0.2,,0.22495192289352417,,0.40569472312927246,,4020,0.0002,,0.0689453125,,-0.3930433791875839,-0.0011599683854728938,0.009148928,,,,,,,,,,,,,,,,,,,,,
33,4136960,5,757,5.636089324951172,304.85,,,0.6283593031764031,,0.2,,0.28015995025634766,,0.3602021336555481,,4025,0.0002,,0.061875,,-0.385461365878582,-0.0009484750265255571,0.005601556,,,,,,,,,,,,,,,,,,,,,
41,4142080,6,745,5.86771297454834,299.51,,,0.5705542439222335,,0.2,,0.39264237880706787,,0.2523428201675415,,4030,0.0002,,0.0480078125,,-0.3559021437168121,-0.0015508637903258204,0.0050871735,,,,,,,,,,,,,,,,,,,,,
48,4147200,7,741,6.047774791717529,289.77,,,0.5404059407114983,,0.2,,0.423273503780365,,0.1355799287557602,,4035,0.0002,,0.0544140625,,-0.3712007620930672,0.00015820049680769443,0.0065405047,,,,,,,,,,,,,,,,,,,,,
55,4152320,8,738,6.370177745819092,275.12,,,0.6119232806563377,,0.2,,0.4108436107635498,,0.35340607166290283,,4040,0.0002,,0.055390625,,-0.36855711847543715,-0.0008432330144569278,0.0072442987,,,,,,,,,,,,,,,,,,,,,
62,4157440,9,735,6.302586555480957,277.87,,,0.5947713601589203,,0.2,,0.453471302986145,,0.21963132917881012,,4045,0.0002,,0.0583203125,,-0.38425286471843717,-0.002867993111722171,0.005934858,,,,,,,,,,,,,,,,,,,,,
70,4162560,10,722,6.120609760284424,281.41,,,0.4775871801376343,,0.2,,0.45213568210601807,,0.19929027557373047,,4050,0.0002,,0.0696484375,,-0.3585444158315659,-0.0012006031721830369,0.005979591,,,,,,,,,,,,,,,,,,,,,
,,,,,,,,0.4562408065795898,,0.2,,0.4407116770744324,,0.18659113347530365,,4055,0.0002,,0.055859375,,-0.402393257021904,-0.000470392988063395,0.0068598776,0.85,0,89.87567190291264,3,272.06,2.4941718398815174,3788800,6.308959770947695,,,,,,,,,,,,,
,,,,,,,,,,,,,,,,,,,,,,,,0.19,1,109.70118504373596,3,387.1,3.3363905095044886,3788800,1.119044186770916,,,,,,,,,,,,,
,,,,,,,,,,,,,,,,,,,,,,,,,,,3,,,3788800,,0,0.0,6.75,0.85,0.19,0.85,0,157.3,0,0.6599999999999999,0,0.85,0
4,4167680,1,1080,6.2070112228393555,278.36,1,440,,0.015,,11,,0.0002,,3,,,15,,3788800,,,,,,,,,,,,,,,,,,,,,,,,
12,4172800,2,825,6.215136528015137,280.69,,,0.5190394940972328,,0.2,,0.3599681854248047,,0.24115683138370514,,4060,0.0002,,0.0616796875,,-0.4013185402750969,0.00019073346629738808,0.006196977,,,,,,,,,,,,,,,,,,,,,
19,4177920,3,779,6.0548415184021,288.89,,,0.5108781042695045,,0.2,,0.31491971015930176,,0.20213986933231354,,4065,0.0002,,0.0613671875,,-0.4097502276301384,-0.00034685755614191296,0.006716647,,,,,,,,,,,,,,,,,,,,,
26,4183040,4,759,6.050782680511475,289.16,,,0.48324215054512026,,0.2,,0.2775091528892517,,0.26476290822029114,,4070,0.0002,,0.059296875,,-0.4181021744012833,-0.0024280698923394082,0.008139156,,,,,,,,,,,,,,,,,,,,,
34,4188160,5,748,5.942393779754639,291.38,,,0.6323390012979507,,0.2,,0.3309704065322876,,0.29639190435409546,,4075,0.0002,,0.06453125,,-0.4100203287601471,-0.0006763677019625903,0.008167872,,,,,,,,,,,,,,,,,,,,,
41,4193280,6,740,5.959407806396484,290.11,,,0.44886387780308723,,0.2,,0.2459813952445984,,0.17565052211284637,,4080,0.0002,,0.0698828125,,-0.38398801237344743,-0.0015545019414275885,0.0072391806,,,,,,,,,,,,,,,,,,,,,
48,4198400,7,732,5.841756820678711,293.2,,,0.5250088396668434,,0.2,,0.26021599769592285,,0.25425174832344055,,4085,0.0002,,0.0758203125,,-0.39599767327308655,-0.00029791878070682285,0.00857819,,,,,,,,,,,,,,,,,,,,,
56,4203520,8,724,5.713235855102539,295.14,,,0.445195357054472,,0.2,,0.1935645341873169,,0.17977088689804077,,4090,0.0002,,0.0750390625,,-0.3755084758996963,0.0011604710668325425,0.0077861054,,,,,,,,,,,,,,,,,,,,,
63,4208640,9,720,5.755253791809082,289.88,,,0.4592955508828163,,0.2,,0.23074030876159668,,0.22798043489456177,,4095,0.0002,,0.0684375,,-0.4142481145262718,-0.002270668693818152,0.009034823,,,,,,,,,,,,,,,,,,,,,
72,4213760,10,706,5.674798965454102,294.11,,,0.6160808989405632,,0.2,,0.1870136857032776,,0.18240955471992493,,4100,0.0002,,0.064140625,,-0.40255354791879655,7.464350201189519e-05,0.005930563,,,,,,,,,,,,,,,,,,,,,
,,,,,,,,0.5674536144733429,,0.2,,0.24611538648605347,,0.22342029213905334,,4105,0.0002,,0.07640625,,-0.41806487768888473,-0.0029946816060692073,0.0062138834,0.8,0,95.93813579593883,3,281.71,2.774019676045098,3840000,5.980832850858569,,,,,,,,,,,,,
,,,,,,,,,,,,,,,,,,,,,,,,0.27,1,121.85764481557979,3,366.12,3.90727865489302,3840000,1.4964862445369362,,,,,,,,,,,,,
,,,,,,,,,,,,,,,,,,,,,,,,,,,3,,,3840000,,0,0.0,6.75,0.8,0.27,0.8,0,157.3,0,0.53,0,0.8,0
4,4218880,1,1037,5.79641580581665,291.02,1,440,,0.015,,11,,0.0002,,3,,,15,,3840000,,,,,,,,,,,,,,,,,,,,,,,,
12,4224000,2,816,5.696681499481201,296.75,,,0.5414679047465324,,0.2,,0.2862316370010376,,0.24376651644706726,,4110,0.0002,,0.0704296875,,-0.41239409655332565,-0.0026784331072121858,0.007546129,,,,,,,,,,,,,,,,,,,,,
19,4229120,3,777,5.777210235595703,291.82,,,0.568780597448349,,0.2,,0.20096909999847412,,0.22461168467998505,,4115,0.0002,,0.057890625,,-0.3786166968941689,-0.0018846356263384223,0.0049425066,,,,,,,,,,,,,,,,,,,,,
27,4234240,4,756,5.973713397979736,287.58,,,0.4756956805288792,,0.2,,0.19685828685760498,,0.17184573411941528,,4120,0.0002,,0.0683984375,,-0.3779535427689552,-0.0029123418871313334,0.0071296506,,,,,,,,,,,,,,,,,,,,,
34,4239360,5,747,5.789869785308838,291.43,,,0.5342849504947662,,0.2,,0.23437130451202393,,0.3334713280200958,,4125,0.0002,,0.0666015625,,-0.39186547696590424,0.0005415829503908754,0.0070209443,,,,,,,,,,,,,,,,,,,,,
41,4244480,6,735,5.841564178466797,283.5,,,0.590028347671032,,0.2,,0.23905229568481445,,0.21082298457622528,,4130,0.0002,,0.0566796875,,-0.37715339243412016,-0.0006313018500804901,0.004961434,,,,,,,,,,,,,,,,,,,,,
49,4249600,7,725,5.877835273742676,285.04,,,0.5564430862665176,,0.2,,0.31571877002716064,,0.2767083942890167,,4135,0.0002,,0.0545703125,,-0.38264236390590667,0.00042721827514469624,0.005134547,,,,,,,,,,,,,,,,,,,,,
56,4254720,8,719,6.069074630737305,281.6,,,0.6517271608114242,,0.2,,0.16867345571517944,,0.38026994466781616,,4140,0.0002,,0.0533203125,,-0.4011864051222801,-0.0007013321947306394,0.005942838,,,,,,,,,,,,,,,,,,,,,
64,4259840,9,719,6.149496555328369,276.1,,,0.5097939792275429,,0.2,,0.3240964412689209,,0.1984947919845581,,4145,0.0002,,0.06359375,,-0.3904169052839279,-0.0020186544209718706,0.0061995382,,,,,,,,,,,,,,,,,,,,,
71,4264960,10,716,6.359002113342285,267.24,,,0.5519063600897789,,0.2,,0.342063844203949,,0.3367108106613159,,4150,0.0002,,0.0590625,,-0.37907500624656676,-0.0019346665497869252,0.0061626965,,,,,,,,,,,,,,,,,,,,,
,,,,,,,,0.5119240298867226,,0.2,,0.4261288046836853,,0.26796576380729675,,4155,0.0002,,0.0483984375,,-0.3862630569934845,0.0005403940915130079,0.0043268474,0.84,0,97.33199422594812,3,269.73,2.467048446272219,3891200,6.287291533726966,,,,,,,,,,,,,
,,,,,,,,,,,,,,,,,,,,,,,,0.27,1,123.21375572556825,3,365.52,3.6920255750935183,3891200,1.8002140762656926,,,,,,,,,,,,,
,,,,,,,,,,,,,,,,,,,,,,,,,,,3,,,3891200,,0,0.0,6.75,0.84,0.27,0.84,0,157.3,0,0.57,0,0.84,0
4,4270080,1,1096,6.331926345825195,272.54,1,440,,0.015,,11,,0.0002,,3,,,15,,3891200,,,,,,,,,,,,,,,,,,,,,,,,
12,4275200,2,849,6.035995960235596,284.11,,,0.47009865403175355,,0.2,,0.41481727361679077,,0.19412262737751007,,4160,0.0002,,0.0714453125,,-0.3852981835603714,0.0018379380973055958,0.011079536,,,,,,,,,,,,,,,,,,,,,
19,4280320,3,802,5.9617743492126465,282.75,,,0.3826216858625412,,0.2,,0.3396506905555725,,0.11613544821739197,,4165,0.0002,,0.0851171875,,-0.3784056761860847,-0.0027293997257947923,0.009844517,,,,,,,,,,,,,,,,,,,,,
26,4285440,4,776,5.899228572845459,283.14,,,0.5522508057951927,,0.2,,0.3268359303474426,,0.22029973566532135,,4170,0.0002,,0.0698046875,,-0.3887158089876175,-0.0011697104759514332,0.006628322,,,,,,,,,,,,,,,,,,,,,
33,4290560,5,760,5.888054847717285,283.47,,,0.5136448216438293,,0.2,,0.23580151796340942,,0.21058669686317444,,4175,0.0002,,0.0544921875,,-0.35058526039123533,-0.0015689876955002546,0.006123136,,,,,,,,,,,,,,,,,,,,,
40,4295680,6,749,5.7631072998046875,284.7,,,0.6515184229612351,,0.2,,0.3123115301132202,,0.3423759639263153,,4180,0.0002,,0.062578125,,-0.35966415554285047,-0.001278345021419227,0.008262471,,,,,,,,,,,,,,,,,,,,,
48,4300800,7,744,6.0060248374938965,273.13,,,0.5918634811043739,,0.2,,0.34814172983169556,,0.3481614589691162,,4185,0.0002,,0.054765625,,-0.35684365570545196,-0.0020486829383298756,0.0071434006,,,,,,,,,,,,,,,,,,,,,
55,4305920,8,737,6.278690814971924,266.77,,,0.5191355663537979,,0.2,,0.41530507802963257,,0.2648223638534546,,4190,0.0002,,0.058984375,,-0.36296279668807985,-0.0012754674768075346,0.008726863,,,,,,,,,,,,,,,,,,,,,
62,4311040,9,735,6.217627048492432,267.93,,,0.5471778774261474,,0.2,,0.4653565287590027,,0.24969615042209625,,4195,0.0002,,0.04890625,,-0.3575341084599495,-0.0010986329149454833,0.0064229174,,,,,,,,,,,,,,,,,,,,,
69,4316160,10,732,6.473587512969971,264.11,,,0.4159031078219414,,0.2,,0.4734575152397156,,0.20720823109149933,,4200,0.0002,,0.0540625,,-0.41423003941774367,0.0008683774899691343,0.0046224855,,,,,,,,,,,,,,,,,,,,,
,,,,,,,,0.5025573664903641,,0.2,,0.5011993646621704,,0.17135849595069885,,4205,0.0002,,0.0525390625,,-0.40291263729333876,-0.0027753033861517905,0.0049376767,0.81,0,96.91609721816083,3,268.01,2.666768721394479,3942400,6.141059855818749,,,,,,,,,,,,,
,,,,,,,,,,,,,,,,,,,,,,,,0.33,1,130.22047880421883,3,349.13,3.868276241084236,3942400,2.335328521579504,,,,,,,,,,,,,
,,,,,,,,,,,,,,,,,,,,,,,,,,,3,,,3942400,,0,0.0,6.75,0.81,0.33,0.81,0,157.3,0,0.48000000000000004,0,0.81,0
4,4321280,1,1097,6.252166748046875,276.15,1,440,,0.015,,11,,0.0002,,3,,,15,,3942400,,,,,,,,,,,,,,,,,,,,,,,,
11,4326400,2,853,6.329179286956787,272.74,,,0.3519643494486809,,0.2,,0.24810433387756348,,0.20984795689582825,,4210,0.0002,,0.060078125,,-0.3899217680096626,0.0011091571161523461,0.0040158317,,,,,,,,,,,,,,,,,,,,,
19,4331520,3,807,6.289647102355957,271.32,,,0.52561454474926,,0.2,,0.3818584084510803,,0.2773813009262085,,4215,0.0002,,0.04953125,,-0.38555711358785627,-0.0019185137189924716,0.0067942874,,,,,,,,,,,,,,,,,,,,,
26,4336640,4,774,6.308292388916016,267.88,,,0.49133106619119643,,0.2,,0.35725927352905273,,0.2541566789150238,,4220,0.0002,,0.0626171875,,-0.3810653832554817,-0.0029724782006815076,0.0045472933,,,,,,,,,,,,,,,,,,,,,
33,4341760,5,762,6.2381696701049805,270.1,,,0.4619724875688553,,0.2,,0.2699267268180847,,0.23739665746688843,,4225,0.0002,,0.0544140625,,-0.37731113135814665,-0.001565534216351807,0.0049321055,,,,,,,,,,,,,,,,,,,,,
40,4346880,6,751,6.081213474273682,276.04,,,0.5746899312734604,,0.2,,0.26010000705718994,,0.2345685064792633,,4230,0.0002,,0.06296875,,-0.3996293017268181,-0.0010947921685874461,0.007302909,,,,,,,,,,,,,,,,,,,,,
48,4352000,7,737,6.0070414543151855,278.57,,,0.40477559715509415,,0.2,,0.2516157627105713,,0.22054874897003174,,4235,0.0002,,0.0604296875,,-0.39538860470056536,-0.0015156360808759929,0.0070583867,,,,,,,,,,,,,,,,,,,,,
56,4357120,8,731,6.07039737701416,276.63,,,0.3923835591971874,,0.2,,0.2599019408226013,,0.2316645085811615,,4240,0.0002,,0.0476171875,,-0.36193970799446107,-0.0012439329037442803,0.0076786317,,,,,,,,,,,,,,,,,,,,,
63,4362240,9,725,6.012697219848633,278.57,,,0.5533813804388046,,0.2,,0.19838327169418335,,0.22019368410110474,,4245,0.0002,,0.063515625,,-0.3906874084472656,-0.0010004112357273698,0.0066871634,,,,,,,,,,,,,,,,,,,,,
70,4367360,10,725,5.949991226196289,278.34,,,0.4665219205617905,,0.2,,0.2750844359397888,,0.1644039899110794,,4250,0.0002,,0.05609375,,-0.4155338308215141,-0.0027894180128350855,0.006469679,,,,,,,,,,,,,,,,,,,,,
,,,,,,,,0.5244990912079811,,0.2,,0.2980777621269226,,0.2111966460943222,,4255,0.0002,,0.0812890625,,-0.4287231650948524,-0.0026697567757219074,0.008383199,0.83,0,91.52268516602865,3,281.41,2.5359347698159693,3993600,6.160019961595535,,,,,,,,,,,,,
,,,,,,,,,,,,,,,,,,,,,,,,0.28,1,124.52693523892734,3,362.68,3.76036831889492,3993600,1.8450278524891472,,,,,,,,,,,,,
,,,,,,,,,,,,,,,,,,,,,,,,,,,3,,,3993600,,0,0.0,6.75,0.83,0.28,0.83,0,157.3,0,0.5499999999999999,0,0.83,0
4,4372480,1,1062,5.752181529998779,281.84,1,440,,0.015,,11,,0.0002,,3,,,15,,3993600,,,,,,,,,,,,,,,,,,,,,,,,
12,4377600,2,840,5.906097412109375,276.39,,,0.4681797358393669,,0.2,,0.30943894386291504,,0.3206664025783539,,4260,0.0002,,0.0560546875,,-0.4185622224211693,-0.001909301127307117,0.006623633,,,,,,,,,,,,,,,,,,,,,
19,4382720,3,792,5.8295817375183105,279.13,,,0.423500120639801,,0.2,,0.2521446943283081,,0.24067215621471405,,4265,0.0002,,0.06265625,,-0.39654676645994186,-0.0021531156403943896,0.006644393,,,,,,,,,,,,,,,,,,,,,
26,4387840,4,770,6.007757186889648,276.5,,,0.42218645542860034,,0.2,,0.2994837164878845,,0.18099793791770935,,4270,0.0002,,0.073671875,,-0.4147368398308754,-0.0012951104948297142,0.007135334,,,,,,,,,,,,,,,,,,,,,
33,4392960,5,755,6.199142932891846,273.95,,,0.5408349898457527,,0.2,,0.3395076394081116,,0.2485007494688034,,4275,0.0002,,0.07046875,,-0.4155449435114861,-0.0020387838827446102,0.0072861807,,,,,,,,,,,,,,,,,,,,,
40,4398080,6,749,5.951905727386475,285.56,,,0.45890753597021106,,0.2,,0.29575181007385254,,0.2131689488887787,,4280,0.0002,,0.0795703125,,-0.4032012981176376,-0.0027304831938818096,0.009244567,,,,,,,,,,,,,,,,,,,,,
48,4403200,7,740,5.9836297035217285,283.15,,,0.5569954898953438,,0.2,,0.3475862145423889,,0.22311964631080627,,4285,0.0002,,0.05421875,,-0.4016386431455612,-0.0010523136612027883,0.0052599036,,,,,,,,,,,,,,,,,,,,,
55,4408320,8,738,6.163949489593506,281.38,,,0.47286436438560486,,0.2,,0.24356961250305176,,0.17731653153896332,,4290,0.0002,,0.070859375,,-0.3737847748398781,-0.0026026593428105115,0.0069128736,,,,,,,,,,,,,,,,,,,,,
62,4413440,9,733,6.188203811645508,277.95,,,0.6027549803256989,,0.2,,0.22884565591812134,,0.23806798458099365,,4295,0.0002,,0.0616796875,,-0.3706253099441528,-0.0006006508972495794,0.0058696973,,,,,,,,,,,,,,,,,,,,,
70,4418560,10,730,6.045029163360596,289.78,,,0.450284191519022,,0.2,,0.20376628637313843,,0.23320548236370087,,4300,0.0002,,0.0665234375,,-0.36230562299489977,-0.002682710224762559,0.0060138158,,,,,,,,,,,,,,,,,,,,,
,,,,,,,,0.5374197895824909,,0.2,,0.21132147312164307,,0.24468256533145905,,4305,0.0002,,0.053671875,,-0.3488445320725441,-0.0007235477725043893,0.0049866214,0.81,0,98.36852901207783,3,294.05,2.6870161838735203,4044800,5.910615888368338,,,,,,,,,,,,,
,,,,,,,,,,,,,,,,,,,,,,,,0.25,1,118.64405758401892,3,371.74,3.6767304093442954,4044800,1.5524967197328805,,,,,,,,,,,,,
,,,,,,,,,,,,,,,,,,,,,,,,,,,3,,,4044800,,0,0.0,6.75,0.81,0.25,0.81,0,157.3,0,0.56,0,0.81,0
4,4423680,1,1055,6.236771106719971,285.27,1,440,,0.015,,11,,0.0002,,3,,,15,,4044800,,,,,,,,,,,,,,,,,,,,,,,,
12,4428800,2,809,6.100865364074707,288.39,,,0.5505197313427925,,0.2,,0.32380759716033936,,0.26934289932250977,,4310,0.0002,,0.0371875,,-0.33761295825243,-0.0022688846802338958,0.0039223908,,,,,,,,,,,,,,,,,,,,,
19,4433920,3,776,6.183905601501465,282.42,,,0.5363298347592353,,0.2,,0.15156906843185425,,0.2093823105096817,,4315,0.0002,,0.046796875,,-0.3526343563199043,-0.00011060429271310568,0.0044112923,,,,,,,,,,,,,,,,,,,,,
26,4439040,4,759,5.977537631988525,283.72,,,0.5794458439946175,,0.2,,0.37840843200683594,,0.225075826048851,,4320,0.0002,,0.0625,,-0.3746814426779747,-0.0006451567122712731,0.008958428,,,,,,,,,,,,,,,,,,,,,
34,4444160,5,737,6.148092269897461,274.3,,,0.4970815458893776,,0.2,,0.383358895778656,,0.21869784593582153,,4325,0.0002,,0.059765625,,-0.3612732294201851,-0.0013690458703786135,0.0053108446,,,,,,,,,,,,,,,,,,,,,
41,4449280,6,731,5.9046549797058105,284.58,,,0.49805549710989,,0.2,,0.239385724067688,,0.18706853687763214,,4330,0.0002,,0.0612109375,,-0.3508672574162483,-0.00052938899025321,0.0077887187,,,,,,,,,,,,,,,,,,,,,
49,4454400,7,728,6.056927680969238,270.72,,,0.5199175730347634,,0.2,,0.16953939199447632,,0.2489459067583084,,4335,0.0002,,0.0855078125,,-0.37524274677038194,-0.00043000985868275166,0.00826641,,,,,,,,,,,,,,,,,,,,,
56,4459520,8,725,6.057985782623291,271.0,,,0.5877604332566261,,0.2,,0.26121413707733154,,0.27204036712646484,,4340,0.0002,,0.0692578125,,-0.3560370835661888,-0.00010060131549835205,0.007924179,,,,,,,,,,,,,,,,,,,,,
63,4464640,9,723,6.143993377685547,270.73,,,0.584314971268177,,0.2,,0.2848915457725525,,0.29173970222473145,,4345,0.0002,,0.0587890625,,-0.3600857162475586,-0.0015362945990636944,0.00867218,,,,,,,,,,,,,,,,,,,,,
70,4469760,10,722,6.330894947052002,267.16,,,0.5829205563664437,,0.2,,0.3086201548576355,,0.2830289304256439,,4350,0.0002,,0.074765625,,-0.3979161974787712,-0.002501705470494926,0.008069755,,,,,,,,,,,,,,,,,,,,,
,,,,,,,,0.5914792197942734,,0.2,,0.3189746141433716,,0.30051472783088684,,4355,0.0002,,0.0490625,,-0.3651358461380005,-0.0005570998787879943,0.0056723175,0.84,0,95.07893773070879,3,268.34,2.4813825334599913,4096000,6.291146077178419,,,,,,,,,,,,,
,,,,,,,,,,,,,,,,,,,,,,,,0.29,1,126.14167075157995,3,359.83,3.644941979976643,4096000,2.119987401328981,,,,,,,,,,,,,
,,,,,,,,,,,,,,,,,,,,,,,,,,,3,,,4096000,,0,0.0,6.75,0.84,0.29,0.84,0,157.3,0,0.55,0,0.84,0
4,4474880,1,1041,6.650837421417236,254.85,1,440,,0.015,,11,,0.0002,,3,,,15,,4096000,,,,,,,,,,,,,,,,,,,,,,,,
12,4480000,2,810,6.621530532836914,258.82,,,0.633998051583767,,0.2,,0.2932800054550171,,0.2820764183998108,,4360,0.0002,,0.07609375,,-0.38386773407459257,-0.003074028198607266,0.009411899,,,,,,,,,,,,,,,,,,,,,
20,4485120,3,765,6.362175941467285,266.06,,,0.5395003977417946,,0.2,,0.37063509225845337,,0.2494681030511856,,4365,0.0002,,0.062421875,,-0.387127194404602,-0.0024329742044210435,0.008092364,,,,,,,,,,,,,,,,,,,,,
27,4490240,4,749,6.661022186279297,253.05,,,0.4450120240449905,,0.2,,0.30573880672454834,,0.16302455961704254,,4370,0.0002,,0.0624609375,,-0.31907361805438994,-0.000381896800827235,0.0074087405,,,,,,,,,,,,,,,,,,,,,
34,4495360,5,738,6.55914306640625,258.5,,,0.6351685604453087,,0.2,,0.35991978645324707,,0.3744978904724121,,4375,0.0002,,0.0667578125,,-0.34622789055109027,-0.000989639973267913,0.0057546836,,,,,,,,,,,,,,,,,,,,,
41,4500480,6,733,6.488181114196777,258.37,,,0.3970372657477856,,0.2,,0.3517691493034363,,0.22246624529361725,,4380,0.0002,,0.0768359375,,-0.3468077194690704,-0.0021158905560150743,0.008999487,,,,,,,,,,,,,,,,,,,,,
49,4505600,7,730,6.640768527984619,251.64,,,0.5574145278334618,,0.2,,0.3026354908943176,,0.29154545068740845,,4385,0.0002,,0.0584765625,,-0.36447058618068695,-0.001224938351660967,0.005149246,,,,,,,,,,,,,,,,,,,,,
56,4510720,8,722,6.8633904457092285,242.86,,,0.4829822874069214,,0.2,,0.4598100781440735,,0.25018927454948425,,4390,0.0002,,0.0663671875,,-0.36668059676885606,-2.2697802633047106e-05,0.006451545,,,,,,,,,,,,,,,,,,,,,
64,4515840,9,717,6.570988178253174,254.94,,,0.4439551678299904,,0.2,,0.420401394367218,,0.21567986905574799,,4395,0.0002,,0.0683984375,,-0.36455998331308365,-0.0014186176983639598,0.009954475,,,,,,,,,,,,,,,,,,,,,
71,4520960,10,713,6.295756816864014,263.67,,,0.37487087860703466,,0.2,,0.37785398960113525,,0.143482968211174,,4400,0.0002,,0.075,,-0.31992912143468855,-0.0018811864079907536,0.007334997,,,,,,,,,,,,,,,,,,,,,
,,,,,,,,0.36836069360375406,,0.2,,0.22105294466018677,,0.13062411546707153,,4405,0.0002,,0.0598828125,,-0.3214999827742577,-0.002478410843759775,0.007178997,0.79,0,101.98839345729493,3,273.26,2.7648083446143867,4147200,5.962626592516899,,,,,,,,,,,,,
,,,,,,,,,,,,,,,,,,,,,,,,0.23,1,119.18495542642954,3,375.08,3.5402523942205955,4147200,1.4472721676900984,,,,,,,,,,,,,
,,,,,,,,,,,,,,,,,,,,,,,,,,,3,,,4147200,,0,0.0,6.75,0.79,0.23,0.79,0,157.3,0,0.56,0,0.79,0
4,4526080,1,1108,6.2010602951049805,263.14,1,440,,0.015,,11,,0.0002,,3,,,15,,4147200,,,,,,,,,,,,,,,,,,,,,,,,
11,4531200,2,859,5.935459613800049,273.87,,,0.45561984688043594,,0.2,,0.3489108085632324,,0.19405369460582733,,4410,0.0002,,0.060078125,,-0.2812754842638969,-0.0019893897231668236,0.0061723227,,,,,,,,,,,,,,,,,,,,,
19,4536320,3,795,5.630717754364014,289.37,,,0.4964063113927841,,0.2,,0.3376805782318115,,0.16550381481647491,,4415,0.0002,,0.044453125,,-0.2882892167568207,-0.0017367787845432759,0.005123752,,,,,,,,,,,,,,,,,,,,,
26,4541440,4,772,5.1657819747924805,306.34,,,0.4369195765256882,,0.2,,0.23309147357940674,,0.18108350038528442,,4420,0.0002,,0.0478515625,,-0.29776653200387954,-0.0012564062559977174,0.006834841,,,,,,,,,,,,,,,,,,,,,
34,4546560,5,751,5.223100185394287,306.09,,,0.32732712805271147,,0.2,,0.2700399160385132,,0.11434285342693329,,4425,0.0002,,0.09265625,,-0.3092209419608116,-0.003967220466583967,0.011153613,,,,,,,,,,,,,,,,,,,,,
41,4551680,6,743,5.137743949890137,308.91,,,0.6169923508167267,,0.2,,0.2083958387374878,,0.19547414779663086,,4430,0.0002,,0.059609375,,-0.304135870039463,-0.0021398167731240393,0.006000058,,,,,,,,,,,,,,,,,,,,,
48,4556800,7,737,5.097537040710449,314.67,,,0.5225016313791275,,0.2,,0.14987462759017944,,0.25091904401779175,,4435,0.0002,,0.0508984375,,-0.2990037882328033,-0.0012487916834652425,0.0067047947,,,,,,,,,,,,,,,,,,,,,
55,4561920,8,734,5.363409042358398,305.07,,,0.5599915656447411,,0.2,,0.1673838496208191,,0.20499493181705475,,4440,0.0002,,0.0603515625,,-0.3149255383014679,-0.00042316423263400794,0.0060163923,,,,,,,,,,,,,,,,,,,,,
63,4567040,9,727,5.866428852081299,286.83,,,0.7253795212507248,,0.2,,0.20719867944717407,,0.3120974600315094,,4445,0.0002,,0.0670703125,,-0.3444713935256004,0.0001428432995453477,0.007851047,,,,,,,,,,,,,,,,,,,,,
70,4572160,10,724,6.0046234130859375,276.17,,,0.7349483859539032,,0.2,,0.18367815017700195,,0.4342477023601532,,4450,0.0002,,0.0503515625,,-0.33387800604104995,-0.0027972505521029235,0.006770572,,,,,,,,,,,,,,,,,,,,,
,,,,,,,,0.5866375076770782,,0.2,,0.2693380117416382,,0.35497209429740906,,4455,0.0002,,0.063515625,,-0.3327797755599022,0.0014205453544855117,0.00858682,0.9,0,92.81192595782075,3,263.92,2.133057061414679,4198400,6.606556597352028,,,,,,,,,,,,,
,,,,,,,,,,,,,,,,,,,,,,,,0.25,1,119.85641242753765,3,370.98,3.7213466561909407,4198400,1.4771368699520826,,,,,,,,,,,,,
,,,,,,,,,,,,,,,,,,,,,,,,,,,3,,,4198400,,0,0.0,6.75,0.9,0.25,0.9,0,157.3,0,0.65,0,0.9,0
4,4577280,1,1075,6.1720781326293945,267.66,1,440,,0.015,,11,,0.0002,,3,,,15,,4198400,,,,,,,,,,,,,,,,,,,,,,,,
12,4582400,2,838,6.330745697021484,260.41,,,0.622214350104332,,0.2,,0.25913918018341064,,0.266141802072525,,4460,0.0002,,0.04515625,,-0.31674660176038744,-0.0011605012835934757,0.0060821706,,,,,,,,,,,,,,,,,,,,,
19,4587520,3,785,6.300076961517334,263.31,,,0.55637272387743,,0.2,,0.26437026262283325,,0.2782896161079407,,4465,0.0002,,0.0468359375,,-0.3289814040064812,3.710915334522724e-05,0.00423341,,,,,,,,,,,,,,,,,,,,,
26,4592640,4,763,6.061494827270508,272.76,,,0.5250709223747253,,0.2,,0.27115583419799805,,0.33423468470573425,,4470,0.0002,,0.0538671875,,-0.35846934258937835,-0.0011600556178018452,0.005583999,,,,,,,,,,,,,,,,,,,,,
34,4597760,5,751,6.024496078491211,278.85,,,0.5775959792733193,,0.2,,0.2648284435272217,,0.18301230669021606,,4475,0.0002,,0.048984375,,-0.33818834960460664,-0.001738318782299757,0.0060717547,,,,,,,,,,,,,,,,,,,,,
41,4602880,6,743,5.961599349975586,288.13,,,0.6152724942564964,,0.2,,0.3545789122581482,,0.21940545737743378,,4480,0.0002,,0.056953125,,-0.33887438118457797,-0.0028563018655404448,0.006375863,,,,,,,,,,,,,,,,,,,,,
48,4608000,7,739,6.029510498046875,285.42,,,0.5019895887374878,,0.2,,0.22155654430389404,,0.16772766411304474,,4485,0.0002,,0.065390625,,-0.33007565796375277,0.0006920239888131618,0.0061737625,,,,,,,,,,,,,,,,,,,,,
55,4613120,8,737,5.955819129943848,289.98,,,0.5478862768411636,,0.2,,0.24685490131378174,,0.199034184217453,,4490,0.0002,,0.061875,,-0.3435971489548683,-0.0018186092050746082,0.006472347,,,,,,,,,,,,,,,,,,,,,
62,4618240,9,734,5.983499526977539,286.32,,,0.4406198813021183,,0.2,,0.28588664531707764,,0.1997540444135666,,4495,0.0002,,0.05203125,,-0.3521445620059967,-0.0006085551343858242,0.0052797273,,,,,,,,,,,,,,,,,,,,,
70,4623360,10,730,5.893336772918701,288.35,,,0.6013132372498512,,0.2,,0.25706446170806885,,0.24760745465755463,,4500,0.0002,,0.077890625,,-0.33812961131334307,-0.0016757200681604444,0.007622498,,,,,,,,,,,,,,,,,,,,,
,,,,,,,,0.5122002917528152,,0.2,,0.28265440464019775,,0.2843189835548401,,4505,0.0002,,0.0476171875,,-0.33071817219257355,-0.00017554022138938308,0.0063133575,0.8,0,99.62088937567262,3,283.72,2.7441869851410234,4249600,5.947018929608166,,,,,,,,,,,,,
,,,,,,,,,,,,,,,,,,,,,,,,0.12,1,88.30644993430549,3,407.47,2.8342190151050395,4249600,0.5156092100217938,,,,,,,,,,,,,
,,,,,,,,,,,,,,,,,,,,,,,,,,,3,,,4249600,,0,0.0,6.75,0.8,0.12,0.8,0,157.3,0,0.68,0,0.8,0
4,4628480,1,1086,5.920504093170166,284.67,1,440,,0.015,,11,,0.0002,,3,,,15,,4249600,,,,,,,,,,,,,,,,,,,,,,,,
11,4633600,2,853,5.894842147827148,282.63,,,0.643496778011322,,0.2,,0.2967612147331238,,0.35358139872550964,,4510,0.0002,,0.0485546875,,-0.3149681428074837,0.0006077695754356683,0.0054837307,,,,,,,,,,,,,,,,,,,,,
19,4638720,3,805,6.272058486938477,274.74,,,0.5247640800476074,,0.2,,0.3432309031486511,,0.2782672941684723,,4515,0.0002,,0.055390625,,-0.3593087136745453,-0.0014309267001226544,0.005560338,,,,,,,,,,,,,,,,,,,,,
26,4643840,4,773,6.399609565734863,269.51,,,0.6376719301939011,,0.2,,0.331917405128479,,0.2647351622581482,,4520,0.0002,,0.048125,,-0.37031328231096267,-0.001825864794664085,0.004926612,,,,,,,,,,,,,,,,,,,,,
34,4648960,5,747,6.503652572631836,269.52,,,0.5976299047470093,,0.2,,0.31387364864349365,,0.2588367760181427,,4525,0.0002,,0.0499609375,,-0.3636848467588425,-0.0020843117078766225,0.0051899217,,,,,,,,,,,,,,,,,,,,,
41,4654080,6,735,6.645137786865234,265.96,,,0.5765049606561661,,0.2,,0.3504101037979126,,0.27015215158462524,,4530,0.0002,,0.0575390625,,-0.3864389184117317,0.0004931894224137068,0.0050568776,,,,,,,,,,,,,,,,,,,,,
49,4659200,7,731,6.659337043762207,266.37,,,0.49091068595647813,,0.2,,0.3779227137565613,,0.2389218807220459,,4535,0.0002,,0.051328125,,-0.4122250688076019,-0.001916815647855401,0.004654748,,,,,,,,,,,,,,,,,,,,,
56,4664320,8,723,6.585643291473389,270.76,,,0.46356733828783037,,0.2,,0.40057188272476196,,0.2606341242790222,,4540,0.0002,,0.0618359375,,-0.4304831421375275,-0.0015821336233057082,0.0073740394,,,,,,,,,,,,,,,,,,,,,
63,4669440,9,722,6.56637716293335,267.45,,,0.5221817725896836,,0.2,,0.36844611167907715,,0.27725130319595337,,4545,0.0002,,0.0543359375,,-0.40898450404405595,-0.001839290913194418,0.0046810745,,,,,,,,,,,,,,,,,,,,,
71,4674560,10,717,6.133276462554932,283.47,,,0.458303838968277,,0.2,,0.40562814474105835,,0.2566336393356323,,4550,0.0002,,0.05109375,,-0.4730624586343765,-0.0010868058912456035,0.0066331825,,,,,,,,,,,,,,,,,,,,,
,,,,,,,,0.40216647312045095,,0.2,,0.22944629192352295,,0.14440788328647614,,4555,0.0002,,0.0505859375,,-0.44517805218696593,-0.00042054536286741497,0.0052013206,0.79,0,94.68894919683078,3,293.23,2.78352367976402,4300800,5.873553579077124,,,,,,,,,,,,,
,,,,,,,,,,,,,,,,,,,,,,,,0.17,1,102.02115662939721,3,393.94,3.36189236208486,4300800,0.6565418091788888,,,,,,,,,,,,,
,,,,,,,,,,,,,,,,,,,,,,,,,,,3,,,4300800,,0,0.0,6.75,0.79,0.17,0.79,0,157.3,0,0.62,0,0.79,0
4,4679680,1,1039,6.120546340942383,286.0,1,440,,0.015,,11,,0.0002,,3,,,15,,4300800,,,,,,,,,,,,,,,,,,,,,,,,
12,4684800,2,823,5.857561111450195,293.42,,,0.4121540775895119,,0.2,,0.33647769689559937,,0.2114037275314331,,4560,0.0002,,0.067734375,,-0.4845557376742363,-0.0007223118748515844,0.005705394,,,,,,,,,,,,,,,,,,,,,
19,4689920,3,779,5.9202117919921875,291.72,,,0.38976328164339064,,0.2,,0.2641381621360779,,0.22548897564411163,,4565,0.0002,,0.0537890625,,-0.4376151114702225,-0.0011014982219785452,0.0062732296,,,,,,,,,,,,,,,,,,,,,
27,4695040,4,755,5.707952499389648,293.85,,,0.4905152443051338,,0.2,,0.31024736166000366,,0.1671120673418045,,4570,0.0002,,0.0631640625,,-0.4651059749722481,-0.0010569612542167305,0.005972387,,,,,,,,,,,,,,,,,,,,,
34,4700160,5,741,5.741408824920654,293.98,,,0.47244420617818833,,0.2,,0.34093475341796875,,0.24730192124843597,,4575,0.0002,,0.076875,,-0.46680425852537155,-0.002240185998380184,0.0074666194,,,,,,,,,,,,,,,,,,,,,
41,4705280,6,735,5.9727559089660645,282.76,,,0.5874763560295105,,0.2,,0.3624836206436157,,0.30104732513427734,,4580,0.0002,,0.064140625,,-0.43346274495124815,-0.002540457267314196,0.0070065022,,,,,,,,,,,,,,,,,,,,,
48,4710400,7,733,6.115599155426025,277.49,,,0.5939356961846352,,0.2,,0.44021397829055786,,0.27472564578056335,,4585,0.0002,,0.0576953125,,-0.44334023833274844,-0.001683169431053102,0.005804519,,,,,,,,,,,,,,,,,,,,,
56,4715520,8,728,6.223024368286133,276.05,,,0.5122236487269402,,0.2,,0.47421860694885254,,0.29718488454818726,,4590,0.0002,,0.0740234375,,-0.4941834455728531,-0.0007382069807499647,0.008584355,,,,,,,,,,,,,,,,,,,,,
63,4720640,9,726,6.388309955596924,271.44,,,0.4730855941772461,,0.2,,0.5334125757217407,,0.24111032485961914,,4595,0.0002,,0.055390625,,-0.4790379321575165,-0.002994474971201271,0.0046117245,,,,,,,,,,,,,,,,,,,,,
70,4725760,10,724,6.3218865394592285,280.16,,,0.42728151351213456,,0.2,,0.5131596326828003,,0.1557750403881073,,4600,0.0002,,0.049375,,-0.44673650473356247,-0.0015565277403220535,0.0046658358,,,,,,,,,,,,,,,,,,,,,
,,,,,,,,0.459353609085083,,0.2,,0.5364763140678406,,0.1999477595090866,,4605,0.0002,,0.0565234375,,-0.4082113808393478,-0.0017937516840174795,0.004442642,0.88,0,88.38204512229845,3,280.71,2.273000716764901,4352000,6.418456642627716,,,,,,,,,,,,,
,,,,,,,,,,,,,,,,,,,,,,,,0.26,1,116.6814706797956,3,371.12,3.7875813195189423,4352000,1.5486542627960445,,,,,,,,,,,,,
,,,,,,,,,,,,,,,,,,,,,,,,,,,3,,,4352000,,0,0.0,6.75,0.88,0.26,0.88,0,157.3,0,0.62,0,0.88,0
4,4730880,1,1087,6.333289623260498,281.32,1,440,,0.015,,11,,0.0002,,3,,,15,,4352000,,,,,,,,,,,,,,,,,,,,,,,,
12,4736000,2,849,6.276309013366699,281.28,,,0.4704970222711563,,0.2,,0.4220699071884155,,0.2219657599925995,,4610,0.0002,,0.07265625,,-0.3972138231992722,-2.2544488310813903e-05,0.008315734,,,,,,,,,,,,,,,,,,,,,
19,4741120,3,790,6.45820426940918,279.18,,,0.46946529537439347,,0.2,,0.44413381814956665,,0.19031620025634766,,4615,0.0002,,0.0596484375,,-0.36979726135730745,-0.0026400242280215027,0.006932229,,,,,,,,,,,,,,,,,,,,,
26,4746240,4,760,6.297832489013672,280.41,,,0.5148233181238174,,0.2,,0.4715157747268677,,0.2522088289260864,,4620,0.0002,,0.067265625,,-0.3740603113174438,0.00026878239121288063,0.0067796023,,,,,,,,,,,,,,,,,,,,,
34,4751360,5,748,6.3830461502075195,277.12,,,0.4604754862189293,,0.2,,0.45283448696136475,,0.2297244518995285,,4625,0.0002,,0.0660546875,,-0.37825664967298506,0.0015333246812224389,0.0068018474,,,,,,,,,,,,,,,,,,,,,
41,4756480,6,742,6.1549224853515625,280.76,,,0.47846765428781507,,0.2,,0.47360724210739136,,0.2540254592895508,,4630,0.0002,,0.0368359375,,-0.3697066333889961,-0.0017334864707663656,0.003058436,,,,,,,,,,,,,,,,,,,,,
48,4761600,7,738,6.2962117195129395,282.42,,,0.40524537056684495,,0.2,,0.3629683256149292,,0.2431798130273819,,4635,0.0002,,0.064375,,-0.3384266871213913,-0.00334905993193388,0.00667177,,,,,,,,,,,,,,,,,,,,,
55,4766720,8,735,6.032217025756836,288.13,,,0.4227603742480278,,0.2,,0.18583673238754272,,0.2253120392560959,,4640,0.0002,,0.064296875,,-0.3514506974816322,0.0006073525175452233,0.0056078364,,,,,,,,,,,,,,,,,,,,,
62,4771840,9,732,5.8930816650390625,291.92,,,0.39334646046161653,,0.2,,0.24322295188903809,,0.0958520695567131,,4645,0.0002,,0.05765625,,-0.3526580408215523,-0.002330593611113727,0.0063459566,,,,,,,,,,,,,,,,,,,,,
70,4776960,10,730,5.796397686004639,295.89,,,0.5271238309144973,,0.2,,0.2509778141975403,,0.19080951809883118,,4650,0.0002,,0.0403515625,,-0.3853918558359146,-0.00014282457530498505,0.003615008,,,,,,,,,,,,,,,,,,,,,
,,,,,,,,0.4733374533057213,,0.2,,0.23050695657730103,,0.2376519739627838,,4655,0.0002,,0.0622265625,,-0.37974550664424894,-0.0011409348389133812,0.005608726,0.79,0,98.79411723377055,3,290.68,2.7747592283003906,4403200,5.8717555019259455,,,,,,,,,,,,,
,,,,,,,,,,,,,,,,,,,,,,,,0.3,1,124.96965191597516,3,358.69,3.679954225669778,4403200,2.187622312158346,,,,,,,,,,,,,
,,,,,,,,,,,,,,,,,,,,,,,,,,,3,,,4403200,,0,0.0,6.75,0.79,0.3,0.79,0,157.3,0,0.49000000000000005,0,0.79,0
4,4782080,1,1127,5.7342658042907715,295.92,1,440,,0.015,,11,,0.0002,,3,,,15,,4403200,,,,,,,,,,,,,,,,,,,,,,,,
12,4787200,2,850,5.804910182952881,292.58,,,0.5582671582698822,,0.2,,0.3268623948097229,,0.22205618023872375,,4660,0.0002,,0.057421875,,-0.3745757567882538,-0.0007463277457281947,0.0060588834,,,,,,,,,,,,,,,,,,,,,
19,4792320,3,795,5.886660099029541,289.01,,,0.5269103163480758,,0.2,,0.3606603741645813,,0.2779403328895569,,4665,0.0002,,0.046640625,,-0.3806295672059059,-0.0019084937777370215,0.0061350223,,,,,,,,,,,,,,,,,,,,,
26,4797440,4,773,6.0251240730285645,287.18,,,0.417326842546463,,0.2,,0.3790590763092041,,0.1997319608926773,,4670,0.0002,,0.0541796875,,-0.35830543756484984,-0.00015092453453689812,0.0077834697,,,,,,,,,,,,,,,,,,,,,
33,4802560,5,761,6.033490180969238,286.87,,,0.4562155506014824,,0.2,,0.3243066668510437,,0.23865891993045807,,4675,0.0002,,0.05390625,,-0.3586491832137108,-0.0011953241005539894,0.0040445146,,,,,,,,,,,,,,,,,,,,,
40,4807680,6,750,5.9409098625183105,284.63,,,0.47344454064965247,,0.2,,0.27572178840637207,,0.2137155532836914,,4680,0.0002,,0.06171875,,-0.3778199604153633,-0.0019845799030736087,0.0069825863,,,,,,,,,,,,,,,,,,,,,
48,4812800,7,742,5.783268451690674,291.26,,,0.5754662400484085,,0.2,,0.3735659718513489,,0.2869183123111725,,4685,0.0002,,0.0651171875,,-0.3924876987934113,-0.0018312455061823129,0.004323864,,,,,,,,,,,,,,,,,,,,,
55,4817920,8,739,5.87337589263916,286.54,,,0.48396230667829515,,0.2,,0.3033730387687683,,0.22407709062099457,,4690,0.0002,,0.0650390625,,-0.38651700913906095,-0.002735729468986392,0.005901073,,,,,,,,,,,,,,,,,,,,,
62,4823040,9,732,5.910516262054443,280.87,,,0.512973618209362,,0.2,,0.3544280529022217,,0.18176761269569397,,4695,0.0002,,0.0658203125,,-0.39196145892143247,-0.0017532579554244876,0.0052136546,,,,,,,,,,,,,,,,,,,,,
70,4828160,10,728,6.04071044921875,276.39,,,0.5373765262961387,,0.2,,0.2794160842895508,,0.2848682999610901,,4700,0.0002,,0.0726171875,,-0.43064760327339174,-0.0007407773612067103,0.0071334736,,,,,,,,,,,,,,,,,,,,,
,,,,,,,,0.4965211692452431,,0.2,,0.35323941707611084,,0.21512621641159058,,4705,0.0002,,0.0403125,,-0.40952193140983584,-0.000714058126322925,0.005372352,0.84,0,89.47271315881731,3,276.44,2.517719517342089,4454400,6.244945868849754,,,,,,,,,,,,,
,,,,,,,,,,,,,,,,,,,,,,,,0.2,1,106.26802153046793,3,387.26,3.483287949383481,4454400,1.0107877587527037,,,,,,,,,,,,,
,,,,,,,,,,,,,,,,,,,,,,,,,,,3,,,4454400,,0,0.0,6.75,0.84,0.2,0.84,0,157.3,0,0.6399999999999999,0,0.84,0
4,4833280,1,1079,6.2554240226745605,277.1,1,440,,0.015,,11,,0.0002,,3,,,15,,4454400,,,,,,,,,,,,,,,,,,,,,,,,
12,4838400,2,842,6.230727672576904,280.51,,,0.5450554555654525,,0.2,,0.3902971148490906,,0.24667251110076904,,4710,0.0002,,0.0496875,,-0.43855916529893874,-0.0013923859549686312,0.0046376213,,,,,,,,,,,,,,,,,,,,,
19,4843520,3,790,6.399880886077881,278.09,,,0.40512808695435526,,0.2,,0.43579334020614624,,0.1866193413734436,,4715,0.0002,,0.05015625,,-0.43111331909894945,-0.00011421697214245796,0.0057589645,,,,,,,,,,,,,,,,,,,,,
26,4848640,4,769,6.503312587738037,278.76,,,0.4791307434439659,,0.2,,0.3463779091835022,,0.24343498051166534,,4720,0.0002,,0.0714453125,,-0.4043174985051155,-0.004619229123927653,0.009383256,,,,,,,,,,,,,,,,,,,,,
34,4853760,5,752,6.153499603271484,285.44,,,0.5340929341316223,,0.2,,0.41551631689071655,,0.254502534866333,,4725,0.0002,,0.0976953125,,-0.416456543803215,-0.0023553819954395296,0.010331318,,,,,,,,,,,,,,,,,,,,,
41,4858880,6,738,5.998867034912109,293.41,,,0.3280343918502331,,0.2,,0.27779847383499146,,0.12510907649993896,,4730,0.0002,,0.0687109375,,-0.38056232571601867,-0.0011559942504391074,0.009755565,,,,,,,,,,,,,,,,,,,,,
48,4864000,7,735,5.7771477699279785,296.32,,,0.40637205719947816,,0.2,,0.22614705562591553,,0.23494133353233337,,4735,0.0002,,0.085546875,,-0.37938267946243287,-0.0013499952526763081,0.010244717,,,,,,,,,,,,,,,,,,,,,
56,4869120,8,730,5.741003036499023,294.42,,,0.5400729489326477,,0.2,,0.26570695638656616,,0.2077382504940033,,4740,0.0002,,0.06734375,,-0.39063026547431945,0.00024535834789276125,0.0073307008,,,,,,,,,,,,,,,,,,,,,
63,4874240,9,722,5.644178867340088,295.63,,,0.5486366757750512,,0.2,,0.2759925127029419,,0.3085664212703705,,4745,0.0002,,0.0651171875,,-0.3746333947777748,-0.0010103969881311058,0.0060985414,,,,,,,,,,,,,,,,,,,,,
71,4879360,10,713,5.23087215423584,306.17,,,0.4500725099444389,,0.2,,0.21009397506713867,,0.2035304456949234,,4750,0.0002,,0.06265625,,-0.3755649358034134,-0.0011410678923130036,0.005985207,,,,,,,,,,,,,,,,,,,,,
,,,,,,,,0.5035170018672943,,0.2,,0.290002703666687,,0.22112733125686646,,4755,0.0002,,0.0609765625,,-0.3846717104315758,-0.002483526240102947,0.0067171766,0.71,0,104.69636287856422,3,304.54,3.051066445615077,4505600,5.351262813955546,,,,,,,,,,,,,
,,,,,,,,,,,,,,,,,,,,,,,,0.25,1,115.15288750179042,3,373.85,3.6418989075802775,4505600,1.5784455817192793,,,,,,,,,,,,,
,,,,,,,,,,,,,,,,,,,,,,,,,,,3,,,4505600,,0,0.0,6.75,0.71,0.25,0.71,0,157.3,0,0.45999999999999996,0,0.71,0
5,4884480,1,898,5.571533203125,293.45,1,440,,0.015,,11,,0.0002,,3,,,15,,4505600,,,,,,,,,,,,,,,,,,,,,,,,
13,4889600,2,772,5.7664618492126465,287.31,,,0.6922168433666229,,0.2,,0.2540990114212036,,0.27543920278549194,,4760,0.0002,,0.0591015625,,-0.36120126813650133,-0.0014463843777775764,0.0058769383,,,,,,,,,,,,,,,,,,,,,
19,4894720,3,778,5.627418041229248,289.57,,,0.5468828430771828,,0.2,,0.19013065099716187,,0.28921523690223694,,4765,0.0002,,0.0533203125,,-0.3568576055765152,-0.002368274051696062,0.006323953,,,,,,,,,,,,,,,,,,,,,
26,4899840,4,777,5.856489181518555,286.0,,,0.5642406082153321,,0.2,,0.21297121047973633,,0.3307550847530365,,4770,0.0002,,0.0551953125,,-0.3843451327085495,-0.0003798167826607823,0.004725789,,,,,,,,,,,,,,,,,,,,,
32,4904960,5,779,6.276040077209473,272.46,,,0.5623185393214226,,0.2,,0.2790291905403137,,0.2871275544166565,,4775,0.0002,,0.06234375,,-0.36621338695287703,-0.0010223835636861622,0.0056901015,,,,,,,,,,,,,,,,,,,,,
